=== ALU UNIT TEST REPORT ===
PASS | Op: XOR A: 0x3524 B: 0x5e81 -> Res=0x6ba5 Z=0
PASS | Op: AND A: 0x5663 B: 0x7b0d -> Res=0x5201 Z=0
PASS | Op: SUB A: 0x8465 B: 0x5212 -> Res=0x3253 Z=0
PASS | Op: AND A: 0xcd0d B: 0xf176 -> Res=0xc104 Z=0
PASS | Op: XOR A: 0x57ed B: 0xf78c -> Res=0xa061 Z=0
PASS | Op: XOR A: 0x24c6 B: 0x84c5 -> Res=0xa003 Z=0
PASS | Op: XOR A: 0x7ae8 B: 0x4ec5 -> Res=0x342d Z=0
PASS | Op: ADD A: 0x2120 B: 0x45aa -> Res=0x66ca Z=0
PASS | Op: ADD A: 0x3e96 B: 0xb813 -> Res=0xf6a9 Z=0
PASS | Op: SUB A: 0x4a02 B: 0x3eae -> Res=0xb54 Z=0
PASS | Op: ADD A: 0x72cf B: 0x4923 -> Res=0xbbf2 Z=0
PASS | Op: SUB A: 0xaca B: 0x4c3c -> Res=0xbe8e Z=0
PASS | Op: AND A: 0xf378 B: 0x1289 -> Res=0x1208 Z=0
PASS | Op: SUB A: 0x65b6 B: 0xf9c6 -> Res=0x6bf0 Z=0
PASS | Op: ADD A: 0xbe71 B: 0x4185 -> Res=0xfff6 Z=0
PASS | Op: XOR A: 0x603b B: 0x333a -> Res=0x5301 Z=0
PASS | Op: SUB A: 0x4b15 B: 0x9bf1 -> Res=0xaf24 Z=0
PASS | Op: XOR A: 0x762 B: 0xfb4c -> Res=0xfc2e Z=0
PASS | Op: XOR A: 0x3789 B: 0x3249 -> Res=0x5c0 Z=0
PASS | Op: ADD A: 0xc0d7 B: 0xfc51 -> Res=0xbd28 Z=0
PASS | Op: XOR A: 0x7f0c B: 0xcec2 -> Res=0xb1ce Z=0
PASS | Op: OR A: 0x5a77 B: 0xed3d -> Res=0xff7f Z=0
PASS | Op: OR A: 0x7e B: 0x816d -> Res=0x817f Z=0
PASS | Op: OR A: 0x8f1f B: 0xf6d3 -> Res=0xffdf Z=0
PASS | Op: OR A: 0x8878 B: 0x595b -> Res=0xd97b Z=0
PASS | Op: AND A: 0xae3f B: 0xaf2a -> Res=0xae2a Z=0
PASS | Op: ADD A: 0x3886 B: 0xc8e -> Res=0x4514 Z=0
PASS | Op: ADD A: 0x99fa B: 0xbc26 -> Res=0x5620 Z=0
PASS | Op: XOR A: 0xb4a3 B: 0xa82f -> Res=0x1c8c Z=0
PASS | Op: SUB A: 0x565f B: 0xd44 -> Res=0x491b Z=0
PASS | Op: XOR A: 0x36cb B: 0x1ae6 -> Res=0x2c2d Z=0
PASS | Op: ADD A: 0xc129 B: 0xe2ed -> Res=0xa416 Z=0
PASS | Op: XOR A: 0xb2a B: 0xadab -> Res=0xa681 Z=0
PASS | Op: SUB A: 0x2c3 B: 0xed56 -> Res=0x156d Z=0
PASS | Op: XOR A: 0x7667 B: 0x340a -> Res=0x426d Z=0
PASS | Op: ADD A: 0xbf94 B: 0x5d93 -> Res=0x1d27 Z=0
PASS | Op: XOR A: 0xca59 B: 0x69db -> Res=0xa382 Z=0
PASS | Op: OR A: 0x49ca B: 0x2db6 -> Res=0x6dfe Z=0
PASS | Op: AND A: 0x1a46 B: 0x9b04 -> Res=0x1a04 Z=0
PASS | Op: SUB A: 0x769 B: 0xbab4 -> Res=0x4cb5 Z=0
PASS | Op: ADD A: 0xd928 B: 0x42d -> Res=0xdd55 Z=0
PASS | Op: SUB A: 0x9c2e B: 0xe408 -> Res=0xb826 Z=0
PASS | Op: AND A: 0x99ba B: 0xb35e -> Res=0x911a Z=0
PASS | Op: OR A: 0x6137 B: 0x3796 -> Res=0x77b7 Z=0
PASS | Op: SUB A: 0x9f26 B: 0x1ab6 -> Res=0x8470 Z=0
PASS | Op: OR A: 0xfdc B: 0x5786 -> Res=0x5fde Z=0
PASS | Op: ADD A: 0x917 B: 0x78a1 -> Res=0x81b8 Z=0
PASS | Op: ADD A: 0xb498 B: 0x7b4b -> Res=0x2fe3 Z=0
PASS | Op: XOR A: 0xe6ec B: 0x168a -> Res=0xf066 Z=0
PASS | Op: ADD A: 0x80a8 B: 0xfda9 -> Res=0x7e51 Z=0
PASS | Op: XOR A: 0xb90e B: 0x66e6 -> Res=0xdfe8 Z=0
PASS | Op: OR A: 0xe3c8 B: 0x45ca -> Res=0xe7ca Z=0
PASS | Op: ADD A: 0xc96b B: 0xaec7 -> Res=0x7832 Z=0
PASS | Op: SUB A: 0x9dba B: 0xabc4 -> Res=0xf1f6 Z=0
PASS | Op: SUB A: 0xd392 B: 0x9ab4 -> Res=0x38de Z=0
PASS | Op: AND A: 0x2132 B: 0x5ebd -> Res=0x30 Z=0
PASS | Op: AND A: 0xa4e4 B: 0xcfca -> Res=0x84c0 Z=0
PASS | Op: AND A: 0x1e0b B: 0x90ef -> Res=0x100b Z=0
PASS | Op: XOR A: 0xbf6b B: 0xe788 -> Res=0x58e3 Z=0
PASS | Op: SUB A: 0x819b B: 0x4592 -> Res=0x3c09 Z=0
PASS | Op: OR A: 0xf61e B: 0x50d -> Res=0xf71f Z=0
PASS | Op: SUB A: 0x2441 B: 0x643b -> Res=0xc006 Z=0
PASS | Op: AND A: 0xfae2 B: 0xe204 -> Res=0xe200 Z=0
PASS | Op: ADD A: 0x1239 B: 0xb6e5 -> Res=0xc91e Z=0
PASS | Op: ADD A: 0xf2b B: 0x5d81 -> Res=0x6cac Z=0
PASS | Op: AND A: 0x2b2b B: 0x1bf5 -> Res=0xb21 Z=0
PASS | Op: ADD A: 0xa6e7 B: 0x90b9 -> Res=0x37a0 Z=0
PASS | Op: XOR A: 0xbbdb B: 0xfc9 -> Res=0xb412 Z=0
PASS | Op: SUB A: 0x5ea1 B: 0xdd2a -> Res=0x8177 Z=0
PASS | Op: XOR A: 0x2045 B: 0x583 -> Res=0x25c6 Z=0
PASS | Op: ADD A: 0x1472 B: 0x3cfe -> Res=0x5170 Z=0
PASS | Op: OR A: 0xaa6f B: 0xd86 -> Res=0xafef Z=0
PASS | Op: AND A: 0xa9f6 B: 0x1ac5 -> Res=0x8c4 Z=0
PASS | Op: XOR A: 0x873c B: 0x932a -> Res=0x1416 Z=0
PASS | Op: AND A: 0x3515 B: 0x4ee1 -> Res=0x401 Z=0
PASS | Op: XOR A: 0xee43 B: 0xe3c9 -> Res=0xd8a Z=0
PASS | Op: ADD A: 0xe25a B: 0x2707 -> Res=0x961 Z=0
PASS | Op: ADD A: 0xe5b6 B: 0xc2f7 -> Res=0xa8ad Z=0
PASS | Op: ADD A: 0x585c B: 0xf755 -> Res=0x4fb1 Z=0
PASS | Op: SUB A: 0xf5dd B: 0xf00d -> Res=0x5d0 Z=0
PASS | Op: XOR A: 0x4279 B: 0xda9e -> Res=0x98e7 Z=0
PASS | Op: ADD A: 0xd27b B: 0x738f -> Res=0x460a Z=0
PASS | Op: ADD A: 0x29e3 B: 0x431d -> Res=0x6d00 Z=0
PASS | Op: OR A: 0x78ed B: 0x1552 -> Res=0x7dff Z=0
PASS | Op: XOR A: 0xb78d B: 0xc452 -> Res=0x73df Z=0
PASS | Op: OR A: 0xfd46 B: 0x928c -> Res=0xffce Z=0
PASS | Op: OR A: 0xc117 B: 0x616a -> Res=0xe17f Z=0
PASS | Op: ADD A: 0xbcaa B: 0xf7c -> Res=0xcc26 Z=0
PASS | Op: XOR A: 0x7c49 B: 0xb014 -> Res=0xcc5d Z=0
PASS | Op: AND A: 0x34b B: 0x305c -> Res=0x48 Z=0
PASS | Op: ADD A: 0x9786 B: 0x7a39 -> Res=0x11bf Z=0
PASS | Op: OR A: 0xe5d0 B: 0x502c -> Res=0xf5fc Z=0
PASS | Op: OR A: 0xb707 B: 0x406a -> Res=0xf76f Z=0
PASS | Op: XOR A: 0xffe8 B: 0x9e4b -> Res=0x61a3 Z=0
PASS | Op: XOR A: 0x5bec B: 0x523 -> Res=0x5ecf Z=0
PASS | Op: XOR A: 0x65c9 B: 0x439 -> Res=0x61f0 Z=0
PASS | Op: ADD A: 0x14d4 B: 0x6567 -> Res=0x7a3b Z=0
PASS | Op: ADD A: 0x25b0 B: 0x3982 -> Res=0x5f32 Z=0
PASS | Op: ADD A: 0x1ad9 B: 0xb720 -> Res=0xd1f9 Z=0
PASS | Op: ADD A: 0x6f93 B: 0x61e3 -> Res=0xd176 Z=0
PASS | Op: AND A: 0xf8c8 B: 0x2e5d -> Res=0x2848 Z=0
PASS | Op: OR A: 0xa984 B: 0xa82b -> Res=0xa9af Z=0
PASS | Op: AND A: 0x1c12 B: 0x52 -> Res=0x12 Z=0
PASS | Op: AND A: 0x96d0 B: 0xea6e -> Res=0x8240 Z=0
PASS | Op: XOR A: 0x87db B: 0x77a6 -> Res=0xf07d Z=0
PASS | Op: ADD A: 0x7c00 B: 0x4c0f -> Res=0xc80f Z=0
PASS | Op: SUB A: 0x620c B: 0x1959 -> Res=0x48b3 Z=0
PASS | Op: AND A: 0xa469 B: 0xcd77 -> Res=0x8461 Z=0
PASS | Op: XOR A: 0xb1b8 B: 0xf2b7 -> Res=0x430f Z=0
PASS | Op: XOR A: 0x5a30 B: 0x5377 -> Res=0x947 Z=0
PASS | Op: XOR A: 0xf5d4 B: 0x8707 -> Res=0x72d3 Z=0
PASS | Op: OR A: 0xade9 B: 0x8b8b -> Res=0xafeb Z=0
PASS | Op: XOR A: 0x8bdb B: 0x4280 -> Res=0xc95b Z=0
PASS | Op: ADD A: 0xdac5 B: 0xfa30 -> Res=0xd4f5 Z=0
PASS | Op: XOR A: 0xaff8 B: 0xac06 -> Res=0x3fe Z=0
PASS | Op: ADD A: 0x37e1 B: 0x7c95 -> Res=0xb476 Z=0
PASS | Op: XOR A: 0x7d64 B: 0x3729 -> Res=0x4a4d Z=0
PASS | Op: OR A: 0x5277 B: 0x156e -> Res=0x577f Z=0
PASS | Op: SUB A: 0xb9d5 B: 0xd568 -> Res=0xe46d Z=0
PASS | Op: ADD A: 0xaa B: 0xc30f -> Res=0xc3b9 Z=0
PASS | Op: ADD A: 0x4d3c B: 0xe6a9 -> Res=0x33e5 Z=0
PASS | Op: OR A: 0xd05b B: 0x3caf -> Res=0xfcff Z=0
PASS | Op: SUB A: 0xdb9 B: 0x2d13 -> Res=0xe0a6 Z=0
PASS | Op: XOR A: 0x4165 B: 0x2751 -> Res=0x6634 Z=0
PASS | Op: OR A: 0x762 B: 0x6ae4 -> Res=0x6fe6 Z=0
PASS | Op: SUB A: 0x447d B: 0x5f59 -> Res=0xe524 Z=0
PASS | Op: XOR A: 0xd1af B: 0x1cdb -> Res=0xcd74 Z=0
PASS | Op: AND A: 0x3dbd B: 0xde6a -> Res=0x1c28 Z=0
PASS | Op: XOR A: 0x8478 B: 0x89f6 -> Res=0xd8e Z=0
PASS | Op: ADD A: 0x9b23 B: 0xab79 -> Res=0x469c Z=0
PASS | Op: SUB A: 0x30c B: 0x98ce -> Res=0x6a3e Z=0
PASS | Op: XOR A: 0xdc59 B: 0x6fb9 -> Res=0xb3e0 Z=0
PASS | Op: AND A: 0xbff4 B: 0xe275 -> Res=0xa274 Z=0
PASS | Op: AND A: 0xf905 B: 0x434e -> Res=0x4104 Z=0
PASS | Op: ADD A: 0x51b8 B: 0xb208 -> Res=0x3c0 Z=0
PASS | Op: XOR A: 0x8eaf B: 0x31e8 -> Res=0xbf47 Z=0
PASS | Op: OR A: 0xabf5 B: 0x904c -> Res=0xbbfd Z=0
PASS | Op: XOR A: 0x1070 B: 0xf92d -> Res=0xe95d Z=0
PASS | Op: AND A: 0x51bc B: 0x830 -> Res=0x30 Z=0
PASS | Op: XOR A: 0x6950 B: 0x6aa1 -> Res=0x3f1 Z=0
PASS | Op: XOR A: 0x1294 B: 0xa66a -> Res=0xb4fe Z=0
PASS | Op: AND A: 0x7455 B: 0xdbb7 -> Res=0x5015 Z=0
PASS | Op: OR A: 0xa55a B: 0x851c -> Res=0xa55e Z=0
PASS | Op: AND A: 0x1fab B: 0xd9d0 -> Res=0x1980 Z=0
PASS | Op: AND A: 0x6dd8 B: 0x8845 -> Res=0x840 Z=0
PASS | Op: SUB A: 0x238b B: 0x91fc -> Res=0x918f Z=0
PASS | Op: XOR A: 0xaa4 B: 0x8d19 -> Res=0x87bd Z=0
PASS | Op: SUB A: 0x6bc4 B: 0x435c -> Res=0x2868 Z=0
PASS | Op: XOR A: 0xd1aa B: 0x31a -> Res=0xd2b0 Z=0
PASS | Op: ADD A: 0xe9b2 B: 0x630c -> Res=0x4cbe Z=0
PASS | Op: AND A: 0xfdc3 B: 0x73eb -> Res=0x71c3 Z=0
PASS | Op: SUB A: 0x3f2 B: 0xad89 -> Res=0x5669 Z=0
PASS | Op: SUB A: 0x4b1b B: 0x28ad -> Res=0x226e Z=0
PASS | Op: OR A: 0x1225 B: 0x57cf -> Res=0x57ef Z=0
PASS | Op: ADD A: 0xd21b B: 0x3e80 -> Res=0x109b Z=0
PASS | Op: AND A: 0xfd82 B: 0x4204 -> Res=0x4000 Z=0
PASS | Op: ADD A: 0x8b36 B: 0x332 -> Res=0x8e68 Z=0
PASS | Op: ADD A: 0xaee4 B: 0xec16 -> Res=0x9afa Z=0
PASS | Op: SUB A: 0x65c0 B: 0x882e -> Res=0xdd92 Z=0
PASS | Op: XOR A: 0xc271 B: 0x8ffb -> Res=0x4d8a Z=0
PASS | Op: XOR A: 0x21eb B: 0x3bb5 -> Res=0x1a5e Z=0
PASS | Op: ADD A: 0x8e0e B: 0x14f1 -> Res=0xa2ff Z=0
PASS | Op: SUB A: 0x4305 B: 0xeb1c -> Res=0x57e9 Z=0
PASS | Op: XOR A: 0x88ec B: 0xd62a -> Res=0x5ec6 Z=0
PASS | Op: ADD A: 0x537 B: 0x3603 -> Res=0x3b3a Z=0
PASS | Op: ADD A: 0xdcfd B: 0xe3e -> Res=0xeb3b Z=0
PASS | Op: AND A: 0x2efe B: 0xd36 -> Res=0xc36 Z=0
PASS | Op: OR A: 0xabfb B: 0x7c6b -> Res=0xfffb Z=0
PASS | Op: OR A: 0x360f B: 0xb614 -> Res=0xb61f Z=0
PASS | Op: ADD A: 0xc26b B: 0xeb04 -> Res=0xad6f Z=0
PASS | Op: ADD A: 0x618d B: 0x70e1 -> Res=0xd26e Z=0
PASS | Op: ADD A: 0x3246 B: 0xcb3c -> Res=0xfd82 Z=0
PASS | Op: SUB A: 0x23dc B: 0xc330 -> Res=0x60ac Z=0
PASS | Op: AND A: 0xe500 B: 0xf43 -> Res=0x500 Z=0
PASS | Op: XOR A: 0x9aa1 B: 0x1f53 -> Res=0x85f2 Z=0
PASS | Op: SUB A: 0x3831 B: 0xc012 -> Res=0x781f Z=0
PASS | Op: AND A: 0x6b0d B: 0x1315 -> Res=0x305 Z=0
PASS | Op: OR A: 0xe6dc B: 0x1078 -> Res=0xf6fc Z=0
PASS | Op: SUB A: 0x265f B: 0x5b23 -> Res=0xcb3c Z=0
PASS | Op: AND A: 0x1738 B: 0x4d22 -> Res=0x520 Z=0
PASS | Op: OR A: 0x4cc7 B: 0x6282 -> Res=0x6ec7 Z=0
PASS | Op: AND A: 0x22c7 B: 0xa424 -> Res=0x2004 Z=0
PASS | Op: SUB A: 0x1408 B: 0x6f75 -> Res=0xa493 Z=0
PASS | Op: ADD A: 0x721a B: 0x1338 -> Res=0x8552 Z=0
PASS | Op: XOR A: 0xa058 B: 0x6a50 -> Res=0xca08 Z=0
PASS | Op: XOR A: 0xe3a4 B: 0xdf65 -> Res=0x3cc1 Z=0
PASS | Op: ADD A: 0x3906 B: 0x8054 -> Res=0xb95a Z=0
PASS | Op: XOR A: 0xf3f8 B: 0x32b5 -> Res=0xc14d Z=0
PASS | Op: ADD A: 0xd583 B: 0xe39b -> Res=0xb91e Z=0
PASS | Op: SUB A: 0x53b0 B: 0x82fb -> Res=0xd0b5 Z=0
PASS | Op: XOR A: 0xa630 B: 0xc418 -> Res=0x6228 Z=0
PASS | Op: SUB A: 0xeade B: 0x2cd3 -> Res=0xbe0b Z=0
PASS | Op: XOR A: 0x69e9 B: 0x7958 -> Res=0x10b1 Z=0
PASS | Op: OR A: 0xe5c3 B: 0x13d4 -> Res=0xf7d7 Z=0
PASS | Op: XOR A: 0x4483 B: 0xefa0 -> Res=0xab23 Z=0
PASS | Op: ADD A: 0xcbbf B: 0xdb45 -> Res=0xa704 Z=0
PASS | Op: XOR A: 0x6331 B: 0xfe9c -> Res=0x9dad Z=0
PASS | Op: OR A: 0xfaa B: 0xf128 -> Res=0xffaa Z=0
PASS | Op: ADD A: 0x7cfb B: 0x728b -> Res=0xef86 Z=0
PASS | Op: SUB A: 0x28cc B: 0x1371 -> Res=0x155b Z=0
PASS | Op: XOR A: 0xdb61 B: 0x487b -> Res=0x931a Z=0
PASS | Op: SUB A: 0xbc91 B: 0x98c0 -> Res=0x23d1 Z=0
PASS | Op: ADD A: 0xb47e B: 0x7354 -> Res=0x27d2 Z=0
PASS | Op: AND A: 0x2849 B: 0x7de7 -> Res=0x2841 Z=0
PASS | Op: ADD A: 0xd583 B: 0x5b -> Res=0xd5de Z=0
PASS | Op: AND A: 0x5fe6 B: 0xaeaf -> Res=0xea6 Z=0
PASS | Op: XOR A: 0x6012 B: 0xb3fc -> Res=0xd3ee Z=0
PASS | Op: AND A: 0xcafe B: 0x6b74 -> Res=0x4a74 Z=0
PASS | Op: ADD A: 0xbbe2 B: 0x48e2 -> Res=0x4c4 Z=0
PASS | Op: ADD A: 0xe298 B: 0xed9f -> Res=0xd037 Z=0
PASS | Op: OR A: 0x89f2 B: 0x7bbd -> Res=0xfbff Z=0
PASS | Op: SUB A: 0xfb4 B: 0xac54 -> Res=0x6360 Z=0
PASS | Op: ADD A: 0xd413 B: 0x91ac -> Res=0x65bf Z=0
PASS | Op: ADD A: 0x1f3b B: 0x2435 -> Res=0x4370 Z=0
PASS | Op: XOR A: 0x9934 B: 0xa255 -> Res=0x3b61 Z=0
PASS | Op: XOR A: 0xfef2 B: 0x36a7 -> Res=0xc855 Z=0
PASS | Op: ADD A: 0x16e4 B: 0xa241 -> Res=0xb925 Z=0
PASS | Op: AND A: 0xd8fa B: 0xd0cd -> Res=0xd0c8 Z=0
PASS | Op: ADD A: 0x86b5 B: 0x82e8 -> Res=0x99d Z=0
PASS | Op: OR A: 0x2e12 B: 0x8f37 -> Res=0xaf37 Z=0
PASS | Op: XOR A: 0xa4f8 B: 0x4e20 -> Res=0xead8 Z=0
PASS | Op: XOR A: 0x222 B: 0x55ec -> Res=0x57ce Z=0
PASS | Op: ADD A: 0x5b7a B: 0x511e -> Res=0xac98 Z=0
PASS | Op: XOR A: 0x5e5e B: 0x2d7c -> Res=0x7322 Z=0
PASS | Op: XOR A: 0x548b B: 0xd312 -> Res=0x8799 Z=0
PASS | Op: SUB A: 0xd683 B: 0xe1 -> Res=0xd5a2 Z=0
PASS | Op: AND A: 0x5c4a B: 0x73d5 -> Res=0x5040 Z=0
PASS | Op: XOR A: 0xeee4 B: 0x8cf4 -> Res=0x6210 Z=0
PASS | Op: OR A: 0x81f3 B: 0x472d -> Res=0xc7ff Z=0
PASS | Op: AND A: 0xb3ff B: 0x8578 -> Res=0x8178 Z=0
PASS | Op: SUB A: 0xf727 B: 0xffb -> Res=0xe72c Z=0
PASS | Op: XOR A: 0x9b0c B: 0x97bb -> Res=0xcb7 Z=0
PASS | Op: ADD A: 0x3a49 B: 0x7b6a -> Res=0xb5b3 Z=0
PASS | Op: ADD A: 0xd218 B: 0xe996 -> Res=0xbbae Z=0
PASS | Op: XOR A: 0x712e B: 0xd4bd -> Res=0xa593 Z=0
PASS | Op: XOR A: 0x306f B: 0x4cc9 -> Res=0x7ca6 Z=0
PASS | Op: ADD A: 0xf1df B: 0xe30d -> Res=0xd4ec Z=0
PASS | Op: XOR A: 0x6783 B: 0xc451 -> Res=0xa3d2 Z=0
PASS | Op: AND A: 0x7280 B: 0x4f9 -> Res=0x80 Z=0
PASS | Op: AND A: 0x3aca B: 0x64df -> Res=0x20ca Z=0
PASS | Op: ADD A: 0x7584 B: 0x88b0 -> Res=0xfe34 Z=0
PASS | Op: OR A: 0xfb09 B: 0x23d7 -> Res=0xfbdf Z=0
PASS | Op: OR A: 0xf99a B: 0x872f -> Res=0xffbf Z=0
PASS | Op: ADD A: 0x83b7 B: 0x72c6 -> Res=0xf67d Z=0
PASS | Op: XOR A: 0x3a9b B: 0x62 -> Res=0x3af9 Z=0
PASS | Op: SUB A: 0x832e B: 0x128d -> Res=0x70a1 Z=0
PASS | Op: SUB A: 0xb4aa B: 0xf0a0 -> Res=0xc40a Z=0
PASS | Op: ADD A: 0xd57d B: 0x2158 -> Res=0xf6d5 Z=0
PASS | Op: ADD A: 0x2f97 B: 0xa206 -> Res=0xd19d Z=0
PASS | Op: XOR A: 0x744e B: 0x65b9 -> Res=0x11f7 Z=0
PASS | Op: ADD A: 0xc239 B: 0x4f81 -> Res=0x11ba Z=0
PASS | Op: AND A: 0x880f B: 0xcb33 -> Res=0x8803 Z=0
PASS | Op: OR A: 0xa556 B: 0x529a -> Res=0xf7de Z=0
PASS | Op: XOR A: 0x749 B: 0x77d3 -> Res=0x709a Z=0
PASS | Op: SUB A: 0xf5d8 B: 0xe78 -> Res=0xe760 Z=0
PASS | Op: SUB A: 0x682c B: 0x1cd3 -> Res=0x4b59 Z=0
PASS | Op: ADD A: 0x5100 B: 0x5fac -> Res=0xb0ac Z=0
PASS | Op: ADD A: 0x586c B: 0x40a0 -> Res=0x990c Z=0
PASS | Op: XOR A: 0x4fd1 B: 0xf00 -> Res=0x40d1 Z=0
PASS | Op: XOR A: 0x87d8 B: 0xbbc0 -> Res=0x3c18 Z=0
PASS | Op: XOR A: 0xb0d1 B: 0xc51 -> Res=0xbc80 Z=0
PASS | Op: ADD A: 0xbe45 B: 0x67b3 -> Res=0x25f8 Z=0
PASS | Op: SUB A: 0xc680 B: 0x53fc -> Res=0x7284 Z=0
PASS | Op: XOR A: 0x8081 B: 0xdc31 -> Res=0x5cb0 Z=0
PASS | Op: AND A: 0xfd83 B: 0x423f -> Res=0x4003 Z=0
PASS | Op: XOR A: 0x8c64 B: 0x937e -> Res=0x1f1a Z=0
PASS | Op: OR A: 0xfb8e B: 0x4d9e -> Res=0xff9e Z=0
PASS | Op: OR A: 0x9b49 B: 0xfa0a -> Res=0xfb4b Z=0
PASS | Op: ADD A: 0xc851 B: 0x8649 -> Res=0x4e9a Z=0
PASS | Op: XOR A: 0xe22f B: 0x5a83 -> Res=0xb8ac Z=0
PASS | Op: XOR A: 0xdbd4 B: 0x4494 -> Res=0x9f40 Z=0
PASS | Op: ADD A: 0xae41 B: 0x15f7 -> Res=0xc438 Z=0
PASS | Op: XOR A: 0x2f72 B: 0xa5a2 -> Res=0x8ad0 Z=0
PASS | Op: AND A: 0x292 B: 0xb0cb -> Res=0x82 Z=0
PASS | Op: XOR A: 0x56b5 B: 0xd08 -> Res=0x5bbd Z=0
PASS | Op: SUB A: 0x983f B: 0xf2b0 -> Res=0xa58f Z=0
PASS | Op: AND A: 0x3032 B: 0x505 -> Res=0x0 Z=0
PASS | Op: ADD A: 0x8a8d B: 0x39c9 -> Res=0xc456 Z=0
PASS | Op: XOR A: 0xdeb4 B: 0x7fe5 -> Res=0xa151 Z=0
PASS | Op: OR A: 0xc523 B: 0xa32d -> Res=0xe72f Z=0
PASS | Op: XOR A: 0xc55e B: 0x27b4 -> Res=0xe2ea Z=0
PASS | Op: ADD A: 0xc164 B: 0x8b64 -> Res=0x4cc8 Z=0
PASS | Op: ADD A: 0xfa6b B: 0x23ab -> Res=0x1e16 Z=0
PASS | Op: XOR A: 0x4c93 B: 0x326 -> Res=0x4fb5 Z=0
PASS | Op: XOR A: 0xe809 B: 0x846c -> Res=0x6c65 Z=0
PASS | Op: XOR A: 0xbdb0 B: 0xb8f7 -> Res=0x547 Z=0
PASS | Op: AND A: 0xc057 B: 0xf376 -> Res=0xc056 Z=0
PASS | Op: SUB A: 0xbdb4 B: 0xa21d -> Res=0x1b97 Z=0
PASS | Op: ADD A: 0x6346 B: 0x9366 -> Res=0xf6ac Z=0
PASS | Op: AND A: 0xd13f B: 0xf554 -> Res=0xd114 Z=0
PASS | Op: ADD A: 0x344c B: 0x9006 -> Res=0xc452 Z=0
PASS | Op: ADD A: 0x6d2d B: 0xdc86 -> Res=0x49b3 Z=0
PASS | Op: OR A: 0xfdb8 B: 0xcaef -> Res=0xffff Z=0
PASS | Op: OR A: 0xaa9 B: 0x74cf -> Res=0x7eef Z=0
PASS | Op: XOR A: 0xdd40 B: 0x73b6 -> Res=0xaef6 Z=0
PASS | Op: OR A: 0xc45a B: 0x97e1 -> Res=0xd7fb Z=0
PASS | Op: XOR A: 0x6027 B: 0xb144 -> Res=0xd163 Z=0
PASS | Op: AND A: 0x9e9f B: 0x93a8 -> Res=0x9288 Z=0
PASS | Op: ADD A: 0x5d85 B: 0x9d85 -> Res=0xfb0a Z=0
PASS | Op: ADD A: 0x988 B: 0x596 -> Res=0xf1e Z=0
PASS | Op: XOR A: 0x754e B: 0x3f2f -> Res=0x4a61 Z=0
PASS | Op: AND A: 0x704b B: 0xff91 -> Res=0x7001 Z=0
PASS | Op: XOR A: 0x911c B: 0xed28 -> Res=0x7c34 Z=0
PASS | Op: OR A: 0x795d B: 0x61ee -> Res=0x79ff Z=0
PASS | Op: ADD A: 0x95bb B: 0x1478 -> Res=0xaa33 Z=0
PASS | Op: OR A: 0xb75d B: 0xfa1e -> Res=0xff5f Z=0
PASS | Op: XOR A: 0x79cb B: 0xf1db -> Res=0x8810 Z=0
PASS | Op: XOR A: 0x4320 B: 0xbb04 -> Res=0xf824 Z=0
PASS | Op: XOR A: 0x10cd B: 0x2c92 -> Res=0x3c5f Z=0
PASS | Op: OR A: 0x6aa9 B: 0xfc9e -> Res=0xfebf Z=0
PASS | Op: OR A: 0x2dc0 B: 0x424b -> Res=0x6fcb Z=0
PASS | Op: OR A: 0x2981 B: 0xd8b2 -> Res=0xf9b3 Z=0
PASS | Op: ADD A: 0xc5fc B: 0x44af -> Res=0xaab Z=0
PASS | Op: AND A: 0xdf0e B: 0x8775 -> Res=0x8704 Z=0
PASS | Op: AND A: 0x6e0d B: 0x3127 -> Res=0x2005 Z=0
PASS | Op: ADD A: 0xe881 B: 0xaa68 -> Res=0x92e9 Z=0
PASS | Op: ADD A: 0xca6f B: 0x362a -> Res=0x99 Z=0
PASS | Op: XOR A: 0x40a0 B: 0x53fa -> Res=0x135a Z=0
PASS | Op: XOR A: 0xe333 B: 0xd700 -> Res=0x3433 Z=0
PASS | Op: AND A: 0x2d70 B: 0xaa29 -> Res=0x2820 Z=0
PASS | Op: ADD A: 0x7196 B: 0x5dd7 -> Res=0xcf6d Z=0
PASS | Op: OR A: 0xde06 B: 0x4a -> Res=0xde4e Z=0
PASS | Op: XOR A: 0xbf41 B: 0x788 -> Res=0xb8c9 Z=0
PASS | Op: OR A: 0xe26c B: 0x2455 -> Res=0xe67d Z=0
PASS | Op: AND A: 0x76d3 B: 0x2218 -> Res=0x2210 Z=0
PASS | Op: XOR A: 0xcff9 B: 0x1c8 -> Res=0xce31 Z=0
PASS | Op: OR A: 0x4848 B: 0xabe3 -> Res=0xebeb Z=0
PASS | Op: ADD A: 0x218a B: 0x3667 -> Res=0x57f1 Z=0
PASS | Op: XOR A: 0xef60 B: 0xbf4e -> Res=0x502e Z=0
PASS | Op: AND A: 0x68e8 B: 0xe198 -> Res=0x6088 Z=0
PASS | Op: XOR A: 0x2bf8 B: 0x48d -> Res=0x2f75 Z=0
PASS | Op: ADD A: 0xc6af B: 0x2f38 -> Res=0xf5e7 Z=0
PASS | Op: SUB A: 0x13b B: 0xbe2e -> Res=0x430d Z=0
PASS | Op: ADD A: 0x6716 B: 0x8420 -> Res=0xeb36 Z=0
PASS | Op: ADD A: 0xf895 B: 0x2a2d -> Res=0x22c2 Z=0
PASS | Op: AND A: 0x3768 B: 0xe297 -> Res=0x2200 Z=0
PASS | Op: ADD A: 0xf237 B: 0x9952 -> Res=0x8b89 Z=0
PASS | Op: SUB A: 0x1fcc B: 0xb888 -> Res=0x6744 Z=0
PASS | Op: XOR A: 0x4b82 B: 0xfa8c -> Res=0xb10e Z=0
PASS | Op: XOR A: 0xac15 B: 0xffcb -> Res=0x53de Z=0
PASS | Op: ADD A: 0xc193 B: 0x2e4 -> Res=0xc477 Z=0
PASS | Op: XOR A: 0x1db5 B: 0x47a3 -> Res=0x5a16 Z=0
PASS | Op: ADD A: 0xba97 B: 0xc031 -> Res=0x7ac8 Z=0
PASS | Op: OR A: 0x2e57 B: 0xa176 -> Res=0xaf77 Z=0
PASS | Op: ADD A: 0xac00 B: 0xa073 -> Res=0x4c73 Z=0
PASS | Op: XOR A: 0x9b72 B: 0x461e -> Res=0xdd6c Z=0
PASS | Op: ADD A: 0x59cd B: 0xbfd -> Res=0x65ca Z=0
PASS | Op: XOR A: 0x7f1b B: 0xc5ce -> Res=0xbad5 Z=0
PASS | Op: ADD A: 0x48ca B: 0x6587 -> Res=0xae51 Z=0
PASS | Op: XOR A: 0x9b2c B: 0x8925 -> Res=0x1209 Z=0
PASS | Op: SUB A: 0xd4f3 B: 0x7383 -> Res=0x6170 Z=0
PASS | Op: AND A: 0x65b0 B: 0x93b9 -> Res=0x1b0 Z=0
PASS | Op: OR A: 0xbfa8 B: 0x799a -> Res=0xffba Z=0
PASS | Op: OR A: 0xd4d9 B: 0x500c -> Res=0xd4dd Z=0
PASS | Op: ADD A: 0x90a8 B: 0x95a3 -> Res=0x264b Z=0
PASS | Op: OR A: 0x37f9 B: 0x9cbd -> Res=0xbffd Z=0
PASS | Op: SUB A: 0x8396 B: 0x800b -> Res=0x38b Z=0
PASS | Op: OR A: 0x28f B: 0x283f -> Res=0x2abf Z=0
PASS | Op: ADD A: 0x3a7b B: 0xb62d -> Res=0xf0a8 Z=0
PASS | Op: SUB A: 0xe1d7 B: 0xa73d -> Res=0x3a9a Z=0
PASS | Op: AND A: 0x1b1a B: 0x6aeb -> Res=0xa0a Z=0
PASS | Op: OR A: 0x8a1d B: 0x28d6 -> Res=0xaadf Z=0
PASS | Op: AND A: 0x9aee B: 0x4e45 -> Res=0xa44 Z=0
PASS | Op: AND A: 0xc48d B: 0x905 -> Res=0x5 Z=0
PASS | Op: SUB A: 0x9cf B: 0x884c -> Res=0x8183 Z=0
PASS | Op: XOR A: 0x676c B: 0x680f -> Res=0xf63 Z=0
PASS | Op: XOR A: 0xf1d0 B: 0xcd2f -> Res=0x3cff Z=0
PASS | Op: AND A: 0x1772 B: 0x32b4 -> Res=0x1230 Z=0
PASS | Op: SUB A: 0xe8a0 B: 0xe1b3 -> Res=0x6ed Z=0
PASS | Op: XOR A: 0x9e1f B: 0x37dc -> Res=0xa9c3 Z=0
PASS | Op: XOR A: 0x7835 B: 0x8ce4 -> Res=0xf4d1 Z=0
PASS | Op: XOR A: 0x4ae B: 0xbb9 -> Res=0xf17 Z=0
PASS | Op: ADD A: 0x2b07 B: 0x4659 -> Res=0x7160 Z=0
PASS | Op: ADD A: 0x91d6 B: 0x631b -> Res=0xf4f1 Z=0
PASS | Op: ADD A: 0x11ca B: 0x4f5b -> Res=0x6125 Z=0
PASS | Op: ADD A: 0x5d1d B: 0xabf1 -> Res=0x90e Z=0
PASS | Op: ADD A: 0xbcbf B: 0xd791 -> Res=0x9450 Z=0
PASS | Op: ADD A: 0x7ac2 B: 0x847f -> Res=0xff41 Z=0
PASS | Op: SUB A: 0x140d B: 0x46d8 -> Res=0xcd35 Z=0
PASS | Op: OR A: 0xb842 B: 0x72ab -> Res=0xfaeb Z=0
PASS | Op: SUB A: 0xf4b1 B: 0xbd37 -> Res=0x377a Z=0
PASS | Op: ADD A: 0xb944 B: 0xe9f -> Res=0xc7e3 Z=0
PASS | Op: XOR A: 0x93c1 B: 0x2737 -> Res=0xb4f6 Z=0
PASS | Op: XOR A: 0x3871 B: 0xc0df -> Res=0xf8ae Z=0
PASS | Op: XOR A: 0x1c83 B: 0x4786 -> Res=0x5b05 Z=0
PASS | Op: XOR A: 0xc1f9 B: 0x13b -> Res=0xc0c2 Z=0
PASS | Op: ADD A: 0x2208 B: 0xab12 -> Res=0xcd1a Z=0
PASS | Op: ADD A: 0x82c4 B: 0x4f2f -> Res=0xd1f3 Z=0
PASS | Op: XOR A: 0x2a4c B: 0xa6e3 -> Res=0x8caf Z=0
PASS | Op: AND A: 0x2f15 B: 0x5aac -> Res=0xa04 Z=0
PASS | Op: AND A: 0xd9b7 B: 0x27f9 -> Res=0x1b1 Z=0
PASS | Op: AND A: 0x60d3 B: 0xbc80 -> Res=0x2080 Z=0
PASS | Op: ADD A: 0xb2f1 B: 0xac75 -> Res=0x5f66 Z=0
PASS | Op: OR A: 0x102a B: 0xf5a2 -> Res=0xf5aa Z=0
PASS | Op: AND A: 0x14b9 B: 0xaef3 -> Res=0x4b1 Z=0
PASS | Op: OR A: 0xb9eb B: 0xe4e -> Res=0xbfef Z=0
PASS | Op: OR A: 0x743b B: 0xe91d -> Res=0xfd3f Z=0
PASS | Op: OR A: 0x70bb B: 0xe6c8 -> Res=0xf6fb Z=0
PASS | Op: XOR A: 0x59dc B: 0xe0d6 -> Res=0xb90a Z=0
PASS | Op: AND A: 0x12b2 B: 0xefa8 -> Res=0x2a0 Z=0
PASS | Op: XOR A: 0x2d2e B: 0x5c7 -> Res=0x28e9 Z=0
PASS | Op: ADD A: 0x196 B: 0xec01 -> Res=0xed97 Z=0
PASS | Op: ADD A: 0xdbd0 B: 0x9ec1 -> Res=0x7a91 Z=0
PASS | Op: AND A: 0x18d8 B: 0x50c6 -> Res=0x10c0 Z=0
PASS | Op: XOR A: 0x4059 B: 0x9a44 -> Res=0xda1d Z=0
PASS | Op: XOR A: 0x934 B: 0x3f3a -> Res=0x360e Z=0
PASS | Op: AND A: 0x23ef B: 0x3595 -> Res=0x2185 Z=0
PASS | Op: XOR A: 0xd7b7 B: 0x2167 -> Res=0xf6d0 Z=0
PASS | Op: SUB A: 0x1ace B: 0x29de -> Res=0xf0f0 Z=0
PASS | Op: OR A: 0x603c B: 0x753a -> Res=0x753e Z=0
PASS | Op: XOR A: 0x78e5 B: 0x394b -> Res=0x41ae Z=0
PASS | Op: ADD A: 0xe0f5 B: 0x9be2 -> Res=0x7cd7 Z=0
PASS | Op: XOR A: 0x1c6c B: 0x5ef1 -> Res=0x429d Z=0
PASS | Op: XOR A: 0xab17 B: 0x9f2f -> Res=0x3438 Z=0
PASS | Op: ADD A: 0xff1 B: 0x2ee6 -> Res=0x3ed7 Z=0
PASS | Op: SUB A: 0xe065 B: 0xe054 -> Res=0x11 Z=0
PASS | Op: ADD A: 0x1afc B: 0x597f -> Res=0x747b Z=0
PASS | Op: ADD A: 0xd773 B: 0x1c6a -> Res=0xf3dd Z=0
PASS | Op: SUB A: 0xbe2e B: 0xa0f5 -> Res=0x1d39 Z=0
PASS | Op: SUB A: 0xf6c9 B: 0xb3e9 -> Res=0x42e0 Z=0
PASS | Op: XOR A: 0xb81a B: 0x199d -> Res=0xa187 Z=0
PASS | Op: SUB A: 0x82e8 B: 0xdf0d -> Res=0xa3db Z=0
PASS | Op: XOR A: 0x8b76 B: 0x81c9 -> Res=0xabf Z=0
PASS | Op: ADD A: 0x68df B: 0x4eee -> Res=0xb7cd Z=0
PASS | Op: ADD A: 0x76a8 B: 0xace2 -> Res=0x238a Z=0
PASS | Op: ADD A: 0x8730 B: 0xdef2 -> Res=0x6622 Z=0
PASS | Op: AND A: 0x72a4 B: 0xe424 -> Res=0x6024 Z=0
PASS | Op: OR A: 0x6ea6 B: 0x3e86 -> Res=0x7ea6 Z=0
PASS | Op: ADD A: 0x79c4 B: 0x3e60 -> Res=0xb824 Z=0
PASS | Op: ADD A: 0x8785 B: 0x203 -> Res=0x8988 Z=0
PASS | Op: XOR A: 0xd53c B: 0x744c -> Res=0xa170 Z=0
PASS | Op: SUB A: 0xb437 B: 0xef74 -> Res=0xc4c3 Z=0
PASS | Op: XOR A: 0x2dc8 B: 0x17f7 -> Res=0x3a3f Z=0
PASS | Op: ADD A: 0xbd30 B: 0x4f5 -> Res=0xc225 Z=0
PASS | Op: OR A: 0x28ea B: 0xab1c -> Res=0xabfe Z=0
PASS | Op: XOR A: 0xe5ae B: 0xb0d5 -> Res=0x557b Z=0
PASS | Op: ADD A: 0x5096 B: 0xa61a -> Res=0xf6b0 Z=0
PASS | Op: XOR A: 0xb516 B: 0xf5b -> Res=0xba4d Z=0
PASS | Op: XOR A: 0xe741 B: 0xd95d -> Res=0x3e1c Z=0
PASS | Op: AND A: 0x9a5 B: 0xb5d3 -> Res=0x181 Z=0
PASS | Op: ADD A: 0xad08 B: 0xe9c3 -> Res=0x96cb Z=0
PASS | Op: ADD A: 0x6fd8 B: 0x51b3 -> Res=0xc18b Z=0
PASS | Op: ADD A: 0xde8b B: 0xf5f4 -> Res=0xd47f Z=0
PASS | Op: SUB A: 0xbc1b B: 0x2b52 -> Res=0x90c9 Z=0
PASS | Op: AND A: 0x67c6 B: 0x3b40 -> Res=0x2340 Z=0
PASS | Op: ADD A: 0x1ddb B: 0x6c27 -> Res=0x8a02 Z=0
PASS | Op: XOR A: 0x3404 B: 0xed18 -> Res=0xd91c Z=0
PASS | Op: XOR A: 0xb2fc B: 0xc40b -> Res=0x76f7 Z=0
PASS | Op: ADD A: 0x70eb B: 0xe7a8 -> Res=0x5893 Z=0
PASS | Op: XOR A: 0x3276 B: 0x674 -> Res=0x3402 Z=0
PASS | Op: XOR A: 0x79b4 B: 0x1f4c -> Res=0x66f8 Z=0
PASS | Op: XOR A: 0xf369 B: 0x6bec -> Res=0x9885 Z=0
PASS | Op: SUB A: 0x5665 B: 0x6119 -> Res=0xf54c Z=0
PASS | Op: OR A: 0x6eb2 B: 0x9ba4 -> Res=0xffb6 Z=0
PASS | Op: ADD A: 0xf61 B: 0x9bc1 -> Res=0xab22 Z=0
PASS | Op: SUB A: 0x7d69 B: 0xe252 -> Res=0x9b17 Z=0
PASS | Op: ADD A: 0x182b B: 0x9502 -> Res=0xad2d Z=0
PASS | Op: ADD A: 0xf84 B: 0xf3d6 -> Res=0x35a Z=0
PASS | Op: XOR A: 0xa9d4 B: 0xb82 -> Res=0xa256 Z=0
PASS | Op: OR A: 0x5833 B: 0xb157 -> Res=0xf977 Z=0
PASS | Op: SUB A: 0x6ee0 B: 0x702 -> Res=0x67de Z=0
PASS | Op: XOR A: 0x677b B: 0xec2 -> Res=0x69b9 Z=0
PASS | Op: SUB A: 0x5c65 B: 0x90c4 -> Res=0xcba1 Z=0
PASS | Op: AND A: 0x58e3 B: 0xc2dd -> Res=0x40c1 Z=0
PASS | Op: XOR A: 0xabc9 B: 0xb940 -> Res=0x1289 Z=0
PASS | Op: XOR A: 0xc3b4 B: 0x7b06 -> Res=0xb8b2 Z=0
PASS | Op: SUB A: 0x7620 B: 0x7f96 -> Res=0xf68a Z=0
PASS | Op: ADD A: 0x65fe B: 0xb381 -> Res=0x197f Z=0
PASS | Op: ADD A: 0xdfba B: 0x6aa -> Res=0xe664 Z=0
PASS | Op: XOR A: 0x32a1 B: 0xdfed -> Res=0xed4c Z=0
PASS | Op: SUB A: 0xe53f B: 0xd48e -> Res=0x10b1 Z=0
PASS | Op: OR A: 0xc747 B: 0xb079 -> Res=0xf77f Z=0
PASS | Op: AND A: 0x6632 B: 0x7c5b -> Res=0x6412 Z=0
PASS | Op: XOR A: 0x4d07 B: 0x9cb5 -> Res=0xd1b2 Z=0
PASS | Op: XOR A: 0x44d7 B: 0xddf0 -> Res=0x9927 Z=0
PASS | Op: XOR A: 0xccc B: 0xc3bf -> Res=0xcf73 Z=0
PASS | Op: ADD A: 0x5907 B: 0xb7aa -> Res=0x10b1 Z=0
PASS | Op: ADD A: 0x9785 B: 0xa12c -> Res=0x38b1 Z=0
PASS | Op: XOR A: 0xe60 B: 0x21e0 -> Res=0x2f80 Z=0
PASS | Op: XOR A: 0xcc42 B: 0xc74e -> Res=0xb0c Z=0
PASS | Op: XOR A: 0x3aa6 B: 0xee4d -> Res=0xd4eb Z=0
PASS | Op: ADD A: 0xa709 B: 0xf936 -> Res=0xa03f Z=0
PASS | Op: SUB A: 0xb3d7 B: 0x3687 -> Res=0x7d50 Z=0
PASS | Op: AND A: 0x172c B: 0x2e99 -> Res=0x608 Z=0
PASS | Op: XOR A: 0x92a0 B: 0xd01a -> Res=0x42ba Z=0
PASS | Op: OR A: 0x4abc B: 0x7ad9 -> Res=0x7afd Z=0
PASS | Op: ADD A: 0x2ff6 B: 0xc00d -> Res=0xf003 Z=0
PASS | Op: XOR A: 0x1ca3 B: 0x8b40 -> Res=0x97e3 Z=0
PASS | Op: ADD A: 0xeae2 B: 0xeff8 -> Res=0xdada Z=0
PASS | Op: ADD A: 0x4085 B: 0x8e0b -> Res=0xce90 Z=0
PASS | Op: XOR A: 0x765 B: 0xa094 -> Res=0xa7f1 Z=0
PASS | Op: AND A: 0x7145 B: 0x5eb1 -> Res=0x5001 Z=0
PASS | Op: ADD A: 0x7e88 B: 0xbb28 -> Res=0x39b0 Z=0
PASS | Op: SUB A: 0xf0d2 B: 0x11bc -> Res=0xdf16 Z=0
PASS | Op: XOR A: 0x7408 B: 0xe3c9 -> Res=0x97c1 Z=0
PASS | Op: AND A: 0xb69e B: 0xa5 -> Res=0x84 Z=0
PASS | Op: XOR A: 0xb47 B: 0xa407 -> Res=0xaf40 Z=0
PASS | Op: AND A: 0x508a B: 0x8aac -> Res=0x88 Z=0
PASS | Op: AND A: 0x14ee B: 0x72d2 -> Res=0x10c2 Z=0
PASS | Op: SUB A: 0xb30f B: 0xacd8 -> Res=0x637 Z=0
PASS | Op: XOR A: 0xc027 B: 0x9992 -> Res=0x59b5 Z=0
PASS | Op: ADD A: 0x8c72 B: 0x5816 -> Res=0xe488 Z=0
PASS | Op: XOR A: 0x67d6 B: 0xa585 -> Res=0xc253 Z=0
PASS | Op: ADD A: 0x593d B: 0xdfd5 -> Res=0x3912 Z=0
PASS | Op: ADD A: 0xae96 B: 0x86a9 -> Res=0x353f Z=0
PASS | Op: OR A: 0xf4a4 B: 0xeeff -> Res=0xfeff Z=0
PASS | Op: SUB A: 0x410a B: 0x4baa -> Res=0xf560 Z=0
PASS | Op: XOR A: 0x85ae B: 0x15ac -> Res=0x9002 Z=0
PASS | Op: ADD A: 0xf2b2 B: 0xd390 -> Res=0xc642 Z=0
PASS | Op: ADD A: 0x9a82 B: 0xc538 -> Res=0x5fba Z=0
PASS | Op: SUB A: 0xfa94 B: 0xcd68 -> Res=0x2d2c Z=0
PASS | Op: ADD A: 0x840b B: 0xa043 -> Res=0x244e Z=0
PASS | Op: SUB A: 0xac70 B: 0xd157 -> Res=0xdb19 Z=0
PASS | Op: ADD A: 0x8423 B: 0xe823 -> Res=0x6c46 Z=0
PASS | Op: XOR A: 0xd2da B: 0x389c -> Res=0xea46 Z=0
PASS | Op: OR A: 0x52df B: 0x4526 -> Res=0x57ff Z=0
PASS | Op: ADD A: 0xbd5f B: 0x3cb2 -> Res=0xfa11 Z=0
PASS | Op: ADD A: 0xbe80 B: 0xe902 -> Res=0xa782 Z=0
PASS | Op: XOR A: 0x2e7a B: 0xd91e -> Res=0xf764 Z=0
PASS | Op: OR A: 0xcf58 B: 0xd99b -> Res=0xdfdb Z=0
PASS | Op: AND A: 0x9242 B: 0x9a72 -> Res=0x9242 Z=0
PASS | Op: XOR A: 0x2ff8 B: 0xf722 -> Res=0xd8da Z=0
PASS | Op: XOR A: 0x38f0 B: 0xf92 -> Res=0x3762 Z=0
PASS | Op: AND A: 0xfdf2 B: 0x27c5 -> Res=0x25c0 Z=0
PASS | Op: SUB A: 0x70a8 B: 0x2973 -> Res=0x4735 Z=0
PASS | Op: ADD A: 0xb06c B: 0x16 -> Res=0xb082 Z=0
PASS | Op: XOR A: 0xaccd B: 0x4d16 -> Res=0xe1db Z=0
PASS | Op: XOR A: 0x1250 B: 0xfa07 -> Res=0xe857 Z=0
PASS | Op: ADD A: 0x353d B: 0x2cce -> Res=0x620b Z=0
PASS | Op: XOR A: 0xdee0 B: 0x412d -> Res=0x9fcd Z=0
PASS | Op: XOR A: 0x9c6f B: 0xb82d -> Res=0x2442 Z=0
PASS | Op: ADD A: 0xe706 B: 0xb567 -> Res=0x9c6d Z=0
PASS | Op: XOR A: 0x423e B: 0x4d69 -> Res=0xf57 Z=0
PASS | Op: XOR A: 0x13ad B: 0x53a5 -> Res=0x4008 Z=0
PASS | Op: ADD A: 0xcdba B: 0x8cd6 -> Res=0x5a90 Z=0
PASS | Op: XOR A: 0x1693 B: 0x241b -> Res=0x3288 Z=0
PASS | Op: SUB A: 0xe78f B: 0xb140 -> Res=0x364f Z=0
PASS | Op: OR A: 0xa085 B: 0x358 -> Res=0xa3dd Z=0
PASS | Op: AND A: 0xe892 B: 0xb504 -> Res=0xa000 Z=0
PASS | Op: XOR A: 0x7f33 B: 0x6cc7 -> Res=0x13f4 Z=0
PASS | Op: AND A: 0xbc20 B: 0xf64c -> Res=0xb400 Z=0
PASS | Op: XOR A: 0x36cd B: 0xa91c -> Res=0x9fd1 Z=0
PASS | Op: ADD A: 0xbcb4 B: 0x550a -> Res=0x11be Z=0
PASS | Op: AND A: 0x32e6 B: 0x5553 -> Res=0x1042 Z=0
PASS | Op: XOR A: 0x1ae1 B: 0xda65 -> Res=0xc084 Z=0
PASS | Op: OR A: 0x34e1 B: 0x7d5d -> Res=0x7dfd Z=0
PASS | Op: ADD A: 0xac50 B: 0x80f -> Res=0xb45f Z=0
PASS | Op: XOR A: 0x2d88 B: 0x6c9 -> Res=0x2b41 Z=0
PASS | Op: SUB A: 0x520b B: 0xda0e -> Res=0x77fd Z=0
PASS | Op: AND A: 0x97df B: 0x9d14 -> Res=0x9514 Z=0
PASS | Op: XOR A: 0x9f6 B: 0x6f5e -> Res=0x66a8 Z=0
PASS | Op: OR A: 0x1d35 B: 0x7bf3 -> Res=0x7ff7 Z=0
PASS | Op: ADD A: 0x3484 B: 0x8b64 -> Res=0xbfe8 Z=0
PASS | Op: XOR A: 0x65da B: 0x999a -> Res=0xfc40 Z=0
PASS | Op: SUB A: 0xb2b0 B: 0xe8e9 -> Res=0xc9c7 Z=0
PASS | Op: ADD A: 0xe8e0 B: 0x83c8 -> Res=0x6ca8 Z=0
PASS | Op: ADD A: 0x6abe B: 0xcb5f -> Res=0x361d Z=0
PASS | Op: XOR A: 0x94de B: 0x3a0d -> Res=0xaed3 Z=0
PASS | Op: ADD A: 0x7f6d B: 0xf230 -> Res=0x719d Z=0
PASS | Op: OR A: 0x5a4d B: 0x866e -> Res=0xde6f Z=0
PASS | Op: AND A: 0x6ea8 B: 0x53a0 -> Res=0x42a0 Z=0
PASS | Op: SUB A: 0xe0eb B: 0x842e -> Res=0x5cbd Z=0
PASS | Op: AND A: 0xf2c9 B: 0x9c7c -> Res=0x9048 Z=0
PASS | Op: ADD A: 0x6a38 B: 0x3293 -> Res=0x9ccb Z=0
PASS | Op: AND A: 0x9a4d B: 0xb5bf -> Res=0x900d Z=0
PASS | Op: XOR A: 0xf5e9 B: 0xd2b -> Res=0xf8c2 Z=0
PASS | Op: OR A: 0xac76 B: 0x1343 -> Res=0xbf77 Z=0
PASS | Op: ADD A: 0x3dbb B: 0xfedc -> Res=0x3c97 Z=0
PASS | Op: ADD A: 0x2789 B: 0x3a8b -> Res=0x6214 Z=0
PASS | Op: XOR A: 0xdbad B: 0x7c94 -> Res=0xa739 Z=0
PASS | Op: XOR A: 0xe9b2 B: 0x99fb -> Res=0x7049 Z=0
PASS | Op: XOR A: 0xc939 B: 0x2cc9 -> Res=0xe5f0 Z=0
PASS | Op: ADD A: 0xf94a B: 0x5029 -> Res=0x4973 Z=0
PASS | Op: SUB A: 0xfc65 B: 0x8713 -> Res=0x7552 Z=0
PASS | Op: AND A: 0x5d48 B: 0xebb7 -> Res=0x4900 Z=0
PASS | Op: XOR A: 0x9d15 B: 0x1882 -> Res=0x8597 Z=0
PASS | Op: AND A: 0xd08a B: 0x76a6 -> Res=0x5082 Z=0
PASS | Op: ADD A: 0x3898 B: 0x7a1c -> Res=0xb2b4 Z=0
PASS | Op: SUB A: 0xe649 B: 0xf5bf -> Res=0xf08a Z=0
PASS | Op: AND A: 0xc070 B: 0xb713 -> Res=0x8010 Z=0
PASS | Op: ADD A: 0x4322 B: 0xa17f -> Res=0xe4a1 Z=0
PASS | Op: OR A: 0xae95 B: 0xabc3 -> Res=0xafd7 Z=0
PASS | Op: ADD A: 0xe53d B: 0x8f2d -> Res=0x746a Z=0
PASS | Op: ADD A: 0x900d B: 0x608e -> Res=0xf09b Z=0
PASS | Op: ADD A: 0xbccd B: 0xd147 -> Res=0x8e14 Z=0
PASS | Op: XOR A: 0x85f2 B: 0xbc7c -> Res=0x398e Z=0
PASS | Op: OR A: 0x6547 B: 0xd371 -> Res=0xf777 Z=0
PASS | Op: OR A: 0xeb49 B: 0x8660 -> Res=0xef69 Z=0
PASS | Op: OR A: 0xaba8 B: 0x3efe -> Res=0xbffe Z=0
PASS | Op: XOR A: 0xbece B: 0x6fe7 -> Res=0xd129 Z=0
PASS | Op: XOR A: 0xba82 B: 0xb66d -> Res=0xcef Z=0
PASS | Op: SUB A: 0xd251 B: 0xdcae -> Res=0xf5a3 Z=0
PASS | Op: XOR A: 0x7027 B: 0xc6d1 -> Res=0xb6f6 Z=0
PASS | Op: AND A: 0xc4ff B: 0xaff7 -> Res=0x84f7 Z=0
PASS | Op: XOR A: 0x6ec9 B: 0x8748 -> Res=0xe981 Z=0
PASS | Op: XOR A: 0x4de8 B: 0x8816 -> Res=0xc5fe Z=0
PASS | Op: XOR A: 0x9bba B: 0x40a8 -> Res=0xdb12 Z=0
PASS | Op: XOR A: 0x4c54 B: 0x3551 -> Res=0x7905 Z=0
PASS | Op: OR A: 0xffde B: 0xe843 -> Res=0xffdf Z=0
PASS | Op: XOR A: 0x85e9 B: 0xadb5 -> Res=0x285c Z=0
PASS | Op: ADD A: 0x5e31 B: 0x13e7 -> Res=0x7218 Z=0
PASS | Op: XOR A: 0xa00a B: 0xf2bf -> Res=0x52b5 Z=0
PASS | Op: XOR A: 0x367b B: 0x9ba8 -> Res=0xadd3 Z=0
PASS | Op: ADD A: 0xb81a B: 0x25cf -> Res=0xdde9 Z=0
PASS | Op: SUB A: 0x3542 B: 0x21c3 -> Res=0x137f Z=0
PASS | Op: SUB A: 0xcd82 B: 0xb86c -> Res=0x1516 Z=0
PASS | Op: OR A: 0x36f8 B: 0xbfc4 -> Res=0xbffc Z=0
PASS | Op: AND A: 0x2d6a B: 0x313c -> Res=0x2128 Z=0
PASS | Op: OR A: 0x222b B: 0x1cc5 -> Res=0x3eef Z=0
PASS | Op: SUB A: 0x51ce B: 0xb8e2 -> Res=0x98ec Z=0
PASS | Op: SUB A: 0x8752 B: 0xf90b -> Res=0x8e47 Z=0
PASS | Op: XOR A: 0xdacc B: 0x895c -> Res=0x5390 Z=0
PASS | Op: ADD A: 0xea40 B: 0x3636 -> Res=0x2076 Z=0
PASS | Op: XOR A: 0x4b3e B: 0xb39 -> Res=0x4007 Z=0
PASS | Op: XOR A: 0xbadf B: 0xfc4 -> Res=0xb51b Z=0
PASS | Op: ADD A: 0x11fe B: 0x110c -> Res=0x230a Z=0
PASS | Op: SUB A: 0xc350 B: 0xb7c0 -> Res=0xb90 Z=0
PASS | Op: AND A: 0xe613 B: 0xa4b8 -> Res=0xa410 Z=0
PASS | Op: OR A: 0x1529 B: 0x1e8a -> Res=0x1fab Z=0
PASS | Op: ADD A: 0x3de8 B: 0xb40f -> Res=0xf1f7 Z=0
PASS | Op: AND A: 0x9220 B: 0x4896 -> Res=0x0 Z=0
PASS | Op: ADD A: 0xf971 B: 0x623 -> Res=0xff94 Z=0
PASS | Op: XOR A: 0xdd69 B: 0x8d6b -> Res=0x5002 Z=0
PASS | Op: XOR A: 0x10dd B: 0x3cb7 -> Res=0x2c6a Z=0
PASS | Op: ADD A: 0x208b B: 0x5f87 -> Res=0x8012 Z=0
PASS | Op: XOR A: 0x856 B: 0x364f -> Res=0x3e19 Z=0
PASS | Op: OR A: 0x65f2 B: 0x2b15 -> Res=0x6ff7 Z=0
PASS | Op: ADD A: 0x5bd2 B: 0x7d14 -> Res=0xd8e6 Z=0
PASS | Op: SUB A: 0x10ce B: 0xffb6 -> Res=0x1118 Z=0
PASS | Op: SUB A: 0x5b0d B: 0x4cc8 -> Res=0xe45 Z=0
PASS | Op: ADD A: 0x9b78 B: 0xe75b -> Res=0x82d3 Z=0
PASS | Op: SUB A: 0xb4c B: 0x7056 -> Res=0x9af6 Z=0
PASS | Op: ADD A: 0x24d4 B: 0x8b8c -> Res=0xb060 Z=0
PASS | Op: XOR A: 0xd5 B: 0xb86a -> Res=0xb8bf Z=0
PASS | Op: XOR A: 0xe10 B: 0xe521 -> Res=0xeb31 Z=0
PASS | Op: XOR A: 0x5b89 B: 0xa10d -> Res=0xfa84 Z=0
PASS | Op: SUB A: 0x24b9 B: 0xc5cb -> Res=0x5eee Z=0
PASS | Op: SUB A: 0x216f B: 0xee02 -> Res=0x336d Z=0
PASS | Op: ADD A: 0x682 B: 0x3952 -> Res=0x3fd4 Z=0
PASS | Op: AND A: 0x2f2a B: 0xfc9a -> Res=0x2c0a Z=0
PASS | Op: XOR A: 0xfb8b B: 0x64e7 -> Res=0x9f6c Z=0
PASS | Op: AND A: 0xfe0d B: 0x7db4 -> Res=0x7c04 Z=0
PASS | Op: SUB A: 0x4c0a B: 0xf568 -> Res=0x56a2 Z=0
PASS | Op: ADD A: 0x8286 B: 0x7fc2 -> Res=0x248 Z=0
PASS | Op: ADD A: 0x4e5d B: 0x634b -> Res=0xb1a8 Z=0
PASS | Op: XOR A: 0xfe6 B: 0x979c -> Res=0x987a Z=0
PASS | Op: OR A: 0xc605 B: 0x8ca6 -> Res=0xcea7 Z=0
PASS | Op: XOR A: 0xa017 B: 0x1527 -> Res=0xb530 Z=0
PASS | Op: XOR A: 0xf402 B: 0x9898 -> Res=0x6c9a Z=0
PASS | Op: AND A: 0x64be B: 0x81fb -> Res=0xba Z=0
PASS | Op: ADD A: 0xb4a2 B: 0x9643 -> Res=0x4ae5 Z=0
PASS | Op: OR A: 0x4e7a B: 0xbd8b -> Res=0xfffb Z=0
PASS | Op: XOR A: 0x9e4d B: 0x29df -> Res=0xb792 Z=0
PASS | Op: OR A: 0xc2e3 B: 0x2bed -> Res=0xebef Z=0
PASS | Op: ADD A: 0x2f39 B: 0xc782 -> Res=0xf6bb Z=0
PASS | Op: XOR A: 0xc288 B: 0xf7fa -> Res=0x3572 Z=0
PASS | Op: SUB A: 0xfa95 B: 0xcde8 -> Res=0x2cad Z=0
PASS | Op: ADD A: 0xa700 B: 0x48fd -> Res=0xeffd Z=0
PASS | Op: ADD A: 0xbaad B: 0x40d5 -> Res=0xfb82 Z=0
PASS | Op: XOR A: 0xd8c9 B: 0x162e -> Res=0xcee7 Z=0
PASS | Op: XOR A: 0xfad0 B: 0x7b24 -> Res=0x81f4 Z=0
PASS | Op: ADD A: 0xbfce B: 0xb696 -> Res=0x7664 Z=0
PASS | Op: ADD A: 0xa870 B: 0xc423 -> Res=0x6c93 Z=0
PASS | Op: ADD A: 0xd396 B: 0x2d8 -> Res=0xd66e Z=0
PASS | Op: XOR A: 0xbd6a B: 0xa764 -> Res=0x1a0e Z=0
PASS | Op: XOR A: 0xa2e0 B: 0x72cb -> Res=0xd02b Z=0
PASS | Op: OR A: 0x11f8 B: 0xeb53 -> Res=0xfbfb Z=0
PASS | Op: SUB A: 0xfabd B: 0x14f6 -> Res=0xe5c7 Z=0
PASS | Op: XOR A: 0x7bc0 B: 0x5245 -> Res=0x2985 Z=0
PASS | Op: ADD A: 0x1c8b B: 0x9082 -> Res=0xad0d Z=0
PASS | Op: SUB A: 0x47be B: 0x2134 -> Res=0x268a Z=0
PASS | Op: ADD A: 0x2f62 B: 0x991 -> Res=0x38f3 Z=0
PASS | Op: ADD A: 0xa586 B: 0xc94a -> Res=0x6ed0 Z=0
PASS | Op: ADD A: 0x5187 B: 0x9833 -> Res=0xe9ba Z=0
PASS | Op: OR A: 0xcabd B: 0xd495 -> Res=0xdebd Z=0
PASS | Op: ADD A: 0xb42c B: 0x40 -> Res=0xb46c Z=0
PASS | Op: XOR A: 0xe7de B: 0x9dc4 -> Res=0x7a1a Z=0
PASS | Op: ADD A: 0x32a9 B: 0xb708 -> Res=0xe9b1 Z=0
PASS | Op: ADD A: 0xf1b1 B: 0x1138 -> Res=0x2e9 Z=0
PASS | Op: OR A: 0x76ee B: 0x75de -> Res=0x77fe Z=0
PASS | Op: AND A: 0x57d2 B: 0xcc6f -> Res=0x4442 Z=0
PASS | Op: XOR A: 0x910 B: 0xc02 -> Res=0x512 Z=0
PASS | Op: ADD A: 0x48a0 B: 0xb373 -> Res=0xfc13 Z=0
PASS | Op: OR A: 0xe1d5 B: 0x89fd -> Res=0xe9fd Z=0
PASS | Op: XOR A: 0x103b B: 0x7b8a -> Res=0x6bb1 Z=0
PASS | Op: XOR A: 0x4a87 B: 0xdb74 -> Res=0x91f3 Z=0
PASS | Op: XOR A: 0x34d3 B: 0x690 -> Res=0x3243 Z=0
PASS | Op: OR A: 0x183d B: 0xd811 -> Res=0xd83d Z=0
PASS | Op: XOR A: 0x4390 B: 0xb2d3 -> Res=0xf143 Z=0
PASS | Op: ADD A: 0x6c7 B: 0x590a -> Res=0x5fd1 Z=0
PASS | Op: AND A: 0xea7e B: 0x20ac -> Res=0x202c Z=0
PASS | Op: XOR A: 0x1839 B: 0xf32 -> Res=0x170b Z=0
PASS | Op: SUB A: 0x43bd B: 0xaeb0 -> Res=0x950d Z=0
PASS | Op: SUB A: 0x4e9 B: 0x2ee -> Res=0x1fb Z=0
PASS | Op: ADD A: 0x4be B: 0x1368 -> Res=0x1826 Z=0
PASS | Op: ADD A: 0xc92a B: 0xdb8c -> Res=0xa4b6 Z=0
PASS | Op: XOR A: 0xbde1 B: 0x4495 -> Res=0xf974 Z=0
PASS | Op: AND A: 0x1a5f B: 0x1a57 -> Res=0x1a57 Z=0
PASS | Op: AND A: 0x5b7f B: 0xc493 -> Res=0x4013 Z=0
PASS | Op: ADD A: 0xe8f5 B: 0x2b3c -> Res=0x1431 Z=0
PASS | Op: XOR A: 0x7b74 B: 0xf4b8 -> Res=0x8fcc Z=0
PASS | Op: XOR A: 0xe6a4 B: 0x94b0 -> Res=0x7214 Z=0
PASS | Op: OR A: 0x87ea B: 0x2923 -> Res=0xafeb Z=0
PASS | Op: XOR A: 0xece5 B: 0xca31 -> Res=0x26d4 Z=0
PASS | Op: SUB A: 0xc9dd B: 0xf3ef -> Res=0xd5ee Z=0
PASS | Op: AND A: 0xce0d B: 0xda33 -> Res=0xca01 Z=0
PASS | Op: AND A: 0xf8e3 B: 0x77ad -> Res=0x70a1 Z=0
PASS | Op: OR A: 0xcbbf B: 0x7f63 -> Res=0xffff Z=0
PASS | Op: XOR A: 0xc4c2 B: 0x2b0d -> Res=0xefcf Z=0
PASS | Op: AND A: 0xc64b B: 0x3c28 -> Res=0x408 Z=0
PASS | Op: SUB A: 0xa122 B: 0x73a1 -> Res=0x2d81 Z=0
PASS | Op: XOR A: 0x3c97 B: 0x1116 -> Res=0x2d81 Z=0
PASS | Op: SUB A: 0x2765 B: 0xfb34 -> Res=0x2c31 Z=0
PASS | Op: AND A: 0x8f90 B: 0x6209 -> Res=0x200 Z=0
PASS | Op: OR A: 0xd311 B: 0x6ecf -> Res=0xffdf Z=0
PASS | Op: ADD A: 0x2087 B: 0xff2e -> Res=0x1fb5 Z=0
PASS | Op: OR A: 0x9c45 B: 0x5300 -> Res=0xdf45 Z=0
PASS | Op: ADD A: 0xa429 B: 0xe2a8 -> Res=0x86d1 Z=0
PASS | Op: XOR A: 0x512 B: 0x791a -> Res=0x7c08 Z=0
PASS | Op: XOR A: 0xdabc B: 0xd932 -> Res=0x38e Z=0
PASS | Op: OR A: 0x3c96 B: 0xc4a5 -> Res=0xfcb7 Z=0
PASS | Op: XOR A: 0xdba7 B: 0xe6d0 -> Res=0x3d77 Z=0
PASS | Op: OR A: 0xcf78 B: 0x4718 -> Res=0xcf78 Z=0
PASS | Op: AND A: 0x7f65 B: 0xfb92 -> Res=0x7b00 Z=0
PASS | Op: ADD A: 0xcbca B: 0xe3eb -> Res=0xafb5 Z=0
PASS | Op: OR A: 0xb666 B: 0x9f18 -> Res=0xbf7e Z=0
PASS | Op: AND A: 0x8a56 B: 0x1f9c -> Res=0xa14 Z=0
PASS | Op: XOR A: 0x6181 B: 0x755b -> Res=0x14da Z=0
PASS | Op: XOR A: 0x7b4a B: 0xcad1 -> Res=0xb19b Z=0
PASS | Op: ADD A: 0x186b B: 0xe8d0 -> Res=0x13b Z=0
PASS | Op: XOR A: 0xfb39 B: 0xa6a2 -> Res=0x5d9b Z=0
PASS | Op: AND A: 0x2f00 B: 0xac6b -> Res=0x2c00 Z=0
PASS | Op: XOR A: 0xdc99 B: 0x7d5c -> Res=0xa1c5 Z=0
PASS | Op: OR A: 0x2706 B: 0x7b0e -> Res=0x7f0e Z=0
PASS | Op: OR A: 0x348c B: 0x48d3 -> Res=0x7cdf Z=0
PASS | Op: XOR A: 0xe311 B: 0xc4f -> Res=0xef5e Z=0
PASS | Op: OR A: 0xcf96 B: 0xf3d9 -> Res=0xffdf Z=0
PASS | Op: ADD A: 0x4654 B: 0xccf -> Res=0x5323 Z=0
PASS | Op: SUB A: 0x6f42 B: 0x61fd -> Res=0xd45 Z=0
PASS | Op: ADD A: 0x95bb B: 0x5691 -> Res=0xec4c Z=0
PASS | Op: XOR A: 0x378c B: 0x87a6 -> Res=0xb02a Z=0
PASS | Op: ADD A: 0x26dd B: 0xb166 -> Res=0xd843 Z=0
PASS | Op: OR A: 0xb32e B: 0xa5b6 -> Res=0xb7be Z=0
PASS | Op: XOR A: 0x65cd B: 0x6677 -> Res=0x3ba Z=0
PASS | Op: AND A: 0x9e68 B: 0xdf2f -> Res=0x9e28 Z=0
PASS | Op: XOR A: 0x1b27 B: 0x88b4 -> Res=0x9393 Z=0
PASS | Op: XOR A: 0x652f B: 0x5130 -> Res=0x341f Z=0
PASS | Op: AND A: 0xf346 B: 0xb226 -> Res=0xb206 Z=0
PASS | Op: ADD A: 0xde6f B: 0xa15c -> Res=0x7fcb Z=0
PASS | Op: ADD A: 0xd478 B: 0x4409 -> Res=0x1881 Z=0
PASS | Op: AND A: 0xbc02 B: 0xfc25 -> Res=0xbc00 Z=0
PASS | Op: XOR A: 0xcd7c B: 0x91c9 -> Res=0x5cb5 Z=0
PASS | Op: ADD A: 0xbda6 B: 0x9068 -> Res=0x4e0e Z=0
PASS | Op: OR A: 0xa8cb B: 0xd16 -> Res=0xaddf Z=0
PASS | Op: ADD A: 0x5a53 B: 0x414e -> Res=0x9ba1 Z=0
PASS | Op: SUB A: 0x8bdf B: 0x5e95 -> Res=0x2d4a Z=0
PASS | Op: AND A: 0xa492 B: 0x76ef -> Res=0x2482 Z=0
PASS | Op: ADD A: 0xdc24 B: 0xf2e2 -> Res=0xcf06 Z=0
PASS | Op: AND A: 0x1eb6 B: 0xb097 -> Res=0x1096 Z=0
PASS | Op: OR A: 0xfb98 B: 0xe9c7 -> Res=0xfbdf Z=0
PASS | Op: ADD A: 0x5ef6 B: 0x4a60 -> Res=0xa956 Z=0
PASS | Op: ADD A: 0x227e B: 0x71e3 -> Res=0x9461 Z=0
PASS | Op: XOR A: 0xfe37 B: 0xd37 -> Res=0xf300 Z=0
PASS | Op: SUB A: 0xdd7b B: 0xb1da -> Res=0x2ba1 Z=0
PASS | Op: XOR A: 0x3ea7 B: 0x6f39 -> Res=0x519e Z=0
PASS | Op: ADD A: 0xfb2e B: 0x1f43 -> Res=0x1a71 Z=0
PASS | Op: AND A: 0xdd03 B: 0x389e -> Res=0x1802 Z=0
PASS | Op: XOR A: 0xf1c2 B: 0x2936 -> Res=0xd8f4 Z=0
PASS | Op: XOR A: 0x8b94 B: 0x9abd -> Res=0x1129 Z=0
PASS | Op: ADD A: 0xa92d B: 0x4b98 -> Res=0xf4c5 Z=0
PASS | Op: OR A: 0xd424 B: 0x1b60 -> Res=0xdf64 Z=0
PASS | Op: AND A: 0x23c3 B: 0xce9b -> Res=0x283 Z=0
PASS | Op: SUB A: 0xe28d B: 0x1b75 -> Res=0xc718 Z=0
PASS | Op: AND A: 0xfe3a B: 0x9585 -> Res=0x9400 Z=0
PASS | Op: ADD A: 0x5e86 B: 0x8860 -> Res=0xe6e6 Z=0
PASS | Op: XOR A: 0x4cd8 B: 0xecfa -> Res=0xa022 Z=0
PASS | Op: OR A: 0x2ae3 B: 0xdc57 -> Res=0xfef7 Z=0
PASS | Op: SUB A: 0xaec7 B: 0x48b8 -> Res=0x660f Z=0
PASS | Op: ADD A: 0xeb91 B: 0x4ade -> Res=0x366f Z=0
PASS | Op: AND A: 0xd45a B: 0x40c1 -> Res=0x4040 Z=0
PASS | Op: AND A: 0x9d33 B: 0xfbd3 -> Res=0x9913 Z=0
PASS | Op: XOR A: 0xc2c3 B: 0xdabb -> Res=0x1878 Z=0
PASS | Op: ADD A: 0xf650 B: 0x4909 -> Res=0x3f59 Z=0
PASS | Op: AND A: 0x6ca9 B: 0x203 -> Res=0x1 Z=0
PASS | Op: OR A: 0x1014 B: 0x8f51 -> Res=0x9f55 Z=0
PASS | Op: ADD A: 0x5731 B: 0x4f2c -> Res=0xa65d Z=0
PASS | Op: ADD A: 0x6538 B: 0xb90e -> Res=0x1e46 Z=0
PASS | Op: SUB A: 0x8551 B: 0x72f7 -> Res=0x125a Z=0
PASS | Op: ADD A: 0xd9d9 B: 0x7313 -> Res=0x4cec Z=0
PASS | Op: XOR A: 0xed1f B: 0x1dbf -> Res=0xf0a0 Z=0
PASS | Op: XOR A: 0xb286 B: 0x1444 -> Res=0xa6c2 Z=0
PASS | Op: ADD A: 0x9fa B: 0x1ddd -> Res=0x27d7 Z=0
PASS | Op: ADD A: 0x347b B: 0xa21a -> Res=0xd695 Z=0
PASS | Op: AND A: 0x512d B: 0x3f6b -> Res=0x1129 Z=0
PASS | Op: AND A: 0xfd9a B: 0x6626 -> Res=0x6402 Z=0
PASS | Op: ADD A: 0x9e1f B: 0x371c -> Res=0xd53b Z=0
PASS | Op: ADD A: 0x97cd B: 0x6a3b -> Res=0x208 Z=0
PASS | Op: ADD A: 0xe2cd B: 0x2136 -> Res=0x403 Z=0
PASS | Op: ADD A: 0xb899 B: 0xd82 -> Res=0xc61b Z=0
PASS | Op: ADD A: 0xd65d B: 0x289e -> Res=0xfefb Z=0
PASS | Op: ADD A: 0x76fa B: 0x59b2 -> Res=0xd0ac Z=0
PASS | Op: ADD A: 0x4e5d B: 0xee5c -> Res=0x3cb9 Z=0
PASS | Op: XOR A: 0x16b4 B: 0x626b -> Res=0x74df Z=0
PASS | Op: SUB A: 0xe25 B: 0x537b -> Res=0xbaaa Z=0
PASS | Op: SUB A: 0x4284 B: 0x719d -> Res=0xd0e7 Z=0
PASS | Op: ADD A: 0x3aeb B: 0xe533 -> Res=0x201e Z=0
PASS | Op: XOR A: 0x1cb2 B: 0xfedc -> Res=0xe26e Z=0
PASS | Op: XOR A: 0xe353 B: 0x2597 -> Res=0xc6c4 Z=0
PASS | Op: AND A: 0x5b9c B: 0x565c -> Res=0x521c Z=0
PASS | Op: ADD A: 0x22b9 B: 0x87e1 -> Res=0xaa9a Z=0
PASS | Op: OR A: 0xd8b0 B: 0x846c -> Res=0xdcfc Z=0
PASS | Op: SUB A: 0x3c8b B: 0x47bd -> Res=0xf4ce Z=0
PASS | Op: AND A: 0xec5e B: 0xf8ef -> Res=0xe84e Z=0
PASS | Op: ADD A: 0x3b6b B: 0x79c3 -> Res=0xb52e Z=0
PASS | Op: XOR A: 0xd114 B: 0x5779 -> Res=0x866d Z=0
PASS | Op: ADD A: 0xf079 B: 0xb341 -> Res=0xa3ba Z=0
PASS | Op: XOR A: 0x903c B: 0xd4d5 -> Res=0x44e9 Z=0
PASS | Op: XOR A: 0xa0b1 B: 0x85a5 -> Res=0x2514 Z=0
PASS | Op: XOR A: 0x9bc5 B: 0xae5d -> Res=0x3598 Z=0
PASS | Op: AND A: 0x39ab B: 0x94aa -> Res=0x10aa Z=0
PASS | Op: OR A: 0xb26b B: 0xc272 -> Res=0xf27b Z=0
PASS | Op: ADD A: 0x1f5a B: 0xf94d -> Res=0x18a7 Z=0
PASS | Op: XOR A: 0x78d4 B: 0x9d8 -> Res=0x710c Z=0
PASS | Op: XOR A: 0xb85d B: 0xb989 -> Res=0x1d4 Z=0
PASS | Op: OR A: 0x425b B: 0x2426 -> Res=0x667f Z=0
PASS | Op: ADD A: 0x5d96 B: 0x4279 -> Res=0xa00f Z=0
PASS | Op: OR A: 0x2aab B: 0x6e1c -> Res=0x6ebf Z=0
PASS | Op: ADD A: 0xabcb B: 0x4b22 -> Res=0xf6ed Z=0
PASS | Op: AND A: 0x709b B: 0xb143 -> Res=0x3003 Z=0
PASS | Op: SUB A: 0x8901 B: 0x28b7 -> Res=0x604a Z=0
PASS | Op: AND A: 0xdff B: 0x71d7 -> Res=0x1d7 Z=0
PASS | Op: OR A: 0x6f94 B: 0x56f9 -> Res=0x7ffd Z=0
PASS | Op: ADD A: 0x997d B: 0xda3f -> Res=0x73bc Z=0
PASS | Op: ADD A: 0x212a B: 0x6e94 -> Res=0x8fbe Z=0
PASS | Op: OR A: 0xaef8 B: 0xbec6 -> Res=0xbefe Z=0
PASS | Op: ADD A: 0x3e09 B: 0xcc8c -> Res=0xa95 Z=0
PASS | Op: XOR A: 0xe307 B: 0x518e -> Res=0xb289 Z=0
PASS | Op: AND A: 0xe163 B: 0xe3ac -> Res=0xe120 Z=0
PASS | Op: SUB A: 0xa0a4 B: 0xa9e -> Res=0x9606 Z=0
PASS | Op: OR A: 0x4690 B: 0x795b -> Res=0x7fdb Z=0
PASS | Op: SUB A: 0xbcfb B: 0x913 -> Res=0xb3e8 Z=0
PASS | Op: XOR A: 0x5411 B: 0x78c -> Res=0x539d Z=0
PASS | Op: OR A: 0xa0e3 B: 0x28d9 -> Res=0xa8fb Z=0
PASS | Op: AND A: 0x9599 B: 0x319a -> Res=0x1198 Z=0
PASS | Op: ADD A: 0x204d B: 0x30bc -> Res=0x5109 Z=0
PASS | Op: ADD A: 0xe527 B: 0x7a1e -> Res=0x5f45 Z=0
PASS | Op: OR A: 0x8b37 B: 0x1e8b -> Res=0x9fbf Z=0
PASS | Op: ADD A: 0x1968 B: 0x22a0 -> Res=0x3c08 Z=0
PASS | Op: OR A: 0xce36 B: 0x14dc -> Res=0xdefe Z=0
PASS | Op: XOR A: 0xd02f B: 0x633f -> Res=0xb310 Z=0
PASS | Op: XOR A: 0x8309 B: 0xc8d7 -> Res=0x4bde Z=0
PASS | Op: XOR A: 0x7943 B: 0xec8f -> Res=0x95cc Z=0
PASS | Op: SUB A: 0xe624 B: 0x2c5f -> Res=0xb9c5 Z=0
PASS | Op: XOR A: 0x8355 B: 0xd78e -> Res=0x54db Z=0
PASS | Op: ADD A: 0x9d38 B: 0x970e -> Res=0x3446 Z=0
PASS | Op: ADD A: 0xc5d5 B: 0x977f -> Res=0x5d54 Z=0
PASS | Op: XOR A: 0x7fc7 B: 0x55fe -> Res=0x2a39 Z=0
PASS | Op: OR A: 0xb5e B: 0x17c6 -> Res=0x1fde Z=0
PASS | Op: SUB A: 0x44a9 B: 0x9cd9 -> Res=0xa7d0 Z=0
PASS | Op: XOR A: 0x95c6 B: 0x7c94 -> Res=0xe952 Z=0
PASS | Op: ADD A: 0x53b0 B: 0x8308 -> Res=0xd6b8 Z=0
PASS | Op: AND A: 0xcd8 B: 0xd03a -> Res=0x18 Z=0
PASS | Op: AND A: 0x5f32 B: 0xa8b5 -> Res=0x830 Z=0
PASS | Op: ADD A: 0x597f B: 0x6e55 -> Res=0xc7d4 Z=0
PASS | Op: XOR A: 0xbf34 B: 0x5c7 -> Res=0xbaf3 Z=0
PASS | Op: ADD A: 0xb850 B: 0x8962 -> Res=0x41b2 Z=0
PASS | Op: XOR A: 0xc306 B: 0x2cc1 -> Res=0xefc7 Z=0
PASS | Op: ADD A: 0xe0f6 B: 0x6d04 -> Res=0x4dfa Z=0
PASS | Op: SUB A: 0xa716 B: 0x4507 -> Res=0x620f Z=0
PASS | Op: XOR A: 0xde6b B: 0x5054 -> Res=0x8e3f Z=0
PASS | Op: XOR A: 0x9f39 B: 0xe72f -> Res=0x7816 Z=0
PASS | Op: ADD A: 0x9446 B: 0x8de8 -> Res=0x222e Z=0
PASS | Op: SUB A: 0x654d B: 0x8667 -> Res=0xdee6 Z=0
PASS | Op: XOR A: 0x9f18 B: 0x6cf5 -> Res=0xf3ed Z=0
PASS | Op: OR A: 0xf722 B: 0xeb21 -> Res=0xff23 Z=0
PASS | Op: ADD A: 0x86fb B: 0x63e5 -> Res=0xeae0 Z=0
PASS | Op: AND A: 0x9f20 B: 0x6ad -> Res=0x620 Z=0
PASS | Op: XOR A: 0x5282 B: 0x4158 -> Res=0x13da Z=0
PASS | Op: AND A: 0xd8c2 B: 0x6c15 -> Res=0x4800 Z=0
PASS | Op: SUB A: 0x3c87 B: 0x1a57 -> Res=0x2230 Z=0
PASS | Op: ADD A: 0x84c8 B: 0x4ef4 -> Res=0xd3bc Z=0
PASS | Op: OR A: 0x16dc B: 0x9bf2 -> Res=0x9ffe Z=0
PASS | Op: ADD A: 0x940 B: 0x2bea -> Res=0x352a Z=0
PASS | Op: XOR A: 0xb3e4 B: 0xe85c -> Res=0x5bb8 Z=0
PASS | Op: XOR A: 0x37d3 B: 0x4f19 -> Res=0x78ca Z=0
PASS | Op: SUB A: 0x8d18 B: 0xb21 -> Res=0x81f7 Z=0
PASS | Op: ADD A: 0x59a2 B: 0x7a13 -> Res=0xd3b5 Z=0
PASS | Op: ADD A: 0xc1ed B: 0xa2ca -> Res=0x64b7 Z=0
PASS | Op: ADD A: 0x1045 B: 0xf1b7 -> Res=0x1fc Z=0
PASS | Op: AND A: 0xf3b9 B: 0xda6d -> Res=0xd229 Z=0
PASS | Op: AND A: 0x96c7 B: 0xae26 -> Res=0x8606 Z=0
PASS | Op: XOR A: 0xa958 B: 0xbaf3 -> Res=0x13ab Z=0
PASS | Op: XOR A: 0x77ba B: 0x3f4e -> Res=0x48f4 Z=0
PASS | Op: XOR A: 0xd80a B: 0x736d -> Res=0xab67 Z=0
PASS | Op: SUB A: 0x9e29 B: 0x522f -> Res=0x4bfa Z=0
PASS | Op: XOR A: 0x9178 B: 0xd7ea -> Res=0x4692 Z=0
PASS | Op: SUB A: 0xecad B: 0xe5ff -> Res=0x6ae Z=0
PASS | Op: AND A: 0x2e95 B: 0x69a -> Res=0x690 Z=0
PASS | Op: XOR A: 0xa148 B: 0xa7e6 -> Res=0x6ae Z=0
PASS | Op: ADD A: 0xb9fe B: 0xdb80 -> Res=0x957e Z=0
PASS | Op: ADD A: 0x5bcc B: 0xf5d1 -> Res=0x519d Z=0
PASS | Op: OR A: 0xaa95 B: 0xfa2 -> Res=0xafb7 Z=0
PASS | Op: OR A: 0xebf5 B: 0x1162 -> Res=0xfbf7 Z=0
PASS | Op: ADD A: 0xb0a3 B: 0x763a -> Res=0x26dd Z=0
PASS | Op: OR A: 0x5712 B: 0x493f -> Res=0x5f3f Z=0
PASS | Op: AND A: 0x5863 B: 0xe21b -> Res=0x4003 Z=0
PASS | Op: OR A: 0xc5ec B: 0x3fcd -> Res=0xffed Z=0
PASS | Op: ADD A: 0x44ad B: 0x7cec -> Res=0xc199 Z=0
PASS | Op: AND A: 0xd6b0 B: 0xc6c7 -> Res=0xc680 Z=0
PASS | Op: XOR A: 0x1709 B: 0x77ea -> Res=0x60e3 Z=0
PASS | Op: AND A: 0x8cfd B: 0x630a -> Res=0x8 Z=0
PASS | Op: OR A: 0xe611 B: 0x7b91 -> Res=0xff91 Z=0
PASS | Op: SUB A: 0x6e4b B: 0xe123 -> Res=0x8d28 Z=0
PASS | Op: SUB A: 0x3d96 B: 0x3d53 -> Res=0x43 Z=0
PASS | Op: XOR A: 0x4908 B: 0x27ea -> Res=0x6ee2 Z=0
PASS | Op: SUB A: 0x22b0 B: 0x4039 -> Res=0xe277 Z=0
PASS | Op: ADD A: 0x5f93 B: 0x5f7b -> Res=0xbf0e Z=0
PASS | Op: ADD A: 0x2f24 B: 0xe4d0 -> Res=0x13f4 Z=0
PASS | Op: ADD A: 0x2ede B: 0xbdc1 -> Res=0xec9f Z=0
PASS | Op: XOR A: 0x66ff B: 0x3312 -> Res=0x55ed Z=0
PASS | Op: ADD A: 0x25ff B: 0x32fe -> Res=0x58fd Z=0
PASS | Op: XOR A: 0xc2eb B: 0x143f -> Res=0xd6d4 Z=0
PASS | Op: XOR A: 0xcda1 B: 0x453e -> Res=0x889f Z=0
PASS | Op: OR A: 0x90d2 B: 0x7647 -> Res=0xf6d7 Z=0
PASS | Op: SUB A: 0xcde7 B: 0x66a4 -> Res=0x6743 Z=0
PASS | Op: SUB A: 0x4e4a B: 0x2d48 -> Res=0x2102 Z=0
PASS | Op: XOR A: 0x40a9 B: 0x4dac -> Res=0xd05 Z=0
PASS | Op: AND A: 0x8888 B: 0x3705 -> Res=0x0 Z=0
PASS | Op: XOR A: 0x8b6 B: 0xa4c0 -> Res=0xac76 Z=0
PASS | Op: ADD A: 0x2a4 B: 0xbf8c -> Res=0xc230 Z=0
PASS | Op: XOR A: 0x8506 B: 0x8645 -> Res=0x343 Z=0
PASS | Op: SUB A: 0xe56e B: 0xe454 -> Res=0x11a Z=0
PASS | Op: AND A: 0x1ceb B: 0xcf45 -> Res=0xc41 Z=0
PASS | Op: XOR A: 0x975b B: 0x1178 -> Res=0x8623 Z=0
PASS | Op: AND A: 0x4ce3 B: 0x6e96 -> Res=0x4c82 Z=0
PASS | Op: ADD A: 0x22ee B: 0xb1db -> Res=0xd4c9 Z=0
PASS | Op: SUB A: 0x788a B: 0xe5e7 -> Res=0x92a3 Z=0
PASS | Op: ADD A: 0x9295 B: 0x92d -> Res=0x9bc2 Z=0
PASS | Op: SUB A: 0x1ccd B: 0x5687 -> Res=0xc646 Z=0
PASS | Op: AND A: 0xd3a9 B: 0xfb6d -> Res=0xd329 Z=0
PASS | Op: XOR A: 0x7aab B: 0xb7b7 -> Res=0xcd1c Z=0
PASS | Op: OR A: 0xd29 B: 0x744c -> Res=0x7d6d Z=0
PASS | Op: OR A: 0xc2e4 B: 0x13dc -> Res=0xd3fc Z=0
PASS | Op: XOR A: 0xf692 B: 0xb8af -> Res=0x4e3d Z=0
PASS | Op: XOR A: 0x5e22 B: 0x8418 -> Res=0xda3a Z=0
PASS | Op: OR A: 0x4216 B: 0xc0aa -> Res=0xc2be Z=0
PASS | Op: AND A: 0x8bc B: 0xf6f5 -> Res=0xb4 Z=0
PASS | Op: ADD A: 0x9bfb B: 0xf5fb -> Res=0x91f6 Z=0
PASS | Op: ADD A: 0xb306 B: 0x1226 -> Res=0xc52c Z=0
PASS | Op: ADD A: 0x541 B: 0xfb2f -> Res=0x70 Z=0
PASS | Op: ADD A: 0x186e B: 0x8d81 -> Res=0xa5ef Z=0
PASS | Op: ADD A: 0x2b2c B: 0xb20d -> Res=0xdd39 Z=0
PASS | Op: ADD A: 0xde80 B: 0xaca -> Res=0xe94a Z=0
PASS | Op: XOR A: 0xcf66 B: 0xfe95 -> Res=0x31f3 Z=0
PASS | Op: ADD A: 0xf70d B: 0xbc65 -> Res=0xb372 Z=0
PASS | Op: SUB A: 0x2d30 B: 0x58f9 -> Res=0xd437 Z=0
PASS | Op: XOR A: 0xe95b B: 0x10dd -> Res=0xf986 Z=0
PASS | Op: OR A: 0x14be B: 0xe0b8 -> Res=0xf4be Z=0
PASS | Op: ADD A: 0x7a88 B: 0xc8bd -> Res=0x4345 Z=0
PASS | Op: AND A: 0x161a B: 0x5941 -> Res=0x1000 Z=0
PASS | Op: ADD A: 0xf81c B: 0x3ced -> Res=0x3509 Z=0
PASS | Op: OR A: 0x5e15 B: 0x3607 -> Res=0x7e17 Z=0
PASS | Op: OR A: 0x66a3 B: 0x5a0d -> Res=0x7eaf Z=0
PASS | Op: ADD A: 0x3d93 B: 0xfb3f -> Res=0x38d2 Z=0
PASS | Op: ADD A: 0x1623 B: 0xf72c -> Res=0xd4f Z=0
PASS | Op: SUB A: 0x2eae B: 0x64d5 -> Res=0xc9d9 Z=0
PASS | Op: XOR A: 0x8640 B: 0x47f5 -> Res=0xc1b5 Z=0
PASS | Op: ADD A: 0x9f4 B: 0x3581 -> Res=0x3f75 Z=0
PASS | Op: AND A: 0xbc1c B: 0x870c -> Res=0x840c Z=0
PASS | Op: OR A: 0x9857 B: 0x14eb -> Res=0x9cff Z=0
PASS | Op: ADD A: 0x42c3 B: 0xa64b -> Res=0xe90e Z=0
PASS | Op: XOR A: 0x7e4 B: 0x4be2 -> Res=0x4c06 Z=0
PASS | Op: ADD A: 0x8646 B: 0xab2e -> Res=0x3174 Z=0
PASS | Op: AND A: 0xf923 B: 0x187c -> Res=0x1820 Z=0
PASS | Op: XOR A: 0x53f6 B: 0x903d -> Res=0xc3cb Z=0
PASS | Op: ADD A: 0xbdd0 B: 0x6e53 -> Res=0x2c23 Z=0
PASS | Op: ADD A: 0xe9e1 B: 0xc62d -> Res=0xb00e Z=0
PASS | Op: SUB A: 0x9aec B: 0xfb88 -> Res=0x9f64 Z=0
PASS | Op: SUB A: 0x55d5 B: 0x3b3d -> Res=0x1a98 Z=0
PASS | Op: SUB A: 0x3c89 B: 0xd4e4 -> Res=0x67a5 Z=0
PASS | Op: XOR A: 0xc57b B: 0x1134 -> Res=0xd44f Z=0
PASS | Op: ADD A: 0x6363 B: 0xba81 -> Res=0x1de4 Z=0
PASS | Op: SUB A: 0x5e8 B: 0x91a4 -> Res=0x7444 Z=0
PASS | Op: AND A: 0xd17b B: 0x670 -> Res=0x70 Z=0
PASS | Op: SUB A: 0xf076 B: 0xa6c2 -> Res=0x49b4 Z=0
PASS | Op: XOR A: 0xdfd2 B: 0x6f83 -> Res=0xb051 Z=0
PASS | Op: AND A: 0x5df0 B: 0xac2 -> Res=0x8c0 Z=0
PASS | Op: ADD A: 0xba5 B: 0x70bd -> Res=0x7c62 Z=0
PASS | Op: ADD A: 0xd72e B: 0xbee8 -> Res=0x9616 Z=0
PASS | Op: ADD A: 0xdfe2 B: 0x7954 -> Res=0x5936 Z=0
PASS | Op: ADD A: 0xba8b B: 0x5e0a -> Res=0x1895 Z=0
PASS | Op: SUB A: 0x9256 B: 0xa990 -> Res=0xe8c6 Z=0
PASS | Op: ADD A: 0xe200 B: 0xc803 -> Res=0xaa03 Z=0
PASS | Op: SUB A: 0xc7c1 B: 0xa4a2 -> Res=0x231f Z=0
PASS | Op: XOR A: 0x28f B: 0x770 -> Res=0x5ff Z=0
PASS | Op: ADD A: 0xcbc5 B: 0xf03e -> Res=0xbc03 Z=0
PASS | Op: SUB A: 0xbff4 B: 0xdc5a -> Res=0xe39a Z=0
PASS | Op: ADD A: 0x2208 B: 0xf386 -> Res=0x158e Z=0
PASS | Op: OR A: 0x5866 B: 0x273e -> Res=0x7f7e Z=0
PASS | Op: ADD A: 0xb545 B: 0xefca -> Res=0xa50f Z=0
PASS | Op: AND A: 0x4ffa B: 0x6794 -> Res=0x4790 Z=0
PASS | Op: ADD A: 0x13aa B: 0xb90d -> Res=0xccb7 Z=0
PASS | Op: XOR A: 0x6090 B: 0x4ad5 -> Res=0x2a45 Z=0
PASS | Op: XOR A: 0x10f7 B: 0xf77a -> Res=0xe78d Z=0
PASS | Op: XOR A: 0xfd32 B: 0x8857 -> Res=0x7565 Z=0
PASS | Op: ADD A: 0x61b5 B: 0xdc5 -> Res=0x6f7a Z=0
PASS | Op: XOR A: 0x40bd B: 0x56f0 -> Res=0x164d Z=0
PASS | Op: SUB A: 0x3776 B: 0x5638 -> Res=0xe13e Z=0
PASS | Op: OR A: 0x351a B: 0x905 -> Res=0x3d1f Z=0
PASS | Op: AND A: 0xb179 B: 0x5072 -> Res=0x1070 Z=0
PASS | Op: OR A: 0xb32e B: 0x7ee5 -> Res=0xffef Z=0
PASS | Op: XOR A: 0x676a B: 0x1ad9 -> Res=0x7db3 Z=0
PASS | Op: AND A: 0x259d B: 0xa428 -> Res=0x2408 Z=0
PASS | Op: ADD A: 0xb289 B: 0x96be -> Res=0x4947 Z=0
PASS | Op: XOR A: 0x7cb8 B: 0xe848 -> Res=0x94f0 Z=0
PASS | Op: XOR A: 0x7016 B: 0xa493 -> Res=0xd485 Z=0
PASS | Op: ADD A: 0x659e B: 0xafaa -> Res=0x1548 Z=0
PASS | Op: XOR A: 0xd807 B: 0x5209 -> Res=0x8a0e Z=0
PASS | Op: SUB A: 0x30e4 B: 0xf881 -> Res=0x3863 Z=0
PASS | Op: AND A: 0x8d8f B: 0x8c1c -> Res=0x8c0c Z=0
PASS | Op: ADD A: 0x6a11 B: 0xd0 -> Res=0x6ae1 Z=0
PASS | Op: XOR A: 0x84f9 B: 0x5183 -> Res=0xd57a Z=0
PASS | Op: OR A: 0xe8a5 B: 0x59ef -> Res=0xf9ef Z=0
PASS | Op: OR A: 0x244f B: 0x3118 -> Res=0x355f Z=0
PASS | Op: ADD A: 0xff6 B: 0x51e7 -> Res=0x61dd Z=0
PASS | Op: XOR A: 0xa0f4 B: 0x26ac -> Res=0x8658 Z=0
PASS | Op: AND A: 0xadfe B: 0x8c0e -> Res=0x8c0e Z=0
PASS | Op: ADD A: 0x8d2d B: 0xd4ac -> Res=0x61d9 Z=0
PASS | Op: AND A: 0x2962 B: 0x5929 -> Res=0x920 Z=0
PASS | Op: XOR A: 0xb24d B: 0xa58f -> Res=0x17c2 Z=0
PASS | Op: ADD A: 0xc49 B: 0x7ff5 -> Res=0x8c3e Z=0
PASS | Op: XOR A: 0x75b0 B: 0x8427 -> Res=0xf197 Z=0
PASS | Op: SUB A: 0xf177 B: 0x4305 -> Res=0xae72 Z=0
PASS | Op: ADD A: 0xa06f B: 0x53d3 -> Res=0xf442 Z=0
PASS | Op: OR A: 0xb3a6 B: 0x1302 -> Res=0xb3a6 Z=0
PASS | Op: AND A: 0x8779 B: 0x2a24 -> Res=0x220 Z=0
PASS | Op: ADD A: 0xa1cb B: 0x8f59 -> Res=0x3124 Z=0
PASS | Op: XOR A: 0xf4ec B: 0x10d7 -> Res=0xe43b Z=0
PASS | Op: OR A: 0xb2f7 B: 0xc4e3 -> Res=0xf6f7 Z=0
PASS | Op: ADD A: 0x2385 B: 0x1af7 -> Res=0x3e7c Z=0
PASS | Op: ADD A: 0x11e3 B: 0xc6bf -> Res=0xd8a2 Z=0
PASS | Op: AND A: 0xc29a B: 0x65da -> Res=0x409a Z=0
PASS | Op: ADD A: 0x4cbd B: 0xdfef -> Res=0x2cac Z=0
PASS | Op: XOR A: 0xd2f4 B: 0x522e -> Res=0x80da Z=0
PASS | Op: OR A: 0x6b11 B: 0x8dd0 -> Res=0xefd1 Z=0
PASS | Op: XOR A: 0x2c7e B: 0xd55b -> Res=0xf925 Z=0
PASS | Op: OR A: 0x3ead B: 0x83f -> Res=0x3ebf Z=0
PASS | Op: OR A: 0x7c26 B: 0x2414 -> Res=0x7c36 Z=0
PASS | Op: XOR A: 0x49e4 B: 0x3334 -> Res=0x7ad0 Z=0
PASS | Op: ADD A: 0xd409 B: 0x8317 -> Res=0x5720 Z=0
PASS | Op: ADD A: 0xcac9 B: 0x98bb -> Res=0x6384 Z=0
PASS | Op: ADD A: 0x2ceb B: 0xcf73 -> Res=0xfc5e Z=0
PASS | Op: AND A: 0x6c07 B: 0xf137 -> Res=0x6007 Z=0
PASS | Op: ADD A: 0x7204 B: 0xfd22 -> Res=0x6f26 Z=0
PASS | Op: ADD A: 0x2ff0 B: 0x8f87 -> Res=0xbf77 Z=0
PASS | Op: ADD A: 0xf4e4 B: 0xac21 -> Res=0xa105 Z=0
PASS | Op: XOR A: 0xba08 B: 0x54b1 -> Res=0xeeb9 Z=0
PASS | Op: ADD A: 0x3523 B: 0xe695 -> Res=0x1bb8 Z=0
PASS | Op: ADD A: 0x622d B: 0x44a3 -> Res=0xa6d0 Z=0
PASS | Op: SUB A: 0x2e31 B: 0xca30 -> Res=0x6401 Z=0
PASS | Op: ADD A: 0x7d4a B: 0xde50 -> Res=0x5b9a Z=0
PASS | Op: ADD A: 0x724d B: 0x2859 -> Res=0x9aa6 Z=0
PASS | Op: AND A: 0x4dd9 B: 0x983f -> Res=0x819 Z=0
PASS | Op: OR A: 0xeebb B: 0xcd4f -> Res=0xefff Z=0
PASS | Op: AND A: 0x1845 B: 0xb7fe -> Res=0x1044 Z=0
PASS | Op: ADD A: 0x8282 B: 0x6c03 -> Res=0xee85 Z=0
PASS | Op: OR A: 0x475e B: 0x126d -> Res=0x577f Z=0
PASS | Op: SUB A: 0x79dd B: 0xa5b8 -> Res=0xd425 Z=0
PASS | Op: OR A: 0xc9bb B: 0xd5a2 -> Res=0xddbb Z=0
PASS | Op: ADD A: 0x1583 B: 0x4990 -> Res=0x5f13 Z=0
PASS | Op: XOR A: 0xb2d B: 0x611e -> Res=0x6a33 Z=0
PASS | Op: SUB A: 0xb666 B: 0x24b8 -> Res=0x91ae Z=0
PASS | Op: XOR A: 0x474e B: 0x9dbf -> Res=0xdaf1 Z=0
PASS | Op: ADD A: 0xcfdf B: 0x4bfa -> Res=0x1bd9 Z=0
PASS | Op: AND A: 0xd56b B: 0xbfd -> Res=0x169 Z=0
PASS | Op: AND A: 0x1ecf B: 0x9e30 -> Res=0x1e00 Z=0
PASS | Op: XOR A: 0xe74e B: 0xe659 -> Res=0x117 Z=0
PASS | Op: XOR A: 0x6f03 B: 0xbc7b -> Res=0xd378 Z=0
PASS | Op: XOR A: 0x5ee4 B: 0x430d -> Res=0x1de9 Z=0
PASS | Op: SUB A: 0x6516 B: 0x687d -> Res=0xfc99 Z=0
PASS | Op: ADD A: 0x8c15 B: 0x3cc8 -> Res=0xc8dd Z=0
PASS | Op: XOR A: 0x2024 B: 0x815e -> Res=0xa17a Z=0
PASS | Op: AND A: 0xca8e B: 0x7c35 -> Res=0x4804 Z=0
PASS | Op: ADD A: 0x24f4 B: 0x7155 -> Res=0x9649 Z=0
PASS | Op: SUB A: 0xea8e B: 0x2a -> Res=0xea64 Z=0
PASS | Op: XOR A: 0xaa3a B: 0xb669 -> Res=0x1c53 Z=0
PASS | Op: ADD A: 0xceb B: 0xb5e7 -> Res=0xc2d2 Z=0
PASS | Op: ADD A: 0x7df2 B: 0xc0b1 -> Res=0x3ea3 Z=0
PASS | Op: XOR A: 0x5987 B: 0x4f07 -> Res=0x1680 Z=0
PASS | Op: XOR A: 0x519c B: 0xac01 -> Res=0xfd9d Z=0
PASS | Op: ADD A: 0x809 B: 0x7490 -> Res=0x7c99 Z=0
PASS | Op: ADD A: 0x3eaf B: 0x4a1a -> Res=0x88c9 Z=0
PASS | Op: ADD A: 0x848c B: 0x329f -> Res=0xb72b Z=0
PASS | Op: XOR A: 0x10c5 B: 0xcd46 -> Res=0xdd83 Z=0
PASS | Op: SUB A: 0x3172 B: 0x6eba -> Res=0xc2b8 Z=0
PASS | Op: AND A: 0x2151 B: 0xea7e -> Res=0x2050 Z=0
PASS | Op: SUB A: 0xaf75 B: 0x2876 -> Res=0x86ff Z=0
PASS | Op: ADD A: 0xd9bd B: 0x4133 -> Res=0x1af0 Z=0
PASS | Op: ADD A: 0xc293 B: 0x3eb7 -> Res=0x14a Z=0
PASS | Op: OR A: 0x6691 B: 0xb -> Res=0x669b Z=0
PASS | Op: ADD A: 0x493c B: 0xda -> Res=0x4a16 Z=0
PASS | Op: OR A: 0x5df6 B: 0xd99c -> Res=0xddfe Z=0
PASS | Op: OR A: 0x2e91 B: 0x5e3b -> Res=0x7ebb Z=0
PASS | Op: SUB A: 0x7d49 B: 0x39c -> Res=0x79ad Z=0
PASS | Op: AND A: 0xd56c B: 0xb883 -> Res=0x9000 Z=0
PASS | Op: ADD A: 0x3620 B: 0x7b3d -> Res=0xb15d Z=0
PASS | Op: SUB A: 0xac89 B: 0xa596 -> Res=0x6f3 Z=0
PASS | Op: ADD A: 0xa13c B: 0xfbbf -> Res=0x9cfb Z=0
PASS | Op: XOR A: 0x3ead B: 0x2798 -> Res=0x1935 Z=0
PASS | Op: AND A: 0x1475 B: 0x5dea -> Res=0x1460 Z=0
PASS | Op: XOR A: 0xdd34 B: 0x5a45 -> Res=0x8771 Z=0
PASS | Op: AND A: 0x970d B: 0x415a -> Res=0x108 Z=0
PASS | Op: SUB A: 0xc4aa B: 0x191a -> Res=0xab90 Z=0
PASS | Op: AND A: 0xbe83 B: 0xeda9 -> Res=0xac81 Z=0
PASS | Op: ADD A: 0xb0e9 B: 0x436a -> Res=0xf453 Z=0
PASS | Op: OR A: 0x3c6d B: 0xc374 -> Res=0xff7d Z=0
PASS | Op: XOR A: 0x4969 B: 0xac41 -> Res=0xe528 Z=0
PASS | Op: XOR A: 0xd5df B: 0xfbe4 -> Res=0x2e3b Z=0
PASS | Op: XOR A: 0xa726 B: 0x734d -> Res=0xd46b Z=0
PASS | Op: ADD A: 0x51ae B: 0xd85c -> Res=0x2a0a Z=0
PASS | Op: ADD A: 0xf531 B: 0x517a -> Res=0x46ab Z=0
PASS | Op: SUB A: 0xdfc3 B: 0xd2c5 -> Res=0xcfe Z=0
PASS | Op: XOR A: 0x9a6e B: 0x4a30 -> Res=0xd05e Z=0
PASS | Op: AND A: 0xfc31 B: 0xe40e -> Res=0xe400 Z=0
PASS | Op: XOR A: 0xf5ef B: 0xbf4f -> Res=0x4aa0 Z=0
PASS | Op: XOR A: 0xcc3a B: 0x3237 -> Res=0xfe0d Z=0
PASS | Op: ADD A: 0x37da B: 0x39f1 -> Res=0x71cb Z=0
PASS | Op: AND A: 0x7b37 B: 0x75ad -> Res=0x7125 Z=0
PASS | Op: ADD A: 0x8e39 B: 0xd1b -> Res=0x9b54 Z=0
PASS | Op: XOR A: 0xe4bb B: 0x29d9 -> Res=0xcd62 Z=0
PASS | Op: ADD A: 0x4dd6 B: 0xfd06 -> Res=0x4adc Z=0
PASS | Op: OR A: 0x3190 B: 0x9f4e -> Res=0xbfde Z=0
PASS | Op: ADD A: 0xf8a1 B: 0xdbb4 -> Res=0xd455 Z=0
PASS | Op: XOR A: 0x6ee4 B: 0x2758 -> Res=0x49bc Z=0
PASS | Op: ADD A: 0x751b B: 0x1e55 -> Res=0x9370 Z=0
PASS | Op: SUB A: 0x2224 B: 0x9190 -> Res=0x9094 Z=0
PASS | Op: AND A: 0x6da3 B: 0x65f1 -> Res=0x65a1 Z=0
PASS | Op: XOR A: 0x70 B: 0x4b0c -> Res=0x4b7c Z=0
PASS | Op: SUB A: 0xbf71 B: 0xad52 -> Res=0x121f Z=0
PASS | Op: OR A: 0x4a9b B: 0x17a -> Res=0x4bfb Z=0
PASS | Op: SUB A: 0x9815 B: 0x2830 -> Res=0x6fe5 Z=0
PASS | Op: ADD A: 0x3664 B: 0xfd25 -> Res=0x3389 Z=0
PASS | Op: ADD A: 0xf2e5 B: 0x4525 -> Res=0x380a Z=0
PASS | Op: ADD A: 0x8e36 B: 0xd7c6 -> Res=0x65fc Z=0
PASS | Op: XOR A: 0x7cce B: 0xd728 -> Res=0xabe6 Z=0
PASS | Op: ADD A: 0x1bcc B: 0x8751 -> Res=0xa31d Z=0
PASS | Op: OR A: 0xada7 B: 0x7cd5 -> Res=0xfdf7 Z=0
PASS | Op: ADD A: 0x87d6 B: 0x12cf -> Res=0x9aa5 Z=0
PASS | Op: XOR A: 0xde3c B: 0xc53d -> Res=0x1b01 Z=0
PASS | Op: XOR A: 0x4c36 B: 0xe32f -> Res=0xaf19 Z=0
PASS | Op: AND A: 0x4b29 B: 0xd2b8 -> Res=0x4228 Z=0
PASS | Op: OR A: 0x8736 B: 0xe95d -> Res=0xef7f Z=0
PASS | Op: ADD A: 0x70b2 B: 0x61b6 -> Res=0xd268 Z=0
PASS | Op: AND A: 0xe36d B: 0x224b -> Res=0x2249 Z=0
PASS | Op: SUB A: 0x4d46 B: 0x302 -> Res=0x4a44 Z=0
PASS | Op: OR A: 0xeb62 B: 0x171f -> Res=0xff7f Z=0
PASS | Op: XOR A: 0x9c6 B: 0x19a8 -> Res=0x106e Z=0
PASS | Op: XOR A: 0xc145 B: 0x9b85 -> Res=0x5ac0 Z=0
PASS | Op: OR A: 0x90cf B: 0x15f2 -> Res=0x95ff Z=0
PASS | Op: OR A: 0x2d1c B: 0xdea5 -> Res=0xffbd Z=0
PASS | Op: SUB A: 0x2e78 B: 0x3b52 -> Res=0xf326 Z=0
PASS | Op: AND A: 0xbbc4 B: 0x2a70 -> Res=0x2a40 Z=0
PASS | Op: ADD A: 0xc98f B: 0x127a -> Res=0xdc09 Z=0
PASS | Op: SUB A: 0x56e2 B: 0x7161 -> Res=0xe581 Z=0
PASS | Op: XOR A: 0x4ad1 B: 0xede6 -> Res=0xa737 Z=0
PASS | Op: SUB A: 0x3c7d B: 0x58f3 -> Res=0xe38a Z=0
PASS | Op: AND A: 0x41e9 B: 0x6c5d -> Res=0x4049 Z=0
PASS | Op: OR A: 0x9280 B: 0x2428 -> Res=0xb6a8 Z=0
PASS | Op: XOR A: 0xd355 B: 0x592f -> Res=0x8a7a Z=0
PASS | Op: ADD A: 0x5e12 B: 0xc496 -> Res=0x22a8 Z=0
PASS | Op: ADD A: 0x10b6 B: 0x6e39 -> Res=0x7eef Z=0
PASS | Op: AND A: 0x4b9c B: 0xce92 -> Res=0x4a90 Z=0
PASS | Op: AND A: 0xd06e B: 0x91d0 -> Res=0x9040 Z=0
PASS | Op: AND A: 0xc790 B: 0xc934 -> Res=0xc110 Z=0
PASS | Op: OR A: 0x1453 B: 0x3a5b -> Res=0x3e5b Z=0
PASS | Op: ADD A: 0xa7a4 B: 0xebc3 -> Res=0x9367 Z=0
PASS | Op: XOR A: 0xfdb2 B: 0xd2b6 -> Res=0x2f04 Z=0
PASS | Op: AND A: 0x3a5a B: 0x3939 -> Res=0x3818 Z=0
PASS | Op: AND A: 0x8be6 B: 0x4f5 -> Res=0xe4 Z=0
PASS | Op: XOR A: 0xb358 B: 0xf1c -> Res=0xbc44 Z=0
PASS | Op: ADD A: 0xfd29 B: 0x49ec -> Res=0x4715 Z=0
PASS | Op: SUB A: 0x713d B: 0x4796 -> Res=0x29a7 Z=0
PASS | Op: AND A: 0x1d53 B: 0xc948 -> Res=0x940 Z=0
PASS | Op: XOR A: 0x8c8b B: 0x9ed7 -> Res=0x125c Z=0
PASS | Op: ADD A: 0x82a7 B: 0xbba -> Res=0x8e61 Z=0
PASS | Op: XOR A: 0xa7b B: 0x62bc -> Res=0x68c7 Z=0
PASS | Op: XOR A: 0x2cfb B: 0x86bd -> Res=0xaa46 Z=0
PASS | Op: SUB A: 0xf31 B: 0xcd07 -> Res=0x422a Z=0
PASS | Op: XOR A: 0xf617 B: 0x1ef7 -> Res=0xe8e0 Z=0
PASS | Op: ADD A: 0xf513 B: 0x31db -> Res=0x26ee Z=0
PASS | Op: XOR A: 0xbc62 B: 0xb410 -> Res=0x872 Z=0
PASS | Op: SUB A: 0x6a71 B: 0xe214 -> Res=0x885d Z=0
PASS | Op: ADD A: 0x6997 B: 0xe67d -> Res=0x5014 Z=0
PASS | Op: XOR A: 0x32a3 B: 0x4ab7 -> Res=0x7814 Z=0
PASS | Op: ADD A: 0xe7f1 B: 0x258 -> Res=0xea49 Z=0
PASS | Op: OR A: 0xf82f B: 0xd9b9 -> Res=0xf9bf Z=0
PASS | Op: SUB A: 0x6b76 B: 0x559 -> Res=0x661d Z=0
PASS | Op: XOR A: 0xdbd2 B: 0x6136 -> Res=0xbae4 Z=0
PASS | Op: ADD A: 0xd0c0 B: 0x5084 -> Res=0x2144 Z=0
PASS | Op: AND A: 0x1828 B: 0xa1b3 -> Res=0x20 Z=0
PASS | Op: OR A: 0x711a B: 0xd717 -> Res=0xf71f Z=0
PASS | Op: ADD A: 0x9cb9 B: 0x2a0a -> Res=0xc6c3 Z=0
PASS | Op: OR A: 0x2bfc B: 0x2564 -> Res=0x2ffc Z=0
PASS | Op: XOR A: 0x332f B: 0xf464 -> Res=0xc74b Z=0
PASS | Op: ADD A: 0xc062 B: 0x2a96 -> Res=0xeaf8 Z=0
PASS | Op: OR A: 0x7f2a B: 0xa8e1 -> Res=0xffeb Z=0
PASS | Op: SUB A: 0x923c B: 0xf3c9 -> Res=0x9e73 Z=0
PASS | Op: XOR A: 0x5b58 B: 0x1cae -> Res=0x47f6 Z=0
PASS | Op: AND A: 0x76a2 B: 0x2ae8 -> Res=0x22a0 Z=0
PASS | Op: ADD A: 0x2a1c B: 0x327b -> Res=0x5c97 Z=0
PASS | Op: AND A: 0x37f9 B: 0x245f -> Res=0x2459 Z=0
PASS | Op: AND A: 0xbf88 B: 0x5e6b -> Res=0x1e08 Z=0
PASS | Op: ADD A: 0xcdbf B: 0xf90e -> Res=0xc6cd Z=0
PASS | Op: XOR A: 0x3d1 B: 0x8410 -> Res=0x87c1 Z=0
PASS | Op: ADD A: 0x81a6 B: 0x9e9f -> Res=0x2045 Z=0
PASS | Op: ADD A: 0x1f3a B: 0x939c -> Res=0xb2d6 Z=0
PASS | Op: ADD A: 0x8570 B: 0x3c3 -> Res=0x8933 Z=0
PASS | Op: XOR A: 0x9b1b B: 0x256a -> Res=0xbe71 Z=0
PASS | Op: SUB A: 0x73a9 B: 0x1f2c -> Res=0x547d Z=0
PASS | Op: XOR A: 0x4584 B: 0x559f -> Res=0x101b Z=0
PASS | Op: ADD A: 0x5862 B: 0x778e -> Res=0xcff0 Z=0
PASS | Op: ADD A: 0x6ad6 B: 0x2573 -> Res=0x9049 Z=0
PASS | Op: OR A: 0x1991 B: 0x1909 -> Res=0x1999 Z=0
PASS | Op: ADD A: 0x6f0e B: 0xc124 -> Res=0x3032 Z=0
PASS | Op: AND A: 0x7e62 B: 0x8970 -> Res=0x860 Z=0
PASS | Op: ADD A: 0xe97f B: 0x36d1 -> Res=0x2050 Z=0
PASS | Op: XOR A: 0xdf3b B: 0xefb0 -> Res=0x308b Z=0
PASS | Op: XOR A: 0xb757 B: 0xb7d8 -> Res=0x8f Z=0
PASS | Op: ADD A: 0x472a B: 0x30a0 -> Res=0x77ca Z=0
PASS | Op: XOR A: 0xe490 B: 0x6d55 -> Res=0x89c5 Z=0
PASS | Op: XOR A: 0x81a7 B: 0xbd25 -> Res=0x3c82 Z=0
PASS | Op: XOR A: 0x8e06 B: 0xebd1 -> Res=0x65d7 Z=0
PASS | Op: XOR A: 0x8946 B: 0x4a7b -> Res=0xc33d Z=0
PASS | Op: XOR A: 0x4a52 B: 0x3927 -> Res=0x7375 Z=0
PASS | Op: OR A: 0x1871 B: 0x17c5 -> Res=0x1ff5 Z=0
PASS | Op: SUB A: 0xc388 B: 0x8a47 -> Res=0x3941 Z=0
PASS | Op: ADD A: 0x153e B: 0xd6cc -> Res=0xec0a Z=0
PASS | Op: ADD A: 0x1bbf B: 0xde25 -> Res=0xf9e4 Z=0
PASS | Op: ADD A: 0xe851 B: 0x1e33 -> Res=0x684 Z=0
PASS | Op: OR A: 0xc8fa B: 0xb217 -> Res=0xfaff Z=0
PASS | Op: ADD A: 0xb965 B: 0xb8e5 -> Res=0x724a Z=0
PASS | Op: OR A: 0x1ef7 B: 0xa05f -> Res=0xbeff Z=0
PASS | Op: ADD A: 0xea23 B: 0x834 -> Res=0xf257 Z=0
PASS | Op: ADD A: 0x686b B: 0x3568 -> Res=0x9dd3 Z=0
PASS | Op: AND A: 0x60ba B: 0xf52b -> Res=0x602a Z=0
PASS | Op: ADD A: 0x25a6 B: 0x6ae6 -> Res=0x908c Z=0
PASS | Op: XOR A: 0x9339 B: 0x5e56 -> Res=0xcd6f Z=0
PASS | Op: OR A: 0x849 B: 0x9db9 -> Res=0x9df9 Z=0
PASS | Op: SUB A: 0xa6e3 B: 0xfd49 -> Res=0xa99a Z=0
PASS | Op: XOR A: 0xb6a6 B: 0x5821 -> Res=0xee87 Z=0
PASS | Op: XOR A: 0xb070 B: 0xec24 -> Res=0x5c54 Z=0
PASS | Op: ADD A: 0x525a B: 0x6d2b -> Res=0xbf85 Z=0
PASS | Op: AND A: 0x44ea B: 0xd28e -> Res=0x408a Z=0
PASS | Op: AND A: 0xf24 B: 0x255e -> Res=0x504 Z=0
PASS | Op: AND A: 0x83ae B: 0x1de2 -> Res=0x1a2 Z=0
PASS | Op: XOR A: 0xb3bb B: 0x6cca -> Res=0xdf71 Z=0
PASS | Op: XOR A: 0x4674 B: 0xbeb6 -> Res=0xf8c2 Z=0
PASS | Op: ADD A: 0xf2f8 B: 0xeb26 -> Res=0xde1e Z=0
PASS | Op: ADD A: 0xa121 B: 0x7a0d -> Res=0x1b2e Z=0
PASS | Op: AND A: 0xe43d B: 0xce6 -> Res=0x424 Z=0
PASS | Op: OR A: 0xc210 B: 0x8c6e -> Res=0xce7e Z=0
PASS | Op: ADD A: 0x1804 B: 0xf89d -> Res=0x10a1 Z=0
PASS | Op: OR A: 0x59cd B: 0x1bb -> Res=0x59ff Z=0
PASS | Op: ADD A: 0xd37f B: 0xa502 -> Res=0x7881 Z=0
PASS | Op: XOR A: 0xa0cf B: 0xec5b -> Res=0x4c94 Z=0
PASS | Op: ADD A: 0x3bb7 B: 0xf90f -> Res=0x34c6 Z=0
PASS | Op: SUB A: 0x2725 B: 0xe009 -> Res=0x471c Z=0
PASS | Op: SUB A: 0x909f B: 0x8161 -> Res=0xf3e Z=0
PASS | Op: ADD A: 0x2ab2 B: 0x29b6 -> Res=0x5468 Z=0
PASS | Op: ADD A: 0x8b61 B: 0x485 -> Res=0x8fe6 Z=0
PASS | Op: XOR A: 0x6d69 B: 0x69fd -> Res=0x494 Z=0
PASS | Op: ADD A: 0x5494 B: 0xf22c -> Res=0x46c0 Z=0
PASS | Op: AND A: 0xe21a B: 0x81db -> Res=0x801a Z=0
PASS | Op: ADD A: 0xf09d B: 0x9bfe -> Res=0x8c9b Z=0
PASS | Op: XOR A: 0x5669 B: 0x28c0 -> Res=0x7ea9 Z=0
PASS | Op: SUB A: 0x5094 B: 0xf42d -> Res=0x5c67 Z=0
PASS | Op: XOR A: 0xe3f4 B: 0x18ef -> Res=0xfb1b Z=0
PASS | Op: XOR A: 0xc4cc B: 0xca5a -> Res=0xe96 Z=0
PASS | Op: ADD A: 0xde12 B: 0xce0 -> Res=0xeaf2 Z=0
PASS | Op: XOR A: 0x2199 B: 0xecb5 -> Res=0xcd2c Z=0
PASS | Op: ADD A: 0x2788 B: 0x9e26 -> Res=0xc5ae Z=0
PASS | Op: ADD A: 0x3caa B: 0x1368 -> Res=0x5012 Z=0
PASS | Op: SUB A: 0x2b10 B: 0x1de9 -> Res=0xd27 Z=0
PASS | Op: AND A: 0x29d8 B: 0x20df -> Res=0x20d8 Z=0
PASS | Op: AND A: 0x4013 B: 0x4e0e -> Res=0x4002 Z=0
PASS | Op: AND A: 0x29d2 B: 0xef84 -> Res=0x2980 Z=0
PASS | Op: ADD A: 0x2f42 B: 0xbe6f -> Res=0xedb1 Z=0
PASS | Op: ADD A: 0x1b87 B: 0xf884 -> Res=0x140b Z=0
PASS | Op: AND A: 0x9ff9 B: 0x909b -> Res=0x9099 Z=0
PASS | Op: ADD A: 0x8a5 B: 0x1f2d -> Res=0x27d2 Z=0
PASS | Op: SUB A: 0x346 B: 0xa635 -> Res=0x5d11 Z=0
PASS | Op: XOR A: 0xf285 B: 0x18e0 -> Res=0xea65 Z=0
PASS | Op: XOR A: 0xbe96 B: 0x9a75 -> Res=0x24e3 Z=0
PASS | Op: XOR A: 0xa2ad B: 0xf6bc -> Res=0x5411 Z=0
PASS | Op: OR A: 0x25bf B: 0xf991 -> Res=0xfdbf Z=0
PASS | Op: AND A: 0x3c65 B: 0x7491 -> Res=0x3401 Z=0
PASS | Op: XOR A: 0x17cb B: 0x7055 -> Res=0x679e Z=0
PASS | Op: OR A: 0x9e4e B: 0xe8ec -> Res=0xfeee Z=0
PASS | Op: ADD A: 0x4949 B: 0x508a -> Res=0x99d3 Z=0
PASS | Op: ADD A: 0x91ac B: 0xa75b -> Res=0x3907 Z=0
PASS | Op: ADD A: 0x2e25 B: 0x68bb -> Res=0x96e0 Z=0
PASS | Op: AND A: 0x2df0 B: 0xb2e9 -> Res=0x20e0 Z=0
PASS | Op: AND A: 0xca17 B: 0x8ebe -> Res=0x8a16 Z=0
PASS | Op: XOR A: 0xcde4 B: 0x7ab3 -> Res=0xb757 Z=0
PASS | Op: SUB A: 0x5f97 B: 0x312f -> Res=0x2e68 Z=0
PASS | Op: ADD A: 0x2c3b B: 0x400b -> Res=0x6c46 Z=0
PASS | Op: ADD A: 0x269a B: 0x46a0 -> Res=0x6d3a Z=0
PASS | Op: XOR A: 0x6d5d B: 0xb028 -> Res=0xdd75 Z=0
PASS | Op: XOR A: 0x8de1 B: 0xd54f -> Res=0x58ae Z=0
PASS | Op: XOR A: 0xdb58 B: 0x8d1f -> Res=0x5647 Z=0
PASS | Op: SUB A: 0xf1ab B: 0xebc1 -> Res=0x5ea Z=0
PASS | Op: XOR A: 0xe30c B: 0x8942 -> Res=0x6a4e Z=0
PASS | Op: AND A: 0xfdac B: 0x6f7c -> Res=0x6d2c Z=0
PASS | Op: SUB A: 0xfb4a B: 0xf8ff -> Res=0x24b Z=0
PASS | Op: OR A: 0x6c5b B: 0x45e -> Res=0x6c5f Z=0
PASS | Op: OR A: 0xc751 B: 0x553b -> Res=0xd77b Z=0
PASS | Op: ADD A: 0x8266 B: 0x6f25 -> Res=0xf18b Z=0
PASS | Op: AND A: 0x4829 B: 0xa201 -> Res=0x1 Z=0
PASS | Op: OR A: 0xc584 B: 0x576 -> Res=0xc5f6 Z=0
PASS | Op: XOR A: 0x886b B: 0xa770 -> Res=0x2f1b Z=0
PASS | Op: ADD A: 0xdeb7 B: 0xea1e -> Res=0xc8d5 Z=0
PASS | Op: ADD A: 0xae0b B: 0x7265 -> Res=0x2070 Z=0
PASS | Op: ADD A: 0x123c B: 0xb35e -> Res=0xc59a Z=0
PASS | Op: OR A: 0x784 B: 0xab12 -> Res=0xaf96 Z=0
PASS | Op: XOR A: 0x6e84 B: 0xdbe2 -> Res=0xb566 Z=0
PASS | Op: XOR A: 0x9679 B: 0xd151 -> Res=0x4728 Z=0
PASS | Op: XOR A: 0x85a8 B: 0xcb16 -> Res=0x4ebe Z=0
PASS | Op: XOR A: 0xe8a6 B: 0xbb17 -> Res=0x53b1 Z=0
PASS | Op: SUB A: 0x4253 B: 0x4a27 -> Res=0xf82c Z=0
PASS | Op: XOR A: 0x105f B: 0xc1f0 -> Res=0xd1af Z=0
PASS | Op: OR A: 0x8140 B: 0x2c79 -> Res=0xad79 Z=0
PASS | Op: AND A: 0xde28 B: 0xb5f5 -> Res=0x9420 Z=0
PASS | Op: ADD A: 0xe024 B: 0xb957 -> Res=0x997b Z=0
PASS | Op: XOR A: 0x280f B: 0x97d7 -> Res=0xbfd8 Z=0
PASS | Op: ADD A: 0x8933 B: 0xe04f -> Res=0x6982 Z=0
PASS | Op: OR A: 0xb2f3 B: 0x566d -> Res=0xf6ff Z=0
PASS | Op: AND A: 0x8593 B: 0x8669 -> Res=0x8401 Z=0
PASS | Op: XOR A: 0x9670 B: 0x19a7 -> Res=0x8fd7 Z=0
PASS | Op: ADD A: 0xfa12 B: 0x8e21 -> Res=0x8833 Z=0
PASS | Op: OR A: 0xbbce B: 0x72e1 -> Res=0xfbef Z=0
PASS | Op: SUB A: 0x19c B: 0xf514 -> Res=0xc88 Z=0
PASS | Op: XOR A: 0x84fa B: 0x9bc9 -> Res=0x1f33 Z=0
PASS | Op: AND A: 0x57fe B: 0xc0dc -> Res=0x40dc Z=0
PASS | Op: XOR A: 0xb6a B: 0x61 -> Res=0xb0b Z=0
PASS | Op: OR A: 0xe5a4 B: 0x3cc8 -> Res=0xfdec Z=0
PASS | Op: SUB A: 0xaa3a B: 0xcdea -> Res=0xdc50 Z=0
PASS | Op: ADD A: 0xce41 B: 0xecaa -> Res=0xbaeb Z=0
PASS | Op: XOR A: 0x5d8f B: 0x446f -> Res=0x19e0 Z=0
PASS | Op: ADD A: 0x2d03 B: 0xa8ba -> Res=0xd5bd Z=0
PASS | Op: AND A: 0xb573 B: 0x6511 -> Res=0x2511 Z=0
PASS | Op: XOR A: 0x74df B: 0xa933 -> Res=0xddec Z=0
PASS | Op: AND A: 0x4748 B: 0x6add -> Res=0x4248 Z=0
PASS | Op: XOR A: 0xbabb B: 0x6866 -> Res=0xd2dd Z=0
PASS | Op: AND A: 0xa35c B: 0x306d -> Res=0x204c Z=0
PASS | Op: XOR A: 0x49f2 B: 0xc2ed -> Res=0x8b1f Z=0
PASS | Op: AND A: 0x8006 B: 0x2966 -> Res=0x6 Z=0
PASS | Op: SUB A: 0x1c08 B: 0xdb27 -> Res=0x40e1 Z=0
PASS | Op: SUB A: 0xd07e B: 0xf1fb -> Res=0xde83 Z=0
PASS | Op: XOR A: 0x4a2 B: 0xf313 -> Res=0xf7b1 Z=0
PASS | Op: XOR A: 0xbd6e B: 0x5bbf -> Res=0xe6d1 Z=0
PASS | Op: ADD A: 0x8d2f B: 0x8829 -> Res=0x1558 Z=0
PASS | Op: AND A: 0x849b B: 0xe39f -> Res=0x809b Z=0
PASS | Op: XOR A: 0xdfdc B: 0x1ef -> Res=0xde33 Z=0
PASS | Op: OR A: 0x6f46 B: 0x8451 -> Res=0xef57 Z=0
PASS | Op: XOR A: 0x7bc0 B: 0xe555 -> Res=0x9e95 Z=0
PASS | Op: XOR A: 0x7930 B: 0x808 -> Res=0x7138 Z=0
PASS | Op: XOR A: 0x56e B: 0x82fa -> Res=0x8794 Z=0
PASS | Op: SUB A: 0xba0b B: 0x5de7 -> Res=0x5c24 Z=0
PASS | Op: XOR A: 0xf2fb B: 0xf0c4 -> Res=0x23f Z=0
PASS | Op: XOR A: 0x6d3 B: 0x8b1f -> Res=0x8dcc Z=0
PASS | Op: SUB A: 0xb2d0 B: 0xb60e -> Res=0xfcc2 Z=0
PASS | Op: AND A: 0x6f08 B: 0x496d -> Res=0x4908 Z=0
PASS | Op: OR A: 0x82c7 B: 0x30d0 -> Res=0xb2d7 Z=0
PASS | Op: XOR A: 0x208a B: 0xb8d7 -> Res=0x985d Z=0
PASS | Op: XOR A: 0x8201 B: 0x78f -> Res=0x858e Z=0
PASS | Op: XOR A: 0x52e6 B: 0xa06 -> Res=0x58e0 Z=0
PASS | Op: OR A: 0x5a16 B: 0x1065 -> Res=0x5a77 Z=0
PASS | Op: AND A: 0xc585 B: 0xe843 -> Res=0xc001 Z=0
PASS | Op: OR A: 0x927 B: 0xda81 -> Res=0xdba7 Z=0
PASS | Op: SUB A: 0x32a3 B: 0x5014 -> Res=0xe28f Z=0
PASS | Op: XOR A: 0x5373 B: 0x4d21 -> Res=0x1e52 Z=0
PASS | Op: OR A: 0x8756 B: 0x1ef7 -> Res=0x9ff7 Z=0
PASS | Op: XOR A: 0xd36c B: 0x1af6 -> Res=0xc99a Z=0
PASS | Op: SUB A: 0x3717 B: 0xdb7f -> Res=0x5b98 Z=0
PASS | Op: ADD A: 0xb63 B: 0x5d53 -> Res=0x68b6 Z=0
PASS | Op: SUB A: 0xcb1d B: 0x4a5b -> Res=0x80c2 Z=0
PASS | Op: OR A: 0xaeeb B: 0xc792 -> Res=0xeffb Z=0
PASS | Op: OR A: 0x4f1e B: 0xc485 -> Res=0xcf9f Z=0
PASS | Op: SUB A: 0xff6b B: 0x2b5 -> Res=0xfcb6 Z=0
PASS | Op: XOR A: 0x8762 B: 0x26b0 -> Res=0xa1d2 Z=0
PASS | Op: AND A: 0x2f54 B: 0x3205 -> Res=0x2204 Z=0
PASS | Op: XOR A: 0x614e B: 0xfb25 -> Res=0x9a6b Z=0
PASS | Op: ADD A: 0xdb11 B: 0x9946 -> Res=0x7457 Z=0
PASS | Op: XOR A: 0x76f2 B: 0x37ec -> Res=0x411e Z=0
PASS | Op: OR A: 0xdb22 B: 0xe2de -> Res=0xfbfe Z=0
PASS | Op: SUB A: 0x2cb3 B: 0xfd8b -> Res=0x2f28 Z=0
PASS | Op: ADD A: 0x540d B: 0x5eda -> Res=0xb2e7 Z=0
PASS | Op: OR A: 0x7ead B: 0x859f -> Res=0xffbf Z=0
PASS | Op: OR A: 0x1e24 B: 0xe863 -> Res=0xfe67 Z=0
PASS | Op: XOR A: 0x6fcc B: 0xb7be -> Res=0xd872 Z=0
PASS | Op: XOR A: 0x21e1 B: 0xc5c3 -> Res=0xe422 Z=0
PASS | Op: ADD A: 0x9bdc B: 0x64d9 -> Res=0xb5 Z=0
PASS | Op: AND A: 0x121d B: 0x9d30 -> Res=0x1010 Z=0
PASS | Op: AND A: 0x1453 B: 0x8cb4 -> Res=0x410 Z=0
PASS | Op: OR A: 0xdfb8 B: 0xd9f7 -> Res=0xdfff Z=0
PASS | Op: OR A: 0x5819 B: 0x55ac -> Res=0x5dbd Z=0
PASS | Op: XOR A: 0xb760 B: 0x6a43 -> Res=0xdd23 Z=0
PASS | Op: XOR A: 0x1cff B: 0xa6e9 -> Res=0xba16 Z=0
PASS | Op: XOR A: 0x55c0 B: 0x25c3 -> Res=0x7003 Z=0
PASS | Op: XOR A: 0xab51 B: 0x19cc -> Res=0xb29d Z=0
PASS | Op: XOR A: 0xeab7 B: 0x503f -> Res=0xba88 Z=0
PASS | Op: AND A: 0x2d10 B: 0xe1dd -> Res=0x2110 Z=0
PASS | Op: XOR A: 0x3ce8 B: 0x17ff -> Res=0x2b17 Z=0
PASS | Op: SUB A: 0x9e47 B: 0x1c6a -> Res=0x81dd Z=0
PASS | Op: SUB A: 0xc5f4 B: 0x9fc6 -> Res=0x262e Z=0
PASS | Op: AND A: 0xfca B: 0xce4d -> Res=0xe48 Z=0
PASS | Op: XOR A: 0x4884 B: 0xa9b -> Res=0x421f Z=0
PASS | Op: AND A: 0x7dc6 B: 0x23b9 -> Res=0x2180 Z=0
PASS | Op: XOR A: 0x8618 B: 0x225e -> Res=0xa446 Z=0
PASS | Op: ADD A: 0x67ff B: 0x2242 -> Res=0x8a41 Z=0
PASS | Op: ADD A: 0x9e6 B: 0x475f -> Res=0x5145 Z=0
PASS | Op: SUB A: 0x1d5a B: 0x1e4b -> Res=0xff0f Z=0
PASS | Op: SUB A: 0xa0b2 B: 0xd864 -> Res=0xc84e Z=0
PASS | Op: SUB A: 0xd389 B: 0x6d23 -> Res=0x6666 Z=0
PASS | Op: SUB A: 0x6f5a B: 0xc9ab -> Res=0xa5af Z=0
PASS | Op: XOR A: 0x8d7d B: 0x7f99 -> Res=0xf2e4 Z=0
PASS | Op: SUB A: 0x6b4a B: 0x49f3 -> Res=0x2157 Z=0
PASS | Op: XOR A: 0x5be4 B: 0xed46 -> Res=0xb6a2 Z=0
PASS | Op: AND A: 0x50e1 B: 0xdfcb -> Res=0x50c1 Z=0
PASS | Op: XOR A: 0xfc45 B: 0x9693 -> Res=0x6ad6 Z=0
PASS | Op: ADD A: 0x126e B: 0x4f47 -> Res=0x61b5 Z=0
PASS | Op: XOR A: 0x7958 B: 0xdfd -> Res=0x74a5 Z=0
PASS | Op: AND A: 0xec59 B: 0xdad2 -> Res=0xc850 Z=0
PASS | Op: OR A: 0xaa28 B: 0xd169 -> Res=0xfb69 Z=0
PASS | Op: ADD A: 0x731b B: 0xc8bf -> Res=0x3bda Z=0
PASS | Op: XOR A: 0x50f4 B: 0x1500 -> Res=0x45f4 Z=0
PASS | Op: XOR A: 0xcb40 B: 0x4e98 -> Res=0x85d8 Z=0
PASS | Op: OR A: 0x3dd B: 0x474d -> Res=0x47dd Z=0
PASS | Op: OR A: 0x56fe B: 0x22e6 -> Res=0x76fe Z=0
PASS | Op: XOR A: 0xd0f7 B: 0xf634 -> Res=0x26c3 Z=0
PASS | Op: ADD A: 0xe8fd B: 0x5686 -> Res=0x3f83 Z=0
PASS | Op: ADD A: 0x9906 B: 0xfc54 -> Res=0x955a Z=0
PASS | Op: SUB A: 0xe176 B: 0xb4e0 -> Res=0x2c96 Z=0
PASS | Op: OR A: 0xcee6 B: 0x3c9d -> Res=0xfeff Z=0
PASS | Op: XOR A: 0x214b B: 0x3950 -> Res=0x181b Z=0
PASS | Op: OR A: 0x9052 B: 0x92f -> Res=0x997f Z=0
PASS | Op: XOR A: 0xe117 B: 0x7e5 -> Res=0xe6f2 Z=0
PASS | Op: XOR A: 0xb476 B: 0x3fed -> Res=0x8b9b Z=0
PASS | Op: XOR A: 0x727d B: 0x9a60 -> Res=0xe81d Z=0
PASS | Op: XOR A: 0xf272 B: 0xdff7 -> Res=0x2d85 Z=0
PASS | Op: OR A: 0x4fb1 B: 0x97e1 -> Res=0xdff1 Z=0
PASS | Op: XOR A: 0xfd67 B: 0x86cd -> Res=0x7baa Z=0
PASS | Op: ADD A: 0xbeab B: 0xc359 -> Res=0x8204 Z=0
PASS | Op: XOR A: 0xd40 B: 0x3a8b -> Res=0x37cb Z=0
PASS | Op: AND A: 0xf49d B: 0xf8e1 -> Res=0xf081 Z=0
PASS | Op: XOR A: 0xddb B: 0x4c50 -> Res=0x418b Z=0
PASS | Op: OR A: 0xff60 B: 0xda11 -> Res=0xff71 Z=0
PASS | Op: ADD A: 0x8341 B: 0xf08e -> Res=0x73cf Z=0
PASS | Op: SUB A: 0x436b B: 0x76ae -> Res=0xccbd Z=0
PASS | Op: XOR A: 0x877a B: 0x613c -> Res=0xe646 Z=0
PASS | Op: SUB A: 0x1b78 B: 0xd0b4 -> Res=0x4ac4 Z=0
PASS | Op: AND A: 0xd3ef B: 0x7415 -> Res=0x5005 Z=0
PASS | Op: ADD A: 0x7a09 B: 0xfabf -> Res=0x74c8 Z=0
PASS | Op: SUB A: 0x8d01 B: 0x113 -> Res=0x8bee Z=0
PASS | Op: OR A: 0x6951 B: 0x9b98 -> Res=0xfbd9 Z=0
PASS | Op: XOR A: 0xf22c B: 0x2337 -> Res=0xd11b Z=0
PASS | Op: ADD A: 0xcf1f B: 0x2220 -> Res=0xf13f Z=0
PASS | Op: XOR A: 0x83b B: 0xf056 -> Res=0xf86d Z=0
PASS | Op: AND A: 0xdea9 B: 0x7c57 -> Res=0x5c01 Z=0
PASS | Op: XOR A: 0x5ec3 B: 0x3b6a -> Res=0x65a9 Z=0
PASS | Op: OR A: 0x673c B: 0x962f -> Res=0xf73f Z=0
PASS | Op: AND A: 0x63e9 B: 0x55ae -> Res=0x41a8 Z=0
PASS | Op: SUB A: 0xa9b2 B: 0x9fd -> Res=0x9fb5 Z=0
PASS | Op: OR A: 0x5605 B: 0x1f65 -> Res=0x5f65 Z=0
PASS | Op: XOR A: 0xf130 B: 0xa05c -> Res=0x516c Z=0
PASS | Op: ADD A: 0xe170 B: 0x65c8 -> Res=0x4738 Z=0
PASS | Op: ADD A: 0x9dfe B: 0x71b2 -> Res=0xfb0 Z=0
PASS | Op: SUB A: 0xdf03 B: 0xa22e -> Res=0x3cd5 Z=0
PASS | Op: ADD A: 0x8961 B: 0xab8 -> Res=0x9419 Z=0
PASS | Op: XOR A: 0x1f66 B: 0x2ba5 -> Res=0x34c3 Z=0
PASS | Op: XOR A: 0xf461 B: 0x6488 -> Res=0x90e9 Z=0
PASS | Op: SUB A: 0xea24 B: 0xb528 -> Res=0x34fc Z=0
PASS | Op: XOR A: 0x7f6a B: 0x9c57 -> Res=0xe33d Z=0
PASS | Op: AND A: 0x3294 B: 0xfc1 -> Res=0x280 Z=0
PASS | Op: XOR A: 0x3fe3 B: 0xfed -> Res=0x300e Z=0
PASS | Op: ADD A: 0x70b4 B: 0x3500 -> Res=0xa5b4 Z=0
PASS | Op: ADD A: 0x6346 B: 0x422e -> Res=0xa574 Z=0
PASS | Op: XOR A: 0xee9f B: 0x83a6 -> Res=0x6d39 Z=0
PASS | Op: AND A: 0x4506 B: 0x6d6d -> Res=0x4504 Z=0
PASS | Op: ADD A: 0x6fb0 B: 0x2fb9 -> Res=0x9f69 Z=0
PASS | Op: XOR A: 0xceb1 B: 0x50ef -> Res=0x9e5e Z=0
PASS | Op: SUB A: 0x2f72 B: 0xac6a -> Res=0x8308 Z=0
PASS | Op: XOR A: 0xc190 B: 0xba16 -> Res=0x7b86 Z=0
PASS | Op: ADD A: 0x4cd4 B: 0x9ea6 -> Res=0xeb7a Z=0
PASS | Op: XOR A: 0xa622 B: 0x83f4 -> Res=0x25d6 Z=0
PASS | Op: XOR A: 0xb7be B: 0xdefe -> Res=0x6940 Z=0
PASS | Op: XOR A: 0x638c B: 0xa966 -> Res=0xcaea Z=0
PASS | Op: ADD A: 0x9063 B: 0x612e -> Res=0xf191 Z=0
PASS | Op: XOR A: 0x9dce B: 0x424c -> Res=0xdf82 Z=0
PASS | Op: AND A: 0xef89 B: 0x7ef5 -> Res=0x6e81 Z=0
PASS | Op: XOR A: 0x295c B: 0x8402 -> Res=0xad5e Z=0
PASS | Op: ADD A: 0x80fe B: 0x8fc8 -> Res=0x10c6 Z=0
PASS | Op: OR A: 0x8641 B: 0xce69 -> Res=0xce69 Z=0
PASS | Op: AND A: 0xbcf B: 0x4dfb -> Res=0x9cb Z=0
PASS | Op: XOR A: 0x840a B: 0x73e5 -> Res=0xf7ef Z=0
PASS | Op: XOR A: 0x380a B: 0x7cdb -> Res=0x44d1 Z=0
PASS | Op: ADD A: 0xe825 B: 0x8609 -> Res=0x6e2e Z=0
PASS | Op: XOR A: 0xc52 B: 0x162a -> Res=0x1a78 Z=0
PASS | Op: XOR A: 0x3087 B: 0x906c -> Res=0xa0eb Z=0
PASS | Op: SUB A: 0x2d3c B: 0xf144 -> Res=0x3bf8 Z=0
PASS | Op: AND A: 0xa686 B: 0xaffa -> Res=0xa682 Z=0
PASS | Op: ADD A: 0x516 B: 0x62e2 -> Res=0x67f8 Z=0
PASS | Op: OR A: 0xac33 B: 0x4dc7 -> Res=0xedf7 Z=0
PASS | Op: ADD A: 0x1078 B: 0x6ac9 -> Res=0x7b41 Z=0
PASS | Op: OR A: 0x43e8 B: 0x8b03 -> Res=0xcbeb Z=0
PASS | Op: ADD A: 0x9c68 B: 0x149c -> Res=0xb104 Z=0
PASS | Op: XOR A: 0x1b63 B: 0x1e44 -> Res=0x527 Z=0
PASS | Op: ADD A: 0x1ce0 B: 0x21da -> Res=0x3eba Z=0
PASS | Op: XOR A: 0x1baf B: 0x9c46 -> Res=0x87e9 Z=0
PASS | Op: XOR A: 0xbaa B: 0xdc70 -> Res=0xd7da Z=0
PASS | Op: XOR A: 0x722d B: 0xc263 -> Res=0xb04e Z=0
PASS | Op: ADD A: 0xacc B: 0xc787 -> Res=0xd253 Z=0
PASS | Op: ADD A: 0xaf4b B: 0xf9ca -> Res=0xa915 Z=0
PASS | Op: XOR A: 0x62fe B: 0x9797 -> Res=0xf569 Z=0
PASS | Op: OR A: 0x886d B: 0x4deb -> Res=0xcdef Z=0
PASS | Op: ADD A: 0x9d2c B: 0x24cb -> Res=0xc1f7 Z=0
PASS | Op: ADD A: 0xdf4b B: 0x3994 -> Res=0x18df Z=0
PASS | Op: OR A: 0x6654 B: 0xd949 -> Res=0xff5d Z=0
PASS | Op: SUB A: 0x2f5c B: 0x1a88 -> Res=0x14d4 Z=0
PASS | Op: ADD A: 0xfc36 B: 0x77f4 -> Res=0x742a Z=0
PASS | Op: AND A: 0x57f3 B: 0x2a07 -> Res=0x203 Z=0
PASS | Op: OR A: 0x534c B: 0x8411 -> Res=0xd75d Z=0
PASS | Op: XOR A: 0xa1d B: 0x2e3a -> Res=0x2427 Z=0
PASS | Op: XOR A: 0xa45b B: 0x8f5a -> Res=0x2b01 Z=0
PASS | Op: XOR A: 0xcd4a B: 0x8b6c -> Res=0x4626 Z=0
PASS | Op: ADD A: 0x6151 B: 0x5e28 -> Res=0xbf79 Z=0
PASS | Op: XOR A: 0xbbd5 B: 0x9140 -> Res=0x2a95 Z=0
PASS | Op: ADD A: 0xbd89 B: 0x18b2 -> Res=0xd63b Z=0
PASS | Op: OR A: 0xab9f B: 0x23ef -> Res=0xabff Z=0
PASS | Op: XOR A: 0x5a36 B: 0x5a42 -> Res=0x74 Z=0
PASS | Op: XOR A: 0x510b B: 0x4b6f -> Res=0x1a64 Z=0
PASS | Op: XOR A: 0xe614 B: 0x65fb -> Res=0x83ef Z=0
PASS | Op: ADD A: 0xa5e0 B: 0x1a7f -> Res=0xc05f Z=0
PASS | Op: XOR A: 0x25ab B: 0x5734 -> Res=0x729f Z=0
PASS | Op: SUB A: 0x47fe B: 0x8a25 -> Res=0xbdd9 Z=0
PASS | Op: ADD A: 0xc5f7 B: 0x5816 -> Res=0x1e0d Z=0
PASS | Op: ADD A: 0x66a1 B: 0xe6d6 -> Res=0x4d77 Z=0
PASS | Op: OR A: 0x5cd4 B: 0xd5b -> Res=0x5ddf Z=0
PASS | Op: ADD A: 0xd1b B: 0x14b -> Res=0xe66 Z=0
PASS | Op: XOR A: 0x221c B: 0x1e8e -> Res=0x3c92 Z=0
PASS | Op: SUB A: 0xc19a B: 0x57ec -> Res=0x69ae Z=0
PASS | Op: XOR A: 0xa4de B: 0xe828 -> Res=0x4cf6 Z=0
PASS | Op: OR A: 0xbfcd B: 0xf38b -> Res=0xffcf Z=0
PASS | Op: ADD A: 0xceb8 B: 0x1f1d -> Res=0xedd5 Z=0
PASS | Op: SUB A: 0x6b3e B: 0x8150 -> Res=0xe9ee Z=0
PASS | Op: AND A: 0xdda2 B: 0x6da8 -> Res=0x4da0 Z=0
PASS | Op: ADD A: 0x6c18 B: 0xf474 -> Res=0x608c Z=0
PASS | Op: SUB A: 0xc179 B: 0x9470 -> Res=0x2d09 Z=0
PASS | Op: OR A: 0x8210 B: 0x5bcc -> Res=0xdbdc Z=0
PASS | Op: XOR A: 0x3c33 B: 0x2ec7 -> Res=0x12f4 Z=0
PASS | Op: ADD A: 0x934d B: 0xaa1e -> Res=0x3d6b Z=0
PASS | Op: XOR A: 0x16b9 B: 0xf583 -> Res=0xe33a Z=0
PASS | Op: ADD A: 0xbf45 B: 0x6554 -> Res=0x2499 Z=0
PASS | Op: OR A: 0xc502 B: 0xde33 -> Res=0xdf33 Z=0
PASS | Op: AND A: 0x3ab5 B: 0xddff -> Res=0x18b5 Z=0
PASS | Op: AND A: 0xc033 B: 0x3c41 -> Res=0x1 Z=0
PASS | Op: XOR A: 0xa887 B: 0x4af2 -> Res=0xe275 Z=0
PASS | Op: OR A: 0x85ae B: 0xbceb -> Res=0xbdef Z=0
PASS | Op: XOR A: 0xb5db B: 0x2f99 -> Res=0x9a42 Z=0
PASS | Op: XOR A: 0x8816 B: 0xcfdb -> Res=0x47cd Z=0
PASS | Op: XOR A: 0xf830 B: 0xd15e -> Res=0x296e Z=0
PASS | Op: AND A: 0xeae B: 0xd206 -> Res=0x206 Z=0
PASS | Op: XOR A: 0x33f4 B: 0x2987 -> Res=0x1a73 Z=0
PASS | Op: XOR A: 0x2744 B: 0xbd75 -> Res=0x9a31 Z=0
PASS | Op: SUB A: 0x6528 B: 0xe615 -> Res=0x7f13 Z=0
PASS | Op: XOR A: 0xa700 B: 0x9cf4 -> Res=0x3bf4 Z=0
PASS | Op: ADD A: 0x6cb9 B: 0x51fe -> Res=0xbeb7 Z=0
PASS | Op: XOR A: 0xa3b6 B: 0x1269 -> Res=0xb1df Z=0
PASS | Op: XOR A: 0xee1f B: 0x77d4 -> Res=0x99cb Z=0
PASS | Op: OR A: 0xcbc1 B: 0xc058 -> Res=0xcbd9 Z=0
PASS | Op: XOR A: 0x44ca B: 0xb755 -> Res=0xf39f Z=0
PASS | Op: XOR A: 0x46ee B: 0xca32 -> Res=0x8cdc Z=0
PASS | Op: SUB A: 0xa385 B: 0x9b7f -> Res=0x806 Z=0
PASS | Op: OR A: 0x40b8 B: 0xeb5e -> Res=0xebfe Z=0
PASS | Op: XOR A: 0x39ed B: 0x7adb -> Res=0x4336 Z=0
PASS | Op: AND A: 0x963c B: 0x99a3 -> Res=0x9020 Z=0
PASS | Op: XOR A: 0x78c6 B: 0x4132 -> Res=0x39f4 Z=0
PASS | Op: AND A: 0xd89a B: 0xf1d4 -> Res=0xd090 Z=0
PASS | Op: XOR A: 0x9187 B: 0x7231 -> Res=0xe3b6 Z=0
PASS | Op: OR A: 0xfafd B: 0x6e89 -> Res=0xfefd Z=0
PASS | Op: SUB A: 0x1149 B: 0x499 -> Res=0xcb0 Z=0
PASS | Op: XOR A: 0xb36e B: 0xec8b -> Res=0x5fe5 Z=0
PASS | Op: XOR A: 0x3d4f B: 0x2fb -> Res=0x3fb4 Z=0
PASS | Op: OR A: 0x723a B: 0x29f3 -> Res=0x7bfb Z=0
PASS | Op: XOR A: 0xfec1 B: 0xcc39 -> Res=0x32f8 Z=0
PASS | Op: ADD A: 0xcd3e B: 0x8c59 -> Res=0x5997 Z=0
PASS | Op: ADD A: 0x67d0 B: 0x81e3 -> Res=0xe9b3 Z=0
PASS | Op: AND A: 0x56fe B: 0xe994 -> Res=0x4094 Z=0
PASS | Op: ADD A: 0xd9db B: 0x34 -> Res=0xda0f Z=0
PASS | Op: SUB A: 0xf8b8 B: 0xbf7 -> Res=0xecc1 Z=0
PASS | Op: OR A: 0xe439 B: 0x3b81 -> Res=0xffb9 Z=0
PASS | Op: AND A: 0xb0a B: 0x1545 -> Res=0x100 Z=0
PASS | Op: AND A: 0xdae5 B: 0x7e1a -> Res=0x5a00 Z=0
PASS | Op: XOR A: 0x3aae B: 0x8628 -> Res=0xbc86 Z=0
PASS | Op: AND A: 0x85f2 B: 0x2ba3 -> Res=0x1a2 Z=0
PASS | Op: ADD A: 0xe97a B: 0x63ac -> Res=0x4d26 Z=0
PASS | Op: XOR A: 0x4a4c B: 0x3e11 -> Res=0x745d Z=0
PASS | Op: XOR A: 0x9ccd B: 0xafc5 -> Res=0x3308 Z=0
PASS | Op: XOR A: 0x2b2d B: 0xb24c -> Res=0x9961 Z=0
PASS | Op: XOR A: 0x91d5 B: 0x3e1c -> Res=0xafc9 Z=0
PASS | Op: ADD A: 0xad9d B: 0xbf8c -> Res=0x6d29 Z=0
PASS | Op: ADD A: 0xa5c3 B: 0x369d -> Res=0xdc60 Z=0
PASS | Op: ADD A: 0xa0d9 B: 0xd037 -> Res=0x7110 Z=0
PASS | Op: OR A: 0xd512 B: 0xe470 -> Res=0xf572 Z=0
PASS | Op: XOR A: 0x569c B: 0x1510 -> Res=0x438c Z=0
PASS | Op: SUB A: 0x1f3a B: 0x7ef9 -> Res=0xa041 Z=0
PASS | Op: SUB A: 0x76ee B: 0x8e59 -> Res=0xe895 Z=0
PASS | Op: OR A: 0x6b83 B: 0x7341 -> Res=0x7bc3 Z=0
PASS | Op: XOR A: 0xbb58 B: 0xb21b -> Res=0x943 Z=0
PASS | Op: XOR A: 0x7d3c B: 0x5e26 -> Res=0x231a Z=0
PASS | Op: OR A: 0x6afb B: 0x6b09 -> Res=0x6bfb Z=0
PASS | Op: XOR A: 0xcc3f B: 0xd6ec -> Res=0x1ad3 Z=0
PASS | Op: ADD A: 0xa362 B: 0x87af -> Res=0x2b11 Z=0
PASS | Op: OR A: 0xe4c1 B: 0x1bd7 -> Res=0xffd7 Z=0
PASS | Op: XOR A: 0x98fa B: 0x2baf -> Res=0xb355 Z=0
PASS | Op: XOR A: 0xa13c B: 0x90a -> Res=0xa836 Z=0
PASS | Op: OR A: 0xb5d3 B: 0xaa8a -> Res=0xbfdb Z=0
PASS | Op: ADD A: 0x5cb7 B: 0x2f4d -> Res=0x8c04 Z=0
PASS | Op: XOR A: 0xcf38 B: 0xd990 -> Res=0x16a8 Z=0
PASS | Op: AND A: 0xbeb2 B: 0xd4bb -> Res=0x94b2 Z=0
PASS | Op: ADD A: 0x1495 B: 0x8aaa -> Res=0x9f3f Z=0
PASS | Op: XOR A: 0x8bc0 B: 0xed87 -> Res=0x6647 Z=0
PASS | Op: ADD A: 0x9c08 B: 0x561c -> Res=0xf224 Z=0
PASS | Op: SUB A: 0x9b7e B: 0x1bf4 -> Res=0x7f8a Z=0
PASS | Op: ADD A: 0xe95d B: 0x132a -> Res=0xfc87 Z=0
PASS | Op: OR A: 0xcb1f B: 0xa72a -> Res=0xef3f Z=0
PASS | Op: XOR A: 0x406a B: 0xe910 -> Res=0xa97a Z=0
PASS | Op: ADD A: 0x9962 B: 0xc039 -> Res=0x599b Z=0
PASS | Op: ADD A: 0xba8e B: 0x5b61 -> Res=0x15ef Z=0
PASS | Op: ADD A: 0xda3b B: 0x6b84 -> Res=0x45bf Z=0
PASS | Op: XOR A: 0xcf3c B: 0xcdb3 -> Res=0x28f Z=0
PASS | Op: ADD A: 0x31a1 B: 0xb762 -> Res=0xe903 Z=0
PASS | Op: ADD A: 0x5be8 B: 0x5e7a -> Res=0xba62 Z=0
PASS | Op: ADD A: 0xf21a B: 0x9507 -> Res=0x8721 Z=0
PASS | Op: XOR A: 0x10e2 B: 0x187 -> Res=0x1165 Z=0
PASS | Op: OR A: 0xac82 B: 0x3a58 -> Res=0xbeda Z=0
PASS | Op: ADD A: 0x56e5 B: 0xe5eb -> Res=0x3cd0 Z=0
PASS | Op: SUB A: 0xcdc9 B: 0xd654 -> Res=0xf775 Z=0
PASS | Op: SUB A: 0x5302 B: 0xb8ac -> Res=0x9a56 Z=0
PASS | Op: SUB A: 0x2261 B: 0x21ad -> Res=0xb4 Z=0
PASS | Op: AND A: 0x6abf B: 0x676c -> Res=0x622c Z=0
PASS | Op: XOR A: 0x892 B: 0xc745 -> Res=0xcfd7 Z=0
PASS | Op: AND A: 0x7780 B: 0x38b4 -> Res=0x3080 Z=0
PASS | Op: XOR A: 0x90a1 B: 0x39f4 -> Res=0xa955 Z=0
PASS | Op: SUB A: 0xa4c1 B: 0x7a55 -> Res=0x2a6c Z=0
PASS | Op: SUB A: 0x710f B: 0xba26 -> Res=0xb6e9 Z=0
PASS | Op: ADD A: 0xc2ef B: 0x10bb -> Res=0xd3aa Z=0
PASS | Op: ADD A: 0x5dd2 B: 0xfa11 -> Res=0x57e3 Z=0
PASS | Op: AND A: 0xf0da B: 0xa5f5 -> Res=0xa0d0 Z=0
PASS | Op: XOR A: 0x3d8d B: 0x4893 -> Res=0x751e Z=0
PASS | Op: ADD A: 0x473c B: 0x333d -> Res=0x7a79 Z=0
PASS | Op: AND A: 0x872e B: 0xb777 -> Res=0x8726 Z=0
PASS | Op: OR A: 0xd925 B: 0x491e -> Res=0xd93f Z=0
PASS | Op: XOR A: 0x2175 B: 0x3b4 -> Res=0x22c1 Z=0
PASS | Op: XOR A: 0x73bf B: 0xf231 -> Res=0x818e Z=0
PASS | Op: AND A: 0x824c B: 0x7112 -> Res=0x0 Z=0
PASS | Op: AND A: 0x4a13 B: 0x34cf -> Res=0x3 Z=0
PASS | Op: OR A: 0x11ed B: 0x635b -> Res=0x73ff Z=0
PASS | Op: XOR A: 0x37e1 B: 0xb4d4 -> Res=0x8335 Z=0
PASS | Op: XOR A: 0x1d2f B: 0x3811 -> Res=0x253e Z=0
PASS | Op: SUB A: 0xa108 B: 0xb8c -> Res=0x957c Z=0
PASS | Op: SUB A: 0xa73f B: 0xbeac -> Res=0xe893 Z=0
PASS | Op: SUB A: 0xe94 B: 0x6b85 -> Res=0xa30f Z=0
PASS | Op: ADD A: 0x573f B: 0x9782 -> Res=0xeec1 Z=0
PASS | Op: ADD A: 0xed97 B: 0xf729 -> Res=0xe4c0 Z=0
PASS | Op: SUB A: 0xeaae B: 0x1d49 -> Res=0xcd65 Z=0
PASS | Op: ADD A: 0x62fa B: 0xb837 -> Res=0x1b31 Z=0
PASS | Op: XOR A: 0x9a1a B: 0x7f74 -> Res=0xe56e Z=0
PASS | Op: SUB A: 0x2754 B: 0x5540 -> Res=0xd214 Z=0
PASS | Op: OR A: 0x844b B: 0x7a56 -> Res=0xfe5f Z=0
PASS | Op: AND A: 0x3789 B: 0x35c8 -> Res=0x3588 Z=0
PASS | Op: OR A: 0x27ee B: 0xf64f -> Res=0xf7ef Z=0
PASS | Op: XOR A: 0x8850 B: 0xaea5 -> Res=0x26f5 Z=0
PASS | Op: XOR A: 0x7bd8 B: 0xad1f -> Res=0xd6c7 Z=0
PASS | Op: OR A: 0x5e15 B: 0x57cc -> Res=0x5fdd Z=0
PASS | Op: XOR A: 0x23bd B: 0x7fb5 -> Res=0x5c08 Z=0
PASS | Op: XOR A: 0x63a9 B: 0x83e2 -> Res=0xe04b Z=0
PASS | Op: SUB A: 0x313b B: 0x8c41 -> Res=0xa4fa Z=0
PASS | Op: OR A: 0x3c71 B: 0x5469 -> Res=0x7c79 Z=0
PASS | Op: SUB A: 0xf8b2 B: 0x75ae -> Res=0x8304 Z=0
PASS | Op: ADD A: 0xc9b8 B: 0xecc3 -> Res=0xb67b Z=0
PASS | Op: ADD A: 0x782e B: 0xca53 -> Res=0x4281 Z=0
PASS | Op: SUB A: 0x8e85 B: 0xccdb -> Res=0xc1aa Z=0
PASS | Op: SUB A: 0xba21 B: 0xacb8 -> Res=0xd69 Z=0
PASS | Op: ADD A: 0x7d94 B: 0xf13e -> Res=0x6ed2 Z=0
PASS | Op: OR A: 0x2c24 B: 0xad9c -> Res=0xadbc Z=0
PASS | Op: XOR A: 0x9abd B: 0xfe57 -> Res=0x64ea Z=0
PASS | Op: OR A: 0x8076 B: 0x6fca -> Res=0xeffe Z=0
PASS | Op: XOR A: 0xab57 B: 0x7ad3 -> Res=0xd184 Z=0
PASS | Op: ADD A: 0x3460 B: 0x277e -> Res=0x5bde Z=0
PASS | Op: XOR A: 0x23ac B: 0xc95e -> Res=0xeaf2 Z=0
PASS | Op: AND A: 0x5c2e B: 0x79ac -> Res=0x582c Z=0
PASS | Op: OR A: 0xf601 B: 0xd03d -> Res=0xf63d Z=0
PASS | Op: OR A: 0x703a B: 0xaa3a -> Res=0xfa3a Z=0
PASS | Op: ADD A: 0x5cab B: 0x84a -> Res=0x64f5 Z=0
PASS | Op: OR A: 0x5687 B: 0xab62 -> Res=0xffe7 Z=0
PASS | Op: AND A: 0xaa91 B: 0x9fbe -> Res=0x8a90 Z=0
PASS | Op: AND A: 0xfb7a B: 0x8e0f -> Res=0x8a0a Z=0
PASS | Op: OR A: 0x6a9d B: 0xd732 -> Res=0xffbf Z=0
PASS | Op: ADD A: 0xb733 B: 0xa4f3 -> Res=0x5c26 Z=0
PASS | Op: ADD A: 0xf1b5 B: 0x1360 -> Res=0x515 Z=0
PASS | Op: XOR A: 0x2c75 B: 0x3adc -> Res=0x16a9 Z=0
PASS | Op: SUB A: 0x2ef6 B: 0x7f9f -> Res=0xaf57 Z=0
PASS | Op: ADD A: 0x3da9 B: 0xb635 -> Res=0xf3de Z=0
PASS | Op: OR A: 0x4910 B: 0x9ea6 -> Res=0xdfb6 Z=0
PASS | Op: XOR A: 0x71d9 B: 0x84e5 -> Res=0xf53c Z=0
PASS | Op: OR A: 0xf9eb B: 0xe72e -> Res=0xffef Z=0
PASS | Op: XOR A: 0x208c B: 0x6970 -> Res=0x49fc Z=0
PASS | Op: AND A: 0xb7b3 B: 0x57e7 -> Res=0x17a3 Z=0
PASS | Op: OR A: 0xf5e B: 0xa343 -> Res=0xaf5f Z=0
PASS | Op: XOR A: 0x8871 B: 0x446a -> Res=0xcc1b Z=0
PASS | Op: AND A: 0xa4d3 B: 0xcb9a -> Res=0x8092 Z=0
PASS | Op: SUB A: 0x557f B: 0xba1d -> Res=0x9b62 Z=0
PASS | Op: AND A: 0x2385 B: 0xe2b7 -> Res=0x2285 Z=0
PASS | Op: OR A: 0xf197 B: 0x8ebd -> Res=0xffbf Z=0
PASS | Op: XOR A: 0xe2a2 B: 0xadb9 -> Res=0x4f1b Z=0
PASS | Op: XOR A: 0x7670 B: 0x3d10 -> Res=0x4b60 Z=0
PASS | Op: OR A: 0x97a1 B: 0xec81 -> Res=0xffa1 Z=0
PASS | Op: ADD A: 0x8aaa B: 0x9984 -> Res=0x242e Z=0
PASS | Op: XOR A: 0x16c5 B: 0xa26 -> Res=0x1ce3 Z=0
PASS | Op: XOR A: 0xd028 B: 0xfa4c -> Res=0x2a64 Z=0
PASS | Op: ADD A: 0xa1dc B: 0x5afe -> Res=0xfcda Z=0
PASS | Op: ADD A: 0xd9cb B: 0x8c84 -> Res=0x664f Z=0
PASS | Op: ADD A: 0xf2bf B: 0x8117 -> Res=0x73d6 Z=0
PASS | Op: SUB A: 0xdfb B: 0xcea5 -> Res=0x3f56 Z=0
PASS | Op: AND A: 0xa9f1 B: 0x52a6 -> Res=0xa0 Z=0
PASS | Op: ADD A: 0xe142 B: 0xefc8 -> Res=0xd10a Z=0
PASS | Op: ADD A: 0xa359 B: 0xaa27 -> Res=0x4d80 Z=0
PASS | Op: XOR A: 0x15f3 B: 0x6f88 -> Res=0x7a7b Z=0
PASS | Op: XOR A: 0xd435 B: 0xeb79 -> Res=0x3f4c Z=0
PASS | Op: ADD A: 0x11d2 B: 0x8c74 -> Res=0x9e46 Z=0
PASS | Op: ADD A: 0x4a7 B: 0x6043 -> Res=0x64ea Z=0
PASS | Op: OR A: 0xa46 B: 0x1a43 -> Res=0x1a47 Z=0
PASS | Op: ADD A: 0x982b B: 0x1c0e -> Res=0xb439 Z=0
PASS | Op: XOR A: 0x9d94 B: 0xd88e -> Res=0x451a Z=0
PASS | Op: XOR A: 0xf52e B: 0xc559 -> Res=0x3077 Z=0
PASS | Op: ADD A: 0x25d9 B: 0xd26d -> Res=0xf846 Z=0
PASS | Op: ADD A: 0xd61b B: 0x5240 -> Res=0x285b Z=0
PASS | Op: ADD A: 0xe22b B: 0x2fe5 -> Res=0x1210 Z=0
PASS | Op: XOR A: 0x2ca5 B: 0xde65 -> Res=0xf2c0 Z=0
PASS | Op: SUB A: 0xe90c B: 0x9958 -> Res=0x4fb4 Z=0
PASS | Op: AND A: 0xc78b B: 0x9b26 -> Res=0x8302 Z=0
PASS | Op: ADD A: 0xa5eb B: 0x446e -> Res=0xea59 Z=0
PASS | Op: OR A: 0xf0a4 B: 0xcc9f -> Res=0xfcbf Z=0
PASS | Op: OR A: 0xf570 B: 0x5908 -> Res=0xfd78 Z=0
PASS | Op: OR A: 0x3960 B: 0x73f0 -> Res=0x7bf0 Z=0
PASS | Op: XOR A: 0x3c15 B: 0x67db -> Res=0x5bce Z=0
PASS | Op: AND A: 0x657f B: 0x9c51 -> Res=0x451 Z=0
PASS | Op: SUB A: 0xd0e8 B: 0x1f0 -> Res=0xcef8 Z=0
PASS | Op: ADD A: 0x992d B: 0x6f2 -> Res=0xa01f Z=0
PASS | Op: SUB A: 0x8ff6 B: 0xd5ad -> Res=0xba49 Z=0
PASS | Op: OR A: 0x3c9f B: 0x9c50 -> Res=0xbcdf Z=0
PASS | Op: ADD A: 0xcbc2 B: 0xa2bc -> Res=0x6e7e Z=0
PASS | Op: ADD A: 0xb271 B: 0xa420 -> Res=0x5691 Z=0
PASS | Op: ADD A: 0x1585 B: 0xad2 -> Res=0x2057 Z=0
PASS | Op: XOR A: 0x301d B: 0x413e -> Res=0x7123 Z=0
PASS | Op: ADD A: 0x8c3e B: 0x6c39 -> Res=0xf877 Z=0
PASS | Op: OR A: 0xf636 B: 0x1833 -> Res=0xfe37 Z=0
PASS | Op: ADD A: 0x482c B: 0x47eb -> Res=0x9017 Z=0
PASS | Op: ADD A: 0x23ff B: 0x5f71 -> Res=0x8370 Z=0
PASS | Op: SUB A: 0x45ec B: 0x87b0 -> Res=0xbe3c Z=0
PASS | Op: ADD A: 0x856d B: 0xe6a6 -> Res=0x6c13 Z=0
PASS | Op: AND A: 0x768e B: 0x649 -> Res=0x608 Z=0
PASS | Op: XOR A: 0x6897 B: 0x5abf -> Res=0x3228 Z=0
PASS | Op: ADD A: 0x1422 B: 0x726e -> Res=0x8690 Z=0
PASS | Op: OR A: 0x875f B: 0x2e9d -> Res=0xafdf Z=0
PASS | Op: AND A: 0x4438 B: 0x6a04 -> Res=0x4000 Z=0
PASS | Op: XOR A: 0x3539 B: 0x9394 -> Res=0xa6ad Z=0
PASS | Op: ADD A: 0x5182 B: 0x12c0 -> Res=0x6442 Z=0
PASS | Op: ADD A: 0xc859 B: 0xbfff -> Res=0x8858 Z=0
PASS | Op: XOR A: 0xb72c B: 0xe716 -> Res=0x503a Z=0
PASS | Op: XOR A: 0x1fe3 B: 0xb06b -> Res=0xaf88 Z=0
PASS | Op: ADD A: 0x5358 B: 0xca3 -> Res=0x5ffb Z=0
PASS | Op: AND A: 0xe0b B: 0xd7e2 -> Res=0x602 Z=0
PASS | Op: ADD A: 0xf146 B: 0x999 -> Res=0xfadf Z=0
PASS | Op: SUB A: 0xcc89 B: 0xe658 -> Res=0xe631 Z=0
PASS | Op: AND A: 0xa9f7 B: 0x47ba -> Res=0x1b2 Z=0
PASS | Op: XOR A: 0x61c5 B: 0x7387 -> Res=0x1242 Z=0
PASS | Op: ADD A: 0x28bd B: 0xdd42 -> Res=0x5ff Z=0
PASS | Op: XOR A: 0x3b3b B: 0x4141 -> Res=0x7a7a Z=0
PASS | Op: ADD A: 0x6172 B: 0x5412 -> Res=0xb584 Z=0
PASS | Op: SUB A: 0xac5 B: 0xe060 -> Res=0x2a65 Z=0
PASS | Op: XOR A: 0x1324 B: 0x222a -> Res=0x310e Z=0
PASS | Op: AND A: 0xa80c B: 0xd05c -> Res=0x800c Z=0
PASS | Op: XOR A: 0x3442 B: 0xe750 -> Res=0xd312 Z=0
PASS | Op: ADD A: 0xf8e1 B: 0x4b25 -> Res=0x4406 Z=0
PASS | Op: SUB A: 0x5e56 B: 0xa8f6 -> Res=0xb560 Z=0
PASS | Op: XOR A: 0xa9ef B: 0xca6a -> Res=0x6385 Z=0
PASS | Op: XOR A: 0x2dbe B: 0xa3f8 -> Res=0x8e46 Z=0
PASS | Op: ADD A: 0x34c2 B: 0x889c -> Res=0xbd5e Z=0
PASS | Op: ADD A: 0xc258 B: 0x4fa3 -> Res=0x11fb Z=0
PASS | Op: XOR A: 0x517b B: 0xccfb -> Res=0x9d80 Z=0
PASS | Op: ADD A: 0xcc4e B: 0xdb40 -> Res=0xa78e Z=0
PASS | Op: ADD A: 0x46f5 B: 0x61d7 -> Res=0xa8cc Z=0
PASS | Op: ADD A: 0x1c8e B: 0xf8d4 -> Res=0x1562 Z=0
PASS | Op: XOR A: 0x3cf5 B: 0xb809 -> Res=0x84fc Z=0
PASS | Op: XOR A: 0xdec1 B: 0x2577 -> Res=0xfbb6 Z=0
PASS | Op: AND A: 0x8297 B: 0xdeb0 -> Res=0x8290 Z=0
PASS | Op: OR A: 0xeaf9 B: 0xc873 -> Res=0xeafb Z=0
PASS | Op: AND A: 0x8a36 B: 0x11fb -> Res=0x32 Z=0
PASS | Op: OR A: 0x6263 B: 0xbea1 -> Res=0xfee3 Z=0
PASS | Op: XOR A: 0xf27d B: 0x1fd6 -> Res=0xedab Z=0
PASS | Op: ADD A: 0xc82b B: 0x6e12 -> Res=0x363d Z=0
PASS | Op: AND A: 0x2234 B: 0xd219 -> Res=0x210 Z=0
PASS | Op: AND A: 0x52ed B: 0x5108 -> Res=0x5008 Z=0
PASS | Op: AND A: 0x2394 B: 0x37e1 -> Res=0x2380 Z=0
PASS | Op: ADD A: 0x7897 B: 0x6c66 -> Res=0xe4fd Z=0
PASS | Op: ADD A: 0x442d B: 0xc4eb -> Res=0x918 Z=0
PASS | Op: XOR A: 0xaca6 B: 0xd1cf -> Res=0x7d69 Z=0
PASS | Op: ADD A: 0x119d B: 0xf037 -> Res=0x1d4 Z=0
PASS | Op: ADD A: 0xf5a1 B: 0x44be -> Res=0x3a5f Z=0
PASS | Op: XOR A: 0x587c B: 0x14a8 -> Res=0x4cd4 Z=0
PASS | Op: XOR A: 0x2f44 B: 0x74c2 -> Res=0x5b86 Z=0
PASS | Op: OR A: 0x3114 B: 0x89fc -> Res=0xb9fc Z=0
PASS | Op: OR A: 0x86ff B: 0xfedc -> Res=0xfeff Z=0
PASS | Op: XOR A: 0x8081 B: 0xf5c2 -> Res=0x7543 Z=0
PASS | Op: SUB A: 0x3403 B: 0x407d -> Res=0xf386 Z=0
PASS | Op: XOR A: 0xea74 B: 0xb3b5 -> Res=0x59c1 Z=0
PASS | Op: XOR A: 0xcc72 B: 0x6995 -> Res=0xa5e7 Z=0
PASS | Op: AND A: 0x52cf B: 0x4f0d -> Res=0x420d Z=0
PASS | Op: AND A: 0xd8a8 B: 0xaf3 -> Res=0x8a0 Z=0
PASS | Op: SUB A: 0xf86a B: 0x1669 -> Res=0xe201 Z=0
PASS | Op: OR A: 0x565 B: 0x33bd -> Res=0x37fd Z=0
PASS | Op: XOR A: 0x8419 B: 0xffc2 -> Res=0x7bdb Z=0
PASS | Op: XOR A: 0xe32b B: 0xcdbb -> Res=0x2e90 Z=0
PASS | Op: XOR A: 0x1d70 B: 0xb549 -> Res=0xa839 Z=0
PASS | Op: ADD A: 0x5780 B: 0xc21f -> Res=0x199f Z=0
PASS | Op: ADD A: 0xa093 B: 0x3a37 -> Res=0xdaca Z=0
PASS | Op: XOR A: 0x401a B: 0x6d2d -> Res=0x2d37 Z=0
PASS | Op: AND A: 0xe33a B: 0x82c7 -> Res=0x8202 Z=0
PASS | Op: ADD A: 0x4048 B: 0xf7e5 -> Res=0x382d Z=0
PASS | Op: XOR A: 0xe920 B: 0xbc65 -> Res=0x5545 Z=0
PASS | Op: ADD A: 0x205d B: 0x88f2 -> Res=0xa94f Z=0
PASS | Op: SUB A: 0x2577 B: 0xae2b -> Res=0x774c Z=0
PASS | Op: OR A: 0x8935 B: 0x29c5 -> Res=0xa9f5 Z=0
PASS | Op: XOR A: 0x8a64 B: 0xf381 -> Res=0x79e5 Z=0
PASS | Op: OR A: 0x59af B: 0xd081 -> Res=0xd9af Z=0
PASS | Op: XOR A: 0xaa80 B: 0x5768 -> Res=0xfde8 Z=0
PASS | Op: XOR A: 0x73e1 B: 0x4fa5 -> Res=0x3c44 Z=0
PASS | Op: AND A: 0x177c B: 0x23e5 -> Res=0x364 Z=0
PASS | Op: SUB A: 0x91b B: 0x45b2 -> Res=0xc369 Z=0
PASS | Op: XOR A: 0x7a8e B: 0xd408 -> Res=0xae86 Z=0
PASS | Op: ADD A: 0x791f B: 0x3c10 -> Res=0xb52f Z=0
PASS | Op: AND A: 0x3d42 B: 0xb7ac -> Res=0x3500 Z=0
PASS | Op: SUB A: 0x469f B: 0xef9 -> Res=0x37a6 Z=0
PASS | Op: XOR A: 0x24f5 B: 0x2618 -> Res=0x2ed Z=0
PASS | Op: AND A: 0x1d77 B: 0x71de -> Res=0x1156 Z=0
PASS | Op: AND A: 0x397a B: 0xe98 -> Res=0x818 Z=0
PASS | Op: ADD A: 0x4d03 B: 0x8269 -> Res=0xcf6c Z=0
PASS | Op: ADD A: 0xe090 B: 0xc992 -> Res=0xaa22 Z=0
PASS | Op: XOR A: 0x3b23 B: 0xf7f4 -> Res=0xccd7 Z=0
PASS | Op: ADD A: 0x746c B: 0xadb0 -> Res=0x221c Z=0
PASS | Op: ADD A: 0xe878 B: 0xb4c8 -> Res=0x9d40 Z=0
PASS | Op: SUB A: 0xe3e8 B: 0x7ec -> Res=0xdbfc Z=0
PASS | Op: ADD A: 0xe111 B: 0x78be -> Res=0x59cf Z=0
PASS | Op: XOR A: 0x9079 B: 0x27bf -> Res=0xb7c6 Z=0
PASS | Op: ADD A: 0x4b1c B: 0x3cdf -> Res=0x87fb Z=0
PASS | Op: ADD A: 0x1f04 B: 0xc982 -> Res=0xe886 Z=0
PASS | Op: OR A: 0x29f B: 0xf13d -> Res=0xf3bf Z=0
PASS | Op: ADD A: 0x68fb B: 0xddec -> Res=0x46e7 Z=0
PASS | Op: OR A: 0x2146 B: 0xc05c -> Res=0xe15e Z=0
PASS | Op: OR A: 0x952d B: 0xb2cc -> Res=0xb7ed Z=0
PASS | Op: ADD A: 0x2d03 B: 0x7e9e -> Res=0xaba1 Z=0
PASS | Op: AND A: 0xb254 B: 0x9b7a -> Res=0x9250 Z=0
PASS | Op: XOR A: 0x6464 B: 0x79e -> Res=0x63fa Z=0
PASS | Op: SUB A: 0x160b B: 0xf406 -> Res=0x2205 Z=0
PASS | Op: AND A: 0x7043 B: 0x98ea -> Res=0x1042 Z=0
PASS | Op: AND A: 0x531a B: 0x27b2 -> Res=0x312 Z=0
PASS | Op: ADD A: 0x760f B: 0x772e -> Res=0xed3d Z=0
PASS | Op: SUB A: 0x6961 B: 0xc9b0 -> Res=0x9fb1 Z=0
PASS | Op: OR A: 0x156b B: 0x4ed6 -> Res=0x5fff Z=0
PASS | Op: XOR A: 0x6254 B: 0x55 -> Res=0x6201 Z=0
PASS | Op: XOR A: 0x1d06 B: 0xdcc5 -> Res=0xc1c3 Z=0
PASS | Op: SUB A: 0x9b93 B: 0x10a2 -> Res=0x8af1 Z=0
PASS | Op: XOR A: 0xd313 B: 0x4ab1 -> Res=0x99a2 Z=0
PASS | Op: ADD A: 0x1073 B: 0x5a5f -> Res=0x6ad2 Z=0
PASS | Op: OR A: 0x3f4c B: 0x5ab8 -> Res=0x7ffc Z=0
PASS | Op: OR A: 0xa020 B: 0xe023 -> Res=0xe023 Z=0
PASS | Op: AND A: 0x8b35 B: 0x46f4 -> Res=0x234 Z=0
PASS | Op: XOR A: 0x33f2 B: 0x9fa -> Res=0x3a08 Z=0
PASS | Op: OR A: 0xde7a B: 0xf5d0 -> Res=0xfffa Z=0
PASS | Op: OR A: 0xe9b B: 0xc649 -> Res=0xcedb Z=0
PASS | Op: ADD A: 0x14c2 B: 0xb405 -> Res=0xc8c7 Z=0
PASS | Op: SUB A: 0x5671 B: 0x736 -> Res=0x4f3b Z=0
PASS | Op: XOR A: 0x3c74 B: 0xbcf0 -> Res=0x8084 Z=0
PASS | Op: SUB A: 0x3cdc B: 0xd6c4 -> Res=0x6618 Z=0
PASS | Op: XOR A: 0x4d0 B: 0xad02 -> Res=0xa9d2 Z=0
PASS | Op: AND A: 0x85ad B: 0x7829 -> Res=0x29 Z=0
PASS | Op: XOR A: 0x8d60 B: 0x390c -> Res=0xb46c Z=0
PASS | Op: ADD A: 0x1828 B: 0xcf8e -> Res=0xe7b6 Z=0
PASS | Op: XOR A: 0x7eba B: 0x1ec2 -> Res=0x6078 Z=0
PASS | Op: AND A: 0xcbe8 B: 0x5461 -> Res=0x4060 Z=0
PASS | Op: XOR A: 0xa8c0 B: 0xb2e1 -> Res=0x1a21 Z=0
PASS | Op: OR A: 0x18c0 B: 0x7cbc -> Res=0x7cfc Z=0
PASS | Op: ADD A: 0xaf57 B: 0x88 -> Res=0xafdf Z=0
PASS | Op: ADD A: 0x7019 B: 0xfc1f -> Res=0x6c38 Z=0
PASS | Op: OR A: 0xf5d0 B: 0x3ffa -> Res=0xfffa Z=0
PASS | Op: ADD A: 0xd4d2 B: 0xf078 -> Res=0xc54a Z=0
PASS | Op: ADD A: 0x633e B: 0xf8a3 -> Res=0x5be1 Z=0
PASS | Op: OR A: 0x6580 B: 0xb2a9 -> Res=0xf7a9 Z=0
PASS | Op: AND A: 0x2f77 B: 0x63cc -> Res=0x2344 Z=0
PASS | Op: SUB A: 0x8415 B: 0xb596 -> Res=0xce7f Z=0
PASS | Op: ADD A: 0xb889 B: 0x8f1e -> Res=0x47a7 Z=0
PASS | Op: SUB A: 0x1a4f B: 0xce77 -> Res=0x4bd8 Z=0
PASS | Op: XOR A: 0x81f2 B: 0x8614 -> Res=0x7e6 Z=0
PASS | Op: SUB A: 0xea6 B: 0xfc4c -> Res=0x125a Z=0
PASS | Op: ADD A: 0xba67 B: 0x933e -> Res=0x4da5 Z=0
PASS | Op: XOR A: 0xbec9 B: 0xa8fe -> Res=0x1637 Z=0
PASS | Op: ADD A: 0xf648 B: 0x82f0 -> Res=0x7938 Z=0
PASS | Op: OR A: 0x57ed B: 0x42a2 -> Res=0x57ef Z=0
PASS | Op: ADD A: 0x65dc B: 0xab4f -> Res=0x112b Z=0
PASS | Op: AND A: 0xc5d7 B: 0xe66c -> Res=0xc444 Z=0
PASS | Op: ADD A: 0xae68 B: 0xb666 -> Res=0x64ce Z=0
PASS | Op: XOR A: 0x4648 B: 0x7331 -> Res=0x3579 Z=0
PASS | Op: SUB A: 0x650a B: 0xf8c6 -> Res=0x6c44 Z=0
PASS | Op: OR A: 0x73d0 B: 0xe026 -> Res=0xf3f6 Z=0
PASS | Op: SUB A: 0x2a7e B: 0xc335 -> Res=0x6749 Z=0
PASS | Op: AND A: 0x89d9 B: 0xb42b -> Res=0x8009 Z=0
PASS | Op: ADD A: 0xe1ce B: 0x894b -> Res=0x6b19 Z=0
PASS | Op: ADD A: 0x5e2c B: 0x4728 -> Res=0xa554 Z=0
PASS | Op: SUB A: 0xdf2f B: 0x3eac -> Res=0xa083 Z=0
PASS | Op: ADD A: 0x9a37 B: 0x5530 -> Res=0xef67 Z=0
PASS | Op: SUB A: 0xc37 B: 0xdc35 -> Res=0x3002 Z=0
PASS | Op: XOR A: 0x4e2d B: 0x45b7 -> Res=0xb9a Z=0
PASS | Op: XOR A: 0x54fb B: 0x586 -> Res=0x517d Z=0
PASS | Op: SUB A: 0xedba B: 0x65d0 -> Res=0x87ea Z=0
PASS | Op: XOR A: 0xd4be B: 0xeb66 -> Res=0x3fd8 Z=0
PASS | Op: ADD A: 0xb010 B: 0x46e6 -> Res=0xf6f6 Z=0
PASS | Op: ADD A: 0xe0f4 B: 0x9e05 -> Res=0x7ef9 Z=0
PASS | Op: SUB A: 0xbf5a B: 0xa87d -> Res=0x16dd Z=0
PASS | Op: ADD A: 0xb48c B: 0x8e94 -> Res=0x4320 Z=0
PASS | Op: ADD A: 0x4315 B: 0x56aa -> Res=0x99bf Z=0
PASS | Op: XOR A: 0xd328 B: 0xecbc -> Res=0x3f94 Z=0
PASS | Op: SUB A: 0x3a86 B: 0x1e35 -> Res=0x1c51 Z=0
PASS | Op: ADD A: 0x3fc3 B: 0x36cf -> Res=0x7692 Z=0
PASS | Op: ADD A: 0x33af B: 0x43c2 -> Res=0x7771 Z=0
PASS | Op: OR A: 0x5106 B: 0xac73 -> Res=0xfd77 Z=0
PASS | Op: ADD A: 0xd78a B: 0x498d -> Res=0x2117 Z=0
PASS | Op: SUB A: 0xe41f B: 0xb295 -> Res=0x318a Z=0
PASS | Op: ADD A: 0x52d6 B: 0x37cd -> Res=0x8aa3 Z=0
PASS | Op: OR A: 0xc803 B: 0x77b5 -> Res=0xffb7 Z=0
PASS | Op: XOR A: 0x2f58 B: 0xa841 -> Res=0x8719 Z=0
PASS | Op: ADD A: 0xb932 B: 0x6ea -> Res=0xc01c Z=0
PASS | Op: XOR A: 0x6775 B: 0x8205 -> Res=0xe570 Z=0
PASS | Op: ADD A: 0xa5da B: 0xad7b -> Res=0x5355 Z=0
PASS | Op: XOR A: 0x3d42 B: 0xbbb -> Res=0x36f9 Z=0
PASS | Op: AND A: 0x2c8e B: 0x1cd9 -> Res=0xc88 Z=0
PASS | Op: AND A: 0x58d8 B: 0xf2da -> Res=0x50d8 Z=0
PASS | Op: XOR A: 0xbd8f B: 0xfb69 -> Res=0x46e6 Z=0
PASS | Op: AND A: 0x1249 B: 0x9260 -> Res=0x1240 Z=0
PASS | Op: AND A: 0xfa90 B: 0x2b86 -> Res=0x2a80 Z=0
PASS | Op: XOR A: 0xdb6d B: 0xb58a -> Res=0x6ee7 Z=0
PASS | Op: SUB A: 0x856 B: 0x4077 -> Res=0xc7df Z=0
PASS | Op: ADD A: 0x7427 B: 0x212a -> Res=0x9551 Z=0
PASS | Op: SUB A: 0x93a0 B: 0x1f92 -> Res=0x740e Z=0
PASS | Op: OR A: 0xdca9 B: 0x8fe6 -> Res=0xdfef Z=0
PASS | Op: ADD A: 0x2f75 B: 0xccd1 -> Res=0xfc46 Z=0
PASS | Op: ADD A: 0xcd90 B: 0x3b4f -> Res=0x8df Z=0
PASS | Op: AND A: 0xe0ef B: 0xc61b -> Res=0xc00b Z=0
PASS | Op: ADD A: 0xd672 B: 0x8e97 -> Res=0x6509 Z=0
PASS | Op: SUB A: 0xb9be B: 0x2b05 -> Res=0x8eb9 Z=0
PASS | Op: AND A: 0x8ec6 B: 0xc2ec -> Res=0x82c4 Z=0
PASS | Op: XOR A: 0x6cae B: 0xd2db -> Res=0xbe75 Z=0
PASS | Op: SUB A: 0x9c70 B: 0x76e8 -> Res=0x2588 Z=0
PASS | Op: ADD A: 0x7bdd B: 0xba28 -> Res=0x3605 Z=0
PASS | Op: XOR A: 0xde4a B: 0x6c15 -> Res=0xb25f Z=0
PASS | Op: AND A: 0x4d90 B: 0xc835 -> Res=0x4810 Z=0
PASS | Op: XOR A: 0x15d7 B: 0x19dd -> Res=0xc0a Z=0
PASS | Op: ADD A: 0xe79a B: 0xa4ca -> Res=0x8c64 Z=0
PASS | Op: AND A: 0x3dba B: 0x8c4e -> Res=0xc0a Z=0
PASS | Op: XOR A: 0xc998 B: 0xbedf -> Res=0x7747 Z=0
PASS | Op: OR A: 0x713 B: 0x4276 -> Res=0x4777 Z=0
PASS | Op: AND A: 0x1a43 B: 0x6c94 -> Res=0x800 Z=0
PASS | Op: ADD A: 0xe572 B: 0x90ba -> Res=0x762c Z=0
PASS | Op: SUB A: 0x4425 B: 0x2468 -> Res=0x1fbd Z=0
PASS | Op: AND A: 0xe79a B: 0xf0b7 -> Res=0xe092 Z=0
PASS | Op: SUB A: 0x682d B: 0xa6e8 -> Res=0xc145 Z=0
PASS | Op: ADD A: 0x122a B: 0x585a -> Res=0x6a84 Z=0
PASS | Op: XOR A: 0xd670 B: 0x6010 -> Res=0xb660 Z=0
PASS | Op: ADD A: 0x9704 B: 0x141 -> Res=0x9845 Z=0
PASS | Op: XOR A: 0x61c6 B: 0x165d -> Res=0x779b Z=0
PASS | Op: SUB A: 0x45fd B: 0xcfc4 -> Res=0x7639 Z=0
PASS | Op: AND A: 0x59ae B: 0xf09d -> Res=0x508c Z=0
PASS | Op: ADD A: 0xb8d5 B: 0x69ee -> Res=0x22c3 Z=0
PASS | Op: AND A: 0xf754 B: 0x312c -> Res=0x3104 Z=0
PASS | Op: AND A: 0x5cb6 B: 0x6cc7 -> Res=0x4c86 Z=0
PASS | Op: OR A: 0x461a B: 0x20e4 -> Res=0x66fe Z=0
PASS | Op: XOR A: 0xc74a B: 0x82c -> Res=0xcf66 Z=0
PASS | Op: ADD A: 0xa4e2 B: 0x212d -> Res=0xc60f Z=0
PASS | Op: XOR A: 0x8f97 B: 0x3d41 -> Res=0xb2d6 Z=0
PASS | Op: OR A: 0xb11 B: 0x7590 -> Res=0x7f91 Z=0
PASS | Op: OR A: 0x7acb B: 0x9bbb -> Res=0xfbfb Z=0
PASS | Op: XOR A: 0x3fa9 B: 0x2d63 -> Res=0x12ca Z=0
PASS | Op: AND A: 0x2f00 B: 0x58d9 -> Res=0x800 Z=0
PASS | Op: XOR A: 0x895c B: 0xcad5 -> Res=0x4389 Z=0
PASS | Op: XOR A: 0x257d B: 0x3edc -> Res=0x1ba1 Z=0
PASS | Op: XOR A: 0xbe16 B: 0x911e -> Res=0x2f08 Z=0
PASS | Op: ADD A: 0x7bc9 B: 0xfc0c -> Res=0x77d5 Z=0
PASS | Op: ADD A: 0x441d B: 0x5985 -> Res=0x9da2 Z=0
PASS | Op: OR A: 0xc2c6 B: 0x2c9 -> Res=0xc2cf Z=0
PASS | Op: ADD A: 0xadeb B: 0x25a1 -> Res=0xd38c Z=0
PASS | Op: XOR A: 0xbd46 B: 0x6491 -> Res=0xd9d7 Z=0
PASS | Op: OR A: 0x95fe B: 0xd1e0 -> Res=0xd5fe Z=0
PASS | Op: ADD A: 0x3525 B: 0x6e90 -> Res=0xa3b5 Z=0
PASS | Op: OR A: 0x7061 B: 0xb6c0 -> Res=0xf6e1 Z=0
PASS | Op: ADD A: 0x6e1d B: 0x903e -> Res=0xfe5b Z=0
PASS | Op: ADD A: 0x64ef B: 0x23a9 -> Res=0x8898 Z=0
PASS | Op: XOR A: 0x1d8b B: 0x533b -> Res=0x4eb0 Z=0
PASS | Op: ADD A: 0x6d5a B: 0x4f -> Res=0x6da9 Z=0
PASS | Op: SUB A: 0x70f7 B: 0xd681 -> Res=0x9a76 Z=0
PASS | Op: ADD A: 0x7bd6 B: 0x1178 -> Res=0x8d4e Z=0
PASS | Op: AND A: 0x500a B: 0xcab1 -> Res=0x4000 Z=0
PASS | Op: AND A: 0xf2bf B: 0xb2cb -> Res=0xb28b Z=0
PASS | Op: ADD A: 0x2f81 B: 0xfcba -> Res=0x2c3b Z=0
PASS | Op: SUB A: 0x4228 B: 0xe445 -> Res=0x5de3 Z=0
PASS | Op: XOR A: 0x86a2 B: 0x5a6e -> Res=0xdccc Z=0
PASS | Op: XOR A: 0xc76f B: 0xdd98 -> Res=0x1af7 Z=0
PASS | Op: XOR A: 0xd656 B: 0x9b45 -> Res=0x4d13 Z=0
PASS | Op: OR A: 0x681b B: 0x6d90 -> Res=0x6d9b Z=0
PASS | Op: OR A: 0xd1f0 B: 0xf9d6 -> Res=0xf9f6 Z=0
PASS | Op: XOR A: 0x53a4 B: 0xfa27 -> Res=0xa983 Z=0
PASS | Op: XOR A: 0xa361 B: 0x1c9d -> Res=0xbffc Z=0
PASS | Op: XOR A: 0x9cb9 B: 0x95d2 -> Res=0x96b Z=0
PASS | Op: XOR A: 0x7447 B: 0x3b3a -> Res=0x4f7d Z=0
PASS | Op: ADD A: 0xf33c B: 0x5d75 -> Res=0x50b1 Z=0
PASS | Op: SUB A: 0x41be B: 0xb69b -> Res=0x8b23 Z=0
PASS | Op: OR A: 0x40c6 B: 0x5ed3 -> Res=0x5ed7 Z=0
PASS | Op: XOR A: 0xe222 B: 0xe49e -> Res=0x6bc Z=0
PASS | Op: SUB A: 0x90dd B: 0x2079 -> Res=0x7064 Z=0
PASS | Op: AND A: 0x91b3 B: 0x54e5 -> Res=0x10a1 Z=0
PASS | Op: OR A: 0xb0f6 B: 0x24b2 -> Res=0xb4f6 Z=0
PASS | Op: SUB A: 0x21ff B: 0x5976 -> Res=0xc889 Z=0
PASS | Op: ADD A: 0xffe5 B: 0x6163 -> Res=0x6148 Z=0
PASS | Op: ADD A: 0xe49c B: 0x4e45 -> Res=0x32e1 Z=0
PASS | Op: XOR A: 0x64f9 B: 0x53f3 -> Res=0x370a Z=0
PASS | Op: ADD A: 0x45f4 B: 0xa1f4 -> Res=0xe7e8 Z=0
PASS | Op: OR A: 0x971a B: 0xad91 -> Res=0xbf9b Z=0
PASS | Op: XOR A: 0xc1fa B: 0x6367 -> Res=0xa29d Z=0
PASS | Op: OR A: 0xfa2 B: 0xfcd1 -> Res=0xfff3 Z=0
PASS | Op: ADD A: 0x963 B: 0x5f76 -> Res=0x68d9 Z=0
PASS | Op: ADD A: 0x4b41 B: 0x86b -> Res=0x53ac Z=0
PASS | Op: XOR A: 0x56b6 B: 0x3221 -> Res=0x6497 Z=0
PASS | Op: ADD A: 0xadab B: 0xb60c -> Res=0x63b7 Z=0
PASS | Op: XOR A: 0xf9df B: 0xa80c -> Res=0x51d3 Z=0
PASS | Op: ADD A: 0x4547 B: 0xb91d -> Res=0xfe64 Z=0
PASS | Op: SUB A: 0xac7a B: 0xc515 -> Res=0xe765 Z=0
PASS | Op: OR A: 0xaded B: 0x7bce -> Res=0xffef Z=0
PASS | Op: AND A: 0xb3bf B: 0xa78e -> Res=0xa38e Z=0
PASS | Op: OR A: 0x66f9 B: 0xf6fe -> Res=0xf6ff Z=0
PASS | Op: XOR A: 0xeb4a B: 0x3f8c -> Res=0xd4c6 Z=0
PASS | Op: OR A: 0x23ba B: 0xff14 -> Res=0xffbe Z=0
PASS | Op: ADD A: 0xd0d B: 0x56e5 -> Res=0x63f2 Z=0
PASS | Op: XOR A: 0x17fd B: 0xfbf -> Res=0x1842 Z=0
PASS | Op: AND A: 0x757b B: 0xd463 -> Res=0x5463 Z=0
PASS | Op: OR A: 0x237f B: 0x29be -> Res=0x2bff Z=0
PASS | Op: SUB A: 0x74bc B: 0x3ca0 -> Res=0x381c Z=0
PASS | Op: ADD A: 0x4620 B: 0x9091 -> Res=0xd6b1 Z=0
PASS | Op: ADD A: 0x1c83 B: 0xfa6a -> Res=0x16ed Z=0
PASS | Op: SUB A: 0x8cef B: 0x154d -> Res=0x77a2 Z=0
PASS | Op: SUB A: 0x6a5 B: 0x9a3c -> Res=0x6c69 Z=0
PASS | Op: ADD A: 0x4a78 B: 0x3dc5 -> Res=0x883d Z=0
PASS | Op: AND A: 0xbf22 B: 0x8266 -> Res=0x8222 Z=0
PASS | Op: XOR A: 0xb5eb B: 0x802e -> Res=0x35c5 Z=0
PASS | Op: OR A: 0xd58e B: 0xb8c5 -> Res=0xfdcf Z=0
PASS | Op: OR A: 0xe9a2 B: 0xaebb -> Res=0xefbb Z=0
PASS | Op: SUB A: 0x8bf5 B: 0x64e0 -> Res=0x2715 Z=0
PASS | Op: ADD A: 0x4e03 B: 0x749e -> Res=0xc2a1 Z=0
PASS | Op: XOR A: 0x79e2 B: 0xc10f -> Res=0xb8ed Z=0
PASS | Op: ADD A: 0xcfc0 B: 0xa068 -> Res=0x7028 Z=0
PASS | Op: SUB A: 0xf37f B: 0x9f4c -> Res=0x5433 Z=0
PASS | Op: ADD A: 0x11f3 B: 0x69e0 -> Res=0x7bd3 Z=0
PASS | Op: AND A: 0xf060 B: 0x9de7 -> Res=0x9060 Z=0
PASS | Op: XOR A: 0xe2a3 B: 0x176c -> Res=0xf5cf Z=0
PASS | Op: ADD A: 0x5995 B: 0xb987 -> Res=0x131c Z=0
PASS | Op: ADD A: 0xe95b B: 0x8dc3 -> Res=0x771e Z=0
PASS | Op: XOR A: 0xca62 B: 0x1f4d -> Res=0xd52f Z=0
PASS | Op: OR A: 0x8ec3 B: 0x2d0d -> Res=0xafcf Z=0
PASS | Op: XOR A: 0x7df B: 0x44d4 -> Res=0x430b Z=0
PASS | Op: XOR A: 0xc54e B: 0x9c78 -> Res=0x5936 Z=0
PASS | Op: ADD A: 0xbb6e B: 0x508b -> Res=0xbf9 Z=0
PASS | Op: OR A: 0x415d B: 0xaf6b -> Res=0xef7f Z=0
PASS | Op: AND A: 0xc5bf B: 0x54e0 -> Res=0x44a0 Z=0
PASS | Op: SUB A: 0xe444 B: 0x4788 -> Res=0x9cbc Z=0
PASS | Op: XOR A: 0xb9da B: 0xc553 -> Res=0x7c89 Z=0
PASS | Op: XOR A: 0xe8bf B: 0x8687 -> Res=0x6e38 Z=0
PASS | Op: SUB A: 0xedc4 B: 0x12d9 -> Res=0xdaeb Z=0
PASS | Op: OR A: 0xa051 B: 0x8c67 -> Res=0xac77 Z=0
PASS | Op: OR A: 0xa357 B: 0x2411 -> Res=0xa757 Z=0
PASS | Op: ADD A: 0xf9e4 B: 0xc6ec -> Res=0xc0d0 Z=0
PASS | Op: XOR A: 0x62ec B: 0xb50a -> Res=0xd7e6 Z=0
PASS | Op: AND A: 0xd255 B: 0x9803 -> Res=0x9001 Z=0
PASS | Op: XOR A: 0x9fec B: 0xb9ad -> Res=0x2641 Z=0
PASS | Op: ADD A: 0x2354 B: 0x500 -> Res=0x2854 Z=0
PASS | Op: OR A: 0xcd76 B: 0x4cef -> Res=0xcdff Z=0
PASS | Op: SUB A: 0xe994 B: 0x1779 -> Res=0xd21b Z=0
PASS | Op: ADD A: 0x6f48 B: 0x80b9 -> Res=0xf001 Z=0
PASS | Op: XOR A: 0xb7a6 B: 0xe499 -> Res=0x533f Z=0
PASS | Op: AND A: 0x1b2f B: 0x8f55 -> Res=0xb05 Z=0
PASS | Op: AND A: 0x5639 B: 0xb64 -> Res=0x220 Z=0
PASS | Op: AND A: 0xe2a0 B: 0x2d79 -> Res=0x2020 Z=0
PASS | Op: SUB A: 0x6e2 B: 0xe480 -> Res=0x2262 Z=0
PASS | Op: AND A: 0x4aa8 B: 0xa7d4 -> Res=0x280 Z=0
PASS | Op: SUB A: 0xb7a8 B: 0xaa21 -> Res=0xd87 Z=0
PASS | Op: ADD A: 0xef6e B: 0x95e6 -> Res=0x8554 Z=0
PASS | Op: OR A: 0xe9f1 B: 0xbdde -> Res=0xfdff Z=0
PASS | Op: OR A: 0xdd44 B: 0x60f4 -> Res=0xfdf4 Z=0
PASS | Op: ADD A: 0x6dda B: 0xe9c8 -> Res=0x57a2 Z=0
PASS | Op: ADD A: 0x5d1c B: 0x1e89 -> Res=0x7ba5 Z=0
PASS | Op: SUB A: 0x1711 B: 0xe5c4 -> Res=0x314d Z=0
PASS | Op: XOR A: 0x6ec B: 0x70c0 -> Res=0x762c Z=0
PASS | Op: XOR A: 0x4bc2 B: 0x124c -> Res=0x598e Z=0
PASS | Op: SUB A: 0x51b4 B: 0x1c18 -> Res=0x359c Z=0
PASS | Op: SUB A: 0xaa61 B: 0xbea9 -> Res=0xebb8 Z=0
PASS | Op: XOR A: 0xb70e B: 0xb237 -> Res=0x539 Z=0
PASS | Op: XOR A: 0x6f1c B: 0x70a1 -> Res=0x1fbd Z=0
PASS | Op: XOR A: 0xf288 B: 0x3a34 -> Res=0xc8bc Z=0
PASS | Op: SUB A: 0xe276 B: 0x4917 -> Res=0x995f Z=0
PASS | Op: ADD A: 0x2093 B: 0xbfe7 -> Res=0xe07a Z=0
PASS | Op: SUB A: 0x2c8 B: 0xe3c2 -> Res=0x1f06 Z=0
PASS | Op: ADD A: 0x67c2 B: 0x3f58 -> Res=0xa71a Z=0
PASS | Op: ADD A: 0x70b9 B: 0xed2c -> Res=0x5de5 Z=0
PASS | Op: XOR A: 0x3a21 B: 0x4b04 -> Res=0x7125 Z=0
PASS | Op: ADD A: 0xad5b B: 0x9c7d -> Res=0x49d8 Z=0
PASS | Op: ADD A: 0x42e9 B: 0x3635 -> Res=0x791e Z=0
PASS | Op: OR A: 0x7289 B: 0x1a45 -> Res=0x7acd Z=0
PASS | Op: XOR A: 0x4ae4 B: 0xfa87 -> Res=0xb063 Z=0
PASS | Op: ADD A: 0x3fb8 B: 0xf63a -> Res=0x35f2 Z=0
PASS | Op: OR A: 0x60e0 B: 0xa120 -> Res=0xe1e0 Z=0
PASS | Op: OR A: 0x42c9 B: 0xbd8f -> Res=0xffcf Z=0
PASS | Op: XOR A: 0x6283 B: 0x1a0d -> Res=0x788e Z=0
PASS | Op: SUB A: 0x2468 B: 0xf927 -> Res=0x2b41 Z=0
PASS | Op: SUB A: 0xeea9 B: 0xa889 -> Res=0x4620 Z=0
PASS | Op: AND A: 0xf75f B: 0x3136 -> Res=0x3116 Z=0
PASS | Op: ADD A: 0xdd4 B: 0x1152 -> Res=0x1f26 Z=0
PASS | Op: XOR A: 0xf30b B: 0xdceb -> Res=0x2fe0 Z=0
PASS | Op: ADD A: 0xfd53 B: 0xa9a7 -> Res=0xa6fa Z=0
PASS | Op: OR A: 0xdf98 B: 0xbc67 -> Res=0xffff Z=0
PASS | Op: SUB A: 0x8ddd B: 0x4753 -> Res=0x468a Z=0
PASS | Op: XOR A: 0x7fc4 B: 0xd531 -> Res=0xaaf5 Z=0
PASS | Op: SUB A: 0x506e B: 0xb517 -> Res=0x9b57 Z=0
PASS | Op: ADD A: 0x307b B: 0x7b81 -> Res=0xabfc Z=0
PASS | Op: SUB A: 0xd2c4 B: 0x2db1 -> Res=0xa513 Z=0
PASS | Op: XOR A: 0xf3fe B: 0x615f -> Res=0x92a1 Z=0
PASS | Op: XOR A: 0xa847 B: 0xb1cc -> Res=0x198b Z=0
PASS | Op: XOR A: 0x5c2b B: 0xf57 -> Res=0x537c Z=0
PASS | Op: SUB A: 0x2bd0 B: 0x7bde -> Res=0xaff2 Z=0
PASS | Op: OR A: 0x925a B: 0xa9f1 -> Res=0xbbfb Z=0
PASS | Op: SUB A: 0xe109 B: 0x3617 -> Res=0xaaf2 Z=0
PASS | Op: OR A: 0xca5c B: 0x9786 -> Res=0xdfde Z=0
PASS | Op: ADD A: 0x4d6a B: 0xabdc -> Res=0xf946 Z=0
PASS | Op: ADD A: 0x5b60 B: 0x87a8 -> Res=0xe308 Z=0
PASS | Op: OR A: 0xc80 B: 0x7aba -> Res=0x7eba Z=0
PASS | Op: XOR A: 0x717a B: 0x6353 -> Res=0x1229 Z=0
PASS | Op: AND A: 0x8448 B: 0x6ddb -> Res=0x448 Z=0
PASS | Op: ADD A: 0x82cd B: 0xcc94 -> Res=0x4f61 Z=0
PASS | Op: ADD A: 0x3193 B: 0xd3c6 -> Res=0x559 Z=0
PASS | Op: XOR A: 0x630b B: 0xbc63 -> Res=0xdf68 Z=0
PASS | Op: SUB A: 0xeef2 B: 0xfce9 -> Res=0xf209 Z=0
PASS | Op: ADD A: 0x2e9d B: 0xb043 -> Res=0xdee0 Z=0
PASS | Op: XOR A: 0xb4b3 B: 0xf2db -> Res=0x4668 Z=0
PASS | Op: XOR A: 0x31d0 B: 0x3a25 -> Res=0xbf5 Z=0
PASS | Op: ADD A: 0x57d9 B: 0xc277 -> Res=0x1a50 Z=0
PASS | Op: OR A: 0xc33 B: 0x9021 -> Res=0x9c33 Z=0
PASS | Op: SUB A: 0x32ce B: 0x9cf7 -> Res=0x95d7 Z=0
PASS | Op: AND A: 0xe05c B: 0x3f2d -> Res=0x200c Z=0
PASS | Op: AND A: 0xd302 B: 0xe6da -> Res=0xc202 Z=0
PASS | Op: XOR A: 0x6d00 B: 0xb234 -> Res=0xdf34 Z=0
PASS | Op: AND A: 0x8eea B: 0x65f2 -> Res=0x4e2 Z=0
PASS | Op: XOR A: 0x7604 B: 0x2ad6 -> Res=0x5cd2 Z=0
PASS | Op: SUB A: 0xdb0b B: 0xd751 -> Res=0x3ba Z=0
PASS | Op: AND A: 0x34ae B: 0x68b0 -> Res=0x20a0 Z=0
PASS | Op: ADD A: 0x2df9 B: 0xcb1f -> Res=0xf918 Z=0
PASS | Op: XOR A: 0x2c02 B: 0x800f -> Res=0xac0d Z=0
PASS | Op: XOR A: 0x5f2 B: 0x89dc -> Res=0x8c2e Z=0
PASS | Op: XOR A: 0x248a B: 0x6d8b -> Res=0x4901 Z=0
PASS | Op: XOR A: 0xe53e B: 0x4c43 -> Res=0xa97d Z=0
PASS | Op: XOR A: 0x68d4 B: 0x638e -> Res=0xb5a Z=0
PASS | Op: XOR A: 0x85f2 B: 0xb10f -> Res=0x34fd Z=0
PASS | Op: ADD A: 0x2a8 B: 0xeea1 -> Res=0xf149 Z=0
PASS | Op: XOR A: 0x67fa B: 0xc2c1 -> Res=0xa53b Z=0
PASS | Op: SUB A: 0xd2d9 B: 0x4aca -> Res=0x880f Z=0
PASS | Op: OR A: 0xf365 B: 0x6643 -> Res=0xf767 Z=0
PASS | Op: XOR A: 0x519b B: 0xafd0 -> Res=0xfe4b Z=0
PASS | Op: OR A: 0x8860 B: 0x7c09 -> Res=0xfc69 Z=0
PASS | Op: SUB A: 0xc39b B: 0x72fa -> Res=0x50a1 Z=0
PASS | Op: AND A: 0x117 B: 0xb145 -> Res=0x105 Z=0
PASS | Op: ADD A: 0x257 B: 0xec4 -> Res=0x111b Z=0
PASS | Op: ADD A: 0xd651 B: 0x345a -> Res=0xaab Z=0
PASS | Op: OR A: 0x2665 B: 0xa6e -> Res=0x2e6f Z=0
PASS | Op: OR A: 0x446c B: 0xc571 -> Res=0xc57d Z=0
PASS | Op: AND A: 0xafd8 B: 0x6318 -> Res=0x2318 Z=0
PASS | Op: XOR A: 0x5ccb B: 0x50b9 -> Res=0xc72 Z=0
PASS | Op: AND A: 0x2bd0 B: 0xb4d7 -> Res=0x20d0 Z=0
PASS | Op: ADD A: 0x3343 B: 0x8900 -> Res=0xbc43 Z=0
PASS | Op: ADD A: 0xee3b B: 0x94d4 -> Res=0x830f Z=0
PASS | Op: ADD A: 0x6f16 B: 0x585c -> Res=0xc772 Z=0
PASS | Op: XOR A: 0x9beb B: 0x6cd7 -> Res=0xf73c Z=0
PASS | Op: XOR A: 0x6cc6 B: 0xce9d -> Res=0xa25b Z=0
PASS | Op: XOR A: 0x465e B: 0x6608 -> Res=0x2056 Z=0
PASS | Op: XOR A: 0xb3e6 B: 0xb7c5 -> Res=0x423 Z=0
PASS | Op: AND A: 0xbc8f B: 0x1491 -> Res=0x1481 Z=0
PASS | Op: XOR A: 0xa325 B: 0x7146 -> Res=0xd263 Z=0
PASS | Op: ADD A: 0xac06 B: 0xf9dc -> Res=0xa5e2 Z=0
PASS | Op: ADD A: 0xdaed B: 0x7ade -> Res=0x55cb Z=0
PASS | Op: ADD A: 0x7c2b B: 0xcd4c -> Res=0x4977 Z=0
PASS | Op: OR A: 0xbaf9 B: 0x33a2 -> Res=0xbbfb Z=0
PASS | Op: ADD A: 0x2401 B: 0x4401 -> Res=0x6802 Z=0
PASS | Op: AND A: 0x7ba0 B: 0xb08 -> Res=0xb00 Z=0
PASS | Op: ADD A: 0xf51f B: 0x99e3 -> Res=0x8f02 Z=0
PASS | Op: XOR A: 0x558 B: 0x3849 -> Res=0x3d11 Z=0
PASS | Op: OR A: 0x903d B: 0xd405 -> Res=0xd43d Z=0
PASS | Op: ADD A: 0x6370 B: 0xa8ee -> Res=0xc5e Z=0
PASS | Op: OR A: 0x3237 B: 0xe7b1 -> Res=0xf7b7 Z=0
PASS | Op: XOR A: 0x65c6 B: 0xdbe1 -> Res=0xbe27 Z=0
PASS | Op: ADD A: 0x46f7 B: 0xb8c1 -> Res=0xffb8 Z=0
PASS | Op: OR A: 0x99e8 B: 0xb966 -> Res=0xb9ee Z=0
PASS | Op: SUB A: 0x712 B: 0xd39b -> Res=0x3377 Z=0
PASS | Op: XOR A: 0x66be B: 0x5497 -> Res=0x3229 Z=0
PASS | Op: ADD A: 0x82e6 B: 0x8386 -> Res=0x66c Z=0
PASS | Op: XOR A: 0xe3bc B: 0xe7df -> Res=0x463 Z=0
PASS | Op: OR A: 0x5352 B: 0xc21c -> Res=0xd35e Z=0
PASS | Op: ADD A: 0xbcf1 B: 0xe3a4 -> Res=0xa095 Z=0
PASS | Op: ADD A: 0x2a43 B: 0x36c1 -> Res=0x6104 Z=0
PASS | Op: ADD A: 0x8b6f B: 0xa220 -> Res=0x2d8f Z=0
PASS | Op: XOR A: 0xd5b7 B: 0xd53d -> Res=0x8a Z=0
PASS | Op: XOR A: 0xf71d B: 0xf1c5 -> Res=0x6d8 Z=0
PASS | Op: ADD A: 0xf2d1 B: 0xb2cf -> Res=0xa5a0 Z=0
PASS | Op: OR A: 0x7dad B: 0xc96d -> Res=0xfded Z=0
PASS | Op: ADD A: 0x646e B: 0x22c4 -> Res=0x8732 Z=0
PASS | Op: OR A: 0xd157 B: 0x8896 -> Res=0xd9d7 Z=0
PASS | Op: ADD A: 0x4a18 B: 0xc342 -> Res=0xd5a Z=0
PASS | Op: ADD A: 0xb46e B: 0xaa09 -> Res=0x5e77 Z=0
PASS | Op: XOR A: 0xf99b B: 0x577d -> Res=0xaee6 Z=0
PASS | Op: XOR A: 0x404e B: 0xbb0e -> Res=0xfb40 Z=0
PASS | Op: XOR A: 0x74d9 B: 0x594 -> Res=0x714d Z=0
PASS | Op: XOR A: 0xdbd1 B: 0x1cb4 -> Res=0xc765 Z=0
PASS | Op: XOR A: 0x8c0f B: 0xe16c -> Res=0x6d63 Z=0
PASS | Op: AND A: 0xdde7 B: 0x2b94 -> Res=0x984 Z=0
PASS | Op: XOR A: 0xa2cb B: 0xc1c9 -> Res=0x6302 Z=0
PASS | Op: ADD A: 0x7162 B: 0x413f -> Res=0xb2a1 Z=0
PASS | Op: OR A: 0x25ee B: 0x6e3c -> Res=0x6ffe Z=0
PASS | Op: OR A: 0xe63f B: 0xdfba -> Res=0xffbf Z=0
PASS | Op: ADD A: 0x1089 B: 0xf919 -> Res=0x9a2 Z=0
PASS | Op: SUB A: 0x8b50 B: 0xa82c -> Res=0xe324 Z=0
PASS | Op: OR A: 0x81fd B: 0x34aa -> Res=0xb5ff Z=0
PASS | Op: AND A: 0xd6d8 B: 0xf4e -> Res=0x648 Z=0
PASS | Op: AND A: 0x5f0a B: 0x1109 -> Res=0x1108 Z=0
PASS | Op: OR A: 0xfe70 B: 0x2ad8 -> Res=0xfef8 Z=0
PASS | Op: XOR A: 0xb2d7 B: 0x2dd8 -> Res=0x9f0f Z=0
PASS | Op: AND A: 0xbfc B: 0x9958 -> Res=0x958 Z=0
PASS | Op: ADD A: 0x616f B: 0x1953 -> Res=0x7ac2 Z=0
PASS | Op: OR A: 0xe72b B: 0x18cd -> Res=0xffef Z=0
PASS | Op: ADD A: 0x8259 B: 0x8c66 -> Res=0xebf Z=0
PASS | Op: SUB A: 0x4bd B: 0xc6da -> Res=0x3de3 Z=0
PASS | Op: XOR A: 0xea75 B: 0x8c4e -> Res=0x663b Z=0
PASS | Op: OR A: 0x27c B: 0xdfae -> Res=0xdffe Z=0
PASS | Op: OR A: 0x6136 B: 0x8aa1 -> Res=0xebb7 Z=0
PASS | Op: ADD A: 0x8bf0 B: 0xce3b -> Res=0x5a2b Z=0
PASS | Op: ADD A: 0x971e B: 0xf8d2 -> Res=0x8ff0 Z=0
PASS | Op: OR A: 0x9f09 B: 0xb216 -> Res=0xbf1f Z=0
PASS | Op: AND A: 0xc81f B: 0x62ae -> Res=0x400e Z=0
PASS | Op: ADD A: 0xc155 B: 0xee26 -> Res=0xaf7b Z=0
PASS | Op: ADD A: 0x64d6 B: 0x9307 -> Res=0xf7dd Z=0
PASS | Op: XOR A: 0xeb7 B: 0xd575 -> Res=0xdbc2 Z=0
PASS | Op: OR A: 0xa067 B: 0xace0 -> Res=0xace7 Z=0
PASS | Op: SUB A: 0x5ecf B: 0x47c4 -> Res=0x170b Z=0
PASS | Op: SUB A: 0x6563 B: 0x4e32 -> Res=0x1731 Z=0
PASS | Op: XOR A: 0xd5b2 B: 0xc058 -> Res=0x15ea Z=0
PASS | Op: OR A: 0x43eb B: 0xe07e -> Res=0xe3ff Z=0
PASS | Op: AND A: 0x79ad B: 0xdf9f -> Res=0x598d Z=0
PASS | Op: OR A: 0xec94 B: 0x9d65 -> Res=0xfdf5 Z=0
PASS | Op: XOR A: 0x181c B: 0xbc7c -> Res=0xa460 Z=0
PASS | Op: XOR A: 0xda66 B: 0xf91 -> Res=0xd5f7 Z=0
PASS | Op: ADD A: 0x6263 B: 0xfdb5 -> Res=0x6018 Z=0
PASS | Op: OR A: 0xa6c2 B: 0xe0a1 -> Res=0xe6e3 Z=0
PASS | Op: XOR A: 0xa151 B: 0x11aa -> Res=0xb0fb Z=0
PASS | Op: XOR A: 0x38 B: 0x60dd -> Res=0x60e5 Z=0
PASS | Op: ADD A: 0xa7d0 B: 0xd223 -> Res=0x79f3 Z=0
PASS | Op: OR A: 0x24d3 B: 0x6ab6 -> Res=0x6ef7 Z=0
PASS | Op: SUB A: 0x45b3 B: 0x9571 -> Res=0xb042 Z=0
PASS | Op: XOR A: 0xe963 B: 0x5d8b -> Res=0xb4e8 Z=0
PASS | Op: ADD A: 0x5237 B: 0x76bc -> Res=0xc8f3 Z=0
PASS | Op: XOR A: 0xf2a3 B: 0xf398 -> Res=0x13b Z=0
PASS | Op: XOR A: 0x31b2 B: 0xb063 -> Res=0x81d1 Z=0
PASS | Op: SUB A: 0x7547 B: 0xb966 -> Res=0xbbe1 Z=0
PASS | Op: ADD A: 0xfccc B: 0xcf4d -> Res=0xcc19 Z=0
PASS | Op: OR A: 0x97a3 B: 0x5ff1 -> Res=0xdff3 Z=0
PASS | Op: XOR A: 0x9e0 B: 0x3795 -> Res=0x3e75 Z=0
PASS | Op: XOR A: 0x16c9 B: 0x5fba -> Res=0x4973 Z=0
PASS | Op: XOR A: 0x561a B: 0x4700 -> Res=0x111a Z=0
PASS | Op: AND A: 0x74f B: 0xf52b -> Res=0x50b Z=0
PASS | Op: XOR A: 0x4b0f B: 0x99e5 -> Res=0xd2ea Z=0
PASS | Op: ADD A: 0x2c5 B: 0xd91d -> Res=0xdbe2 Z=0
PASS | Op: ADD A: 0x820 B: 0xebde -> Res=0xf3fe Z=0
PASS | Op: XOR A: 0xe87d B: 0xb3e7 -> Res=0x5b9a Z=0
PASS | Op: OR A: 0x2ee6 B: 0x4158 -> Res=0x6ffe Z=0
PASS | Op: OR A: 0xfc0c B: 0x8f42 -> Res=0xff4e Z=0
PASS | Op: ADD A: 0x1d61 B: 0x1834 -> Res=0x3595 Z=0
PASS | Op: OR A: 0x499b B: 0x3963 -> Res=0x79fb Z=0
PASS | Op: OR A: 0x2c32 B: 0x2287 -> Res=0x2eb7 Z=0
PASS | Op: SUB A: 0x93c6 B: 0x8754 -> Res=0xc72 Z=0
PASS | Op: SUB A: 0xc0db B: 0xab98 -> Res=0x1543 Z=0
PASS | Op: ADD A: 0x9728 B: 0x3cc9 -> Res=0xd3f1 Z=0
PASS | Op: ADD A: 0x6d9d B: 0x99b -> Res=0x7738 Z=0
PASS | Op: ADD A: 0x6aad B: 0x3185 -> Res=0x9c32 Z=0
PASS | Op: OR A: 0xf8a9 B: 0x6aed -> Res=0xfaed Z=0
PASS | Op: ADD A: 0xca34 B: 0x70d0 -> Res=0x3b04 Z=0
PASS | Op: XOR A: 0x60db B: 0xb442 -> Res=0xd499 Z=0
PASS | Op: AND A: 0xa6ca B: 0x4716 -> Res=0x602 Z=0
PASS | Op: OR A: 0xafe4 B: 0x54b8 -> Res=0xfffc Z=0
PASS | Op: OR A: 0xac2 B: 0xbe61 -> Res=0xbee3 Z=0
PASS | Op: ADD A: 0xb7ae B: 0x9e17 -> Res=0x55c5 Z=0
PASS | Op: ADD A: 0xe585 B: 0x3e3d -> Res=0x23c2 Z=0
PASS | Op: OR A: 0x1a25 B: 0x4c2e -> Res=0x5e2f Z=0
PASS | Op: ADD A: 0x27e8 B: 0xdd2f -> Res=0x517 Z=0
PASS | Op: AND A: 0xd25c B: 0x3fae -> Res=0x120c Z=0
PASS | Op: ADD A: 0xacc6 B: 0xe439 -> Res=0x90ff Z=0
PASS | Op: SUB A: 0x25dd B: 0xf7ab -> Res=0x2e32 Z=0
PASS | Op: ADD A: 0xee23 B: 0xd208 -> Res=0xc02b Z=0
PASS | Op: XOR A: 0x7f9 B: 0x318b -> Res=0x3672 Z=0
PASS | Op: ADD A: 0x21c4 B: 0x97a8 -> Res=0xb96c Z=0
PASS | Op: ADD A: 0xc2f3 B: 0xc188 -> Res=0x847b Z=0
PASS | Op: OR A: 0xe024 B: 0x9002 -> Res=0xf026 Z=0
PASS | Op: AND A: 0xa07 B: 0xd533 -> Res=0x3 Z=0
PASS | Op: ADD A: 0xc904 B: 0x3491 -> Res=0xfd95 Z=0
PASS | Op: XOR A: 0x8756 B: 0xd9f6 -> Res=0x5ea0 Z=0
PASS | Op: ADD A: 0xbaef B: 0xfca8 -> Res=0xb797 Z=0
PASS | Op: ADD A: 0x7af B: 0x2f3d -> Res=0x36ec Z=0
PASS | Op: AND A: 0x1d5a B: 0x75fc -> Res=0x1558 Z=0
PASS | Op: OR A: 0x8dea B: 0x8fc8 -> Res=0x8fea Z=0
PASS | Op: ADD A: 0x5516 B: 0xdf72 -> Res=0x3488 Z=0
PASS | Op: SUB A: 0xd956 B: 0x9eed -> Res=0x3a69 Z=0
PASS | Op: SUB A: 0x46df B: 0xf461 -> Res=0x527e Z=0
PASS | Op: XOR A: 0xbf6c B: 0x12ba -> Res=0xadd6 Z=0
PASS | Op: OR A: 0x49e0 B: 0x1fa4 -> Res=0x5fe4 Z=0
PASS | Op: XOR A: 0xc7b9 B: 0xf17 -> Res=0xc8ae Z=0
PASS | Op: XOR A: 0x9a66 B: 0xe949 -> Res=0x732f Z=0
PASS | Op: AND A: 0xc077 B: 0x3453 -> Res=0x53 Z=0
PASS | Op: SUB A: 0x4f64 B: 0xaa4b -> Res=0xa519 Z=0
PASS | Op: ADD A: 0xe419 B: 0xa364 -> Res=0x877d Z=0
PASS | Op: ADD A: 0x4c01 B: 0x77da -> Res=0xc3db Z=0
PASS | Op: OR A: 0x7ee0 B: 0xe31f -> Res=0xffff Z=0
PASS | Op: XOR A: 0x66fd B: 0x5f67 -> Res=0x399a Z=0
PASS | Op: OR A: 0xfa69 B: 0x9111 -> Res=0xfb79 Z=0
PASS | Op: SUB A: 0x9523 B: 0x731a -> Res=0x2209 Z=0
PASS | Op: OR A: 0x128 B: 0x26e -> Res=0x36e Z=0
PASS | Op: OR A: 0x887e B: 0xcbb7 -> Res=0xcbff Z=0
PASS | Op: OR A: 0x5539 B: 0xf4f7 -> Res=0xf5ff Z=0
PASS | Op: OR A: 0x9978 B: 0xd895 -> Res=0xd9fd Z=0
PASS | Op: XOR A: 0x6a3e B: 0x1967 -> Res=0x7359 Z=0
PASS | Op: OR A: 0x970d B: 0x796a -> Res=0xff6f Z=0
PASS | Op: AND A: 0x9299 B: 0x62d3 -> Res=0x291 Z=0
PASS | Op: XOR A: 0x3e9e B: 0x3656 -> Res=0x8c8 Z=0
PASS | Op: XOR A: 0x11e0 B: 0x270 -> Res=0x1390 Z=0
PASS | Op: ADD A: 0xff1f B: 0x27a3 -> Res=0x26c2 Z=0
PASS | Op: XOR A: 0x11ba B: 0xe342 -> Res=0xf2f8 Z=0
PASS | Op: ADD A: 0x8e27 B: 0x3e55 -> Res=0xcc7c Z=0
PASS | Op: AND A: 0xc1a0 B: 0x3bc2 -> Res=0x180 Z=0
PASS | Op: AND A: 0xa64d B: 0xbbd3 -> Res=0xa241 Z=0
PASS | Op: ADD A: 0x3939 B: 0x5e4d -> Res=0x9786 Z=0
PASS | Op: OR A: 0x55df B: 0x2d32 -> Res=0x7dff Z=0
PASS | Op: XOR A: 0xb7d2 B: 0xefc7 -> Res=0x5815 Z=0
PASS | Op: SUB A: 0xc935 B: 0xaf40 -> Res=0x19f5 Z=0
PASS | Op: OR A: 0x4320 B: 0xbdb4 -> Res=0xffb4 Z=0
PASS | Op: OR A: 0xb2c5 B: 0x777b -> Res=0xf7ff Z=0
PASS | Op: XOR A: 0x789c B: 0x9fd2 -> Res=0xe74e Z=0
PASS | Op: ADD A: 0xbed2 B: 0x90fd -> Res=0x4fcf Z=0
PASS | Op: SUB A: 0xe0f6 B: 0xcb78 -> Res=0x157e Z=0
PASS | Op: AND A: 0x2e2b B: 0x9ec4 -> Res=0xe00 Z=0
PASS | Op: SUB A: 0xcac B: 0xe666 -> Res=0x2646 Z=0
PASS | Op: SUB A: 0x4456 B: 0x1c53 -> Res=0x2803 Z=0
PASS | Op: AND A: 0xece6 B: 0x530 -> Res=0x420 Z=0
PASS | Op: ADD A: 0x9f91 B: 0xee83 -> Res=0x8e14 Z=0
PASS | Op: ADD A: 0xf0f9 B: 0x4f0d -> Res=0x4006 Z=0
PASS | Op: SUB A: 0xd433 B: 0xa6a -> Res=0xc9c9 Z=0
PASS | Op: XOR A: 0xceda B: 0x43e8 -> Res=0x8d32 Z=0
PASS | Op: XOR A: 0x764a B: 0x487e -> Res=0x3e34 Z=0
PASS | Op: SUB A: 0x1032 B: 0x4f1e -> Res=0xc114 Z=0
PASS | Op: XOR A: 0x110b B: 0x4aa7 -> Res=0x5bac Z=0
PASS | Op: OR A: 0x76dc B: 0x8c07 -> Res=0xfedf Z=0
PASS | Op: AND A: 0x6e71 B: 0x9baa -> Res=0xa20 Z=0
PASS | Op: ADD A: 0x1a0c B: 0xf8fc -> Res=0x1308 Z=0
PASS | Op: ADD A: 0xec6a B: 0x5bb4 -> Res=0x481e Z=0
PASS | Op: OR A: 0x549b B: 0x2df5 -> Res=0x7dff Z=0
PASS | Op: XOR A: 0xb8c7 B: 0x7eb4 -> Res=0xc673 Z=0
PASS | Op: ADD A: 0x1445 B: 0xff8 -> Res=0x243d Z=0
PASS | Op: ADD A: 0x374f B: 0xf4d3 -> Res=0x2c22 Z=0
PASS | Op: SUB A: 0x305b B: 0xbe75 -> Res=0x71e6 Z=0
PASS | Op: AND A: 0x54a3 B: 0xb8ef -> Res=0x10a3 Z=0
PASS | Op: OR A: 0x7007 B: 0xedd3 -> Res=0xfdd7 Z=0
PASS | Op: XOR A: 0x8b5d B: 0xa789 -> Res=0x2cd4 Z=0
PASS | Op: SUB A: 0xcd46 B: 0x2e36 -> Res=0x9f10 Z=0
PASS | Op: XOR A: 0x2511 B: 0x36a7 -> Res=0x13b6 Z=0
PASS | Op: XOR A: 0xc736 B: 0x366e -> Res=0xf158 Z=0
PASS | Op: OR A: 0x669a B: 0x4d4 -> Res=0x66de Z=0
PASS | Op: ADD A: 0xfebe B: 0x59a3 -> Res=0x5861 Z=0
PASS | Op: XOR A: 0xd511 B: 0x560b -> Res=0x831a Z=0
PASS | Op: ADD A: 0xc001 B: 0x8c2b -> Res=0x4c2c Z=0
PASS | Op: XOR A: 0x7a5a B: 0xd16d -> Res=0xab37 Z=0
PASS | Op: ADD A: 0x25e4 B: 0xbf65 -> Res=0xe549 Z=0
PASS | Op: SUB A: 0x7bb4 B: 0x8264 -> Res=0xf950 Z=0
PASS | Op: XOR A: 0x439b B: 0xdf6a -> Res=0x9cf1 Z=0
PASS | Op: ADD A: 0x5382 B: 0xdead -> Res=0x322f Z=0
PASS | Op: SUB A: 0xeb21 B: 0x1a2a -> Res=0xd0f7 Z=0
PASS | Op: ADD A: 0x1142 B: 0xcacd -> Res=0xdc0f Z=0
PASS | Op: SUB A: 0x6604 B: 0xed78 -> Res=0x788c Z=0
PASS | Op: SUB A: 0xee39 B: 0xc337 -> Res=0x2b02 Z=0
PASS | Op: XOR A: 0x984f B: 0x7f70 -> Res=0xe73f Z=0
PASS | Op: ADD A: 0xdb50 B: 0x8889 -> Res=0x63d9 Z=0
PASS | Op: SUB A: 0x9bd1 B: 0xdb5d -> Res=0xc074 Z=0
PASS | Op: ADD A: 0xdea4 B: 0xc1c6 -> Res=0xa06a Z=0
PASS | Op: XOR A: 0x93e2 B: 0xfb38 -> Res=0x68da Z=0
PASS | Op: XOR A: 0x66c3 B: 0xf27b -> Res=0x94b8 Z=0
PASS | Op: ADD A: 0xf715 B: 0x750 -> Res=0xfe65 Z=0
PASS | Op: SUB A: 0x3e12 B: 0x6521 -> Res=0xd8f1 Z=0
PASS | Op: OR A: 0x3498 B: 0xc14d -> Res=0xf5dd Z=0
PASS | Op: XOR A: 0xdc4c B: 0x9ac -> Res=0xd5e0 Z=0
PASS | Op: XOR A: 0x7d88 B: 0x11d4 -> Res=0x6c5c Z=0
PASS | Op: OR A: 0x3ddc B: 0xbeb7 -> Res=0xbfff Z=0
PASS | Op: AND A: 0x5e95 B: 0x15f -> Res=0x15 Z=0
PASS | Op: ADD A: 0xdd B: 0x7191 -> Res=0x726e Z=0
PASS | Op: SUB A: 0x264d B: 0x5eee -> Res=0xc75f Z=0
PASS | Op: XOR A: 0xce5a B: 0xa26f -> Res=0x6c35 Z=0
PASS | Op: XOR A: 0x1796 B: 0x2dfc -> Res=0x3a6a Z=0
PASS | Op: ADD A: 0xb158 B: 0xbd20 -> Res=0x6e78 Z=0
PASS | Op: ADD A: 0xdb31 B: 0x64e2 -> Res=0x4013 Z=0
PASS | Op: ADD A: 0x2078 B: 0xfd74 -> Res=0x1dec Z=0
PASS | Op: ADD A: 0x6ae3 B: 0xaf4a -> Res=0x1a2d Z=0
PASS | Op: XOR A: 0x6eea B: 0x7216 -> Res=0x1cfc Z=0
PASS | Op: SUB A: 0xd1 B: 0x801c -> Res=0x80b5 Z=0
PASS | Op: OR A: 0x3f6e B: 0x9ad0 -> Res=0xbffe Z=0
PASS | Op: SUB A: 0x7113 B: 0xaea6 -> Res=0xc26d Z=0
PASS | Op: ADD A: 0xc368 B: 0x217 -> Res=0xc57f Z=0
PASS | Op: AND A: 0x617e B: 0x8b83 -> Res=0x102 Z=0
PASS | Op: ADD A: 0x4d37 B: 0x2b8e -> Res=0x78c5 Z=0
PASS | Op: ADD A: 0x6b51 B: 0x7b57 -> Res=0xe6a8 Z=0
PASS | Op: AND A: 0xd308 B: 0x97a6 -> Res=0x9300 Z=0
PASS | Op: OR A: 0xed76 B: 0x18cd -> Res=0xfdff Z=0
PASS | Op: SUB A: 0xaba7 B: 0x636b -> Res=0x483c Z=0
PASS | Op: XOR A: 0x22ac B: 0xffc6 -> Res=0xdd6a Z=0
PASS | Op: SUB A: 0xc1b B: 0xf884 -> Res=0x1397 Z=0
PASS | Op: OR A: 0x798a B: 0x8fbe -> Res=0xffbe Z=0
PASS | Op: ADD A: 0x960e B: 0x38da -> Res=0xcee8 Z=0
PASS | Op: XOR A: 0x6661 B: 0x57a7 -> Res=0x31c6 Z=0
PASS | Op: XOR A: 0x8546 B: 0x1239 -> Res=0x977f Z=0
PASS | Op: XOR A: 0x524e B: 0x1945 -> Res=0x4b0b Z=0
PASS | Op: ADD A: 0xbfaf B: 0x86b2 -> Res=0x4661 Z=0
PASS | Op: XOR A: 0xe613 B: 0xe1c1 -> Res=0x7d2 Z=0
PASS | Op: XOR A: 0x63b7 B: 0xe630 -> Res=0x8587 Z=0
PASS | Op: AND A: 0x5a90 B: 0xd078 -> Res=0x5010 Z=0
PASS | Op: SUB A: 0x4a56 B: 0x111e -> Res=0x3938 Z=0
PASS | Op: XOR A: 0x2ad2 B: 0xfed -> Res=0x253f Z=0
PASS | Op: XOR A: 0x74b8 B: 0x4eda -> Res=0x3a62 Z=0
PASS | Op: SUB A: 0xb257 B: 0xb8d9 -> Res=0xf97e Z=0
PASS | Op: ADD A: 0x240d B: 0xf12 -> Res=0x331f Z=0
PASS | Op: XOR A: 0xad17 B: 0x516a -> Res=0xfc7d Z=0
PASS | Op: XOR A: 0x26ee B: 0x2403 -> Res=0x2ed Z=0
PASS | Op: XOR A: 0xab8d B: 0xdbda -> Res=0x7057 Z=0
PASS | Op: XOR A: 0x81e2 B: 0x2f45 -> Res=0xaea7 Z=0
PASS | Op: XOR A: 0x3095 B: 0xa36d -> Res=0x93f8 Z=0
PASS | Op: XOR A: 0x9d69 B: 0xb7f8 -> Res=0x2a91 Z=0
PASS | Op: ADD A: 0xe458 B: 0x2244 -> Res=0x69c Z=0
PASS | Op: ADD A: 0xf687 B: 0xef63 -> Res=0xe5ea Z=0
PASS | Op: XOR A: 0xdbf4 B: 0xe00b -> Res=0x3bff Z=0
PASS | Op: AND A: 0xc90a B: 0x9279 -> Res=0x8008 Z=0
PASS | Op: XOR A: 0x984c B: 0xdf24 -> Res=0x4768 Z=0
PASS | Op: XOR A: 0x25ea B: 0x90c2 -> Res=0xb528 Z=0
PASS | Op: AND A: 0xa886 B: 0xb471 -> Res=0xa000 Z=0
PASS | Op: SUB A: 0x1df7 B: 0x9f51 -> Res=0x7ea6 Z=0
PASS | Op: SUB A: 0x48f5 B: 0xbe4f -> Res=0x8aa6 Z=0
PASS | Op: ADD A: 0xfc72 B: 0x306f -> Res=0x2ce1 Z=0
PASS | Op: XOR A: 0xd13d B: 0x7d46 -> Res=0xac7b Z=0
PASS | Op: ADD A: 0x384c B: 0x393c -> Res=0x7188 Z=0
PASS | Op: AND A: 0xb9d4 B: 0x57ce -> Res=0x11c4 Z=0
PASS | Op: ADD A: 0xfa05 B: 0x261b -> Res=0x2020 Z=0
PASS | Op: AND A: 0xd738 B: 0x92a8 -> Res=0x9228 Z=0
PASS | Op: XOR A: 0x6f78 B: 0x8389 -> Res=0xecf1 Z=0
PASS | Op: OR A: 0x660 B: 0x4139 -> Res=0x4779 Z=0
PASS | Op: XOR A: 0xe147 B: 0x333 -> Res=0xe274 Z=0
PASS | Op: ADD A: 0xac75 B: 0x8cd3 -> Res=0x3948 Z=0
PASS | Op: XOR A: 0xdba4 B: 0x9edf -> Res=0x457b Z=0
PASS | Op: XOR A: 0x48b2 B: 0x99d9 -> Res=0xd16b Z=0
PASS | Op: XOR A: 0x654c B: 0xb09c -> Res=0xd5d0 Z=0
PASS | Op: XOR A: 0x794c B: 0xcb2 -> Res=0x75fe Z=0
PASS | Op: SUB A: 0xa178 B: 0x7aa4 -> Res=0x26d4 Z=0
PASS | Op: SUB A: 0x98be B: 0x408f -> Res=0x582f Z=0
PASS | Op: ADD A: 0x14cb B: 0x7560 -> Res=0x8a2b Z=0
PASS | Op: SUB A: 0x2df9 B: 0x8bf4 -> Res=0xa205 Z=0
PASS | Op: ADD A: 0xb2f8 B: 0xa8a9 -> Res=0x5ba1 Z=0
PASS | Op: OR A: 0x6cd4 B: 0x185a -> Res=0x7cde Z=0
PASS | Op: ADD A: 0x8451 B: 0xfcdc -> Res=0x812d Z=0
PASS | Op: OR A: 0x8fb9 B: 0x97f9 -> Res=0x9ff9 Z=0
PASS | Op: ADD A: 0x5618 B: 0xf948 -> Res=0x4f60 Z=0
PASS | Op: SUB A: 0x8970 B: 0xeebd -> Res=0x9ab3 Z=0
PASS | Op: AND A: 0xb5dd B: 0xf441 -> Res=0xb441 Z=0
PASS | Op: AND A: 0x3510 B: 0x5de2 -> Res=0x1500 Z=0
PASS | Op: ADD A: 0xf08f B: 0x81e2 -> Res=0x7271 Z=0
PASS | Op: AND A: 0xdc0f B: 0xcb83 -> Res=0xc803 Z=0
PASS | Op: SUB A: 0x5592 B: 0x264d -> Res=0x2f45 Z=0
PASS | Op: ADD A: 0x9911 B: 0xca64 -> Res=0x6375 Z=0
PASS | Op: ADD A: 0x68f1 B: 0x7be0 -> Res=0xe4d1 Z=0
PASS | Op: XOR A: 0xe7e4 B: 0xa237 -> Res=0x45d3 Z=0
PASS | Op: OR A: 0x3bb0 B: 0xfb1b -> Res=0xfbbb Z=0
PASS | Op: ADD A: 0x7c16 B: 0x5f7c -> Res=0xdb92 Z=0
PASS | Op: XOR A: 0xcfed B: 0xd21b -> Res=0x1df6 Z=0
PASS | Op: ADD A: 0x8875 B: 0x5769 -> Res=0xdfde Z=0
PASS | Op: OR A: 0xfddd B: 0x7833 -> Res=0xfdff Z=0
PASS | Op: ADD A: 0x5b57 B: 0x4de0 -> Res=0xa937 Z=0
PASS | Op: OR A: 0x7871 B: 0xff6 -> Res=0x7ff7 Z=0
PASS | Op: OR A: 0xaebe B: 0x81f7 -> Res=0xafff Z=0
PASS | Op: OR A: 0xc959 B: 0x1616 -> Res=0xdf5f Z=0
PASS | Op: XOR A: 0xe2e0 B: 0x9eb8 -> Res=0x7c58 Z=0
PASS | Op: SUB A: 0xabc0 B: 0x2cde -> Res=0x7ee2 Z=0
PASS | Op: ADD A: 0x549a B: 0x4654 -> Res=0x9aee Z=0
PASS | Op: SUB A: 0x1c38 B: 0x38a -> Res=0x18ae Z=0
PASS | Op: OR A: 0xb5b6 B: 0xbd63 -> Res=0xbdf7 Z=0
PASS | Op: XOR A: 0xb2de B: 0x2b7f -> Res=0x99a1 Z=0
PASS | Op: XOR A: 0x6502 B: 0xed24 -> Res=0x8826 Z=0
PASS | Op: OR A: 0x7d05 B: 0xa16 -> Res=0x7f17 Z=0
PASS | Op: OR A: 0x9523 B: 0x1668 -> Res=0x976b Z=0
PASS | Op: AND A: 0x6df6 B: 0x5029 -> Res=0x4020 Z=0
PASS | Op: XOR A: 0x5ff9 B: 0x14b8 -> Res=0x4b41 Z=0
PASS | Op: OR A: 0x54c9 B: 0xb803 -> Res=0xfccb Z=0
PASS | Op: XOR A: 0xe18 B: 0x156c -> Res=0x1b74 Z=0
PASS | Op: XOR A: 0x1a44 B: 0x8533 -> Res=0x9f77 Z=0
PASS | Op: SUB A: 0xf71d B: 0xb675 -> Res=0x40a8 Z=0
PASS | Op: ADD A: 0xf90f B: 0xda44 -> Res=0xd353 Z=0
PASS | Op: SUB A: 0xc1f B: 0x4ef8 -> Res=0xbd27 Z=0
PASS | Op: XOR A: 0x233 B: 0xfd0a -> Res=0xff39 Z=0
PASS | Op: ADD A: 0x1df6 B: 0xae65 -> Res=0xcc5b Z=0
PASS | Op: ADD A: 0xb1e6 B: 0x57c8 -> Res=0x9ae Z=0
PASS | Op: SUB A: 0x78b1 B: 0xfdd9 -> Res=0x7ad8 Z=0
PASS | Op: XOR A: 0x57e7 B: 0xd277 -> Res=0x8590 Z=0
PASS | Op: AND A: 0xc51e B: 0x86d4 -> Res=0x8414 Z=0
PASS | Op: SUB A: 0x5a51 B: 0xf10e -> Res=0x6943 Z=0
PASS | Op: OR A: 0x55ad B: 0x1ba -> Res=0x55bf Z=0
PASS | Op: SUB A: 0x9689 B: 0x55df -> Res=0x40aa Z=0
PASS | Op: XOR A: 0x81e1 B: 0x2e31 -> Res=0xafd0 Z=0
PASS | Op: SUB A: 0x81ca B: 0xff7f -> Res=0x824b Z=0
PASS | Op: XOR A: 0xb02 B: 0x5518 -> Res=0x5e1a Z=0
PASS | Op: XOR A: 0x6e87 B: 0x1a23 -> Res=0x74a4 Z=0
PASS | Op: AND A: 0xb00a B: 0x9cb5 -> Res=0x9000 Z=0
PASS | Op: ADD A: 0x1d9f B: 0xb065 -> Res=0xce04 Z=0
PASS | Op: OR A: 0xb2b4 B: 0xe9ca -> Res=0xfbfe Z=0
PASS | Op: XOR A: 0xe643 B: 0xf3f6 -> Res=0x15b5 Z=0
PASS | Op: XOR A: 0x1f50 B: 0x6d3c -> Res=0x726c Z=0
PASS | Op: XOR A: 0xcf47 B: 0x84f2 -> Res=0x4bb5 Z=0
PASS | Op: OR A: 0xf6e2 B: 0x439d -> Res=0xf7ff Z=0
PASS | Op: SUB A: 0x16d8 B: 0xf3f2 -> Res=0x22e6 Z=0
PASS | Op: ADD A: 0x274c B: 0x6a5 -> Res=0x2df1 Z=0
PASS | Op: ADD A: 0x37de B: 0xe47d -> Res=0x1c5b Z=0
PASS | Op: OR A: 0x428a B: 0xf4c9 -> Res=0xf6cb Z=0
PASS | Op: AND A: 0x8cef B: 0x7060 -> Res=0x60 Z=0
PASS | Op: ADD A: 0xe8e7 B: 0x18cb -> Res=0x1b2 Z=0
PASS | Op: OR A: 0xc91d B: 0x937 -> Res=0xc93f Z=0
PASS | Op: XOR A: 0x9311 B: 0xa4a8 -> Res=0x37b9 Z=0
PASS | Op: XOR A: 0x8c67 B: 0xb929 -> Res=0x354e Z=0
PASS | Op: XOR A: 0x7345 B: 0xe8b6 -> Res=0x9bf3 Z=0
PASS | Op: OR A: 0xd3c0 B: 0xbeb9 -> Res=0xfff9 Z=0
PASS | Op: SUB A: 0x551a B: 0x5df0 -> Res=0xf72a Z=0
PASS | Op: XOR A: 0x85e1 B: 0x2816 -> Res=0xadf7 Z=0
PASS | Op: OR A: 0x1a7 B: 0xd6a0 -> Res=0xd7a7 Z=0
PASS | Op: SUB A: 0x90b5 B: 0x5d46 -> Res=0x336f Z=0
PASS | Op: SUB A: 0x6765 B: 0x5331 -> Res=0x1434 Z=0
PASS | Op: XOR A: 0x6d63 B: 0xfab8 -> Res=0x97db Z=0
PASS | Op: XOR A: 0x1975 B: 0x35eb -> Res=0x2c9e Z=0
PASS | Op: AND A: 0xe916 B: 0x135d -> Res=0x114 Z=0
PASS | Op: XOR A: 0xeab5 B: 0x4648 -> Res=0xacfd Z=0
PASS | Op: OR A: 0x8063 B: 0xc249 -> Res=0xc26b Z=0
PASS | Op: SUB A: 0x9738 B: 0xa6b1 -> Res=0xf087 Z=0
PASS | Op: OR A: 0x440 B: 0xeb79 -> Res=0xef79 Z=0
PASS | Op: OR A: 0x7f04 B: 0x2239 -> Res=0x7f3d Z=0
PASS | Op: OR A: 0xa933 B: 0x62ca -> Res=0xebfb Z=0
PASS | Op: ADD A: 0xbf07 B: 0x96dc -> Res=0x55e3 Z=0
PASS | Op: AND A: 0x3f39 B: 0xdb56 -> Res=0x1b10 Z=0
PASS | Op: XOR A: 0x96d7 B: 0x22b4 -> Res=0xb463 Z=0
PASS | Op: XOR A: 0xe562 B: 0xc268 -> Res=0x270a Z=0
PASS | Op: SUB A: 0x5d57 B: 0x892a -> Res=0xd42d Z=0
PASS | Op: AND A: 0x808a B: 0x27a7 -> Res=0x82 Z=0
PASS | Op: SUB A: 0xcea7 B: 0x7b9c -> Res=0x530b Z=0
PASS | Op: SUB A: 0xdd6a B: 0x19ec -> Res=0xc37e Z=0
PASS | Op: XOR A: 0xe63e B: 0x3a36 -> Res=0xdc08 Z=0
PASS | Op: ADD A: 0x4254 B: 0xd2b1 -> Res=0x1505 Z=0
PASS | Op: XOR A: 0xc31e B: 0x1ce7 -> Res=0xdff9 Z=0
PASS | Op: XOR A: 0x7601 B: 0xd445 -> Res=0xa244 Z=0
PASS | Op: SUB A: 0xecfc B: 0x9172 -> Res=0x5b8a Z=0
PASS | Op: ADD A: 0xf536 B: 0x854b -> Res=0x7a81 Z=0
PASS | Op: AND A: 0xf95f B: 0xc780 -> Res=0xc100 Z=0
PASS | Op: SUB A: 0xf78d B: 0xf77 -> Res=0xe816 Z=0
PASS | Op: ADD A: 0x9cde B: 0x27a1 -> Res=0xc47f Z=0
PASS | Op: ADD A: 0x7434 B: 0xcda6 -> Res=0x41da Z=0
PASS | Op: SUB A: 0xa613 B: 0x6a32 -> Res=0x3be1 Z=0
PASS | Op: ADD A: 0x5704 B: 0xede5 -> Res=0x44e9 Z=0
PASS | Op: AND A: 0x2aec B: 0x9aee -> Res=0xaec Z=0
PASS | Op: SUB A: 0x2d65 B: 0xbc1f -> Res=0x7146 Z=0
PASS | Op: XOR A: 0x295e B: 0x5251 -> Res=0x7b0f Z=0
PASS | Op: AND A: 0x7a4 B: 0x5488 -> Res=0x480 Z=0
PASS | Op: XOR A: 0x33be B: 0xc8ac -> Res=0xfb12 Z=0
PASS | Op: XOR A: 0xa0d8 B: 0x916f -> Res=0x31b7 Z=0
PASS | Op: ADD A: 0xf740 B: 0xa36b -> Res=0x9aab Z=0
PASS | Op: ADD A: 0xff77 B: 0x24f7 -> Res=0x246e Z=0
PASS | Op: ADD A: 0xa4e0 B: 0xded9 -> Res=0x83b9 Z=0
PASS | Op: ADD A: 0x8f06 B: 0x7b7d -> Res=0xa83 Z=0
PASS | Op: ADD A: 0x1434 B: 0xba6 -> Res=0x1fda Z=0
PASS | Op: ADD A: 0x9320 B: 0x1914 -> Res=0xac34 Z=0
PASS | Op: ADD A: 0xb960 B: 0x923 -> Res=0xc283 Z=0
PASS | Op: XOR A: 0xcbaf B: 0xeb45 -> Res=0x20ea Z=0
PASS | Op: OR A: 0x6147 B: 0x2ca3 -> Res=0x6de7 Z=0
PASS | Op: OR A: 0xb39b B: 0x3ebf -> Res=0xbfbf Z=0
PASS | Op: ADD A: 0x813c B: 0x4a15 -> Res=0xcb51 Z=0
PASS | Op: XOR A: 0xe974 B: 0xa3c5 -> Res=0x4ab1 Z=0
PASS | Op: XOR A: 0x7816 B: 0xdc95 -> Res=0xa483 Z=0
PASS | Op: AND A: 0x3434 B: 0x46c0 -> Res=0x400 Z=0
PASS | Op: ADD A: 0xfcc9 B: 0x62b4 -> Res=0x5f7d Z=0
PASS | Op: OR A: 0x97fa B: 0x83b3 -> Res=0x97fb Z=0
PASS | Op: XOR A: 0x424a B: 0x137f -> Res=0x5135 Z=0
PASS | Op: ADD A: 0xf125 B: 0x1a8c -> Res=0xbb1 Z=0
PASS | Op: ADD A: 0xd5a1 B: 0x3638 -> Res=0xbd9 Z=0
PASS | Op: OR A: 0x3fc9 B: 0x38a5 -> Res=0x3fed Z=0
PASS | Op: OR A: 0x2c73 B: 0x6690 -> Res=0x6ef3 Z=0
PASS | Op: ADD A: 0xed8f B: 0x405e -> Res=0x2ded Z=0
PASS | Op: ADD A: 0x12d2 B: 0x1540 -> Res=0x2812 Z=0
PASS | Op: XOR A: 0xa478 B: 0xa15a -> Res=0x522 Z=0
PASS | Op: ADD A: 0x3837 B: 0xb398 -> Res=0xebcf Z=0
PASS | Op: XOR A: 0xbb6b B: 0x20a4 -> Res=0x9bcf Z=0
PASS | Op: ADD A: 0x671b B: 0x2c54 -> Res=0x936f Z=0
PASS | Op: OR A: 0x1358 B: 0xf6ee -> Res=0xf7fe Z=0
PASS | Op: ADD A: 0x38cf B: 0xd979 -> Res=0x1248 Z=0
PASS | Op: ADD A: 0x8e74 B: 0xb291 -> Res=0x4105 Z=0
PASS | Op: AND A: 0x474 B: 0x3b66 -> Res=0x64 Z=0
PASS | Op: ADD A: 0xe3f2 B: 0xc178 -> Res=0xa56a Z=0
PASS | Op: ADD A: 0x1e86 B: 0xa67a -> Res=0xc500 Z=0
PASS | Op: AND A: 0x3b82 B: 0xf71e -> Res=0x3302 Z=0
PASS | Op: AND A: 0x7b7f B: 0x1762 -> Res=0x1362 Z=0
PASS | Op: XOR A: 0x5947 B: 0xf7e -> Res=0x5639 Z=0
PASS | Op: SUB A: 0x2516 B: 0x309d -> Res=0xf479 Z=0
PASS | Op: OR A: 0xa3b B: 0xbf4c -> Res=0xbf7f Z=0
PASS | Op: ADD A: 0x5468 B: 0xc619 -> Res=0x1a81 Z=0
PASS | Op: XOR A: 0xaa9b B: 0x13bd -> Res=0xb926 Z=0
PASS | Op: ADD A: 0x5343 B: 0xbc0 -> Res=0x5f03 Z=0
PASS | Op: OR A: 0xba34 B: 0x5721 -> Res=0xff35 Z=0
PASS | Op: OR A: 0xe96f B: 0xada4 -> Res=0xedef Z=0
PASS | Op: SUB A: 0xd50a B: 0xe2a -> Res=0xc6e0 Z=0
PASS | Op: SUB A: 0xd7a4 B: 0xf49d -> Res=0xe307 Z=0
PASS | Op: ADD A: 0x5ee8 B: 0x67c1 -> Res=0xc6a9 Z=0
PASS | Op: XOR A: 0x8b2c B: 0x171c -> Res=0x9c30 Z=0
PASS | Op: ADD A: 0x1de6 B: 0x383d -> Res=0x5623 Z=0
PASS | Op: AND A: 0x438 B: 0x5d06 -> Res=0x400 Z=0
PASS | Op: XOR A: 0x5354 B: 0xaad1 -> Res=0xf985 Z=0
PASS | Op: ADD A: 0xdac4 B: 0xd22b -> Res=0xacef Z=0
PASS | Op: ADD A: 0x5fdf B: 0x497d -> Res=0xa95c Z=0
PASS | Op: OR A: 0xc343 B: 0x29dd -> Res=0xebdf Z=0
PASS | Op: AND A: 0xd9b8 B: 0xb9bc -> Res=0x99b8 Z=0
PASS | Op: XOR A: 0xc18b B: 0x2846 -> Res=0xe9cd Z=0
PASS | Op: XOR A: 0x39b6 B: 0xfead -> Res=0xc71b Z=0
PASS | Op: AND A: 0x25b9 B: 0x139c -> Res=0x198 Z=0
PASS | Op: ADD A: 0x53a0 B: 0x2c78 -> Res=0x8018 Z=0
PASS | Op: OR A: 0x7a26 B: 0x9dcd -> Res=0xffef Z=0
PASS | Op: XOR A: 0xa8c3 B: 0xf348 -> Res=0x5b8b Z=0
PASS | Op: XOR A: 0x4667 B: 0x8a1d -> Res=0xcc7a Z=0
PASS | Op: ADD A: 0x2635 B: 0x3181 -> Res=0x57b6 Z=0
PASS | Op: SUB A: 0x5a9d B: 0x1b7d -> Res=0x3f20 Z=0
PASS | Op: XOR A: 0xff83 B: 0x126d -> Res=0xedee Z=0
PASS | Op: XOR A: 0x5221 B: 0x3b94 -> Res=0x69b5 Z=0
PASS | Op: AND A: 0x7e32 B: 0xcdb7 -> Res=0x4c32 Z=0
PASS | Op: XOR A: 0xa732 B: 0x26df -> Res=0x81ed Z=0
PASS | Op: ADD A: 0xab24 B: 0xc82 -> Res=0xb7a6 Z=0
PASS | Op: AND A: 0x480e B: 0xc723 -> Res=0x4002 Z=0
PASS | Op: AND A: 0x87b5 B: 0xda8d -> Res=0x8285 Z=0
PASS | Op: ADD A: 0xc41 B: 0xebe4 -> Res=0xf825 Z=0
PASS | Op: XOR A: 0xc21d B: 0x2d19 -> Res=0xef04 Z=0
PASS | Op: OR A: 0x5bed B: 0xe7b4 -> Res=0xfffd Z=0
PASS | Op: ADD A: 0xa987 B: 0xe03a -> Res=0x89c1 Z=0
PASS | Op: ADD A: 0x20a7 B: 0x9e4f -> Res=0xbef6 Z=0
PASS | Op: XOR A: 0x6d41 B: 0x398d -> Res=0x54cc Z=0
PASS | Op: XOR A: 0x4d9 B: 0x488b -> Res=0x4c52 Z=0
PASS | Op: AND A: 0x3e92 B: 0x9e0e -> Res=0x1e02 Z=0
PASS | Op: ADD A: 0x6fd7 B: 0x3994 -> Res=0xa96b Z=0
PASS | Op: AND A: 0x69f2 B: 0x8424 -> Res=0x20 Z=0
PASS | Op: AND A: 0x978c B: 0x5217 -> Res=0x1204 Z=0
PASS | Op: XOR A: 0x133c B: 0x6082 -> Res=0x73be Z=0
PASS | Op: ADD A: 0x80e3 B: 0x5f97 -> Res=0xe07a Z=0
PASS | Op: ADD A: 0xeb53 B: 0x9399 -> Res=0x7eec Z=0
PASS | Op: SUB A: 0x5dab B: 0x7f6d -> Res=0xde3e Z=0
PASS | Op: OR A: 0x269 B: 0xa7b8 -> Res=0xa7f9 Z=0
PASS | Op: OR A: 0x7105 B: 0x3b73 -> Res=0x7b77 Z=0
PASS | Op: OR A: 0x205f B: 0x1c1 -> Res=0x21df Z=0
PASS | Op: XOR A: 0x576e B: 0x5149 -> Res=0x627 Z=0
PASS | Op: XOR A: 0x6634 B: 0x494d -> Res=0x2f79 Z=0
PASS | Op: SUB A: 0xd25c B: 0xd10b -> Res=0x151 Z=0
PASS | Op: XOR A: 0x11a6 B: 0xe3f7 -> Res=0xf251 Z=0
PASS | Op: AND A: 0x317a B: 0x5caa -> Res=0x102a Z=0
PASS | Op: ADD A: 0xabc5 B: 0x9930 -> Res=0x44f5 Z=0
PASS | Op: XOR A: 0x519e B: 0x9155 -> Res=0xc0cb Z=0
PASS | Op: ADD A: 0x6d18 B: 0x12a8 -> Res=0x7fc0 Z=0
PASS | Op: XOR A: 0x7a2a B: 0x26ba -> Res=0x5c90 Z=0
PASS | Op: AND A: 0x1198 B: 0x400 -> Res=0x0 Z=0
PASS | Op: XOR A: 0x7fb5 B: 0x807e -> Res=0xffcb Z=0
PASS | Op: OR A: 0x1998 B: 0x343e -> Res=0x3dbe Z=0
PASS | Op: AND A: 0x8816 B: 0x986d -> Res=0x8804 Z=0
PASS | Op: XOR A: 0x7a43 B: 0x75a4 -> Res=0xfe7 Z=0
PASS | Op: OR A: 0x8d0d B: 0x7be2 -> Res=0xffef Z=0
PASS | Op: XOR A: 0x17c1 B: 0x8d5a -> Res=0x9a9b Z=0
PASS | Op: XOR A: 0x2ac3 B: 0xa5a7 -> Res=0x8f64 Z=0
PASS | Op: ADD A: 0x7bc5 B: 0xd370 -> Res=0x4f35 Z=0
PASS | Op: ADD A: 0x7504 B: 0x1b2e -> Res=0x9032 Z=0
PASS | Op: SUB A: 0xe888 B: 0x22eb -> Res=0xc59d Z=0
PASS | Op: OR A: 0xccfa B: 0xd49b -> Res=0xdcfb Z=0
PASS | Op: AND A: 0x3c3c B: 0x1d57 -> Res=0x1c14 Z=0
PASS | Op: XOR A: 0x2990 B: 0x995e -> Res=0xb0ce Z=0
PASS | Op: SUB A: 0x3ead B: 0x3623 -> Res=0x88a Z=0
PASS | Op: ADD A: 0x2a5c B: 0xd4f8 -> Res=0xff54 Z=0
PASS | Op: XOR A: 0xa192 B: 0xe1ad -> Res=0x403f Z=0
PASS | Op: XOR A: 0xdb1b B: 0xa441 -> Res=0x7f5a Z=0
PASS | Op: SUB A: 0xa024 B: 0xa853 -> Res=0xf7d1 Z=0
PASS | Op: OR A: 0xba41 B: 0x6cac -> Res=0xfeed Z=0
PASS | Op: ADD A: 0xe2a7 B: 0x81fc -> Res=0x64a3 Z=0
PASS | Op: ADD A: 0xee03 B: 0x9fe -> Res=0xf801 Z=0
PASS | Op: ADD A: 0xd26d B: 0xac3d -> Res=0x7eaa Z=0
PASS | Op: XOR A: 0x74da B: 0xd0c9 -> Res=0xa413 Z=0
PASS | Op: SUB A: 0xfc0c B: 0x7b11 -> Res=0x80fb Z=0
PASS | Op: OR A: 0xaa28 B: 0xa82a -> Res=0xaa2a Z=0
PASS | Op: ADD A: 0x3a8 B: 0x429 -> Res=0x7d1 Z=0
PASS | Op: SUB A: 0x9f07 B: 0xd138 -> Res=0xcdcf Z=0
PASS | Op: AND A: 0xc61a B: 0x36ae -> Res=0x60a Z=0
PASS | Op: ADD A: 0x1635 B: 0xa7cb -> Res=0xbe00 Z=0
PASS | Op: OR A: 0x9081 B: 0xb907 -> Res=0xb987 Z=0
PASS | Op: XOR A: 0x4a54 B: 0x6061 -> Res=0x2a35 Z=0
PASS | Op: ADD A: 0x813f B: 0x582d -> Res=0xd96c Z=0
PASS | Op: AND A: 0xed3e B: 0xd38a -> Res=0xc10a Z=0
PASS | Op: XOR A: 0x97e B: 0xb590 -> Res=0xbcee Z=0
PASS | Op: XOR A: 0xb886 B: 0x23d1 -> Res=0x9b57 Z=0
PASS | Op: ADD A: 0xa51c B: 0x5b65 -> Res=0x81 Z=0
PASS | Op: SUB A: 0xb393 B: 0x48f -> Res=0xaf04 Z=0
PASS | Op: ADD A: 0x509d B: 0x2851 -> Res=0x78ee Z=0
PASS | Op: AND A: 0x89c9 B: 0xf6c4 -> Res=0x80c0 Z=0
PASS | Op: ADD A: 0x11b0 B: 0xb686 -> Res=0xc836 Z=0
PASS | Op: ADD A: 0x7104 B: 0x347e -> Res=0xa582 Z=0
PASS | Op: AND A: 0xc4bd B: 0x1ba9 -> Res=0xa9 Z=0
PASS | Op: OR A: 0x5f50 B: 0xa4fb -> Res=0xfffb Z=0
PASS | Op: ADD A: 0xb735 B: 0xa672 -> Res=0x5da7 Z=0
PASS | Op: OR A: 0x4393 B: 0x142 -> Res=0x43d3 Z=0
PASS | Op: XOR A: 0xe665 B: 0x383e -> Res=0xde5b Z=0
PASS | Op: SUB A: 0xf165 B: 0xe75d -> Res=0xa08 Z=0
PASS | Op: XOR A: 0xb7e B: 0xeda -> Res=0x5a4 Z=0
PASS | Op: SUB A: 0x8628 B: 0xc269 -> Res=0xc3bf Z=0
PASS | Op: SUB A: 0xba2 B: 0x3f3c -> Res=0xcc66 Z=0
PASS | Op: XOR A: 0xac01 B: 0xe02a -> Res=0x4c2b Z=0
PASS | Op: ADD A: 0x6563 B: 0x7cfd -> Res=0xe260 Z=0
PASS | Op: XOR A: 0x5e29 B: 0x1965 -> Res=0x474c Z=0
PASS | Op: ADD A: 0x46ec B: 0x5e81 -> Res=0xa56d Z=0
PASS | Op: ADD A: 0xf038 B: 0xd904 -> Res=0xc93c Z=0
PASS | Op: ADD A: 0x59ce B: 0x6a1c -> Res=0xc3ea Z=0
PASS | Op: XOR A: 0xb66d B: 0x501b -> Res=0xe676 Z=0
PASS | Op: XOR A: 0x5544 B: 0xbbbe -> Res=0xeefa Z=0
PASS | Op: AND A: 0x13bb B: 0x36f2 -> Res=0x12b2 Z=0
PASS | Op: SUB A: 0xb404 B: 0x43b9 -> Res=0x704b Z=0
PASS | Op: ADD A: 0x674f B: 0x98e0 -> Res=0x2f Z=0
PASS | Op: XOR A: 0x64c2 B: 0xe56e -> Res=0x81ac Z=0
PASS | Op: XOR A: 0xf5a0 B: 0x6956 -> Res=0x9cf6 Z=0
PASS | Op: ADD A: 0x8e06 B: 0x8fd4 -> Res=0x1dda Z=0
PASS | Op: XOR A: 0xf538 B: 0x9878 -> Res=0x6d40 Z=0
PASS | Op: XOR A: 0x22af B: 0x3466 -> Res=0x16c9 Z=0
PASS | Op: SUB A: 0xd93a B: 0xb29e -> Res=0x269c Z=0
PASS | Op: AND A: 0x691c B: 0x87c6 -> Res=0x104 Z=0
PASS | Op: SUB A: 0x99ea B: 0xe43c -> Res=0xb5ae Z=0
PASS | Op: ADD A: 0x7d8b B: 0x3283 -> Res=0xb00e Z=0
PASS | Op: SUB A: 0x8581 B: 0x57de -> Res=0x2da3 Z=0
PASS | Op: AND A: 0x2352 B: 0x134 -> Res=0x110 Z=0
PASS | Op: XOR A: 0xac51 B: 0xb3ff -> Res=0x1fae Z=0
PASS | Op: XOR A: 0x5421 B: 0xcc7a -> Res=0x985b Z=0
PASS | Op: OR A: 0xcef2 B: 0xbd0e -> Res=0xfffe Z=0
PASS | Op: XOR A: 0x2b86 B: 0xf6b6 -> Res=0xdd30 Z=0
PASS | Op: SUB A: 0x11c2 B: 0xcb4e -> Res=0x4674 Z=0
PASS | Op: AND A: 0x2d1d B: 0x4c4f -> Res=0xc0d Z=0
PASS | Op: OR A: 0x4079 B: 0x4994 -> Res=0x49fd Z=0
PASS | Op: SUB A: 0xc675 B: 0xb37a -> Res=0x12fb Z=0
PASS | Op: AND A: 0xb6c5 B: 0xda7c -> Res=0x9244 Z=0
PASS | Op: XOR A: 0xbb06 B: 0x3ac8 -> Res=0x81ce Z=0
PASS | Op: XOR A: 0x1fd4 B: 0xb81a -> Res=0xa7ce Z=0
PASS | Op: XOR A: 0xad91 B: 0xd2b4 -> Res=0x7f25 Z=0
PASS | Op: XOR A: 0xb1b9 B: 0xab24 -> Res=0x1a9d Z=0
PASS | Op: SUB A: 0xd016 B: 0x834c -> Res=0x4cca Z=0
PASS | Op: OR A: 0x42f0 B: 0x7e5c -> Res=0x7efc Z=0
PASS | Op: ADD A: 0x67c0 B: 0x9c03 -> Res=0x3c3 Z=0
PASS | Op: SUB A: 0x81b B: 0xc129 -> Res=0x46f2 Z=0
PASS | Op: ADD A: 0x6afd B: 0x64b8 -> Res=0xcfb5 Z=0
PASS | Op: SUB A: 0x11e3 B: 0x5f13 -> Res=0xb2d0 Z=0
PASS | Op: XOR A: 0x4df4 B: 0xafb4 -> Res=0xe240 Z=0
PASS | Op: ADD A: 0x83ad B: 0x7676 -> Res=0xfa23 Z=0
PASS | Op: SUB A: 0xf54a B: 0x304d -> Res=0xc4fd Z=0
PASS | Op: OR A: 0x2978 B: 0x64c7 -> Res=0x6dff Z=0
PASS | Op: SUB A: 0xc37e B: 0xdb34 -> Res=0xe84a Z=0
PASS | Op: XOR A: 0xa93e B: 0x7c51 -> Res=0xd56f Z=0
PASS | Op: SUB A: 0xbe0f B: 0x8d1 -> Res=0xb53e Z=0
PASS | Op: XOR A: 0xc87 B: 0x45b8 -> Res=0x493f Z=0
PASS | Op: XOR A: 0xb7ce B: 0xb5e8 -> Res=0x226 Z=0
PASS | Op: XOR A: 0xf678 B: 0xd25c -> Res=0x2424 Z=0
PASS | Op: ADD A: 0x7793 B: 0xcde5 -> Res=0x4578 Z=0
PASS | Op: ADD A: 0xf71d B: 0xc648 -> Res=0xbd65 Z=0
PASS | Op: ADD A: 0xc4cb B: 0x8d4e -> Res=0x5219 Z=0
PASS | Op: SUB A: 0xb456 B: 0x917f -> Res=0x22d7 Z=0
PASS | Op: SUB A: 0x5cb3 B: 0x7199 -> Res=0xeb1a Z=0
PASS | Op: ADD A: 0x4e9d B: 0xd310 -> Res=0x21ad Z=0
PASS | Op: SUB A: 0x622a B: 0xf0ae -> Res=0x717c Z=0
PASS | Op: XOR A: 0xb1cf B: 0xbda -> Res=0xba15 Z=0
PASS | Op: AND A: 0x9bf B: 0x1145 -> Res=0x105 Z=0
PASS | Op: SUB A: 0x656f B: 0x82ef -> Res=0xe280 Z=0
PASS | Op: SUB A: 0xcce1 B: 0x1be3 -> Res=0xb0fe Z=0
PASS | Op: XOR A: 0x24d8 B: 0xa2f7 -> Res=0x862f Z=0
PASS | Op: OR A: 0xb043 B: 0x64c -> Res=0xb64f Z=0
PASS | Op: ADD A: 0xb54a B: 0x91b8 -> Res=0x4702 Z=0
PASS | Op: XOR A: 0x6ca9 B: 0xaba0 -> Res=0xc709 Z=0
PASS | Op: OR A: 0xe63e B: 0x6818 -> Res=0xee3e Z=0
PASS | Op: XOR A: 0x17dd B: 0x32e7 -> Res=0x253a Z=0
PASS | Op: AND A: 0xca4a B: 0x712c -> Res=0x4008 Z=0
PASS | Op: XOR A: 0xc2f6 B: 0x8ce5 -> Res=0x4e13 Z=0
PASS | Op: SUB A: 0x1732 B: 0x688c -> Res=0xaea6 Z=0
PASS | Op: ADD A: 0x6712 B: 0x3d1b -> Res=0xa42d Z=0
PASS | Op: ADD A: 0x2238 B: 0xa5c8 -> Res=0xc800 Z=0
PASS | Op: SUB A: 0x7b2a B: 0xd81a -> Res=0xa310 Z=0
PASS | Op: XOR A: 0x2f03 B: 0x93bb -> Res=0xbcb8 Z=0
PASS | Op: ADD A: 0xfa8f B: 0x5e6a -> Res=0x58f9 Z=0
PASS | Op: ADD A: 0x5654 B: 0x110a -> Res=0x675e Z=0
PASS | Op: OR A: 0x8a5f B: 0x98c3 -> Res=0x9adf Z=0
PASS | Op: XOR A: 0xeb53 B: 0x4f00 -> Res=0xa453 Z=0
PASS | Op: ADD A: 0xdb23 B: 0xf3cb -> Res=0xceee Z=0
PASS | Op: XOR A: 0x820d B: 0x1927 -> Res=0x9b2a Z=0
PASS | Op: AND A: 0xd5a B: 0x91f8 -> Res=0x158 Z=0
PASS | Op: AND A: 0xd106 B: 0xc402 -> Res=0xc002 Z=0
PASS | Op: XOR A: 0x70d2 B: 0x1c04 -> Res=0x6cd6 Z=0
PASS | Op: AND A: 0xb080 B: 0x625b -> Res=0x2000 Z=0
PASS | Op: AND A: 0xfbc5 B: 0x789c -> Res=0x7884 Z=0
PASS | Op: XOR A: 0xbab8 B: 0x94bd -> Res=0x2e05 Z=0
PASS | Op: ADD A: 0x1afb B: 0xc3cd -> Res=0xdec8 Z=0
PASS | Op: AND A: 0x1e66 B: 0xa378 -> Res=0x260 Z=0
PASS | Op: XOR A: 0x3b2b B: 0x6779 -> Res=0x5c52 Z=0
PASS | Op: SUB A: 0xd22a B: 0x84e5 -> Res=0x4d45 Z=0
PASS | Op: XOR A: 0x36b0 B: 0xae72 -> Res=0x98c2 Z=0
PASS | Op: AND A: 0x4425 B: 0x92f3 -> Res=0x21 Z=0
PASS | Op: XOR A: 0xe752 B: 0xca41 -> Res=0x2d13 Z=0
PASS | Op: ADD A: 0x6df B: 0x1757 -> Res=0x1e36 Z=0
PASS | Op: OR A: 0xbb53 B: 0x8217 -> Res=0xbb57 Z=0
PASS | Op: AND A: 0x5476 B: 0x81dc -> Res=0x54 Z=0
PASS | Op: XOR A: 0xefd4 B: 0x6fd7 -> Res=0x8003 Z=0
PASS | Op: XOR A: 0x71de B: 0x9030 -> Res=0xe1ee Z=0
PASS | Op: OR A: 0x5735 B: 0x3ad7 -> Res=0x7ff7 Z=0
PASS | Op: AND A: 0xa89d B: 0xa375 -> Res=0xa015 Z=0
PASS | Op: ADD A: 0xc2e9 B: 0x611d -> Res=0x2406 Z=0
PASS | Op: XOR A: 0xf71a B: 0xce32 -> Res=0x3928 Z=0
PASS | Op: ADD A: 0x1eb5 B: 0xbe9b -> Res=0xdd50 Z=0
PASS | Op: SUB A: 0xa3c4 B: 0xa2e -> Res=0x9996 Z=0
PASS | Op: ADD A: 0x9450 B: 0x4542 -> Res=0xd992 Z=0
PASS | Op: AND A: 0xdd32 B: 0x4699 -> Res=0x4410 Z=0
PASS | Op: SUB A: 0xa673 B: 0x8cd0 -> Res=0x19a3 Z=0
PASS | Op: SUB A: 0x4226 B: 0xec42 -> Res=0x55e4 Z=0
PASS | Op: XOR A: 0xdb26 B: 0xc5a4 -> Res=0x1e82 Z=0
PASS | Op: XOR A: 0x9c96 B: 0x7458 -> Res=0xe8ce Z=0
PASS | Op: XOR A: 0xa1da B: 0xfc32 -> Res=0x5de8 Z=0
PASS | Op: XOR A: 0xbf12 B: 0xd212 -> Res=0x6d00 Z=0
PASS | Op: OR A: 0xc4df B: 0x2e80 -> Res=0xeedf Z=0
PASS | Op: XOR A: 0x1c9e B: 0x4d7f -> Res=0x51e1 Z=0
PASS | Op: XOR A: 0x752a B: 0x89b1 -> Res=0xfc9b Z=0
PASS | Op: ADD A: 0x2559 B: 0xdff9 -> Res=0x552 Z=0
PASS | Op: AND A: 0x4605 B: 0xa57e -> Res=0x404 Z=0
PASS | Op: SUB A: 0x8d78 B: 0x44bf -> Res=0x48b9 Z=0
PASS | Op: OR A: 0x2c00 B: 0xe677 -> Res=0xee77 Z=0
PASS | Op: XOR A: 0x965c B: 0xb680 -> Res=0x20dc Z=0
PASS | Op: SUB A: 0x71ca B: 0x12c5 -> Res=0x5f05 Z=0
PASS | Op: SUB A: 0x9fda B: 0x5e6c -> Res=0x416e Z=0
PASS | Op: OR A: 0x9288 B: 0x7511 -> Res=0xf799 Z=0
PASS | Op: OR A: 0x66f7 B: 0x6d2a -> Res=0x6fff Z=0
PASS | Op: SUB A: 0xae03 B: 0xe966 -> Res=0xc49d Z=0
PASS | Op: ADD A: 0xe8a B: 0xa2a -> Res=0x18b4 Z=0
PASS | Op: XOR A: 0x71e7 B: 0x7ed3 -> Res=0xf34 Z=0
PASS | Op: OR A: 0x4ead B: 0xea24 -> Res=0xeead Z=0
PASS | Op: AND A: 0x108c B: 0xaf78 -> Res=0x8 Z=0
PASS | Op: XOR A: 0xc589 B: 0xa6a6 -> Res=0x632f Z=0
PASS | Op: XOR A: 0x3715 B: 0x8752 -> Res=0xb047 Z=0
PASS | Op: ADD A: 0xd536 B: 0x27c2 -> Res=0xfcf8 Z=0
PASS | Op: OR A: 0xd7b0 B: 0xa171 -> Res=0xf7f1 Z=0
PASS | Op: XOR A: 0x739b B: 0xb194 -> Res=0xc20f Z=0
PASS | Op: OR A: 0x216 B: 0x7419 -> Res=0x761f Z=0
PASS | Op: OR A: 0x185b B: 0x764 -> Res=0x1f7f Z=0
PASS | Op: ADD A: 0x647f B: 0xdea4 -> Res=0x4323 Z=0
PASS | Op: ADD A: 0x9a4c B: 0x37c2 -> Res=0xd20e Z=0
PASS | Op: ADD A: 0xd4ea B: 0xa2bd -> Res=0x77a7 Z=0
PASS | Op: XOR A: 0xd67d B: 0x1a9b -> Res=0xcce6 Z=0
PASS | Op: ADD A: 0xc176 B: 0xf6e5 -> Res=0xb85b Z=0
PASS | Op: AND A: 0xece2 B: 0x4e40 -> Res=0x4c40 Z=0
PASS | Op: ADD A: 0x13fd B: 0xf7ae -> Res=0xbab Z=0
PASS | Op: SUB A: 0x9cd2 B: 0x4a31 -> Res=0x52a1 Z=0
PASS | Op: XOR A: 0x9856 B: 0x7d81 -> Res=0xe5d7 Z=0
PASS | Op: XOR A: 0x7120 B: 0x3e74 -> Res=0x4f54 Z=0
PASS | Op: XOR A: 0xc005 B: 0x44c -> Res=0xc449 Z=0
PASS | Op: ADD A: 0x282c B: 0x5d18 -> Res=0x8544 Z=0
PASS | Op: AND A: 0xb6bd B: 0x572 -> Res=0x430 Z=0
PASS | Op: OR A: 0x297a B: 0xa069 -> Res=0xa97b Z=0
PASS | Op: ADD A: 0x395a B: 0x91e0 -> Res=0xcb3a Z=0
PASS | Op: XOR A: 0xa8f8 B: 0x2ece -> Res=0x8636 Z=0
PASS | Op: ADD A: 0x1d45 B: 0x864c -> Res=0xa391 Z=0
PASS | Op: OR A: 0x49b8 B: 0xa5f4 -> Res=0xedfc Z=0
PASS | Op: AND A: 0x166c B: 0xf2a3 -> Res=0x1220 Z=0
PASS | Op: AND A: 0xbbf1 B: 0x4220 -> Res=0x220 Z=0
PASS | Op: SUB A: 0xdbfe B: 0xa7f1 -> Res=0x340d Z=0
PASS | Op: SUB A: 0x5743 B: 0xfea7 -> Res=0x589c Z=0
PASS | Op: ADD A: 0x33db B: 0xebdd -> Res=0x1fb8 Z=0
PASS | Op: ADD A: 0xc400 B: 0xaff8 -> Res=0x73f8 Z=0
PASS | Op: XOR A: 0x1cca B: 0xd2 -> Res=0x1c18 Z=0
PASS | Op: AND A: 0xe691 B: 0x47de -> Res=0x4690 Z=0
PASS | Op: XOR A: 0xf41e B: 0x15b0 -> Res=0xe1ae Z=0
PASS | Op: ADD A: 0x620 B: 0x42ba -> Res=0x48da Z=0
PASS | Op: XOR A: 0x2a31 B: 0x79d0 -> Res=0x53e1 Z=0
PASS | Op: XOR A: 0xa84 B: 0x9eb5 -> Res=0x9431 Z=0
PASS | Op: ADD A: 0xf863 B: 0xe859 -> Res=0xe0bc Z=0
PASS | Op: OR A: 0x719e B: 0x5576 -> Res=0x75fe Z=0
PASS | Op: ADD A: 0xce14 B: 0x923 -> Res=0xd737 Z=0
PASS | Op: XOR A: 0xa7ca B: 0x6c91 -> Res=0xcb5b Z=0
PASS | Op: ADD A: 0x3063 B: 0x4253 -> Res=0x72b6 Z=0
PASS | Op: ADD A: 0x241 B: 0xe2e3 -> Res=0xe524 Z=0
PASS | Op: XOR A: 0x932f B: 0x2d16 -> Res=0xbe39 Z=0
PASS | Op: SUB A: 0x702c B: 0x385 -> Res=0x6ca7 Z=0
PASS | Op: XOR A: 0x9b00 B: 0xaba3 -> Res=0x30a3 Z=0
PASS | Op: XOR A: 0x7036 B: 0x3829 -> Res=0x481f Z=0
PASS | Op: ADD A: 0x669a B: 0x6580 -> Res=0xcc1a Z=0
PASS | Op: ADD A: 0x5086 B: 0x4da9 -> Res=0x9e2f Z=0
PASS | Op: XOR A: 0x4e5a B: 0x5e32 -> Res=0x1068 Z=0
PASS | Op: ADD A: 0x1e42 B: 0x47d5 -> Res=0x6617 Z=0
PASS | Op: AND A: 0xbf28 B: 0x7f89 -> Res=0x3f08 Z=0
PASS | Op: AND A: 0x89cc B: 0x1cc2 -> Res=0x8c0 Z=0
PASS | Op: XOR A: 0x295d B: 0xde8 -> Res=0x24b5 Z=0
PASS | Op: SUB A: 0x8588 B: 0x380c -> Res=0x4d7c Z=0
PASS | Op: AND A: 0x6699 B: 0xdc83 -> Res=0x4481 Z=0
PASS | Op: ADD A: 0x8636 B: 0x728c -> Res=0xf8c2 Z=0
PASS | Op: OR A: 0x28bd B: 0xcf41 -> Res=0xeffd Z=0
PASS | Op: SUB A: 0x5baa B: 0xbc01 -> Res=0x9fa9 Z=0
PASS | Op: OR A: 0x3d9d B: 0xc34 -> Res=0x3dbd Z=0
PASS | Op: OR A: 0xda6f B: 0x97ee -> Res=0xdfef Z=0
PASS | Op: SUB A: 0xab3b B: 0xea55 -> Res=0xc0e6 Z=0
PASS | Op: SUB A: 0xd684 B: 0x4bee -> Res=0x8a96 Z=0
PASS | Op: XOR A: 0xe9bc B: 0xd4c9 -> Res=0x3d75 Z=0
PASS | Op: XOR A: 0xec9c B: 0xf4f7 -> Res=0x186b Z=0
PASS | Op: XOR A: 0x367a B: 0x57e7 -> Res=0x619d Z=0
PASS | Op: ADD A: 0xe8c3 B: 0xc314 -> Res=0xabd7 Z=0
PASS | Op: AND A: 0xae25 B: 0xeb00 -> Res=0xaa00 Z=0
PASS | Op: AND A: 0x5f9e B: 0x66dc -> Res=0x469c Z=0
PASS | Op: XOR A: 0x2bf0 B: 0xd0d0 -> Res=0xfb20 Z=0
PASS | Op: ADD A: 0xfb00 B: 0x74a3 -> Res=0x6fa3 Z=0
PASS | Op: SUB A: 0x18d5 B: 0x4928 -> Res=0xcfad Z=0
PASS | Op: AND A: 0x1ad3 B: 0xc5db -> Res=0xd3 Z=0
PASS | Op: AND A: 0x8432 B: 0xb23 -> Res=0x22 Z=0
PASS | Op: ADD A: 0x4984 B: 0xb6c8 -> Res=0x4c Z=0
PASS | Op: XOR A: 0x33b4 B: 0x54f1 -> Res=0x6745 Z=0
PASS | Op: XOR A: 0x6cc8 B: 0x3a1c -> Res=0x56d4 Z=0
PASS | Op: ADD A: 0xe00d B: 0x4a2 -> Res=0xe4af Z=0
PASS | Op: XOR A: 0xb1ee B: 0xaeb3 -> Res=0x1f5d Z=0
PASS | Op: XOR A: 0x75ce B: 0x5fbf -> Res=0x2a71 Z=0
PASS | Op: ADD A: 0xb814 B: 0x7938 -> Res=0x314c Z=0
PASS | Op: XOR A: 0x9119 B: 0x1426 -> Res=0x853f Z=0
PASS | Op: OR A: 0x3104 B: 0x6e3f -> Res=0x7f3f Z=0
PASS | Op: OR A: 0x6c63 B: 0xab69 -> Res=0xef6b Z=0
PASS | Op: XOR A: 0x340a B: 0x3481 -> Res=0x8b Z=0
PASS | Op: OR A: 0x8b24 B: 0x3340 -> Res=0xbb64 Z=0
PASS | Op: OR A: 0x84e5 B: 0xdcbb -> Res=0xdcff Z=0
PASS | Op: OR A: 0xe5ef B: 0x49f1 -> Res=0xedff Z=0
PASS | Op: XOR A: 0xa26f B: 0x84e8 -> Res=0x2687 Z=0
PASS | Op: ADD A: 0x3241 B: 0xe512 -> Res=0x1753 Z=0
PASS | Op: ADD A: 0xbba5 B: 0x6b4f -> Res=0x26f4 Z=0
PASS | Op: XOR A: 0xf39f B: 0x8e5f -> Res=0x7dc0 Z=0
PASS | Op: XOR A: 0x244c B: 0xc46 -> Res=0x280a Z=0
PASS | Op: OR A: 0xfb2d B: 0x1dc8 -> Res=0xffed Z=0
PASS | Op: XOR A: 0x2614 B: 0xe1a6 -> Res=0xc7b2 Z=0
PASS | Op: XOR A: 0x780b B: 0xaac2 -> Res=0xd2c9 Z=0
PASS | Op: SUB A: 0xd6fb B: 0xa3cd -> Res=0x332e Z=0
PASS | Op: XOR A: 0xc52c B: 0x9f65 -> Res=0x5a49 Z=0
PASS | Op: XOR A: 0xda19 B: 0x6d4e -> Res=0xb757 Z=0
PASS | Op: ADD A: 0x33fe B: 0x3773 -> Res=0x6b71 Z=0
PASS | Op: AND A: 0xeca1 B: 0x3741 -> Res=0x2401 Z=0
PASS | Op: AND A: 0xb58c B: 0x5336 -> Res=0x1104 Z=0
PASS | Op: XOR A: 0x690c B: 0xc78a -> Res=0xae86 Z=0
PASS | Op: AND A: 0x854b B: 0x40f6 -> Res=0x42 Z=0
PASS | Op: ADD A: 0x1313 B: 0x6bb6 -> Res=0x7ec9 Z=0
PASS | Op: ADD A: 0xe2d8 B: 0x4323 -> Res=0x25fb Z=0
PASS | Op: XOR A: 0x2e1b B: 0xd9f -> Res=0x2384 Z=0
PASS | Op: XOR A: 0x4c78 B: 0xa2d8 -> Res=0xeea0 Z=0
PASS | Op: AND A: 0x5d7a B: 0x31d8 -> Res=0x1158 Z=0
PASS | Op: SUB A: 0x6e75 B: 0x939e -> Res=0xdad7 Z=0
PASS | Op: AND A: 0xd1b B: 0x196 -> Res=0x112 Z=0
PASS | Op: XOR A: 0xd3c9 B: 0xc142 -> Res=0x128b Z=0
PASS | Op: SUB A: 0x4677 B: 0x91de -> Res=0xb499 Z=0
PASS | Op: XOR A: 0xb4c2 B: 0x15dd -> Res=0xa11f Z=0
PASS | Op: XOR A: 0xa48a B: 0xb40e -> Res=0x1084 Z=0
PASS | Op: XOR A: 0xbe72 B: 0x7049 -> Res=0xce3b Z=0
PASS | Op: AND A: 0x791f B: 0x3923 -> Res=0x3903 Z=0
PASS | Op: ADD A: 0x2d50 B: 0xd1eb -> Res=0xff3b Z=0
PASS | Op: ADD A: 0xe7e8 B: 0xfbae -> Res=0xe396 Z=0
PASS | Op: ADD A: 0x178c B: 0xc693 -> Res=0xde1f Z=0
PASS | Op: XOR A: 0x7236 B: 0xe8d6 -> Res=0x9ae0 Z=0
PASS | Op: OR A: 0x34dc B: 0x1c10 -> Res=0x3cdc Z=0
PASS | Op: ADD A: 0x2968 B: 0xdcbb -> Res=0x623 Z=0
PASS | Op: XOR A: 0xc070 B: 0xc2c1 -> Res=0x2b1 Z=0
PASS | Op: XOR A: 0xaa4e B: 0x6368 -> Res=0xc926 Z=0
PASS | Op: XOR A: 0x84c9 B: 0xd7c6 -> Res=0x530f Z=0
PASS | Op: AND A: 0x9ac6 B: 0x128a -> Res=0x1282 Z=0
PASS | Op: OR A: 0x2b0b B: 0xaa3 -> Res=0x2bab Z=0
PASS | Op: OR A: 0x6af3 B: 0x8ed -> Res=0x6aff Z=0
PASS | Op: SUB A: 0x7e08 B: 0x3cb5 -> Res=0x4153 Z=0
PASS | Op: ADD A: 0x46cf B: 0x4c82 -> Res=0x9351 Z=0
PASS | Op: SUB A: 0x9cda B: 0x6f4a -> Res=0x2d90 Z=0
PASS | Op: SUB A: 0xd16 B: 0x87ba -> Res=0x855c Z=0
PASS | Op: OR A: 0x2322 B: 0xa566 -> Res=0xa766 Z=0
PASS | Op: ADD A: 0xc8d7 B: 0xa529 -> Res=0x6e00 Z=0
PASS | Op: OR A: 0x50a2 B: 0xd27b -> Res=0xd2fb Z=0
PASS | Op: XOR A: 0x1c47 B: 0x767f -> Res=0x6a38 Z=0
PASS | Op: ADD A: 0xe1eb B: 0xde2 -> Res=0xefcd Z=0
PASS | Op: ADD A: 0x5c55 B: 0x3c61 -> Res=0x98b6 Z=0
PASS | Op: AND A: 0xd17c B: 0x7623 -> Res=0x5020 Z=0
PASS | Op: SUB A: 0xe135 B: 0x9998 -> Res=0x479d Z=0
PASS | Op: XOR A: 0x167f B: 0x3a76 -> Res=0x2c09 Z=0
PASS | Op: SUB A: 0x9564 B: 0x6f4b -> Res=0x2619 Z=0
PASS | Op: XOR A: 0xfbd1 B: 0x50a3 -> Res=0xab72 Z=0
PASS | Op: OR A: 0x8cb2 B: 0xefc6 -> Res=0xeff6 Z=0
PASS | Op: ADD A: 0xeea5 B: 0x446b -> Res=0x3310 Z=0
PASS | Op: ADD A: 0x9640 B: 0xffc1 -> Res=0x9601 Z=0
PASS | Op: OR A: 0xad88 B: 0xff68 -> Res=0xffe8 Z=0
PASS | Op: SUB A: 0xcecf B: 0xb21c -> Res=0x1cb3 Z=0
PASS | Op: AND A: 0xca2e B: 0xa241 -> Res=0x8200 Z=0
PASS | Op: XOR A: 0xfa37 B: 0xa0ae -> Res=0x5a99 Z=0
PASS | Op: OR A: 0xe0a9 B: 0x89ed -> Res=0xe9ed Z=0
PASS | Op: AND A: 0x609e B: 0xd8e5 -> Res=0x4084 Z=0
PASS | Op: AND A: 0xb85b B: 0x7a46 -> Res=0x3842 Z=0
PASS | Op: SUB A: 0xbe0f B: 0xfe7e -> Res=0xbf91 Z=0
PASS | Op: AND A: 0xe295 B: 0x367d -> Res=0x2215 Z=0
PASS | Op: XOR A: 0x1920 B: 0x6da3 -> Res=0x7483 Z=0
PASS | Op: ADD A: 0x5ad3 B: 0x75b5 -> Res=0xd088 Z=0
PASS | Op: ADD A: 0x4de B: 0x2a5d -> Res=0x2f3b Z=0
PASS | Op: XOR A: 0xdadf B: 0x7082 -> Res=0xaa5d Z=0
PASS | Op: ADD A: 0x867f B: 0xb503 -> Res=0x3b82 Z=0
PASS | Op: ADD A: 0xafab B: 0x28b3 -> Res=0xd85e Z=0
PASS | Op: XOR A: 0x3df4 B: 0x1960 -> Res=0x2494 Z=0
PASS | Op: ADD A: 0x3301 B: 0x609c -> Res=0x939d Z=0
PASS | Op: SUB A: 0x5a7b B: 0x9c5d -> Res=0xbe1e Z=0
PASS | Op: ADD A: 0x1e94 B: 0x1194 -> Res=0x3028 Z=0
PASS | Op: XOR A: 0x60c2 B: 0xe93f -> Res=0x89fd Z=0
PASS | Op: SUB A: 0xcc5d B: 0x36e -> Res=0xc8ef Z=0
PASS | Op: AND A: 0x13e8 B: 0x7c8f -> Res=0x1088 Z=0
PASS | Op: SUB A: 0x9aaa B: 0x3986 -> Res=0x6124 Z=0
PASS | Op: SUB A: 0xa2ba B: 0xa703 -> Res=0xfbb7 Z=0
PASS | Op: ADD A: 0xa290 B: 0xcf47 -> Res=0x71d7 Z=0
PASS | Op: ADD A: 0xda69 B: 0x1207 -> Res=0xec70 Z=0
PASS | Op: OR A: 0x3ead B: 0x3dfa -> Res=0x3fff Z=0
PASS | Op: ADD A: 0xd30d B: 0x5f22 -> Res=0x322f Z=0
PASS | Op: ADD A: 0xb802 B: 0x6731 -> Res=0x1f33 Z=0
PASS | Op: ADD A: 0xb05e B: 0x8b80 -> Res=0x3bde Z=0
PASS | Op: XOR A: 0xb298 B: 0x8719 -> Res=0x3581 Z=0
PASS | Op: ADD A: 0xaa73 B: 0xd279 -> Res=0x7cec Z=0
PASS | Op: SUB A: 0x1f17 B: 0x645a -> Res=0xbabd Z=0
PASS | Op: XOR A: 0x1383 B: 0x7a52 -> Res=0x69d1 Z=0
PASS | Op: ADD A: 0x9903 B: 0xa61b -> Res=0x3f1e Z=0
PASS | Op: ADD A: 0x6c1f B: 0x5e19 -> Res=0xca38 Z=0
PASS | Op: ADD A: 0x7f18 B: 0x1cb0 -> Res=0x9bc8 Z=0
PASS | Op: ADD A: 0x3b6e B: 0xcd48 -> Res=0x8b6 Z=0
PASS | Op: XOR A: 0x7d3 B: 0x46f4 -> Res=0x4127 Z=0
PASS | Op: SUB A: 0x1219 B: 0xfb64 -> Res=0x16b5 Z=0
PASS | Op: XOR A: 0xf15e B: 0xc1b1 -> Res=0x30ef Z=0
PASS | Op: XOR A: 0x45c9 B: 0xa7c3 -> Res=0xe20a Z=0
PASS | Op: XOR A: 0x4310 B: 0x9be7 -> Res=0xd8f7 Z=0
PASS | Op: ADD A: 0xa53f B: 0x66e0 -> Res=0xc1f Z=0
PASS | Op: XOR A: 0xb42c B: 0x9fec -> Res=0x2bc0 Z=0
PASS | Op: AND A: 0xaaea B: 0xee9a -> Res=0xaa8a Z=0
PASS | Op: XOR A: 0x8ce0 B: 0xa34d -> Res=0x2fad Z=0
PASS | Op: AND A: 0x60de B: 0x528d -> Res=0x408c Z=0
PASS | Op: ADD A: 0x895 B: 0x5078 -> Res=0x590d Z=0
PASS | Op: XOR A: 0xdd6f B: 0xb206 -> Res=0x6f69 Z=0
PASS | Op: ADD A: 0xb782 B: 0xa03d -> Res=0x57bf Z=0
PASS | Op: SUB A: 0x36c0 B: 0x2ad4 -> Res=0xbec Z=0
PASS | Op: AND A: 0x4913 B: 0x50da -> Res=0x4012 Z=0
PASS | Op: OR A: 0x4139 B: 0x49d0 -> Res=0x49f9 Z=0
PASS | Op: XOR A: 0x83ba B: 0x822c -> Res=0x196 Z=0
PASS | Op: OR A: 0x622d B: 0x52ba -> Res=0x72bf Z=0
PASS | Op: XOR A: 0xf625 B: 0xd415 -> Res=0x2230 Z=0
PASS | Op: ADD A: 0x42e8 B: 0x27db -> Res=0x6ac3 Z=0
PASS | Op: XOR A: 0xfadb B: 0xfd88 -> Res=0x753 Z=0
PASS | Op: XOR A: 0xb858 B: 0x889b -> Res=0x30c3 Z=0
PASS | Op: XOR A: 0x7417 B: 0x623b -> Res=0x162c Z=0
PASS | Op: ADD A: 0x1abb B: 0xeaa6 -> Res=0x561 Z=0
PASS | Op: AND A: 0x9ab4 B: 0x60e1 -> Res=0xa0 Z=0
PASS | Op: OR A: 0xaab B: 0xe844 -> Res=0xeaef Z=0
PASS | Op: XOR A: 0x7214 B: 0xcfcb -> Res=0xbddf Z=0
PASS | Op: AND A: 0x6e0a B: 0x3d89 -> Res=0x2c08 Z=0
PASS | Op: AND A: 0xd188 B: 0xee4b -> Res=0xc008 Z=0
PASS | Op: SUB A: 0xdea4 B: 0x81b6 -> Res=0x5cee Z=0
PASS | Op: XOR A: 0x198e B: 0x2142 -> Res=0x38cc Z=0
PASS | Op: OR A: 0xcce5 B: 0x8364 -> Res=0xcfe5 Z=0
PASS | Op: ADD A: 0xa425 B: 0x9081 -> Res=0x34a6 Z=0
PASS | Op: SUB A: 0xcf08 B: 0x1a71 -> Res=0xb497 Z=0
PASS | Op: ADD A: 0xae13 B: 0xbfc5 -> Res=0x6dd8 Z=0
PASS | Op: XOR A: 0xc1b4 B: 0x11d2 -> Res=0xd066 Z=0
PASS | Op: AND A: 0x1abd B: 0x7a94 -> Res=0x1a94 Z=0
PASS | Op: OR A: 0x4a4d B: 0x985f -> Res=0xda5f Z=0
PASS | Op: AND A: 0xb35c B: 0x7df4 -> Res=0x3154 Z=0
PASS | Op: ADD A: 0x5eeb B: 0xbd1b -> Res=0x1c06 Z=0
PASS | Op: OR A: 0x6501 B: 0xe035 -> Res=0xe535 Z=0
PASS | Op: ADD A: 0xeec6 B: 0xb4b6 -> Res=0xa37c Z=0
PASS | Op: XOR A: 0xa962 B: 0x7211 -> Res=0xdb73 Z=0
PASS | Op: ADD A: 0x4f09 B: 0x4696 -> Res=0x959f Z=0
PASS | Op: XOR A: 0xa94b B: 0x601a -> Res=0xc951 Z=0
PASS | Op: XOR A: 0x9719 B: 0x5311 -> Res=0xc408 Z=0
PASS | Op: OR A: 0x7e8a B: 0x9fd3 -> Res=0xffdb Z=0
PASS | Op: AND A: 0x6b40 B: 0x21dd -> Res=0x2140 Z=0
PASS | Op: ADD A: 0xee61 B: 0x7ca2 -> Res=0x6b03 Z=0
PASS | Op: XOR A: 0x24c4 B: 0x6250 -> Res=0x4694 Z=0
PASS | Op: AND A: 0xe7ba B: 0xd08d -> Res=0xc088 Z=0
PASS | Op: XOR A: 0xeaf B: 0xbf51 -> Res=0xb1fe Z=0
PASS | Op: AND A: 0x91b4 B: 0x17ea -> Res=0x11a0 Z=0
PASS | Op: AND A: 0x951e B: 0xd8db -> Res=0x901a Z=0
PASS | Op: SUB A: 0xc691 B: 0x9e52 -> Res=0x283f Z=0
PASS | Op: ADD A: 0x4014 B: 0x658b -> Res=0xa59f Z=0
PASS | Op: SUB A: 0x3947 B: 0xf41b -> Res=0x452c Z=0
PASS | Op: XOR A: 0xc18b B: 0x9cb2 -> Res=0x5d39 Z=0
PASS | Op: XOR A: 0x308b B: 0x34a3 -> Res=0x428 Z=0
PASS | Op: XOR A: 0x1e3 B: 0xb247 -> Res=0xb3a4 Z=0
PASS | Op: OR A: 0xb766 B: 0xd42a -> Res=0xf76e Z=0
PASS | Op: SUB A: 0x378 B: 0x5535 -> Res=0xae43 Z=0
PASS | Op: OR A: 0x852a B: 0x581a -> Res=0xdd3a Z=0
PASS | Op: ADD A: 0xd5b6 B: 0x343f -> Res=0x9f5 Z=0
PASS | Op: OR A: 0x8b7a B: 0x73a4 -> Res=0xfbfe Z=0
PASS | Op: XOR A: 0x37b B: 0x4654 -> Res=0x452f Z=0
PASS | Op: ADD A: 0x8f7 B: 0x5654 -> Res=0x5f4b Z=0
PASS | Op: OR A: 0xd215 B: 0x83e7 -> Res=0xd3f7 Z=0
PASS | Op: ADD A: 0x7c1b B: 0xcfcb -> Res=0x4be6 Z=0
PASS | Op: OR A: 0xa6b B: 0x90b0 -> Res=0x9afb Z=0
PASS | Op: ADD A: 0x921d B: 0xe285 -> Res=0x74a2 Z=0
PASS | Op: XOR A: 0x570 B: 0x1dd -> Res=0x4ad Z=0
PASS | Op: ADD A: 0xbe27 B: 0xf82f -> Res=0xb656 Z=0
PASS | Op: ADD A: 0xd9f0 B: 0xf230 -> Res=0xcc20 Z=0
PASS | Op: SUB A: 0xe5bf B: 0xf06a -> Res=0xf555 Z=0
PASS | Op: ADD A: 0x7fd6 B: 0xb204 -> Res=0x31da Z=0
PASS | Op: SUB A: 0xf393 B: 0x47e2 -> Res=0xabb1 Z=0
PASS | Op: XOR A: 0x85ab B: 0x34fa -> Res=0xb151 Z=0
PASS | Op: AND A: 0x13ff B: 0x5e48 -> Res=0x1248 Z=0
PASS | Op: OR A: 0x59e9 B: 0x5b43 -> Res=0x5beb Z=0
PASS | Op: XOR A: 0xb5ba B: 0x238c -> Res=0x9636 Z=0
PASS | Op: ADD A: 0x5641 B: 0x86f1 -> Res=0xdd32 Z=0
PASS | Op: XOR A: 0x85f0 B: 0x5e71 -> Res=0xdb81 Z=0
PASS | Op: XOR A: 0x3029 B: 0x6619 -> Res=0x5630 Z=0
PASS | Op: SUB A: 0x79cb B: 0xed06 -> Res=0x8cc5 Z=0
PASS | Op: ADD A: 0xa113 B: 0x6e57 -> Res=0xf6a Z=0
PASS | Op: XOR A: 0xe841 B: 0x915e -> Res=0x791f Z=0
PASS | Op: SUB A: 0x1f62 B: 0x9ec5 -> Res=0x809d Z=0
PASS | Op: XOR A: 0x4ece B: 0xb788 -> Res=0xf946 Z=0
PASS | Op: XOR A: 0x9671 B: 0xe23e -> Res=0x744f Z=0
PASS | Op: XOR A: 0x90e7 B: 0xadf1 -> Res=0x3d16 Z=0
PASS | Op: OR A: 0x4da1 B: 0x52dc -> Res=0x5ffd Z=0
PASS | Op: ADD A: 0x1c70 B: 0xe31a -> Res=0xff8a Z=0
PASS | Op: SUB A: 0xcbc0 B: 0xdd5e -> Res=0xee62 Z=0
PASS | Op: OR A: 0xaa67 B: 0xca52 -> Res=0xea77 Z=0
PASS | Op: AND A: 0x18fc B: 0x9736 -> Res=0x1034 Z=0
PASS | Op: SUB A: 0xb331 B: 0xea18 -> Res=0xc919 Z=0
PASS | Op: ADD A: 0xb795 B: 0x2b91 -> Res=0xe326 Z=0
PASS | Op: XOR A: 0x3eb5 B: 0x65c7 -> Res=0x5b72 Z=0
PASS | Op: SUB A: 0xfe1f B: 0x35d7 -> Res=0xc848 Z=0
PASS | Op: ADD A: 0x8163 B: 0x146a -> Res=0x95cd Z=0
PASS | Op: ADD A: 0x68f4 B: 0xb647 -> Res=0x1f3b Z=0
PASS | Op: XOR A: 0x5a80 B: 0xc91c -> Res=0x939c Z=0
PASS | Op: ADD A: 0xefbd B: 0x4e8e -> Res=0x3e4b Z=0
PASS | Op: ADD A: 0xe940 B: 0x5703 -> Res=0x4043 Z=0
PASS | Op: XOR A: 0x4b84 B: 0x3348 -> Res=0x78cc Z=0
PASS | Op: XOR A: 0xbe52 B: 0x74d5 -> Res=0xca87 Z=0
PASS | Op: SUB A: 0x7dd4 B: 0xb7a7 -> Res=0xc62d Z=0
PASS | Op: XOR A: 0x5d3d B: 0xd27b -> Res=0x8f46 Z=0
PASS | Op: XOR A: 0x397a B: 0x9541 -> Res=0xac3b Z=0
PASS | Op: XOR A: 0x4d53 B: 0x84e -> Res=0x451d Z=0
PASS | Op: ADD A: 0xcc22 B: 0x72dc -> Res=0x3efe Z=0
PASS | Op: SUB A: 0x61ed B: 0x4427 -> Res=0x1dc6 Z=0
PASS | Op: ADD A: 0x7cd4 B: 0xac1a -> Res=0x28ee Z=0
PASS | Op: XOR A: 0x4d18 B: 0xdaf1 -> Res=0x97e9 Z=0
PASS | Op: AND A: 0x72e9 B: 0xb637 -> Res=0x3221 Z=0
PASS | Op: ADD A: 0x6cf9 B: 0xc276 -> Res=0x2f6f Z=0
PASS | Op: ADD A: 0x943e B: 0x265e -> Res=0xba9c Z=0
PASS | Op: ADD A: 0x71d8 B: 0x8099 -> Res=0xf271 Z=0
PASS | Op: ADD A: 0xec87 B: 0xec95 -> Res=0xd91c Z=0
PASS | Op: OR A: 0xe1a1 B: 0xfb8a -> Res=0xfbab Z=0
PASS | Op: ADD A: 0x431 B: 0x8e65 -> Res=0x9296 Z=0
PASS | Op: AND A: 0xcca0 B: 0xe53a -> Res=0xc420 Z=0
PASS | Op: OR A: 0x5937 B: 0xe86b -> Res=0xf97f Z=0
PASS | Op: AND A: 0xc1ac B: 0xfd8 -> Res=0x188 Z=0
PASS | Op: ADD A: 0x60d3 B: 0x7cd6 -> Res=0xdda9 Z=0
PASS | Op: XOR A: 0x8970 B: 0x3032 -> Res=0xb942 Z=0
PASS | Op: ADD A: 0xe5c1 B: 0x25ce -> Res=0xb8f Z=0
PASS | Op: AND A: 0x46bb B: 0x4bbe -> Res=0x42ba Z=0
PASS | Op: ADD A: 0x48c9 B: 0x812f -> Res=0xc9f8 Z=0
PASS | Op: ADD A: 0x52ca B: 0x8a22 -> Res=0xdcec Z=0
PASS | Op: ADD A: 0x6121 B: 0x3d52 -> Res=0x9e73 Z=0
PASS | Op: OR A: 0xfaee B: 0x4d5f -> Res=0xffff Z=0
PASS | Op: XOR A: 0xfcb8 B: 0xd26f -> Res=0x2ed7 Z=0
PASS | Op: ADD A: 0x393f B: 0xa917 -> Res=0xe256 Z=0
PASS | Op: ADD A: 0x8d1 B: 0x21b3 -> Res=0x2a84 Z=0
PASS | Op: XOR A: 0x5456 B: 0x9421 -> Res=0xc077 Z=0
PASS | Op: AND A: 0xafc1 B: 0x17c9 -> Res=0x7c1 Z=0
PASS | Op: OR A: 0x7f06 B: 0x2e -> Res=0x7f2e Z=0
PASS | Op: XOR A: 0x7079 B: 0x4f1d -> Res=0x3f64 Z=0
PASS | Op: XOR A: 0x2b70 B: 0xc680 -> Res=0xedf0 Z=0
PASS | Op: ADD A: 0xece6 B: 0xf22 -> Res=0xfc08 Z=0
PASS | Op: XOR A: 0x4cfb B: 0xf82 -> Res=0x4379 Z=0
PASS | Op: ADD A: 0x9a31 B: 0xc776 -> Res=0x61a7 Z=0
PASS | Op: ADD A: 0x91ec B: 0x63ca -> Res=0xf5b6 Z=0
PASS | Op: AND A: 0x721b B: 0x26ee -> Res=0x220a Z=0
PASS | Op: OR A: 0xfcc3 B: 0x3a4a -> Res=0xfecb Z=0
PASS | Op: AND A: 0x8178 B: 0x2c8e -> Res=0x8 Z=0
PASS | Op: OR A: 0x2ec7 B: 0x1046 -> Res=0x3ec7 Z=0
PASS | Op: ADD A: 0x4fd3 B: 0x5690 -> Res=0xa663 Z=0
PASS | Op: XOR A: 0xf318 B: 0xf4e5 -> Res=0x7fd Z=0
PASS | Op: OR A: 0x5da1 B: 0x9bba -> Res=0xdfbb Z=0
PASS | Op: XOR A: 0x9e45 B: 0x91d1 -> Res=0xf94 Z=0
PASS | Op: ADD A: 0x7066 B: 0x463e -> Res=0xb6a4 Z=0
PASS | Op: ADD A: 0x7f8f B: 0xefb -> Res=0x8e8a Z=0
PASS | Op: OR A: 0x8623 B: 0xf9da -> Res=0xfffb Z=0
PASS | Op: XOR A: 0x7958 B: 0xb1a8 -> Res=0xc8f0 Z=0
PASS | Op: SUB A: 0x7a97 B: 0x157f -> Res=0x6518 Z=0
PASS | Op: ADD A: 0x571d B: 0x7f4b -> Res=0xd668 Z=0
PASS | Op: ADD A: 0xd959 B: 0xd0b5 -> Res=0xaa0e Z=0
PASS | Op: ADD A: 0xd578 B: 0x4fd9 -> Res=0x2551 Z=0
PASS | Op: SUB A: 0x5131 B: 0xce2c -> Res=0x8305 Z=0
PASS | Op: XOR A: 0xf622 B: 0xd598 -> Res=0x23ba Z=0
PASS | Op: SUB A: 0xc904 B: 0xba17 -> Res=0xeed Z=0
PASS | Op: AND A: 0x8769 B: 0xf299 -> Res=0x8209 Z=0
PASS | Op: ADD A: 0x8235 B: 0xe92e -> Res=0x6b63 Z=0
PASS | Op: ADD A: 0x480c B: 0x1d0a -> Res=0x6516 Z=0
PASS | Op: ADD A: 0x12dc B: 0x49dc -> Res=0x5cb8 Z=0
PASS | Op: ADD A: 0x6e4a B: 0xc8aa -> Res=0x36f4 Z=0
PASS | Op: ADD A: 0x10d8 B: 0x1969 -> Res=0x2a41 Z=0
PASS | Op: ADD A: 0x20f5 B: 0x529b -> Res=0x7390 Z=0
PASS | Op: OR A: 0xa79c B: 0x50ee -> Res=0xf7fe Z=0
PASS | Op: XOR A: 0x6c9a B: 0x5796 -> Res=0x3b0c Z=0
PASS | Op: ADD A: 0x4bdf B: 0x1075 -> Res=0x5c54 Z=0
PASS | Op: SUB A: 0xfe83 B: 0x31bd -> Res=0xccc6 Z=0
PASS | Op: XOR A: 0xeadd B: 0x56ad -> Res=0xbc70 Z=0
PASS | Op: XOR A: 0xe974 B: 0x5b06 -> Res=0xb272 Z=0
PASS | Op: XOR A: 0x4f25 B: 0x5539 -> Res=0x1a1c Z=0
PASS | Op: ADD A: 0xeac7 B: 0x9845 -> Res=0x830c Z=0
PASS | Op: OR A: 0x65fb B: 0xc3a5 -> Res=0xe7ff Z=0
PASS | Op: ADD A: 0x34ba B: 0x22bc -> Res=0x5776 Z=0
PASS | Op: ADD A: 0xcea8 B: 0x49c3 -> Res=0x186b Z=0
PASS | Op: ADD A: 0x83ef B: 0x1f68 -> Res=0xa357 Z=0
PASS | Op: OR A: 0x64f9 B: 0xa159 -> Res=0xe5f9 Z=0
PASS | Op: XOR A: 0x24fb B: 0x81a6 -> Res=0xa55d Z=0
PASS | Op: ADD A: 0xa0df B: 0x654d -> Res=0x62c Z=0
PASS | Op: XOR A: 0x1282 B: 0xf8a5 -> Res=0xea27 Z=0
PASS | Op: XOR A: 0x3af0 B: 0xc64d -> Res=0xfcbd Z=0
PASS | Op: AND A: 0x2a14 B: 0x3bd5 -> Res=0x2a14 Z=0
PASS | Op: XOR A: 0xe2da B: 0xb362 -> Res=0x51b8 Z=0
PASS | Op: ADD A: 0xf605 B: 0x1916 -> Res=0xf1b Z=0
PASS | Op: OR A: 0xa01f B: 0x746b -> Res=0xf47f Z=0
PASS | Op: XOR A: 0x94ae B: 0x9830 -> Res=0xc9e Z=0
PASS | Op: AND A: 0x9c99 B: 0xccca -> Res=0x8c88 Z=0
PASS | Op: OR A: 0xf673 B: 0xb8f5 -> Res=0xfef7 Z=0
PASS | Op: OR A: 0xc0b5 B: 0x5cd8 -> Res=0xdcfd Z=0
PASS | Op: XOR A: 0xb68f B: 0x5c04 -> Res=0xea8b Z=0
PASS | Op: OR A: 0x667e B: 0x4353 -> Res=0x677f Z=0
PASS | Op: SUB A: 0x78fe B: 0x31c3 -> Res=0x473b Z=0
PASS | Op: ADD A: 0xfc42 B: 0x690c -> Res=0x654e Z=0
PASS | Op: SUB A: 0x212f B: 0xb38a -> Res=0x6da5 Z=0
PASS | Op: ADD A: 0xe178 B: 0xdf8c -> Res=0xc104 Z=0
PASS | Op: ADD A: 0x9c5f B: 0xe89a -> Res=0x84f9 Z=0
PASS | Op: ADD A: 0xac2b B: 0xba6e -> Res=0x6699 Z=0
PASS | Op: ADD A: 0x4c49 B: 0x2750 -> Res=0x7399 Z=0
PASS | Op: XOR A: 0x4ba2 B: 0x142c -> Res=0x5f8e Z=0
PASS | Op: ADD A: 0xa411 B: 0x9d69 -> Res=0x417a Z=0
PASS | Op: ADD A: 0x7e31 B: 0xcb33 -> Res=0x4964 Z=0
PASS | Op: ADD A: 0xa47a B: 0x97c3 -> Res=0x3c3d Z=0
PASS | Op: XOR A: 0x8892 B: 0x219 -> Res=0x8a8b Z=0
PASS | Op: AND A: 0x73da B: 0x9def -> Res=0x11ca Z=0
PASS | Op: OR A: 0x832 B: 0x94c7 -> Res=0x9cf7 Z=0
PASS | Op: AND A: 0xc932 B: 0xde59 -> Res=0xc810 Z=0
PASS | Op: XOR A: 0x10d0 B: 0xc51d -> Res=0xd5cd Z=0
PASS | Op: ADD A: 0x937 B: 0x519a -> Res=0x5ad1 Z=0
PASS | Op: OR A: 0xbbf8 B: 0x7389 -> Res=0xfbf9 Z=0
PASS | Op: XOR A: 0xd3d9 B: 0x5f26 -> Res=0x8cff Z=0
PASS | Op: AND A: 0xbbeb B: 0xf6e4 -> Res=0xb2e0 Z=0
PASS | Op: OR A: 0xfe11 B: 0xebf4 -> Res=0xfff5 Z=0
PASS | Op: XOR A: 0xb1a1 B: 0xcc8a -> Res=0x7d2b Z=0
PASS | Op: OR A: 0x43c2 B: 0xfcb9 -> Res=0xfffb Z=0
PASS | Op: SUB A: 0xe1e2 B: 0x8474 -> Res=0x5d6e Z=0
PASS | Op: XOR A: 0xa42 B: 0xc8ea -> Res=0xc2a8 Z=0
PASS | Op: ADD A: 0x64a8 B: 0xbe2b -> Res=0x22d3 Z=0
PASS | Op: AND A: 0x8e08 B: 0xb695 -> Res=0x8600 Z=0
PASS | Op: SUB A: 0xc1f B: 0xefc7 -> Res=0x1c58 Z=0
PASS | Op: ADD A: 0xc9bb B: 0xdfdd -> Res=0xa998 Z=0
PASS | Op: XOR A: 0xc431 B: 0xf885 -> Res=0x3cb4 Z=0
PASS | Op: OR A: 0xf B: 0x36c6 -> Res=0x36cf Z=0
PASS | Op: SUB A: 0xeac6 B: 0x6fa4 -> Res=0x7b22 Z=0
PASS | Op: ADD A: 0x97cf B: 0x1680 -> Res=0xae4f Z=0
PASS | Op: ADD A: 0x1025 B: 0x2a1f -> Res=0x3a44 Z=0
PASS | Op: SUB A: 0x6786 B: 0x71dc -> Res=0xf5aa Z=0
PASS | Op: ADD A: 0x70bf B: 0x446c -> Res=0xb52b Z=0
PASS | Op: ADD A: 0xc9a6 B: 0x49d3 -> Res=0x1379 Z=0
PASS | Op: AND A: 0x5c26 B: 0xdb6d -> Res=0x5824 Z=0
PASS | Op: XOR A: 0x9471 B: 0xc77c -> Res=0x530d Z=0
PASS | Op: XOR A: 0x3a8f B: 0x8350 -> Res=0xb9df Z=0
PASS | Op: ADD A: 0x307a B: 0xaa79 -> Res=0xdaf3 Z=0
PASS | Op: XOR A: 0xfebb B: 0xbcd2 -> Res=0x4269 Z=0
PASS | Op: OR A: 0x7977 B: 0x26 -> Res=0x7977 Z=0
PASS | Op: XOR A: 0xf1c3 B: 0xb1ba -> Res=0x4079 Z=0
PASS | Op: OR A: 0x3c47 B: 0x577e -> Res=0x7f7f Z=0
PASS | Op: AND A: 0xab61 B: 0xa9ea -> Res=0xa960 Z=0
PASS | Op: ADD A: 0x258d B: 0x442b -> Res=0x69b8 Z=0
PASS | Op: XOR A: 0xca61 B: 0x6608 -> Res=0xac69 Z=0
PASS | Op: XOR A: 0x5b89 B: 0x33f8 -> Res=0x6871 Z=0
PASS | Op: XOR A: 0x3815 B: 0x6294 -> Res=0x5a81 Z=0
PASS | Op: XOR A: 0x87c5 B: 0x385 -> Res=0x8440 Z=0
PASS | Op: AND A: 0xda2c B: 0x9150 -> Res=0x9000 Z=0
PASS | Op: SUB A: 0xf8dc B: 0x9fdd -> Res=0x58ff Z=0
PASS | Op: XOR A: 0x479a B: 0x3c35 -> Res=0x7baf Z=0
PASS | Op: OR A: 0x97ec B: 0xaecf -> Res=0xbfef Z=0
PASS | Op: XOR A: 0x3f2a B: 0xce7b -> Res=0xf151 Z=0
PASS | Op: XOR A: 0xe5e1 B: 0xe16d -> Res=0x48c Z=0
PASS | Op: XOR A: 0xc849 B: 0x4e00 -> Res=0x8649 Z=0
PASS | Op: XOR A: 0x17f8 B: 0x5342 -> Res=0x44ba Z=0
PASS | Op: ADD A: 0xc5a6 B: 0xbe81 -> Res=0x8427 Z=0
PASS | Op: AND A: 0x7c27 B: 0x2677 -> Res=0x2427 Z=0
PASS | Op: XOR A: 0x6c0b B: 0x4136 -> Res=0x2d3d Z=0
PASS | Op: SUB A: 0x391a B: 0x7b53 -> Res=0xbdc7 Z=0
PASS | Op: OR A: 0x3550 B: 0xc0ea -> Res=0xf5fa Z=0
PASS | Op: SUB A: 0x4a69 B: 0xa6e0 -> Res=0xa389 Z=0
PASS | Op: SUB A: 0x674 B: 0x6a8 -> Res=0xffcc Z=0
PASS | Op: XOR A: 0x444 B: 0x1f80 -> Res=0x1bc4 Z=0
PASS | Op: ADD A: 0xb285 B: 0x1c30 -> Res=0xceb5 Z=0
PASS | Op: XOR A: 0xb147 B: 0x1b92 -> Res=0xaad5 Z=0
PASS | Op: XOR A: 0xc1be B: 0x4fa -> Res=0xc544 Z=0
PASS | Op: OR A: 0x7743 B: 0x2810 -> Res=0x7f53 Z=0
PASS | Op: XOR A: 0xd99b B: 0x44a1 -> Res=0x9d3a Z=0
PASS | Op: SUB A: 0x7dc7 B: 0x26f3 -> Res=0x56d4 Z=0
PASS | Op: SUB A: 0xfcba B: 0xf932 -> Res=0x388 Z=0
PASS | Op: SUB A: 0xfee9 B: 0xa103 -> Res=0x5de6 Z=0
PASS | Op: SUB A: 0xaeb8 B: 0x84df -> Res=0x29d9 Z=0
PASS | Op: XOR A: 0x6baa B: 0x61a8 -> Res=0xa02 Z=0
PASS | Op: XOR A: 0xf73f B: 0x8bf7 -> Res=0x7cc8 Z=0
PASS | Op: SUB A: 0xec9c B: 0xfd7a -> Res=0xef22 Z=0
PASS | Op: ADD A: 0x45d4 B: 0xbcc2 -> Res=0x296 Z=0
PASS | Op: XOR A: 0x25a B: 0xd518 -> Res=0xd742 Z=0
PASS | Op: OR A: 0x215 B: 0x9611 -> Res=0x9615 Z=0
PASS | Op: SUB A: 0x8937 B: 0xeeaa -> Res=0x9a8d Z=0
PASS | Op: ADD A: 0xb63e B: 0x84be -> Res=0x3afc Z=0
PASS | Op: ADD A: 0x26bc B: 0xf199 -> Res=0x1855 Z=0
PASS | Op: OR A: 0x7f05 B: 0x6ba9 -> Res=0x7fad Z=0
PASS | Op: SUB A: 0xb8dc B: 0xd522 -> Res=0xe3ba Z=0
PASS | Op: AND A: 0x4d7e B: 0x7223 -> Res=0x4022 Z=0
PASS | Op: XOR A: 0x29b2 B: 0x65ad -> Res=0x4c1f Z=0
PASS | Op: XOR A: 0x5f6c B: 0x31c -> Res=0x5c70 Z=0
PASS | Op: XOR A: 0x29da B: 0x41dc -> Res=0x6806 Z=0
PASS | Op: OR A: 0x4dcb B: 0xcec3 -> Res=0xcfcb Z=0
PASS | Op: ADD A: 0xbec8 B: 0x1709 -> Res=0xd5d1 Z=0
PASS | Op: ADD A: 0xf70b B: 0x5ec9 -> Res=0x55d4 Z=0
PASS | Op: XOR A: 0x2e3d B: 0x3a96 -> Res=0x14ab Z=0
PASS | Op: OR A: 0x6d35 B: 0x6116 -> Res=0x6d37 Z=0
PASS | Op: XOR A: 0xa901 B: 0xd3b7 -> Res=0x7ab6 Z=0
PASS | Op: XOR A: 0x3aad B: 0x86a -> Res=0x32c7 Z=0
PASS | Op: XOR A: 0x9356 B: 0xa9a -> Res=0x99cc Z=0
PASS | Op: ADD A: 0xcecf B: 0x8af9 -> Res=0x59c8 Z=0
PASS | Op: OR A: 0xb13b B: 0xbc10 -> Res=0xbd3b Z=0
PASS | Op: AND A: 0x299f B: 0x3140 -> Res=0x2100 Z=0
PASS | Op: OR A: 0x740b B: 0x82c6 -> Res=0xf6cf Z=0
PASS | Op: ADD A: 0x2ffc B: 0x1794 -> Res=0x4790 Z=0
PASS | Op: SUB A: 0x3d8 B: 0x6fc8 -> Res=0x9410 Z=0
PASS | Op: AND A: 0x2380 B: 0x3c17 -> Res=0x2000 Z=0
PASS | Op: AND A: 0x5657 B: 0x1d8 -> Res=0x50 Z=0
PASS | Op: OR A: 0x3715 B: 0xda9 -> Res=0x3fbd Z=0
PASS | Op: ADD A: 0x5cf6 B: 0x6d25 -> Res=0xca1b Z=0
PASS | Op: OR A: 0x959b B: 0xed16 -> Res=0xfd9f Z=0
PASS | Op: XOR A: 0x1802 B: 0x8e86 -> Res=0x9684 Z=0
PASS | Op: XOR A: 0x6907 B: 0x86ce -> Res=0xefc9 Z=0
PASS | Op: XOR A: 0xe6cd B: 0xb154 -> Res=0x5799 Z=0
PASS | Op: ADD A: 0x9e4d B: 0x70b0 -> Res=0xefd Z=0
PASS | Op: ADD A: 0x9d04 B: 0x56b1 -> Res=0xf3b5 Z=0
PASS | Op: ADD A: 0x7a52 B: 0x752f -> Res=0xef81 Z=0
PASS | Op: OR A: 0x3f66 B: 0xae82 -> Res=0xbfe6 Z=0
PASS | Op: ADD A: 0x77fa B: 0x8807 -> Res=0x1 Z=0
PASS | Op: ADD A: 0xc39a B: 0x791 -> Res=0xcb2b Z=0
PASS | Op: AND A: 0x6737 B: 0x3eca -> Res=0x2602 Z=0
PASS | Op: XOR A: 0x2312 B: 0x20ca -> Res=0x3d8 Z=0
PASS | Op: OR A: 0x1a10 B: 0xbc2 -> Res=0x1bd2 Z=0
PASS | Op: ADD A: 0x5879 B: 0x14b6 -> Res=0x6d2f Z=0
PASS | Op: SUB A: 0xad72 B: 0xda49 -> Res=0xd329 Z=0
PASS | Op: OR A: 0x4f10 B: 0x4a38 -> Res=0x4f38 Z=0
PASS | Op: ADD A: 0xac65 B: 0x151c -> Res=0xc181 Z=0
PASS | Op: ADD A: 0x41b6 B: 0x2182 -> Res=0x6338 Z=0
PASS | Op: SUB A: 0x492 B: 0x334b -> Res=0xd147 Z=0
PASS | Op: AND A: 0x86f4 B: 0x918f -> Res=0x8084 Z=0
PASS | Op: ADD A: 0x306b B: 0x2d0e -> Res=0x5d79 Z=0
PASS | Op: XOR A: 0xdb96 B: 0x350e -> Res=0xee98 Z=0
PASS | Op: SUB A: 0x642f B: 0x8267 -> Res=0xe1c8 Z=0
PASS | Op: ADD A: 0x6983 B: 0x5dee -> Res=0xc771 Z=0
PASS | Op: AND A: 0x7a10 B: 0xdbc8 -> Res=0x5a00 Z=0
PASS | Op: SUB A: 0x51fb B: 0xe8db -> Res=0x6920 Z=0
PASS | Op: SUB A: 0xf7aa B: 0xf43a -> Res=0x370 Z=0
PASS | Op: XOR A: 0x3469 B: 0x829d -> Res=0xb6f4 Z=0
PASS | Op: AND A: 0x6807 B: 0xaf10 -> Res=0x2800 Z=0
PASS | Op: ADD A: 0x107 B: 0xd205 -> Res=0xd30c Z=0
PASS | Op: XOR A: 0x76a7 B: 0x8a89 -> Res=0xfc2e Z=0
PASS | Op: AND A: 0x750d B: 0x3b66 -> Res=0x3104 Z=0
PASS | Op: AND A: 0x44ba B: 0xffb7 -> Res=0x44b2 Z=0
PASS | Op: ADD A: 0xd0cb B: 0x9bfa -> Res=0x6cc5 Z=0
PASS | Op: ADD A: 0x55a1 B: 0xa563 -> Res=0xfb04 Z=0
PASS | Op: XOR A: 0x2ae B: 0xa2ae -> Res=0xa000 Z=0
PASS | Op: ADD A: 0xc65a B: 0x3517 -> Res=0xfb71 Z=0
PASS | Op: OR A: 0x1487 B: 0x17ff -> Res=0x17ff Z=0
PASS | Op: XOR A: 0x440a B: 0x5b33 -> Res=0x1f39 Z=0
PASS | Op: XOR A: 0x7c8c B: 0x61d9 -> Res=0x1d55 Z=0
PASS | Op: ADD A: 0xee7b B: 0xb24 -> Res=0xf99f Z=0
PASS | Op: XOR A: 0x4ce1 B: 0xd8b0 -> Res=0x9451 Z=0
PASS | Op: XOR A: 0xcd11 B: 0xc8d -> Res=0xc19c Z=0
PASS | Op: XOR A: 0xe53 B: 0xf9f2 -> Res=0xf7a1 Z=0
PASS | Op: SUB A: 0x8c70 B: 0x2d94 -> Res=0x5edc Z=0
PASS | Op: AND A: 0x1be9 B: 0xc05e -> Res=0x48 Z=0
PASS | Op: XOR A: 0x8979 B: 0x1eef -> Res=0x9796 Z=0
PASS | Op: SUB A: 0x8cbf B: 0x7781 -> Res=0x153e Z=0
PASS | Op: XOR A: 0x4022 B: 0xb8de -> Res=0xf8fc Z=0
PASS | Op: SUB A: 0xc1c4 B: 0xd114 -> Res=0xf0b0 Z=0
PASS | Op: XOR A: 0xfd3b B: 0x5d69 -> Res=0xa052 Z=0
PASS | Op: XOR A: 0x5f27 B: 0x79d1 -> Res=0x26f6 Z=0
PASS | Op: AND A: 0xe498 B: 0x554f -> Res=0x4408 Z=0
PASS | Op: AND A: 0xc5ec B: 0x7dfe -> Res=0x45ec Z=0
PASS | Op: XOR A: 0xae62 B: 0xd082 -> Res=0x7ee0 Z=0
PASS | Op: ADD A: 0xac1a B: 0x88ba -> Res=0x34d4 Z=0
PASS | Op: SUB A: 0xd3fa B: 0x9d55 -> Res=0x36a5 Z=0
PASS | Op: ADD A: 0xe237 B: 0xe246 -> Res=0xc47d Z=0
PASS | Op: OR A: 0xdda6 B: 0x5d47 -> Res=0xdde7 Z=0
PASS | Op: OR A: 0x661c B: 0x34f0 -> Res=0x76fc Z=0
PASS | Op: ADD A: 0xf4f B: 0xbd65 -> Res=0xccb4 Z=0
PASS | Op: XOR A: 0x4685 B: 0x788e -> Res=0x3e0b Z=0
PASS | Op: XOR A: 0xd68 B: 0x644b -> Res=0x6923 Z=0
PASS | Op: XOR A: 0x2c91 B: 0x2096 -> Res=0xc07 Z=0
PASS | Op: ADD A: 0xca40 B: 0x6bd6 -> Res=0x3616 Z=0
PASS | Op: SUB A: 0x6af1 B: 0xea40 -> Res=0x80b1 Z=0
PASS | Op: ADD A: 0x4512 B: 0x4c73 -> Res=0x9185 Z=0
PASS | Op: XOR A: 0x2a B: 0xd7ec -> Res=0xd7c6 Z=0
PASS | Op: XOR A: 0x7c1a B: 0x99c7 -> Res=0xe5dd Z=0
PASS | Op: OR A: 0x3c49 B: 0xd6a5 -> Res=0xfeed Z=0
PASS | Op: ADD A: 0xa3b9 B: 0xebc4 -> Res=0x8f7d Z=0
PASS | Op: ADD A: 0xf773 B: 0x78dc -> Res=0x704f Z=0
PASS | Op: SUB A: 0xe56b B: 0xac2c -> Res=0x393f Z=0
PASS | Op: OR A: 0xaca0 B: 0xcb5e -> Res=0xeffe Z=0
PASS | Op: SUB A: 0x441 B: 0x1b67 -> Res=0xe8da Z=0
PASS | Op: AND A: 0x18f3 B: 0x5f9b -> Res=0x1893 Z=0
PASS | Op: OR A: 0x4211 B: 0x38a5 -> Res=0x7ab5 Z=0
PASS | Op: XOR A: 0xb881 B: 0x1311 -> Res=0xab90 Z=0
PASS | Op: AND A: 0x57bc B: 0x41b -> Res=0x418 Z=0
PASS | Op: XOR A: 0x8aaf B: 0x8c87 -> Res=0x628 Z=0
PASS | Op: ADD A: 0xeb71 B: 0xd657 -> Res=0xc1c8 Z=0
PASS | Op: XOR A: 0xf171 B: 0x555f -> Res=0xa42e Z=0
PASS | Op: ADD A: 0x8384 B: 0xec9d -> Res=0x7021 Z=0
PASS | Op: SUB A: 0x3b3f B: 0xc291 -> Res=0x78ae Z=0
PASS | Op: ADD A: 0x45c7 B: 0x1c1f -> Res=0x61e6 Z=0
PASS | Op: OR A: 0xc66 B: 0x8e2c -> Res=0x8e6e Z=0
PASS | Op: OR A: 0x7bb7 B: 0x44ac -> Res=0x7fbf Z=0
PASS | Op: AND A: 0x6881 B: 0xbe53 -> Res=0x2801 Z=0
PASS | Op: ADD A: 0xb6d2 B: 0x8af4 -> Res=0x41c6 Z=0
PASS | Op: OR A: 0x299e B: 0x2764 -> Res=0x2ffe Z=0
PASS | Op: XOR A: 0x5802 B: 0x7d5e -> Res=0x255c Z=0
PASS | Op: SUB A: 0xc321 B: 0x33c3 -> Res=0x8f5e Z=0
PASS | Op: XOR A: 0x3824 B: 0xd79 -> Res=0x355d Z=0
PASS | Op: SUB A: 0x47b7 B: 0x829 -> Res=0x3f8e Z=0
PASS | Op: ADD A: 0xcd82 B: 0x16cd -> Res=0xe44f Z=0
PASS | Op: ADD A: 0x6197 B: 0xc69b -> Res=0x2832 Z=0
PASS | Op: XOR A: 0x4842 B: 0x4ae0 -> Res=0x2a2 Z=0
PASS | Op: AND A: 0x3659 B: 0x429 -> Res=0x409 Z=0
PASS | Op: XOR A: 0x518d B: 0x617 -> Res=0x579a Z=0
PASS | Op: SUB A: 0xc87d B: 0xb0e1 -> Res=0x179c Z=0
PASS | Op: XOR A: 0x5266 B: 0x7124 -> Res=0x2342 Z=0
PASS | Op: OR A: 0x746f B: 0xdfc8 -> Res=0xffef Z=0
PASS | Op: XOR A: 0xd5a0 B: 0xcc34 -> Res=0x1994 Z=0
PASS | Op: OR A: 0xf40a B: 0x23a9 -> Res=0xf7ab Z=0
PASS | Op: AND A: 0xbac6 B: 0x1719 -> Res=0x1200 Z=0
PASS | Op: ADD A: 0xbb1d B: 0xf2c -> Res=0xca49 Z=0
PASS | Op: XOR A: 0xe62 B: 0x7ebc -> Res=0x70de Z=0
PASS | Op: ADD A: 0xb3c9 B: 0x6798 -> Res=0x1b61 Z=0
PASS | Op: XOR A: 0xe308 B: 0xac3f -> Res=0x4f37 Z=0
PASS | Op: AND A: 0xc1f9 B: 0xd60d -> Res=0xc009 Z=0
PASS | Op: AND A: 0x54d2 B: 0xfe92 -> Res=0x5492 Z=0
PASS | Op: ADD A: 0x4538 B: 0x66ee -> Res=0xac26 Z=0
PASS | Op: XOR A: 0xc79d B: 0x33dd -> Res=0xf440 Z=0
PASS | Op: XOR A: 0xbfae B: 0x971c -> Res=0x28b2 Z=0
PASS | Op: OR A: 0xaaea B: 0x10c3 -> Res=0xbaeb Z=0
PASS | Op: ADD A: 0x8e58 B: 0x38de -> Res=0xc736 Z=0
PASS | Op: ADD A: 0x42e B: 0xc3d2 -> Res=0xc800 Z=0
PASS | Op: AND A: 0xaed7 B: 0x23b8 -> Res=0x2290 Z=0
PASS | Op: XOR A: 0x30cc B: 0x4355 -> Res=0x7399 Z=0
PASS | Op: AND A: 0xb202 B: 0x8598 -> Res=0x8000 Z=0
PASS | Op: AND A: 0x47b0 B: 0x6a51 -> Res=0x4210 Z=0
PASS | Op: SUB A: 0xc42c B: 0x706d -> Res=0x53bf Z=0
PASS | Op: ADD A: 0x4658 B: 0x8e6c -> Res=0xd4c4 Z=0
PASS | Op: AND A: 0xb171 B: 0xd605 -> Res=0x9001 Z=0
PASS | Op: ADD A: 0xf24d B: 0xacb1 -> Res=0x9efe Z=0
PASS | Op: SUB A: 0xd752 B: 0x5c69 -> Res=0x7ae9 Z=0
PASS | Op: SUB A: 0x16a5 B: 0x4843 -> Res=0xce62 Z=0
PASS | Op: ADD A: 0xabe6 B: 0x19d7 -> Res=0xc5bd Z=0
PASS | Op: ADD A: 0xfb03 B: 0x670 -> Res=0x173 Z=0
PASS | Op: ADD A: 0xcab7 B: 0x11e3 -> Res=0xdc9a Z=0
PASS | Op: OR A: 0xdade B: 0x5a87 -> Res=0xdadf Z=0
PASS | Op: AND A: 0x7816 B: 0xb0ba -> Res=0x3012 Z=0
PASS | Op: SUB A: 0x78e6 B: 0x8583 -> Res=0xf363 Z=0
PASS | Op: XOR A: 0xb44 B: 0x1eda -> Res=0x159e Z=0
PASS | Op: XOR A: 0xa1e2 B: 0x61c0 -> Res=0xc022 Z=0
PASS | Op: ADD A: 0x36f1 B: 0xb548 -> Res=0xec39 Z=0
PASS | Op: XOR A: 0x4d59 B: 0x85ce -> Res=0xc897 Z=0
PASS | Op: XOR A: 0x883e B: 0x57b2 -> Res=0xdf8c Z=0
PASS | Op: ADD A: 0xacc2 B: 0x1dab -> Res=0xca6d Z=0
PASS | Op: XOR A: 0xec8a B: 0xaedf -> Res=0x4255 Z=0
PASS | Op: XOR A: 0x6195 B: 0x4c15 -> Res=0x2d80 Z=0
PASS | Op: SUB A: 0xb109 B: 0xaf26 -> Res=0x1e3 Z=0
PASS | Op: ADD A: 0xd92b B: 0xc6bf -> Res=0x9fea Z=0
PASS | Op: ADD A: 0x747b B: 0xfacb -> Res=0x6f46 Z=0
PASS | Op: ADD A: 0xe0e9 B: 0x8fb9 -> Res=0x70a2 Z=0
PASS | Op: AND A: 0x6bd2 B: 0x1d1a -> Res=0x912 Z=0
PASS | Op: SUB A: 0xeaa9 B: 0xf6f3 -> Res=0xf3b6 Z=0
PASS | Op: ADD A: 0x9bb4 B: 0xc08f -> Res=0x5c43 Z=0
PASS | Op: AND A: 0xf58e B: 0x1b39 -> Res=0x1108 Z=0
PASS | Op: AND A: 0x1071 B: 0x89ca -> Res=0x40 Z=0
PASS | Op: AND A: 0x5e57 B: 0xf472 -> Res=0x5452 Z=0
PASS | Op: OR A: 0x6be2 B: 0x70fc -> Res=0x7bfe Z=0
PASS | Op: ADD A: 0xb04f B: 0x3f0d -> Res=0xef5c Z=0
PASS | Op: XOR A: 0xd6dc B: 0xc915 -> Res=0x1fc9 Z=0
PASS | Op: XOR A: 0x3f87 B: 0xcd46 -> Res=0xf2c1 Z=0
PASS | Op: OR A: 0xca23 B: 0xf421 -> Res=0xfe23 Z=0
PASS | Op: ADD A: 0x9dc8 B: 0x47b -> Res=0xa243 Z=0
PASS | Op: XOR A: 0x13a0 B: 0xcf44 -> Res=0xdce4 Z=0
PASS | Op: SUB A: 0x1f02 B: 0xf22c -> Res=0x2cd6 Z=0
PASS | Op: XOR A: 0x17f4 B: 0x9c2b -> Res=0x8bdf Z=0
PASS | Op: ADD A: 0x553 B: 0xa7f6 -> Res=0xad49 Z=0
PASS | Op: XOR A: 0xdebe B: 0xc9b -> Res=0xd225 Z=0
PASS | Op: ADD A: 0x6ed8 B: 0xb917 -> Res=0x27ef Z=0
PASS | Op: AND A: 0x9327 B: 0x87ed -> Res=0x8325 Z=0
PASS | Op: AND A: 0xbfc9 B: 0x1bf0 -> Res=0x1bc0 Z=0
PASS | Op: XOR A: 0x4a99 B: 0xdc68 -> Res=0x96f1 Z=0
PASS | Op: SUB A: 0x368e B: 0x9822 -> Res=0x9e6c Z=0
PASS | Op: SUB A: 0x66ce B: 0x36b9 -> Res=0x3015 Z=0
PASS | Op: ADD A: 0x7b60 B: 0x224b -> Res=0x9dab Z=0
PASS | Op: SUB A: 0xbdd B: 0x50de -> Res=0xbaff Z=0
PASS | Op: ADD A: 0x68d4 B: 0x661e -> Res=0xcef2 Z=0
PASS | Op: SUB A: 0xda57 B: 0x2f18 -> Res=0xab3f Z=0
PASS | Op: OR A: 0xb07 B: 0x4a6f -> Res=0x4b6f Z=0
PASS | Op: ADD A: 0xa27b B: 0x9327 -> Res=0x35a2 Z=0
PASS | Op: XOR A: 0x357c B: 0x84cf -> Res=0xb1b3 Z=0
PASS | Op: SUB A: 0x6a39 B: 0x3fea -> Res=0x2a4f Z=0
PASS | Op: OR A: 0x4c0a B: 0xf605 -> Res=0xfe0f Z=0
PASS | Op: ADD A: 0x37de B: 0x45b1 -> Res=0x7d8f Z=0
PASS | Op: AND A: 0x7b4d B: 0x83f2 -> Res=0x340 Z=0
PASS | Op: ADD A: 0xf265 B: 0x8229 -> Res=0x748e Z=0
PASS | Op: ADD A: 0xc904 B: 0xe9f2 -> Res=0xb2f6 Z=0
PASS | Op: ADD A: 0x2044 B: 0xbad1 -> Res=0xdb15 Z=0
PASS | Op: ADD A: 0x8bca B: 0x6525 -> Res=0xf0ef Z=0
PASS | Op: XOR A: 0x4bf3 B: 0xe32a -> Res=0xa8d9 Z=0
PASS | Op: XOR A: 0x2d0c B: 0x605b -> Res=0x4d57 Z=0
PASS | Op: XOR A: 0xbf72 B: 0x587a -> Res=0xe708 Z=0
PASS | Op: OR A: 0x600e B: 0x697c -> Res=0x697e Z=0
PASS | Op: AND A: 0x1ab8 B: 0xe588 -> Res=0x88 Z=0
PASS | Op: AND A: 0x45af B: 0x514d -> Res=0x410d Z=0
PASS | Op: AND A: 0x420e B: 0x86a7 -> Res=0x206 Z=0
PASS | Op: AND A: 0x980f B: 0xf232 -> Res=0x9002 Z=0
PASS | Op: OR A: 0x47d1 B: 0x5a6 -> Res=0x47f7 Z=0
PASS | Op: ADD A: 0x1490 B: 0x2f2e -> Res=0x43be Z=0
PASS | Op: SUB A: 0xa653 B: 0xdc79 -> Res=0xc9da Z=0
PASS | Op: OR A: 0x1983 B: 0x4366 -> Res=0x5be7 Z=0
PASS | Op: XOR A: 0xdb95 B: 0x9460 -> Res=0x4ff5 Z=0
PASS | Op: XOR A: 0x714f B: 0xd9b9 -> Res=0xa8f6 Z=0
PASS | Op: AND A: 0x5bab B: 0xabdb -> Res=0xb8b Z=0
PASS | Op: OR A: 0x8561 B: 0x16e5 -> Res=0x97e5 Z=0
PASS | Op: OR A: 0xa986 B: 0x2883 -> Res=0xa987 Z=0
PASS | Op: ADD A: 0x127f B: 0x42ff -> Res=0x557e Z=0
PASS | Op: ADD A: 0x16e0 B: 0x29e5 -> Res=0x40c5 Z=0
PASS | Op: XOR A: 0xe326 B: 0x8d7b -> Res=0x6e5d Z=0
PASS | Op: XOR A: 0x52a1 B: 0x7e4a -> Res=0x2ceb Z=0
PASS | Op: SUB A: 0x95e2 B: 0x52c9 -> Res=0x4319 Z=0
PASS | Op: SUB A: 0x1409 B: 0xe399 -> Res=0x3070 Z=0
PASS | Op: SUB A: 0x1988 B: 0xea41 -> Res=0x2f47 Z=0
PASS | Op: SUB A: 0x4dc5 B: 0x95be -> Res=0xb807 Z=0
PASS | Op: OR A: 0xea4f B: 0xaab6 -> Res=0xeaff Z=0
PASS | Op: ADD A: 0x1fa5 B: 0x482f -> Res=0x67d4 Z=0
PASS | Op: AND A: 0x7866 B: 0x7b8e -> Res=0x7806 Z=0
PASS | Op: ADD A: 0x4b91 B: 0x84a4 -> Res=0xd035 Z=0
PASS | Op: SUB A: 0xf745 B: 0x65f1 -> Res=0x9154 Z=0
PASS | Op: SUB A: 0xd64e B: 0x38c9 -> Res=0x9d85 Z=0
PASS | Op: ADD A: 0xdfca B: 0xab29 -> Res=0x8af3 Z=0
PASS | Op: AND A: 0x341f B: 0x988d -> Res=0x100d Z=0
PASS | Op: XOR A: 0x157b B: 0x3b00 -> Res=0x2e7b Z=0
PASS | Op: XOR A: 0x571e B: 0x8cd9 -> Res=0xdbc7 Z=0
PASS | Op: XOR A: 0x8ebe B: 0x34fa -> Res=0xba44 Z=0
PASS | Op: XOR A: 0xb6e0 B: 0x4b60 -> Res=0xfd80 Z=0
PASS | Op: AND A: 0xe38b B: 0x3f20 -> Res=0x2300 Z=0
PASS | Op: SUB A: 0x7054 B: 0xe7b -> Res=0x61d9 Z=0
PASS | Op: ADD A: 0xfdf2 B: 0x916a -> Res=0x8f5c Z=0
PASS | Op: AND A: 0x550f B: 0x890b -> Res=0x10b Z=0
PASS | Op: SUB A: 0x4c24 B: 0x3093 -> Res=0x1b91 Z=0
PASS | Op: ADD A: 0x8ca5 B: 0xd407 -> Res=0x60ac Z=0
PASS | Op: SUB A: 0xd1ca B: 0xaa28 -> Res=0x27a2 Z=0
PASS | Op: SUB A: 0xc37 B: 0x98e4 -> Res=0x7353 Z=0
PASS | Op: AND A: 0x2b08 B: 0xf6b7 -> Res=0x2200 Z=0
PASS | Op: ADD A: 0xdaef B: 0xb377 -> Res=0x8e66 Z=0
PASS | Op: XOR A: 0x656 B: 0xaefd -> Res=0xa8ab Z=0
PASS | Op: ADD A: 0x296c B: 0xc2a0 -> Res=0xec0c Z=0
PASS | Op: OR A: 0xd82f B: 0x966e -> Res=0xde6f Z=0
PASS | Op: XOR A: 0xb1dc B: 0x853d -> Res=0x34e1 Z=0
PASS | Op: OR A: 0xb63 B: 0x1aa1 -> Res=0x1be3 Z=0
PASS | Op: SUB A: 0xe8f0 B: 0x7991 -> Res=0x6f5f Z=0
PASS | Op: XOR A: 0xabb B: 0x77f3 -> Res=0x7d48 Z=0
PASS | Op: ADD A: 0x7ee0 B: 0xbcef -> Res=0x3bcf Z=0
PASS | Op: SUB A: 0xefc9 B: 0x3384 -> Res=0xbc45 Z=0
PASS | Op: ADD A: 0xad0d B: 0xc7d -> Res=0xb98a Z=0
PASS | Op: SUB A: 0x84e8 B: 0x5964 -> Res=0x2b84 Z=0
PASS | Op: XOR A: 0x1b6d B: 0x50a9 -> Res=0x4bc4 Z=0
PASS | Op: SUB A: 0xdfb9 B: 0xc249 -> Res=0x1d70 Z=0
PASS | Op: OR A: 0x96a1 B: 0x1dbe -> Res=0x9fbf Z=0
PASS | Op: ADD A: 0x64a2 B: 0xe6d9 -> Res=0x4b7b Z=0
PASS | Op: SUB A: 0x480a B: 0x8cb1 -> Res=0xbb59 Z=0
PASS | Op: ADD A: 0x8255 B: 0x344f -> Res=0xb6a4 Z=0
PASS | Op: XOR A: 0x7585 B: 0x3651 -> Res=0x43d4 Z=0
PASS | Op: XOR A: 0x7b44 B: 0xdf86 -> Res=0xa4c2 Z=0
PASS | Op: ADD A: 0x2530 B: 0x5d1f -> Res=0x824f Z=0
PASS | Op: OR A: 0x2b08 B: 0x5906 -> Res=0x7b0e Z=0
PASS | Op: SUB A: 0x9b4a B: 0x477e -> Res=0x53cc Z=0
PASS | Op: ADD A: 0xf513 B: 0xa1c6 -> Res=0x96d9 Z=0
PASS | Op: AND A: 0x24dc B: 0x55f5 -> Res=0x4d4 Z=0
PASS | Op: XOR A: 0x83e0 B: 0x5a01 -> Res=0xd9e1 Z=0
PASS | Op: XOR A: 0x8c8e B: 0x8d93 -> Res=0x11d Z=0
PASS | Op: XOR A: 0x23a B: 0xf2a5 -> Res=0xf09f Z=0
PASS | Op: SUB A: 0x1c60 B: 0xa183 -> Res=0x7add Z=0
PASS | Op: AND A: 0x4d80 B: 0xe0a7 -> Res=0x4080 Z=0
PASS | Op: ADD A: 0x79de B: 0x9dc9 -> Res=0x17a7 Z=0
PASS | Op: SUB A: 0x6ad3 B: 0x109b -> Res=0x5a38 Z=0
PASS | Op: OR A: 0xdacd B: 0x6e72 -> Res=0xfeff Z=0
PASS | Op: XOR A: 0x342e B: 0xc6c2 -> Res=0xf2ec Z=0
PASS | Op: ADD A: 0x3b8a B: 0x973c -> Res=0xd2c6 Z=0
PASS | Op: XOR A: 0xedcd B: 0xc28d -> Res=0x2f40 Z=0
PASS | Op: OR A: 0x6e15 B: 0xc0b2 -> Res=0xeeb7 Z=0
PASS | Op: OR A: 0xaaa B: 0xb8fd -> Res=0xbaff Z=0
PASS | Op: SUB A: 0xaeab B: 0x5abb -> Res=0x53f0 Z=0
PASS | Op: AND A: 0xb2bd B: 0xc110 -> Res=0x8010 Z=0
PASS | Op: SUB A: 0xce53 B: 0x9c2c -> Res=0x3227 Z=0
PASS | Op: AND A: 0xaea B: 0x6a6b -> Res=0xa6a Z=0
PASS | Op: XOR A: 0x2d8a B: 0xc07c -> Res=0xedf6 Z=0
PASS | Op: SUB A: 0xce93 B: 0xbf88 -> Res=0xf0b Z=0
PASS | Op: ADD A: 0xcaf7 B: 0xafd2 -> Res=0x7ac9 Z=0
PASS | Op: ADD A: 0xec5d B: 0x9c8 -> Res=0xf625 Z=0
PASS | Op: XOR A: 0x40ee B: 0x384b -> Res=0x78a5 Z=0
PASS | Op: XOR A: 0x1b27 B: 0xeb1a -> Res=0xf03d Z=0
PASS | Op: SUB A: 0xebc5 B: 0xbd2c -> Res=0x2e99 Z=0
PASS | Op: ADD A: 0x7bb3 B: 0x8876 -> Res=0x429 Z=0
PASS | Op: OR A: 0xfd60 B: 0xc76d -> Res=0xff6d Z=0
PASS | Op: AND A: 0x3998 B: 0x9b2c -> Res=0x1908 Z=0
PASS | Op: XOR A: 0xa5ab B: 0xab7e -> Res=0xed5 Z=0
PASS | Op: OR A: 0x33c9 B: 0x9eb4 -> Res=0xbffd Z=0
PASS | Op: OR A: 0x324e B: 0x2b31 -> Res=0x3b7f Z=0
PASS | Op: ADD A: 0x8f02 B: 0xe458 -> Res=0x735a Z=0
PASS | Op: AND A: 0x2f9b B: 0x18bf -> Res=0x89b Z=0
PASS | Op: OR A: 0x5dbc B: 0xbcee -> Res=0xfdfe Z=0
PASS | Op: SUB A: 0x7ab8 B: 0xed32 -> Res=0x8d86 Z=0
PASS | Op: XOR A: 0x2c3f B: 0x4bd3 -> Res=0x67ec Z=0
PASS | Op: OR A: 0x3977 B: 0xd192 -> Res=0xf9f7 Z=0
PASS | Op: OR A: 0xd2d3 B: 0xaa77 -> Res=0xfaf7 Z=0
PASS | Op: ADD A: 0x4619 B: 0x58f7 -> Res=0x9f10 Z=0
PASS | Op: XOR A: 0xfde9 B: 0x52cd -> Res=0xaf24 Z=0
PASS | Op: XOR A: 0xe190 B: 0x1fc0 -> Res=0xfe50 Z=0
PASS | Op: AND A: 0xb53d B: 0xc89c -> Res=0x801c Z=0
PASS | Op: ADD A: 0x14e2 B: 0xc24b -> Res=0xd72d Z=0
PASS | Op: ADD A: 0xa8d1 B: 0x23e -> Res=0xab0f Z=0
PASS | Op: ADD A: 0xfc39 B: 0xed57 -> Res=0xe990 Z=0
PASS | Op: XOR A: 0x23a B: 0x242a -> Res=0x2610 Z=0
PASS | Op: AND A: 0x99f2 B: 0x6d77 -> Res=0x972 Z=0
PASS | Op: OR A: 0x8215 B: 0xdb45 -> Res=0xdb55 Z=0
PASS | Op: XOR A: 0x9494 B: 0x4944 -> Res=0xddd0 Z=0
PASS | Op: ADD A: 0x8510 B: 0xb234 -> Res=0x3744 Z=0
PASS | Op: OR A: 0x6a1a B: 0xe837 -> Res=0xea3f Z=0
PASS | Op: SUB A: 0x21c7 B: 0xce78 -> Res=0x534f Z=0
PASS | Op: SUB A: 0x2e96 B: 0x8796 -> Res=0xa700 Z=0
PASS | Op: ADD A: 0xa62f B: 0x3a95 -> Res=0xe0c4 Z=0
PASS | Op: ADD A: 0x32d1 B: 0x3088 -> Res=0x6359 Z=0
PASS | Op: ADD A: 0x48b7 B: 0x5db0 -> Res=0xa667 Z=0
PASS | Op: OR A: 0x3ec2 B: 0x5795 -> Res=0x7fd7 Z=0
PASS | Op: AND A: 0xe7de B: 0xf9e2 -> Res=0xe1c2 Z=0
PASS | Op: OR A: 0xc627 B: 0x68f4 -> Res=0xeef7 Z=0
PASS | Op: SUB A: 0xbaa4 B: 0x94fe -> Res=0x25a6 Z=0
PASS | Op: ADD A: 0x5ee6 B: 0x6263 -> Res=0xc149 Z=0
PASS | Op: XOR A: 0xe9c2 B: 0x1a5 -> Res=0xe867 Z=0
PASS | Op: SUB A: 0xf68 B: 0x20b4 -> Res=0xeeb4 Z=0
PASS | Op: OR A: 0xca7d B: 0x3556 -> Res=0xff7f Z=0
PASS | Op: ADD A: 0xec36 B: 0x8fef -> Res=0x7c25 Z=0
PASS | Op: XOR A: 0xf21e B: 0xf452 -> Res=0x64c Z=0
PASS | Op: XOR A: 0xaad9 B: 0x66e6 -> Res=0xcc3f Z=0
PASS | Op: XOR A: 0x2817 B: 0xb241 -> Res=0x9a56 Z=0
PASS | Op: SUB A: 0xf235 B: 0x16ca -> Res=0xdb6b Z=0
PASS | Op: AND A: 0x1e3e B: 0xe186 -> Res=0x6 Z=0
PASS | Op: ADD A: 0xc6f9 B: 0xba52 -> Res=0x814b Z=0
PASS | Op: ADD A: 0xa9ee B: 0xb69c -> Res=0x608a Z=0
PASS | Op: OR A: 0xb70a B: 0x5c7c -> Res=0xff7e Z=0
PASS | Op: XOR A: 0x6834 B: 0xd4f2 -> Res=0xbcc6 Z=0
PASS | Op: ADD A: 0xc66a B: 0x8fc6 -> Res=0x5630 Z=0
PASS | Op: XOR A: 0xa6be B: 0x3725 -> Res=0x919b Z=0
PASS | Op: ADD A: 0x8d98 B: 0x56ed -> Res=0xe485 Z=0
PASS | Op: OR A: 0xd253 B: 0x6088 -> Res=0xf2db Z=0
PASS | Op: AND A: 0xbcf4 B: 0x8957 -> Res=0x8854 Z=0
PASS | Op: SUB A: 0x2043 B: 0x662a -> Res=0xba19 Z=0
PASS | Op: OR A: 0xb4fe B: 0xc54c -> Res=0xf5fe Z=0
PASS | Op: SUB A: 0xa122 B: 0xa590 -> Res=0xfb92 Z=0
PASS | Op: XOR A: 0x22c B: 0x164d -> Res=0x1461 Z=0
PASS | Op: OR A: 0x30f9 B: 0xd4a5 -> Res=0xf4fd Z=0
PASS | Op: AND A: 0xc765 B: 0x2521 -> Res=0x521 Z=0
PASS | Op: XOR A: 0xaaef B: 0x7f8f -> Res=0xd560 Z=0
PASS | Op: ADD A: 0x8932 B: 0xa543 -> Res=0x2e75 Z=0
PASS | Op: OR A: 0x8379 B: 0x5372 -> Res=0xd37b Z=0
PASS | Op: SUB A: 0x2f91 B: 0xc8a4 -> Res=0x66ed Z=0
PASS | Op: SUB A: 0x49c9 B: 0x8ef -> Res=0x40da Z=0
PASS | Op: AND A: 0x690b B: 0xac63 -> Res=0x2803 Z=0
PASS | Op: ADD A: 0xaf5d B: 0x3b07 -> Res=0xea64 Z=0
PASS | Op: OR A: 0xece6 B: 0x9252 -> Res=0xfef6 Z=0
PASS | Op: SUB A: 0xac8e B: 0xdd23 -> Res=0xcf6b Z=0
PASS | Op: SUB A: 0x70a8 B: 0x4545 -> Res=0x2b63 Z=0
PASS | Op: XOR A: 0x7ae1 B: 0x7e62 -> Res=0x483 Z=0
PASS | Op: OR A: 0x3b72 B: 0x9a0d -> Res=0xbb7f Z=0
PASS | Op: AND A: 0x4138 B: 0x41e6 -> Res=0x4120 Z=0
PASS | Op: ADD A: 0xbe10 B: 0x662f -> Res=0x243f Z=0
PASS | Op: SUB A: 0x28a8 B: 0x2a3d -> Res=0xfe6b Z=0
PASS | Op: XOR A: 0xf184 B: 0xff2d -> Res=0xea9 Z=0
PASS | Op: XOR A: 0xfe3b B: 0xce9f -> Res=0x30a4 Z=0
PASS | Op: OR A: 0xcfec B: 0x1da7 -> Res=0xdfef Z=0
PASS | Op: XOR A: 0xb3a5 B: 0xe1f2 -> Res=0x5257 Z=0
PASS | Op: SUB A: 0x8b62 B: 0xc182 -> Res=0xc9e0 Z=0
PASS | Op: XOR A: 0x307b B: 0xf397 -> Res=0xc3ec Z=0
PASS | Op: OR A: 0x30cc B: 0x5bae -> Res=0x7bee Z=0
PASS | Op: ADD A: 0x176a B: 0x82a -> Res=0x1f94 Z=0
PASS | Op: ADD A: 0xcc43 B: 0xd8e1 -> Res=0xa524 Z=0
PASS | Op: ADD A: 0xa446 B: 0x169e -> Res=0xbae4 Z=0
PASS | Op: SUB A: 0x71c7 B: 0x41d0 -> Res=0x2ff7 Z=0
PASS | Op: XOR A: 0x75f4 B: 0xcaae -> Res=0xbf5a Z=0
PASS | Op: XOR A: 0x54c1 B: 0x7c5d -> Res=0x289c Z=0
PASS | Op: AND A: 0x9ada B: 0xef6b -> Res=0x8a4a Z=0
PASS | Op: SUB A: 0xd5e3 B: 0x5034 -> Res=0x85af Z=0
PASS | Op: AND A: 0xf27a B: 0x1859 -> Res=0x1058 Z=0
PASS | Op: XOR A: 0x2142 B: 0x72a1 -> Res=0x53e3 Z=0
PASS | Op: SUB A: 0x1254 B: 0x19c6 -> Res=0xf88e Z=0
PASS | Op: SUB A: 0x4922 B: 0x7d4a -> Res=0xcbd8 Z=0
PASS | Op: AND A: 0xae86 B: 0xaedb -> Res=0xae82 Z=0
PASS | Op: OR A: 0xea58 B: 0x43c6 -> Res=0xebde Z=0
PASS | Op: OR A: 0x77ba B: 0x7caf -> Res=0x7fbf Z=0
PASS | Op: XOR A: 0x6145 B: 0x225d -> Res=0x4318 Z=0
PASS | Op: OR A: 0x941a B: 0x2651 -> Res=0xb65b Z=0
PASS | Op: SUB A: 0x223b B: 0xb49e -> Res=0x6d9d Z=0
PASS | Op: XOR A: 0xce06 B: 0x64c6 -> Res=0xaac0 Z=0
PASS | Op: XOR A: 0x9bb0 B: 0x6675 -> Res=0xfdc5 Z=0
PASS | Op: OR A: 0x1470 B: 0x2c4f -> Res=0x3c7f Z=0
PASS | Op: OR A: 0xe23f B: 0xd30f -> Res=0xf33f Z=0
PASS | Op: OR A: 0xd651 B: 0x9be8 -> Res=0xdff9 Z=0
PASS | Op: XOR A: 0x1c86 B: 0xa04d -> Res=0xbccb Z=0
PASS | Op: AND A: 0xe89e B: 0xbf19 -> Res=0xa818 Z=0
PASS | Op: XOR A: 0x8e7f B: 0x94e7 -> Res=0x1a98 Z=0
PASS | Op: ADD A: 0x4b65 B: 0xa8a8 -> Res=0xf40d Z=0
PASS | Op: ADD A: 0xb180 B: 0xfc34 -> Res=0xadb4 Z=0
PASS | Op: AND A: 0xb612 B: 0x15f5 -> Res=0x1410 Z=0
PASS | Op: ADD A: 0x83f0 B: 0x2457 -> Res=0xa847 Z=0
PASS | Op: XOR A: 0x6e33 B: 0x7681 -> Res=0x18b2 Z=0
PASS | Op: ADD A: 0xb5a5 B: 0x962e -> Res=0x4bd3 Z=0
PASS | Op: ADD A: 0x9ccc B: 0x875e -> Res=0x242a Z=0
PASS | Op: XOR A: 0xc151 B: 0x6705 -> Res=0xa654 Z=0
PASS | Op: AND A: 0x1682 B: 0xb149 -> Res=0x1000 Z=0
PASS | Op: ADD A: 0x86cd B: 0x3af2 -> Res=0xc1bf Z=0
PASS | Op: OR A: 0xeeb1 B: 0x16c8 -> Res=0xfef9 Z=0
PASS | Op: ADD A: 0x8caa B: 0x2bd7 -> Res=0xb881 Z=0
PASS | Op: SUB A: 0x1491 B: 0x9e9e -> Res=0x75f3 Z=0
PASS | Op: AND A: 0xe773 B: 0x2a01 -> Res=0x2201 Z=0
PASS | Op: XOR A: 0xeef3 B: 0x47a7 -> Res=0xa954 Z=0
PASS | Op: XOR A: 0x59e1 B: 0x3b9e -> Res=0x627f Z=0
PASS | Op: OR A: 0x4364 B: 0x3844 -> Res=0x7b64 Z=0
PASS | Op: AND A: 0x9d74 B: 0xdb21 -> Res=0x9920 Z=0
PASS | Op: SUB A: 0x2111 B: 0xc122 -> Res=0x5fef Z=0
PASS | Op: AND A: 0x9329 B: 0x20eb -> Res=0x29 Z=0
PASS | Op: ADD A: 0xdf7c B: 0x2096 -> Res=0x12 Z=0
PASS | Op: SUB A: 0x7ae8 B: 0x2b59 -> Res=0x4f8f Z=0
PASS | Op: OR A: 0x55b8 B: 0xd520 -> Res=0xd5b8 Z=0
PASS | Op: OR A: 0x7976 B: 0x4a23 -> Res=0x7b77 Z=0
PASS | Op: ADD A: 0x872a B: 0xee6 -> Res=0x9610 Z=0
PASS | Op: ADD A: 0xd7b7 B: 0xe7ab -> Res=0xbf62 Z=0
PASS | Op: OR A: 0xaf38 B: 0x2204 -> Res=0xaf3c Z=0
PASS | Op: AND A: 0xe1b7 B: 0xe6d6 -> Res=0xe096 Z=0
PASS | Op: XOR A: 0x4458 B: 0xe756 -> Res=0xa30e Z=0
PASS | Op: XOR A: 0xbd5e B: 0x74dc -> Res=0xc982 Z=0
PASS | Op: ADD A: 0x3ff4 B: 0xd722 -> Res=0x1716 Z=0
PASS | Op: XOR A: 0x49b2 B: 0x2b10 -> Res=0x62a2 Z=0
PASS | Op: SUB A: 0x2a61 B: 0x852c -> Res=0xa535 Z=0
PASS | Op: XOR A: 0xbbfc B: 0xdf21 -> Res=0x64dd Z=0
PASS | Op: XOR A: 0x3ae5 B: 0x2161 -> Res=0x1b84 Z=0
PASS | Op: XOR A: 0x40eb B: 0xc647 -> Res=0x86ac Z=0
PASS | Op: XOR A: 0x2621 B: 0xd971 -> Res=0xff50 Z=0
PASS | Op: ADD A: 0x577b B: 0xa748 -> Res=0xfec3 Z=0
PASS | Op: ADD A: 0x54e2 B: 0x8e7d -> Res=0xe35f Z=0
PASS | Op: AND A: 0xa6cd B: 0xd2c3 -> Res=0x82c1 Z=0
PASS | Op: AND A: 0x4ca2 B: 0x84a4 -> Res=0x4a0 Z=0
PASS | Op: XOR A: 0x26ec B: 0x4657 -> Res=0x60bb Z=0
PASS | Op: ADD A: 0xa4d B: 0xd810 -> Res=0xe25d Z=0
PASS | Op: SUB A: 0x1d1f B: 0xb287 -> Res=0x6a98 Z=0
PASS | Op: ADD A: 0x8c82 B: 0x4d7c -> Res=0xd9fe Z=0
PASS | Op: ADD A: 0xf39a B: 0xd0cf -> Res=0xc469 Z=0
PASS | Op: ADD A: 0x98ca B: 0x3340 -> Res=0xcc0a Z=0
PASS | Op: ADD A: 0xafad B: 0x6fe2 -> Res=0x1f8f Z=0
PASS | Op: XOR A: 0xbe8a B: 0x353b -> Res=0x8bb1 Z=0
PASS | Op: ADD A: 0xff71 B: 0x4cf0 -> Res=0x4c61 Z=0
PASS | Op: SUB A: 0xc278 B: 0x80e0 -> Res=0x4198 Z=0
PASS | Op: SUB A: 0xb5eb B: 0x8309 -> Res=0x32e2 Z=0
PASS | Op: XOR A: 0xdd7b B: 0x15db -> Res=0xc8a0 Z=0
PASS | Op: AND A: 0xe11a B: 0x8666 -> Res=0x8002 Z=0
PASS | Op: SUB A: 0x5cd9 B: 0xb689 -> Res=0xa650 Z=0
PASS | Op: XOR A: 0x1f42 B: 0xbcf4 -> Res=0xa3b6 Z=0
PASS | Op: XOR A: 0x501c B: 0x1d5d -> Res=0x4d41 Z=0
PASS | Op: AND A: 0xd92c B: 0x474b -> Res=0x4108 Z=0
PASS | Op: XOR A: 0x123c B: 0x8ff5 -> Res=0x9dc9 Z=0
PASS | Op: AND A: 0x4261 B: 0x42be -> Res=0x4220 Z=0
PASS | Op: AND A: 0x15fd B: 0xd6a4 -> Res=0x14a4 Z=0
PASS | Op: XOR A: 0x2d7c B: 0x9e16 -> Res=0xb36a Z=0
PASS | Op: ADD A: 0x6e54 B: 0xbea4 -> Res=0x2cf8 Z=0
PASS | Op: OR A: 0x2f66 B: 0x2db1 -> Res=0x2ff7 Z=0
PASS | Op: ADD A: 0x67ee B: 0xa1c3 -> Res=0x9b1 Z=0
PASS | Op: XOR A: 0x5da5 B: 0x3f2d -> Res=0x6288 Z=0
PASS | Op: XOR A: 0x7304 B: 0xc068 -> Res=0xb36c Z=0
PASS | Op: AND A: 0x638d B: 0x98c4 -> Res=0x84 Z=0
PASS | Op: SUB A: 0x2d81 B: 0x2791 -> Res=0x5f0 Z=0
PASS | Op: ADD A: 0x233d B: 0xb41 -> Res=0x2e7e Z=0
PASS | Op: OR A: 0xdc88 B: 0x5cf -> Res=0xddcf Z=0
PASS | Op: OR A: 0xdb5a B: 0xc6b0 -> Res=0xdffa Z=0
PASS | Op: AND A: 0x137b B: 0x227e -> Res=0x27a Z=0
PASS | Op: OR A: 0x5952 B: 0x7253 -> Res=0x7b53 Z=0
PASS | Op: XOR A: 0xc707 B: 0x4815 -> Res=0x8f12 Z=0
PASS | Op: ADD A: 0x9786 B: 0x4bd9 -> Res=0xe35f Z=0
PASS | Op: SUB A: 0xd22f B: 0x116e -> Res=0xc0c1 Z=0
PASS | Op: ADD A: 0xaa18 B: 0xc5d5 -> Res=0x6fed Z=0
PASS | Op: SUB A: 0xc05d B: 0x875a -> Res=0x3903 Z=0
PASS | Op: XOR A: 0x8289 B: 0xa22a -> Res=0x20a3 Z=0
PASS | Op: XOR A: 0x1408 B: 0xcbbb -> Res=0xdfb3 Z=0
PASS | Op: XOR A: 0x69ad B: 0x9dd6 -> Res=0xf47b Z=0
PASS | Op: SUB A: 0xa7fe B: 0xe8ba -> Res=0xbf44 Z=0
PASS | Op: SUB A: 0xfa25 B: 0x4319 -> Res=0xb70c Z=0
PASS | Op: XOR A: 0xee2d B: 0xdb9a -> Res=0x35b7 Z=0
PASS | Op: XOR A: 0x868c B: 0xd5c -> Res=0x8bd0 Z=0
PASS | Op: XOR A: 0x3d47 B: 0x28ae -> Res=0x15e9 Z=0
PASS | Op: AND A: 0xca49 B: 0xd95c -> Res=0xc848 Z=0
PASS | Op: ADD A: 0x948 B: 0xca5 -> Res=0x15ed Z=0
PASS | Op: ADD A: 0xef5c B: 0x8732 -> Res=0x768e Z=0
PASS | Op: ADD A: 0x361f B: 0xea06 -> Res=0x2025 Z=0
PASS | Op: SUB A: 0x4c96 B: 0xca52 -> Res=0x8244 Z=0
PASS | Op: OR A: 0xfe2c B: 0xf579 -> Res=0xff7d Z=0
PASS | Op: XOR A: 0x5879 B: 0x45e4 -> Res=0x1d9d Z=0
PASS | Op: XOR A: 0xa2e3 B: 0x8c24 -> Res=0x2ec7 Z=0
PASS | Op: SUB A: 0xa880 B: 0xe52b -> Res=0xc355 Z=0
PASS | Op: AND A: 0x9361 B: 0xb78f -> Res=0x9301 Z=0
PASS | Op: AND A: 0x97e9 B: 0x9a2c -> Res=0x9228 Z=0
PASS | Op: XOR A: 0x567c B: 0x3b93 -> Res=0x6def Z=0
PASS | Op: XOR A: 0x886 B: 0xe88a -> Res=0xe00c Z=0
PASS | Op: ADD A: 0xe64f B: 0x2399 -> Res=0x9e8 Z=0
PASS | Op: AND A: 0xe3ea B: 0xe1e2 -> Res=0xe1e2 Z=0
PASS | Op: XOR A: 0xf86b B: 0x978d -> Res=0x6fe6 Z=0
PASS | Op: OR A: 0x2406 B: 0xca23 -> Res=0xee27 Z=0
PASS | Op: OR A: 0x7d1f B: 0x219b -> Res=0x7d9f Z=0
PASS | Op: ADD A: 0xf57e B: 0xb389 -> Res=0xa907 Z=0
PASS | Op: ADD A: 0xcdf4 B: 0x24c1 -> Res=0xf2b5 Z=0
PASS | Op: ADD A: 0xd3e7 B: 0xc22f -> Res=0x9616 Z=0
PASS | Op: SUB A: 0x144f B: 0x202d -> Res=0xf422 Z=0
PASS | Op: ADD A: 0xf2a2 B: 0xa14 -> Res=0xfcb6 Z=0
PASS | Op: ADD A: 0xb12 B: 0xc7fd -> Res=0xd30f Z=0
PASS | Op: ADD A: 0x14d4 B: 0x60b2 -> Res=0x7586 Z=0
PASS | Op: OR A: 0x2118 B: 0x16f3 -> Res=0x37fb Z=0
PASS | Op: AND A: 0xfe35 B: 0x81f0 -> Res=0x8030 Z=0
PASS | Op: XOR A: 0xef96 B: 0x3eb9 -> Res=0xd12f Z=0
PASS | Op: ADD A: 0xacb9 B: 0x1bb5 -> Res=0xc86e Z=0
PASS | Op: AND A: 0x9bed B: 0xc0cb -> Res=0x80c9 Z=0
PASS | Op: XOR A: 0xa6de B: 0x4fd3 -> Res=0xe90d Z=0
PASS | Op: XOR A: 0xef0a B: 0x48bb -> Res=0xa7b1 Z=0
PASS | Op: ADD A: 0x22df B: 0xf8fe -> Res=0x1bdd Z=0
PASS | Op: SUB A: 0xb2fb B: 0x58ae -> Res=0x5a4d Z=0
PASS | Op: OR A: 0xd7bd B: 0x746f -> Res=0xf7ff Z=0
PASS | Op: SUB A: 0x5273 B: 0x16b1 -> Res=0x3bc2 Z=0
PASS | Op: XOR A: 0x2d34 B: 0x7716 -> Res=0x5a22 Z=0
PASS | Op: XOR A: 0x54ae B: 0xd983 -> Res=0x8d2d Z=0
PASS | Op: OR A: 0x8f75 B: 0x6c62 -> Res=0xef77 Z=0
PASS | Op: ADD A: 0x3238 B: 0xc39d -> Res=0xf5d5 Z=0
PASS | Op: OR A: 0xa9fc B: 0x37d2 -> Res=0xbffe Z=0
PASS | Op: SUB A: 0x7863 B: 0x4b9c -> Res=0x2cc7 Z=0
PASS | Op: XOR A: 0xedf9 B: 0x8a06 -> Res=0x67ff Z=0
PASS | Op: ADD A: 0x9e51 B: 0x77d7 -> Res=0x1628 Z=0
PASS | Op: OR A: 0x3051 B: 0xdb13 -> Res=0xfb53 Z=0
PASS | Op: AND A: 0xf10d B: 0x5ddb -> Res=0x5109 Z=0
PASS | Op: SUB A: 0x50b2 B: 0x27fd -> Res=0x28b5 Z=0
PASS | Op: SUB A: 0x389b B: 0xc59f -> Res=0x72fc Z=0
PASS | Op: OR A: 0xe1a2 B: 0x5fd5 -> Res=0xfff7 Z=0
PASS | Op: ADD A: 0x42d3 B: 0xcf4f -> Res=0x1222 Z=0
PASS | Op: XOR A: 0xbf93 B: 0x5bf0 -> Res=0xe463 Z=0
PASS | Op: OR A: 0x774c B: 0xebc8 -> Res=0xffcc Z=0
PASS | Op: XOR A: 0xae07 B: 0xc86f -> Res=0x6668 Z=0
PASS | Op: OR A: 0x5014 B: 0x5609 -> Res=0x561d Z=0
PASS | Op: OR A: 0x4987 B: 0x4be7 -> Res=0x4be7 Z=0
PASS | Op: OR A: 0x3534 B: 0x74ab -> Res=0x75bf Z=0
PASS | Op: XOR A: 0x31c B: 0xa646 -> Res=0xa55a Z=0
PASS | Op: AND A: 0x916a B: 0x409f -> Res=0xa Z=0
PASS | Op: XOR A: 0x8089 B: 0x759e -> Res=0xf517 Z=0
PASS | Op: SUB A: 0x6840 B: 0xa31d -> Res=0xc523 Z=0
PASS | Op: SUB A: 0x126 B: 0x8853 -> Res=0x78d3 Z=0
PASS | Op: XOR A: 0x9c2c B: 0x5d12 -> Res=0xc13e Z=0
PASS | Op: XOR A: 0x5447 B: 0x929d -> Res=0xc6da Z=0
PASS | Op: ADD A: 0xfa56 B: 0x50ff -> Res=0x4b55 Z=0
PASS | Op: SUB A: 0x54dd B: 0xe007 -> Res=0x74d6 Z=0
PASS | Op: AND A: 0x38ea B: 0x68eb -> Res=0x28ea Z=0
PASS | Op: SUB A: 0x2b10 B: 0xdf99 -> Res=0x4b77 Z=0
PASS | Op: OR A: 0xfde9 B: 0xa4be -> Res=0xfdff Z=0
PASS | Op: SUB A: 0x16f4 B: 0x7f36 -> Res=0x97be Z=0
PASS | Op: SUB A: 0x7580 B: 0x419e -> Res=0x33e2 Z=0
PASS | Op: ADD A: 0x715b B: 0xb7e5 -> Res=0x2940 Z=0
PASS | Op: XOR A: 0xdc71 B: 0xe4fd -> Res=0x388c Z=0
PASS | Op: ADD A: 0xe317 B: 0xbabf -> Res=0x9dd6 Z=0
PASS | Op: OR A: 0xc3ec B: 0x7584 -> Res=0xf7ec Z=0
PASS | Op: XOR A: 0x9dd1 B: 0xcfa3 -> Res=0x5272 Z=0
PASS | Op: AND A: 0x416a B: 0x53e9 -> Res=0x4168 Z=0
PASS | Op: XOR A: 0x318a B: 0xa38b -> Res=0x9201 Z=0
PASS | Op: XOR A: 0x4e13 B: 0xeb53 -> Res=0xa540 Z=0
PASS | Op: AND A: 0xa41a B: 0x67aa -> Res=0x240a Z=0
PASS | Op: OR A: 0x1797 B: 0x7a50 -> Res=0x7fd7 Z=0
PASS | Op: ADD A: 0x710c B: 0x1f10 -> Res=0x901c Z=0
PASS | Op: ADD A: 0x3b6 B: 0xd544 -> Res=0xd8fa Z=0
PASS | Op: AND A: 0xe08d B: 0x57e3 -> Res=0x4081 Z=0
PASS | Op: SUB A: 0x363b B: 0x68ad -> Res=0xcd8e Z=0
PASS | Op: XOR A: 0xf010 B: 0x1e80 -> Res=0xee90 Z=0
PASS | Op: SUB A: 0x2b12 B: 0x46aa -> Res=0xe468 Z=0
PASS | Op: OR A: 0x9214 B: 0xf5b9 -> Res=0xf7bd Z=0
PASS | Op: AND A: 0x63b8 B: 0xa3f9 -> Res=0x23b8 Z=0
PASS | Op: XOR A: 0x3b8f B: 0x1cad -> Res=0x2722 Z=0
PASS | Op: SUB A: 0x3c54 B: 0xa419 -> Res=0x983b Z=0
PASS | Op: OR A: 0x8f29 B: 0x19f7 -> Res=0x9fff Z=0
PASS | Op: ADD A: 0xfacb B: 0xd346 -> Res=0xce11 Z=0
PASS | Op: XOR A: 0x59c1 B: 0x236 -> Res=0x5bf7 Z=0
PASS | Op: ADD A: 0x247e B: 0x93fc -> Res=0xb87a Z=0
PASS | Op: SUB A: 0x5aab B: 0xe991 -> Res=0x711a Z=0
PASS | Op: OR A: 0xfd69 B: 0x5e93 -> Res=0xfffb Z=0
PASS | Op: AND A: 0xf425 B: 0x3868 -> Res=0x3020 Z=0
PASS | Op: AND A: 0x1b5c B: 0x763d -> Res=0x121c Z=0
PASS | Op: AND A: 0xa7ee B: 0xbca4 -> Res=0xa4a4 Z=0
PASS | Op: ADD A: 0xc241 B: 0xc6b -> Res=0xceac Z=0
PASS | Op: XOR A: 0xbf60 B: 0xde00 -> Res=0x6160 Z=0
PASS | Op: ADD A: 0xc47a B: 0x3c3c -> Res=0xb6 Z=0
PASS | Op: XOR A: 0x8014 B: 0xc28e -> Res=0x429a Z=0
PASS | Op: XOR A: 0x4a94 B: 0xa4a2 -> Res=0xee36 Z=0
PASS | Op: ADD A: 0xb93b B: 0xbe83 -> Res=0x77be Z=0
PASS | Op: AND A: 0x4032 B: 0x1ab2 -> Res=0x32 Z=0
PASS | Op: SUB A: 0xaf47 B: 0x2530 -> Res=0x8a17 Z=0
PASS | Op: OR A: 0x32e7 B: 0xd4a1 -> Res=0xf6e7 Z=0
PASS | Op: ADD A: 0x7f3b B: 0xda45 -> Res=0x5980 Z=0
PASS | Op: ADD A: 0xd67 B: 0x2fd7 -> Res=0x3d3e Z=0
PASS | Op: ADD A: 0x4284 B: 0xb89a -> Res=0xfb1e Z=0
PASS | Op: AND A: 0x3e94 B: 0xdc15 -> Res=0x1c14 Z=0
PASS | Op: XOR A: 0x48fa B: 0x5660 -> Res=0x1e9a Z=0
PASS | Op: AND A: 0x93e8 B: 0x3dda -> Res=0x11c8 Z=0
PASS | Op: ADD A: 0x8b3 B: 0xf4c3 -> Res=0xfd76 Z=0
PASS | Op: ADD A: 0x99c8 B: 0x64dd -> Res=0xfea5 Z=0
PASS | Op: ADD A: 0x5bb9 B: 0x705d -> Res=0xcc16 Z=0
PASS | Op: OR A: 0xaf7d B: 0x1bc8 -> Res=0xbffd Z=0
PASS | Op: SUB A: 0x8748 B: 0xb5f5 -> Res=0xd153 Z=0
PASS | Op: AND A: 0x57e7 B: 0x6d13 -> Res=0x4503 Z=0
PASS | Op: XOR A: 0x5ec6 B: 0x9ae8 -> Res=0xc42e Z=0
PASS | Op: SUB A: 0xa570 B: 0x9a52 -> Res=0xb1e Z=0
PASS | Op: ADD A: 0x2e8f B: 0x6fa8 -> Res=0x9e37 Z=0
PASS | Op: XOR A: 0xab94 B: 0x3c81 -> Res=0x9715 Z=0
PASS | Op: AND A: 0x6ffd B: 0x12a0 -> Res=0x2a0 Z=0
PASS | Op: ADD A: 0x31c3 B: 0xc1b9 -> Res=0xf37c Z=0
PASS | Op: XOR A: 0x86c B: 0x7cf8 -> Res=0x7494 Z=0
PASS | Op: XOR A: 0x9dbd B: 0xc3a -> Res=0x9187 Z=0
PASS | Op: XOR A: 0x5beb B: 0xcdf9 -> Res=0x9612 Z=0
PASS | Op: SUB A: 0xfb22 B: 0xd0af -> Res=0x2a73 Z=0
PASS | Op: OR A: 0xfbe4 B: 0xc78e -> Res=0xffee Z=0
PASS | Op: SUB A: 0x62c6 B: 0x2a4d -> Res=0x3879 Z=0
PASS | Op: XOR A: 0xa905 B: 0x5ede -> Res=0xf7db Z=0
PASS | Op: AND A: 0x766 B: 0x1e47 -> Res=0x646 Z=0
PASS | Op: OR A: 0x18c6 B: 0x44a9 -> Res=0x5cef Z=0
PASS | Op: AND A: 0xc457 B: 0x7dd -> Res=0x455 Z=0
PASS | Op: SUB A: 0x54a8 B: 0xc2e7 -> Res=0x91c1 Z=0
PASS | Op: ADD A: 0x80fe B: 0x7e1d -> Res=0xff1b Z=0
PASS | Op: AND A: 0xb1b1 B: 0x3b9a -> Res=0x3190 Z=0
PASS | Op: SUB A: 0x7e63 B: 0xb959 -> Res=0xc50a Z=0
PASS | Op: OR A: 0x13f5 B: 0x4edf -> Res=0x5fff Z=0
PASS | Op: AND A: 0xc88f B: 0x6abd -> Res=0x488d Z=0
PASS | Op: SUB A: 0x7c33 B: 0x676a -> Res=0x14c9 Z=0
PASS | Op: ADD A: 0xec27 B: 0x28cf -> Res=0x14f6 Z=0
PASS | Op: ADD A: 0xff2c B: 0xee9d -> Res=0xedc9 Z=0
PASS | Op: SUB A: 0x8d1d B: 0xd285 -> Res=0xba98 Z=0
PASS | Op: SUB A: 0xc61f B: 0xca72 -> Res=0xfbad Z=0
PASS | Op: XOR A: 0xb130 B: 0xcaa4 -> Res=0x7b94 Z=0
PASS | Op: AND A: 0x8f90 B: 0x3637 -> Res=0x610 Z=0
PASS | Op: XOR A: 0x2738 B: 0xdfdb -> Res=0xf8e3 Z=0
PASS | Op: XOR A: 0x2497 B: 0x2dee -> Res=0x979 Z=0
PASS | Op: XOR A: 0x6661 B: 0xe2d8 -> Res=0x84b9 Z=0
PASS | Op: ADD A: 0xdf1c B: 0xca33 -> Res=0xa94f Z=0
PASS | Op: XOR A: 0xf3ed B: 0x4e8c -> Res=0xbd61 Z=0
PASS | Op: SUB A: 0xedd6 B: 0x2a99 -> Res=0xc33d Z=0
PASS | Op: ADD A: 0x2774 B: 0x90bc -> Res=0xb830 Z=0
PASS | Op: ADD A: 0x9430 B: 0xa9e2 -> Res=0x3e12 Z=0
PASS | Op: ADD A: 0xce5f B: 0xbd2b -> Res=0x8b8a Z=0
PASS | Op: OR A: 0x78ef B: 0xc295 -> Res=0xfaff Z=0
PASS | Op: ADD A: 0x3300 B: 0xa4a -> Res=0x3d4a Z=0
PASS | Op: XOR A: 0x813d B: 0xd2c6 -> Res=0x53fb Z=0
PASS | Op: OR A: 0x4cc2 B: 0x9252 -> Res=0xded2 Z=0
PASS | Op: ADD A: 0x98dd B: 0xbd8f -> Res=0x566c Z=0
PASS | Op: XOR A: 0x650a B: 0x4a40 -> Res=0x2f4a Z=0
PASS | Op: ADD A: 0xe862 B: 0x6eca -> Res=0x572c Z=0
PASS | Op: AND A: 0xac94 B: 0x24e9 -> Res=0x2480 Z=0
PASS | Op: OR A: 0xe015 B: 0x2829 -> Res=0xe83d Z=0
PASS | Op: SUB A: 0xc451 B: 0xe1b5 -> Res=0xe29c Z=0
PASS | Op: XOR A: 0xeaf8 B: 0x5b58 -> Res=0xb1a0 Z=0
PASS | Op: AND A: 0x8ccf B: 0x353a -> Res=0x40a Z=0
PASS | Op: XOR A: 0xc409 B: 0x4fa0 -> Res=0x8ba9 Z=0
PASS | Op: AND A: 0x86ef B: 0x4910 -> Res=0x0 Z=0
PASS | Op: XOR A: 0xa3c B: 0xc460 -> Res=0xce5c Z=0
PASS | Op: ADD A: 0x5fb7 B: 0x9d05 -> Res=0xfcbc Z=0
PASS | Op: XOR A: 0xc183 B: 0xee90 -> Res=0x2f13 Z=0
PASS | Op: ADD A: 0xc97d B: 0x6b6e -> Res=0x34eb Z=0
PASS | Op: XOR A: 0x7f5b B: 0xf704 -> Res=0x885f Z=0
PASS | Op: XOR A: 0xc53f B: 0x2f73 -> Res=0xea4c Z=0
PASS | Op: OR A: 0xd115 B: 0x826e -> Res=0xd37f Z=0
PASS | Op: XOR A: 0xf384 B: 0x2129 -> Res=0xd2ad Z=0
PASS | Op: OR A: 0x4ff3 B: 0xf3ae -> Res=0xffff Z=0
PASS | Op: OR A: 0x923f B: 0xe3a7 -> Res=0xf3bf Z=0
PASS | Op: ADD A: 0xb47a B: 0xa480 -> Res=0x58fa Z=0
PASS | Op: ADD A: 0x4f8c B: 0xfc7b -> Res=0x4c07 Z=0
PASS | Op: OR A: 0x1b4f B: 0x91f3 -> Res=0x9bff Z=0
PASS | Op: SUB A: 0xa922 B: 0xf8fb -> Res=0xb027 Z=0
PASS | Op: SUB A: 0x9fa1 B: 0x2b5f -> Res=0x7442 Z=0
PASS | Op: XOR A: 0xc761 B: 0x4c28 -> Res=0x8b49 Z=0
PASS | Op: ADD A: 0xc2e4 B: 0xd5eb -> Res=0x98cf Z=0
PASS | Op: SUB A: 0x9f23 B: 0xa654 -> Res=0xf8cf Z=0
PASS | Op: XOR A: 0xcc11 B: 0xe790 -> Res=0x2b81 Z=0
PASS | Op: XOR A: 0xaabe B: 0xd6ea -> Res=0x7c54 Z=0
PASS | Op: XOR A: 0x97fc B: 0xe3b9 -> Res=0x7445 Z=0
PASS | Op: OR A: 0x2eb0 B: 0xd5ea -> Res=0xfffa Z=0
PASS | Op: AND A: 0xdd49 B: 0x32bb -> Res=0x1009 Z=0
PASS | Op: ADD A: 0x5bcb B: 0xa3c3 -> Res=0xff8e Z=0
PASS | Op: AND A: 0xd76b B: 0xf872 -> Res=0xd062 Z=0
PASS | Op: OR A: 0x44 B: 0xb1cf -> Res=0xb1cf Z=0
PASS | Op: ADD A: 0x687d B: 0x94eb -> Res=0xfd68 Z=0
PASS | Op: OR A: 0x9cc9 B: 0x1207 -> Res=0x9ecf Z=0
PASS | Op: XOR A: 0x7b2b B: 0x663c -> Res=0x1d17 Z=0
PASS | Op: SUB A: 0x819 B: 0x3209 -> Res=0xd610 Z=0
PASS | Op: ADD A: 0x71dd B: 0x2842 -> Res=0x9a1f Z=0
PASS | Op: OR A: 0x618c B: 0xa40e -> Res=0xe58e Z=0
PASS | Op: OR A: 0x3d92 B: 0xaee9 -> Res=0xbffb Z=0
PASS | Op: XOR A: 0x8820 B: 0x476 -> Res=0x8c56 Z=0
PASS | Op: AND A: 0xc5bc B: 0x8bd5 -> Res=0x8194 Z=0
PASS | Op: AND A: 0xcb37 B: 0xfa3d -> Res=0xca35 Z=0
PASS | Op: XOR A: 0x199a B: 0x2265 -> Res=0x3bff Z=0
PASS | Op: XOR A: 0x1c72 B: 0xdf98 -> Res=0xc3ea Z=0
PASS | Op: OR A: 0x261d B: 0xff -> Res=0x26ff Z=0
PASS | Op: ADD A: 0x954c B: 0xc88f -> Res=0x5ddb Z=0
PASS | Op: XOR A: 0xdaa9 B: 0x3cf8 -> Res=0xe651 Z=0
PASS | Op: AND A: 0xd81 B: 0xe9f7 -> Res=0x981 Z=0
PASS | Op: ADD A: 0x91ba B: 0x7dd1 -> Res=0xf8b Z=0
PASS | Op: ADD A: 0xa230 B: 0xe96f -> Res=0x8b9f Z=0
PASS | Op: SUB A: 0x60fc B: 0x7f33 -> Res=0xe1c9 Z=0
PASS | Op: XOR A: 0xdb2b B: 0x1ee8 -> Res=0xc5c3 Z=0
PASS | Op: SUB A: 0xa17d B: 0x2198 -> Res=0x7fe5 Z=0
PASS | Op: XOR A: 0x897 B: 0xb14a -> Res=0xb9dd Z=0
PASS | Op: OR A: 0x164c B: 0xd887 -> Res=0xdecf Z=0
PASS | Op: ADD A: 0xa5fc B: 0x8bc2 -> Res=0x31be Z=0
PASS | Op: AND A: 0x7732 B: 0x7af6 -> Res=0x7232 Z=0
PASS | Op: SUB A: 0xc3b B: 0xa3e3 -> Res=0x6858 Z=0
PASS | Op: XOR A: 0x8b89 B: 0x481d -> Res=0xc394 Z=0
PASS | Op: XOR A: 0x5bca B: 0x942b -> Res=0xcfe1 Z=0
PASS | Op: ADD A: 0x4d66 B: 0x5821 -> Res=0xa587 Z=0
PASS | Op: ADD A: 0xc33b B: 0xbf80 -> Res=0x82bb Z=0
PASS | Op: ADD A: 0x4080 B: 0xd73d -> Res=0x17bd Z=0
PASS | Op: AND A: 0xb26d B: 0x4795 -> Res=0x205 Z=0
PASS | Op: XOR A: 0x1cdc B: 0xef78 -> Res=0xf3a4 Z=0
PASS | Op: AND A: 0xdc05 B: 0x6417 -> Res=0x4405 Z=0
PASS | Op: SUB A: 0x110c B: 0xc270 -> Res=0x4e9c Z=0
PASS | Op: SUB A: 0xa260 B: 0x1f91 -> Res=0x82cf Z=0
PASS | Op: SUB A: 0x7d97 B: 0x967d -> Res=0xe71a Z=0
PASS | Op: SUB A: 0x9eec B: 0x1d90 -> Res=0x815c Z=0
PASS | Op: SUB A: 0xc7c7 B: 0xafc0 -> Res=0x1807 Z=0
PASS | Op: OR A: 0x13db B: 0xffd1 -> Res=0xffdb Z=0
PASS | Op: SUB A: 0x796a B: 0xb750 -> Res=0xc21a Z=0
PASS | Op: XOR A: 0x8b26 B: 0xfb8c -> Res=0x70aa Z=0
PASS | Op: ADD A: 0xb677 B: 0x93a8 -> Res=0x4a1f Z=0
PASS | Op: ADD A: 0xe71a B: 0x30fb -> Res=0x1815 Z=0
PASS | Op: XOR A: 0x48da B: 0xe992 -> Res=0xa148 Z=0
PASS | Op: XOR A: 0xfabc B: 0x55f6 -> Res=0xaf4a Z=0
PASS | Op: XOR A: 0xe0b5 B: 0x21c2 -> Res=0xc177 Z=0
PASS | Op: SUB A: 0x69eb B: 0xb03f -> Res=0xb9ac Z=0
PASS | Op: XOR A: 0x1a9 B: 0x2621 -> Res=0x2788 Z=0
PASS | Op: XOR A: 0x4df1 B: 0x33fa -> Res=0x7e0b Z=0
PASS | Op: XOR A: 0x7ae2 B: 0x3512 -> Res=0x4ff0 Z=0
PASS | Op: SUB A: 0xc392 B: 0x45b3 -> Res=0x7ddf Z=0
PASS | Op: SUB A: 0x4f40 B: 0xf38f -> Res=0x5bb1 Z=0
PASS | Op: ADD A: 0x2295 B: 0x424f -> Res=0x64e4 Z=0
PASS | Op: XOR A: 0x2a17 B: 0xad75 -> Res=0x8762 Z=0
PASS | Op: ADD A: 0x86cb B: 0xfba0 -> Res=0x826b Z=0
PASS | Op: XOR A: 0xc721 B: 0x74cd -> Res=0xb3ec Z=0
PASS | Op: XOR A: 0x8e4a B: 0xee6a -> Res=0x6020 Z=0
PASS | Op: SUB A: 0xdca5 B: 0xc995 -> Res=0x1310 Z=0
PASS | Op: XOR A: 0x95b8 B: 0xd2f3 -> Res=0x474b Z=0
PASS | Op: ADD A: 0x2462 B: 0x825b -> Res=0xa6bd Z=0
PASS | Op: ADD A: 0x42de B: 0xaf91 -> Res=0xf26f Z=0
PASS | Op: XOR A: 0x9526 B: 0x658c -> Res=0xf0aa Z=0
PASS | Op: AND A: 0xe903 B: 0xc6ae -> Res=0xc002 Z=0
PASS | Op: ADD A: 0x3b7a B: 0xb4d3 -> Res=0xf04d Z=0
PASS | Op: ADD A: 0xf5ce B: 0x201a -> Res=0x15e8 Z=0
PASS | Op: SUB A: 0x6993 B: 0x29b0 -> Res=0x3fe3 Z=0
PASS | Op: SUB A: 0xff7a B: 0x10de -> Res=0xee9c Z=0
PASS | Op: AND A: 0xe5f9 B: 0xf83 -> Res=0x581 Z=0
PASS | Op: XOR A: 0x38be B: 0x46cc -> Res=0x7e72 Z=0
PASS | Op: SUB A: 0xaec9 B: 0x7e81 -> Res=0x3048 Z=0
PASS | Op: AND A: 0x75da B: 0xbc1b -> Res=0x341a Z=0
PASS | Op: XOR A: 0x9e58 B: 0xbb6b -> Res=0x2533 Z=0
PASS | Op: ADD A: 0xd8b0 B: 0x5b21 -> Res=0x33d1 Z=0
PASS | Op: OR A: 0x2d99 B: 0xa2cc -> Res=0xafdd Z=0
PASS | Op: OR A: 0x12fc B: 0x9bb1 -> Res=0x9bfd Z=0
PASS | Op: ADD A: 0xa5cf B: 0x26cd -> Res=0xcc9c Z=0
PASS | Op: XOR A: 0xeb80 B: 0x6f61 -> Res=0x84e1 Z=0
PASS | Op: AND A: 0xf90f B: 0xef49 -> Res=0xe909 Z=0
PASS | Op: SUB A: 0x198e B: 0xc3b4 -> Res=0x55da Z=0
PASS | Op: ADD A: 0x3502 B: 0xafa9 -> Res=0xe4ab Z=0
PASS | Op: AND A: 0x8966 B: 0x49d2 -> Res=0x942 Z=0
PASS | Op: XOR A: 0x47f4 B: 0x162b -> Res=0x51df Z=0
PASS | Op: AND A: 0xaf68 B: 0xf039 -> Res=0xa028 Z=0
PASS | Op: AND A: 0xba43 B: 0x9838 -> Res=0x9800 Z=0
PASS | Op: XOR A: 0xf9a0 B: 0x8489 -> Res=0x7d29 Z=0
PASS | Op: ADD A: 0x3024 B: 0x8523 -> Res=0xb547 Z=0
PASS | Op: XOR A: 0x3387 B: 0x8060 -> Res=0xb3e7 Z=0
PASS | Op: ADD A: 0x782e B: 0x98d7 -> Res=0x1105 Z=0
PASS | Op: XOR A: 0xb4c0 B: 0xbba7 -> Res=0xf67 Z=0
PASS | Op: OR A: 0x461a B: 0xa8ba -> Res=0xeeba Z=0
PASS | Op: OR A: 0x814e B: 0x7c0f -> Res=0xfd4f Z=0
PASS | Op: ADD A: 0x1116 B: 0x80c8 -> Res=0x91de Z=0
PASS | Op: XOR A: 0xd5a5 B: 0x23b4 -> Res=0xf611 Z=0
PASS | Op: OR A: 0x1ea4 B: 0xf564 -> Res=0xffe4 Z=0
PASS | Op: SUB A: 0xd216 B: 0x2d11 -> Res=0xa505 Z=0
PASS | Op: ADD A: 0x423e B: 0xbc52 -> Res=0xfe90 Z=0
PASS | Op: OR A: 0x17c1 B: 0x4fad -> Res=0x5fed Z=0
PASS | Op: OR A: 0x2f8 B: 0xbb69 -> Res=0xbbf9 Z=0
PASS | Op: ADD A: 0x9d26 B: 0x23a2 -> Res=0xc0c8 Z=0
PASS | Op: ADD A: 0x30a4 B: 0xcb87 -> Res=0xfc2b Z=0
PASS | Op: XOR A: 0x761 B: 0x5f00 -> Res=0x5861 Z=0
PASS | Op: ADD A: 0x93b5 B: 0x1db8 -> Res=0xb16d Z=0
PASS | Op: ADD A: 0x29c7 B: 0xc9ac -> Res=0xf373 Z=0
PASS | Op: SUB A: 0x234 B: 0xac7e -> Res=0x55b6 Z=0
PASS | Op: OR A: 0xe972 B: 0x51e8 -> Res=0xf9fa Z=0
PASS | Op: ADD A: 0xa3b0 B: 0x35ad -> Res=0xd95d Z=0
PASS | Op: AND A: 0x8a55 B: 0x90e -> Res=0x804 Z=0
PASS | Op: OR A: 0xb6f7 B: 0x3192 -> Res=0xb7f7 Z=0
PASS | Op: ADD A: 0x7b9a B: 0x38d2 -> Res=0xb46c Z=0
PASS | Op: XOR A: 0x1ab0 B: 0x5433 -> Res=0x4e83 Z=0
PASS | Op: XOR A: 0x7d52 B: 0x3963 -> Res=0x4431 Z=0
PASS | Op: OR A: 0xa582 B: 0x25d -> Res=0xa7df Z=0
PASS | Op: XOR A: 0x8aaa B: 0xec50 -> Res=0x66fa Z=0
PASS | Op: ADD A: 0xa0b8 B: 0xe92f -> Res=0x89e7 Z=0
PASS | Op: ADD A: 0xe71a B: 0x792e -> Res=0x6048 Z=0
PASS | Op: ADD A: 0x217c B: 0x844e -> Res=0xa5ca Z=0
PASS | Op: SUB A: 0xcf38 B: 0x9e42 -> Res=0x30f6 Z=0
PASS | Op: AND A: 0xbe7b B: 0x2e5e -> Res=0x2e5a Z=0
PASS | Op: AND A: 0xb383 B: 0xa8c9 -> Res=0xa081 Z=0
PASS | Op: XOR A: 0x8be B: 0x4166 -> Res=0x49d8 Z=0
PASS | Op: XOR A: 0x158e B: 0xdb80 -> Res=0xce0e Z=0
PASS | Op: ADD A: 0x6e0f B: 0x5dbd -> Res=0xcbcc Z=0
PASS | Op: ADD A: 0xf1d1 B: 0x7c82 -> Res=0x6e53 Z=0
PASS | Op: ADD A: 0xc06d B: 0x8b0d -> Res=0x4b7a Z=0
PASS | Op: ADD A: 0x77b3 B: 0xaec2 -> Res=0x2675 Z=0
PASS | Op: XOR A: 0x8bd3 B: 0x1cb -> Res=0x8a18 Z=0
PASS | Op: ADD A: 0xd174 B: 0x9f77 -> Res=0x70eb Z=0
PASS | Op: AND A: 0xf93c B: 0x7fde -> Res=0x791c Z=0
PASS | Op: SUB A: 0x6d98 B: 0xa256 -> Res=0xcb42 Z=0
PASS | Op: XOR A: 0x2617 B: 0xcc77 -> Res=0xea60 Z=0
PASS | Op: XOR A: 0x6dba B: 0x364d -> Res=0x5bf7 Z=0
PASS | Op: SUB A: 0x3f0f B: 0x8fa3 -> Res=0xaf6c Z=0
PASS | Op: ADD A: 0x6bfd B: 0x946 -> Res=0x7543 Z=0
PASS | Op: XOR A: 0x2f06 B: 0xe120 -> Res=0xce26 Z=0
PASS | Op: OR A: 0xd913 B: 0xae24 -> Res=0xff37 Z=0
PASS | Op: ADD A: 0x4f0f B: 0xea3c -> Res=0x394b Z=0
PASS | Op: ADD A: 0x7324 B: 0x8772 -> Res=0xfa96 Z=0
PASS | Op: ADD A: 0x346a B: 0xc931 -> Res=0xfd9b Z=0
PASS | Op: ADD A: 0x8dff B: 0x84ef -> Res=0x12ee Z=0
PASS | Op: AND A: 0x2e9e B: 0x2656 -> Res=0x2616 Z=0
PASS | Op: SUB A: 0xaf02 B: 0xb8c4 -> Res=0xf63e Z=0
PASS | Op: AND A: 0x9965 B: 0x6124 -> Res=0x124 Z=0
PASS | Op: XOR A: 0x3f1a B: 0x3929 -> Res=0x633 Z=0
PASS | Op: OR A: 0x7d75 B: 0xc259 -> Res=0xff7d Z=0
PASS | Op: ADD A: 0x5a16 B: 0xdee5 -> Res=0x38fb Z=0
PASS | Op: OR A: 0x9d93 B: 0xbd5 -> Res=0x9fd7 Z=0
PASS | Op: ADD A: 0x6f8d B: 0x1e0 -> Res=0x716d Z=0
PASS | Op: XOR A: 0xd2b B: 0x6cc4 -> Res=0x61ef Z=0
PASS | Op: SUB A: 0xbcdb B: 0x90fe -> Res=0x2bdd Z=0
PASS | Op: AND A: 0xdd87 B: 0xe5f4 -> Res=0xc584 Z=0
PASS | Op: SUB A: 0x6afd B: 0xdcac -> Res=0x8e51 Z=0
PASS | Op: XOR A: 0xc176 B: 0x7ad2 -> Res=0xbba4 Z=0
PASS | Op: SUB A: 0x71f6 B: 0xeed8 -> Res=0x831e Z=0
PASS | Op: OR A: 0x40e6 B: 0x6de8 -> Res=0x6dee Z=0
PASS | Op: OR A: 0x4ab7 B: 0x9af -> Res=0x4bbf Z=0
PASS | Op: SUB A: 0xf515 B: 0x5bbf -> Res=0x9956 Z=0
PASS | Op: SUB A: 0x3dd5 B: 0x942d -> Res=0xa9a8 Z=0
PASS | Op: AND A: 0xd79a B: 0x24ae -> Res=0x48a Z=0
PASS | Op: OR A: 0xd9b1 B: 0xf37a -> Res=0xfbfb Z=0
PASS | Op: AND A: 0x1066 B: 0x15cb -> Res=0x1042 Z=0
PASS | Op: XOR A: 0x69ee B: 0x50f6 -> Res=0x3918 Z=0
PASS | Op: ADD A: 0xaf62 B: 0x7aad -> Res=0x2a0f Z=0
PASS | Op: XOR A: 0x630e B: 0xc2d9 -> Res=0xa1d7 Z=0
PASS | Op: ADD A: 0x9680 B: 0xfb28 -> Res=0x91a8 Z=0
PASS | Op: XOR A: 0xa696 B: 0xa190 -> Res=0x706 Z=0
PASS | Op: AND A: 0xd558 B: 0xdb18 -> Res=0xd118 Z=0
PASS | Op: XOR A: 0xf858 B: 0x532f -> Res=0xab77 Z=0
PASS | Op: XOR A: 0xb9f4 B: 0x4b96 -> Res=0xf262 Z=0
PASS | Op: ADD A: 0x93b6 B: 0x5ae1 -> Res=0xee97 Z=0
PASS | Op: AND A: 0xa111 B: 0x10ca -> Res=0x0 Z=0
PASS | Op: AND A: 0xeefe B: 0x85ff -> Res=0x84fe Z=0
PASS | Op: XOR A: 0xb230 B: 0xd04 -> Res=0xbf34 Z=0
PASS | Op: SUB A: 0x98cb B: 0xb09c -> Res=0xe82f Z=0
PASS | Op: XOR A: 0x357 B: 0x6764 -> Res=0x6433 Z=0
PASS | Op: ADD A: 0x156b B: 0xd79d -> Res=0xed08 Z=0
PASS | Op: XOR A: 0x6784 B: 0xa94e -> Res=0xceca Z=0
PASS | Op: ADD A: 0xb2d B: 0x5ff8 -> Res=0x6b25 Z=0
PASS | Op: XOR A: 0x1c5f B: 0x3963 -> Res=0x253c Z=0
PASS | Op: OR A: 0x69c9 B: 0xc41e -> Res=0xeddf Z=0
PASS | Op: ADD A: 0x1146 B: 0x2d6a -> Res=0x3eb0 Z=0
PASS | Op: XOR A: 0xcb34 B: 0x4256 -> Res=0x8962 Z=0
PASS | Op: OR A: 0x51df B: 0x4f3 -> Res=0x55ff Z=0
PASS | Op: XOR A: 0x26ae B: 0x507d -> Res=0x76d3 Z=0
PASS | Op: SUB A: 0x3508 B: 0x4c2f -> Res=0xe8d9 Z=0
PASS | Op: ADD A: 0x1e6a B: 0x544a -> Res=0x72b4 Z=0
PASS | Op: ADD A: 0xbe83 B: 0xef0d -> Res=0xad90 Z=0
PASS | Op: AND A: 0x2dd5 B: 0xd424 -> Res=0x404 Z=0
PASS | Op: OR A: 0x1ee8 B: 0x227c -> Res=0x3efc Z=0
PASS | Op: XOR A: 0x440d B: 0xb584 -> Res=0xf189 Z=0
PASS | Op: XOR A: 0x5677 B: 0x3a92 -> Res=0x6ce5 Z=0
PASS | Op: SUB A: 0xb17 B: 0x78dc -> Res=0x923b Z=0
PASS | Op: AND A: 0x18b9 B: 0x52fe -> Res=0x10b8 Z=0
PASS | Op: OR A: 0x901d B: 0xf813 -> Res=0xf81f Z=0
PASS | Op: AND A: 0x779b B: 0xddc5 -> Res=0x5581 Z=0
PASS | Op: XOR A: 0xadcc B: 0x2bb4 -> Res=0x8678 Z=0
PASS | Op: XOR A: 0xa085 B: 0x8190 -> Res=0x2115 Z=0
PASS | Op: OR A: 0xf0b6 B: 0xe200 -> Res=0xf2b6 Z=0
PASS | Op: OR A: 0xb4ba B: 0x91c4 -> Res=0xb5fe Z=0
PASS | Op: AND A: 0x9537 B: 0x4250 -> Res=0x10 Z=0
PASS | Op: AND A: 0x386d B: 0xee56 -> Res=0x2844 Z=0
PASS | Op: SUB A: 0xdcc2 B: 0x998d -> Res=0x4335 Z=0
PASS | Op: ADD A: 0x8fa3 B: 0x2101 -> Res=0xb0a4 Z=0
PASS | Op: ADD A: 0xbe74 B: 0xbb19 -> Res=0x798d Z=0
PASS | Op: XOR A: 0xfe03 B: 0xd568 -> Res=0x2b6b Z=0
PASS | Op: SUB A: 0x2935 B: 0xbf96 -> Res=0x699f Z=0
PASS | Op: ADD A: 0x5410 B: 0xfd06 -> Res=0x5116 Z=0
PASS | Op: ADD A: 0xf20b B: 0x785a -> Res=0x6a65 Z=0
PASS | Op: AND A: 0xff50 B: 0x3105 -> Res=0x3100 Z=0
PASS | Op: OR A: 0xc925 B: 0x199e -> Res=0xd9bf Z=0
PASS | Op: ADD A: 0x8b34 B: 0xeca0 -> Res=0x77d4 Z=0
PASS | Op: XOR A: 0x4204 B: 0x783 -> Res=0x4587 Z=0
PASS | Op: OR A: 0x3e0e B: 0xd8bd -> Res=0xfebf Z=0
PASS | Op: XOR A: 0x937e B: 0x104 -> Res=0x927a Z=0
PASS | Op: OR A: 0x52b4 B: 0x97a6 -> Res=0xd7b6 Z=0
PASS | Op: OR A: 0x6306 B: 0xdb7f -> Res=0xfb7f Z=0
PASS | Op: ADD A: 0xab22 B: 0x20f0 -> Res=0xcc12 Z=0
PASS | Op: XOR A: 0x5524 B: 0x39ac -> Res=0x6c88 Z=0
PASS | Op: ADD A: 0xb8cd B: 0x8ddf -> Res=0x46ac Z=0
PASS | Op: ADD A: 0x5997 B: 0xeb5a -> Res=0x44f1 Z=0
PASS | Op: ADD A: 0xc3fc B: 0xa1c2 -> Res=0x65be Z=0
PASS | Op: ADD A: 0x234b B: 0xddcf -> Res=0x11a Z=0
PASS | Op: ADD A: 0x96df B: 0xee10 -> Res=0x84ef Z=0
PASS | Op: XOR A: 0x6a3 B: 0x6a08 -> Res=0x6cab Z=0
PASS | Op: SUB A: 0x42e9 B: 0xcf99 -> Res=0x7350 Z=0
PASS | Op: ADD A: 0x9a47 B: 0xac56 -> Res=0x469d Z=0
PASS | Op: SUB A: 0x9aa6 B: 0xdb08 -> Res=0xbf9e Z=0
PASS | Op: XOR A: 0xbe9b B: 0x97c0 -> Res=0x295b Z=0
PASS | Op: SUB A: 0x9fec B: 0xd414 -> Res=0xcbd8 Z=0
PASS | Op: OR A: 0x8ca0 B: 0x3b69 -> Res=0xbfe9 Z=0
PASS | Op: ADD A: 0xcf67 B: 0x92a4 -> Res=0x620b Z=0
PASS | Op: SUB A: 0xf40 B: 0x7f0a -> Res=0x9036 Z=0
PASS | Op: XOR A: 0x63a4 B: 0xa51 -> Res=0x69f5 Z=0
PASS | Op: ADD A: 0x1d20 B: 0xa991 -> Res=0xc6b1 Z=0
PASS | Op: SUB A: 0x5615 B: 0xb6f4 -> Res=0x9f21 Z=0
PASS | Op: ADD A: 0xf833 B: 0x7859 -> Res=0x708c Z=0
PASS | Op: SUB A: 0xf0a3 B: 0x4b84 -> Res=0xa51f Z=0
PASS | Op: ADD A: 0xc7f5 B: 0x4730 -> Res=0xf25 Z=0
PASS | Op: SUB A: 0x6a3c B: 0x33dd -> Res=0x365f Z=0
PASS | Op: XOR A: 0x64fe B: 0x2f46 -> Res=0x4bb8 Z=0
PASS | Op: OR A: 0xce57 B: 0x9406 -> Res=0xde57 Z=0
PASS | Op: XOR A: 0xae28 B: 0x3990 -> Res=0x97b8 Z=0
PASS | Op: OR A: 0x3ead B: 0x47f9 -> Res=0x7ffd Z=0
PASS | Op: OR A: 0xa244 B: 0xedb7 -> Res=0xeff7 Z=0
PASS | Op: AND A: 0x281b B: 0x7cfd -> Res=0x2819 Z=0
PASS | Op: OR A: 0x2f11 B: 0xe930 -> Res=0xef31 Z=0
PASS | Op: SUB A: 0xc7cb B: 0x3baf -> Res=0x8c1c Z=0
PASS | Op: OR A: 0x6cbd B: 0xb67d -> Res=0xfefd Z=0
PASS | Op: ADD A: 0xe5d2 B: 0x7418 -> Res=0x59ea Z=0
PASS | Op: ADD A: 0x7bc2 B: 0xa84a -> Res=0x240c Z=0
PASS | Op: SUB A: 0x5917 B: 0xa264 -> Res=0xb6b3 Z=0
PASS | Op: SUB A: 0x3bd6 B: 0x60cf -> Res=0xdb07 Z=0
PASS | Op: XOR A: 0xbcb9 B: 0x3103 -> Res=0x8dba Z=0
PASS | Op: OR A: 0xcf9 B: 0xa7c9 -> Res=0xaff9 Z=0
PASS | Op: XOR A: 0xdf78 B: 0xc9dd -> Res=0x16a5 Z=0
PASS | Op: SUB A: 0x94d9 B: 0x2e1e -> Res=0x66bb Z=0
PASS | Op: OR A: 0x1e54 B: 0x9f61 -> Res=0x9f75 Z=0
PASS | Op: XOR A: 0x98ef B: 0x1bb6 -> Res=0x8359 Z=0
PASS | Op: ADD A: 0x4dea B: 0x7c96 -> Res=0xca80 Z=0
PASS | Op: ADD A: 0x87bf B: 0x2797 -> Res=0xaf56 Z=0
PASS | Op: OR A: 0xd13 B: 0x723f -> Res=0x7f3f Z=0
PASS | Op: SUB A: 0x16cc B: 0x305e -> Res=0xe66e Z=0
PASS | Op: XOR A: 0x96a2 B: 0xf3e5 -> Res=0x6547 Z=0
PASS | Op: AND A: 0xb95a B: 0x27be -> Res=0x211a Z=0
PASS | Op: XOR A: 0x370a B: 0xb25c -> Res=0x8556 Z=0
PASS | Op: XOR A: 0x18f7 B: 0x171e -> Res=0xfe9 Z=0
PASS | Op: XOR A: 0x31ac B: 0x282c -> Res=0x1980 Z=0
PASS | Op: ADD A: 0x9e5b B: 0xcef8 -> Res=0x6d53 Z=0
PASS | Op: XOR A: 0xe2a2 B: 0x3c1f -> Res=0xdebd Z=0
PASS | Op: SUB A: 0xbeb2 B: 0xd83a -> Res=0xe678 Z=0
PASS | Op: OR A: 0xbead B: 0x69fd -> Res=0xfffd Z=0
PASS | Op: AND A: 0x7bf1 B: 0x1802 -> Res=0x1800 Z=0
PASS | Op: XOR A: 0xab46 B: 0xfc52 -> Res=0x5714 Z=0
PASS | Op: ADD A: 0x2251 B: 0x1eab -> Res=0x40fc Z=0
PASS | Op: XOR A: 0xc930 B: 0x1cd5 -> Res=0xd5e5 Z=0
PASS | Op: OR A: 0x9e3c B: 0x197b -> Res=0x9f7f Z=0
PASS | Op: ADD A: 0xdf29 B: 0x8227 -> Res=0x6150 Z=0
PASS | Op: XOR A: 0x6910 B: 0x7e84 -> Res=0x1794 Z=0
PASS | Op: ADD A: 0x3a90 B: 0x2139 -> Res=0x5bc9 Z=0
PASS | Op: SUB A: 0x42db B: 0x59b3 -> Res=0xe928 Z=0
PASS | Op: XOR A: 0xa092 B: 0x2415 -> Res=0x8487 Z=0
PASS | Op: XOR A: 0x5b71 B: 0x9e82 -> Res=0xc5f3 Z=0
PASS | Op: ADD A: 0xd3a1 B: 0xd713 -> Res=0xaab4 Z=0
PASS | Op: XOR A: 0x67fe B: 0xf285 -> Res=0x957b Z=0
PASS | Op: XOR A: 0x6184 B: 0xa46b -> Res=0xc5ef Z=0
PASS | Op: ADD A: 0xe921 B: 0xc4b -> Res=0xf56c Z=0
PASS | Op: OR A: 0x71d9 B: 0x44d -> Res=0x75dd Z=0
PASS | Op: XOR A: 0x9f42 B: 0xcd9d -> Res=0x52df Z=0
PASS | Op: ADD A: 0x306e B: 0x80f -> Res=0x387d Z=0
PASS | Op: AND A: 0xd170 B: 0x8de0 -> Res=0x8160 Z=0
PASS | Op: SUB A: 0x29a B: 0xea1f -> Res=0x187b Z=0
PASS | Op: OR A: 0x5fdc B: 0x673b -> Res=0x7fff Z=0
PASS | Op: ADD A: 0xdad1 B: 0x7336 -> Res=0x4e07 Z=0
PASS | Op: ADD A: 0x8fe5 B: 0x5213 -> Res=0xe1f8 Z=0
PASS | Op: SUB A: 0x1c67 B: 0xbc6 -> Res=0x10a1 Z=0
PASS | Op: ADD A: 0x4596 B: 0x949 -> Res=0x4edf Z=0
PASS | Op: AND A: 0xdd8f B: 0xdce7 -> Res=0xdc87 Z=0
PASS | Op: XOR A: 0xe27 B: 0xaa70 -> Res=0xa457 Z=0
PASS | Op: ADD A: 0xd25e B: 0x1b8 -> Res=0xd416 Z=0
PASS | Op: XOR A: 0xd234 B: 0xc6da -> Res=0x14ee Z=0
PASS | Op: XOR A: 0x606b B: 0x31df -> Res=0x51b4 Z=0
PASS | Op: XOR A: 0xfbf3 B: 0x3f2d -> Res=0xc4de Z=0
PASS | Op: ADD A: 0x1665 B: 0xb1c8 -> Res=0xc82d Z=0
PASS | Op: OR A: 0x8e2b B: 0x3546 -> Res=0xbf6f Z=0
PASS | Op: XOR A: 0x6a43 B: 0xe08a -> Res=0x8ac9 Z=0
PASS | Op: SUB A: 0x99e5 B: 0x8aad -> Res=0xf38 Z=0
PASS | Op: OR A: 0x8a1f B: 0xcaf5 -> Res=0xcaff Z=0
PASS | Op: ADD A: 0xdcf1 B: 0x10be -> Res=0xedaf Z=0
PASS | Op: ADD A: 0x4393 B: 0x3335 -> Res=0x76c8 Z=0
PASS | Op: ADD A: 0x5fdb B: 0x73a1 -> Res=0xd37c Z=0
PASS | Op: OR A: 0xee70 B: 0x4dd7 -> Res=0xeff7 Z=0
PASS | Op: XOR A: 0xae51 B: 0x4b7d -> Res=0xe52c Z=0
PASS | Op: AND A: 0x99ae B: 0xf432 -> Res=0x9022 Z=0
PASS | Op: AND A: 0x3666 B: 0x26cb -> Res=0x2642 Z=0
PASS | Op: SUB A: 0xf914 B: 0x1950 -> Res=0xdfc4 Z=0
PASS | Op: ADD A: 0xe7d4 B: 0x6e23 -> Res=0x55f7 Z=0
PASS | Op: OR A: 0xc04a B: 0x3180 -> Res=0xf1ca Z=0
PASS | Op: XOR A: 0xb0dc B: 0x2425 -> Res=0x94f9 Z=0
PASS | Op: XOR A: 0x6e1e B: 0x4537 -> Res=0x2b29 Z=0
PASS | Op: XOR A: 0x2e2f B: 0xb3b2 -> Res=0x9d9d Z=0
PASS | Op: XOR A: 0xeed3 B: 0xbb69 -> Res=0x55ba Z=0
PASS | Op: ADD A: 0xb0f7 B: 0xb7c5 -> Res=0x68bc Z=0
PASS | Op: SUB A: 0x8237 B: 0xc4d5 -> Res=0xbd62 Z=0
PASS | Op: ADD A: 0x858e B: 0xb59e -> Res=0x3b2c Z=0
PASS | Op: ADD A: 0x8f03 B: 0x6cdb -> Res=0xfbde Z=0
PASS | Op: XOR A: 0x17f3 B: 0xd556 -> Res=0xc2a5 Z=0
PASS | Op: ADD A: 0x382 B: 0x414b -> Res=0x44cd Z=0
PASS | Op: XOR A: 0x4fe9 B: 0xdfb6 -> Res=0x905f Z=0
PASS | Op: OR A: 0xc0e1 B: 0x45a8 -> Res=0xc5e9 Z=0
PASS | Op: ADD A: 0xf227 B: 0x937a -> Res=0x85a1 Z=0
PASS | Op: OR A: 0xbf16 B: 0x138c -> Res=0xbf9e Z=0
PASS | Op: ADD A: 0xf12f B: 0x3dec -> Res=0x2f1b Z=0
PASS | Op: AND A: 0x94ef B: 0x7ca8 -> Res=0x14a8 Z=0
PASS | Op: AND A: 0x9ff2 B: 0xe07b -> Res=0x8072 Z=0
PASS | Op: XOR A: 0x3e3c B: 0x7ce7 -> Res=0x42db Z=0
PASS | Op: XOR A: 0x1155 B: 0xca57 -> Res=0xdb02 Z=0
PASS | Op: ADD A: 0xb72e B: 0x53db -> Res=0xb09 Z=0
PASS | Op: OR A: 0x77c B: 0xef1f -> Res=0xef7f Z=0
PASS | Op: XOR A: 0xf2a9 B: 0xf917 -> Res=0xbbe Z=0
PASS | Op: ADD A: 0x6319 B: 0xbc89 -> Res=0x1fa2 Z=0
PASS | Op: SUB A: 0xa06d B: 0x3090 -> Res=0x6fdd Z=0
PASS | Op: ADD A: 0x635a B: 0x6d24 -> Res=0xd07e Z=0
PASS | Op: SUB A: 0xfe94 B: 0x4ef4 -> Res=0xafa0 Z=0
PASS | Op: SUB A: 0x787d B: 0x94a6 -> Res=0xe3d7 Z=0
PASS | Op: XOR A: 0xec54 B: 0xf5ac -> Res=0x19f8 Z=0
PASS | Op: SUB A: 0x5b76 B: 0x5cae -> Res=0xfec8 Z=0
PASS | Op: AND A: 0xa14b B: 0xa7f6 -> Res=0xa142 Z=0
PASS | Op: OR A: 0x55f4 B: 0x269 -> Res=0x57fd Z=0
PASS | Op: ADD A: 0xea82 B: 0xd2ab -> Res=0xbd2d Z=0
PASS | Op: AND A: 0x788d B: 0xd6ba -> Res=0x5088 Z=0
PASS | Op: ADD A: 0xdd58 B: 0xa68b -> Res=0x83e3 Z=0
PASS | Op: SUB A: 0xbd2a B: 0x40dd -> Res=0x7c4d Z=0
PASS | Op: SUB A: 0x77c7 B: 0x3fde -> Res=0x37e9 Z=0
PASS | Op: ADD A: 0x9881 B: 0x7cc6 -> Res=0x1547 Z=0
PASS | Op: XOR A: 0xd80c B: 0xf772 -> Res=0x2f7e Z=0
PASS | Op: SUB A: 0xd4fe B: 0xf366 -> Res=0xe198 Z=0
PASS | Op: ADD A: 0xbdc8 B: 0x1c6a -> Res=0xda32 Z=0
PASS | Op: ADD A: 0x61dc B: 0x7b80 -> Res=0xdd5c Z=0
PASS | Op: ADD A: 0xd296 B: 0xdabb -> Res=0xad51 Z=0
PASS | Op: XOR A: 0x6c51 B: 0xa571 -> Res=0xc920 Z=0
PASS | Op: OR A: 0x2bcb B: 0xef6d -> Res=0xefef Z=0
PASS | Op: ADD A: 0x731 B: 0xf57d -> Res=0xfcae Z=0
PASS | Op: ADD A: 0x72ec B: 0xfa9d -> Res=0x6d89 Z=0
PASS | Op: XOR A: 0x2b56 B: 0x6df8 -> Res=0x46ae Z=0
PASS | Op: XOR A: 0x5a76 B: 0xed39 -> Res=0xb74f Z=0
PASS | Op: ADD A: 0xdaa0 B: 0x560d -> Res=0x30ad Z=0
PASS | Op: ADD A: 0xbee5 B: 0xc816 -> Res=0x86fb Z=0
PASS | Op: SUB A: 0xb3fd B: 0xa624 -> Res=0xdd9 Z=0
PASS | Op: OR A: 0xb668 B: 0x5409 -> Res=0xf669 Z=0
PASS | Op: XOR A: 0x5827 B: 0xdc9e -> Res=0x84b9 Z=0
PASS | Op: OR A: 0x23da B: 0x2592 -> Res=0x27da Z=0
PASS | Op: XOR A: 0x613b B: 0x7261 -> Res=0x135a Z=0
PASS | Op: AND A: 0x8df8 B: 0xc734 -> Res=0x8530 Z=0
PASS | Op: ADD A: 0x638d B: 0x5579 -> Res=0xb906 Z=0
PASS | Op: XOR A: 0x5bfc B: 0x3eb2 -> Res=0x654e Z=0
PASS | Op: XOR A: 0x35dd B: 0xde27 -> Res=0xebfa Z=0
PASS | Op: SUB A: 0xa7a B: 0xa14d -> Res=0x692d Z=0
PASS | Op: ADD A: 0x4d23 B: 0x68d7 -> Res=0xb5fa Z=0
PASS | Op: XOR A: 0x7ad5 B: 0xb3f3 -> Res=0xc926 Z=0
PASS | Op: ADD A: 0x6a5f B: 0x2a32 -> Res=0x9491 Z=0
PASS | Op: ADD A: 0x7758 B: 0xb580 -> Res=0x2cd8 Z=0
PASS | Op: XOR A: 0xce96 B: 0xfc3a -> Res=0x32ac Z=0
PASS | Op: ADD A: 0xf50e B: 0x2b97 -> Res=0x20a5 Z=0
PASS | Op: ADD A: 0x19d2 B: 0xd8d3 -> Res=0xf2a5 Z=0
PASS | Op: SUB A: 0xe514 B: 0x19a4 -> Res=0xcb70 Z=0
PASS | Op: ADD A: 0x978b B: 0x9b9e -> Res=0x3329 Z=0
PASS | Op: OR A: 0x55b5 B: 0xa894 -> Res=0xfdb5 Z=0
PASS | Op: AND A: 0xae45 B: 0xb304 -> Res=0xa204 Z=0
PASS | Op: ADD A: 0xf10 B: 0xb8c5 -> Res=0xc7d5 Z=0
PASS | Op: OR A: 0xf33e B: 0xbd27 -> Res=0xff3f Z=0
PASS | Op: ADD A: 0xdd3d B: 0x9121 -> Res=0x6e5e Z=0
PASS | Op: XOR A: 0x51bf B: 0xa723 -> Res=0xf69c Z=0
PASS | Op: XOR A: 0xb568 B: 0xb99c -> Res=0xcf4 Z=0
PASS | Op: XOR A: 0xf21 B: 0x2d7 -> Res=0xdf6 Z=0
PASS | Op: AND A: 0x5e55 B: 0x6e06 -> Res=0x4e04 Z=0
PASS | Op: ADD A: 0x34ec B: 0xa405 -> Res=0xd8f1 Z=0
PASS | Op: AND A: 0x7af4 B: 0x51ea -> Res=0x50e0 Z=0
PASS | Op: XOR A: 0x2c81 B: 0x7d4b -> Res=0x51ca Z=0
PASS | Op: ADD A: 0xfcb7 B: 0x444a -> Res=0x4101 Z=0
PASS | Op: ADD A: 0xd2ea B: 0x6a49 -> Res=0x3d33 Z=0
PASS | Op: XOR A: 0xcd94 B: 0x7e03 -> Res=0xb397 Z=0
PASS | Op: XOR A: 0x6470 B: 0xe270 -> Res=0x8600 Z=0
PASS | Op: SUB A: 0xa245 B: 0x7bc4 -> Res=0x2681 Z=0
PASS | Op: SUB A: 0xd3ab B: 0x92f5 -> Res=0x40b6 Z=0
PASS | Op: SUB A: 0x323b B: 0x3159 -> Res=0xe2 Z=0
PASS | Op: OR A: 0xe7e5 B: 0x859d -> Res=0xe7fd Z=0
PASS | Op: ADD A: 0xce7f B: 0x341d -> Res=0x29c Z=0
PASS | Op: XOR A: 0x55a0 B: 0x2fc0 -> Res=0x7a60 Z=0
PASS | Op: XOR A: 0xbbd B: 0x6da3 -> Res=0x661e Z=0
PASS | Op: ADD A: 0xf8fa B: 0x5baa -> Res=0x54a4 Z=0
PASS | Op: XOR A: 0x14d2 B: 0xd00 -> Res=0x19d2 Z=0
PASS | Op: XOR A: 0x684c B: 0xf400 -> Res=0x9c4c Z=0
PASS | Op: ADD A: 0xc9a9 B: 0x60e8 -> Res=0x2a91 Z=0
PASS | Op: XOR A: 0x1ed7 B: 0xa234 -> Res=0xbce3 Z=0
PASS | Op: ADD A: 0xc384 B: 0x781d -> Res=0x3ba1 Z=0
PASS | Op: ADD A: 0x8eb B: 0xf555 -> Res=0xfe40 Z=0
PASS | Op: ADD A: 0x36df B: 0x8d1c -> Res=0xc3fb Z=0
PASS | Op: ADD A: 0x3740 B: 0xece0 -> Res=0x2420 Z=0
PASS | Op: ADD A: 0x3d46 B: 0xe00e -> Res=0x1d54 Z=0
PASS | Op: SUB A: 0xb32f B: 0xe3f3 -> Res=0xcf3c Z=0
PASS | Op: XOR A: 0x3f20 B: 0x87d4 -> Res=0xb8f4 Z=0
PASS | Op: AND A: 0x5b6d B: 0x1046 -> Res=0x1044 Z=0
PASS | Op: SUB A: 0x1494 B: 0x47f0 -> Res=0xcca4 Z=0
PASS | Op: OR A: 0x5795 B: 0x9a34 -> Res=0xdfb5 Z=0
PASS | Op: OR A: 0xf235 B: 0xab49 -> Res=0xfb7d Z=0
PASS | Op: ADD A: 0xd1bf B: 0x3a37 -> Res=0xbf6 Z=0
PASS | Op: AND A: 0x820 B: 0xb43 -> Res=0x800 Z=0
PASS | Op: ADD A: 0x481a B: 0xd15e -> Res=0x1978 Z=0
PASS | Op: XOR A: 0xe9c9 B: 0xc164 -> Res=0x28ad Z=0
PASS | Op: AND A: 0x7cd B: 0xa700 -> Res=0x700 Z=0
PASS | Op: ADD A: 0xcb5a B: 0xfe48 -> Res=0xc9a2 Z=0
PASS | Op: ADD A: 0x203e B: 0xd5ba -> Res=0xf5f8 Z=0
PASS | Op: AND A: 0x377 B: 0xfd84 -> Res=0x104 Z=0
PASS | Op: ADD A: 0xcd04 B: 0x53dd -> Res=0x20e1 Z=0
PASS | Op: XOR A: 0x4253 B: 0xb808 -> Res=0xfa5b Z=0
PASS | Op: ADD A: 0xfa4 B: 0x9c7a -> Res=0xac1e Z=0
PASS | Op: AND A: 0x1ca1 B: 0x9d26 -> Res=0x1c20 Z=0
PASS | Op: ADD A: 0xf73d B: 0xd042 -> Res=0xc77f Z=0
PASS | Op: ADD A: 0x25a7 B: 0xe10e -> Res=0x6b5 Z=0
PASS | Op: XOR A: 0x3b04 B: 0xc861 -> Res=0xf365 Z=0
PASS | Op: XOR A: 0x224 B: 0x2459 -> Res=0x267d Z=0
PASS | Op: ADD A: 0xe701 B: 0x38f1 -> Res=0x1ff2 Z=0
PASS | Op: XOR A: 0xa23a B: 0x1a57 -> Res=0xb86d Z=0
PASS | Op: SUB A: 0xe94f B: 0xd037 -> Res=0x1918 Z=0
PASS | Op: ADD A: 0x482e B: 0x1ac3 -> Res=0x62f1 Z=0
PASS | Op: XOR A: 0xc1e3 B: 0x5ad4 -> Res=0x9b37 Z=0
PASS | Op: ADD A: 0xb42f B: 0xcbb1 -> Res=0x7fe0 Z=0
PASS | Op: AND A: 0x1a8d B: 0xe567 -> Res=0x5 Z=0
PASS | Op: XOR A: 0x420f B: 0xc0ab -> Res=0x82a4 Z=0
PASS | Op: AND A: 0xbbf B: 0x17db -> Res=0x39b Z=0
PASS | Op: XOR A: 0x290 B: 0x1b5a -> Res=0x19ca Z=0
PASS | Op: ADD A: 0x87e2 B: 0xe4c8 -> Res=0x6caa Z=0
PASS | Op: ADD A: 0x1c45 B: 0xe1c9 -> Res=0xfe0e Z=0
PASS | Op: AND A: 0xdb64 B: 0xc7ea -> Res=0xc360 Z=0
PASS | Op: XOR A: 0x1b71 B: 0xcfd7 -> Res=0xd4a6 Z=0
PASS | Op: ADD A: 0x327c B: 0xbaf0 -> Res=0xed6c Z=0
PASS | Op: AND A: 0xed0d B: 0xbefe -> Res=0xac0c Z=0
PASS | Op: SUB A: 0x674d B: 0xccc -> Res=0x5a81 Z=0
PASS | Op: ADD A: 0xfa07 B: 0x432d -> Res=0x3d34 Z=0
PASS | Op: AND A: 0xa077 B: 0xe29 -> Res=0x21 Z=0
PASS | Op: ADD A: 0xe444 B: 0xb58a -> Res=0x99ce Z=0
PASS | Op: ADD A: 0xa672 B: 0x2417 -> Res=0xca89 Z=0
PASS | Op: XOR A: 0xefd9 B: 0xe04 -> Res=0xe1dd Z=0
PASS | Op: XOR A: 0x870f B: 0x5f4c -> Res=0xd843 Z=0
PASS | Op: XOR A: 0xace6 B: 0xef91 -> Res=0x4377 Z=0
PASS | Op: XOR A: 0xfa1b B: 0xbbb6 -> Res=0x41ad Z=0
PASS | Op: ADD A: 0x9cc7 B: 0x6642 -> Res=0x309 Z=0
PASS | Op: XOR A: 0xb337 B: 0x5612 -> Res=0xe525 Z=0
PASS | Op: XOR A: 0x35be B: 0x2ae9 -> Res=0x1f57 Z=0
PASS | Op: OR A: 0x703c B: 0x985c -> Res=0xf87c Z=0
PASS | Op: SUB A: 0x31c B: 0xcae0 -> Res=0x383c Z=0
PASS | Op: XOR A: 0xeda1 B: 0x7f1b -> Res=0x92ba Z=0
PASS | Op: XOR A: 0x9fba B: 0x6881 -> Res=0xf73b Z=0
PASS | Op: SUB A: 0xf9f B: 0xe520 -> Res=0x2a7f Z=0
PASS | Op: AND A: 0xa533 B: 0xdb95 -> Res=0x8111 Z=0
PASS | Op: ADD A: 0xad79 B: 0x27b3 -> Res=0xd52c Z=0
PASS | Op: OR A: 0x79ca B: 0x6357 -> Res=0x7bdf Z=0
PASS | Op: ADD A: 0x9b9e B: 0x3636 -> Res=0xd1d4 Z=0
PASS | Op: SUB A: 0xe84e B: 0xd00d -> Res=0x1841 Z=0
PASS | Op: ADD A: 0xeb85 B: 0x3a9f -> Res=0x2624 Z=0
PASS | Op: ADD A: 0x1eed B: 0xdd3c -> Res=0xfc29 Z=0
PASS | Op: ADD A: 0xc179 B: 0x79e -> Res=0xc917 Z=0
PASS | Op: OR A: 0x604c B: 0x1096 -> Res=0x70de Z=0
PASS | Op: XOR A: 0x3c82 B: 0x8b7b -> Res=0xb7f9 Z=0
PASS | Op: XOR A: 0x27de B: 0x75b6 -> Res=0x5268 Z=0
PASS | Op: XOR A: 0xdd48 B: 0xa786 -> Res=0x7ace Z=0
PASS | Op: XOR A: 0xf2a2 B: 0xb131 -> Res=0x4393 Z=0
PASS | Op: OR A: 0x7b2e B: 0x37b7 -> Res=0x7fbf Z=0
PASS | Op: SUB A: 0x9994 B: 0x17ee -> Res=0x81a6 Z=0
PASS | Op: OR A: 0x4716 B: 0xc82e -> Res=0xcf3e Z=0
PASS | Op: ADD A: 0x37 B: 0xb4a -> Res=0xb81 Z=0
PASS | Op: XOR A: 0xd5bd B: 0xd14a -> Res=0x4f7 Z=0
PASS | Op: OR A: 0xad74 B: 0xbbc -> Res=0xaffc Z=0
PASS | Op: OR A: 0x81ff B: 0xf5ab -> Res=0xf5ff Z=0
PASS | Op: XOR A: 0xd4b B: 0xd824 -> Res=0xd56f Z=0
PASS | Op: XOR A: 0x56fa B: 0x214 -> Res=0x54ee Z=0
PASS | Op: XOR A: 0xd697 B: 0xc799 -> Res=0x110e Z=0
PASS | Op: ADD A: 0x3984 B: 0xaa8b -> Res=0xe40f Z=0
PASS | Op: AND A: 0x304c B: 0xd293 -> Res=0x1000 Z=0
PASS | Op: ADD A: 0x13e4 B: 0xc0ca -> Res=0xd4ae Z=0
PASS | Op: OR A: 0x1a73 B: 0xc510 -> Res=0xdf73 Z=0
PASS | Op: AND A: 0x2116 B: 0x339f -> Res=0x2116 Z=0
PASS | Op: XOR A: 0xb042 B: 0xdbe4 -> Res=0x6ba6 Z=0
PASS | Op: XOR A: 0x6e73 B: 0x1ae7 -> Res=0x7494 Z=0
PASS | Op: XOR A: 0x1009 B: 0xa911 -> Res=0xb918 Z=0
PASS | Op: ADD A: 0x1e44 B: 0x3b8b -> Res=0x59cf Z=0
PASS | Op: OR A: 0xa7f4 B: 0xa62b -> Res=0xa7ff Z=0
PASS | Op: OR A: 0x7db6 B: 0x4635 -> Res=0x7fb7 Z=0
PASS | Op: ADD A: 0xbbd1 B: 0xac04 -> Res=0x67d5 Z=0
PASS | Op: ADD A: 0x724b B: 0x8812 -> Res=0xfa5d Z=0
PASS | Op: SUB A: 0xb783 B: 0xa5a2 -> Res=0x11e1 Z=0
PASS | Op: ADD A: 0x8c55 B: 0xaaa0 -> Res=0x36f5 Z=0
PASS | Op: ADD A: 0x6faf B: 0xb9a8 -> Res=0x2957 Z=0
PASS | Op: ADD A: 0xd467 B: 0x8a29 -> Res=0x5e90 Z=0
PASS | Op: ADD A: 0xc677 B: 0x8429 -> Res=0x4aa0 Z=0
PASS | Op: XOR A: 0xf75f B: 0x87e9 -> Res=0x70b6 Z=0
PASS | Op: ADD A: 0x981d B: 0x7efe -> Res=0x171b Z=0
PASS | Op: XOR A: 0x3cbc B: 0x606b -> Res=0x5cd7 Z=0
PASS | Op: XOR A: 0xa8b B: 0xfd08 -> Res=0xf783 Z=0
PASS | Op: ADD A: 0x2e9c B: 0xe78e -> Res=0x162a Z=0
PASS | Op: AND A: 0x3290 B: 0x4ff3 -> Res=0x290 Z=0
PASS | Op: SUB A: 0xab55 B: 0xe008 -> Res=0xcb4d Z=0
PASS | Op: XOR A: 0x294c B: 0x2cb3 -> Res=0x5ff Z=0
PASS | Op: AND A: 0x4098 B: 0x5d04 -> Res=0x4000 Z=0
PASS | Op: XOR A: 0x8de1 B: 0x6437 -> Res=0xe9d6 Z=0
PASS | Op: XOR A: 0x88fa B: 0xc5d4 -> Res=0x4d2e Z=0
PASS | Op: ADD A: 0x982b B: 0x7d78 -> Res=0x15a3 Z=0
PASS | Op: AND A: 0xde24 B: 0xdc40 -> Res=0xdc00 Z=0
PASS | Op: ADD A: 0x4a84 B: 0xfc70 -> Res=0x46f4 Z=0
PASS | Op: ADD A: 0xf3ed B: 0xbc8c -> Res=0xb079 Z=0
PASS | Op: AND A: 0x8c46 B: 0xc144 -> Res=0x8044 Z=0
PASS | Op: XOR A: 0x7dc6 B: 0xbdc9 -> Res=0xc00f Z=0
PASS | Op: AND A: 0x53f4 B: 0x9b98 -> Res=0x1390 Z=0
PASS | Op: SUB A: 0xfbf1 B: 0x8a00 -> Res=0x71f1 Z=0
PASS | Op: XOR A: 0xc5cb B: 0x7616 -> Res=0xb3dd Z=0
PASS | Op: XOR A: 0xf2d8 B: 0x5858 -> Res=0xaa80 Z=0
PASS | Op: XOR A: 0x9a3e B: 0x4ad6 -> Res=0xd0e8 Z=0
PASS | Op: AND A: 0xac71 B: 0x8935 -> Res=0x8831 Z=0
PASS | Op: OR A: 0x8764 B: 0x20c0 -> Res=0xa7e4 Z=0
PASS | Op: ADD A: 0x40f4 B: 0x3b9c -> Res=0x7c90 Z=0
PASS | Op: ADD A: 0x6cb9 B: 0xd9b8 -> Res=0x4671 Z=0
PASS | Op: XOR A: 0x3acc B: 0xef45 -> Res=0xd589 Z=0
PASS | Op: AND A: 0xca9f B: 0x1f0a -> Res=0xa0a Z=0
PASS | Op: SUB A: 0x8d62 B: 0x9ccf -> Res=0xf093 Z=0
PASS | Op: AND A: 0x467d B: 0xf476 -> Res=0x4474 Z=0
PASS | Op: XOR A: 0x7f29 B: 0x8fc9 -> Res=0xf0e0 Z=0
PASS | Op: AND A: 0xccad B: 0x72a -> Res=0x428 Z=0
PASS | Op: XOR A: 0x1970 B: 0x2e62 -> Res=0x3712 Z=0
PASS | Op: OR A: 0x8004 B: 0x5535 -> Res=0xd535 Z=0
PASS | Op: XOR A: 0x4879 B: 0xf725 -> Res=0xbf5c Z=0
PASS | Op: OR A: 0xb18c B: 0xb86b -> Res=0xb9ef Z=0
PASS | Op: SUB A: 0x86e0 B: 0xe798 -> Res=0x9f48 Z=0
PASS | Op: AND A: 0x280f B: 0x24c7 -> Res=0x2007 Z=0
PASS | Op: AND A: 0x9724 B: 0x5f10 -> Res=0x1700 Z=0
PASS | Op: XOR A: 0x7e8f B: 0xab01 -> Res=0xd58e Z=0
PASS | Op: SUB A: 0x99e3 B: 0x14c7 -> Res=0x851c Z=0
PASS | Op: XOR A: 0xf5ee B: 0xda03 -> Res=0x2fed Z=0
PASS | Op: OR A: 0xe537 B: 0xa75 -> Res=0xef77 Z=0
PASS | Op: XOR A: 0x336e B: 0x248f -> Res=0x17e1 Z=0
PASS | Op: XOR A: 0xf28f B: 0x7dad -> Res=0x8f22 Z=0
PASS | Op: XOR A: 0x5fde B: 0xb2ef -> Res=0xed31 Z=0
PASS | Op: OR A: 0x710 B: 0x8c1c -> Res=0x8f1c Z=0
PASS | Op: ADD A: 0x66eb B: 0x7da3 -> Res=0xe48e Z=0
PASS | Op: OR A: 0x9b8c B: 0x697f -> Res=0xfbff Z=0
PASS | Op: OR A: 0x6607 B: 0x1bad -> Res=0x7faf Z=0
PASS | Op: AND A: 0x6139 B: 0x4ae1 -> Res=0x4021 Z=0
PASS | Op: SUB A: 0xb029 B: 0x2b05 -> Res=0x8524 Z=0
PASS | Op: XOR A: 0x28f9 B: 0x9cb6 -> Res=0xb44f Z=0
PASS | Op: XOR A: 0x3193 B: 0xdffa -> Res=0xee69 Z=0
PASS | Op: SUB A: 0xc3ce B: 0x11d6 -> Res=0xb1f8 Z=0
PASS | Op: SUB A: 0x76fb B: 0x3707 -> Res=0x3ff4 Z=0
PASS | Op: XOR A: 0x3d84 B: 0xbb0b -> Res=0x868f Z=0
PASS | Op: XOR A: 0x9d96 B: 0x1f02 -> Res=0x8294 Z=0
PASS | Op: OR A: 0xf083 B: 0xbf4c -> Res=0xffcf Z=0
PASS | Op: ADD A: 0x877e B: 0x9d00 -> Res=0x247e Z=0
PASS | Op: XOR A: 0xe483 B: 0xfebc -> Res=0x1a3f Z=0
PASS | Op: XOR A: 0x95b5 B: 0xb117 -> Res=0x24a2 Z=0
PASS | Op: XOR A: 0xd4a3 B: 0xdbb1 -> Res=0xf12 Z=0
PASS | Op: XOR A: 0x5bc1 B: 0x2aaf -> Res=0x716e Z=0
PASS | Op: XOR A: 0x2886 B: 0x6d9d -> Res=0x451b Z=0
PASS | Op: ADD A: 0x421 B: 0x94c9 -> Res=0x98ea Z=0
PASS | Op: ADD A: 0x7574 B: 0xe27b -> Res=0x57ef Z=0
PASS | Op: ADD A: 0x67b6 B: 0xa2a8 -> Res=0xa5e Z=0
PASS | Op: ADD A: 0xb2e2 B: 0xbe74 -> Res=0x7156 Z=0
PASS | Op: SUB A: 0x7aa0 B: 0x1e3c -> Res=0x5c64 Z=0
PASS | Op: XOR A: 0x302 B: 0xdb8 -> Res=0xeba Z=0
PASS | Op: OR A: 0x3576 B: 0xeac4 -> Res=0xfff6 Z=0
PASS | Op: XOR A: 0xfd25 B: 0x6fce -> Res=0x92eb Z=0
PASS | Op: OR A: 0x167c B: 0xabf4 -> Res=0xbffc Z=0
PASS | Op: OR A: 0x355a B: 0x95f9 -> Res=0xb5fb Z=0
PASS | Op: SUB A: 0xc1a8 B: 0x5c73 -> Res=0x6535 Z=0
PASS | Op: SUB A: 0x88e1 B: 0x8289 -> Res=0x658 Z=0
PASS | Op: SUB A: 0xcda4 B: 0xb6cc -> Res=0x16d8 Z=0
PASS | Op: OR A: 0xe1ab B: 0xd154 -> Res=0xf1ff Z=0
PASS | Op: OR A: 0xe9ca B: 0x1644 -> Res=0xffce Z=0
PASS | Op: OR A: 0x1eb1 B: 0x245a -> Res=0x3efb Z=0
PASS | Op: ADD A: 0x48f3 B: 0x45ee -> Res=0x8ee1 Z=0
PASS | Op: ADD A: 0x8d21 B: 0xacf1 -> Res=0x3a12 Z=0
PASS | Op: XOR A: 0xfca B: 0x723b -> Res=0x7df1 Z=0
PASS | Op: AND A: 0xb1fd B: 0xc8ca -> Res=0x80c8 Z=0
PASS | Op: ADD A: 0xda38 B: 0x7336 -> Res=0x4d6e Z=0
PASS | Op: ADD A: 0x8897 B: 0x445b -> Res=0xccf2 Z=0
PASS | Op: SUB A: 0x40e7 B: 0x103f -> Res=0x30a8 Z=0
PASS | Op: SUB A: 0x1c43 B: 0xbc67 -> Res=0x5fdc Z=0
PASS | Op: XOR A: 0x67b B: 0xe916 -> Res=0xef6d Z=0
PASS | Op: OR A: 0x394a B: 0x79f1 -> Res=0x79fb Z=0
PASS | Op: SUB A: 0x387 B: 0xfce -> Res=0xf3b9 Z=0
PASS | Op: AND A: 0x866e B: 0xd6d7 -> Res=0x8646 Z=0
PASS | Op: AND A: 0xb89f B: 0x6b1b -> Res=0x281b Z=0
PASS | Op: ADD A: 0xba60 B: 0xce41 -> Res=0x88a1 Z=0
PASS | Op: XOR A: 0x88f2 B: 0x949f -> Res=0x1c6d Z=0
PASS | Op: ADD A: 0x1471 B: 0xfbdd -> Res=0x104e Z=0
PASS | Op: ADD A: 0x7a27 B: 0xdd51 -> Res=0x5778 Z=0
PASS | Op: XOR A: 0x84a7 B: 0xa267 -> Res=0x26c0 Z=0
PASS | Op: OR A: 0x4f37 B: 0x1bb3 -> Res=0x5fb7 Z=0
PASS | Op: XOR A: 0x61c8 B: 0xe3a4 -> Res=0x826c Z=0
PASS | Op: SUB A: 0x19b1 B: 0xcf22 -> Res=0x4a8f Z=0
PASS | Op: AND A: 0xaa B: 0x98b5 -> Res=0xa0 Z=0
PASS | Op: XOR A: 0x9fe6 B: 0x2772 -> Res=0xb894 Z=0
PASS | Op: SUB A: 0xc1da B: 0x99e6 -> Res=0x27f4 Z=0
PASS | Op: XOR A: 0xddec B: 0xb7a7 -> Res=0x6a4b Z=0
PASS | Op: ADD A: 0x391a B: 0xadc1 -> Res=0xe6db Z=0
PASS | Op: ADD A: 0xaf17 B: 0xfa23 -> Res=0xa93a Z=0
PASS | Op: OR A: 0x3054 B: 0xe457 -> Res=0xf457 Z=0
PASS | Op: XOR A: 0x1ab9 B: 0xb0e6 -> Res=0xaa5f Z=0
PASS | Op: OR A: 0x1627 B: 0x5074 -> Res=0x5677 Z=0
PASS | Op: XOR A: 0xa3aa B: 0x7341 -> Res=0xd0eb Z=0
PASS | Op: OR A: 0x444d B: 0xb7e4 -> Res=0xf7ed Z=0
PASS | Op: ADD A: 0x4968 B: 0x5b57 -> Res=0xa4bf Z=0
PASS | Op: ADD A: 0xef18 B: 0xf825 -> Res=0xe73d Z=0
PASS | Op: OR A: 0x3c68 B: 0x736e -> Res=0x7f6e Z=0
PASS | Op: SUB A: 0x148a B: 0xdea8 -> Res=0x35e2 Z=0
PASS | Op: OR A: 0x1284 B: 0x3963 -> Res=0x3be7 Z=0
PASS | Op: SUB A: 0x666f B: 0x7872 -> Res=0xedfd Z=0
PASS | Op: AND A: 0x1300 B: 0x5f3e -> Res=0x1300 Z=0
PASS | Op: ADD A: 0x366f B: 0x1d30 -> Res=0x539f Z=0
PASS | Op: XOR A: 0x61af B: 0x9c0c -> Res=0xfda3 Z=0
PASS | Op: ADD A: 0x93f1 B: 0x214e -> Res=0xb53f Z=0
PASS | Op: OR A: 0x2cdf B: 0xea63 -> Res=0xeeff Z=0
PASS | Op: XOR A: 0x56c1 B: 0x315d -> Res=0x679c Z=0
PASS | Op: XOR A: 0xaa65 B: 0x26c7 -> Res=0x8ca2 Z=0
PASS | Op: XOR A: 0xac1a B: 0x499d -> Res=0xe587 Z=0
PASS | Op: OR A: 0xc70 B: 0x485a -> Res=0x4c7a Z=0
PASS | Op: OR A: 0x2ecb B: 0x349d -> Res=0x3edf Z=0
PASS | Op: SUB A: 0x130a B: 0x2e54 -> Res=0xe4b6 Z=0
PASS | Op: XOR A: 0xbae9 B: 0x59e6 -> Res=0xe30f Z=0
PASS | Op: ADD A: 0x9b75 B: 0xe03d -> Res=0x7bb2 Z=0
PASS | Op: ADD A: 0xb28d B: 0xcf9b -> Res=0x8228 Z=0
PASS | Op: OR A: 0x98de B: 0xffbd -> Res=0xffff Z=0
PASS | Op: ADD A: 0x32bb B: 0xa21f -> Res=0xd4da Z=0
PASS | Op: XOR A: 0x8bcf B: 0x3ac3 -> Res=0xb10c Z=0
PASS | Op: ADD A: 0xe2d0 B: 0xa048 -> Res=0x8318 Z=0
PASS | Op: AND A: 0x5f36 B: 0x6109 -> Res=0x4100 Z=0
PASS | Op: ADD A: 0x3393 B: 0x7a2 -> Res=0x3b35 Z=0
PASS | Op: SUB A: 0xc905 B: 0x7cb6 -> Res=0x4c4f Z=0
PASS | Op: AND A: 0xd5e5 B: 0x14c8 -> Res=0x14c0 Z=0
PASS | Op: XOR A: 0x204b B: 0xc178 -> Res=0xe133 Z=0
PASS | Op: OR A: 0x287d B: 0xa5bd -> Res=0xadfd Z=0
PASS | Op: AND A: 0x8ff1 B: 0x4b6b -> Res=0xb61 Z=0
PASS | Op: XOR A: 0x90eb B: 0xc4a7 -> Res=0x544c Z=0
PASS | Op: XOR A: 0xfdec B: 0xa27c -> Res=0x5f90 Z=0
PASS | Op: OR A: 0xc517 B: 0x91b8 -> Res=0xd5bf Z=0
PASS | Op: XOR A: 0xbb1d B: 0x4248 -> Res=0xf955 Z=0
PASS | Op: ADD A: 0xc8f4 B: 0xa6c6 -> Res=0x6fba Z=0
PASS | Op: XOR A: 0xa557 B: 0x50b3 -> Res=0xf5e4 Z=0
PASS | Op: AND A: 0x5570 B: 0x4205 -> Res=0x4000 Z=0
PASS | Op: XOR A: 0x154e B: 0x4e3c -> Res=0x5b72 Z=0
PASS | Op: ADD A: 0x2c58 B: 0x8577 -> Res=0xb1cf Z=0
PASS | Op: OR A: 0xa600 B: 0xd34d -> Res=0xf74d Z=0
PASS | Op: XOR A: 0x7a6e B: 0x54d -> Res=0x7f23 Z=0
PASS | Op: AND A: 0x5002 B: 0xc7fc -> Res=0x4000 Z=0
PASS | Op: ADD A: 0x38dd B: 0xcd1b -> Res=0x5f8 Z=0
PASS | Op: ADD A: 0x6ac1 B: 0x1e06 -> Res=0x88c7 Z=0
PASS | Op: XOR A: 0xf0fe B: 0x18d9 -> Res=0xe827 Z=0
PASS | Op: AND A: 0x3571 B: 0x7fde -> Res=0x3550 Z=0
PASS | Op: AND A: 0x6267 B: 0xfa3f -> Res=0x6227 Z=0
PASS | Op: AND A: 0x5ac6 B: 0x837f -> Res=0x246 Z=0
PASS | Op: AND A: 0x69f7 B: 0xa0f4 -> Res=0x20f4 Z=0
PASS | Op: XOR A: 0x26b B: 0x9ea1 -> Res=0x9cca Z=0
PASS | Op: AND A: 0xe6d5 B: 0xb2d9 -> Res=0xa2d1 Z=0
PASS | Op: ADD A: 0xf0ab B: 0x5f76 -> Res=0x5021 Z=0
PASS | Op: XOR A: 0x5866 B: 0x5509 -> Res=0xd6f Z=0
PASS | Op: ADD A: 0xa8b B: 0x2488 -> Res=0x2f13 Z=0
PASS | Op: SUB A: 0x4872 B: 0xccce -> Res=0x7ba4 Z=0
PASS | Op: XOR A: 0x9296 B: 0xb159 -> Res=0x23cf Z=0
PASS | Op: AND A: 0x8ced B: 0xc671 -> Res=0x8461 Z=0
PASS | Op: ADD A: 0xd626 B: 0x5fee -> Res=0x3614 Z=0
PASS | Op: XOR A: 0xd06b B: 0x479a -> Res=0x97f1 Z=0
PASS | Op: SUB A: 0x6c69 B: 0x8112 -> Res=0xeb57 Z=0
PASS | Op: ADD A: 0xf1e9 B: 0x99d3 -> Res=0x8bbc Z=0
PASS | Op: SUB A: 0x5c9 B: 0xfc7c -> Res=0x94d Z=0
PASS | Op: XOR A: 0xb846 B: 0x4459 -> Res=0xfc1f Z=0
PASS | Op: ADD A: 0xf26a B: 0xd7eb -> Res=0xca55 Z=0
PASS | Op: XOR A: 0x3fd2 B: 0x9f3a -> Res=0xa0e8 Z=0
PASS | Op: OR A: 0x7880 B: 0x72be -> Res=0x7abe Z=0
PASS | Op: OR A: 0x9b90 B: 0x4c43 -> Res=0xdfd3 Z=0
PASS | Op: AND A: 0xaf3f B: 0x1873 -> Res=0x833 Z=0
PASS | Op: OR A: 0x2575 B: 0x2ec -> Res=0x27fd Z=0
PASS | Op: SUB A: 0xfd6d B: 0xf0f -> Res=0xee5e Z=0
PASS | Op: SUB A: 0xf4b6 B: 0x5773 -> Res=0x9d43 Z=0
PASS | Op: ADD A: 0xe698 B: 0x8575 -> Res=0x6c0d Z=0
PASS | Op: ADD A: 0x81f1 B: 0x6870 -> Res=0xea61 Z=0
PASS | Op: SUB A: 0xa2db B: 0x36aa -> Res=0x6c31 Z=0
PASS | Op: AND A: 0x46b6 B: 0x6a0 -> Res=0x6a0 Z=0
PASS | Op: XOR A: 0x798b B: 0x9872 -> Res=0xe1f9 Z=0
PASS | Op: ADD A: 0x8e80 B: 0x7420 -> Res=0x2a0 Z=0
PASS | Op: OR A: 0x7301 B: 0xef6f -> Res=0xff6f Z=0
PASS | Op: ADD A: 0x2b66 B: 0x6103 -> Res=0x8c69 Z=0
PASS | Op: SUB A: 0xe3a6 B: 0x1b2d -> Res=0xc879 Z=0
PASS | Op: ADD A: 0x60d4 B: 0x6bce -> Res=0xcca2 Z=0
PASS | Op: AND A: 0xce35 B: 0xaa4f -> Res=0x8a05 Z=0
PASS | Op: OR A: 0x7138 B: 0x7033 -> Res=0x713b Z=0
PASS | Op: AND A: 0x8224 B: 0x19cd -> Res=0x4 Z=0
PASS | Op: XOR A: 0xae09 B: 0x840f -> Res=0x2a06 Z=0
PASS | Op: AND A: 0xeaf3 B: 0xfdc3 -> Res=0xe8c3 Z=0
PASS | Op: SUB A: 0x7108 B: 0xd7e8 -> Res=0x9920 Z=0
PASS | Op: SUB A: 0x4c96 B: 0xa6ad -> Res=0xa5e9 Z=0
PASS | Op: AND A: 0xa4c3 B: 0x2f00 -> Res=0x2400 Z=0
PASS | Op: ADD A: 0x9571 B: 0xfc96 -> Res=0x9207 Z=0
PASS | Op: SUB A: 0x419c B: 0xe383 -> Res=0x5e19 Z=0
PASS | Op: XOR A: 0xdd7e B: 0x486d -> Res=0x9513 Z=0
PASS | Op: XOR A: 0xa80e B: 0x1fd0 -> Res=0xb7de Z=0
PASS | Op: ADD A: 0xb2a0 B: 0xef31 -> Res=0xa1d1 Z=0
PASS | Op: ADD A: 0x8e93 B: 0xee3d -> Res=0x7cd0 Z=0
PASS | Op: ADD A: 0x2d27 B: 0x273b -> Res=0x5462 Z=0
PASS | Op: SUB A: 0x9a90 B: 0xe514 -> Res=0xb57c Z=0
PASS | Op: XOR A: 0x683a B: 0x8d1e -> Res=0xe524 Z=0
PASS | Op: SUB A: 0x3f04 B: 0x51f7 -> Res=0xed0d Z=0
PASS | Op: XOR A: 0x402b B: 0x8d59 -> Res=0xcd72 Z=0
PASS | Op: XOR A: 0x464 B: 0xed9 -> Res=0xabd Z=0
PASS | Op: XOR A: 0x24c1 B: 0x1f2 -> Res=0x2533 Z=0
PASS | Op: XOR A: 0x46e2 B: 0x4928 -> Res=0xfca Z=0
PASS | Op: AND A: 0x97d3 B: 0x4c55 -> Res=0x451 Z=0
PASS | Op: ADD A: 0x72dd B: 0xc93b -> Res=0x3c18 Z=0
PASS | Op: XOR A: 0xb484 B: 0xc3c9 -> Res=0x774d Z=0
PASS | Op: XOR A: 0x5572 B: 0x45d4 -> Res=0x10a6 Z=0
PASS | Op: ADD A: 0xcd14 B: 0xa4dd -> Res=0x71f1 Z=0
PASS | Op: XOR A: 0x2a16 B: 0xdd07 -> Res=0xf711 Z=0
PASS | Op: ADD A: 0x4967 B: 0xdec3 -> Res=0x282a Z=0
PASS | Op: OR A: 0xebca B: 0x5f41 -> Res=0xffcb Z=0
PASS | Op: XOR A: 0x9181 B: 0x570f -> Res=0xc68e Z=0
PASS | Op: XOR A: 0x5fd3 B: 0xd96 -> Res=0x5245 Z=0
PASS | Op: XOR A: 0x6e8 B: 0x53d0 -> Res=0x5538 Z=0
PASS | Op: OR A: 0xe199 B: 0xddc2 -> Res=0xfddb Z=0
PASS | Op: ADD A: 0x344d B: 0x3acc -> Res=0x6f19 Z=0
PASS | Op: XOR A: 0x305f B: 0xcc98 -> Res=0xfcc7 Z=0
PASS | Op: XOR A: 0x73d B: 0x8ab8 -> Res=0x8d85 Z=0
PASS | Op: XOR A: 0x3f65 B: 0x7e9 -> Res=0x388c Z=0
PASS | Op: AND A: 0x16a0 B: 0x212 -> Res=0x200 Z=0
PASS | Op: OR A: 0x50cd B: 0x5a7c -> Res=0x5afd Z=0
PASS | Op: SUB A: 0xfa3c B: 0x5335 -> Res=0xa707 Z=0
PASS | Op: ADD A: 0x5650 B: 0x73a5 -> Res=0xc9f5 Z=0
PASS | Op: SUB A: 0x7166 B: 0xd932 -> Res=0x9834 Z=0
PASS | Op: XOR A: 0x2f4f B: 0xd74d -> Res=0xf802 Z=0
PASS | Op: OR A: 0xd6ba B: 0x9fc2 -> Res=0xdffa Z=0
PASS | Op: XOR A: 0x6e59 B: 0x8ed1 -> Res=0xe088 Z=0
PASS | Op: XOR A: 0x9e30 B: 0xa964 -> Res=0x3754 Z=0
PASS | Op: SUB A: 0x64f6 B: 0xd593 -> Res=0x8f63 Z=0
PASS | Op: XOR A: 0x64a2 B: 0x3a4f -> Res=0x5eed Z=0
PASS | Op: ADD A: 0x8083 B: 0xd7dc -> Res=0x585f Z=0
PASS | Op: ADD A: 0xf141 B: 0x6e05 -> Res=0x5f46 Z=0
PASS | Op: AND A: 0xfdf B: 0xb9b1 -> Res=0x991 Z=0
PASS | Op: OR A: 0x85aa B: 0x1fa4 -> Res=0x9fae Z=0
PASS | Op: XOR A: 0x629 B: 0xd6e3 -> Res=0xd0ca Z=0
PASS | Op: OR A: 0x4b15 B: 0xee9b -> Res=0xef9f Z=0
PASS | Op: XOR A: 0x3df B: 0xd2d7 -> Res=0xd108 Z=0
PASS | Op: ADD A: 0x6072 B: 0x7c47 -> Res=0xdcb9 Z=0
PASS | Op: SUB A: 0x272c B: 0x583d -> Res=0xceef Z=0
PASS | Op: OR A: 0x749a B: 0x25a -> Res=0x76da Z=0
PASS | Op: XOR A: 0x23e8 B: 0xc61b -> Res=0xe5f3 Z=0
PASS | Op: SUB A: 0x3759 B: 0x13c1 -> Res=0x2398 Z=0
PASS | Op: ADD A: 0xb5b5 B: 0x7d4c -> Res=0x3301 Z=0
PASS | Op: AND A: 0xe945 B: 0xa99f -> Res=0xa905 Z=0
PASS | Op: ADD A: 0xcdf9 B: 0x5a78 -> Res=0x2871 Z=0
PASS | Op: AND A: 0xef94 B: 0xd8b5 -> Res=0xc894 Z=0
PASS | Op: SUB A: 0x7dee B: 0x2dc6 -> Res=0x5028 Z=0
PASS | Op: ADD A: 0xa2d7 B: 0x64b4 -> Res=0x78b Z=0
PASS | Op: ADD A: 0x3198 B: 0x855b -> Res=0xb6f3 Z=0
PASS | Op: ADD A: 0xe365 B: 0x23e7 -> Res=0x74c Z=0
PASS | Op: ADD A: 0xb51 B: 0xfacd -> Res=0x61e Z=0
PASS | Op: ADD A: 0x2a03 B: 0xc47e -> Res=0xee81 Z=0
PASS | Op: ADD A: 0x9917 B: 0x90bc -> Res=0x29d3 Z=0
PASS | Op: AND A: 0xa338 B: 0xee3a -> Res=0xa238 Z=0
PASS | Op: OR A: 0x2d51 B: 0x9f32 -> Res=0xbf73 Z=0
PASS | Op: AND A: 0xbe75 B: 0x1dc1 -> Res=0x1c41 Z=0
PASS | Op: XOR A: 0x9c10 B: 0xcae0 -> Res=0x56f0 Z=0
PASS | Op: OR A: 0xf085 B: 0x96b3 -> Res=0xf6b7 Z=0
PASS | Op: ADD A: 0x27c4 B: 0x9ec7 -> Res=0xc68b Z=0
PASS | Op: OR A: 0x4805 B: 0x7bc4 -> Res=0x7bc5 Z=0
PASS | Op: OR A: 0x7cf2 B: 0xa23f -> Res=0xfeff Z=0
PASS | Op: ADD A: 0xed81 B: 0x876c -> Res=0x74ed Z=0
PASS | Op: AND A: 0x98ed B: 0xc330 -> Res=0x8020 Z=0
PASS | Op: ADD A: 0xbdaf B: 0xed0f -> Res=0xaabe Z=0
PASS | Op: XOR A: 0x8b24 B: 0x8b22 -> Res=0x6 Z=0
PASS | Op: SUB A: 0x125d B: 0xdda6 -> Res=0x34b7 Z=0
PASS | Op: ADD A: 0xd33e B: 0xc42e -> Res=0x976c Z=0
PASS | Op: AND A: 0x1c9d B: 0x7e3b -> Res=0x1c19 Z=0
PASS | Op: AND A: 0xe490 B: 0xa94a -> Res=0xa000 Z=0
PASS | Op: XOR A: 0xf71f B: 0x7529 -> Res=0x8236 Z=0
PASS | Op: SUB A: 0x8cd9 B: 0x9d52 -> Res=0xef87 Z=0
PASS | Op: ADD A: 0xd6d1 B: 0xd269 -> Res=0xa93a Z=0
PASS | Op: ADD A: 0x9c1b B: 0x212d -> Res=0xbd48 Z=0
PASS | Op: SUB A: 0xca4e B: 0xd168 -> Res=0xf8e6 Z=0
PASS | Op: ADD A: 0xb4de B: 0x205b -> Res=0xd539 Z=0
PASS | Op: AND A: 0x36a9 B: 0xb3 -> Res=0xa1 Z=0
PASS | Op: ADD A: 0xf95d B: 0xf68c -> Res=0xefe9 Z=0
PASS | Op: XOR A: 0x757f B: 0xf5a6 -> Res=0x80d9 Z=0
PASS | Op: SUB A: 0x2716 B: 0x70e5 -> Res=0xb631 Z=0
PASS | Op: AND A: 0xcb35 B: 0x72e4 -> Res=0x4224 Z=0
PASS | Op: ADD A: 0xc7f7 B: 0xae86 -> Res=0x767d Z=0
PASS | Op: SUB A: 0xb00b B: 0x2747 -> Res=0x88c4 Z=0
PASS | Op: XOR A: 0xd437 B: 0x1efd -> Res=0xcaca Z=0
PASS | Op: SUB A: 0x2804 B: 0x8034 -> Res=0xa7d0 Z=0
PASS | Op: ADD A: 0x6aab B: 0x7213 -> Res=0xdcbe Z=0
PASS | Op: SUB A: 0xc608 B: 0xc0ad -> Res=0x55b Z=0
PASS | Op: XOR A: 0x6d1f B: 0x3cc5 -> Res=0x51da Z=0
PASS | Op: AND A: 0xb419 B: 0xf0d6 -> Res=0xb010 Z=0
PASS | Op: OR A: 0xdef3 B: 0x4d66 -> Res=0xdff7 Z=0
PASS | Op: SUB A: 0x9af9 B: 0xc4b7 -> Res=0xd642 Z=0
PASS | Op: XOR A: 0x65f5 B: 0x44c4 -> Res=0x2131 Z=0
PASS | Op: ADD A: 0x8fee B: 0x3cc4 -> Res=0xccb2 Z=0
PASS | Op: SUB A: 0xbf85 B: 0xa8c6 -> Res=0x16bf Z=0
PASS | Op: XOR A: 0x58d6 B: 0x5a91 -> Res=0x247 Z=0
PASS | Op: OR A: 0x70 B: 0xed1d -> Res=0xed7d Z=0
PASS | Op: XOR A: 0x783d B: 0xc6a9 -> Res=0xbe94 Z=0
PASS | Op: AND A: 0xf4e1 B: 0xce1f -> Res=0xc401 Z=0
PASS | Op: XOR A: 0x1433 B: 0xe97c -> Res=0xfd4f Z=0
PASS | Op: ADD A: 0x12d6 B: 0x7226 -> Res=0x84fc Z=0
PASS | Op: AND A: 0x6627 B: 0xcdd9 -> Res=0x4401 Z=0
PASS | Op: XOR A: 0xcc43 B: 0x3503 -> Res=0xf940 Z=0
PASS | Op: SUB A: 0x1260 B: 0xb12a -> Res=0x6136 Z=0
PASS | Op: ADD A: 0x64a4 B: 0x61c3 -> Res=0xc667 Z=0
PASS | Op: ADD A: 0x44f2 B: 0x3f08 -> Res=0x83fa Z=0
PASS | Op: ADD A: 0x4b4d B: 0x73f8 -> Res=0xbf45 Z=0
PASS | Op: OR A: 0xef3e B: 0x15c2 -> Res=0xfffe Z=0
PASS | Op: XOR A: 0x4161 B: 0x4726 -> Res=0x647 Z=0
PASS | Op: OR A: 0xdde B: 0xb427 -> Res=0xbdff Z=0
PASS | Op: SUB A: 0xf446 B: 0x7311 -> Res=0x8135 Z=0
PASS | Op: XOR A: 0x7dac B: 0xd061 -> Res=0xadcd Z=0
PASS | Op: XOR A: 0xc0ad B: 0xe7db -> Res=0x2776 Z=0
PASS | Op: ADD A: 0xb62 B: 0x6070 -> Res=0x6bd2 Z=0
PASS | Op: ADD A: 0x7e56 B: 0xcc2 -> Res=0x8b18 Z=0
PASS | Op: AND A: 0xd36b B: 0x3407 -> Res=0x1003 Z=0
PASS | Op: XOR A: 0x4d84 B: 0x927f -> Res=0xdffb Z=0
PASS | Op: AND A: 0x971d B: 0x2b54 -> Res=0x314 Z=0
PASS | Op: XOR A: 0x178f B: 0xedf6 -> Res=0xfa79 Z=0
PASS | Op: XOR A: 0xb303 B: 0xfe18 -> Res=0x4d1b Z=0
PASS | Op: XOR A: 0xa75a B: 0x2bb2 -> Res=0x8ce8 Z=0
PASS | Op: SUB A: 0xca93 B: 0x946a -> Res=0x3629 Z=0
PASS | Op: XOR A: 0x2308 B: 0x8bd1 -> Res=0xa8d9 Z=0
PASS | Op: XOR A: 0xb25b B: 0xec82 -> Res=0x5ed9 Z=0
PASS | Op: SUB A: 0xed12 B: 0xa412 -> Res=0x4900 Z=0
PASS | Op: SUB A: 0x4a9 B: 0x8a82 -> Res=0x7a27 Z=0
PASS | Op: SUB A: 0x7571 B: 0xd6c5 -> Res=0x9eac Z=0
PASS | Op: ADD A: 0x298 B: 0x2d91 -> Res=0x3029 Z=0
PASS | Op: SUB A: 0x9021 B: 0xc7d1 -> Res=0xc850 Z=0
PASS | Op: AND A: 0xff87 B: 0x32c5 -> Res=0x3285 Z=0
PASS | Op: XOR A: 0x11e4 B: 0xef0b -> Res=0xfeef Z=0
PASS | Op: XOR A: 0xf29f B: 0xb49d -> Res=0x4602 Z=0
PASS | Op: ADD A: 0xe1af B: 0x3126 -> Res=0x12d5 Z=0
PASS | Op: XOR A: 0x2028 B: 0xa436 -> Res=0x841e Z=0
PASS | Op: XOR A: 0xc1f9 B: 0xf52e -> Res=0x34d7 Z=0
PASS | Op: ADD A: 0x8e7f B: 0xb1ee -> Res=0x406d Z=0
PASS | Op: ADD A: 0xb516 B: 0xdeab -> Res=0x93c1 Z=0
PASS | Op: XOR A: 0x6715 B: 0x3cf6 -> Res=0x5be3 Z=0
PASS | Op: SUB A: 0x5e6d B: 0xdc7 -> Res=0x50a6 Z=0
PASS | Op: ADD A: 0xb028 B: 0x785f -> Res=0x2887 Z=0
PASS | Op: XOR A: 0x5a91 B: 0xd9ac -> Res=0x833d Z=0
PASS | Op: OR A: 0xa6f3 B: 0x420f -> Res=0xe6ff Z=0
PASS | Op: XOR A: 0x3d89 B: 0x663 -> Res=0x3bea Z=0
PASS | Op: ADD A: 0xc82c B: 0x392a -> Res=0x156 Z=0
PASS | Op: AND A: 0xfd63 B: 0xd5da -> Res=0xd542 Z=0
PASS | Op: ADD A: 0x3d9d B: 0xcb03 -> Res=0x8a0 Z=0
PASS | Op: AND A: 0xc3c0 B: 0x77d8 -> Res=0x43c0 Z=0
PASS | Op: XOR A: 0xb709 B: 0x71f -> Res=0xb016 Z=0
PASS | Op: ADD A: 0x7add B: 0x8fc1 -> Res=0xa9e Z=0
PASS | Op: OR A: 0xe9ae B: 0xdfd4 -> Res=0xfffe Z=0
PASS | Op: ADD A: 0xcf9a B: 0x9b1b -> Res=0x6ab5 Z=0
PASS | Op: XOR A: 0x67de B: 0x1f60 -> Res=0x78be Z=0
PASS | Op: XOR A: 0x84ac B: 0x6173 -> Res=0xe5df Z=0
PASS | Op: ADD A: 0x33fb B: 0xf9b6 -> Res=0x2db1 Z=0
PASS | Op: XOR A: 0xc4e5 B: 0x4c50 -> Res=0x88b5 Z=0
PASS | Op: OR A: 0xd686 B: 0xe129 -> Res=0xf7af Z=0
PASS | Op: ADD A: 0xed86 B: 0x8b8f -> Res=0x7915 Z=0
PASS | Op: SUB A: 0xf9cf B: 0x6a8d -> Res=0x8f42 Z=0
PASS | Op: ADD A: 0x1ada B: 0xcce1 -> Res=0xe7bb Z=0
PASS | Op: XOR A: 0xce24 B: 0x536a -> Res=0x9d4e Z=0
PASS | Op: SUB A: 0x31cd B: 0x3c28 -> Res=0xf5a5 Z=0
PASS | Op: ADD A: 0xdf3 B: 0x189f -> Res=0x2692 Z=0
PASS | Op: XOR A: 0x4e11 B: 0xf6f4 -> Res=0xb8e5 Z=0
PASS | Op: OR A: 0x7896 B: 0xff2d -> Res=0xffbf Z=0
PASS | Op: ADD A: 0x5b33 B: 0xf437 -> Res=0x4f6a Z=0
PASS | Op: XOR A: 0x5ec6 B: 0x44a2 -> Res=0x1a64 Z=0
PASS | Op: XOR A: 0xc8e4 B: 0xd1fc -> Res=0x1918 Z=0
PASS | Op: XOR A: 0x5fff B: 0xf09c -> Res=0xaf63 Z=0
PASS | Op: ADD A: 0x92b9 B: 0xe056 -> Res=0x730f Z=0
PASS | Op: ADD A: 0x2cd B: 0x6fa2 -> Res=0x726f Z=0
PASS | Op: ADD A: 0xa20e B: 0x83da -> Res=0x25e8 Z=0
PASS | Op: SUB A: 0xe007 B: 0xf98b -> Res=0xe67c Z=0
PASS | Op: XOR A: 0x1d2 B: 0x6ccd -> Res=0x6d1f Z=0
PASS | Op: AND A: 0x32c3 B: 0x260f -> Res=0x2203 Z=0
PASS | Op: ADD A: 0xe8e5 B: 0x9b7 -> Res=0xf29c Z=0
PASS | Op: XOR A: 0xb9e0 B: 0x1cbd -> Res=0xa55d Z=0
PASS | Op: XOR A: 0xda17 B: 0xee50 -> Res=0x3447 Z=0
PASS | Op: XOR A: 0xde9c B: 0x3d69 -> Res=0xe3f5 Z=0
PASS | Op: XOR A: 0x9782 B: 0x955a -> Res=0x2d8 Z=0
PASS | Op: AND A: 0x4d54 B: 0xf7a4 -> Res=0x4504 Z=0
PASS | Op: XOR A: 0xa63 B: 0x6087 -> Res=0x6ae4 Z=0
PASS | Op: XOR A: 0x9473 B: 0xe5cb -> Res=0x71b8 Z=0
PASS | Op: SUB A: 0x80e B: 0xd4fd -> Res=0x3311 Z=0
PASS | Op: XOR A: 0x796a B: 0xd762 -> Res=0xae08 Z=0
PASS | Op: XOR A: 0x410a B: 0xea8 -> Res=0x4fa2 Z=0
PASS | Op: AND A: 0xfc19 B: 0xe2eb -> Res=0xe009 Z=0
PASS | Op: ADD A: 0xf142 B: 0x9c12 -> Res=0x8d54 Z=0
PASS | Op: XOR A: 0xc9db B: 0x561b -> Res=0x9fc0 Z=0
PASS | Op: SUB A: 0x73bd B: 0x84f8 -> Res=0xeec5 Z=0
PASS | Op: SUB A: 0x6368 B: 0xe9f9 -> Res=0x796f Z=0
PASS | Op: SUB A: 0x5c40 B: 0x6221 -> Res=0xfa1f Z=0
PASS | Op: OR A: 0x8767 B: 0xfce4 -> Res=0xffe7 Z=0
PASS | Op: SUB A: 0x2f43 B: 0x9c9 -> Res=0x257a Z=0
PASS | Op: SUB A: 0xf390 B: 0x95f2 -> Res=0x5d9e Z=0
PASS | Op: SUB A: 0x72f7 B: 0xd988 -> Res=0x996f Z=0
PASS | Op: ADD A: 0x1ca9 B: 0x5d2b -> Res=0x79d4 Z=0
PASS | Op: XOR A: 0x79a0 B: 0x66bf -> Res=0x1f1f Z=0
PASS | Op: ADD A: 0x3f3e B: 0x1068 -> Res=0x4fa6 Z=0
PASS | Op: AND A: 0xc6cf B: 0xb4a1 -> Res=0x8481 Z=0
PASS | Op: SUB A: 0xb214 B: 0xbcdf -> Res=0xf535 Z=0
PASS | Op: SUB A: 0x1720 B: 0xb502 -> Res=0x621e Z=0
PASS | Op: AND A: 0xdb6d B: 0xf611 -> Res=0xd201 Z=0
PASS | Op: OR A: 0x866a B: 0x3b6e -> Res=0xbf6e Z=0
PASS | Op: XOR A: 0xa716 B: 0x4ed1 -> Res=0xe9c7 Z=0
PASS | Op: XOR A: 0x3f98 B: 0xa576 -> Res=0x9aee Z=0
PASS | Op: OR A: 0x7986 B: 0xd45 -> Res=0x7dc7 Z=0
PASS | Op: AND A: 0xacd2 B: 0xf0ae -> Res=0xa082 Z=0
PASS | Op: AND A: 0x7d65 B: 0xb80c -> Res=0x3804 Z=0
PASS | Op: XOR A: 0xa781 B: 0x3410 -> Res=0x9391 Z=0
PASS | Op: ADD A: 0xd612 B: 0xe4 -> Res=0xd6f6 Z=0
PASS | Op: OR A: 0x5b32 B: 0xe294 -> Res=0xfbb6 Z=0
PASS | Op: OR A: 0xa0d4 B: 0x2d89 -> Res=0xaddd Z=0
PASS | Op: ADD A: 0x637 B: 0xbfe4 -> Res=0xc61b Z=0
PASS | Op: XOR A: 0x7adb B: 0x4fc8 -> Res=0x3513 Z=0
PASS | Op: SUB A: 0xc68b B: 0x8277 -> Res=0x4414 Z=0
PASS | Op: ADD A: 0xf219 B: 0x65c1 -> Res=0x57da Z=0
PASS | Op: XOR A: 0xcf21 B: 0x7fc5 -> Res=0xb0e4 Z=0
PASS | Op: ADD A: 0x25e B: 0xad0 -> Res=0xd2e Z=0
PASS | Op: ADD A: 0xb663 B: 0x4fcc -> Res=0x62f Z=0
PASS | Op: SUB A: 0xe B: 0x3c97 -> Res=0xc377 Z=0
PASS | Op: OR A: 0xaa2 B: 0xdb3f -> Res=0xdbbf Z=0
PASS | Op: AND A: 0x9268 B: 0x4764 -> Res=0x260 Z=0
PASS | Op: XOR A: 0x946a B: 0x9ff2 -> Res=0xb98 Z=0
PASS | Op: OR A: 0x8296 B: 0xeaed -> Res=0xeaff Z=0
PASS | Op: ADD A: 0x9b65 B: 0xbb1 -> Res=0xa716 Z=0
PASS | Op: SUB A: 0x3035 B: 0x30fb -> Res=0xff3a Z=0
PASS | Op: XOR A: 0xa962 B: 0xa3f6 -> Res=0xa94 Z=0
PASS | Op: ADD A: 0x3475 B: 0xc81c -> Res=0xfc91 Z=0
PASS | Op: XOR A: 0x3eb9 B: 0xb9a5 -> Res=0x871c Z=0
PASS | Op: ADD A: 0x879b B: 0x815b -> Res=0x8f6 Z=0
PASS | Op: ADD A: 0xdd59 B: 0xa0c6 -> Res=0x7e1f Z=0
PASS | Op: XOR A: 0xe9ab B: 0x5065 -> Res=0xb9ce Z=0
PASS | Op: XOR A: 0x43c2 B: 0xec6a -> Res=0xafa8 Z=0
PASS | Op: XOR A: 0x8d42 B: 0xf930 -> Res=0x7472 Z=0
PASS | Op: ADD A: 0x9fb2 B: 0xf507 -> Res=0x94b9 Z=0
PASS | Op: SUB A: 0x49cd B: 0x89b8 -> Res=0xc015 Z=0
PASS | Op: ADD A: 0xaf97 B: 0x4d9c -> Res=0xfd33 Z=0
PASS | Op: XOR A: 0x9c69 B: 0x1676 -> Res=0x8a1f Z=0
PASS | Op: XOR A: 0xe18c B: 0x5bb -> Res=0xe437 Z=0
PASS | Op: ADD A: 0x1ba B: 0xb21 -> Res=0xcdb Z=0
PASS | Op: ADD A: 0xe3ad B: 0xfc1d -> Res=0xdfca Z=0
PASS | Op: ADD A: 0xe256 B: 0x9313 -> Res=0x7569 Z=0
PASS | Op: SUB A: 0xac75 B: 0x1f38 -> Res=0x8d3d Z=0
PASS | Op: OR A: 0xf1bc B: 0xd0d9 -> Res=0xf1fd Z=0
PASS | Op: SUB A: 0x1f36 B: 0x90c7 -> Res=0x8e6f Z=0
PASS | Op: OR A: 0xe38b B: 0xb92e -> Res=0xfbaf Z=0
PASS | Op: AND A: 0x712c B: 0x87fb -> Res=0x128 Z=0
PASS | Op: OR A: 0x4af6 B: 0xd40e -> Res=0xdefe Z=0
PASS | Op: AND A: 0xda8d B: 0x66fc -> Res=0x428c Z=0
PASS | Op: AND A: 0x799f B: 0xbc6e -> Res=0x380e Z=0
PASS | Op: AND A: 0x1d57 B: 0x4a07 -> Res=0x807 Z=0
PASS | Op: ADD A: 0xd283 B: 0xdc69 -> Res=0xaeec Z=0
PASS | Op: ADD A: 0xc170 B: 0x2294 -> Res=0xe404 Z=0
PASS | Op: AND A: 0x3305 B: 0x4d7c -> Res=0x104 Z=0
PASS | Op: ADD A: 0x7efd B: 0xc0b5 -> Res=0x3fb2 Z=0
PASS | Op: ADD A: 0x160 B: 0xcbb3 -> Res=0xcd13 Z=0
PASS | Op: SUB A: 0xb1d8 B: 0xceaf -> Res=0xe329 Z=0
PASS | Op: ADD A: 0xbc35 B: 0xc372 -> Res=0x7fa7 Z=0
PASS | Op: XOR A: 0x1ee8 B: 0xb4df -> Res=0xaa37 Z=0
PASS | Op: ADD A: 0xf66c B: 0x7d6a -> Res=0x73d6 Z=0
PASS | Op: XOR A: 0xffaf B: 0xf313 -> Res=0xcbc Z=0
PASS | Op: ADD A: 0x4736 B: 0xbbb2 -> Res=0x2e8 Z=0
PASS | Op: XOR A: 0xea91 B: 0xa63e -> Res=0x4caf Z=0
PASS | Op: XOR A: 0x1878 B: 0x96fa -> Res=0x8e82 Z=0
PASS | Op: ADD A: 0xc50c B: 0xb883 -> Res=0x7d8f Z=0
PASS | Op: XOR A: 0xd4e3 B: 0x2a04 -> Res=0xfee7 Z=0
PASS | Op: ADD A: 0x7c3b B: 0x900c -> Res=0xc47 Z=0
PASS | Op: ADD A: 0x954b B: 0xd847 -> Res=0x6d92 Z=0
PASS | Op: OR A: 0x390e B: 0xf338 -> Res=0xfb3e Z=0
PASS | Op: XOR A: 0xa6a3 B: 0x3eb5 -> Res=0x9816 Z=0
PASS | Op: SUB A: 0x36ef B: 0x53e3 -> Res=0xe30c Z=0
PASS | Op: SUB A: 0xe20a B: 0x1bf2 -> Res=0xc618 Z=0
PASS | Op: ADD A: 0xaf4b B: 0x3688 -> Res=0xe5d3 Z=0
PASS | Op: SUB A: 0xf086 B: 0xea18 -> Res=0x66e Z=0
PASS | Op: XOR A: 0xc22d B: 0xf7b3 -> Res=0x359e Z=0
PASS | Op: ADD A: 0x61e9 B: 0x7e7a -> Res=0xe063 Z=0
PASS | Op: XOR A: 0x52a1 B: 0xc3c6 -> Res=0x9167 Z=0
PASS | Op: SUB A: 0xd1f8 B: 0x41b2 -> Res=0x9046 Z=0
PASS | Op: AND A: 0x1264 B: 0xde30 -> Res=0x1220 Z=0
PASS | Op: OR A: 0x26ad B: 0x442a -> Res=0x66af Z=0
PASS | Op: AND A: 0xb7c4 B: 0x5ab8 -> Res=0x1280 Z=0
PASS | Op: ADD A: 0xbfae B: 0x3336 -> Res=0xf2e4 Z=0
PASS | Op: ADD A: 0xace3 B: 0x60d6 -> Res=0xdb9 Z=0
PASS | Op: XOR A: 0xba71 B: 0x421 -> Res=0xbe50 Z=0
PASS | Op: OR A: 0x205 B: 0x1868 -> Res=0x1a6d Z=0
PASS | Op: SUB A: 0x3f84 B: 0xa58f -> Res=0x99f5 Z=0
PASS | Op: AND A: 0xc671 B: 0xd9ae -> Res=0xc020 Z=0
PASS | Op: XOR A: 0xcc2b B: 0x2fce -> Res=0xe3e5 Z=0
PASS | Op: XOR A: 0xceac B: 0x3ff7 -> Res=0xf15b Z=0
PASS | Op: SUB A: 0x7020 B: 0x958c -> Res=0xda94 Z=0
PASS | Op: OR A: 0xff6a B: 0xa843 -> Res=0xff6b Z=0
PASS | Op: AND A: 0xc36f B: 0x4fce -> Res=0x434e Z=0
PASS | Op: XOR A: 0x3c56 B: 0x48ee -> Res=0x74b8 Z=0
PASS | Op: ADD A: 0xab05 B: 0xa10 -> Res=0xb515 Z=0
PASS | Op: XOR A: 0xf7e2 B: 0xd84e -> Res=0x2fac Z=0
PASS | Op: AND A: 0xcc8b B: 0xdc04 -> Res=0xcc00 Z=0
PASS | Op: AND A: 0x4a1e B: 0x823e -> Res=0x21e Z=0
PASS | Op: XOR A: 0xf5aa B: 0xd4da -> Res=0x2170 Z=0
PASS | Op: SUB A: 0x8afa B: 0xdab1 -> Res=0xb049 Z=0
PASS | Op: XOR A: 0x453f B: 0xa8a9 -> Res=0xed96 Z=0
PASS | Op: ADD A: 0x941d B: 0x8984 -> Res=0x1da1 Z=0
PASS | Op: OR A: 0x727c B: 0x7857 -> Res=0x7a7f Z=0
PASS | Op: XOR A: 0x83a0 B: 0xf6da -> Res=0x757a Z=0
PASS | Op: ADD A: 0xa20f B: 0xdf13 -> Res=0x8122 Z=0
PASS | Op: ADD A: 0x743b B: 0xaae8 -> Res=0x1f23 Z=0
PASS | Op: XOR A: 0x9611 B: 0xc869 -> Res=0x5e78 Z=0
PASS | Op: ADD A: 0x29ca B: 0x83a -> Res=0x3204 Z=0
PASS | Op: AND A: 0x2ed6 B: 0x2937 -> Res=0x2816 Z=0
PASS | Op: OR A: 0x13fc B: 0x218d -> Res=0x33fd Z=0
PASS | Op: ADD A: 0x7b9e B: 0xe933 -> Res=0x64d1 Z=0
PASS | Op: XOR A: 0x36f6 B: 0xe5f8 -> Res=0xd30e Z=0
PASS | Op: ADD A: 0x9393 B: 0x523e -> Res=0xe5d1 Z=0
PASS | Op: OR A: 0x55bf B: 0xc9d5 -> Res=0xddff Z=0
PASS | Op: AND A: 0xb2e1 B: 0x771b -> Res=0x3201 Z=0
PASS | Op: XOR A: 0x52b3 B: 0x568 -> Res=0x57db Z=0
PASS | Op: XOR A: 0x3fe B: 0x71e3 -> Res=0x721d Z=0
PASS | Op: XOR A: 0x819e B: 0x4353 -> Res=0xc2cd Z=0
PASS | Op: SUB A: 0x3a54 B: 0x675 -> Res=0x33df Z=0
PASS | Op: XOR A: 0xdb2b B: 0xb2a8 -> Res=0x6983 Z=0
PASS | Op: AND A: 0x977a B: 0x6000 -> Res=0x0 Z=0
PASS | Op: ADD A: 0xe4e7 B: 0xa40e -> Res=0x88f5 Z=0
PASS | Op: SUB A: 0xa28f B: 0xf568 -> Res=0xad27 Z=0
PASS | Op: AND A: 0x8629 B: 0x4059 -> Res=0x9 Z=0
PASS | Op: XOR A: 0x60ff B: 0x3717 -> Res=0x57e8 Z=0
PASS | Op: SUB A: 0x323 B: 0x83dd -> Res=0x7f46 Z=0
PASS | Op: XOR A: 0xf4a6 B: 0x7300 -> Res=0x87a6 Z=0
PASS | Op: XOR A: 0xa064 B: 0x1983 -> Res=0xb9e7 Z=0
PASS | Op: AND A: 0x5af5 B: 0x925b -> Res=0x1251 Z=0
PASS | Op: ADD A: 0x6fcb B: 0x6017 -> Res=0xcfe2 Z=0
PASS | Op: XOR A: 0x5dfd B: 0x50bc -> Res=0xd41 Z=0
PASS | Op: OR A: 0x1162 B: 0x4aa5 -> Res=0x5be7 Z=0
PASS | Op: ADD A: 0x853f B: 0xd507 -> Res=0x5a46 Z=0
PASS | Op: XOR A: 0x2bc1 B: 0x2ca5 -> Res=0x764 Z=0
PASS | Op: ADD A: 0xe0df B: 0x1442 -> Res=0xf521 Z=0
PASS | Op: AND A: 0x6a64 B: 0xa28d -> Res=0x2204 Z=0
PASS | Op: AND A: 0x2df8 B: 0x3bfa -> Res=0x29f8 Z=0
PASS | Op: XOR A: 0x8808 B: 0x1630 -> Res=0x9e38 Z=0
PASS | Op: ADD A: 0x80dd B: 0x110f -> Res=0x91ec Z=0
PASS | Op: ADD A: 0x75b0 B: 0x7e3a -> Res=0xf3ea Z=0
PASS | Op: OR A: 0x7723 B: 0x2eb0 -> Res=0x7fb3 Z=0
PASS | Op: ADD A: 0xe160 B: 0x8884 -> Res=0x69e4 Z=0
PASS | Op: SUB A: 0xaf68 B: 0xa2f8 -> Res=0xc70 Z=0
PASS | Op: OR A: 0xdb50 B: 0xb84a -> Res=0xfb5a Z=0
PASS | Op: XOR A: 0x10c7 B: 0x8494 -> Res=0x9453 Z=0
PASS | Op: XOR A: 0xa739 B: 0x9f93 -> Res=0x38aa Z=0
PASS | Op: XOR A: 0x6ed8 B: 0xe129 -> Res=0x8ff1 Z=0
PASS | Op: SUB A: 0xef2b B: 0x71df -> Res=0x7d4c Z=0
PASS | Op: AND A: 0x2677 B: 0xe6dc -> Res=0x2654 Z=0
PASS | Op: ADD A: 0xce72 B: 0xba35 -> Res=0x88a7 Z=0
PASS | Op: ADD A: 0xc2b7 B: 0xfc32 -> Res=0xbee9 Z=0
PASS | Op: SUB A: 0x7a4 B: 0xea50 -> Res=0x1d54 Z=0
PASS | Op: AND A: 0x9bad B: 0xe829 -> Res=0x8829 Z=0
PASS | Op: XOR A: 0xdb6 B: 0xc4 -> Res=0xd72 Z=0
PASS | Op: XOR A: 0x1357 B: 0xdc05 -> Res=0xcf52 Z=0
PASS | Op: ADD A: 0xfa4c B: 0x5da5 -> Res=0x57f1 Z=0
PASS | Op: OR A: 0x52b5 B: 0xee03 -> Res=0xfeb7 Z=0
PASS | Op: XOR A: 0xf0ce B: 0xda3f -> Res=0x2af1 Z=0
PASS | Op: SUB A: 0x5b89 B: 0x5f90 -> Res=0xfbf9 Z=0
PASS | Op: XOR A: 0xa605 B: 0xc928 -> Res=0x6f2d Z=0
PASS | Op: SUB A: 0xef07 B: 0xc293 -> Res=0x2c74 Z=0
PASS | Op: AND A: 0x5897 B: 0xb279 -> Res=0x1011 Z=0
PASS | Op: XOR A: 0x9135 B: 0x7e68 -> Res=0xef5d Z=0
PASS | Op: SUB A: 0x75d8 B: 0x62e6 -> Res=0x12f2 Z=0
PASS | Op: SUB A: 0x5e1a B: 0xe5a8 -> Res=0x7872 Z=0
PASS | Op: OR A: 0x3017 B: 0xfca3 -> Res=0xfcb7 Z=0
PASS | Op: OR A: 0x2fb8 B: 0x1e4b -> Res=0x3ffb Z=0
PASS | Op: OR A: 0x1b2a B: 0x889 -> Res=0x1bab Z=0
PASS | Op: XOR A: 0xa424 B: 0x51ec -> Res=0xf5c8 Z=0
PASS | Op: XOR A: 0x53fd B: 0xb160 -> Res=0xe29d Z=0
PASS | Op: OR A: 0xc8d8 B: 0xef1c -> Res=0xefdc Z=0
PASS | Op: XOR A: 0x7dbd B: 0xec12 -> Res=0x91af Z=0
PASS | Op: XOR A: 0x287a B: 0x8b9a -> Res=0xa3e0 Z=0
PASS | Op: AND A: 0x294e B: 0x8c13 -> Res=0x802 Z=0
PASS | Op: XOR A: 0x2a91 B: 0x1f90 -> Res=0x3501 Z=0
PASS | Op: XOR A: 0x30d3 B: 0x2d89 -> Res=0x1d5a Z=0
PASS | Op: SUB A: 0xf1e4 B: 0x21a0 -> Res=0xd044 Z=0
PASS | Op: XOR A: 0x910f B: 0xb1bf -> Res=0x20b0 Z=0
PASS | Op: ADD A: 0xb66f B: 0xa238 -> Res=0x58a7 Z=0
PASS | Op: OR A: 0xb5ce B: 0xbb4c -> Res=0xbfce Z=0
PASS | Op: XOR A: 0x1578 B: 0x240c -> Res=0x3174 Z=0
PASS | Op: OR A: 0xf993 B: 0x2ced -> Res=0xfdff Z=0
PASS | Op: XOR A: 0xa2a9 B: 0x870e -> Res=0x25a7 Z=0
PASS | Op: ADD A: 0x8236 B: 0x427f -> Res=0xc4b5 Z=0
PASS | Op: ADD A: 0x280c B: 0x8b9 -> Res=0x30c5 Z=0
PASS | Op: ADD A: 0xe10c B: 0xd822 -> Res=0xb92e Z=0
PASS | Op: ADD A: 0x45c1 B: 0x48e8 -> Res=0x8ea9 Z=0
PASS | Op: ADD A: 0xd35 B: 0x9ee0 -> Res=0xac15 Z=0
PASS | Op: OR A: 0x718e B: 0xd319 -> Res=0xf39f Z=0
PASS | Op: XOR A: 0xd816 B: 0xc75a -> Res=0x1f4c Z=0
PASS | Op: ADD A: 0xa75a B: 0x57a5 -> Res=0xfeff Z=0
PASS | Op: ADD A: 0x1225 B: 0xa854 -> Res=0xba79 Z=0
PASS | Op: XOR A: 0x5874 B: 0xfad5 -> Res=0xa2a1 Z=0
PASS | Op: AND A: 0x7991 B: 0x3f2 -> Res=0x190 Z=0
PASS | Op: AND A: 0xfe1b B: 0xd1d2 -> Res=0xd012 Z=0
PASS | Op: ADD A: 0x4cbe B: 0x9fa0 -> Res=0xec5e Z=0
PASS | Op: ADD A: 0xf999 B: 0xa0f8 -> Res=0x9a91 Z=0
PASS | Op: SUB A: 0x390b B: 0xe285 -> Res=0x5686 Z=0
PASS | Op: XOR A: 0x2c23 B: 0xe871 -> Res=0xc452 Z=0
PASS | Op: ADD A: 0x3dec B: 0x4538 -> Res=0x8324 Z=0
PASS | Op: XOR A: 0xa275 B: 0x56d0 -> Res=0xf4a5 Z=0
PASS | Op: AND A: 0x103c B: 0xbb3c -> Res=0x103c Z=0
PASS | Op: ADD A: 0x268e B: 0x8dbe -> Res=0xb44c Z=0
PASS | Op: XOR A: 0x7aee B: 0x1b -> Res=0x7af5 Z=0
PASS | Op: XOR A: 0x49f8 B: 0x7a5b -> Res=0x33a3 Z=0
PASS | Op: OR A: 0x5b6a B: 0xc1ba -> Res=0xdbfa Z=0
PASS | Op: XOR A: 0x3016 B: 0x45a8 -> Res=0x75be Z=0
PASS | Op: XOR A: 0xb708 B: 0x172e -> Res=0xa026 Z=0
PASS | Op: XOR A: 0x3fa6 B: 0xa444 -> Res=0x9be2 Z=0
PASS | Op: ADD A: 0xc978 B: 0x6a21 -> Res=0x3399 Z=0
PASS | Op: ADD A: 0x7bc B: 0xae27 -> Res=0xb5e3 Z=0
PASS | Op: XOR A: 0x7c22 B: 0xee1a -> Res=0x9238 Z=0
PASS | Op: XOR A: 0x635b B: 0x8e19 -> Res=0xed42 Z=0
PASS | Op: ADD A: 0x7da8 B: 0x751b -> Res=0xf2c3 Z=0
PASS | Op: SUB A: 0x2c8c B: 0x34ed -> Res=0xf79f Z=0
PASS | Op: AND A: 0x2ab8 B: 0x7a50 -> Res=0x2a10 Z=0
PASS | Op: XOR A: 0x5740 B: 0x412a -> Res=0x166a Z=0
PASS | Op: ADD A: 0xb00f B: 0xe6a8 -> Res=0x96b7 Z=0
PASS | Op: AND A: 0xf65a B: 0xdde8 -> Res=0xd448 Z=0
PASS | Op: ADD A: 0xd33c B: 0x9077 -> Res=0x63b3 Z=0
PASS | Op: AND A: 0x3165 B: 0xa195 -> Res=0x2105 Z=0
PASS | Op: XOR A: 0x9b2a B: 0x2451 -> Res=0xbf7b Z=0
PASS | Op: XOR A: 0x986a B: 0xc5ee -> Res=0x5d84 Z=0
PASS | Op: SUB A: 0xd6a7 B: 0xe9ed -> Res=0xecba Z=0
PASS | Op: XOR A: 0x4bc7 B: 0x4d63 -> Res=0x6a4 Z=0
PASS | Op: SUB A: 0xd6c5 B: 0xbefb -> Res=0x17ca Z=0
PASS | Op: ADD A: 0xdc7e B: 0x9f9a -> Res=0x7c18 Z=0
PASS | Op: SUB A: 0xa8fa B: 0x2f72 -> Res=0x7988 Z=0
PASS | Op: SUB A: 0x1e09 B: 0x18e8 -> Res=0x521 Z=0
PASS | Op: AND A: 0x97a8 B: 0x4ac -> Res=0x4a8 Z=0
PASS | Op: ADD A: 0xbf94 B: 0x3a71 -> Res=0xfa05 Z=0
PASS | Op: XOR A: 0x5858 B: 0xef9a -> Res=0xb7c2 Z=0
PASS | Op: ADD A: 0x1607 B: 0x1fbe -> Res=0x35c5 Z=0
PASS | Op: AND A: 0x2ad1 B: 0x38e7 -> Res=0x28c1 Z=0
PASS | Op: XOR A: 0x90ac B: 0xc491 -> Res=0x543d Z=0
PASS | Op: SUB A: 0x5e12 B: 0x7bdc -> Res=0xe236 Z=0
PASS | Op: SUB A: 0x3439 B: 0xb3af -> Res=0x808a Z=0
PASS | Op: SUB A: 0xdc76 B: 0xc740 -> Res=0x1536 Z=0
PASS | Op: XOR A: 0x770e B: 0x2e55 -> Res=0x595b Z=0
PASS | Op: AND A: 0x819f B: 0x43c0 -> Res=0x180 Z=0
PASS | Op: AND A: 0x8ad4 B: 0xe1f4 -> Res=0x80d4 Z=0
PASS | Op: XOR A: 0xee1a B: 0xa66c -> Res=0x4876 Z=0
PASS | Op: XOR A: 0xa40c B: 0x4335 -> Res=0xe739 Z=0
PASS | Op: XOR A: 0x1862 B: 0x1aec -> Res=0x28e Z=0
PASS | Op: XOR A: 0x253a B: 0x85df -> Res=0xa0e5 Z=0
PASS | Op: ADD A: 0x26a1 B: 0xc981 -> Res=0xf022 Z=0
PASS | Op: AND A: 0x62a6 B: 0xf2f5 -> Res=0x62a4 Z=0
PASS | Op: OR A: 0x1c4c B: 0xfd44 -> Res=0xfd4c Z=0
PASS | Op: XOR A: 0xe01a B: 0x920c -> Res=0x7216 Z=0
PASS | Op: AND A: 0x61fb B: 0xf2c1 -> Res=0x60c1 Z=0
PASS | Op: XOR A: 0x1e3d B: 0x8fff -> Res=0x91c2 Z=0
PASS | Op: XOR A: 0x88f4 B: 0x6f85 -> Res=0xe771 Z=0
PASS | Op: XOR A: 0xc5c B: 0xfa0 -> Res=0x3fc Z=0
PASS | Op: XOR A: 0x252c B: 0xbcfb -> Res=0x99d7 Z=0
PASS | Op: SUB A: 0xc6fd B: 0xbeab -> Res=0x852 Z=0
PASS | Op: XOR A: 0x1929 B: 0xbec4 -> Res=0xa7ed Z=0
PASS | Op: ADD A: 0x1390 B: 0x4c3b -> Res=0x5fcb Z=0
PASS | Op: XOR A: 0xc238 B: 0x4696 -> Res=0x84ae Z=0
PASS | Op: AND A: 0xe25a B: 0xa9f9 -> Res=0xa058 Z=0
PASS | Op: ADD A: 0x990 B: 0xef9a -> Res=0xf92a Z=0
PASS | Op: ADD A: 0xf18d B: 0x9a7d -> Res=0x8c0a Z=0
PASS | Op: XOR A: 0x7f69 B: 0xae53 -> Res=0xd13a Z=0
PASS | Op: ADD A: 0x9c8f B: 0x3611 -> Res=0xd2a0 Z=0
PASS | Op: OR A: 0x5434 B: 0xec03 -> Res=0xfc37 Z=0
PASS | Op: SUB A: 0x3d10 B: 0x15a9 -> Res=0x2767 Z=0
PASS | Op: AND A: 0x2f16 B: 0x3e55 -> Res=0x2e14 Z=0
PASS | Op: OR A: 0xc0bd B: 0xde59 -> Res=0xdefd Z=0
PASS | Op: OR A: 0x65c1 B: 0x5b63 -> Res=0x7fe3 Z=0
PASS | Op: XOR A: 0x9fb7 B: 0xd2d6 -> Res=0x4d61 Z=0
PASS | Op: AND A: 0x35b6 B: 0xd5e9 -> Res=0x15a0 Z=0
PASS | Op: AND A: 0xa108 B: 0x9f9f -> Res=0x8108 Z=0
PASS | Op: AND A: 0x5b25 B: 0x19ea -> Res=0x1920 Z=0
PASS | Op: ADD A: 0x202f B: 0x1bc7 -> Res=0x3bf6 Z=0
PASS | Op: XOR A: 0x62e B: 0xdc6d -> Res=0xda43 Z=0
PASS | Op: ADD A: 0xe63f B: 0x1508 -> Res=0xfb47 Z=0
PASS | Op: SUB A: 0x7ea6 B: 0x6b83 -> Res=0x1323 Z=0
PASS | Op: XOR A: 0x6aa1 B: 0x9e9 -> Res=0x6348 Z=0
PASS | Op: OR A: 0x7c82 B: 0xaafb -> Res=0xfefb Z=0
PASS | Op: ADD A: 0xfa4d B: 0xed76 -> Res=0xe7c3 Z=0
PASS | Op: XOR A: 0x6441 B: 0xfcee -> Res=0x98af Z=0
PASS | Op: OR A: 0x622 B: 0x85ab -> Res=0x87ab Z=0
PASS | Op: ADD A: 0x80fb B: 0xcf87 -> Res=0x5082 Z=0
PASS | Op: ADD A: 0x4053 B: 0x7d1a -> Res=0xbd6d Z=0
PASS | Op: XOR A: 0x9b41 B: 0x76ce -> Res=0xed8f Z=0
PASS | Op: ADD A: 0x6ab4 B: 0x4a55 -> Res=0xb509 Z=0
PASS | Op: XOR A: 0x5d29 B: 0x7f91 -> Res=0x22b8 Z=0
PASS | Op: SUB A: 0x9d62 B: 0x3cb2 -> Res=0x60b0 Z=0
PASS | Op: ADD A: 0x342e B: 0x793 -> Res=0x3bc1 Z=0
PASS | Op: XOR A: 0x17af B: 0x4681 -> Res=0x512e Z=0
PASS | Op: OR A: 0xceec B: 0xe9da -> Res=0xeffe Z=0
PASS | Op: SUB A: 0xe4a0 B: 0x27fd -> Res=0xbca3 Z=0
PASS | Op: ADD A: 0x9a5c B: 0xc958 -> Res=0x63b4 Z=0
PASS | Op: XOR A: 0x5111 B: 0xddef -> Res=0x8cfe Z=0
PASS | Op: SUB A: 0x35a4 B: 0x8f0a -> Res=0xa69a Z=0
PASS | Op: OR A: 0xca45 B: 0x9204 -> Res=0xda45 Z=0
PASS | Op: XOR A: 0xd2fb B: 0x2fea -> Res=0xfd11 Z=0
PASS | Op: ADD A: 0x3bf4 B: 0x2ad9 -> Res=0x66cd Z=0
PASS | Op: ADD A: 0xa058 B: 0x1ad7 -> Res=0xbb2f Z=0
PASS | Op: SUB A: 0x761b B: 0xbde2 -> Res=0xb839 Z=0
PASS | Op: XOR A: 0x3f90 B: 0xd2a1 -> Res=0xed31 Z=0
PASS | Op: AND A: 0x9a5c B: 0x393d -> Res=0x181c Z=0
PASS | Op: XOR A: 0x3280 B: 0xac07 -> Res=0x9e87 Z=0
PASS | Op: AND A: 0xe9c9 B: 0x8f89 -> Res=0x8989 Z=0
PASS | Op: OR A: 0x6b30 B: 0x6a8d -> Res=0x6bbd Z=0
PASS | Op: OR A: 0x104a B: 0x249a -> Res=0x34da Z=0
PASS | Op: SUB A: 0x76bd B: 0xc227 -> Res=0xb496 Z=0
PASS | Op: AND A: 0x1d59 B: 0x9037 -> Res=0x1011 Z=0
PASS | Op: ADD A: 0x453b B: 0x911d -> Res=0xd658 Z=0
PASS | Op: ADD A: 0xe184 B: 0xa892 -> Res=0x8a16 Z=0
PASS | Op: AND A: 0x4cc8 B: 0xa17f -> Res=0x48 Z=0
PASS | Op: XOR A: 0x4c12 B: 0x8ffb -> Res=0xc3e9 Z=0
PASS | Op: XOR A: 0xf2f7 B: 0xe0d5 -> Res=0x1222 Z=0
PASS | Op: XOR A: 0x6613 B: 0xa0bc -> Res=0xc6af Z=0
PASS | Op: SUB A: 0x1027 B: 0x75f7 -> Res=0x9a30 Z=0
PASS | Op: ADD A: 0x50fe B: 0x80a4 -> Res=0xd1a2 Z=0
PASS | Op: AND A: 0x9ff2 B: 0x32d4 -> Res=0x12d0 Z=0
PASS | Op: SUB A: 0xd491 B: 0xb3c0 -> Res=0x20d1 Z=0
PASS | Op: XOR A: 0x8f0a B: 0xfef -> Res=0x80e5 Z=0
PASS | Op: ADD A: 0xe960 B: 0x4b3b -> Res=0x349b Z=0
PASS | Op: XOR A: 0xe670 B: 0xbd4c -> Res=0x5b3c Z=0
PASS | Op: SUB A: 0x9ff8 B: 0x7e93 -> Res=0x2165 Z=0
PASS | Op: XOR A: 0x158 B: 0xcdcf -> Res=0xcc97 Z=0
PASS | Op: SUB A: 0x6bab B: 0xb403 -> Res=0xb7a8 Z=0
PASS | Op: XOR A: 0xba3c B: 0xbf19 -> Res=0x525 Z=0
PASS | Op: OR A: 0xde3d B: 0x432e -> Res=0xdf3f Z=0
PASS | Op: SUB A: 0x3efd B: 0x3a7 -> Res=0x3b56 Z=0
PASS | Op: ADD A: 0x1040 B: 0x51c7 -> Res=0x6207 Z=0
PASS | Op: XOR A: 0x8e2d B: 0xabc8 -> Res=0x25e5 Z=0
PASS | Op: AND A: 0xf542 B: 0x478d -> Res=0x4500 Z=0
PASS | Op: ADD A: 0x81e9 B: 0x7ee1 -> Res=0xca Z=0
PASS | Op: ADD A: 0x1339 B: 0x13c7 -> Res=0x2700 Z=0
PASS | Op: OR A: 0xf0f8 B: 0xdaf6 -> Res=0xfafe Z=0
PASS | Op: ADD A: 0xc64 B: 0x92d7 -> Res=0x9f3b Z=0
PASS | Op: ADD A: 0xe3ad B: 0x6763 -> Res=0x4b10 Z=0
PASS | Op: ADD A: 0x3a53 B: 0xb27b -> Res=0xecce Z=0
PASS | Op: SUB A: 0xf2e7 B: 0x8f4a -> Res=0x639d Z=0
PASS | Op: XOR A: 0x1c13 B: 0xc82f -> Res=0xd43c Z=0
PASS | Op: OR A: 0xc823 B: 0x9e0d -> Res=0xde2f Z=0
PASS | Op: OR A: 0x490a B: 0x1e46 -> Res=0x5f4e Z=0
PASS | Op: OR A: 0x676a B: 0xc93c -> Res=0xef7e Z=0
PASS | Op: SUB A: 0x7771 B: 0x26b9 -> Res=0x50b8 Z=0
PASS | Op: AND A: 0xd44b B: 0x2338 -> Res=0x8 Z=0
PASS | Op: XOR A: 0xe283 B: 0x694f -> Res=0x8bcc Z=0
PASS | Op: XOR A: 0x8eba B: 0x1649 -> Res=0x98f3 Z=0
PASS | Op: ADD A: 0xf6c6 B: 0xb043 -> Res=0xa709 Z=0
PASS | Op: ADD A: 0xb24a B: 0xf6ec -> Res=0xa936 Z=0
PASS | Op: XOR A: 0x7b73 B: 0x1fbb -> Res=0x64c8 Z=0
PASS | Op: ADD A: 0x9483 B: 0xf266 -> Res=0x86e9 Z=0
PASS | Op: SUB A: 0xba09 B: 0xaacd -> Res=0xf3c Z=0
PASS | Op: ADD A: 0xd0b4 B: 0x3ee5 -> Res=0xf99 Z=0
PASS | Op: ADD A: 0xc1a7 B: 0xf348 -> Res=0xb4ef Z=0
PASS | Op: SUB A: 0x6d3d B: 0x47d5 -> Res=0x2568 Z=0
PASS | Op: XOR A: 0xf4df B: 0xf2d6 -> Res=0x609 Z=0
PASS | Op: XOR A: 0x6a4c B: 0x3060 -> Res=0x5a2c Z=0
PASS | Op: SUB A: 0x9867 B: 0x22a3 -> Res=0x75c4 Z=0
PASS | Op: XOR A: 0xa929 B: 0xae83 -> Res=0x7aa Z=0
PASS | Op: ADD A: 0x74f5 B: 0xa1e9 -> Res=0x16de Z=0
PASS | Op: ADD A: 0x394b B: 0x402 -> Res=0x3d4d Z=0
PASS | Op: OR A: 0xeda1 B: 0x2fc2 -> Res=0xefe3 Z=0
PASS | Op: ADD A: 0x8da2 B: 0x815c -> Res=0xefe Z=0
PASS | Op: SUB A: 0xa006 B: 0xd2e -> Res=0x92d8 Z=0
PASS | Op: XOR A: 0x48e6 B: 0x899 -> Res=0x407f Z=0
PASS | Op: OR A: 0x88e B: 0x66e2 -> Res=0x6eee Z=0
PASS | Op: AND A: 0x8b96 B: 0x7681 -> Res=0x280 Z=0
PASS | Op: XOR A: 0x191d B: 0x7ea6 -> Res=0x67bb Z=0
PASS | Op: OR A: 0xb115 B: 0x9211 -> Res=0xb315 Z=0
PASS | Op: ADD A: 0xbdd8 B: 0x5db1 -> Res=0x1b89 Z=0
PASS | Op: AND A: 0x2af3 B: 0xaef3 -> Res=0x2af3 Z=0
PASS | Op: AND A: 0x353d B: 0x4106 -> Res=0x104 Z=0
PASS | Op: XOR A: 0x305d B: 0xcb73 -> Res=0xfb2e Z=0
PASS | Op: XOR A: 0x25b4 B: 0x4532 -> Res=0x6086 Z=0
PASS | Op: AND A: 0x422a B: 0xf9d4 -> Res=0x4000 Z=0
PASS | Op: AND A: 0x3d14 B: 0xa88a -> Res=0x2800 Z=0
PASS | Op: ADD A: 0x9537 B: 0xcd4a -> Res=0x6281 Z=0
PASS | Op: XOR A: 0xe069 B: 0xf1e1 -> Res=0x1188 Z=0
PASS | Op: XOR A: 0xf2eb B: 0x7a5 -> Res=0xf54e Z=0
PASS | Op: SUB A: 0x6504 B: 0xed54 -> Res=0x77b0 Z=0
PASS | Op: AND A: 0x9e95 B: 0x6622 -> Res=0x600 Z=0
PASS | Op: AND A: 0x9c66 B: 0x498a -> Res=0x802 Z=0
PASS | Op: SUB A: 0xc52e B: 0xc490 -> Res=0x9e Z=0
PASS | Op: SUB A: 0x8551 B: 0x6dff -> Res=0x1752 Z=0
PASS | Op: SUB A: 0x806a B: 0xd06d -> Res=0xaffd Z=0
PASS | Op: SUB A: 0x4b8c B: 0x255 -> Res=0x4937 Z=0
PASS | Op: XOR A: 0x4ab4 B: 0x5ce4 -> Res=0x1650 Z=0
PASS | Op: SUB A: 0x2c05 B: 0xdc00 -> Res=0x5005 Z=0
PASS | Op: OR A: 0x368f B: 0x6322 -> Res=0x77af Z=0
PASS | Op: SUB A: 0xe880 B: 0xdb93 -> Res=0xced Z=0
PASS | Op: AND A: 0xf839 B: 0xcad4 -> Res=0xc810 Z=0
PASS | Op: OR A: 0xb690 B: 0x32e5 -> Res=0xb6f5 Z=0
PASS | Op: XOR A: 0x4a76 B: 0xcbd7 -> Res=0x81a1 Z=0
PASS | Op: AND A: 0xcd7c B: 0x6e1e -> Res=0x4c1c Z=0
PASS | Op: XOR A: 0x5e77 B: 0x22c2 -> Res=0x7cb5 Z=0
PASS | Op: AND A: 0x5992 B: 0xe64c -> Res=0x4000 Z=0
PASS | Op: ADD A: 0xcd1 B: 0x4855 -> Res=0x5526 Z=0
PASS | Op: XOR A: 0xaa13 B: 0x5d0e -> Res=0xf71d Z=0
PASS | Op: SUB A: 0x4837 B: 0x9e85 -> Res=0xa9b2 Z=0
PASS | Op: XOR A: 0x1965 B: 0x276f -> Res=0x3e0a Z=0
PASS | Op: ADD A: 0x6425 B: 0x1646 -> Res=0x7a6b Z=0
PASS | Op: ADD A: 0x6cce B: 0x1352 -> Res=0x8020 Z=0
PASS | Op: OR A: 0xa304 B: 0x648d -> Res=0xe78d Z=0
PASS | Op: OR A: 0xc459 B: 0x8d7d -> Res=0xcd7d Z=0
PASS | Op: SUB A: 0x426e B: 0x7bcc -> Res=0xc6a2 Z=0
PASS | Op: OR A: 0x3403 B: 0x7d87 -> Res=0x7d87 Z=0
PASS | Op: SUB A: 0x61f9 B: 0x6a2c -> Res=0xf7cd Z=0
PASS | Op: XOR A: 0x22dd B: 0x110a -> Res=0x33d7 Z=0
PASS | Op: OR A: 0x7dfa B: 0x2095 -> Res=0x7dff Z=0
PASS | Op: ADD A: 0x4299 B: 0x7e4a -> Res=0xc0e3 Z=0
PASS | Op: XOR A: 0x2559 B: 0x489e -> Res=0x6dc7 Z=0
PASS | Op: ADD A: 0x6bfc B: 0x94c8 -> Res=0xc4 Z=0
PASS | Op: XOR A: 0x86b9 B: 0x629 -> Res=0x8090 Z=0
PASS | Op: SUB A: 0x2c3b B: 0x847a -> Res=0xa7c1 Z=0
PASS | Op: ADD A: 0x900 B: 0xaa05 -> Res=0xb305 Z=0
PASS | Op: OR A: 0x5d04 B: 0x5e70 -> Res=0x5f74 Z=0
PASS | Op: AND A: 0x932b B: 0x4d77 -> Res=0x123 Z=0
PASS | Op: AND A: 0xec67 B: 0x3fc9 -> Res=0x2c41 Z=0
PASS | Op: ADD A: 0xc096 B: 0x260c -> Res=0xe6a2 Z=0
PASS | Op: SUB A: 0xe9a1 B: 0xa378 -> Res=0x4629 Z=0
PASS | Op: ADD A: 0x88cd B: 0xcde2 -> Res=0x56af Z=0
PASS | Op: OR A: 0xa62c B: 0xe398 -> Res=0xe7bc Z=0
PASS | Op: ADD A: 0x5427 B: 0xd757 -> Res=0x2b7e Z=0
PASS | Op: SUB A: 0x2ae5 B: 0x80fb -> Res=0xa9ea Z=0
PASS | Op: ADD A: 0x6428 B: 0xd0d9 -> Res=0x3501 Z=0
PASS | Op: XOR A: 0xe6dd B: 0x65f1 -> Res=0x832c Z=0
PASS | Op: ADD A: 0x503f B: 0x8e64 -> Res=0xdea3 Z=0
PASS | Op: XOR A: 0x1b34 B: 0x244b -> Res=0x3f7f Z=0
PASS | Op: ADD A: 0xbf73 B: 0x2ae1 -> Res=0xea54 Z=0
PASS | Op: OR A: 0x512f B: 0x9de6 -> Res=0xddef Z=0
PASS | Op: AND A: 0x80f3 B: 0x2c1c -> Res=0x10 Z=0
PASS | Op: OR A: 0x23c B: 0xf8d6 -> Res=0xfafe Z=0
PASS | Op: ADD A: 0x768c B: 0x43f7 -> Res=0xba83 Z=0
PASS | Op: XOR A: 0xee4d B: 0xfce5 -> Res=0x12a8 Z=0
PASS | Op: XOR A: 0x472b B: 0x529d -> Res=0x15b6 Z=0
PASS | Op: OR A: 0xa7ab B: 0x42dc -> Res=0xe7ff Z=0
PASS | Op: ADD A: 0x8d78 B: 0x627e -> Res=0xeff6 Z=0
PASS | Op: ADD A: 0x3698 B: 0xd739 -> Res=0xdd1 Z=0
PASS | Op: ADD A: 0xdf11 B: 0x7f42 -> Res=0x5e53 Z=0
PASS | Op: XOR A: 0xc7d6 B: 0x355b -> Res=0xf28d Z=0
PASS | Op: XOR A: 0x12eb B: 0x84af -> Res=0x9644 Z=0
PASS | Op: ADD A: 0xf7e2 B: 0xfaaf -> Res=0xf291 Z=0
PASS | Op: ADD A: 0xdcbb B: 0x80f6 -> Res=0x5db1 Z=0
PASS | Op: ADD A: 0xf158 B: 0x45b9 -> Res=0x3711 Z=0
PASS | Op: AND A: 0xa41a B: 0x75a9 -> Res=0x2408 Z=0
PASS | Op: AND A: 0x231a B: 0xf428 -> Res=0x2008 Z=0
PASS | Op: XOR A: 0x5df6 B: 0x48f4 -> Res=0x1502 Z=0
PASS | Op: SUB A: 0x22a6 B: 0xceea -> Res=0x53bc Z=0
PASS | Op: OR A: 0xe5db B: 0xac7b -> Res=0xedfb Z=0
PASS | Op: XOR A: 0x4b9a B: 0xf3e4 -> Res=0xb87e Z=0
PASS | Op: ADD A: 0x9592 B: 0xf80a -> Res=0x8d9c Z=0
PASS | Op: AND A: 0xa93a B: 0x24da -> Res=0x201a Z=0
PASS | Op: XOR A: 0x6f88 B: 0x6786 -> Res=0x80e Z=0
PASS | Op: XOR A: 0xa03e B: 0x2cba -> Res=0x8c84 Z=0
PASS | Op: XOR A: 0xb66c B: 0x63b1 -> Res=0xd5dd Z=0
PASS | Op: XOR A: 0xc70 B: 0xae90 -> Res=0xa2e0 Z=0
PASS | Op: SUB A: 0x3c5c B: 0x8b2c -> Res=0xb130 Z=0
PASS | Op: ADD A: 0x2966 B: 0x41d -> Res=0x2d83 Z=0
PASS | Op: ADD A: 0x2981 B: 0x627 -> Res=0x2fa8 Z=0
PASS | Op: AND A: 0x7922 B: 0x6336 -> Res=0x6122 Z=0
PASS | Op: AND A: 0x701a B: 0xf977 -> Res=0x7012 Z=0
PASS | Op: XOR A: 0x10b2 B: 0x132f -> Res=0x39d Z=0
PASS | Op: ADD A: 0x64b8 B: 0x2ecd -> Res=0x9385 Z=0
PASS | Op: ADD A: 0x7ea1 B: 0x38d1 -> Res=0xb772 Z=0
PASS | Op: XOR A: 0x41a6 B: 0x9933 -> Res=0xd895 Z=0
PASS | Op: OR A: 0xb5e0 B: 0x5155 -> Res=0xf5f5 Z=0
PASS | Op: AND A: 0x666f B: 0x37ff -> Res=0x266f Z=0
PASS | Op: AND A: 0x15e0 B: 0xbabe -> Res=0x10a0 Z=0
PASS | Op: XOR A: 0x4d07 B: 0xd094 -> Res=0x9d93 Z=0
PASS | Op: XOR A: 0xf70 B: 0x73ea -> Res=0x7c9a Z=0
PASS | Op: AND A: 0x657b B: 0xfd70 -> Res=0x6570 Z=0
PASS | Op: OR A: 0x367e B: 0xbfa0 -> Res=0xbffe Z=0
PASS | Op: ADD A: 0xace1 B: 0x1495 -> Res=0xc176 Z=0
PASS | Op: OR A: 0x8f27 B: 0xebdf -> Res=0xefff Z=0
PASS | Op: OR A: 0x27d7 B: 0x722f -> Res=0x77ff Z=0
PASS | Op: OR A: 0xdac7 B: 0x16dc -> Res=0xdedf Z=0
PASS | Op: ADD A: 0xf491 B: 0x92d8 -> Res=0x8769 Z=0
PASS | Op: AND A: 0xacdf B: 0x9826 -> Res=0x8806 Z=0
PASS | Op: SUB A: 0xef08 B: 0xb81a -> Res=0x36ee Z=0
PASS | Op: SUB A: 0xfca8 B: 0xf138 -> Res=0xb70 Z=0
PASS | Op: AND A: 0xa0a3 B: 0xcbbd -> Res=0x80a1 Z=0
PASS | Op: ADD A: 0x688c B: 0x9b15 -> Res=0x3a1 Z=0
PASS | Op: SUB A: 0x54b6 B: 0xfbb5 -> Res=0x5901 Z=0
PASS | Op: ADD A: 0x40d4 B: 0x450f -> Res=0x85e3 Z=0
PASS | Op: OR A: 0x2c60 B: 0x73fb -> Res=0x7ffb Z=0
PASS | Op: SUB A: 0x5148 B: 0xb623 -> Res=0x9b25 Z=0
PASS | Op: AND A: 0x29ba B: 0xd18d -> Res=0x188 Z=0
PASS | Op: XOR A: 0xade6 B: 0xa8d3 -> Res=0x535 Z=0
PASS | Op: AND A: 0xf787 B: 0xac3 -> Res=0x283 Z=0
PASS | Op: ADD A: 0x925b B: 0xe225 -> Res=0x7480 Z=0
PASS | Op: ADD A: 0x2d8b B: 0x977a -> Res=0xc505 Z=0
PASS | Op: SUB A: 0x6415 B: 0xeb95 -> Res=0x7880 Z=0
PASS | Op: ADD A: 0xaf87 B: 0x5008 -> Res=0xff8f Z=0
PASS | Op: XOR A: 0x5290 B: 0x6c16 -> Res=0x3e86 Z=0
PASS | Op: XOR A: 0x475c B: 0x655a -> Res=0x2206 Z=0
PASS | Op: AND A: 0xfc90 B: 0x600d -> Res=0x6000 Z=0
PASS | Op: SUB A: 0x45f1 B: 0x9505 -> Res=0xb0ec Z=0
PASS | Op: ADD A: 0x89fd B: 0x167e -> Res=0xa07b Z=0
PASS | Op: AND A: 0xec3e B: 0x37cb -> Res=0x240a Z=0
PASS | Op: ADD A: 0x18b4 B: 0x2ad6 -> Res=0x438a Z=0
PASS | Op: OR A: 0xfa60 B: 0x2b56 -> Res=0xfb76 Z=0
PASS | Op: SUB A: 0x78d2 B: 0x632e -> Res=0x15a4 Z=0
PASS | Op: ADD A: 0x34d B: 0x5951 -> Res=0x5c9e Z=0
PASS | Op: ADD A: 0xb0f2 B: 0x60d6 -> Res=0x11c8 Z=0
PASS | Op: OR A: 0x2af9 B: 0x1c1f -> Res=0x3eff Z=0
PASS | Op: XOR A: 0x2712 B: 0x8e81 -> Res=0xa993 Z=0
PASS | Op: OR A: 0xf460 B: 0xef4d -> Res=0xff6d Z=0
PASS | Op: OR A: 0xf228 B: 0x7fb4 -> Res=0xffbc Z=0
PASS | Op: ADD A: 0x9eb9 B: 0x4b82 -> Res=0xea3b Z=0
PASS | Op: ADD A: 0xd688 B: 0x5cf9 -> Res=0x3381 Z=0
PASS | Op: AND A: 0xe3f5 B: 0x8b0e -> Res=0x8304 Z=0
PASS | Op: AND A: 0x495f B: 0x59b8 -> Res=0x4918 Z=0
PASS | Op: ADD A: 0x9afe B: 0x7afc -> Res=0x15fa Z=0
PASS | Op: XOR A: 0x71b8 B: 0xfc01 -> Res=0x8db9 Z=0
PASS | Op: XOR A: 0x4210 B: 0x8f97 -> Res=0xcd87 Z=0
PASS | Op: ADD A: 0x41ed B: 0xf047 -> Res=0x3234 Z=0
PASS | Op: OR A: 0x38ad B: 0xb2d6 -> Res=0xbaff Z=0
PASS | Op: AND A: 0xb9a3 B: 0xd08a -> Res=0x9082 Z=0
PASS | Op: SUB A: 0x492f B: 0x6c5d -> Res=0xdcd2 Z=0
PASS | Op: OR A: 0x4537 B: 0x1721 -> Res=0x5737 Z=0
PASS | Op: XOR A: 0x316d B: 0x8ccd -> Res=0xbda0 Z=0
PASS | Op: ADD A: 0x8c45 B: 0xb213 -> Res=0x3e58 Z=0
PASS | Op: ADD A: 0x5289 B: 0xe2a8 -> Res=0x3531 Z=0
PASS | Op: OR A: 0x65f9 B: 0x86b7 -> Res=0xe7ff Z=0
PASS | Op: XOR A: 0xfdf B: 0xc86f -> Res=0xc7b0 Z=0
PASS | Op: OR A: 0x7598 B: 0x30ca -> Res=0x75da Z=0
PASS | Op: XOR A: 0xb9cf B: 0x8595 -> Res=0x3c5a Z=0
PASS | Op: OR A: 0x8ba2 B: 0xb190 -> Res=0xbbb2 Z=0
PASS | Op: XOR A: 0x83c B: 0x7e9 -> Res=0xfd5 Z=0
PASS | Op: OR A: 0xa314 B: 0x467f -> Res=0xe77f Z=0
PASS | Op: XOR A: 0x3fb7 B: 0xe099 -> Res=0xdf2e Z=0
PASS | Op: XOR A: 0x1508 B: 0xa2e -> Res=0x1f26 Z=0
PASS | Op: XOR A: 0xafda B: 0xf696 -> Res=0x594c Z=0
PASS | Op: AND A: 0xc212 B: 0xddd6 -> Res=0xc012 Z=0
PASS | Op: AND A: 0x4b47 B: 0xc76d -> Res=0x4345 Z=0
PASS | Op: XOR A: 0x7572 B: 0x6005 -> Res=0x1577 Z=0
PASS | Op: SUB A: 0xa6e B: 0x671d -> Res=0xa351 Z=0
PASS | Op: ADD A: 0x28e6 B: 0x9ed1 -> Res=0xc7b7 Z=0
PASS | Op: ADD A: 0x346f B: 0x73 -> Res=0x34e2 Z=0
PASS | Op: AND A: 0x5bdd B: 0xce84 -> Res=0x4a84 Z=0
PASS | Op: XOR A: 0x4574 B: 0xad46 -> Res=0xe832 Z=0
PASS | Op: SUB A: 0xe3f5 B: 0x5a01 -> Res=0x89f4 Z=0
PASS | Op: AND A: 0x8afb B: 0xe618 -> Res=0x8218 Z=0
PASS | Op: SUB A: 0x2a40 B: 0xe287 -> Res=0x47b9 Z=0
PASS | Op: XOR A: 0x53d1 B: 0x233c -> Res=0x70ed Z=0
PASS | Op: SUB A: 0x1eae B: 0xda81 -> Res=0x442d Z=0
PASS | Op: XOR A: 0x6e3b B: 0x19a8 -> Res=0x7793 Z=0
PASS | Op: XOR A: 0x70bc B: 0xf067 -> Res=0x80db Z=0
PASS | Op: ADD A: 0x42b1 B: 0xfc22 -> Res=0x3ed3 Z=0
PASS | Op: OR A: 0x92f0 B: 0xb8ed -> Res=0xbafd Z=0
PASS | Op: AND A: 0xe9b9 B: 0x8897 -> Res=0x8891 Z=0
PASS | Op: ADD A: 0xb5b8 B: 0x7a2b -> Res=0x2fe3 Z=0
PASS | Op: SUB A: 0x342b B: 0xe20a -> Res=0x5221 Z=0
PASS | Op: XOR A: 0x780f B: 0x832d -> Res=0xfb22 Z=0
PASS | Op: XOR A: 0x565f B: 0x5b0f -> Res=0xd50 Z=0
PASS | Op: ADD A: 0x7705 B: 0x41b2 -> Res=0xb8b7 Z=0
PASS | Op: ADD A: 0x932c B: 0xf5ca -> Res=0x88f6 Z=0
PASS | Op: ADD A: 0xe78 B: 0xe281 -> Res=0xf0f9 Z=0
PASS | Op: XOR A: 0xa2c6 B: 0x4b17 -> Res=0xe9d1 Z=0
PASS | Op: XOR A: 0xec6 B: 0x1da2 -> Res=0x1364 Z=0
PASS | Op: ADD A: 0xe5e1 B: 0x30cd -> Res=0x16ae Z=0
PASS | Op: SUB A: 0xfa43 B: 0x1d19 -> Res=0xdd2a Z=0
PASS | Op: SUB A: 0xd85f B: 0x1747 -> Res=0xc118 Z=0
PASS | Op: ADD A: 0x57d6 B: 0x6b10 -> Res=0xc2e6 Z=0
PASS | Op: XOR A: 0x1dd5 B: 0xbaf0 -> Res=0xa725 Z=0
PASS | Op: XOR A: 0x2a7e B: 0x76c5 -> Res=0x5cbb Z=0
PASS | Op: OR A: 0xb828 B: 0xb099 -> Res=0xb8b9 Z=0
PASS | Op: AND A: 0x3c14 B: 0xedbb -> Res=0x2c10 Z=0
PASS | Op: SUB A: 0xb174 B: 0xeeaa -> Res=0xc2ca Z=0
PASS | Op: ADD A: 0xa341 B: 0xfd34 -> Res=0xa075 Z=0
PASS | Op: AND A: 0x36a1 B: 0xe1bc -> Res=0x20a0 Z=0
PASS | Op: AND A: 0xedd7 B: 0x7634 -> Res=0x6414 Z=0
PASS | Op: ADD A: 0xe05a B: 0xcf63 -> Res=0xafbd Z=0
PASS | Op: ADD A: 0x17e5 B: 0xc7fb -> Res=0xdfe0 Z=0
PASS | Op: OR A: 0xbf0b B: 0x490e -> Res=0xff0f Z=0
PASS | Op: SUB A: 0xbdb0 B: 0x64bc -> Res=0x58f4 Z=0
PASS | Op: OR A: 0x3814 B: 0x15a4 -> Res=0x3db4 Z=0
PASS | Op: AND A: 0xa2d2 B: 0xb190 -> Res=0xa090 Z=0
PASS | Op: XOR A: 0x3a83 B: 0xa28f -> Res=0x980c Z=0
PASS | Op: ADD A: 0xeda9 B: 0xceea -> Res=0xbc93 Z=0
PASS | Op: ADD A: 0xb7 B: 0x5648 -> Res=0x56ff Z=0
PASS | Op: XOR A: 0xc095 B: 0x4adc -> Res=0x8a49 Z=0
PASS | Op: ADD A: 0xf07c B: 0x911a -> Res=0x8196 Z=0
PASS | Op: OR A: 0xce3e B: 0xff96 -> Res=0xffbe Z=0
PASS | Op: SUB A: 0xa791 B: 0x619e -> Res=0x45f3 Z=0
PASS | Op: XOR A: 0xf692 B: 0x9923 -> Res=0x6fb1 Z=0
PASS | Op: SUB A: 0xa3d7 B: 0x61bb -> Res=0x421c Z=0
PASS | Op: ADD A: 0x99ce B: 0xcc50 -> Res=0x661e Z=0
PASS | Op: OR A: 0xbb2f B: 0x68be -> Res=0xfbbf Z=0
PASS | Op: XOR A: 0xfc9d B: 0x63e4 -> Res=0x9f79 Z=0
PASS | Op: OR A: 0x4ad5 B: 0xb743 -> Res=0xffd7 Z=0
PASS | Op: XOR A: 0x204a B: 0xd4f8 -> Res=0xf4b2 Z=0
PASS | Op: XOR A: 0xfd5 B: 0xd0d3 -> Res=0xdf06 Z=0
PASS | Op: ADD A: 0xe992 B: 0xc595 -> Res=0xaf27 Z=0
PASS | Op: SUB A: 0xcaef B: 0x8526 -> Res=0x45c9 Z=0
PASS | Op: ADD A: 0x68d8 B: 0x587f -> Res=0xc157 Z=0
PASS | Op: XOR A: 0x27cc B: 0x5d7d -> Res=0x7ab1 Z=0
PASS | Op: XOR A: 0x7ba7 B: 0xb422 -> Res=0xcf85 Z=0
PASS | Op: ADD A: 0xae0 B: 0xe4c3 -> Res=0xefa3 Z=0
PASS | Op: OR A: 0x7e1c B: 0x9719 -> Res=0xff1d Z=0
PASS | Op: ADD A: 0xc427 B: 0x2bdd -> Res=0xf004 Z=0
PASS | Op: AND A: 0x7977 B: 0x73e2 -> Res=0x7162 Z=0
PASS | Op: XOR A: 0x9cbf B: 0x6547 -> Res=0xf9f8 Z=0
PASS | Op: SUB A: 0x4d26 B: 0xec3f -> Res=0x60e7 Z=0
PASS | Op: OR A: 0x2b6b B: 0xb4c2 -> Res=0xbfeb Z=0
PASS | Op: XOR A: 0x31b5 B: 0xf87c -> Res=0xc9c9 Z=0
PASS | Op: OR A: 0x8bcd B: 0xfc03 -> Res=0xffcf Z=0
PASS | Op: AND A: 0xb8a3 B: 0x24d9 -> Res=0x2081 Z=0
PASS | Op: XOR A: 0x32c1 B: 0x9047 -> Res=0xa286 Z=0
PASS | Op: XOR A: 0x7e01 B: 0x58c4 -> Res=0x26c5 Z=0
PASS | Op: SUB A: 0xfeec B: 0x4e75 -> Res=0xb077 Z=0
PASS | Op: OR A: 0x2933 B: 0x3994 -> Res=0x39b7 Z=0
PASS | Op: ADD A: 0x6228 B: 0xfc68 -> Res=0x5e90 Z=0
PASS | Op: XOR A: 0x84d0 B: 0xa1cb -> Res=0x251b Z=0
PASS | Op: AND A: 0x4cf7 B: 0x8a0f -> Res=0x807 Z=0
PASS | Op: OR A: 0x12d2 B: 0xd5e5 -> Res=0xd7f7 Z=0
PASS | Op: XOR A: 0xc94d B: 0xf1db -> Res=0x3896 Z=0
PASS | Op: AND A: 0x8b5 B: 0x4c20 -> Res=0x820 Z=0
PASS | Op: SUB A: 0x2050 B: 0x9e7 -> Res=0x1669 Z=0
PASS | Op: SUB A: 0x1b7f B: 0xf027 -> Res=0x2b58 Z=0
PASS | Op: OR A: 0x91a2 B: 0x294d -> Res=0xb9ef Z=0
PASS | Op: ADD A: 0x3dbc B: 0xe23c -> Res=0x1ff8 Z=0
PASS | Op: AND A: 0xb69e B: 0x548 -> Res=0x408 Z=0
PASS | Op: AND A: 0xc9d9 B: 0xf297 -> Res=0xc091 Z=0
PASS | Op: OR A: 0x52df B: 0x2812 -> Res=0x7adf Z=0
PASS | Op: ADD A: 0xc38b B: 0xd5a6 -> Res=0x9931 Z=0
PASS | Op: XOR A: 0xa182 B: 0x3846 -> Res=0x99c4 Z=0
PASS | Op: OR A: 0xe076 B: 0x478c -> Res=0xe7fe Z=0
PASS | Op: XOR A: 0x811c B: 0x41e -> Res=0x8502 Z=0
PASS | Op: ADD A: 0x1431 B: 0x2a2a -> Res=0x3e5b Z=0
PASS | Op: XOR A: 0xeff3 B: 0xf491 -> Res=0x1b62 Z=0
PASS | Op: OR A: 0xc6ce B: 0x7602 -> Res=0xf6ce Z=0
PASS | Op: XOR A: 0x92c5 B: 0x1090 -> Res=0x8255 Z=0
PASS | Op: OR A: 0x77de B: 0x893f -> Res=0xffff Z=0
PASS | Op: ADD A: 0xc1b0 B: 0x7780 -> Res=0x3930 Z=0
PASS | Op: AND A: 0x1a00 B: 0xde8f -> Res=0x1a00 Z=0
PASS | Op: XOR A: 0x174d B: 0x13ec -> Res=0x4a1 Z=0
PASS | Op: OR A: 0xdb34 B: 0xcf5e -> Res=0xdf7e Z=0
PASS | Op: AND A: 0xbcf8 B: 0xb0a5 -> Res=0xb0a0 Z=0
PASS | Op: SUB A: 0xee47 B: 0x6900 -> Res=0x8547 Z=0
PASS | Op: XOR A: 0x167e B: 0xef01 -> Res=0xf97f Z=0
PASS | Op: SUB A: 0xb6c5 B: 0x20c4 -> Res=0x9601 Z=0
PASS | Op: XOR A: 0xe83f B: 0x1f46 -> Res=0xf779 Z=0
PASS | Op: XOR A: 0x29e4 B: 0xfb4e -> Res=0xd2aa Z=0
PASS | Op: XOR A: 0xc62e B: 0x21e5 -> Res=0xe7cb Z=0
PASS | Op: XOR A: 0xa485 B: 0xcaba -> Res=0x6e3f Z=0
PASS | Op: XOR A: 0xa326 B: 0x8695 -> Res=0x25b3 Z=0
PASS | Op: SUB A: 0x8490 B: 0xd307 -> Res=0xb189 Z=0
PASS | Op: XOR A: 0x7652 B: 0x682d -> Res=0x1e7f Z=0
PASS | Op: ADD A: 0xb512 B: 0xf401 -> Res=0xa913 Z=0
PASS | Op: OR A: 0x4e1 B: 0x69e2 -> Res=0x6de3 Z=0
PASS | Op: XOR A: 0x587 B: 0xed50 -> Res=0xe8d7 Z=0
PASS | Op: XOR A: 0x7996 B: 0x5677 -> Res=0x2fe1 Z=0
PASS | Op: ADD A: 0xe8a0 B: 0xf5b9 -> Res=0xde59 Z=0
PASS | Op: AND A: 0x1a05 B: 0x6159 -> Res=0x1 Z=0
PASS | Op: SUB A: 0x3d10 B: 0x3be -> Res=0x3952 Z=0
PASS | Op: OR A: 0xa1f6 B: 0x1a84 -> Res=0xbbf6 Z=0
PASS | Op: ADD A: 0x98bf B: 0xfc34 -> Res=0x94f3 Z=0
PASS | Op: ADD A: 0x9000 B: 0x58df -> Res=0xe8df Z=0
PASS | Op: ADD A: 0x977c B: 0x43b5 -> Res=0xdb31 Z=0
PASS | Op: OR A: 0xc60b B: 0xabd3 -> Res=0xefdb Z=0
PASS | Op: XOR A: 0xa54 B: 0x4b8f -> Res=0x41db Z=0
PASS | Op: SUB A: 0x5ee0 B: 0x2361 -> Res=0x3b7f Z=0
PASS | Op: XOR A: 0xa7ca B: 0xb329 -> Res=0x14e3 Z=0
PASS | Op: OR A: 0xfcfd B: 0xe242 -> Res=0xfeff Z=0
PASS | Op: ADD A: 0x40ad B: 0xfbf8 -> Res=0x3ca5 Z=0
PASS | Op: XOR A: 0xa041 B: 0x13f6 -> Res=0xb3b7 Z=0
PASS | Op: XOR A: 0x3a25 B: 0xe297 -> Res=0xd8b2 Z=0
PASS | Op: OR A: 0x69ab B: 0x3944 -> Res=0x79ef Z=0
PASS | Op: XOR A: 0xb918 B: 0x4a7 -> Res=0xbdbf Z=0
PASS | Op: SUB A: 0x77e2 B: 0x6de9 -> Res=0x9f9 Z=0
PASS | Op: OR A: 0x5961 B: 0xd1df -> Res=0xd9ff Z=0
PASS | Op: AND A: 0xfb59 B: 0xb54d -> Res=0xb149 Z=0
PASS | Op: SUB A: 0xe094 B: 0xee8e -> Res=0xf206 Z=0
PASS | Op: XOR A: 0xa040 B: 0x1818 -> Res=0xb858 Z=0
PASS | Op: ADD A: 0xab26 B: 0xee98 -> Res=0x99be Z=0
PASS | Op: XOR A: 0xddf8 B: 0xfe24 -> Res=0x23dc Z=0
PASS | Op: AND A: 0x9294 B: 0x46a8 -> Res=0x280 Z=0
PASS | Op: ADD A: 0x45d2 B: 0x41bf -> Res=0x8791 Z=0
PASS | Op: XOR A: 0xb0aa B: 0x6df0 -> Res=0xdd5a Z=0
PASS | Op: ADD A: 0xf802 B: 0xf4a3 -> Res=0xeca5 Z=0
PASS | Op: AND A: 0xd2f0 B: 0xaa46 -> Res=0x8240 Z=0
PASS | Op: ADD A: 0xdd69 B: 0x1275 -> Res=0xefde Z=0
PASS | Op: ADD A: 0x8fdb B: 0x99df -> Res=0x29ba Z=0
PASS | Op: SUB A: 0xa38f B: 0xb868 -> Res=0xeb27 Z=0
PASS | Op: ADD A: 0x5d27 B: 0x542b -> Res=0xb152 Z=0
PASS | Op: SUB A: 0x8299 B: 0xc538 -> Res=0xbd61 Z=0
PASS | Op: XOR A: 0x8773 B: 0x44e6 -> Res=0xc395 Z=0
PASS | Op: ADD A: 0x60c B: 0xa2c1 -> Res=0xa8cd Z=0
PASS | Op: ADD A: 0x877f B: 0x16ef -> Res=0x9e6e Z=0
PASS | Op: AND A: 0xc42e B: 0x6014 -> Res=0x4004 Z=0
PASS | Op: XOR A: 0x8c6b B: 0x5c5a -> Res=0xd031 Z=0
PASS | Op: OR A: 0x2ca5 B: 0x1a9 -> Res=0x2dad Z=0
PASS | Op: OR A: 0x80b2 B: 0x9a58 -> Res=0x9afa Z=0
PASS | Op: ADD A: 0x1922 B: 0xe1cf -> Res=0xfaf1 Z=0
PASS | Op: AND A: 0xf51f B: 0xd378 -> Res=0xd118 Z=0
PASS | Op: XOR A: 0x5d92 B: 0x19bf -> Res=0x442d Z=0
PASS | Op: OR A: 0x599 B: 0xa1a8 -> Res=0xa5b9 Z=0
PASS | Op: OR A: 0xd72f B: 0xc899 -> Res=0xdfbf Z=0
PASS | Op: XOR A: 0xf615 B: 0x39d4 -> Res=0xcfc1 Z=0
PASS | Op: ADD A: 0xc7e3 B: 0xfc41 -> Res=0xc424 Z=0
PASS | Op: ADD A: 0xdc2b B: 0xe492 -> Res=0xc0bd Z=0
PASS | Op: ADD A: 0x1a6b B: 0x800f -> Res=0x9a7a Z=0
PASS | Op: SUB A: 0x53c2 B: 0xdc7f -> Res=0x7743 Z=0
PASS | Op: ADD A: 0xe69c B: 0xf954 -> Res=0xdff0 Z=0
PASS | Op: AND A: 0x8b2f B: 0xaf5a -> Res=0x8b0a Z=0
PASS | Op: ADD A: 0x2636 B: 0xa086 -> Res=0xc6bc Z=0
PASS | Op: ADD A: 0x9a23 B: 0x6993 -> Res=0x3b6 Z=0
PASS | Op: XOR A: 0x18a0 B: 0x5125 -> Res=0x4985 Z=0
PASS | Op: OR A: 0x3e24 B: 0xa7c -> Res=0x3e7c Z=0
PASS | Op: SUB A: 0xba23 B: 0xdf83 -> Res=0xdaa0 Z=0
PASS | Op: XOR A: 0xd356 B: 0x29be -> Res=0xfae8 Z=0
PASS | Op: XOR A: 0x9ce5 B: 0xe15d -> Res=0x7db8 Z=0
PASS | Op: XOR A: 0xa042 B: 0x5413 -> Res=0xf451 Z=0
PASS | Op: XOR A: 0x6b B: 0x737f -> Res=0x7314 Z=0
PASS | Op: OR A: 0x8b4a B: 0xc986 -> Res=0xcbce Z=0
PASS | Op: XOR A: 0x8b2d B: 0x2457 -> Res=0xaf7a Z=0
PASS | Op: SUB A: 0x1f7d B: 0xd762 -> Res=0x481b Z=0
PASS | Op: XOR A: 0xb5d7 B: 0x3131 -> Res=0x84e6 Z=0
PASS | Op: XOR A: 0xc737 B: 0x29f3 -> Res=0xeec4 Z=0
PASS | Op: XOR A: 0x63ba B: 0xd5a4 -> Res=0xb61e Z=0
PASS | Op: XOR A: 0x23f B: 0x22f0 -> Res=0x20cf Z=0
PASS | Op: OR A: 0x46ac B: 0x7f7b -> Res=0x7fff Z=0
PASS | Op: XOR A: 0xc6c0 B: 0xdd25 -> Res=0x1be5 Z=0
PASS | Op: ADD A: 0xd591 B: 0xe25d -> Res=0xb7ee Z=0
PASS | Op: ADD A: 0xb7a9 B: 0x5bdc -> Res=0x1385 Z=0
PASS | Op: XOR A: 0x17e7 B: 0xe6cc -> Res=0xf12b Z=0
PASS | Op: ADD A: 0xa32 B: 0x9231 -> Res=0x9c63 Z=0
PASS | Op: ADD A: 0xbe23 B: 0xfe07 -> Res=0xbc2a Z=0
PASS | Op: XOR A: 0xa792 B: 0x4bcc -> Res=0xec5e Z=0
PASS | Op: SUB A: 0x92e2 B: 0xf00e -> Res=0xa2d4 Z=0
PASS | Op: OR A: 0x6eb4 B: 0xcfab -> Res=0xefbf Z=0
PASS | Op: SUB A: 0x328a B: 0x5be9 -> Res=0xd6a1 Z=0
PASS | Op: ADD A: 0x64b4 B: 0xd553 -> Res=0x3a07 Z=0
PASS | Op: ADD A: 0xed70 B: 0x16e1 -> Res=0x451 Z=0
PASS | Op: XOR A: 0xf659 B: 0x9d42 -> Res=0x6b1b Z=0
PASS | Op: ADD A: 0xf69a B: 0xe1a3 -> Res=0xd83d Z=0
PASS | Op: OR A: 0x38f4 B: 0xfc31 -> Res=0xfcf5 Z=0
PASS | Op: XOR A: 0x92f3 B: 0xfd84 -> Res=0x6f77 Z=0
PASS | Op: XOR A: 0x6b78 B: 0x1567 -> Res=0x7e1f Z=0
PASS | Op: ADD A: 0xadcf B: 0x442b -> Res=0xf1fa Z=0
PASS | Op: OR A: 0x56cb B: 0xf135 -> Res=0xf7ff Z=0
PASS | Op: SUB A: 0x3100 B: 0x4df8 -> Res=0xe308 Z=0
PASS | Op: XOR A: 0x149a B: 0x3ee1 -> Res=0x2a7b Z=0
PASS | Op: SUB A: 0xad5c B: 0x9d90 -> Res=0xfcc Z=0
PASS | Op: OR A: 0xe083 B: 0x8b63 -> Res=0xebe3 Z=0
PASS | Op: AND A: 0x6353 B: 0x68e0 -> Res=0x6040 Z=0
PASS | Op: SUB A: 0x5be B: 0xd9d3 -> Res=0x2beb Z=0
PASS | Op: SUB A: 0xe633 B: 0x3120 -> Res=0xb513 Z=0
PASS | Op: ADD A: 0x1cb4 B: 0x94d5 -> Res=0xb189 Z=0
PASS | Op: AND A: 0xfc81 B: 0x76bb -> Res=0x7481 Z=0
PASS | Op: AND A: 0xc1f2 B: 0x236c -> Res=0x160 Z=0
PASS | Op: XOR A: 0x94fb B: 0x254b -> Res=0xb1b0 Z=0
PASS | Op: XOR A: 0x6e12 B: 0xeed9 -> Res=0x80cb Z=0
PASS | Op: XOR A: 0xa333 B: 0x44d6 -> Res=0xe7e5 Z=0
PASS | Op: ADD A: 0x1e61 B: 0xdb8e -> Res=0xf9ef Z=0
PASS | Op: SUB A: 0xd05 B: 0x40b6 -> Res=0xcc4f Z=0
PASS | Op: ADD A: 0x1f14 B: 0x7aea -> Res=0x99fe Z=0
PASS | Op: XOR A: 0x2129 B: 0x7e52 -> Res=0x5f7b Z=0
PASS | Op: OR A: 0xf9cb B: 0x51fd -> Res=0xf9ff Z=0
PASS | Op: AND A: 0x6a07 B: 0x2462 -> Res=0x2002 Z=0
PASS | Op: SUB A: 0xe7eb B: 0xe06a -> Res=0x781 Z=0
PASS | Op: SUB A: 0x6549 B: 0x77ce -> Res=0xed7b Z=0
PASS | Op: XOR A: 0xa698 B: 0x3120 -> Res=0x97b8 Z=0
PASS | Op: XOR A: 0x824e B: 0x813f -> Res=0x371 Z=0
PASS | Op: AND A: 0x5374 B: 0x85f1 -> Res=0x170 Z=0
PASS | Op: XOR A: 0x349c B: 0x6fe9 -> Res=0x5b75 Z=0
PASS | Op: AND A: 0xaa7b B: 0x603 -> Res=0x203 Z=0
PASS | Op: SUB A: 0xf189 B: 0x258a -> Res=0xcbff Z=0
PASS | Op: ADD A: 0xe699 B: 0xc19b -> Res=0xa834 Z=0
PASS | Op: XOR A: 0xa494 B: 0x3315 -> Res=0x9781 Z=0
PASS | Op: ADD A: 0x225 B: 0x49cd -> Res=0x4bf2 Z=0
PASS | Op: ADD A: 0xfc47 B: 0x1e4a -> Res=0x1a91 Z=0
PASS | Op: ADD A: 0xc8af B: 0x2c49 -> Res=0xf4f8 Z=0
PASS | Op: XOR A: 0xa39a B: 0x4714 -> Res=0xe48e Z=0
PASS | Op: XOR A: 0xed19 B: 0x5b30 -> Res=0xb629 Z=0
PASS | Op: SUB A: 0x2889 B: 0xcdb2 -> Res=0x5ad7 Z=0
PASS | Op: OR A: 0x8158 B: 0xf1b -> Res=0x8f5b Z=0
PASS | Op: AND A: 0x105c B: 0x144f -> Res=0x104c Z=0
PASS | Op: ADD A: 0xb87b B: 0xac80 -> Res=0x64fb Z=0
PASS | Op: ADD A: 0x3829 B: 0x7044 -> Res=0xa86d Z=0
PASS | Op: ADD A: 0x38fc B: 0x7f7b -> Res=0xb877 Z=0
PASS | Op: AND A: 0xedce B: 0x166d -> Res=0x44c Z=0
PASS | Op: OR A: 0x67e7 B: 0x35c -> Res=0x67ff Z=0
PASS | Op: ADD A: 0x4a79 B: 0x925b -> Res=0xdcd4 Z=0
PASS | Op: SUB A: 0x677a B: 0xcf9c -> Res=0x97de Z=0
PASS | Op: XOR A: 0xf6d7 B: 0x9a81 -> Res=0x6c56 Z=0
PASS | Op: XOR A: 0xa4b4 B: 0xf289 -> Res=0x563d Z=0
PASS | Op: ADD A: 0xc42e B: 0xa5f3 -> Res=0x6a21 Z=0
PASS | Op: ADD A: 0x1773 B: 0x1334 -> Res=0x2aa7 Z=0
PASS | Op: SUB A: 0x7bca B: 0x8846 -> Res=0xf384 Z=0
PASS | Op: XOR A: 0xc941 B: 0x785c -> Res=0xb11d Z=0
PASS | Op: XOR A: 0x76fa B: 0xfc10 -> Res=0x8aea Z=0
PASS | Op: SUB A: 0x6b52 B: 0xde2a -> Res=0x8d28 Z=0
PASS | Op: ADD A: 0x1265 B: 0x68ce -> Res=0x7b33 Z=0
PASS | Op: ADD A: 0x174 B: 0xd23d -> Res=0xd3b1 Z=0
PASS | Op: AND A: 0x13a2 B: 0xb2f5 -> Res=0x12a0 Z=0
PASS | Op: XOR A: 0x596 B: 0x191c -> Res=0x1c8a Z=0
PASS | Op: ADD A: 0x5e1c B: 0x6164 -> Res=0xbf80 Z=0
PASS | Op: AND A: 0x8136 B: 0xd209 -> Res=0x8000 Z=0
PASS | Op: XOR A: 0x26da B: 0x9a4f -> Res=0xbc95 Z=0
PASS | Op: ADD A: 0x4014 B: 0xc831 -> Res=0x845 Z=0
PASS | Op: OR A: 0x762c B: 0x355b -> Res=0x777f Z=0
PASS | Op: XOR A: 0xd6a5 B: 0x5270 -> Res=0x84d5 Z=0
PASS | Op: ADD A: 0xe10c B: 0x9df9 -> Res=0x7f05 Z=0
PASS | Op: SUB A: 0x1f60 B: 0xeffa -> Res=0x2f66 Z=0
PASS | Op: ADD A: 0x7a65 B: 0x8dd5 -> Res=0x83a Z=0
PASS | Op: XOR A: 0xa142 B: 0xa012 -> Res=0x150 Z=0
PASS | Op: OR A: 0x28ac B: 0x79a3 -> Res=0x79af Z=0
PASS | Op: OR A: 0xcea9 B: 0x4fa0 -> Res=0xcfa9 Z=0
PASS | Op: ADD A: 0xd98a B: 0x2d0e -> Res=0x698 Z=0
PASS | Op: ADD A: 0xb898 B: 0x5da2 -> Res=0x163a Z=0
PASS | Op: OR A: 0x5525 B: 0xc942 -> Res=0xdd67 Z=0
PASS | Op: AND A: 0x77ea B: 0xadf9 -> Res=0x25e8 Z=0
PASS | Op: AND A: 0xd721 B: 0x3bec -> Res=0x1320 Z=0
PASS | Op: OR A: 0xe18c B: 0x82cf -> Res=0xe3cf Z=0
PASS | Op: ADD A: 0x573e B: 0x23b -> Res=0x5979 Z=0
PASS | Op: SUB A: 0x3998 B: 0x9ff6 -> Res=0x99a2 Z=0
PASS | Op: SUB A: 0xaba2 B: 0xcd6e -> Res=0xde34 Z=0
PASS | Op: XOR A: 0xa2d9 B: 0xd24 -> Res=0xaffd Z=0
PASS | Op: AND A: 0x9798 B: 0xd512 -> Res=0x9510 Z=0
PASS | Op: ADD A: 0xdfbe B: 0xfca8 -> Res=0xdc66 Z=0
PASS | Op: XOR A: 0x6aac B: 0x8832 -> Res=0xe29e Z=0
PASS | Op: AND A: 0xd7e6 B: 0xc600 -> Res=0xc600 Z=0
PASS | Op: ADD A: 0xe825 B: 0x4d04 -> Res=0x3529 Z=0
PASS | Op: OR A: 0xa657 B: 0xda80 -> Res=0xfed7 Z=0
PASS | Op: XOR A: 0xf968 B: 0xa59d -> Res=0x5cf5 Z=0
PASS | Op: ADD A: 0x3c01 B: 0x47e -> Res=0x407f Z=0
PASS | Op: XOR A: 0xc64f B: 0xa71e -> Res=0x6151 Z=0
PASS | Op: XOR A: 0xc6fa B: 0x656a -> Res=0xa390 Z=0
PASS | Op: XOR A: 0x3944 B: 0xd3e1 -> Res=0xeaa5 Z=0
PASS | Op: XOR A: 0xbf3d B: 0xba83 -> Res=0x5be Z=0
PASS | Op: ADD A: 0xaf58 B: 0x77c9 -> Res=0x2721 Z=0
PASS | Op: ADD A: 0xbbb9 B: 0x203d -> Res=0xdbf6 Z=0
PASS | Op: OR A: 0xcabf B: 0x525 -> Res=0xcfbf Z=0
PASS | Op: OR A: 0x292b B: 0x1966 -> Res=0x396f Z=0
PASS | Op: AND A: 0x3736 B: 0x78b5 -> Res=0x3034 Z=0
PASS | Op: ADD A: 0x20eb B: 0x1cf2 -> Res=0x3ddd Z=0
PASS | Op: XOR A: 0xd852 B: 0x722 -> Res=0xdf70 Z=0
PASS | Op: XOR A: 0x8317 B: 0x6531 -> Res=0xe626 Z=0
PASS | Op: XOR A: 0x3d8e B: 0xcacc -> Res=0xf742 Z=0
PASS | Op: XOR A: 0xf333 B: 0x3a99 -> Res=0xc9aa Z=0
PASS | Op: AND A: 0x318c B: 0x14e2 -> Res=0x1080 Z=0
PASS | Op: ADD A: 0x4002 B: 0xfe20 -> Res=0x3e22 Z=0
PASS | Op: SUB A: 0x44f0 B: 0xee8d -> Res=0x5663 Z=0
PASS | Op: ADD A: 0xc820 B: 0x4899 -> Res=0x10b9 Z=0
PASS | Op: AND A: 0xbfb0 B: 0xb0c5 -> Res=0xb080 Z=0
PASS | Op: OR A: 0x512 B: 0xe9a6 -> Res=0xedb6 Z=0
PASS | Op: ADD A: 0x5fec B: 0x751 -> Res=0x673d Z=0
PASS | Op: AND A: 0xa1af B: 0xe4f3 -> Res=0xa0a3 Z=0
PASS | Op: ADD A: 0x80d3 B: 0x7fcb -> Res=0x9e Z=0
PASS | Op: XOR A: 0x1759 B: 0xa4c4 -> Res=0xb39d Z=0
PASS | Op: XOR A: 0x3ce6 B: 0x3ad9 -> Res=0x63f Z=0
PASS | Op: SUB A: 0x456b B: 0x580 -> Res=0x3feb Z=0
PASS | Op: XOR A: 0x881b B: 0x83c5 -> Res=0xbde Z=0
PASS | Op: ADD A: 0x1a3e B: 0x8374 -> Res=0x9db2 Z=0
PASS | Op: ADD A: 0x54aa B: 0x6cbd -> Res=0xc167 Z=0
PASS | Op: AND A: 0xaf2e B: 0x7cf2 -> Res=0x2c22 Z=0
PASS | Op: SUB A: 0xb263 B: 0x5576 -> Res=0x5ced Z=0
PASS | Op: ADD A: 0x8248 B: 0xf4e6 -> Res=0x772e Z=0
PASS | Op: ADD A: 0x4bf8 B: 0xbaa0 -> Res=0x698 Z=0
PASS | Op: OR A: 0xc3cf B: 0x1e92 -> Res=0xdfdf Z=0
PASS | Op: ADD A: 0x5bda B: 0x2ee4 -> Res=0x8abe Z=0
PASS | Op: AND A: 0x7ed7 B: 0x7c90 -> Res=0x7c90 Z=0
PASS | Op: ADD A: 0x35bd B: 0xdc46 -> Res=0x1203 Z=0
PASS | Op: SUB A: 0xb7c8 B: 0x3104 -> Res=0x86c4 Z=0
PASS | Op: OR A: 0x49d9 B: 0x3b17 -> Res=0x7bdf Z=0
PASS | Op: XOR A: 0x7e16 B: 0x114b -> Res=0x6f5d Z=0
PASS | Op: SUB A: 0x26b2 B: 0xb208 -> Res=0x74aa Z=0
PASS | Op: XOR A: 0x7c0e B: 0x860a -> Res=0xfa04 Z=0
PASS | Op: XOR A: 0x78d4 B: 0x97f7 -> Res=0xef23 Z=0
PASS | Op: XOR A: 0xb3ea B: 0x298d -> Res=0x9a67 Z=0
PASS | Op: OR A: 0x1511 B: 0x9056 -> Res=0x9557 Z=0
PASS | Op: XOR A: 0xe2e5 B: 0xfaa5 -> Res=0x1840 Z=0
PASS | Op: SUB A: 0xf2cc B: 0x136f -> Res=0xdf5d Z=0
PASS | Op: XOR A: 0xc8b8 B: 0x6209 -> Res=0xaab1 Z=0
PASS | Op: OR A: 0xbfcb B: 0x5da0 -> Res=0xffeb Z=0
PASS | Op: XOR A: 0xe0bd B: 0x108 -> Res=0xe1b5 Z=0
PASS | Op: XOR A: 0x5c02 B: 0x2e9e -> Res=0x729c Z=0
PASS | Op: XOR A: 0xbf3e B: 0xa223 -> Res=0x1d1d Z=0
PASS | Op: ADD A: 0x9dc5 B: 0x510f -> Res=0xeed4 Z=0
PASS | Op: ADD A: 0xb666 B: 0x1ab9 -> Res=0xd11f Z=0
PASS | Op: XOR A: 0x9fa1 B: 0xbe38 -> Res=0x2199 Z=0
PASS | Op: XOR A: 0x7b26 B: 0xa52e -> Res=0xde08 Z=0
PASS | Op: XOR A: 0x534 B: 0x2499 -> Res=0x21ad Z=0
PASS | Op: SUB A: 0xc5f2 B: 0x592d -> Res=0x6cc5 Z=0
PASS | Op: XOR A: 0x3b0b B: 0x56ae -> Res=0x6da5 Z=0
PASS | Op: AND A: 0xf49 B: 0x8048 -> Res=0x48 Z=0
PASS | Op: XOR A: 0x48f2 B: 0xc8f4 -> Res=0x8006 Z=0
PASS | Op: ADD A: 0x3d26 B: 0xa13b -> Res=0xde61 Z=0
PASS | Op: XOR A: 0x3778 B: 0xb06 -> Res=0x3c7e Z=0
PASS | Op: XOR A: 0xa715 B: 0x1777 -> Res=0xb062 Z=0
PASS | Op: XOR A: 0x1c97 B: 0x6c03 -> Res=0x7094 Z=0
PASS | Op: OR A: 0x8378 B: 0xb88c -> Res=0xbbfc Z=0
PASS | Op: ADD A: 0xd0bf B: 0x9382 -> Res=0x6441 Z=0
PASS | Op: XOR A: 0x1496 B: 0x277e -> Res=0x33e8 Z=0
PASS | Op: XOR A: 0x4c79 B: 0xabe9 -> Res=0xe790 Z=0
PASS | Op: XOR A: 0xabca B: 0xe3cc -> Res=0x4806 Z=0
PASS | Op: XOR A: 0x7b49 B: 0x1aae -> Res=0x61e7 Z=0
PASS | Op: AND A: 0xfad8 B: 0x59a3 -> Res=0x5880 Z=0
PASS | Op: ADD A: 0x4e50 B: 0xcc3b -> Res=0x1a8b Z=0
PASS | Op: XOR A: 0x5654 B: 0x1c27 -> Res=0x4a73 Z=0
PASS | Op: XOR A: 0xeccb B: 0x7fc7 -> Res=0x930c Z=0
PASS | Op: XOR A: 0x9ca0 B: 0xd644 -> Res=0x4ae4 Z=0
PASS | Op: SUB A: 0xd8f1 B: 0x7521 -> Res=0x63d0 Z=0
PASS | Op: OR A: 0xf113 B: 0xddcd -> Res=0xfddf Z=0
PASS | Op: SUB A: 0xac69 B: 0x4cc7 -> Res=0x5fa2 Z=0
PASS | Op: XOR A: 0x606b B: 0xc7ed -> Res=0xa786 Z=0
PASS | Op: SUB A: 0xb18a B: 0x294e -> Res=0x883c Z=0
PASS | Op: AND A: 0xe443 B: 0x7ed5 -> Res=0x6441 Z=0
PASS | Op: ADD A: 0x8b0d B: 0xa1f5 -> Res=0x2d02 Z=0
PASS | Op: ADD A: 0x70c6 B: 0x3d3f -> Res=0xae05 Z=0
PASS | Op: OR A: 0xdc1f B: 0xff3a -> Res=0xff3f Z=0
PASS | Op: ADD A: 0xe6bd B: 0xe0d -> Res=0xf4ca Z=0
PASS | Op: XOR A: 0x2264 B: 0x38aa -> Res=0x1ace Z=0
PASS | Op: ADD A: 0x7def B: 0x8eef -> Res=0xcde Z=0
PASS | Op: AND A: 0xdf41 B: 0x827b -> Res=0x8241 Z=0
PASS | Op: ADD A: 0x1b9b B: 0xb297 -> Res=0xce32 Z=0
PASS | Op: XOR A: 0x1913 B: 0xe301 -> Res=0xfa12 Z=0
PASS | Op: OR A: 0xaf07 B: 0xd1a9 -> Res=0xffaf Z=0
PASS | Op: XOR A: 0x4a71 B: 0xb0a8 -> Res=0xfad9 Z=0
PASS | Op: SUB A: 0xb34d B: 0xc7e8 -> Res=0xeb65 Z=0
PASS | Op: SUB A: 0x28a1 B: 0x3ce0 -> Res=0xebc1 Z=0
PASS | Op: AND A: 0xab58 B: 0x85fa -> Res=0x8158 Z=0
PASS | Op: ADD A: 0x95bf B: 0x7b7b -> Res=0x113a Z=0
PASS | Op: XOR A: 0x962f B: 0x849f -> Res=0x12b0 Z=0
PASS | Op: XOR A: 0x4420 B: 0xa4b5 -> Res=0xe095 Z=0
PASS | Op: OR A: 0x3e84 B: 0x788f -> Res=0x7e8f Z=0
PASS | Op: OR A: 0xdc8 B: 0xa8d3 -> Res=0xaddb Z=0
PASS | Op: AND A: 0x428e B: 0x3075 -> Res=0x4 Z=0
PASS | Op: XOR A: 0xaa4a B: 0xad3a -> Res=0x770 Z=0
PASS | Op: ADD A: 0xae43 B: 0x61ad -> Res=0xff0 Z=0
PASS | Op: ADD A: 0x7182 B: 0xb91e -> Res=0x2aa0 Z=0
PASS | Op: ADD A: 0x7096 B: 0x22b2 -> Res=0x9348 Z=0
PASS | Op: AND A: 0x88b B: 0x2bd -> Res=0x89 Z=0
PASS | Op: XOR A: 0x22f7 B: 0x4dcd -> Res=0x6f3a Z=0
PASS | Op: OR A: 0xeb31 B: 0x48f6 -> Res=0xebf7 Z=0
PASS | Op: XOR A: 0x723d B: 0x5fe5 -> Res=0x2dd8 Z=0
PASS | Op: AND A: 0x1ca6 B: 0xe394 -> Res=0x84 Z=0
PASS | Op: SUB A: 0x2b15 B: 0x23f3 -> Res=0x722 Z=0
PASS | Op: ADD A: 0xcf4d B: 0x8cd5 -> Res=0x5c22 Z=0
PASS | Op: XOR A: 0x44e B: 0xa97f -> Res=0xad31 Z=0
PASS | Op: XOR A: 0xe3c2 B: 0x2f81 -> Res=0xcc43 Z=0
PASS | Op: AND A: 0x920 B: 0x76e2 -> Res=0x20 Z=0
PASS | Op: SUB A: 0x4029 B: 0xdac4 -> Res=0x6565 Z=0
PASS | Op: ADD A: 0x82d9 B: 0x164b -> Res=0x9924 Z=0
PASS | Op: ADD A: 0x1599 B: 0xc7e4 -> Res=0xdd7d Z=0
PASS | Op: AND A: 0xaff9 B: 0xb5bc -> Res=0xa5b8 Z=0
PASS | Op: ADD A: 0xa832 B: 0x7645 -> Res=0x1e77 Z=0
PASS | Op: XOR A: 0xa445 B: 0x5608 -> Res=0xf24d Z=0
PASS | Op: XOR A: 0xd8db B: 0xa993 -> Res=0x7148 Z=0
PASS | Op: SUB A: 0xceaa B: 0x2d43 -> Res=0xa167 Z=0
PASS | Op: OR A: 0xcbb8 B: 0x1d1e -> Res=0xdfbe Z=0
PASS | Op: SUB A: 0xd74e B: 0xd62b -> Res=0x123 Z=0
PASS | Op: XOR A: 0x8ee9 B: 0xc6ba -> Res=0x4853 Z=0
PASS | Op: AND A: 0x8087 B: 0x11fa -> Res=0x82 Z=0
PASS | Op: OR A: 0x1511 B: 0x3795 -> Res=0x3795 Z=0
PASS | Op: SUB A: 0x421c B: 0x6289 -> Res=0xdf93 Z=0
PASS | Op: XOR A: 0xba4a B: 0xbe18 -> Res=0x452 Z=0
PASS | Op: SUB A: 0x8b97 B: 0xb280 -> Res=0xd917 Z=0
PASS | Op: OR A: 0x2cc1 B: 0xc3d1 -> Res=0xefd1 Z=0
PASS | Op: SUB A: 0x87e1 B: 0x305a -> Res=0x5787 Z=0
PASS | Op: XOR A: 0xb713 B: 0x6deb -> Res=0xdaf8 Z=0
PASS | Op: SUB A: 0x6c02 B: 0x257 -> Res=0x69ab Z=0
PASS | Op: OR A: 0x135b B: 0x334b -> Res=0x335b Z=0
PASS | Op: OR A: 0x82a3 B: 0xff7e -> Res=0xffff Z=0
PASS | Op: ADD A: 0x5838 B: 0x2197 -> Res=0x79cf Z=0
PASS | Op: AND A: 0x90a2 B: 0x58f0 -> Res=0x10a0 Z=0
PASS | Op: XOR A: 0x13d5 B: 0xd21c -> Res=0xc1c9 Z=0
PASS | Op: SUB A: 0x4792 B: 0xe52a -> Res=0x6268 Z=0
PASS | Op: OR A: 0x9f7 B: 0xafd8 -> Res=0xafff Z=0
PASS | Op: ADD A: 0x1233 B: 0xb6df -> Res=0xc912 Z=0
PASS | Op: ADD A: 0x5c3 B: 0xb21a -> Res=0xb7dd Z=0
PASS | Op: OR A: 0x8f6f B: 0xbd6d -> Res=0xbf6f Z=0
PASS | Op: AND A: 0x6580 B: 0x8e04 -> Res=0x400 Z=0
PASS | Op: ADD A: 0xda48 B: 0x7875 -> Res=0x52bd Z=0
PASS | Op: XOR A: 0xaed6 B: 0x101c -> Res=0xbeca Z=0
PASS | Op: XOR A: 0x291a B: 0xf169 -> Res=0xd873 Z=0
PASS | Op: SUB A: 0x1c46 B: 0x9355 -> Res=0x88f1 Z=0
PASS | Op: XOR A: 0x491c B: 0xb3b8 -> Res=0xfaa4 Z=0
PASS | Op: XOR A: 0xdd82 B: 0x39bf -> Res=0xe43d Z=0
PASS | Op: AND A: 0x4892 B: 0x1d53 -> Res=0x812 Z=0
PASS | Op: SUB A: 0x74ff B: 0x217e -> Res=0x5381 Z=0
PASS | Op: OR A: 0xfeb9 B: 0xcef3 -> Res=0xfefb Z=0
PASS | Op: SUB A: 0x915d B: 0xa1bd -> Res=0xefa0 Z=0
PASS | Op: ADD A: 0x6b74 B: 0x8a4d -> Res=0xf5c1 Z=0
PASS | Op: AND A: 0xdb10 B: 0xe853 -> Res=0xc810 Z=0
PASS | Op: ADD A: 0xa843 B: 0x1a47 -> Res=0xc28a Z=0
PASS | Op: XOR A: 0xaf9b B: 0xccfa -> Res=0x6361 Z=0
PASS | Op: OR A: 0xf4c6 B: 0x31b7 -> Res=0xf5f7 Z=0
PASS | Op: XOR A: 0xbe08 B: 0x458f -> Res=0xfb87 Z=0
PASS | Op: OR A: 0x37f9 B: 0x4285 -> Res=0x77fd Z=0
PASS | Op: OR A: 0x79d4 B: 0xf03f -> Res=0xf9ff Z=0
PASS | Op: OR A: 0xa615 B: 0x22f2 -> Res=0xa6f7 Z=0
PASS | Op: OR A: 0xcf7b B: 0xae88 -> Res=0xeffb Z=0
PASS | Op: SUB A: 0xc537 B: 0xee38 -> Res=0xd6ff Z=0
PASS | Op: ADD A: 0x7a1d B: 0xf0d5 -> Res=0x6af2 Z=0
PASS | Op: XOR A: 0x921c B: 0x1794 -> Res=0x8588 Z=0
PASS | Op: AND A: 0x7ebb B: 0xcc40 -> Res=0x4c00 Z=0
PASS | Op: AND A: 0xf434 B: 0xf366 -> Res=0xf024 Z=0
PASS | Op: SUB A: 0xf68a B: 0xa0f2 -> Res=0x5598 Z=0
PASS | Op: ADD A: 0xebf B: 0x2db7 -> Res=0x3c76 Z=0
PASS | Op: XOR A: 0xdffc B: 0x4e17 -> Res=0x91eb Z=0
PASS | Op: SUB A: 0xa18d B: 0xe7e0 -> Res=0xb9ad Z=0
PASS | Op: ADD A: 0xd365 B: 0x2549 -> Res=0xf8ae Z=0
PASS | Op: ADD A: 0x9634 B: 0x2f81 -> Res=0xc5b5 Z=0
PASS | Op: ADD A: 0xbab3 B: 0x3637 -> Res=0xf0ea Z=0
PASS | Op: OR A: 0xdb7e B: 0x9a6e -> Res=0xdb7e Z=0
PASS | Op: AND A: 0xf200 B: 0x8880 -> Res=0x8000 Z=0
PASS | Op: ADD A: 0x11b2 B: 0xf5b1 -> Res=0x763 Z=0
PASS | Op: XOR A: 0x4930 B: 0xc4fa -> Res=0x8dca Z=0
PASS | Op: XOR A: 0x3477 B: 0xed17 -> Res=0xd960 Z=0
PASS | Op: ADD A: 0x99 B: 0xc543 -> Res=0xc5dc Z=0
PASS | Op: ADD A: 0xdbd5 B: 0x85f2 -> Res=0x61c7 Z=0
PASS | Op: XOR A: 0x94e8 B: 0x28bc -> Res=0xbc54 Z=0
PASS | Op: XOR A: 0x2455 B: 0x4439 -> Res=0x606c Z=0
PASS | Op: ADD A: 0x1b43 B: 0xc2e9 -> Res=0xde2c Z=0
PASS | Op: ADD A: 0xd320 B: 0xd7ef -> Res=0xab0f Z=0
PASS | Op: ADD A: 0x22eb B: 0x9320 -> Res=0xb60b Z=0
PASS | Op: AND A: 0xd72 B: 0x1e5f -> Res=0xc52 Z=0
PASS | Op: XOR A: 0x552f B: 0x11b3 -> Res=0x449c Z=0
PASS | Op: OR A: 0xa947 B: 0x827d -> Res=0xab7f Z=0
PASS | Op: ADD A: 0xf59a B: 0xc034 -> Res=0xb5ce Z=0
PASS | Op: ADD A: 0xcf8d B: 0xc319 -> Res=0x92a6 Z=0
PASS | Op: AND A: 0x9520 B: 0x572 -> Res=0x520 Z=0
PASS | Op: SUB A: 0xe22 B: 0x1d05 -> Res=0xf11d Z=0
PASS | Op: AND A: 0xc4b7 B: 0xf235 -> Res=0xc035 Z=0
PASS | Op: AND A: 0xa7b0 B: 0x9627 -> Res=0x8620 Z=0
PASS | Op: XOR A: 0xe4 B: 0xf781 -> Res=0xf765 Z=0
PASS | Op: SUB A: 0xf01e B: 0x7f9a -> Res=0x7084 Z=0
PASS | Op: XOR A: 0x786d B: 0xe095 -> Res=0x98f8 Z=0
PASS | Op: XOR A: 0xee2b B: 0x2e61 -> Res=0xc04a Z=0
PASS | Op: XOR A: 0xa656 B: 0x5bdf -> Res=0xfd89 Z=0
PASS | Op: ADD A: 0x5035 B: 0x2dd0 -> Res=0x7e05 Z=0
PASS | Op: SUB A: 0xde2f B: 0x655 -> Res=0xd7da Z=0
PASS | Op: OR A: 0x661b B: 0x72d9 -> Res=0x76db Z=0
PASS | Op: ADD A: 0xa165 B: 0x7cea -> Res=0x1e4f Z=0
PASS | Op: AND A: 0x9db8 B: 0x6310 -> Res=0x110 Z=0
PASS | Op: SUB A: 0xadd4 B: 0x322e -> Res=0x7ba6 Z=0
PASS | Op: ADD A: 0xba1d B: 0x9a53 -> Res=0x5470 Z=0
PASS | Op: XOR A: 0x681e B: 0xa63c -> Res=0xce22 Z=0
PASS | Op: AND A: 0x6ea B: 0x3c70 -> Res=0x460 Z=0
PASS | Op: XOR A: 0x82ea B: 0x7b05 -> Res=0xf9ef Z=0
PASS | Op: XOR A: 0xfbaf B: 0xe47c -> Res=0x1fd3 Z=0
PASS | Op: SUB A: 0x6e5 B: 0x3a73 -> Res=0xcc72 Z=0
PASS | Op: AND A: 0xcf81 B: 0xb40f -> Res=0x8401 Z=0
PASS | Op: SUB A: 0xce04 B: 0xc5e4 -> Res=0x820 Z=0
PASS | Op: XOR A: 0x8eb5 B: 0x22da -> Res=0xac6f Z=0
PASS | Op: OR A: 0xa993 B: 0xf289 -> Res=0xfb9b Z=0
PASS | Op: OR A: 0xb8d9 B: 0x92bd -> Res=0xbafd Z=0
PASS | Op: ADD A: 0xff5f B: 0x1eee -> Res=0x1e4d Z=0
PASS | Op: ADD A: 0x658b B: 0xc361 -> Res=0x28ec Z=0
PASS | Op: XOR A: 0x60ae B: 0xab72 -> Res=0xcbdc Z=0
PASS | Op: AND A: 0xf90d B: 0x26a3 -> Res=0x2001 Z=0
PASS | Op: OR A: 0x8862 B: 0xa52f -> Res=0xad6f Z=0
PASS | Op: XOR A: 0x23b B: 0xb23e -> Res=0xb005 Z=0
PASS | Op: SUB A: 0xf1f4 B: 0x9472 -> Res=0x5d82 Z=0
PASS | Op: SUB A: 0xd5c1 B: 0xb16a -> Res=0x2457 Z=0
PASS | Op: AND A: 0x8d14 B: 0x7d65 -> Res=0xd04 Z=0
PASS | Op: XOR A: 0x9cef B: 0xeb0a -> Res=0x77e5 Z=0
PASS | Op: AND A: 0xae74 B: 0x4ad9 -> Res=0xa50 Z=0
PASS | Op: OR A: 0x821d B: 0x87d0 -> Res=0x87dd Z=0
PASS | Op: AND A: 0x6559 B: 0xb6b3 -> Res=0x2411 Z=0
PASS | Op: ADD A: 0x8121 B: 0x50a6 -> Res=0xd1c7 Z=0
PASS | Op: AND A: 0x7c62 B: 0x3c9c -> Res=0x3c00 Z=0
PASS | Op: XOR A: 0xa98e B: 0x253e -> Res=0x8cb0 Z=0
PASS | Op: XOR A: 0xc2f B: 0x9103 -> Res=0x9d2c Z=0
PASS | Op: SUB A: 0x311f B: 0xaee -> Res=0x2631 Z=0
PASS | Op: SUB A: 0x946c B: 0xdf12 -> Res=0xb55a Z=0
PASS | Op: XOR A: 0x9c8c B: 0x742e -> Res=0xe8a2 Z=0
PASS | Op: XOR A: 0x6846 B: 0xb8ab -> Res=0xd0ed Z=0
PASS | Op: AND A: 0x1185 B: 0x1e36 -> Res=0x1004 Z=0
PASS | Op: XOR A: 0x66c0 B: 0xcd6d -> Res=0xabad Z=0
PASS | Op: XOR A: 0x3141 B: 0xddc -> Res=0x3c9d Z=0
PASS | Op: OR A: 0xd670 B: 0x9bd6 -> Res=0xdff6 Z=0
PASS | Op: SUB A: 0x18ff B: 0x105b -> Res=0x8a4 Z=0
PASS | Op: OR A: 0x620b B: 0x5bf8 -> Res=0x7bfb Z=0
PASS | Op: AND A: 0xb0ec B: 0x4d2a -> Res=0x28 Z=0
PASS | Op: SUB A: 0x8a0a B: 0x9d18 -> Res=0xecf2 Z=0
PASS | Op: ADD A: 0xcd68 B: 0x62ea -> Res=0x3052 Z=0
PASS | Op: XOR A: 0x4916 B: 0x78b5 -> Res=0x31a3 Z=0
PASS | Op: OR A: 0x588f B: 0x31b6 -> Res=0x79bf Z=0
PASS | Op: AND A: 0xe407 B: 0xe50b -> Res=0xe403 Z=0
PASS | Op: XOR A: 0x7eac B: 0xa6f4 -> Res=0xd858 Z=0
PASS | Op: AND A: 0x8e96 B: 0xd0ed -> Res=0x8084 Z=0
PASS | Op: ADD A: 0xc16e B: 0x5f92 -> Res=0x2100 Z=0
PASS | Op: ADD A: 0x216b B: 0x40e5 -> Res=0x6250 Z=0
PASS | Op: XOR A: 0x3aa6 B: 0x964a -> Res=0xacec Z=0
PASS | Op: XOR A: 0xdc58 B: 0x5e14 -> Res=0x824c Z=0
PASS | Op: XOR A: 0xeb7 B: 0xbe63 -> Res=0xb0d4 Z=0
PASS | Op: XOR A: 0xe0b0 B: 0x72b2 -> Res=0x9202 Z=0
PASS | Op: XOR A: 0xcdce B: 0xcac3 -> Res=0x70d Z=0
PASS | Op: XOR A: 0x9171 B: 0xfc7e -> Res=0x6d0f Z=0
PASS | Op: SUB A: 0x7f80 B: 0x21d9 -> Res=0x5da7 Z=0
PASS | Op: AND A: 0x7de2 B: 0x43db -> Res=0x41c2 Z=0
PASS | Op: SUB A: 0x25c B: 0xc52c -> Res=0x3d30 Z=0
PASS | Op: AND A: 0xac4b B: 0xab99 -> Res=0xa809 Z=0
PASS | Op: ADD A: 0x9799 B: 0xc3e2 -> Res=0x5b7b Z=0
PASS | Op: ADD A: 0x6f49 B: 0x2131 -> Res=0x907a Z=0
PASS | Op: SUB A: 0xc03b B: 0x56ac -> Res=0x698f Z=0
PASS | Op: ADD A: 0xe15 B: 0x5f20 -> Res=0x6d35 Z=0
PASS | Op: ADD A: 0x570b B: 0x8999 -> Res=0xe0a4 Z=0
PASS | Op: XOR A: 0x8961 B: 0x8070 -> Res=0x911 Z=0
PASS | Op: AND A: 0xcaad B: 0x2589 -> Res=0x89 Z=0
PASS | Op: ADD A: 0xa8c8 B: 0x612d -> Res=0x9f5 Z=0
PASS | Op: ADD A: 0xa120 B: 0xdfc3 -> Res=0x80e3 Z=0
PASS | Op: AND A: 0x8686 B: 0x2489 -> Res=0x480 Z=0
PASS | Op: XOR A: 0x99ab B: 0x4ad8 -> Res=0xd373 Z=0
PASS | Op: ADD A: 0xc0c2 B: 0x94e5 -> Res=0x55a7 Z=0
PASS | Op: AND A: 0xd7e3 B: 0x2b2 -> Res=0x2a2 Z=0
PASS | Op: ADD A: 0x120b B: 0x3902 -> Res=0x4b0d Z=0
PASS | Op: ADD A: 0x225c B: 0x197e -> Res=0x3bda Z=0
PASS | Op: OR A: 0xe058 B: 0xa9e5 -> Res=0xe9fd Z=0
PASS | Op: XOR A: 0xcc2c B: 0x9ef2 -> Res=0x52de Z=0
PASS | Op: OR A: 0x7038 B: 0x6359 -> Res=0x7379 Z=0
PASS | Op: SUB A: 0x36ca B: 0xa099 -> Res=0x9631 Z=0
PASS | Op: ADD A: 0x45c6 B: 0xda5e -> Res=0x2024 Z=0
PASS | Op: ADD A: 0xda7f B: 0x6030 -> Res=0x3aaf Z=0
PASS | Op: SUB A: 0xcee8 B: 0xc0dc -> Res=0xe0c Z=0
PASS | Op: AND A: 0xcdeb B: 0x41a9 -> Res=0x41a9 Z=0
PASS | Op: AND A: 0x3ac0 B: 0x6754 -> Res=0x2240 Z=0
PASS | Op: AND A: 0x78f2 B: 0xaa07 -> Res=0x2802 Z=0
PASS | Op: ADD A: 0x1fe6 B: 0xe5fc -> Res=0x5e2 Z=0
PASS | Op: XOR A: 0x6932 B: 0x5a9 -> Res=0x6c9b Z=0
PASS | Op: SUB A: 0x3b59 B: 0xa9fd -> Res=0x915c Z=0
PASS | Op: SUB A: 0xf55a B: 0x123f -> Res=0xe31b Z=0
PASS | Op: XOR A: 0xdf40 B: 0x18a4 -> Res=0xc7e4 Z=0
PASS | Op: OR A: 0xd3b8 B: 0x2fec -> Res=0xfffc Z=0
PASS | Op: SUB A: 0xf5f1 B: 0xf19e -> Res=0x453 Z=0
PASS | Op: OR A: 0xf552 B: 0x1024 -> Res=0xf576 Z=0
PASS | Op: XOR A: 0xb12e B: 0x342f -> Res=0x8501 Z=0
PASS | Op: AND A: 0xd60d B: 0xbd08 -> Res=0x9408 Z=0
PASS | Op: AND A: 0x230d B: 0xc8c3 -> Res=0x1 Z=0
PASS | Op: AND A: 0xdacf B: 0xd621 -> Res=0xd201 Z=0
PASS | Op: ADD A: 0xcaba B: 0x1635 -> Res=0xe0ef Z=0
PASS | Op: ADD A: 0x3a27 B: 0xaf7 -> Res=0x451e Z=0
PASS | Op: OR A: 0xabe2 B: 0xc955 -> Res=0xebf7 Z=0
PASS | Op: XOR A: 0xc6b4 B: 0xa972 -> Res=0x6fc6 Z=0
PASS | Op: SUB A: 0xbaeb B: 0xefc7 -> Res=0xcb24 Z=0
PASS | Op: OR A: 0x6488 B: 0x29b2 -> Res=0x6dba Z=0
PASS | Op: SUB A: 0x292b B: 0x28cd -> Res=0x5e Z=0
PASS | Op: ADD A: 0xec82 B: 0xdc14 -> Res=0xc896 Z=0
PASS | Op: XOR A: 0x86d2 B: 0x953 -> Res=0x8f81 Z=0
PASS | Op: XOR A: 0x91d2 B: 0xed59 -> Res=0x7c8b Z=0
PASS | Op: ADD A: 0xc695 B: 0x2cd3 -> Res=0xf368 Z=0
PASS | Op: XOR A: 0xb602 B: 0x520a -> Res=0xe408 Z=0
PASS | Op: XOR A: 0x935 B: 0x81cc -> Res=0x88f9 Z=0
PASS | Op: XOR A: 0x3eb5 B: 0x56e0 -> Res=0x6855 Z=0
PASS | Op: ADD A: 0x8c82 B: 0xb883 -> Res=0x4505 Z=0
PASS | Op: SUB A: 0x22a7 B: 0x8a02 -> Res=0x98a5 Z=0
PASS | Op: OR A: 0x65c0 B: 0x21c4 -> Res=0x65c4 Z=0
PASS | Op: SUB A: 0xb161 B: 0x2f1 -> Res=0xae70 Z=0
PASS | Op: ADD A: 0xb0df B: 0x6e16 -> Res=0x1ef5 Z=0
PASS | Op: SUB A: 0xadd6 B: 0xb91b -> Res=0xf4bb Z=0
PASS | Op: ADD A: 0xdd2a B: 0x7686 -> Res=0x53b0 Z=0
PASS | Op: ADD A: 0x1aba B: 0xa4b1 -> Res=0xbf6b Z=0
PASS | Op: SUB A: 0xb445 B: 0x6d73 -> Res=0x46d2 Z=0
PASS | Op: OR A: 0xceec B: 0xda6d -> Res=0xdeed Z=0
PASS | Op: XOR A: 0x34bf B: 0xe6a7 -> Res=0xd218 Z=0
PASS | Op: SUB A: 0x599b B: 0x92df -> Res=0xc6bc Z=0
PASS | Op: OR A: 0x953d B: 0xdc58 -> Res=0xdd7d Z=0
PASS | Op: ADD A: 0x99a6 B: 0xe5d3 -> Res=0x7f79 Z=0
PASS | Op: ADD A: 0x1b0e B: 0x5abc -> Res=0x75ca Z=0
PASS | Op: AND A: 0x6149 B: 0xd45f -> Res=0x4049 Z=0
PASS | Op: ADD A: 0xb22c B: 0xc61d -> Res=0x7849 Z=0
PASS | Op: OR A: 0x3c77 B: 0xe6ec -> Res=0xfeff Z=0
PASS | Op: SUB A: 0xbd5 B: 0x825a -> Res=0x897b Z=0
PASS | Op: ADD A: 0xc2cb B: 0xcb10 -> Res=0x8ddb Z=0
PASS | Op: SUB A: 0xcfc6 B: 0x7a95 -> Res=0x5531 Z=0
PASS | Op: ADD A: 0xf988 B: 0xc6bc -> Res=0xc044 Z=0
PASS | Op: OR A: 0x168 B: 0xdd2d -> Res=0xdd6d Z=0
PASS | Op: XOR A: 0x1b50 B: 0x9976 -> Res=0x8226 Z=0
PASS | Op: OR A: 0xb410 B: 0xce7c -> Res=0xfe7c Z=0
PASS | Op: ADD A: 0x1efb B: 0x706 -> Res=0x2601 Z=0
PASS | Op: ADD A: 0xdcbd B: 0x7e65 -> Res=0x5b22 Z=0
PASS | Op: XOR A: 0x90bb B: 0x863b -> Res=0x1680 Z=0
PASS | Op: XOR A: 0x8421 B: 0x5b24 -> Res=0xdf05 Z=0
PASS | Op: XOR A: 0x788f B: 0x8158 -> Res=0xf9d7 Z=0
PASS | Op: OR A: 0xb32a B: 0xefc -> Res=0xbffe Z=0
PASS | Op: AND A: 0x4de8 B: 0xa55e -> Res=0x548 Z=0
PASS | Op: SUB A: 0xa132 B: 0xd22 -> Res=0x9410 Z=0
PASS | Op: OR A: 0xfad5 B: 0x3ebf -> Res=0xfeff Z=0
PASS | Op: AND A: 0x3840 B: 0xf059 -> Res=0x3040 Z=0
PASS | Op: ADD A: 0xe129 B: 0xbbd3 -> Res=0x9cfc Z=0
PASS | Op: AND A: 0x29ad B: 0xde62 -> Res=0x820 Z=0
PASS | Op: XOR A: 0xc2d7 B: 0x545f -> Res=0x9688 Z=0
PASS | Op: ADD A: 0xbba7 B: 0x48de -> Res=0x485 Z=0
PASS | Op: SUB A: 0x8159 B: 0x14d5 -> Res=0x6c84 Z=0
PASS | Op: AND A: 0xed1a B: 0x2b49 -> Res=0x2908 Z=0
PASS | Op: XOR A: 0x4a78 B: 0x5345 -> Res=0x193d Z=0
PASS | Op: OR A: 0x8078 B: 0xbb29 -> Res=0xbb79 Z=0
PASS | Op: XOR A: 0x3d10 B: 0xfe9a -> Res=0xc38a Z=0
PASS | Op: AND A: 0xcfa4 B: 0x4ded -> Res=0x4da4 Z=0
PASS | Op: OR A: 0x89b2 B: 0xd1c8 -> Res=0xd9fa Z=0
PASS | Op: OR A: 0x4a98 B: 0xbf1e -> Res=0xff9e Z=0
PASS | Op: XOR A: 0xcb06 B: 0xd0d6 -> Res=0x1bd0 Z=0
PASS | Op: AND A: 0xb8 B: 0x81d7 -> Res=0x90 Z=0
PASS | Op: OR A: 0x8d9a B: 0x6721 -> Res=0xefbb Z=0
PASS | Op: XOR A: 0x77b6 B: 0x3d88 -> Res=0x4a3e Z=0
PASS | Op: ADD A: 0xf390 B: 0x8940 -> Res=0x7cd0 Z=0
PASS | Op: OR A: 0x5e48 B: 0xc0ed -> Res=0xdeed Z=0
PASS | Op: ADD A: 0x169a B: 0x5318 -> Res=0x69b2 Z=0
PASS | Op: XOR A: 0x13c9 B: 0x4d9 -> Res=0x1710 Z=0
PASS | Op: ADD A: 0xecc0 B: 0xace4 -> Res=0x99a4 Z=0
PASS | Op: ADD A: 0xf66 B: 0x5ec7 -> Res=0x6e2d Z=0
PASS | Op: SUB A: 0xf458 B: 0xb199 -> Res=0x42bf Z=0
PASS | Op: OR A: 0x18c6 B: 0x5f37 -> Res=0x5ff7 Z=0
PASS | Op: XOR A: 0x7570 B: 0x9521 -> Res=0xe051 Z=0
PASS | Op: ADD A: 0xd5ac B: 0x8f46 -> Res=0x64f2 Z=0
PASS | Op: OR A: 0xccfe B: 0x370e -> Res=0xfffe Z=0
PASS | Op: OR A: 0x3d52 B: 0xd1d4 -> Res=0xfdd6 Z=0
PASS | Op: XOR A: 0x4863 B: 0x4bc2 -> Res=0x3a1 Z=0
PASS | Op: ADD A: 0x85eb B: 0xd196 -> Res=0x5781 Z=0
PASS | Op: XOR A: 0x1718 B: 0xd77f -> Res=0xc067 Z=0
PASS | Op: ADD A: 0x54e9 B: 0x2ebd -> Res=0x83a6 Z=0
PASS | Op: ADD A: 0x820a B: 0xad0f -> Res=0x2f19 Z=0
PASS | Op: SUB A: 0xc1e7 B: 0xeade -> Res=0xd709 Z=0
PASS | Op: OR A: 0x1034 B: 0x1528 -> Res=0x153c Z=0
PASS | Op: XOR A: 0x69c B: 0x783c -> Res=0x7ea0 Z=0
PASS | Op: XOR A: 0x8da6 B: 0xf7ae -> Res=0x7a08 Z=0
PASS | Op: OR A: 0x4ce5 B: 0x8b9 -> Res=0x4cfd Z=0
PASS | Op: ADD A: 0x8fd1 B: 0xf04b -> Res=0x801c Z=0
PASS | Op: AND A: 0x7f9d B: 0x1521 -> Res=0x1501 Z=0
PASS | Op: XOR A: 0x5c24 B: 0x4b93 -> Res=0x17b7 Z=0
PASS | Op: XOR A: 0xbc95 B: 0x8ca5 -> Res=0x3030 Z=0
PASS | Op: ADD A: 0x553b B: 0x8d25 -> Res=0xe260 Z=0
PASS | Op: XOR A: 0x5330 B: 0xe53d -> Res=0xb60d Z=0
PASS | Op: XOR A: 0xd36d B: 0x2606 -> Res=0xf56b Z=0
PASS | Op: OR A: 0x98d1 B: 0xbf41 -> Res=0xbfd1 Z=0
PASS | Op: OR A: 0x767 B: 0x94d5 -> Res=0x97f7 Z=0
PASS | Op: OR A: 0xf74b B: 0x80f1 -> Res=0xf7fb Z=0
PASS | Op: OR A: 0x8f3 B: 0xe4e9 -> Res=0xecfb Z=0
PASS | Op: XOR A: 0x3851 B: 0x3491 -> Res=0xcc0 Z=0
PASS | Op: OR A: 0xc9a2 B: 0xaaff -> Res=0xebff Z=0
PASS | Op: XOR A: 0xf8b9 B: 0xd03a -> Res=0x2883 Z=0
PASS | Op: ADD A: 0x8774 B: 0xafc8 -> Res=0x373c Z=0
PASS | Op: ADD A: 0x7c1d B: 0x30a1 -> Res=0xacbe Z=0
PASS | Op: ADD A: 0xf917 B: 0xe228 -> Res=0xdb3f Z=0
PASS | Op: ADD A: 0xcae9 B: 0x590d -> Res=0x23f6 Z=0
PASS | Op: ADD A: 0x15b B: 0xcceb -> Res=0xce46 Z=0
PASS | Op: XOR A: 0xb923 B: 0x8123 -> Res=0x3800 Z=0
PASS | Op: XOR A: 0xd248 B: 0xff7a -> Res=0x2d32 Z=0
PASS | Op: XOR A: 0x33c2 B: 0xd6f -> Res=0x3ead Z=0
PASS | Op: ADD A: 0x8551 B: 0xf4cc -> Res=0x7a1d Z=0
PASS | Op: XOR A: 0xe63f B: 0x502e -> Res=0xb611 Z=0
PASS | Op: OR A: 0x7b0 B: 0x9d4e -> Res=0x9ffe Z=0
PASS | Op: AND A: 0xe458 B: 0xfdd4 -> Res=0xe450 Z=0
PASS | Op: AND A: 0x2c95 B: 0x6390 -> Res=0x2090 Z=0
PASS | Op: XOR A: 0xe991 B: 0x1ee7 -> Res=0xf776 Z=0
PASS | Op: SUB A: 0x368e B: 0xc194 -> Res=0x74fa Z=0
PASS | Op: ADD A: 0x5a08 B: 0x8e14 -> Res=0xe81c Z=0
PASS | Op: ADD A: 0xcb60 B: 0x8506 -> Res=0x5066 Z=0
PASS | Op: OR A: 0xce82 B: 0xfe62 -> Res=0xfee2 Z=0
PASS | Op: SUB A: 0x4624 B: 0x18b0 -> Res=0x2d74 Z=0
PASS | Op: SUB A: 0xb6ba B: 0x4e14 -> Res=0x68a6 Z=0
PASS | Op: ADD A: 0xb25c B: 0x7073 -> Res=0x22cf Z=0
PASS | Op: ADD A: 0xeb1b B: 0x9b03 -> Res=0x861e Z=0
PASS | Op: ADD A: 0x68f1 B: 0xe527 -> Res=0x4e18 Z=0
PASS | Op: OR A: 0xcf3a B: 0xe16e -> Res=0xef7e Z=0
PASS | Op: XOR A: 0x3d98 B: 0x2aca -> Res=0x1752 Z=0
PASS | Op: XOR A: 0x8b07 B: 0xe92 -> Res=0x8595 Z=0
PASS | Op: ADD A: 0x6061 B: 0x2e48 -> Res=0x8ea9 Z=0
PASS | Op: XOR A: 0xa7e5 B: 0xc16a -> Res=0x668f Z=0
PASS | Op: XOR A: 0x90bd B: 0xff88 -> Res=0x6f35 Z=0
PASS | Op: ADD A: 0x9192 B: 0x31e1 -> Res=0xc373 Z=0
PASS | Op: XOR A: 0x9575 B: 0x8344 -> Res=0x1631 Z=0
PASS | Op: ADD A: 0x5682 B: 0x2051 -> Res=0x76d3 Z=0
PASS | Op: XOR A: 0x4150 B: 0xfc83 -> Res=0xbdd3 Z=0
PASS | Op: ADD A: 0xa5ab B: 0x34a6 -> Res=0xda51 Z=0
PASS | Op: ADD A: 0xeb79 B: 0xc0d -> Res=0xf786 Z=0
PASS | Op: ADD A: 0x71e8 B: 0x2a3a -> Res=0x9c22 Z=0
PASS | Op: XOR A: 0x4a48 B: 0x6abc -> Res=0x20f4 Z=0
PASS | Op: AND A: 0x2c59 B: 0x796a -> Res=0x2848 Z=0
PASS | Op: ADD A: 0xabed B: 0x5623 -> Res=0x210 Z=0
PASS | Op: AND A: 0xd582 B: 0x26d1 -> Res=0x480 Z=0
PASS | Op: AND A: 0x485 B: 0x121a -> Res=0x0 Z=0
PASS | Op: OR A: 0x7869 B: 0x7f04 -> Res=0x7f6d Z=0
PASS | Op: XOR A: 0x4f3a B: 0xa708 -> Res=0xe832 Z=0
PASS | Op: ADD A: 0x90ba B: 0x2240 -> Res=0xb2fa Z=0
PASS | Op: ADD A: 0x94c7 B: 0xe07 -> Res=0xa2ce Z=0
PASS | Op: OR A: 0x61e5 B: 0xebc3 -> Res=0xebe7 Z=0
PASS | Op: XOR A: 0x25cc B: 0x35f2 -> Res=0x103e Z=0
PASS | Op: ADD A: 0x3a8c B: 0xe5d7 -> Res=0x2063 Z=0
PASS | Op: ADD A: 0x1b63 B: 0x6d17 -> Res=0x887a Z=0
PASS | Op: XOR A: 0x9783 B: 0xc41d -> Res=0x539e Z=0
PASS | Op: XOR A: 0x2478 B: 0xe605 -> Res=0xc27d Z=0
PASS | Op: ADD A: 0x9470 B: 0x6b37 -> Res=0xffa7 Z=0
PASS | Op: ADD A: 0xa4a2 B: 0x41c0 -> Res=0xe662 Z=0
PASS | Op: AND A: 0x4de1 B: 0xf032 -> Res=0x4020 Z=0
PASS | Op: ADD A: 0xb4f5 B: 0xa5bd -> Res=0x5ab2 Z=0
PASS | Op: ADD A: 0xa1e0 B: 0xb6ba -> Res=0x589a Z=0
PASS | Op: XOR A: 0xbe15 B: 0x9a43 -> Res=0x2456 Z=0
PASS | Op: XOR A: 0xa57a B: 0x8876 -> Res=0x2d0c Z=0
PASS | Op: ADD A: 0x721b B: 0x59cd -> Res=0xcbe8 Z=0
PASS | Op: XOR A: 0x7273 B: 0xe413 -> Res=0x9660 Z=0
PASS | Op: ADD A: 0x1d69 B: 0x69bd -> Res=0x8726 Z=0
PASS | Op: AND A: 0xdd5c B: 0xdc20 -> Res=0xdc00 Z=0
PASS | Op: OR A: 0x5e9d B: 0x8fa -> Res=0x5eff Z=0
PASS | Op: ADD A: 0x41a6 B: 0x9e1b -> Res=0xdfc1 Z=0
PASS | Op: ADD A: 0x5cbc B: 0xbc8d -> Res=0x1949 Z=0
PASS | Op: AND A: 0xcfc6 B: 0xf8c9 -> Res=0xc8c0 Z=0
PASS | Op: AND A: 0xef8a B: 0x78e7 -> Res=0x6882 Z=0
PASS | Op: AND A: 0x3277 B: 0xba4b -> Res=0x3243 Z=0
PASS | Op: XOR A: 0x4ec3 B: 0x9704 -> Res=0xd9c7 Z=0
PASS | Op: ADD A: 0x1c65 B: 0xc636 -> Res=0xe29b Z=0
PASS | Op: OR A: 0xd134 B: 0xa14a -> Res=0xf17e Z=0
PASS | Op: SUB A: 0x3320 B: 0x9b7d -> Res=0x97a3 Z=0
PASS | Op: XOR A: 0x2ff6 B: 0x9be -> Res=0x2648 Z=0
PASS | Op: SUB A: 0xf44c B: 0x2528 -> Res=0xcf24 Z=0
PASS | Op: AND A: 0xbf92 B: 0x38a6 -> Res=0x3882 Z=0
PASS | Op: OR A: 0x7e9d B: 0x612f -> Res=0x7fbf Z=0
PASS | Op: ADD A: 0xbcde B: 0x5980 -> Res=0x165e Z=0
PASS | Op: XOR A: 0x87be B: 0xd5b1 -> Res=0x520f Z=0
PASS | Op: XOR A: 0xb3fa B: 0x72c0 -> Res=0xc13a Z=0
PASS | Op: ADD A: 0xed2a B: 0x2c6f -> Res=0x1999 Z=0
PASS | Op: SUB A: 0xb71e B: 0x44de -> Res=0x7240 Z=0
PASS | Op: AND A: 0x4177 B: 0x22d0 -> Res=0x50 Z=0
PASS | Op: XOR A: 0x21b0 B: 0x4e8e -> Res=0x6f3e Z=0
PASS | Op: AND A: 0x5ce9 B: 0x16d1 -> Res=0x14c1 Z=0
PASS | Op: SUB A: 0x5c93 B: 0x75a3 -> Res=0xe6f0 Z=0
PASS | Op: XOR A: 0x5336 B: 0xf52b -> Res=0xa61d Z=0
PASS | Op: ADD A: 0xbbf8 B: 0xfab2 -> Res=0xb6aa Z=0
PASS | Op: AND A: 0x4a2 B: 0x9df2 -> Res=0x4a2 Z=0
PASS | Op: ADD A: 0x54da B: 0x1c42 -> Res=0x711c Z=0
PASS | Op: SUB A: 0x5086 B: 0xe764 -> Res=0x6922 Z=0
PASS | Op: XOR A: 0x5aca B: 0x5815 -> Res=0x2df Z=0
PASS | Op: AND A: 0x4d9c B: 0x29d6 -> Res=0x994 Z=0
PASS | Op: OR A: 0x4d21 B: 0xa7b9 -> Res=0xefb9 Z=0
PASS | Op: XOR A: 0xb6b5 B: 0x3cb8 -> Res=0x8a0d Z=0
PASS | Op: SUB A: 0x710 B: 0x49e1 -> Res=0xbd2f Z=0
PASS | Op: ADD A: 0x356e B: 0xbd27 -> Res=0xf295 Z=0
PASS | Op: AND A: 0x3de2 B: 0x1ac1 -> Res=0x18c0 Z=0
PASS | Op: ADD A: 0x847e B: 0x39bf -> Res=0xbe3d Z=0
PASS | Op: XOR A: 0x895b B: 0xa232 -> Res=0x2b69 Z=0
PASS | Op: OR A: 0x8a24 B: 0x6a23 -> Res=0xea27 Z=0
PASS | Op: ADD A: 0xa74d B: 0x14af -> Res=0xbbfc Z=0
PASS | Op: ADD A: 0x1a5e B: 0xdcc6 -> Res=0xf724 Z=0
PASS | Op: AND A: 0xbf1c B: 0x743f -> Res=0x341c Z=0
PASS | Op: ADD A: 0xeb2 B: 0x7279 -> Res=0x812b Z=0
PASS | Op: ADD A: 0x8e B: 0x2449 -> Res=0x24d7 Z=0
PASS | Op: ADD A: 0x4932 B: 0x10f6 -> Res=0x5a28 Z=0
PASS | Op: XOR A: 0x1218 B: 0x3cb5 -> Res=0x2ead Z=0
PASS | Op: XOR A: 0xba41 B: 0x558a -> Res=0xefcb Z=0
PASS | Op: ADD A: 0x949c B: 0x2dab -> Res=0xc247 Z=0
PASS | Op: ADD A: 0xcd3b B: 0xb3d2 -> Res=0x810d Z=0
PASS | Op: XOR A: 0xdc4a B: 0x1f54 -> Res=0xc31e Z=0
PASS | Op: ADD A: 0xb8a0 B: 0xcf15 -> Res=0x87b5 Z=0
PASS | Op: XOR A: 0x46f2 B: 0xda54 -> Res=0x9ca6 Z=0
PASS | Op: XOR A: 0xf997 B: 0xb7c8 -> Res=0x4e5f Z=0
PASS | Op: XOR A: 0x8955 B: 0xb956 -> Res=0x3003 Z=0
PASS | Op: ADD A: 0x9231 B: 0xc303 -> Res=0x5534 Z=0
PASS | Op: XOR A: 0x98d2 B: 0x7181 -> Res=0xe953 Z=0
PASS | Op: XOR A: 0x9d58 B: 0xa7e0 -> Res=0x3ab8 Z=0
PASS | Op: ADD A: 0x3d04 B: 0x3930 -> Res=0x7634 Z=0
PASS | Op: AND A: 0xf0fc B: 0x1708 -> Res=0x1008 Z=0
PASS | Op: SUB A: 0xcf88 B: 0x8559 -> Res=0x4a2f Z=0
PASS | Op: XOR A: 0x5984 B: 0x1a5b -> Res=0x43df Z=0
PASS | Op: ADD A: 0x99c1 B: 0x4172 -> Res=0xdb33 Z=0
PASS | Op: OR A: 0x63c2 B: 0x4001 -> Res=0x63c3 Z=0
PASS | Op: OR A: 0x4f9 B: 0x2fdc -> Res=0x2ffd Z=0
PASS | Op: ADD A: 0x30a8 B: 0x80ca -> Res=0xb172 Z=0
PASS | Op: OR A: 0xdd9a B: 0x7131 -> Res=0xfdbb Z=0
PASS | Op: XOR A: 0x8afb B: 0xa72a -> Res=0x2dd1 Z=0
PASS | Op: XOR A: 0xcba9 B: 0xdf92 -> Res=0x143b Z=0
PASS | Op: OR A: 0x5eee B: 0x8e29 -> Res=0xdeef Z=0
PASS | Op: SUB A: 0xf357 B: 0x7c88 -> Res=0x76cf Z=0
PASS | Op: XOR A: 0x1142 B: 0xe661 -> Res=0xf723 Z=0
PASS | Op: SUB A: 0xe57c B: 0x4e24 -> Res=0x9758 Z=0
PASS | Op: XOR A: 0xcd08 B: 0x4cc4 -> Res=0x81cc Z=0
PASS | Op: XOR A: 0xeca6 B: 0x54b1 -> Res=0xb817 Z=0
PASS | Op: XOR A: 0x1eaa B: 0x8971 -> Res=0x97db Z=0
PASS | Op: ADD A: 0xd48d B: 0x53a3 -> Res=0x2830 Z=0
PASS | Op: XOR A: 0xfe74 B: 0x3220 -> Res=0xcc54 Z=0
PASS | Op: AND A: 0x8300 B: 0x15a0 -> Res=0x100 Z=0
PASS | Op: AND A: 0x586f B: 0x4427 -> Res=0x4027 Z=0
PASS | Op: XOR A: 0x55ef B: 0xc010 -> Res=0x95ff Z=0
PASS | Op: ADD A: 0x57d0 B: 0x5e4b -> Res=0xb61b Z=0
PASS | Op: ADD A: 0xcdeb B: 0x51c6 -> Res=0x1fb1 Z=0
PASS | Op: XOR A: 0xc2a6 B: 0x3d74 -> Res=0xffd2 Z=0
PASS | Op: ADD A: 0xf1d2 B: 0xd8bc -> Res=0xca8e Z=0
PASS | Op: ADD A: 0xa7d0 B: 0x9974 -> Res=0x4144 Z=0
PASS | Op: SUB A: 0x7bb9 B: 0xa9ab -> Res=0xd20e Z=0
PASS | Op: SUB A: 0xadd B: 0xd6e2 -> Res=0x33fb Z=0
PASS | Op: ADD A: 0x1ae0 B: 0x21f9 -> Res=0x3cd9 Z=0
PASS | Op: OR A: 0x6ad5 B: 0xaa4c -> Res=0xeadd Z=0
PASS | Op: AND A: 0x49c6 B: 0x4052 -> Res=0x4042 Z=0
PASS | Op: SUB A: 0x8924 B: 0x55c6 -> Res=0x335e Z=0
PASS | Op: OR A: 0xa047 B: 0xe5da -> Res=0xe5df Z=0
PASS | Op: ADD A: 0xe2bb B: 0x57c7 -> Res=0x3a82 Z=0
PASS | Op: OR A: 0x87c6 B: 0xc570 -> Res=0xc7f6 Z=0
PASS | Op: SUB A: 0x5f14 B: 0xbd2b -> Res=0xa1e9 Z=0
PASS | Op: ADD A: 0xb4d3 B: 0x3f19 -> Res=0xf3ec Z=0
PASS | Op: OR A: 0x5d62 B: 0x5546 -> Res=0x5d66 Z=0
PASS | Op: AND A: 0x320b B: 0x688e -> Res=0x200a Z=0
PASS | Op: XOR A: 0x18e4 B: 0xa739 -> Res=0xbfdd Z=0
PASS | Op: ADD A: 0x7cd2 B: 0xad42 -> Res=0x2a14 Z=0
PASS | Op: OR A: 0xfd66 B: 0x7f36 -> Res=0xff76 Z=0
PASS | Op: OR A: 0xb145 B: 0x5c0a -> Res=0xfd4f Z=0
PASS | Op: ADD A: 0x41e0 B: 0xff3c -> Res=0x411c Z=0
PASS | Op: SUB A: 0x849c B: 0xcb3a -> Res=0xb962 Z=0
PASS | Op: XOR A: 0x19c8 B: 0xa450 -> Res=0xbd98 Z=0
PASS | Op: ADD A: 0x7b2a B: 0x1c7c -> Res=0x97a6 Z=0
PASS | Op: XOR A: 0x7aae B: 0xeca3 -> Res=0x960d Z=0
PASS | Op: SUB A: 0x3bd1 B: 0x624 -> Res=0x35ad Z=0
PASS | Op: ADD A: 0x2b73 B: 0x1041 -> Res=0x3bb4 Z=0
PASS | Op: ADD A: 0xc480 B: 0xabbe -> Res=0x703e Z=0
PASS | Op: OR A: 0xaf16 B: 0x5dc -> Res=0xafde Z=0
PASS | Op: OR A: 0xda73 B: 0x5d2c -> Res=0xdf7f Z=0
PASS | Op: ADD A: 0xc520 B: 0xe441 -> Res=0xa961 Z=0
PASS | Op: XOR A: 0xa66f B: 0x58b0 -> Res=0xfedf Z=0
PASS | Op: AND A: 0x4f7d B: 0x9caa -> Res=0xc28 Z=0
PASS | Op: ADD A: 0x9226 B: 0xa6a4 -> Res=0x38ca Z=0
PASS | Op: SUB A: 0x2e28 B: 0x2cd -> Res=0x2b5b Z=0
PASS | Op: XOR A: 0xa211 B: 0x1e3d -> Res=0xbc2c Z=0
PASS | Op: XOR A: 0xefdf B: 0x83e5 -> Res=0x6c3a Z=0
PASS | Op: XOR A: 0x665b B: 0xadc7 -> Res=0xcb9c Z=0
PASS | Op: SUB A: 0x85d3 B: 0x2083 -> Res=0x6550 Z=0
PASS | Op: ADD A: 0x54fd B: 0xb640 -> Res=0xb3d Z=0
PASS | Op: AND A: 0x6f59 B: 0x5c23 -> Res=0x4c01 Z=0
PASS | Op: OR A: 0x3e9b B: 0x4827 -> Res=0x7ebf Z=0
PASS | Op: XOR A: 0xe3c3 B: 0xca7c -> Res=0x29bf Z=0
PASS | Op: ADD A: 0x637d B: 0x1639 -> Res=0x79b6 Z=0
PASS | Op: XOR A: 0xcf52 B: 0xebcc -> Res=0x249e Z=0
PASS | Op: AND A: 0x9a96 B: 0xec7f -> Res=0x8816 Z=0
PASS | Op: XOR A: 0xc774 B: 0xe8be -> Res=0x2fca Z=0
PASS | Op: OR A: 0x3601 B: 0xc688 -> Res=0xf689 Z=0
PASS | Op: AND A: 0x8b82 B: 0xf3c2 -> Res=0x8382 Z=0
PASS | Op: ADD A: 0xf8b6 B: 0xb606 -> Res=0xaebc Z=0
PASS | Op: XOR A: 0x1a55 B: 0x1bf2 -> Res=0x1a7 Z=0
PASS | Op: XOR A: 0x5f11 B: 0xd780 -> Res=0x8891 Z=0
PASS | Op: OR A: 0xc919 B: 0x64fa -> Res=0xedfb Z=0
PASS | Op: ADD A: 0x7298 B: 0x234d -> Res=0x95e5 Z=0
PASS | Op: OR A: 0x44f0 B: 0x547c -> Res=0x54fc Z=0
PASS | Op: AND A: 0xbb74 B: 0x4ea4 -> Res=0xa24 Z=0
PASS | Op: XOR A: 0xdd81 B: 0x479d -> Res=0x9a1c Z=0
PASS | Op: OR A: 0x745 B: 0xd5b8 -> Res=0xd7fd Z=0
PASS | Op: OR A: 0x43e3 B: 0x931f -> Res=0xd3ff Z=0
PASS | Op: ADD A: 0x97e1 B: 0x6ed3 -> Res=0x6b4 Z=0
PASS | Op: ADD A: 0x3127 B: 0x8a08 -> Res=0xbb2f Z=0
PASS | Op: XOR A: 0x8b25 B: 0x21e3 -> Res=0xaac6 Z=0
PASS | Op: XOR A: 0x1adf B: 0x7367 -> Res=0x69b8 Z=0
PASS | Op: SUB A: 0x3ca5 B: 0x306b -> Res=0xc3a Z=0
PASS | Op: ADD A: 0x4fda B: 0xa9da -> Res=0xf9b4 Z=0
PASS | Op: AND A: 0x4491 B: 0xe831 -> Res=0x4011 Z=0
PASS | Op: ADD A: 0x702d B: 0x397d -> Res=0xa9aa Z=0
PASS | Op: ADD A: 0x6a2b B: 0xf592 -> Res=0x5fbd Z=0
PASS | Op: AND A: 0x862a B: 0xbdf4 -> Res=0x8420 Z=0
PASS | Op: XOR A: 0x538a B: 0x577e -> Res=0x4f4 Z=0
PASS | Op: ADD A: 0xe9c7 B: 0x2f8 -> Res=0xecbf Z=0
PASS | Op: SUB A: 0x1082 B: 0xb19f -> Res=0x5ee3 Z=0
PASS | Op: ADD A: 0x16ec B: 0x9447 -> Res=0xab33 Z=0
PASS | Op: OR A: 0xf74c B: 0xec9b -> Res=0xffdf Z=0
PASS | Op: OR A: 0x294c B: 0xad4a -> Res=0xad4e Z=0
PASS | Op: ADD A: 0xeb0a B: 0x64e8 -> Res=0x4ff2 Z=0
PASS | Op: ADD A: 0xeacf B: 0xf989 -> Res=0xe458 Z=0
PASS | Op: SUB A: 0x6a67 B: 0x7afa -> Res=0xef6d Z=0
PASS | Op: AND A: 0xe325 B: 0xd382 -> Res=0xc300 Z=0
PASS | Op: XOR A: 0x2712 B: 0xf9f8 -> Res=0xdeea Z=0
PASS | Op: SUB A: 0x8ae1 B: 0x4126 -> Res=0x49bb Z=0
PASS | Op: OR A: 0x387f B: 0xaefa -> Res=0xbeff Z=0
PASS | Op: ADD A: 0x621e B: 0x4f9b -> Res=0xb1b9 Z=0
PASS | Op: OR A: 0xa033 B: 0xc53f -> Res=0xe53f Z=0
PASS | Op: ADD A: 0x13fa B: 0xded1 -> Res=0xf2cb Z=0
PASS | Op: OR A: 0xdc02 B: 0xe560 -> Res=0xfd62 Z=0
PASS | Op: SUB A: 0x2e70 B: 0x18b5 -> Res=0x15bb Z=0
PASS | Op: XOR A: 0xfaeb B: 0xe43d -> Res=0x1ed6 Z=0
PASS | Op: AND A: 0x7fe B: 0x346a -> Res=0x46a Z=0
PASS | Op: ADD A: 0xc23 B: 0x6a0e -> Res=0x7631 Z=0
PASS | Op: ADD A: 0x68fc B: 0x130b -> Res=0x7c07 Z=0
PASS | Op: XOR A: 0xa33 B: 0x959a -> Res=0x9fa9 Z=0
PASS | Op: ADD A: 0x99db B: 0x96b1 -> Res=0x308c Z=0
PASS | Op: XOR A: 0xea6d B: 0x1f93 -> Res=0xf5fe Z=0
PASS | Op: SUB A: 0x652d B: 0x4b8b -> Res=0x19a2 Z=0
PASS | Op: AND A: 0xe648 B: 0xdc03 -> Res=0xc400 Z=0
PASS | Op: AND A: 0x5fe8 B: 0xc5d0 -> Res=0x45c0 Z=0
PASS | Op: OR A: 0xdd90 B: 0x30cd -> Res=0xfddd Z=0
PASS | Op: ADD A: 0x2ff4 B: 0x83c1 -> Res=0xb3b5 Z=0
PASS | Op: XOR A: 0xf21d B: 0xeaa -> Res=0xfcb7 Z=0
PASS | Op: OR A: 0x3d33 B: 0x721c -> Res=0x7f3f Z=0
PASS | Op: ADD A: 0xc54d B: 0x821a -> Res=0x4767 Z=0
PASS | Op: XOR A: 0xa585 B: 0x9914 -> Res=0x3c91 Z=0
PASS | Op: OR A: 0xdd68 B: 0x80f9 -> Res=0xddf9 Z=0
PASS | Op: ADD A: 0x7ad0 B: 0xf9df -> Res=0x74af Z=0
PASS | Op: OR A: 0x3d91 B: 0xa453 -> Res=0xbdd3 Z=0
PASS | Op: XOR A: 0xddac B: 0xe402 -> Res=0x39ae Z=0
PASS | Op: ADD A: 0x1d8a B: 0x13e9 -> Res=0x3173 Z=0
PASS | Op: ADD A: 0xa0a0 B: 0x3abf -> Res=0xdb5f Z=0
PASS | Op: ADD A: 0x7be1 B: 0x7b6 -> Res=0x8397 Z=0
PASS | Op: XOR A: 0x1f4e B: 0x1bd4 -> Res=0x49a Z=0
PASS | Op: ADD A: 0xea2c B: 0x823a -> Res=0x6c66 Z=0
PASS | Op: OR A: 0x563e B: 0xbe7a -> Res=0xfe7e Z=0
PASS | Op: XOR A: 0xb9f6 B: 0x126d -> Res=0xab9b Z=0
PASS | Op: ADD A: 0xe8c9 B: 0x67f4 -> Res=0x50bd Z=0
PASS | Op: ADD A: 0xaf B: 0x9537 -> Res=0x95e6 Z=0
PASS | Op: XOR A: 0x9b55 B: 0x6a69 -> Res=0xf13c Z=0
PASS | Op: SUB A: 0x1b54 B: 0x477b -> Res=0xd3d9 Z=0
PASS | Op: XOR A: 0xcfb7 B: 0xcc0b -> Res=0x3bc Z=0
PASS | Op: OR A: 0x7e54 B: 0x820a -> Res=0xfe5e Z=0
PASS | Op: SUB A: 0x7cba B: 0x9d77 -> Res=0xdf43 Z=0
PASS | Op: OR A: 0x46b2 B: 0x1b4a -> Res=0x5ffa Z=0
PASS | Op: ADD A: 0x252 B: 0xace3 -> Res=0xaf35 Z=0
PASS | Op: OR A: 0xe6e6 B: 0x2c46 -> Res=0xeee6 Z=0
PASS | Op: XOR A: 0x8e82 B: 0x50 -> Res=0x8ed2 Z=0
PASS | Op: SUB A: 0x5702 B: 0x27ef -> Res=0x2f13 Z=0
PASS | Op: ADD A: 0x9954 B: 0x9d6e -> Res=0x36c2 Z=0
PASS | Op: XOR A: 0x5235 B: 0xc440 -> Res=0x9675 Z=0
PASS | Op: XOR A: 0x8454 B: 0x662 -> Res=0x8236 Z=0
PASS | Op: XOR A: 0x3eb3 B: 0xff77 -> Res=0xc1c4 Z=0
PASS | Op: XOR A: 0xb42 B: 0x2ee1 -> Res=0x25a3 Z=0
PASS | Op: ADD A: 0xf45c B: 0xec9d -> Res=0xe0f9 Z=0
PASS | Op: ADD A: 0x3a81 B: 0x280f -> Res=0x6290 Z=0
PASS | Op: ADD A: 0xebf2 B: 0x5763 -> Res=0x4355 Z=0
PASS | Op: XOR A: 0x9376 B: 0xd28a -> Res=0x41fc Z=0
PASS | Op: OR A: 0x7538 B: 0x6579 -> Res=0x7579 Z=0
PASS | Op: XOR A: 0x5d53 B: 0x1dd8 -> Res=0x408b Z=0
PASS | Op: XOR A: 0x13e1 B: 0xc32a -> Res=0xd0cb Z=0
PASS | Op: ADD A: 0x6dbc B: 0xb155 -> Res=0x1f11 Z=0
PASS | Op: OR A: 0xdd31 B: 0x30df -> Res=0xfdff Z=0
PASS | Op: OR A: 0x7a6a B: 0xe020 -> Res=0xfa6a Z=0
PASS | Op: ADD A: 0x2ab2 B: 0x7ee8 -> Res=0xa99a Z=0
PASS | Op: SUB A: 0xa61 B: 0x26e1 -> Res=0xe380 Z=0
PASS | Op: AND A: 0xbeeb B: 0xd1e6 -> Res=0x90e2 Z=0
PASS | Op: SUB A: 0x1738 B: 0xf1d7 -> Res=0x2561 Z=0
PASS | Op: XOR A: 0x1bd5 B: 0x896b -> Res=0x92be Z=0
PASS | Op: XOR A: 0xfe58 B: 0x6aae -> Res=0x94f6 Z=0
PASS | Op: AND A: 0x4255 B: 0x11b5 -> Res=0x15 Z=0
PASS | Op: XOR A: 0x9ea6 B: 0x2dfa -> Res=0xb35c Z=0
PASS | Op: SUB A: 0x5e57 B: 0xfcf -> Res=0x4e88 Z=0
PASS | Op: ADD A: 0x9b78 B: 0x3fba -> Res=0xdb32 Z=0
PASS | Op: XOR A: 0xfcce B: 0xd92a -> Res=0x25e4 Z=0
PASS | Op: XOR A: 0x9111 B: 0x49f8 -> Res=0xd8e9 Z=0
PASS | Op: ADD A: 0xab12 B: 0x3bee -> Res=0xe700 Z=0
PASS | Op: XOR A: 0x8b2f B: 0x597d -> Res=0xd252 Z=0
PASS | Op: SUB A: 0x4d3f B: 0xd680 -> Res=0x76bf Z=0
PASS | Op: OR A: 0xc8da B: 0xebb8 -> Res=0xebfa Z=0
PASS | Op: ADD A: 0x43e6 B: 0x6e04 -> Res=0xb1ea Z=0
PASS | Op: XOR A: 0x1f21 B: 0x34a3 -> Res=0x2b82 Z=0
PASS | Op: AND A: 0xfee8 B: 0xa9f7 -> Res=0xa8e0 Z=0
PASS | Op: ADD A: 0x6d38 B: 0x8c9b -> Res=0xf9d3 Z=0
PASS | Op: XOR A: 0xcee1 B: 0xe9df -> Res=0x273e Z=0
PASS | Op: OR A: 0x4856 B: 0xff85 -> Res=0xffd7 Z=0
PASS | Op: XOR A: 0xa35 B: 0xeaf8 -> Res=0xe0cd Z=0
PASS | Op: OR A: 0x7519 B: 0x6156 -> Res=0x755f Z=0
PASS | Op: ADD A: 0xbda4 B: 0x9a4b -> Res=0x57ef Z=0
PASS | Op: ADD A: 0xe27c B: 0x7aec -> Res=0x5d68 Z=0
PASS | Op: OR A: 0x975a B: 0x69fd -> Res=0xffff Z=0
PASS | Op: AND A: 0x77de B: 0xefad -> Res=0x678c Z=0
PASS | Op: OR A: 0x53a B: 0xd9c2 -> Res=0xddfa Z=0
PASS | Op: XOR A: 0xa5cc B: 0x1316 -> Res=0xb6da Z=0
PASS | Op: ADD A: 0x7801 B: 0x9242 -> Res=0xa43 Z=0
PASS | Op: XOR A: 0xdea B: 0xbca6 -> Res=0xb14c Z=0
PASS | Op: XOR A: 0x5266 B: 0x3427 -> Res=0x6641 Z=0
PASS | Op: OR A: 0x5260 B: 0x6a2b -> Res=0x7a6b Z=0
PASS | Op: ADD A: 0xa4f0 B: 0x199f -> Res=0xbe8f Z=0
PASS | Op: AND A: 0xf198 B: 0x5f5e -> Res=0x5118 Z=0
PASS | Op: XOR A: 0x9d1e B: 0x8622 -> Res=0x1b3c Z=0
PASS | Op: XOR A: 0xbfe6 B: 0xd708 -> Res=0x68ee Z=0
PASS | Op: AND A: 0xc830 B: 0x501b -> Res=0x4010 Z=0
PASS | Op: OR A: 0xb6a8 B: 0xa28 -> Res=0xbea8 Z=0
PASS | Op: AND A: 0xd82d B: 0xad56 -> Res=0x8804 Z=0
PASS | Op: OR A: 0xe3f B: 0xe747 -> Res=0xef7f Z=0
PASS | Op: SUB A: 0x17cd B: 0x784f -> Res=0x9f7e Z=0
PASS | Op: OR A: 0x6e16 B: 0x8e03 -> Res=0xee17 Z=0
PASS | Op: OR A: 0xb6b8 B: 0x8324 -> Res=0xb7bc Z=0
PASS | Op: XOR A: 0xcb10 B: 0x6573 -> Res=0xae63 Z=0
PASS | Op: XOR A: 0xae9f B: 0x73e2 -> Res=0xdd7d Z=0
PASS | Op: XOR A: 0x63e6 B: 0x113e -> Res=0x72d8 Z=0
PASS | Op: XOR A: 0x742f B: 0x490a -> Res=0x3d25 Z=0
PASS | Op: AND A: 0xf99a B: 0xd153 -> Res=0xd112 Z=0
PASS | Op: SUB A: 0xbd71 B: 0x1f59 -> Res=0x9e18 Z=0
PASS | Op: SUB A: 0x300 B: 0xc445 -> Res=0x3ebb Z=0
PASS | Op: AND A: 0xfa0e B: 0x7707 -> Res=0x7206 Z=0
PASS | Op: AND A: 0xb95c B: 0x29c -> Res=0x1c Z=0
PASS | Op: ADD A: 0xc3ea B: 0xa68b -> Res=0x6a75 Z=0
PASS | Op: XOR A: 0x2e71 B: 0xb1b9 -> Res=0x9fc8 Z=0
PASS | Op: OR A: 0x1732 B: 0xcadb -> Res=0xdffb Z=0
PASS | Op: XOR A: 0xa043 B: 0x5adb -> Res=0xfa98 Z=0
PASS | Op: OR A: 0x792a B: 0x4789 -> Res=0x7fab Z=0
PASS | Op: XOR A: 0x7c82 B: 0xcaab -> Res=0xb629 Z=0
PASS | Op: ADD A: 0x7e9 B: 0x6cfb -> Res=0x74e4 Z=0
PASS | Op: SUB A: 0x968a B: 0x1f2b -> Res=0x775f Z=0
PASS | Op: OR A: 0xb799 B: 0x79f -> Res=0xb79f Z=0
PASS | Op: SUB A: 0xdc1d B: 0x6735 -> Res=0x74e8 Z=0
PASS | Op: ADD A: 0x44d2 B: 0x15b5 -> Res=0x5a87 Z=0
PASS | Op: ADD A: 0xb0a1 B: 0x7404 -> Res=0x24a5 Z=0
PASS | Op: SUB A: 0xbb0e B: 0x7597 -> Res=0x4577 Z=0
PASS | Op: SUB A: 0x53bf B: 0xe24b -> Res=0x7174 Z=0
PASS | Op: XOR A: 0x3f60 B: 0x98b4 -> Res=0xa7d4 Z=0
PASS | Op: ADD A: 0xe30d B: 0x4457 -> Res=0x2764 Z=0
PASS | Op: OR A: 0x7d8d B: 0xe3a3 -> Res=0xffaf Z=0
PASS | Op: AND A: 0x8024 B: 0x1483 -> Res=0x0 Z=0
PASS | Op: ADD A: 0xcb8f B: 0x8ec0 -> Res=0x5a4f Z=0
PASS | Op: XOR A: 0x108e B: 0xd1e2 -> Res=0xc16c Z=0
PASS | Op: AND A: 0x283b B: 0x4848 -> Res=0x808 Z=0
PASS | Op: ADD A: 0xa888 B: 0x148 -> Res=0xa9d0 Z=0
PASS | Op: SUB A: 0xacf3 B: 0x90d9 -> Res=0x1c1a Z=0
PASS | Op: XOR A: 0xe04 B: 0x767d -> Res=0x7879 Z=0
PASS | Op: ADD A: 0xb8ab B: 0x7b33 -> Res=0x33de Z=0
PASS | Op: XOR A: 0xc196 B: 0x8e1d -> Res=0x4f8b Z=0
PASS | Op: ADD A: 0x2e4f B: 0x969d -> Res=0xc4ec Z=0
PASS | Op: SUB A: 0x4f77 B: 0xde10 -> Res=0x7167 Z=0
PASS | Op: ADD A: 0x5f28 B: 0x6c3b -> Res=0xcb63 Z=0
PASS | Op: SUB A: 0x827b B: 0x712f -> Res=0x114c Z=0
PASS | Op: XOR A: 0x800b B: 0x39a -> Res=0x8391 Z=0
PASS | Op: SUB A: 0xe6fb B: 0x9850 -> Res=0x4eab Z=0
PASS | Op: OR A: 0xdca3 B: 0xa8e8 -> Res=0xfceb Z=0
PASS | Op: AND A: 0xf573 B: 0x2648 -> Res=0x2440 Z=0
PASS | Op: SUB A: 0xa0fb B: 0x2a52 -> Res=0x76a9 Z=0
PASS | Op: AND A: 0x2484 B: 0xd29 -> Res=0x400 Z=0
PASS | Op: SUB A: 0xaa96 B: 0xbf83 -> Res=0xeb13 Z=0
PASS | Op: AND A: 0xb829 B: 0x43e7 -> Res=0x21 Z=0
PASS | Op: XOR A: 0xa598 B: 0xe009 -> Res=0x4591 Z=0
PASS | Op: OR A: 0x207 B: 0xe8cb -> Res=0xeacf Z=0
PASS | Op: OR A: 0x3b93 B: 0x5238 -> Res=0x7bbb Z=0
PASS | Op: ADD A: 0x31f9 B: 0xb25a -> Res=0xe453 Z=0
PASS | Op: ADD A: 0xa26e B: 0x77ef -> Res=0x1a5d Z=0
PASS | Op: ADD A: 0x2fd1 B: 0xb698 -> Res=0xe669 Z=0
PASS | Op: XOR A: 0x3379 B: 0x84e8 -> Res=0xb791 Z=0
PASS | Op: XOR A: 0x1e3e B: 0x7526 -> Res=0x6b18 Z=0
PASS | Op: AND A: 0x2b5b B: 0xb69b -> Res=0x221b Z=0
PASS | Op: ADD A: 0xe46f B: 0xbc9d -> Res=0xa10c Z=0
PASS | Op: AND A: 0xb470 B: 0x1c91 -> Res=0x1410 Z=0
PASS | Op: OR A: 0x9d21 B: 0xe46 -> Res=0x9f67 Z=0
PASS | Op: XOR A: 0x72a7 B: 0x230f -> Res=0x51a8 Z=0
PASS | Op: OR A: 0xa638 B: 0x2b29 -> Res=0xaf39 Z=0
PASS | Op: ADD A: 0x7815 B: 0xe55 -> Res=0x866a Z=0
PASS | Op: ADD A: 0x5a7a B: 0x78f3 -> Res=0xd36d Z=0
PASS | Op: XOR A: 0x58d2 B: 0xa887 -> Res=0xf055 Z=0
PASS | Op: ADD A: 0xe34c B: 0xccfd -> Res=0xb049 Z=0
PASS | Op: XOR A: 0x81c2 B: 0x8dbd -> Res=0xc7f Z=0
PASS | Op: ADD A: 0x7f0c B: 0x7041 -> Res=0xef4d Z=0
PASS | Op: ADD A: 0xb47a B: 0x2dca -> Res=0xe244 Z=0
PASS | Op: AND A: 0x2c1b B: 0xd731 -> Res=0x411 Z=0
PASS | Op: OR A: 0x9051 B: 0xf636 -> Res=0xf677 Z=0
PASS | Op: AND A: 0x2756 B: 0x8015 -> Res=0x14 Z=0
PASS | Op: ADD A: 0x3eaa B: 0x8d8a -> Res=0xcc34 Z=0
PASS | Op: ADD A: 0x16cf B: 0x8b3b -> Res=0xa20a Z=0
PASS | Op: XOR A: 0x3fbb B: 0x27fa -> Res=0x1841 Z=0
PASS | Op: XOR A: 0x7357 B: 0xe093 -> Res=0x93c4 Z=0
PASS | Op: XOR A: 0x792b B: 0x8c91 -> Res=0xf5ba Z=0
PASS | Op: ADD A: 0xdcc6 B: 0x3aee -> Res=0x17b4 Z=0
PASS | Op: ADD A: 0xa5b2 B: 0xefc0 -> Res=0x9572 Z=0
PASS | Op: XOR A: 0xd2bb B: 0x8823 -> Res=0x5a98 Z=0
PASS | Op: OR A: 0xd7e3 B: 0x6e88 -> Res=0xffeb Z=0
PASS | Op: AND A: 0xace9 B: 0xab58 -> Res=0xa848 Z=0
PASS | Op: XOR A: 0xf92c B: 0x9b64 -> Res=0x6248 Z=0
PASS | Op: OR A: 0xe1b5 B: 0x4333 -> Res=0xe3b7 Z=0
PASS | Op: XOR A: 0x3176 B: 0x9146 -> Res=0xa030 Z=0
PASS | Op: ADD A: 0x6e7c B: 0x702a -> Res=0xdea6 Z=0
PASS | Op: OR A: 0x1308 B: 0x7aee -> Res=0x7bee Z=0
PASS | Op: XOR A: 0x3718 B: 0xce4a -> Res=0xf952 Z=0
PASS | Op: ADD A: 0xe4b7 B: 0x25c6 -> Res=0xa7d Z=0
PASS | Op: XOR A: 0x49cc B: 0xda2b -> Res=0x93e7 Z=0
PASS | Op: XOR A: 0x9731 B: 0xde37 -> Res=0x4906 Z=0
PASS | Op: ADD A: 0x8848 B: 0xfa89 -> Res=0x82d1 Z=0
PASS | Op: XOR A: 0x67b9 B: 0x3752 -> Res=0x50eb Z=0
PASS | Op: SUB A: 0x7875 B: 0x92c5 -> Res=0xe5b0 Z=0
PASS | Op: XOR A: 0xbf5e B: 0xf211 -> Res=0x4d4f Z=0
PASS | Op: ADD A: 0x8d48 B: 0x590 -> Res=0x92d8 Z=0
PASS | Op: ADD A: 0x4eeb B: 0xa661 -> Res=0xf54c Z=0
PASS | Op: XOR A: 0xd83e B: 0x7b98 -> Res=0xa3a6 Z=0
PASS | Op: XOR A: 0xf769 B: 0x687a -> Res=0x9f13 Z=0
PASS | Op: OR A: 0xa7f5 B: 0xb7e4 -> Res=0xb7f5 Z=0
PASS | Op: SUB A: 0xe5b1 B: 0xdf24 -> Res=0x68d Z=0
PASS | Op: ADD A: 0x28d4 B: 0x276f -> Res=0x5043 Z=0
PASS | Op: XOR A: 0x3668 B: 0x177c -> Res=0x2114 Z=0
PASS | Op: ADD A: 0x87cb B: 0x9b6e -> Res=0x2339 Z=0
PASS | Op: OR A: 0x68b4 B: 0xc6ed -> Res=0xeefd Z=0
PASS | Op: ADD A: 0xc2bd B: 0x603c -> Res=0x22f9 Z=0
PASS | Op: XOR A: 0xa93b B: 0x23c -> Res=0xab07 Z=0
PASS | Op: ADD A: 0xfe3f B: 0x7e60 -> Res=0x7c9f Z=0
PASS | Op: XOR A: 0xcebc B: 0xdd77 -> Res=0x13cb Z=0
PASS | Op: ADD A: 0x8769 B: 0xd2c4 -> Res=0x5a2d Z=0
PASS | Op: SUB A: 0x62b4 B: 0x341f -> Res=0x2e95 Z=0
PASS | Op: XOR A: 0xeced B: 0xe530 -> Res=0x9dd Z=0
PASS | Op: XOR A: 0x30d9 B: 0x979d -> Res=0xa744 Z=0
PASS | Op: AND A: 0xeff1 B: 0x4cf8 -> Res=0x4cf0 Z=0
PASS | Op: ADD A: 0x61a7 B: 0xec47 -> Res=0x4dee Z=0
PASS | Op: XOR A: 0x29c7 B: 0x5729 -> Res=0x7eee Z=0
PASS | Op: SUB A: 0xa94e B: 0xc54f -> Res=0xe3ff Z=0
PASS | Op: XOR A: 0x226c B: 0x5e15 -> Res=0x7c79 Z=0
PASS | Op: AND A: 0x92a5 B: 0x5372 -> Res=0x1220 Z=0
PASS | Op: ADD A: 0xa4cb B: 0x26fb -> Res=0xcbc6 Z=0
PASS | Op: SUB A: 0x3d25 B: 0x6f1e -> Res=0xce07 Z=0
PASS | Op: SUB A: 0xbf49 B: 0xce03 -> Res=0xf146 Z=0
PASS | Op: AND A: 0xbfbf B: 0x7cc3 -> Res=0x3c83 Z=0
PASS | Op: AND A: 0x37b8 B: 0x31e6 -> Res=0x31a0 Z=0
PASS | Op: AND A: 0x6c00 B: 0xe7c -> Res=0xc00 Z=0
PASS | Op: XOR A: 0xc292 B: 0xd00d -> Res=0x129f Z=0
PASS | Op: ADD A: 0x98aa B: 0x856e -> Res=0x1e18 Z=0
PASS | Op: ADD A: 0x323e B: 0x28b3 -> Res=0x5af1 Z=0
PASS | Op: SUB A: 0x3c4d B: 0xf7d2 -> Res=0x447b Z=0
PASS | Op: ADD A: 0x72ca B: 0x1aad -> Res=0x8d77 Z=0
PASS | Op: SUB A: 0xac1f B: 0x942a -> Res=0x17f5 Z=0
PASS | Op: AND A: 0xeafb B: 0x977f -> Res=0x827b Z=0
PASS | Op: SUB A: 0xe854 B: 0xc259 -> Res=0x25fb Z=0
PASS | Op: ADD A: 0x7e50 B: 0x24eb -> Res=0xa33b Z=0
PASS | Op: OR A: 0xe658 B: 0x5b90 -> Res=0xffd8 Z=0
PASS | Op: ADD A: 0x629f B: 0x60aa -> Res=0xc349 Z=0
PASS | Op: ADD A: 0xa901 B: 0x1635 -> Res=0xbf36 Z=0
PASS | Op: ADD A: 0xbbcd B: 0x9467 -> Res=0x5034 Z=0
PASS | Op: XOR A: 0x1093 B: 0x97ff -> Res=0x876c Z=0
PASS | Op: OR A: 0xb257 B: 0x81d5 -> Res=0xb3d7 Z=0
PASS | Op: OR A: 0x24e7 B: 0x9b7f -> Res=0xbfff Z=0
PASS | Op: ADD A: 0x37b2 B: 0x393d -> Res=0x70ef Z=0
PASS | Op: XOR A: 0xcb55 B: 0xd2fe -> Res=0x19ab Z=0
PASS | Op: ADD A: 0x6fd6 B: 0x1ea5 -> Res=0x8e7b Z=0
PASS | Op: XOR A: 0x17e2 B: 0x5c4b -> Res=0x4ba9 Z=0
PASS | Op: ADD A: 0x457 B: 0x5920 -> Res=0x5d77 Z=0
PASS | Op: XOR A: 0x4c76 B: 0xf89b -> Res=0xb4ed Z=0
PASS | Op: AND A: 0x88b9 B: 0x31c5 -> Res=0x81 Z=0
PASS | Op: AND A: 0x347a B: 0x813f -> Res=0x3a Z=0
PASS | Op: ADD A: 0x364d B: 0xf82c -> Res=0x2e79 Z=0
PASS | Op: XOR A: 0x4f32 B: 0x682d -> Res=0x271f Z=0
PASS | Op: OR A: 0x188c B: 0xdd96 -> Res=0xdd9e Z=0
PASS | Op: AND A: 0xf9cb B: 0x887 -> Res=0x883 Z=0
PASS | Op: OR A: 0xb793 B: 0x1792 -> Res=0xb793 Z=0
PASS | Op: AND A: 0x3001 B: 0xf383 -> Res=0x3001 Z=0
PASS | Op: SUB A: 0xce62 B: 0x8575 -> Res=0x48ed Z=0
PASS | Op: ADD A: 0xa9f6 B: 0x54e0 -> Res=0xfed6 Z=0
PASS | Op: XOR A: 0x3388 B: 0xdc81 -> Res=0xef09 Z=0
PASS | Op: AND A: 0x5c2d B: 0xa6ba -> Res=0x428 Z=0
PASS | Op: AND A: 0xb840 B: 0xb423 -> Res=0xb000 Z=0
PASS | Op: OR A: 0x26c6 B: 0xeb6d -> Res=0xefef Z=0
PASS | Op: SUB A: 0x266b B: 0xca50 -> Res=0x5c1b Z=0
PASS | Op: OR A: 0x1801 B: 0xb9d1 -> Res=0xb9d1 Z=0
PASS | Op: SUB A: 0x370a B: 0x335d -> Res=0x3ad Z=0
PASS | Op: XOR A: 0x7336 B: 0x3100 -> Res=0x4236 Z=0
PASS | Op: ADD A: 0x98e B: 0x66a4 -> Res=0x7032 Z=0
PASS | Op: ADD A: 0x3a8e B: 0x1ae9 -> Res=0x5577 Z=0
PASS | Op: SUB A: 0x3966 B: 0x836d -> Res=0xb5f9 Z=0
PASS | Op: ADD A: 0xf4f0 B: 0x5a61 -> Res=0x4f51 Z=0
PASS | Op: XOR A: 0x8c1c B: 0xf015 -> Res=0x7c09 Z=0
PASS | Op: ADD A: 0x44c7 B: 0xc272 -> Res=0x739 Z=0
PASS | Op: ADD A: 0x5db6 B: 0x7515 -> Res=0xd2cb Z=0
PASS | Op: ADD A: 0xa27e B: 0x53c2 -> Res=0xf640 Z=0
PASS | Op: OR A: 0x6b99 B: 0x4ec7 -> Res=0x6fdf Z=0
PASS | Op: AND A: 0x649b B: 0x303e -> Res=0x201a Z=0
PASS | Op: SUB A: 0xda2a B: 0x57ad -> Res=0x827d Z=0
PASS | Op: OR A: 0x1192 B: 0x462e -> Res=0x57be Z=0
PASS | Op: SUB A: 0xcfad B: 0x10be -> Res=0xbeef Z=0
PASS | Op: OR A: 0xfff2 B: 0xfa7 -> Res=0xfff7 Z=0
PASS | Op: OR A: 0xfdfa B: 0x2ac1 -> Res=0xfffb Z=0
PASS | Op: XOR A: 0x2a0e B: 0x10d1 -> Res=0x3adf Z=0
PASS | Op: SUB A: 0xff49 B: 0x1859 -> Res=0xe6f0 Z=0
PASS | Op: XOR A: 0x5bb0 B: 0x7f84 -> Res=0x2434 Z=0
PASS | Op: ADD A: 0x832e B: 0xe931 -> Res=0x6c5f Z=0
PASS | Op: AND A: 0x6ba1 B: 0x1031 -> Res=0x21 Z=0
PASS | Op: XOR A: 0x3c93 B: 0x4687 -> Res=0x7a14 Z=0
PASS | Op: XOR A: 0x5da3 B: 0x1a65 -> Res=0x47c6 Z=0
PASS | Op: AND A: 0x5f2f B: 0xfd42 -> Res=0x5d02 Z=0
PASS | Op: OR A: 0xf80a B: 0x467e -> Res=0xfe7e Z=0
PASS | Op: AND A: 0x861 B: 0x9a73 -> Res=0x861 Z=0
PASS | Op: AND A: 0xfd0c B: 0x5ab3 -> Res=0x5800 Z=0
PASS | Op: ADD A: 0xefa0 B: 0x86b1 -> Res=0x7651 Z=0
PASS | Op: ADD A: 0x3258 B: 0x59b8 -> Res=0x8c10 Z=0
PASS | Op: SUB A: 0x14b B: 0x6b29 -> Res=0x9622 Z=0
PASS | Op: XOR A: 0x9d47 B: 0xa8a6 -> Res=0x35e1 Z=0
PASS | Op: AND A: 0x60be B: 0xf642 -> Res=0x6002 Z=0
PASS | Op: XOR A: 0xd767 B: 0x76dc -> Res=0xa1bb Z=0
PASS | Op: XOR A: 0x97f B: 0x55f4 -> Res=0x5c8b Z=0
PASS | Op: ADD A: 0xd0ab B: 0xf12d -> Res=0xc1d8 Z=0
PASS | Op: OR A: 0x3098 B: 0x6ef4 -> Res=0x7efc Z=0
PASS | Op: ADD A: 0xd24f B: 0x1fb1 -> Res=0xf200 Z=0
PASS | Op: XOR A: 0xe13b B: 0xa7e0 -> Res=0x46db Z=0
PASS | Op: ADD A: 0x5327 B: 0xb6e6 -> Res=0xa0d Z=0
PASS | Op: XOR A: 0x217a B: 0x91e4 -> Res=0xb09e Z=0
PASS | Op: XOR A: 0x49d B: 0xcfa7 -> Res=0xcb3a Z=0
PASS | Op: XOR A: 0xf9d1 B: 0xf3a8 -> Res=0xa79 Z=0
PASS | Op: OR A: 0xd19f B: 0x18fd -> Res=0xd9ff Z=0
PASS | Op: XOR A: 0x8a73 B: 0xa126 -> Res=0x2b55 Z=0
PASS | Op: ADD A: 0x257a B: 0x71e3 -> Res=0x975d Z=0
PASS | Op: ADD A: 0x9c13 B: 0x3596 -> Res=0xd1a9 Z=0
PASS | Op: AND A: 0xcded B: 0x35df -> Res=0x5cd Z=0
PASS | Op: AND A: 0x269c B: 0x4ebb -> Res=0x698 Z=0
PASS | Op: AND A: 0xc42a B: 0x513b -> Res=0x402a Z=0
PASS | Op: AND A: 0x2ec3 B: 0xf1dd -> Res=0x20c1 Z=0
PASS | Op: ADD A: 0x4179 B: 0x4777 -> Res=0x88f0 Z=0
PASS | Op: ADD A: 0xcc9f B: 0x2cad -> Res=0xf94c Z=0
PASS | Op: SUB A: 0x2dae B: 0xf4e6 -> Res=0x38c8 Z=0
PASS | Op: ADD A: 0x4919 B: 0xf840 -> Res=0x4159 Z=0
PASS | Op: SUB A: 0xb310 B: 0x4a21 -> Res=0x68ef Z=0
PASS | Op: SUB A: 0xd222 B: 0x4531 -> Res=0x8cf1 Z=0
PASS | Op: OR A: 0x547e B: 0xe333 -> Res=0xf77f Z=0
PASS | Op: ADD A: 0x2d31 B: 0x1f48 -> Res=0x4c79 Z=0
PASS | Op: XOR A: 0x157d B: 0xa49f -> Res=0xb1e2 Z=0
PASS | Op: XOR A: 0xd332 B: 0xb27a -> Res=0x6148 Z=0
PASS | Op: OR A: 0xf43c B: 0x76d7 -> Res=0xf6ff Z=0
PASS | Op: OR A: 0xa68d B: 0xcb73 -> Res=0xefff Z=0
PASS | Op: AND A: 0x4005 B: 0xaf1f -> Res=0x5 Z=0
PASS | Op: ADD A: 0x14d4 B: 0xb11a -> Res=0xc5ee Z=0
PASS | Op: ADD A: 0x526d B: 0xe53e -> Res=0x37ab Z=0
PASS | Op: SUB A: 0x4158 B: 0x2ee4 -> Res=0x1274 Z=0
PASS | Op: XOR A: 0x6246 B: 0x84ef -> Res=0xe6a9 Z=0
PASS | Op: SUB A: 0x15f6 B: 0x9b30 -> Res=0x7ac6 Z=0
PASS | Op: SUB A: 0x4dc3 B: 0x758f -> Res=0xd834 Z=0
PASS | Op: AND A: 0xdf1e B: 0x28c7 -> Res=0x806 Z=0
PASS | Op: ADD A: 0x8bc7 B: 0x2310 -> Res=0xaed7 Z=0
PASS | Op: ADD A: 0x69b6 B: 0xd270 -> Res=0x3c26 Z=0
PASS | Op: SUB A: 0xcc1e B: 0xee8a -> Res=0xdd94 Z=0
PASS | Op: ADD A: 0x575 B: 0x8b1 -> Res=0xe26 Z=0
PASS | Op: ADD A: 0x37ba B: 0xc75 -> Res=0x442f Z=0
PASS | Op: OR A: 0xd26 B: 0x106c -> Res=0x1d6e Z=0
PASS | Op: AND A: 0x2658 B: 0x4cdf -> Res=0x458 Z=0
PASS | Op: ADD A: 0x1375 B: 0x1c4b -> Res=0x2fc0 Z=0
PASS | Op: ADD A: 0x4f28 B: 0x2ef1 -> Res=0x7e19 Z=0
PASS | Op: OR A: 0x91d2 B: 0x92ab -> Res=0x93fb Z=0
PASS | Op: ADD A: 0x8504 B: 0x6615 -> Res=0xeb19 Z=0
PASS | Op: SUB A: 0xdbf8 B: 0xf58b -> Res=0xe66d Z=0
PASS | Op: XOR A: 0xc9f7 B: 0x8e63 -> Res=0x4794 Z=0
PASS | Op: ADD A: 0x3f3d B: 0x74c9 -> Res=0xb406 Z=0
PASS | Op: ADD A: 0x3da B: 0x6576 -> Res=0x6950 Z=0
PASS | Op: SUB A: 0x1013 B: 0xb58c -> Res=0x5a87 Z=0
PASS | Op: OR A: 0xcebc B: 0xea72 -> Res=0xeefe Z=0
PASS | Op: OR A: 0x9d5c B: 0x7f56 -> Res=0xff5e Z=0
PASS | Op: ADD A: 0x6cce B: 0x387d -> Res=0xa54b Z=0
PASS | Op: XOR A: 0xb92f B: 0xd7c8 -> Res=0x6ee7 Z=0
PASS | Op: AND A: 0xa2e6 B: 0xc6a -> Res=0x62 Z=0
PASS | Op: SUB A: 0xe735 B: 0x33e9 -> Res=0xb34c Z=0
PASS | Op: XOR A: 0x9861 B: 0x44c6 -> Res=0xdca7 Z=0
PASS | Op: XOR A: 0x698d B: 0xf471 -> Res=0x9dfc Z=0
PASS | Op: ADD A: 0x3515 B: 0xe8b9 -> Res=0x1dce Z=0
PASS | Op: ADD A: 0xaa3d B: 0x8135 -> Res=0x2b72 Z=0
PASS | Op: OR A: 0x3f71 B: 0x6a85 -> Res=0x7ff5 Z=0
PASS | Op: XOR A: 0x5661 B: 0x440a -> Res=0x126b Z=0
PASS | Op: XOR A: 0x6718 B: 0x3c1f -> Res=0x5b07 Z=0
PASS | Op: AND A: 0xef86 B: 0xebce -> Res=0xeb86 Z=0
PASS | Op: SUB A: 0x742e B: 0x2a00 -> Res=0x4a2e Z=0
PASS | Op: SUB A: 0x8723 B: 0x7dc -> Res=0x7f47 Z=0
PASS | Op: XOR A: 0x8ef4 B: 0x5c37 -> Res=0xd2c3 Z=0
PASS | Op: ADD A: 0x7a91 B: 0xcd53 -> Res=0x47e4 Z=0
PASS | Op: AND A: 0x7ead B: 0xe2eb -> Res=0x62a9 Z=0
PASS | Op: OR A: 0xd833 B: 0xc10 -> Res=0xdc33 Z=0
PASS | Op: XOR A: 0xad7d B: 0xdce5 -> Res=0x7198 Z=0
PASS | Op: SUB A: 0xc1fb B: 0xa126 -> Res=0x20d5 Z=0
PASS | Op: OR A: 0xeaa0 B: 0x1d35 -> Res=0xffb5 Z=0
PASS | Op: ADD A: 0xa4f B: 0xa0ec -> Res=0xab3b Z=0
PASS | Op: AND A: 0x4a06 B: 0xd6cc -> Res=0x4204 Z=0
PASS | Op: ADD A: 0x339b B: 0xbb51 -> Res=0xeeec Z=0
PASS | Op: ADD A: 0xf97c B: 0x6f4e -> Res=0x68ca Z=0
PASS | Op: SUB A: 0x70f0 B: 0x4cb3 -> Res=0x243d Z=0
PASS | Op: ADD A: 0x291b B: 0x157a -> Res=0x3e95 Z=0
PASS | Op: XOR A: 0x543f B: 0x5602 -> Res=0x23d Z=0
PASS | Op: XOR A: 0x247d B: 0x5386 -> Res=0x77fb Z=0
PASS | Op: OR A: 0xd082 B: 0x8f18 -> Res=0xdf9a Z=0
PASS | Op: ADD A: 0x4f89 B: 0x4914 -> Res=0x989d Z=0
PASS | Op: SUB A: 0xf8da B: 0xe16a -> Res=0x1770 Z=0
PASS | Op: SUB A: 0x4cea B: 0xf687 -> Res=0x5663 Z=0
PASS | Op: OR A: 0x7cb0 B: 0x7879 -> Res=0x7cf9 Z=0
PASS | Op: XOR A: 0xcf00 B: 0x7ed6 -> Res=0xb1d6 Z=0
PASS | Op: XOR A: 0x75a2 B: 0xd87c -> Res=0xadde Z=0
PASS | Op: AND A: 0x56f6 B: 0x1a9f -> Res=0x1296 Z=0
PASS | Op: OR A: 0x4da8 B: 0xc490 -> Res=0xcdb8 Z=0
PASS | Op: ADD A: 0xde6b B: 0x466e -> Res=0x24d9 Z=0
PASS | Op: XOR A: 0x440b B: 0xb49a -> Res=0xf091 Z=0
PASS | Op: XOR A: 0xf743 B: 0x6efc -> Res=0x99bf Z=0
PASS | Op: OR A: 0x3550 B: 0xfdaa -> Res=0xfdfa Z=0
PASS | Op: XOR A: 0xb78c B: 0xf26d -> Res=0x45e1 Z=0
PASS | Op: AND A: 0x6f08 B: 0x1aaa -> Res=0xa08 Z=0
PASS | Op: OR A: 0xc3d0 B: 0xde02 -> Res=0xdfd2 Z=0
PASS | Op: XOR A: 0x5400 B: 0x201d -> Res=0x741d Z=0
PASS | Op: OR A: 0xb632 B: 0xe096 -> Res=0xf6b6 Z=0
PASS | Op: ADD A: 0x64ee B: 0x3883 -> Res=0x9d71 Z=0
PASS | Op: XOR A: 0xdfd3 B: 0x8d66 -> Res=0x52b5 Z=0
PASS | Op: XOR A: 0xc934 B: 0xd2ac -> Res=0x1b98 Z=0
PASS | Op: XOR A: 0xc2aa B: 0x5a79 -> Res=0x98d3 Z=0
PASS | Op: OR A: 0x5d30 B: 0x6267 -> Res=0x7f77 Z=0
PASS | Op: AND A: 0xf58c B: 0x9a14 -> Res=0x9004 Z=0
PASS | Op: AND A: 0x47db B: 0x92ae -> Res=0x28a Z=0
PASS | Op: XOR A: 0x7054 B: 0x79ef -> Res=0x9bb Z=0
PASS | Op: AND A: 0x9429 B: 0x7147 -> Res=0x1001 Z=0
PASS | Op: AND A: 0xfe54 B: 0x73df -> Res=0x7254 Z=0
PASS | Op: ADD A: 0x3a7b B: 0x6b18 -> Res=0xa593 Z=0
PASS | Op: ADD A: 0x1dc5 B: 0x84dd -> Res=0xa2a2 Z=0
PASS | Op: AND A: 0x955b B: 0xdfc9 -> Res=0x9549 Z=0
PASS | Op: XOR A: 0xec7f B: 0xd3bb -> Res=0x3fc4 Z=0
PASS | Op: XOR A: 0x9a19 B: 0x140b -> Res=0x8e12 Z=0
PASS | Op: XOR A: 0x2eee B: 0x2d46 -> Res=0x3a8 Z=0
PASS | Op: AND A: 0xed4c B: 0x1c7b -> Res=0xc48 Z=0
PASS | Op: OR A: 0x50cd B: 0x3f4a -> Res=0x7fcf Z=0
PASS | Op: XOR A: 0x8d8c B: 0x519 -> Res=0x8895 Z=0
PASS | Op: ADD A: 0x9f6e B: 0x297 -> Res=0xa205 Z=0
PASS | Op: AND A: 0xaf2a B: 0x6483 -> Res=0x2402 Z=0
PASS | Op: OR A: 0x634f B: 0x73fb -> Res=0x73ff Z=0
PASS | Op: SUB A: 0xc4d6 B: 0x754c -> Res=0x4f8a Z=0
PASS | Op: AND A: 0xa159 B: 0x6ac5 -> Res=0x2041 Z=0
PASS | Op: ADD A: 0xebba B: 0x20c5 -> Res=0xc7f Z=0
PASS | Op: XOR A: 0xb848 B: 0xc8ff -> Res=0x70b7 Z=0
PASS | Op: XOR A: 0xefdd B: 0x3bf8 -> Res=0xd425 Z=0
PASS | Op: XOR A: 0x931b B: 0x6589 -> Res=0xf692 Z=0
PASS | Op: ADD A: 0xaea7 B: 0x769b -> Res=0x2542 Z=0
PASS | Op: XOR A: 0x1dcc B: 0xf610 -> Res=0xebdc Z=0
PASS | Op: ADD A: 0x3b89 B: 0x267c -> Res=0x6205 Z=0
PASS | Op: OR A: 0x4d32 B: 0x9da0 -> Res=0xddb2 Z=0
PASS | Op: AND A: 0xa73b B: 0xb2da -> Res=0xa21a Z=0
PASS | Op: AND A: 0x7e1d B: 0xe52f -> Res=0x640d Z=0
PASS | Op: ADD A: 0x6cb3 B: 0x82c0 -> Res=0xef73 Z=0
PASS | Op: SUB A: 0x2718 B: 0x89f -> Res=0x1e79 Z=0
PASS | Op: ADD A: 0x78f9 B: 0x65e4 -> Res=0xdedd Z=0
PASS | Op: OR A: 0xec44 B: 0x22a5 -> Res=0xeee5 Z=0
PASS | Op: XOR A: 0x1845 B: 0x33c -> Res=0x1b79 Z=0
PASS | Op: AND A: 0x61b6 B: 0xbba8 -> Res=0x21a0 Z=0
PASS | Op: SUB A: 0x4d21 B: 0x7f66 -> Res=0xcdbb Z=0
PASS | Op: ADD A: 0x5464 B: 0xdb70 -> Res=0x2fd4 Z=0
PASS | Op: ADD A: 0xcf55 B: 0x5a99 -> Res=0x29ee Z=0
PASS | Op: SUB A: 0xda41 B: 0xcac2 -> Res=0xf7f Z=0
PASS | Op: XOR A: 0x691d B: 0x3368 -> Res=0x5a75 Z=0
PASS | Op: XOR A: 0xac37 B: 0x2f93 -> Res=0x83a4 Z=0
PASS | Op: ADD A: 0xf710 B: 0x90f5 -> Res=0x8805 Z=0
PASS | Op: SUB A: 0x4462 B: 0x9e82 -> Res=0xa5e0 Z=0
PASS | Op: SUB A: 0x6bd8 B: 0x8d81 -> Res=0xde57 Z=0
PASS | Op: XOR A: 0xd106 B: 0x6bb2 -> Res=0xbab4 Z=0
PASS | Op: ADD A: 0xe002 B: 0x8d5e -> Res=0x6d60 Z=0
PASS | Op: XOR A: 0xb265 B: 0xc4bb -> Res=0x76de Z=0
PASS | Op: XOR A: 0x73c3 B: 0x7907 -> Res=0xac4 Z=0
PASS | Op: XOR A: 0x7edb B: 0x64e2 -> Res=0x1a39 Z=0
PASS | Op: ADD A: 0xb03a B: 0x8ec5 -> Res=0x3eff Z=0
PASS | Op: ADD A: 0x6b12 B: 0x6fb5 -> Res=0xdac7 Z=0
PASS | Op: ADD A: 0x71c4 B: 0xb139 -> Res=0x22fd Z=0
PASS | Op: XOR A: 0x6680 B: 0xe8f2 -> Res=0x8e72 Z=0
PASS | Op: AND A: 0x347c B: 0xda21 -> Res=0x1020 Z=0
PASS | Op: ADD A: 0x4677 B: 0xa81 -> Res=0x50f8 Z=0
PASS | Op: OR A: 0x1cdc B: 0x7247 -> Res=0x7edf Z=0
PASS | Op: ADD A: 0xdab0 B: 0x589a -> Res=0x334a Z=0
PASS | Op: SUB A: 0x2be7 B: 0x2438 -> Res=0x7af Z=0
PASS | Op: ADD A: 0x9c1c B: 0x686f -> Res=0x48b Z=0
PASS | Op: ADD A: 0x5316 B: 0xe37 -> Res=0x614d Z=0
PASS | Op: ADD A: 0x3c05 B: 0x68f2 -> Res=0xa4f7 Z=0
PASS | Op: XOR A: 0xadb2 B: 0xf56b -> Res=0x58d9 Z=0
PASS | Op: ADD A: 0x208e B: 0x93d6 -> Res=0xb464 Z=0
PASS | Op: OR A: 0x2be0 B: 0x33e -> Res=0x2bfe Z=0
PASS | Op: AND A: 0x7203 B: 0xaeb4 -> Res=0x2200 Z=0
PASS | Op: ADD A: 0xcb B: 0xe4f4 -> Res=0xe5bf Z=0
PASS | Op: ADD A: 0xcc2b B: 0xa7d4 -> Res=0x73ff Z=0
PASS | Op: XOR A: 0xdd7e B: 0x55db -> Res=0x88a5 Z=0
PASS | Op: OR A: 0xa11 B: 0x30a -> Res=0xb1b Z=0
PASS | Op: OR A: 0x8855 B: 0x865a -> Res=0x8e5f Z=0
PASS | Op: OR A: 0xd39b B: 0x6b6d -> Res=0xfbff Z=0
PASS | Op: AND A: 0x1b92 B: 0x4b8b -> Res=0xb82 Z=0
PASS | Op: XOR A: 0x98fc B: 0xf883 -> Res=0x607f Z=0
PASS | Op: XOR A: 0xf0c2 B: 0xf039 -> Res=0xfb Z=0
PASS | Op: SUB A: 0x1c0e B: 0xc211 -> Res=0x59fd Z=0
PASS | Op: AND A: 0xca41 B: 0x44d8 -> Res=0x4040 Z=0
PASS | Op: SUB A: 0x53cd B: 0x94f9 -> Res=0xbed4 Z=0
PASS | Op: ADD A: 0x60fa B: 0x4a61 -> Res=0xab5b Z=0
PASS | Op: ADD A: 0x5fc3 B: 0xc29d -> Res=0x2260 Z=0
PASS | Op: XOR A: 0x1eca B: 0xc944 -> Res=0xd78e Z=0
PASS | Op: OR A: 0xb346 B: 0x934d -> Res=0xb34f Z=0
PASS | Op: XOR A: 0xfa0f B: 0x3c14 -> Res=0xc61b Z=0
PASS | Op: XOR A: 0x968c B: 0xcb10 -> Res=0x5d9c Z=0
PASS | Op: ADD A: 0xcb66 B: 0x5382 -> Res=0x1ee8 Z=0
PASS | Op: AND A: 0x5721 B: 0xc434 -> Res=0x4420 Z=0
PASS | Op: ADD A: 0x5ec3 B: 0x7ec1 -> Res=0xdd84 Z=0
PASS | Op: ADD A: 0xeda3 B: 0x9954 -> Res=0x86f7 Z=0
PASS | Op: OR A: 0xa210 B: 0xa53d -> Res=0xa73d Z=0
PASS | Op: XOR A: 0xa048 B: 0x3ee5 -> Res=0x9ead Z=0
PASS | Op: OR A: 0x3bd7 B: 0x444c -> Res=0x7fdf Z=0
PASS | Op: OR A: 0xc0a2 B: 0x199d -> Res=0xd9bf Z=0
PASS | Op: AND A: 0xb56 B: 0x440b -> Res=0x2 Z=0
PASS | Op: OR A: 0x59a B: 0xf1be -> Res=0xf5be Z=0
PASS | Op: OR A: 0xb90c B: 0x3970 -> Res=0xb97c Z=0
PASS | Op: OR A: 0x1e92 B: 0xa901 -> Res=0xbf93 Z=0
PASS | Op: OR A: 0x5c98 B: 0xc01f -> Res=0xdc9f Z=0
PASS | Op: XOR A: 0x7e8e B: 0xe2a -> Res=0x70a4 Z=0
PASS | Op: ADD A: 0xd726 B: 0x5743 -> Res=0x2e69 Z=0
PASS | Op: XOR A: 0x21ea B: 0xdc25 -> Res=0xfdcf Z=0
PASS | Op: SUB A: 0xafc1 B: 0x8b3d -> Res=0x2484 Z=0
PASS | Op: OR A: 0x2912 B: 0x6a5f -> Res=0x6b5f Z=0
PASS | Op: OR A: 0x6b7e B: 0xd945 -> Res=0xfb7f Z=0
PASS | Op: OR A: 0x63e8 B: 0xaa32 -> Res=0xebfa Z=0
PASS | Op: AND A: 0x3539 B: 0x77c5 -> Res=0x3501 Z=0
PASS | Op: OR A: 0xbaf9 B: 0xfef5 -> Res=0xfefd Z=0
PASS | Op: OR A: 0xc4f1 B: 0xfecf -> Res=0xfeff Z=0
PASS | Op: ADD A: 0x599f B: 0xd997 -> Res=0x3336 Z=0
PASS | Op: ADD A: 0xcf4f B: 0x6851 -> Res=0x37a0 Z=0
PASS | Op: SUB A: 0x3fb2 B: 0x400a -> Res=0xffa8 Z=0
PASS | Op: XOR A: 0x8b1a B: 0x2994 -> Res=0xa28e Z=0
PASS | Op: ADD A: 0x892e B: 0xd421 -> Res=0x5d4f Z=0
PASS | Op: SUB A: 0xc6 B: 0x14f2 -> Res=0xebd4 Z=0
PASS | Op: SUB A: 0x42be B: 0x5049 -> Res=0xf275 Z=0
PASS | Op: XOR A: 0x44b1 B: 0xb60 -> Res=0x4fd1 Z=0
PASS | Op: OR A: 0x3290 B: 0x7f69 -> Res=0x7ff9 Z=0
PASS | Op: SUB A: 0x4621 B: 0x1d46 -> Res=0x28db Z=0
PASS | Op: XOR A: 0x5064 B: 0xcd1 -> Res=0x5cb5 Z=0
PASS | Op: XOR A: 0x2187 B: 0x50c9 -> Res=0x714e Z=0
PASS | Op: AND A: 0x6437 B: 0x72d2 -> Res=0x6012 Z=0
PASS | Op: SUB A: 0x512c B: 0x21d1 -> Res=0x2f5b Z=0
PASS | Op: ADD A: 0x2f3b B: 0xc5a3 -> Res=0xf4de Z=0
PASS | Op: XOR A: 0xd319 B: 0xc52 -> Res=0xdf4b Z=0
PASS | Op: ADD A: 0xe645 B: 0xde7b -> Res=0xc4c0 Z=0
PASS | Op: XOR A: 0x85c6 B: 0x2c3f -> Res=0xa9f9 Z=0
PASS | Op: OR A: 0x2128 B: 0x313f -> Res=0x313f Z=0
PASS | Op: OR A: 0x964b B: 0xafd6 -> Res=0xbfdf Z=0
PASS | Op: ADD A: 0x6393 B: 0xaddb -> Res=0x116e Z=0
PASS | Op: ADD A: 0x3821 B: 0x9874 -> Res=0xd095 Z=0
PASS | Op: ADD A: 0x52c0 B: 0xbd0c -> Res=0xfcc Z=0
PASS | Op: OR A: 0x78ef B: 0xa00e -> Res=0xf8ef Z=0
PASS | Op: SUB A: 0xc0cb B: 0x8cca -> Res=0x3401 Z=0
PASS | Op: AND A: 0xdbea B: 0x19a5 -> Res=0x19a0 Z=0
PASS | Op: SUB A: 0x671b B: 0x9628 -> Res=0xd0f3 Z=0
PASS | Op: SUB A: 0xb1db B: 0x2156 -> Res=0x9085 Z=0
PASS | Op: XOR A: 0xaad7 B: 0xa4da -> Res=0xe0d Z=0
PASS | Op: XOR A: 0x8d54 B: 0x801 -> Res=0x8555 Z=0
PASS | Op: SUB A: 0x257 B: 0x204b -> Res=0xe20c Z=0
PASS | Op: OR A: 0x9082 B: 0xbbef -> Res=0xbbef Z=0
PASS | Op: XOR A: 0x9a21 B: 0xbce8 -> Res=0x26c9 Z=0
PASS | Op: OR A: 0x77a4 B: 0xc994 -> Res=0xffb4 Z=0
PASS | Op: ADD A: 0xec1 B: 0x3f77 -> Res=0x4e38 Z=0
PASS | Op: ADD A: 0xe819 B: 0x3085 -> Res=0x189e Z=0
PASS | Op: AND A: 0x19ec B: 0x11e2 -> Res=0x11e0 Z=0
PASS | Op: ADD A: 0x65c8 B: 0xebbe -> Res=0x5186 Z=0
PASS | Op: AND A: 0xfee4 B: 0xad91 -> Res=0xac80 Z=0
PASS | Op: OR A: 0xc1c1 B: 0xca7 -> Res=0xcde7 Z=0
PASS | Op: SUB A: 0xd0cb B: 0x5a6f -> Res=0x765c Z=0
PASS | Op: OR A: 0xc7d7 B: 0xbef6 -> Res=0xfff7 Z=0
PASS | Op: SUB(EQ) A: 0x5555 B: 0x5555 -> Res=0x0 Z=1

=== SUMMARY ===
Passed: 6989
Failed: 0
