=== IMM_GEN UNIT TEST REPORT ===
PASS | Input: 0x524 ImmSrc: 1 -> ext=0x524 lui=0x9000
PASS | Input: 0x609 ImmSrc: 1 -> ext=0x609 lui=0x2400
PASS | Input: 0xb0d ImmSrc: 1 -> ext=0xfb0d lui=0x3400
PASS | Input: 0x465 ImmSrc: 0 -> ext=0xffe5 lui=0x9400
PASS | Input: 0x301 ImmSrc: 1 -> ext=0x301 lui=0x400
PASS | Input: 0x176 ImmSrc: 1 -> ext=0x176 lui=0xd800
PASS | Input: 0x7ed ImmSrc: 0 -> ext=0xffed lui=0xb400
PASS | Input: 0x9f9 ImmSrc: 0 -> ext=0xfff9 lui=0xe400
PASS | Input: 0x4c5 ImmSrc: 0 -> ext=0x5 lui=0x1400
PASS | Input: 0x7e5 ImmSrc: 1 -> ext=0x7e5 lui=0x9400
PASS | Input: 0x612 ImmSrc: 1 -> ext=0x612 lui=0x4800
PASS | Input: 0x9f2 ImmSrc: 0 -> ext=0xfff2 lui=0xc800
PASS | Input: 0xae8 ImmSrc: 1 -> ext=0xfae8 lui=0xa000
PASS | Input: 0x95c ImmSrc: 1 -> ext=0xf95c lui=0x7000
PASS | Input: 0x82d ImmSrc: 1 -> ext=0xf82d lui=0xb400
PASS | Input: 0x263 ImmSrc: 0 -> ext=0xffe3 lui=0x8c00
PASS | Input: 0x280 ImmSrc: 0 -> ext=0x0 lui=0x0
PASS | Input: 0x5aa ImmSrc: 1 -> ext=0x5aa lui=0xa800
PASS | Input: 0xe96 ImmSrc: 1 -> ext=0xfe96 lui=0x5800
PASS | Input: 0x80d ImmSrc: 1 -> ext=0xf80d lui=0x3400
PASS | Input: 0xd6b ImmSrc: 1 -> ext=0xfd6b lui=0xac00
PASS | Input: 0xa02 ImmSrc: 0 -> ext=0x2 lui=0x800
PASS | Input: 0x91d ImmSrc: 1 -> ext=0xf91d lui=0x7400
PASS | Input: 0x923 ImmSrc: 0 -> ext=0xffe3 lui=0x8c00
PASS | Input: 0xaca ImmSrc: 0 -> ext=0xa lui=0x2800
PASS | Input: 0xdf2 ImmSrc: 0 -> ext=0xfff2 lui=0xc800
PASS | Input: 0x341 ImmSrc: 0 -> ext=0x1 lui=0x400
PASS | Input: 0x378 ImmSrc: 1 -> ext=0x378 lui=0xe000
PASS | Input: 0xdeb ImmSrc: 0 -> ext=0xffeb lui=0xac00
PASS | Input: 0x9c6 ImmSrc: 0 -> ext=0x6 lui=0x1800
PASS | Input: 0x2bc ImmSrc: 0 -> ext=0xfffc lui=0xf000
PASS | Input: 0xa0b ImmSrc: 1 -> ext=0xfa0b lui=0x2c00
PASS | Input: 0x185 ImmSrc: 1 -> ext=0x185 lui=0x1400
PASS | Input: 0x3b ImmSrc: 0 -> ext=0xfffb lui=0xec00
PASS | Input: 0x27e ImmSrc: 1 -> ext=0x27e lui=0xf800
PASS | Input: 0xbf1 ImmSrc: 1 -> ext=0xfbf1 lui=0xc400
PASS | Input: 0x762 ImmSrc: 0 -> ext=0xffe2 lui=0x8800
PASS | Input: 0x59f ImmSrc: 1 -> ext=0x59f lui=0x7c00
PASS | Input: 0x9f8 ImmSrc: 1 -> ext=0xf9f8 lui=0xe000
PASS | Input: 0x69f ImmSrc: 0 -> ext=0x1f lui=0x7c00
PASS | Input: 0x5b ImmSrc: 1 -> ext=0x5b lui=0x6c00
PASS | Input: 0x249 ImmSrc: 0 -> ext=0x9 lui=0x2400
PASS | Input: 0xd7 ImmSrc: 1 -> ext=0xd7 lui=0x5c00
PASS | Input: 0xf96 ImmSrc: 0 -> ext=0x16 lui=0x5800
PASS | Input: 0xec2 ImmSrc: 0 -> ext=0x2 lui=0x800
PASS | Input: 0xa77 ImmSrc: 1 -> ext=0xfa77 lui=0xdc00
PASS | Input: 0xb12 ImmSrc: 0 -> ext=0x12 lui=0x4800
PASS | Input: 0x16d ImmSrc: 1 -> ext=0x16d lui=0xb400
PASS | Input: 0xf1f ImmSrc: 1 -> ext=0xff1f lui=0x7c00
PASS | Input: 0xf85 ImmSrc: 0 -> ext=0x5 lui=0x1400
PASS | Input: 0x95b ImmSrc: 1 -> ext=0xf95b lui=0x6c00
PASS | Input: 0xe3f ImmSrc: 0 -> ext=0xffff lui=0xfc00
PASS | Input: 0x358 ImmSrc: 0 -> ext=0x18 lui=0x6000
PASS | Input: 0xc8e ImmSrc: 0 -> ext=0xe lui=0x3800
PASS | Input: 0x9fa ImmSrc: 0 -> ext=0xfffa lui=0xe800
PASS | Input: 0x773 ImmSrc: 1 -> ext=0x773 lui=0xcc00
PASS | Input: 0x82f ImmSrc: 1 -> ext=0xf82f lui=0xbc00
PASS | Input: 0x65f ImmSrc: 0 -> ext=0x1f lui=0x7c00
PASS | Input: 0xdf7 ImmSrc: 1 -> ext=0xfdf7 lui=0xdc00
PASS | Input: 0xae6 ImmSrc: 0 -> ext=0xffe6 lui=0x9800
PASS | Input: 0x129 ImmSrc: 1 -> ext=0x129 lui=0xa400
PASS | Input: 0xcda ImmSrc: 1 -> ext=0xfcda lui=0x6800
PASS | Input: 0x2b5 ImmSrc: 1 -> ext=0x2b5 lui=0xd400
PASS | Input: 0x979 ImmSrc: 0 -> ext=0xfff9 lui=0xe400
PASS | Input: 0xcd0 ImmSrc: 0 -> ext=0x10 lui=0x4000
PASS | Input: 0xdab ImmSrc: 0 -> ext=0xffeb lui=0xac00
PASS | Input: 0xddc ImmSrc: 0 -> ext=0x1c lui=0x7000
PASS | Input: 0x2fd ImmSrc: 1 -> ext=0x2fd lui=0xf400
PASS | Input: 0xd56 ImmSrc: 0 -> ext=0x16 lui=0x5800
PASS | Input: 0x667 ImmSrc: 0 -> ext=0xffe7 lui=0x9c00
PASS | Input: 0x9b6 ImmSrc: 0 -> ext=0xfff6 lui=0xd800
PASS | Input: 0x779 ImmSrc: 0 -> ext=0xfff9 lui=0xe400
PASS | Input: 0xf94 ImmSrc: 1 -> ext=0xff94 lui=0x5000
PASS | Input: 0xc04 ImmSrc: 1 -> ext=0xfc04 lui=0x1000
PASS | Input: 0x9db ImmSrc: 1 -> ext=0xf9db lui=0x6c00
PASS | Input: 0x7d9 ImmSrc: 1 -> ext=0x7d9 lui=0x6400
PASS | Input: 0x276 ImmSrc: 0 -> ext=0xfff6 lui=0xd800
PASS | Input: 0xdb6 ImmSrc: 1 -> ext=0xfdb6 lui=0xd800
PASS | Input: 0xa46 ImmSrc: 0 -> ext=0x6 lui=0x1800
PASS | Input: 0x1f7 ImmSrc: 1 -> ext=0x1f7 lui=0xdc00
PASS | Input: 0xab4 ImmSrc: 0 -> ext=0xfff4 lui=0xd000
PASS | Input: 0x928 ImmSrc: 1 -> ext=0xf928 lui=0xa000
PASS | Input: 0xc7 ImmSrc: 0 -> ext=0x7 lui=0x1c00
PASS | Input: 0x408 ImmSrc: 0 -> ext=0x8 lui=0x2000
PASS | Input: 0x6fd ImmSrc: 1 -> ext=0x6fd lui=0xf400
PASS | Input: 0x1c ImmSrc: 0 -> ext=0x1c lui=0x7000
PASS | Input: 0x8da ImmSrc: 1 -> ext=0xf8da lui=0x6800
PASS | Input: 0x766 ImmSrc: 0 -> ext=0xffe6 lui=0x9800
PASS | Input: 0x473 ImmSrc: 0 -> ext=0xfff3 lui=0xcc00
PASS | Input: 0x35e ImmSrc: 0 -> ext=0x1e lui=0x7800
PASS | Input: 0x5d5 ImmSrc: 0 -> ext=0x15 lui=0x5400
PASS | Input: 0xb9 ImmSrc: 1 -> ext=0xb9 lui=0xe400
PASS | Input: 0x796 ImmSrc: 0 -> ext=0x16 lui=0x5800
PASS | Input: 0xf26 ImmSrc: 0 -> ext=0xffe6 lui=0x9800
PASS | Input: 0x37d ImmSrc: 0 -> ext=0xfffd lui=0xf400
PASS | Input: 0x786 ImmSrc: 0 -> ext=0x6 lui=0x1800
PASS | Input: 0xb7e ImmSrc: 1 -> ext=0xfb7e lui=0xf800
PASS | Input: 0x6cf ImmSrc: 1 -> ext=0x6cf lui=0x3c00
PASS | Input: 0x4fa ImmSrc: 1 -> ext=0x4fa lui=0xe800
PASS | Input: 0x917 ImmSrc: 1 -> ext=0xf917 lui=0x5c00
PASS | Input: 0x186 ImmSrc: 0 -> ext=0x6 lui=0x1800
PASS | Input: 0x9f5 ImmSrc: 1 -> ext=0xf9f5 lui=0xd400
PASS | Input: 0xa29 ImmSrc: 1 -> ext=0xfa29 lui=0xa400
PASS | Input: 0x4c5 ImmSrc: 0 -> ext=0x5 lui=0x1400
PASS | Input: 0xb4b ImmSrc: 1 -> ext=0xfb4b lui=0x2c00
PASS | Input: 0x6ec ImmSrc: 0 -> ext=0xffec lui=0xb000
PASS | Input: 0x14e ImmSrc: 0 -> ext=0xe lui=0x3800
PASS | Input: 0xda9 ImmSrc: 1 -> ext=0xfda9 lui=0xa400
PASS | Input: 0x90e ImmSrc: 0 -> ext=0xe lui=0x3800
PASS | Input: 0x9f ImmSrc: 0 -> ext=0x1f lui=0x7c00
PASS | Input: 0xd2a ImmSrc: 1 -> ext=0xfd2a lui=0xa800
PASS | Input: 0xf9e ImmSrc: 0 -> ext=0x1e lui=0x7800
PASS | Input: 0x879 ImmSrc: 0 -> ext=0xfff9 lui=0xe400
PASS | Input: 0x5ca ImmSrc: 1 -> ext=0x5ca lui=0x2800
PASS | Input: 0x96b ImmSrc: 1 -> ext=0xf96b lui=0xac00
PASS | Input: 0xdb6 ImmSrc: 0 -> ext=0xfff6 lui=0xd800
PASS | Input: 0xbc4 ImmSrc: 1 -> ext=0xfbc4 lui=0x1000
PASS | Input: 0x392 ImmSrc: 0 -> ext=0x12 lui=0x4800
PASS | Input: 0xb7f ImmSrc: 0 -> ext=0xffff lui=0xfc00
PASS | Input: 0x5fa ImmSrc: 0 -> ext=0xfffa lui=0xe800
PASS | Input: 0x132 ImmSrc: 1 -> ext=0x132 lui=0xc800
PASS | Input: 0xd84 ImmSrc: 0 -> ext=0x4 lui=0x1000
PASS | Input: 0xfca ImmSrc: 1 -> ext=0xffca lui=0x2800
PASS | Input: 0x8a1 ImmSrc: 0 -> ext=0xffe1 lui=0x8400
PASS | Input: 0xafb ImmSrc: 1 -> ext=0xfafb lui=0xec00
PASS | Input: 0xef ImmSrc: 1 -> ext=0xef lui=0xbc00
PASS | Input: 0x536 ImmSrc: 1 -> ext=0x536 lui=0xd800
PASS | Input: 0x68f ImmSrc: 1 -> ext=0x68f lui=0x3c00
PASS | Input: 0x788 ImmSrc: 0 -> ext=0x8 lui=0x2000
PASS | Input: 0x19b ImmSrc: 0 -> ext=0x1b lui=0x6c00
PASS | Input: 0xf28 ImmSrc: 1 -> ext=0xff28 lui=0xa000
PASS | Input: 0xf4b ImmSrc: 0 -> ext=0xb lui=0x2c00
PASS | Input: 0x61e ImmSrc: 1 -> ext=0x61e lui=0x7800
PASS | Input: 0xdec ImmSrc: 0 -> ext=0xffec lui=0xb000
PASS | Input: 0xbd1 ImmSrc: 0 -> ext=0x11 lui=0x4400
PASS | Input: 0x441 ImmSrc: 1 -> ext=0x441 lui=0x400
PASS | Input: 0x9d8 ImmSrc: 1 -> ext=0xf9d8 lui=0x6000
PASS | Input: 0x256 ImmSrc: 1 -> ext=0x256 lui=0x5800
PASS | Input: 0xae2 ImmSrc: 0 -> ext=0xffe2 lui=0x8800
PASS | Input: 0x373 ImmSrc: 0 -> ext=0xfff3 lui=0xcc00
PASS | Input: 0xd12 ImmSrc: 0 -> ext=0x12 lui=0x4800
PASS | Input: 0x239 ImmSrc: 1 -> ext=0x239 lui=0xe400
PASS | Input: 0xca1 ImmSrc: 1 -> ext=0xfca1 lui=0x8400
PASS | Input: 0xd81 ImmSrc: 0 -> ext=0x1 lui=0x400
PASS | Input: 0x527 ImmSrc: 1 -> ext=0x527 lui=0x9c00
PASS | Input: 0xe1f ImmSrc: 0 -> ext=0x1f lui=0x7c00
PASS | Input: 0x358 ImmSrc: 0 -> ext=0x18 lui=0x6000
PASS | Input: 0x314 ImmSrc: 0 -> ext=0x14 lui=0x5000
PASS | Input: 0x96 ImmSrc: 1 -> ext=0x96 lui=0x5800
PASS | Input: 0x555 ImmSrc: 1 -> ext=0x555 lui=0x5400
PASS | Input: 0xb2b ImmSrc: 1 -> ext=0xfb2b lui=0xac00
PASS | Input: 0x3ad ImmSrc: 1 -> ext=0x3ad lui=0xb400
PASS | Input: 0xf84 ImmSrc: 1 -> ext=0xff84 lui=0x1000
PASS | Input: 0x6e7 ImmSrc: 1 -> ext=0x6e7 lui=0x9c00
PASS | Input: 0x649 ImmSrc: 1 -> ext=0x649 lui=0x2400
PASS | Input: 0xfc9 ImmSrc: 1 -> ext=0xffc9 lui=0x2400
PASS | Input: 0xea1 ImmSrc: 0 -> ext=0xffe1 lui=0x8400
PASS | Input: 0x5fa ImmSrc: 1 -> ext=0x5fa lui=0xe800
PASS | Input: 0x583 ImmSrc: 0 -> ext=0x3 lui=0xc00
PASS | Input: 0x472 ImmSrc: 0 -> ext=0xfff2 lui=0xc800
PASS | Input: 0x268 ImmSrc: 1 -> ext=0x268 lui=0xa000
PASS | Input: 0xd86 ImmSrc: 0 -> ext=0x6 lui=0x1800
PASS | Input: 0x738 ImmSrc: 0 -> ext=0xfff8 lui=0xe000
PASS | Input: 0x628 ImmSrc: 0 -> ext=0xffe8 lui=0xa000
PASS | Input: 0xac5 ImmSrc: 0 -> ext=0x5 lui=0x1400
PASS | Input: 0xf74 ImmSrc: 1 -> ext=0xff74 lui=0xd000
PASS | Input: 0xab0 ImmSrc: 0 -> ext=0xfff0 lui=0xc000
PASS | Input: 0x32a ImmSrc: 0 -> ext=0xffea lui=0xa800
PASS | Input: 0x515 ImmSrc: 1 -> ext=0x515 lui=0x5400
PASS | Input: 0xd17 ImmSrc: 1 -> ext=0xfd17 lui=0x5c00
PASS | Input: 0x3c9 ImmSrc: 0 -> ext=0x9 lui=0x2400
PASS | Input: 0xb25 ImmSrc: 1 -> ext=0xfb25 lui=0x9400
PASS | Input: 0x28d ImmSrc: 0 -> ext=0xd lui=0x3400
PASS | Input: 0x707 ImmSrc: 0 -> ext=0x7 lui=0x1c00
PASS | Input: 0xd0c ImmSrc: 1 -> ext=0xfd0c lui=0x3000
PASS | Input: 0xc3b ImmSrc: 0 -> ext=0xfffb lui=0xec00
PASS | Input: 0x2f7 ImmSrc: 0 -> ext=0xfff7 lui=0xdc00
PASS | Input: 0x85c ImmSrc: 1 -> ext=0xf85c lui=0x7000
PASS | Input: 0xa20 ImmSrc: 0 -> ext=0xffe0 lui=0x8000
PASS | Input: 0x972 ImmSrc: 0 -> ext=0xfff2 lui=0xc800
PASS | Input: 0x5dd ImmSrc: 1 -> ext=0x5dd lui=0x7400
PASS | Input: 0x94b ImmSrc: 1 -> ext=0xf94b lui=0x2c00
PASS | Input: 0xa9e ImmSrc: 1 -> ext=0xfa9e lui=0x7800
PASS | Input: 0x27b ImmSrc: 1 -> ext=0x27b lui=0xec00
PASS | Input: 0xa03 ImmSrc: 1 -> ext=0xfa03 lui=0xc00
PASS | Input: 0x31d ImmSrc: 1 -> ext=0x31d lui=0x7400
PASS | Input: 0xf44 ImmSrc: 1 -> ext=0xff44 lui=0x1000
PASS | Input: 0x4e0 ImmSrc: 1 -> ext=0x4e0 lui=0x8000
PASS | Input: 0x552 ImmSrc: 0 -> ext=0x12 lui=0x4800
PASS | Input: 0x78d ImmSrc: 0 -> ext=0xd lui=0x3400
PASS | Input: 0x784 ImmSrc: 0 -> ext=0x4 lui=0x1000
PASS | Input: 0x28c ImmSrc: 0 -> ext=0xc lui=0x3000
PASS | Input: 0x117 ImmSrc: 0 -> ext=0x17 lui=0x5c00
PASS | Input: 0x784 ImmSrc: 0 -> ext=0x4 lui=0x1000
PASS | Input: 0xf7c ImmSrc: 0 -> ext=0xfffc lui=0xf000
PASS | Input: 0xdba ImmSrc: 1 -> ext=0xfdba lui=0xe800
PASS | Input: 0xea6 ImmSrc: 1 -> ext=0xfea6 lui=0x9800
PASS | Input: 0x332 ImmSrc: 0 -> ext=0xfff2 lui=0xc800
PASS | Input: 0xc49 ImmSrc: 0 -> ext=0x9 lui=0x2400
PASS | Input: 0x3d ImmSrc: 1 -> ext=0x3d lui=0xf400
PASS | Input: 0x5c ImmSrc: 1 -> ext=0x5c lui=0x7000
PASS | Input: 0x786 ImmSrc: 1 -> ext=0x786 lui=0x1800
PASS | Input: 0xab4 ImmSrc: 0 -> ext=0xfff4 lui=0xd000
PASS | Input: 0x2c ImmSrc: 0 -> ext=0xffec lui=0xb000
PASS | Input: 0x707 ImmSrc: 0 -> ext=0x7 lui=0x1c00
PASS | Input: 0x911 ImmSrc: 0 -> ext=0x11 lui=0x4400
PASS | Input: 0xe4b ImmSrc: 1 -> ext=0xfe4b lui=0x2c00
PASS | Input: 0xbec ImmSrc: 1 -> ext=0xfbec lui=0xb000
PASS | Input: 0xfa4 ImmSrc: 1 -> ext=0xffa4 lui=0x9000
PASS | Input: 0x439 ImmSrc: 1 -> ext=0x439 lui=0xe400
PASS | Input: 0x4d4 ImmSrc: 1 -> ext=0x4d4 lui=0x5000
PASS | Input: 0x19d ImmSrc: 0 -> ext=0x1d lui=0x7400
PASS | Input: 0x982 ImmSrc: 1 -> ext=0xf982 lui=0x800
PASS | Input: 0xad9 ImmSrc: 0 -> ext=0x19 lui=0x6400
PASS | Input: 0xc1c ImmSrc: 1 -> ext=0xfc1c lui=0x7000
PASS | Input: 0x1e3 ImmSrc: 0 -> ext=0xffe3 lui=0x8c00
PASS | Input: 0x8c8 ImmSrc: 1 -> ext=0xf8c8 lui=0x2000
PASS | Input: 0xd3a ImmSrc: 0 -> ext=0xfffa lui=0xe800
PASS | Input: 0x82b ImmSrc: 1 -> ext=0xf82b lui=0xac00
PASS | Input: 0xc12 ImmSrc: 0 -> ext=0x12 lui=0x4800
PASS | Input: 0x959 ImmSrc: 0 -> ext=0x19 lui=0x6400
PASS | Input: 0xa6e ImmSrc: 1 -> ext=0xfa6e lui=0xb800
PASS | Input: 0x7db ImmSrc: 0 -> ext=0x1b lui=0x6c00
PASS | Input: 0x3bb ImmSrc: 0 -> ext=0xfffb lui=0xec00
PASS | Input: 0xc0f ImmSrc: 1 -> ext=0xfc0f lui=0x3c00
PASS | Input: 0x20c ImmSrc: 1 -> ext=0x20c lui=0x3000
PASS | Input: 0x9c5 ImmSrc: 1 -> ext=0xf9c5 lui=0x1400
PASS | Input: 0x590 ImmSrc: 1 -> ext=0x590 lui=0x4000
PASS | Input: 0x469 ImmSrc: 1 -> ext=0x469 lui=0xa400
PASS | Input: 0x54a ImmSrc: 0 -> ext=0xa lui=0x2800
PASS | Input: 0xd9b ImmSrc: 0 -> ext=0x1b lui=0x6c00
PASS | Input: 0x1b8 ImmSrc: 1 -> ext=0x1b8 lui=0xe000
PASS | Input: 0xe86 ImmSrc: 0 -> ext=0x6 lui=0x1800
PASS | Input: 0x377 ImmSrc: 1 -> ext=0x377 lui=0xdc00
PASS | Input: 0x5d4 ImmSrc: 1 -> ext=0x5d4 lui=0x5000
PASS | Input: 0x776 ImmSrc: 1 -> ext=0x776 lui=0xd800
PASS | Input: 0xb8b ImmSrc: 1 -> ext=0xfb8b lui=0x2c00
PASS | Input: 0xbdb ImmSrc: 0 -> ext=0x1b lui=0x6c00
PASS | Input: 0xfc2 ImmSrc: 1 -> ext=0xffc2 lui=0x800
PASS | Input: 0xa30 ImmSrc: 1 -> ext=0xfa30 lui=0xc000
PASS | Input: 0xa66 ImmSrc: 1 -> ext=0xfa66 lui=0x9800
PASS | Input: 0xee9 ImmSrc: 0 -> ext=0xffe9 lui=0xa400
PASS | Input: 0xc06 ImmSrc: 1 -> ext=0xfc06 lui=0x1800
PASS | Input: 0x7e1 ImmSrc: 1 -> ext=0x7e1 lui=0x8400
PASS | Input: 0xeee ImmSrc: 0 -> ext=0xffee lui=0xb800
PASS | Input: 0xee5 ImmSrc: 0 -> ext=0xffe5 lui=0x9400
PASS | Input: 0xd64 ImmSrc: 1 -> ext=0xfd64 lui=0x9000
PASS | Input: 0xee1 ImmSrc: 1 -> ext=0xfee1 lui=0x8400
PASS | Input: 0x56e ImmSrc: 1 -> ext=0x56e lui=0xb800
PASS | Input: 0x9d5 ImmSrc: 0 -> ext=0x15 lui=0x5400
PASS | Input: 0x1f0 ImmSrc: 0 -> ext=0xfff0 lui=0xc000
PASS | Input: 0x30f ImmSrc: 1 -> ext=0x30f lui=0x3c00
PASS | Input: 0xc7d ImmSrc: 0 -> ext=0xfffd lui=0xf400
PASS | Input: 0xce2 ImmSrc: 0 -> ext=0xffe2 lui=0x8800
PASS | Input: 0x6a9 ImmSrc: 1 -> ext=0x6a9 lui=0xa400
PASS | Input: 0x5b ImmSrc: 1 -> ext=0x5b lui=0x6c00
PASS | Input: 0xb4a ImmSrc: 1 -> ext=0xfb4a lui=0x2800
PASS | Input: 0xd13 ImmSrc: 1 -> ext=0xfd13 lui=0x4c00
PASS | Input: 0x165 ImmSrc: 1 -> ext=0x165 lui=0x9400
PASS | Input: 0xab7 ImmSrc: 1 -> ext=0xfab7 lui=0xdc00
PASS | Input: 0x83a ImmSrc: 1 -> ext=0xf83a lui=0xe800
PASS | Input: 0x762 ImmSrc: 0 -> ext=0xffe2 lui=0x8800
PASS | Input: 0xd2a ImmSrc: 1 -> ext=0xfd2a lui=0xa800
PASS | Input: 0xf59 ImmSrc: 1 -> ext=0xff59 lui=0x6400
PASS | Input: 0xbed ImmSrc: 1 -> ext=0xfbed lui=0xb400
PASS | Input: 0xc41 ImmSrc: 1 -> ext=0xfc41 lui=0x400
PASS | Input: 0xcdb ImmSrc: 1 -> ext=0xfcdb lui=0x6c00
PASS | Input: 0xf70 ImmSrc: 0 -> ext=0xfff0 lui=0xc000
PASS | Input: 0xa2 ImmSrc: 1 -> ext=0xa2 lui=0x8800
PASS | Input: 0xe6a ImmSrc: 0 -> ext=0xffea lui=0xa800
PASS | Input: 0xe50 ImmSrc: 1 -> ext=0xfe50 lui=0x4000
PASS | Input: 0x825 ImmSrc: 0 -> ext=0xffe5 lui=0x9400
PASS | Input: 0x9f6 ImmSrc: 0 -> ext=0xfff6 lui=0xd800
PASS | Input: 0xb23 ImmSrc: 1 -> ext=0xfb23 lui=0x8c00
PASS | Input: 0x5c8 ImmSrc: 1 -> ext=0x5c8 lui=0x2000
PASS | Input: 0xe0e ImmSrc: 1 -> ext=0xfe0e lui=0x3800
PASS | Input: 0x30c ImmSrc: 0 -> ext=0xc lui=0x3000
PASS | Input: 0x1d4 ImmSrc: 1 -> ext=0x1d4 lui=0x5000
PASS | Input: 0xfb9 ImmSrc: 1 -> ext=0xffb9 lui=0xe400
PASS | Input: 0xff4 ImmSrc: 1 -> ext=0xfff4 lui=0xd000
PASS | Input: 0x10c ImmSrc: 1 -> ext=0x10c lui=0x3000
PASS | Input: 0x302 ImmSrc: 1 -> ext=0x302 lui=0x800
PASS | Input: 0x905 ImmSrc: 0 -> ext=0x5 lui=0x1400
PASS | Input: 0x902 ImmSrc: 0 -> ext=0x2 lui=0x800
PASS | Input: 0x208 ImmSrc: 1 -> ext=0x208 lui=0x2000
PASS | Input: 0xeaf ImmSrc: 0 -> ext=0xffef lui=0xbc00
PASS | Input: 0x990 ImmSrc: 1 -> ext=0xf990 lui=0x4000
PASS | Input: 0x4c ImmSrc: 1 -> ext=0x4c lui=0x3000
PASS | Input: 0x640 ImmSrc: 1 -> ext=0x640 lui=0x0
PASS | Input: 0x60d ImmSrc: 0 -> ext=0xd lui=0x3400
PASS | Input: 0x92d ImmSrc: 1 -> ext=0xf92d lui=0xb400
PASS | Input: 0x1bc ImmSrc: 0 -> ext=0xfffc lui=0xf000
PASS | Input: 0xdc0 ImmSrc: 0 -> ext=0x0 lui=0x0
PASS | Input: 0xaa1 ImmSrc: 1 -> ext=0xfaa1 lui=0x8400
PASS | Input: 0xef5 ImmSrc: 1 -> ext=0xfef5 lui=0xd400
PASS | Input: 0xc5d ImmSrc: 0 -> ext=0x1d lui=0x7400
PASS | Input: 0x66a ImmSrc: 0 -> ext=0xffea lui=0xa800
PASS | Input: 0x8b8 ImmSrc: 0 -> ext=0xfff8 lui=0xe000
PASS | Input: 0x6fa ImmSrc: 0 -> ext=0xfffa lui=0xe800
PASS | Input: 0x407 ImmSrc: 1 -> ext=0x407 lui=0x1c00
PASS | Input: 0x455 ImmSrc: 1 -> ext=0x455 lui=0x5400
PASS | Input: 0x145 ImmSrc: 1 -> ext=0x145 lui=0x1400
PASS | Input: 0x59 ImmSrc: 0 -> ext=0x19 lui=0x6400
PASS | Input: 0x668 ImmSrc: 0 -> ext=0xffe8 lui=0xa000
PASS | Input: 0x490 ImmSrc: 0 -> ext=0x10 lui=0x4000
PASS | Input: 0x51c ImmSrc: 1 -> ext=0x51c lui=0x7000
PASS | Input: 0xfab ImmSrc: 0 -> ext=0xffeb lui=0xac00
PASS | Input: 0x56f ImmSrc: 0 -> ext=0xffef lui=0xbc00
PASS | Input: 0x845 ImmSrc: 1 -> ext=0xf845 lui=0x1400
PASS | Input: 0x38b ImmSrc: 0 -> ext=0xb lui=0x2c00
PASS | Input: 0xfdc ImmSrc: 0 -> ext=0x1c lui=0x7000
PASS | Input: 0xd19 ImmSrc: 1 -> ext=0xfd19 lui=0x6400
PASS | Input: 0xe3e ImmSrc: 1 -> ext=0xfe3e lui=0xf800
PASS | Input: 0xc58 ImmSrc: 0 -> ext=0x18 lui=0x6000
PASS | Input: 0x35c ImmSrc: 0 -> ext=0x1c lui=0x7000
PASS | Input: 0x9a ImmSrc: 0 -> ext=0x1a lui=0x6800
PASS | Input: 0x6c5 ImmSrc: 0 -> ext=0x5 lui=0x1400
PASS | Input: 0x31a ImmSrc: 1 -> ext=0x31a lui=0x6800
PASS | Input: 0x9b2 ImmSrc: 0 -> ext=0xfff2 lui=0xc800
PASS | Input: 0xee9 ImmSrc: 1 -> ext=0xfee9 lui=0xa400
PASS | Input: 0x3eb ImmSrc: 0 -> ext=0xffeb lui=0xac00
PASS | Input: 0x3f2 ImmSrc: 1 -> ext=0x3f2 lui=0xc800
PASS | Input: 0x36f ImmSrc: 1 -> ext=0x36f lui=0xbc00
PASS | Input: 0x8ad ImmSrc: 0 -> ext=0xffed lui=0xb400
PASS | Input: 0x225 ImmSrc: 1 -> ext=0x225 lui=0x9400
PASS | Input: 0xdab ImmSrc: 1 -> ext=0xfdab lui=0xac00
PASS | Input: 0xe80 ImmSrc: 1 -> ext=0xfe80 lui=0x0
PASS | Input: 0xd82 ImmSrc: 0 -> ext=0x2 lui=0x800
PASS | Input: 0x557 ImmSrc: 0 -> ext=0x17 lui=0x5c00
PASS | Input: 0x332 ImmSrc: 1 -> ext=0x332 lui=0xc800
PASS | Input: 0xee4 ImmSrc: 0 -> ext=0xffe4 lui=0x9000
PASS | Input: 0xcaa ImmSrc: 0 -> ext=0xffea lui=0xa800
PASS | Input: 0x82e ImmSrc: 0 -> ext=0xffee lui=0xb800
PASS | Input: 0x271 ImmSrc: 1 -> ext=0x271 lui=0xc400
PASS | Input: 0x1bc ImmSrc: 0 -> ext=0xfffc lui=0xf000
PASS | Input: 0x717 ImmSrc: 1 -> ext=0x717 lui=0x5c00
PASS | Input: 0x1eb ImmSrc: 1 -> ext=0x1eb lui=0xac00
PASS | Input: 0xe89 ImmSrc: 1 -> ext=0xfe89 lui=0x2400
PASS | Input: 0x6bf ImmSrc: 0 -> ext=0xffff lui=0xfc00
PASS | Input: 0xad3 ImmSrc: 0 -> ext=0x13 lui=0x4c00
PASS | Input: 0xc82 ImmSrc: 0 -> ext=0x2 lui=0x800
PASS | Input: 0x771 ImmSrc: 1 -> ext=0x771 lui=0xc400
PASS | Input: 0xe0e ImmSrc: 1 -> ext=0xfe0e lui=0x3800
PASS | Input: 0xdcd ImmSrc: 1 -> ext=0xfdcd lui=0x3400
PASS | Input: 0xb1c ImmSrc: 0 -> ext=0x1c lui=0x7000
PASS | Input: 0x8ec ImmSrc: 0 -> ext=0xffec lui=0xb000
PASS | Input: 0xa65 ImmSrc: 1 -> ext=0xfa65 lui=0x9400
PASS | Input: 0x603 ImmSrc: 0 -> ext=0x3 lui=0xc00
PASS | Input: 0xcfd ImmSrc: 0 -> ext=0xfffd lui=0xf400
PASS | Input: 0x4e8 ImmSrc: 0 -> ext=0xffe8 lui=0xa000
PASS | Input: 0x9b0 ImmSrc: 0 -> ext=0xfff0 lui=0xc000
PASS | Input: 0xd12 ImmSrc: 0 -> ext=0x12 lui=0x4800
PASS | Input: 0xc5 ImmSrc: 0 -> ext=0x5 lui=0x1400
PASS | Input: 0xd36 ImmSrc: 1 -> ext=0xfd36 lui=0xd800
PASS | Input: 0xbfb ImmSrc: 1 -> ext=0xfbfb lui=0xec00
PASS | Input: 0xf17 ImmSrc: 1 -> ext=0xff17 lui=0x5c00
PASS | Input: 0x614 ImmSrc: 0 -> ext=0x14 lui=0x5000
PASS | Input: 0xea6 ImmSrc: 0 -> ext=0xffe6 lui=0x9800
PASS | Input: 0xcb ImmSrc: 1 -> ext=0xcb lui=0x2c00
PASS | Input: 0xb04 ImmSrc: 0 -> ext=0x4 lui=0x1000
PASS | Input: 0x18d ImmSrc: 1 -> ext=0x18d lui=0x3400
PASS | Input: 0xd85 ImmSrc: 1 -> ext=0xfd85 lui=0x1400
PASS | Input: 0x6c9 ImmSrc: 0 -> ext=0x9 lui=0x2400
PASS | Input: 0x246 ImmSrc: 0 -> ext=0x6 lui=0x1800
PASS | Input: 0xf37 ImmSrc: 0 -> ext=0xfff7 lui=0xdc00
PASS | Input: 0x773 ImmSrc: 0 -> ext=0xfff3 lui=0xcc00
PASS | Input: 0x3dc ImmSrc: 0 -> ext=0x1c lui=0x7000
PASS | Input: 0x5d0 ImmSrc: 0 -> ext=0x10 lui=0x4000
PASS | Input: 0xf43 ImmSrc: 0 -> ext=0x3 lui=0xc00
PASS | Input: 0xaa1 ImmSrc: 1 -> ext=0xfaa1 lui=0x8400
PASS | Input: 0xf98 ImmSrc: 1 -> ext=0xff98 lui=0x6000
PASS | Input: 0x287 ImmSrc: 0 -> ext=0x7 lui=0x1c00
PASS | Input: 0x12d ImmSrc: 0 -> ext=0xffed lui=0xb400
PASS | Input: 0x86b ImmSrc: 1 -> ext=0xf86b lui=0xac00
PASS | Input: 0x12 ImmSrc: 0 -> ext=0x12 lui=0x4800
PASS | Input: 0xb0d ImmSrc: 1 -> ext=0xfb0d lui=0x3400
PASS | Input: 0x740 ImmSrc: 0 -> ext=0x0 lui=0x0
PASS | Input: 0x354 ImmSrc: 0 -> ext=0x14 lui=0x5000
PASS | Input: 0x513 ImmSrc: 1 -> ext=0x513 lui=0x4c00
PASS | Input: 0xeed ImmSrc: 0 -> ext=0xffed lui=0xb400
PASS | Input: 0x78 ImmSrc: 1 -> ext=0x78 lui=0xe000
PASS | Input: 0x65f ImmSrc: 1 -> ext=0x65f lui=0x7c00
PASS | Input: 0xbab ImmSrc: 0 -> ext=0xffeb lui=0xac00
PASS | Input: 0xd22 ImmSrc: 1 -> ext=0xfd22 lui=0x8800
PASS | Input: 0xcc7 ImmSrc: 0 -> ext=0x7 lui=0x1c00
PASS | Input: 0x7ce ImmSrc: 1 -> ext=0x7ce lui=0x3800
PASS | Input: 0x424 ImmSrc: 1 -> ext=0x424 lui=0x9000
PASS | Input: 0x408 ImmSrc: 1 -> ext=0x408 lui=0x2000
PASS | Input: 0xdb5 ImmSrc: 0 -> ext=0xfff5 lui=0xd400
PASS | Input: 0x338 ImmSrc: 0 -> ext=0xfff8 lui=0xe000
PASS | Input: 0x58 ImmSrc: 0 -> ext=0x18 lui=0x6000
PASS | Input: 0xaa3 ImmSrc: 0 -> ext=0xffe3 lui=0x8c00
PASS | Input: 0xf65 ImmSrc: 0 -> ext=0xffe5 lui=0x9400
PASS | Input: 0x906 ImmSrc: 0 -> ext=0x6 lui=0x1800
PASS | Input: 0x5b ImmSrc: 0 -> ext=0x1b lui=0x6c00
PASS | Input: 0x948 ImmSrc: 1 -> ext=0xf948 lui=0x2000
PASS | Input: 0x3f8 ImmSrc: 1 -> ext=0x3f8 lui=0xe000
PASS | Input: 0x951 ImmSrc: 1 -> ext=0xf951 lui=0x4400
PASS | Input: 0x39b ImmSrc: 1 -> ext=0x39b lui=0x6c00
PASS | Input: 0x3b0 ImmSrc: 1 -> ext=0x3b0 lui=0xc000
PASS | Input: 0xb4f ImmSrc: 0 -> ext=0xf lui=0x3c00
PASS | Input: 0x418 ImmSrc: 1 -> ext=0x418 lui=0x6000
PASS | Input: 0x846 ImmSrc: 1 -> ext=0xf846 lui=0x1800
PASS | Input: 0x859 ImmSrc: 1 -> ext=0xf859 lui=0x6400
PASS | Input: 0x72f ImmSrc: 1 -> ext=0x72f lui=0xbc00
PASS | Input: 0xade ImmSrc: 1 -> ext=0xfade lui=0x7800
PASS | Input: 0x128 ImmSrc: 1 -> ext=0x128 lui=0xa000
PASS | Input: 0x958 ImmSrc: 1 -> ext=0xf958 lui=0x6000
PASS | Input: 0x5c3 ImmSrc: 0 -> ext=0x3 lui=0xc00
PASS | Input: 0xda4 ImmSrc: 0 -> ext=0xffe4 lui=0x9000
PASS | Input: 0xdd6 ImmSrc: 1 -> ext=0xfdd6 lui=0x5800
PASS | Input: 0x483 ImmSrc: 0 -> ext=0x3 lui=0xc00
PASS | Input: 0x482 ImmSrc: 1 -> ext=0x482 lui=0x800
PASS | Input: 0xb45 ImmSrc: 1 -> ext=0xfb45 lui=0x1400
PASS | Input: 0xb45 ImmSrc: 1 -> ext=0xfb45 lui=0x1400
PASS | Input: 0xaf8 ImmSrc: 0 -> ext=0xfff8 lui=0xe000
PASS | Input: 0x96c ImmSrc: 0 -> ext=0xffec lui=0xb000
PASS | Input: 0x331 ImmSrc: 0 -> ext=0xfff1 lui=0xc400
PASS | Input: 0xcbc ImmSrc: 1 -> ext=0xfcbc lui=0xf000
PASS | Input: 0xc0e ImmSrc: 1 -> ext=0xfc0e lui=0x3800
PASS | Input: 0xb2 ImmSrc: 0 -> ext=0xfff2 lui=0xc800
PASS | Input: 0x485 ImmSrc: 0 -> ext=0x5 lui=0x1400
PASS | Input: 0x128 ImmSrc: 0 -> ext=0xffe8 lui=0xa000
PASS | Input: 0x99a ImmSrc: 1 -> ext=0xf99a lui=0x6800
PASS | Input: 0xaba ImmSrc: 1 -> ext=0xfaba lui=0xe800
PASS | Input: 0x28b ImmSrc: 0 -> ext=0xb lui=0x2c00
PASS | Input: 0x8cc ImmSrc: 1 -> ext=0xf8cc lui=0x3000
PASS | Input: 0x19e ImmSrc: 1 -> ext=0x19e lui=0x7800
PASS | Input: 0x87b ImmSrc: 1 -> ext=0xf87b lui=0xec00
PASS | Input: 0xc91 ImmSrc: 0 -> ext=0x11 lui=0x4400
PASS | Input: 0x359 ImmSrc: 0 -> ext=0x19 lui=0x6400
PASS | Input: 0x354 ImmSrc: 1 -> ext=0x354 lui=0x5000
PASS | Input: 0x849 ImmSrc: 1 -> ext=0xf849 lui=0x2400
PASS | Input: 0xf24 ImmSrc: 1 -> ext=0xff24 lui=0x9000
PASS | Input: 0x5b ImmSrc: 1 -> ext=0x5b lui=0x6c00
PASS | Input: 0xf95 ImmSrc: 1 -> ext=0xff95 lui=0x5400
PASS | Input: 0xaf1 ImmSrc: 0 -> ext=0xfff1 lui=0xc400
PASS | Input: 0xeaf ImmSrc: 0 -> ext=0xffef lui=0xbc00
PASS | Input: 0x12 ImmSrc: 0 -> ext=0x12 lui=0x4800
PASS | Input: 0x8ab ImmSrc: 0 -> ext=0xffeb lui=0xac00
PASS | Input: 0x13f ImmSrc: 0 -> ext=0xffff lui=0xfc00
PASS | Input: 0x973 ImmSrc: 0 -> ext=0xfff3 lui=0xcc00
PASS | Input: 0x4a0 ImmSrc: 0 -> ext=0xffe0 lui=0x8000
PASS | Input: 0xb74 ImmSrc: 1 -> ext=0xfb74 lui=0xd000
PASS | Input: 0xbe2 ImmSrc: 0 -> ext=0xffe2 lui=0x8800
PASS | Input: 0xcdf ImmSrc: 0 -> ext=0x1f lui=0x7c00
PASS | Input: 0xd9f ImmSrc: 0 -> ext=0x1f lui=0x7c00
PASS | Input: 0x9f2 ImmSrc: 1 -> ext=0xf9f2 lui=0xc800
PASS | Input: 0x7ab ImmSrc: 0 -> ext=0xffeb lui=0xac00
PASS | Input: 0xc54 ImmSrc: 1 -> ext=0xfc54 lui=0x5000
PASS | Input: 0x413 ImmSrc: 0 -> ext=0x13 lui=0x4c00
PASS | Input: 0x335 ImmSrc: 1 -> ext=0x335 lui=0xd400
PASS | Input: 0x435 ImmSrc: 1 -> ext=0x435 lui=0xd400
PASS | Input: 0x934 ImmSrc: 1 -> ext=0xf934 lui=0xd000
PASS | Input: 0x2bc ImmSrc: 0 -> ext=0xfffc lui=0xf000
PASS | Input: 0x6a7 ImmSrc: 1 -> ext=0x6a7 lui=0x9c00
PASS | Input: 0x6e4 ImmSrc: 1 -> ext=0x6e4 lui=0x9000
PASS | Input: 0xc69 ImmSrc: 0 -> ext=0xffe9 lui=0xa400
PASS | Input: 0xcd ImmSrc: 1 -> ext=0xcd lui=0x3400
PASS | Input: 0x6b5 ImmSrc: 0 -> ext=0xfff5 lui=0xd400
PASS | Input: 0xc4b ImmSrc: 0 -> ext=0xb lui=0x2c00
PASS | Input: 0xf37 ImmSrc: 0 -> ext=0xfff7 lui=0xdc00
PASS | Input: 0x4f8 ImmSrc: 0 -> ext=0xfff8 lui=0xe000
PASS | Input: 0xda ImmSrc: 0 -> ext=0x1a lui=0x6800
PASS | Input: 0x5ec ImmSrc: 0 -> ext=0xffec lui=0xb000
PASS | Input: 0xb7a ImmSrc: 0 -> ext=0xfffa lui=0xe800
PASS | Input: 0xae9 ImmSrc: 1 -> ext=0xfae9 lui=0xa400
PASS | Input: 0x70b ImmSrc: 0 -> ext=0xb lui=0x2c00
PASS | Input: 0xe5e ImmSrc: 0 -> ext=0x1e lui=0x7800
PASS | Input: 0x145 ImmSrc: 1 -> ext=0x145 lui=0x1400
PASS | Input: 0x312 ImmSrc: 1 -> ext=0x312 lui=0x4800
PASS | Input: 0x683 ImmSrc: 1 -> ext=0x683 lui=0xc00
PASS | Input: 0xfce ImmSrc: 0 -> ext=0xe lui=0x3800
PASS | Input: 0x3d5 ImmSrc: 1 -> ext=0x3d5 lui=0x5400
PASS | Input: 0xee4 ImmSrc: 0 -> ext=0xffe4 lui=0x9000
PASS | Input: 0x3ec ImmSrc: 0 -> ext=0xffec lui=0xb000
PASS | Input: 0xee3 ImmSrc: 0 -> ext=0xffe3 lui=0x8c00
PASS | Input: 0x1f3 ImmSrc: 1 -> ext=0x1f3 lui=0xcc00
PASS | Input: 0xd5c ImmSrc: 1 -> ext=0xfd5c lui=0x7000
PASS | Input: 0x8ec ImmSrc: 1 -> ext=0xf8ec lui=0xb000
PASS | Input: 0x3ff ImmSrc: 0 -> ext=0xffff lui=0xfc00
PASS | Input: 0x9ab ImmSrc: 1 -> ext=0xf9ab lui=0xac00
PASS | Input: 0xffb ImmSrc: 1 -> ext=0xfffb lui=0xec00
PASS | Input: 0xb0c ImmSrc: 1 -> ext=0xfb0c lui=0x3000
PASS | Input: 0xae6 ImmSrc: 1 -> ext=0xfae6 lui=0x9800
PASS | Input: 0xb6a ImmSrc: 0 -> ext=0xffea lui=0xa800
PASS | Input: 0x218 ImmSrc: 0 -> ext=0x18 lui=0x6000
PASS | Input: 0x609 ImmSrc: 0 -> ext=0x9 lui=0x2400
PASS | Input: 0x4bd ImmSrc: 0 -> ext=0xfffd lui=0xf400
PASS | Input: 0x876 ImmSrc: 1 -> ext=0xf876 lui=0xd800
PASS | Input: 0xa8f ImmSrc: 1 -> ext=0xfa8f lui=0x3c00
PASS | Input: 0xd7b ImmSrc: 0 -> ext=0xfffb lui=0xec00
PASS | Input: 0x6f ImmSrc: 1 -> ext=0x6f lui=0xbc00
PASS | Input: 0xc9 ImmSrc: 0 -> ext=0x9 lui=0x2400
PASS | Input: 0x5da ImmSrc: 1 -> ext=0x5da lui=0x6800
PASS | Input: 0x1df ImmSrc: 1 -> ext=0x1df lui=0x7c00
PASS | Input: 0x170 ImmSrc: 1 -> ext=0x170 lui=0xc000
PASS | Input: 0x451 ImmSrc: 0 -> ext=0x11 lui=0x4400
PASS | Input: 0x280 ImmSrc: 1 -> ext=0x280 lui=0x0
PASS | Input: 0xd06 ImmSrc: 0 -> ext=0x6 lui=0x1800
PASS | Input: 0x4df ImmSrc: 1 -> ext=0x4df lui=0x7c00
PASS | Input: 0x584 ImmSrc: 0 -> ext=0x4 lui=0x1000
PASS | Input: 0x3e9 ImmSrc: 0 -> ext=0xffe9 lui=0xa400
PASS | Input: 0x5de ImmSrc: 0 -> ext=0x1e lui=0x7800
PASS | Input: 0xb09 ImmSrc: 1 -> ext=0xfb09 lui=0x2400
PASS | Input: 0xf61 ImmSrc: 1 -> ext=0xff61 lui=0x8400
PASS | Input: 0x791 ImmSrc: 1 -> ext=0x791 lui=0x4400
PASS | Input: 0x99a ImmSrc: 1 -> ext=0xf99a lui=0x6800
PASS | Input: 0x34e ImmSrc: 1 -> ext=0x34e lui=0x3800
PASS | Input: 0x2c6 ImmSrc: 1 -> ext=0x2c6 lui=0x1800
PASS | Input: 0xc9c ImmSrc: 1 -> ext=0xfc9c lui=0x7000
PASS | Input: 0x644 ImmSrc: 1 -> ext=0x644 lui=0x1000
PASS | Input: 0x62 ImmSrc: 1 -> ext=0x62 lui=0x8800
PASS | Input: 0x32e ImmSrc: 1 -> ext=0x32e lui=0xb800
PASS | Input: 0x7c6 ImmSrc: 0 -> ext=0x6 lui=0x1800
PASS | Input: 0xa0 ImmSrc: 1 -> ext=0xa0 lui=0x8000
PASS | Input: 0xef0 ImmSrc: 0 -> ext=0xfff0 lui=0xc000
PASS | Input: 0xccd ImmSrc: 1 -> ext=0xfccd lui=0x3400
PASS | Input: 0x3bb ImmSrc: 1 -> ext=0x3bb lui=0xec00
PASS | Input: 0x57d ImmSrc: 0 -> ext=0xfffd lui=0xf400
PASS | Input: 0x9f ImmSrc: 1 -> ext=0x9f lui=0x7c00
PASS | Input: 0x206 ImmSrc: 1 -> ext=0x206 lui=0x1800
PASS | Input: 0x3c4 ImmSrc: 1 -> ext=0x3c4 lui=0x1000
PASS | Input: 0x45d ImmSrc: 1 -> ext=0x45d lui=0x7400
PASS | Input: 0x773 ImmSrc: 1 -> ext=0x773 lui=0xcc00
PASS | Input: 0x44e ImmSrc: 1 -> ext=0x44e lui=0x3800
PASS | Input: 0x4e0 ImmSrc: 1 -> ext=0x4e0 lui=0x8000
PASS | Input: 0xf81 ImmSrc: 1 -> ext=0xff81 lui=0x400
PASS | Input: 0xf8f ImmSrc: 0 -> ext=0xf lui=0x3c00
PASS | Input: 0x5d ImmSrc: 1 -> ext=0x5d lui=0x7400
PASS | Input: 0xb33 ImmSrc: 1 -> ext=0xfb33 lui=0xcc00
PASS | Input: 0x556 ImmSrc: 0 -> ext=0x16 lui=0x5800
PASS | Input: 0x95c ImmSrc: 1 -> ext=0xf95c lui=0x7000
PASS | Input: 0x7d3 ImmSrc: 0 -> ext=0x13 lui=0x4c00
PASS | Input: 0x5d8 ImmSrc: 0 -> ext=0x18 lui=0x6000
PASS | Input: 0x539 ImmSrc: 1 -> ext=0x539 lui=0xe400
PASS | Input: 0x609 ImmSrc: 0 -> ext=0x9 lui=0x2400
PASS | Input: 0x82c ImmSrc: 1 -> ext=0xf82c lui=0xb000
PASS | Input: 0xf1a ImmSrc: 0 -> ext=0x1a lui=0x6800
PASS | Input: 0xfac ImmSrc: 0 -> ext=0xffec lui=0xb000
PASS | Input: 0x86c ImmSrc: 0 -> ext=0xffec lui=0xb000
PASS | Input: 0x51d ImmSrc: 1 -> ext=0x51d lui=0x7400
PASS | Input: 0xf00 ImmSrc: 0 -> ext=0x0 lui=0x0
PASS | Input: 0x7d8 ImmSrc: 0 -> ext=0x18 lui=0x6000
PASS | Input: 0xc4c ImmSrc: 1 -> ext=0xfc4c lui=0x3000
PASS | Input: 0xc51 ImmSrc: 1 -> ext=0xfc51 lui=0x4400
PASS | Input: 0xe45 ImmSrc: 1 -> ext=0xfe45 lui=0x1400
PASS | Input: 0x67e ImmSrc: 0 -> ext=0xfffe lui=0xf800
PASS | Input: 0x3fc ImmSrc: 0 -> ext=0xfffc lui=0xf000
PASS | Input: 0x81 ImmSrc: 1 -> ext=0x81 lui=0x400
PASS | Input: 0x5a7 ImmSrc: 1 -> ext=0x5a7 lui=0x9c00
PASS | Input: 0x23f ImmSrc: 0 -> ext=0xffff lui=0xfc00
PASS | Input: 0xc64 ImmSrc: 0 -> ext=0xffe4 lui=0x9000
PASS | Input: 0xff1 ImmSrc: 0 -> ext=0xfff1 lui=0xc400
PASS | Input: 0xd9e ImmSrc: 0 -> ext=0x1e lui=0x7800
PASS | Input: 0xb49 ImmSrc: 0 -> ext=0x9 lui=0x2400
PASS | Input: 0xb5f ImmSrc: 1 -> ext=0xfb5f lui=0x7c00
PASS | Input: 0x649 ImmSrc: 1 -> ext=0x649 lui=0x2400
PASS | Input: 0x66c ImmSrc: 0 -> ext=0xffec lui=0xb000
PASS | Input: 0xc5e ImmSrc: 1 -> ext=0xfc5e lui=0x7800
PASS | Input: 0xa83 ImmSrc: 1 -> ext=0xfa83 lui=0xc00
PASS | Input: 0xbd4 ImmSrc: 0 -> ext=0x14 lui=0x5000
PASS | Input: 0x492 ImmSrc: 0 -> ext=0x12 lui=0x4800
PASS | Input: 0xb46 ImmSrc: 1 -> ext=0xfb46 lui=0x1800
PASS | Input: 0xe41 ImmSrc: 1 -> ext=0xfe41 lui=0x400
PASS | Input: 0x816 ImmSrc: 0 -> ext=0x16 lui=0x5800
PASS | Input: 0x5a2 ImmSrc: 1 -> ext=0x5a2 lui=0x8800
PASS | Input: 0x292 ImmSrc: 1 -> ext=0x292 lui=0x4800
PASS | Input: 0x568 ImmSrc: 1 -> ext=0x568 lui=0xa000
PASS | Input: 0x3cb ImmSrc: 1 -> ext=0x3cb lui=0x2c00
PASS | Input: 0x971 ImmSrc: 0 -> ext=0xfff1 lui=0xc400
PASS | Input: 0x6cd ImmSrc: 1 -> ext=0x6cd lui=0x3400
PASS | Input: 0xd08 ImmSrc: 0 -> ext=0x8 lui=0x2000
PASS | Input: 0x83f ImmSrc: 0 -> ext=0xffff lui=0xfc00
PASS | Input: 0xfac ImmSrc: 0 -> ext=0xffec lui=0xb000
PASS | Input: 0x505 ImmSrc: 0 -> ext=0x5 lui=0x1400
PASS | Input: 0x8b8 ImmSrc: 1 -> ext=0xf8b8 lui=0xe000
PASS | Input: 0x80a ImmSrc: 1 -> ext=0xf80a lui=0x2800
PASS | Input: 0x9c9 ImmSrc: 1 -> ext=0xf9c9 lui=0x2400
PASS | Input: 0xeb4 ImmSrc: 1 -> ext=0xfeb4 lui=0xd000
PASS | Input: 0x934 ImmSrc: 1 -> ext=0xf934 lui=0xd000
PASS | Input: 0x32d ImmSrc: 1 -> ext=0x32d lui=0xb400
PASS | Input: 0x55e ImmSrc: 0 -> ext=0x1e lui=0x7800
PASS | Input: 0x30e ImmSrc: 0 -> ext=0xe lui=0x3800
PASS | Input: 0xb64 ImmSrc: 0 -> ext=0xffe4 lui=0x9000
PASS | Input: 0x88a ImmSrc: 1 -> ext=0xf88a lui=0x2800
PASS | Input: 0x4cd ImmSrc: 1 -> ext=0x4cd lui=0x3400
PASS | Input: 0x3ab ImmSrc: 1 -> ext=0x3ab lui=0xac00
PASS | Input: 0xfbd ImmSrc: 1 -> ext=0xffbd lui=0xf400
PASS | Input: 0x8c2 ImmSrc: 0 -> ext=0x2 lui=0x800
PASS | Input: 0x65f ImmSrc: 1 -> ext=0x65f lui=0x7c00
PASS | Input: 0xc93 ImmSrc: 0 -> ext=0x13 lui=0x4c00
PASS | Input: 0x605 ImmSrc: 1 -> ext=0x605 lui=0x1400
PASS | Input: 0x46c ImmSrc: 1 -> ext=0x46c lui=0xb000
PASS | Input: 0xdb0 ImmSrc: 1 -> ext=0xfdb0 lui=0xc000
PASS | Input: 0x1a5 ImmSrc: 1 -> ext=0x1a5 lui=0x9400
PASS | Input: 0x376 ImmSrc: 1 -> ext=0x376 lui=0xd800
PASS | Input: 0xdb4 ImmSrc: 1 -> ext=0xfdb4 lui=0xd000
PASS | Input: 0x587 ImmSrc: 0 -> ext=0x7 lui=0x1c00
PASS | Input: 0x366 ImmSrc: 0 -> ext=0xffe6 lui=0x9800
PASS | Input: 0x13f ImmSrc: 0 -> ext=0xffff lui=0xfc00
PASS | Input: 0xf54 ImmSrc: 0 -> ext=0x14 lui=0x5000
PASS | Input: 0x6 ImmSrc: 0 -> ext=0x6 lui=0x1800
PASS | Input: 0xd2d ImmSrc: 0 -> ext=0xffed lui=0xb400
PASS | Input: 0x36a ImmSrc: 0 -> ext=0xffea lui=0xa800
PASS | Input: 0xaef ImmSrc: 0 -> ext=0xffef lui=0xbc00
PASS | Input: 0xf3f ImmSrc: 1 -> ext=0xff3f lui=0xfc00
PASS | Input: 0x2a8 ImmSrc: 1 -> ext=0x2a8 lui=0xa000
PASS | Input: 0x61e ImmSrc: 0 -> ext=0x1e lui=0x7800
PASS | Input: 0x2ce ImmSrc: 0 -> ext=0xe lui=0x3800
PASS | Input: 0x25 ImmSrc: 1 -> ext=0x25 lui=0x9400
PASS | Input: 0x4cf ImmSrc: 1 -> ext=0x4cf lui=0x3c00
PASS | Input: 0xd40 ImmSrc: 0 -> ext=0x0 lui=0x0
PASS | Input: 0x4f5 ImmSrc: 0 -> ext=0xfff5 lui=0xd400
PASS | Input: 0x7e1 ImmSrc: 1 -> ext=0x7e1 lui=0x8400
PASS | Input: 0x27 ImmSrc: 0 -> ext=0xffe7 lui=0x9c00
PASS | Input: 0x679 ImmSrc: 1 -> ext=0x679 lui=0xe400
PASS | Input: 0x3a8 ImmSrc: 1 -> ext=0x3a8 lui=0xa000
PASS | Input: 0xd85 ImmSrc: 1 -> ext=0xfd85 lui=0x1400
PASS | Input: 0x873 ImmSrc: 0 -> ext=0xfff3 lui=0xcc00
PASS | Input: 0x596 ImmSrc: 0 -> ext=0x16 lui=0x5800
PASS | Input: 0xd3d ImmSrc: 1 -> ext=0xfd3d lui=0xf400
PASS | Input: 0x81b ImmSrc: 0 -> ext=0x1b lui=0x6c00
PASS | Input: 0xbbd ImmSrc: 0 -> ext=0xfffd lui=0xf400
PASS | Input: 0x54e ImmSrc: 1 -> ext=0x54e lui=0x3800
PASS | Input: 0x159 ImmSrc: 0 -> ext=0x19 lui=0x6400
PASS | Input: 0x51e ImmSrc: 1 -> ext=0x51e lui=0x7800
PASS | Input: 0x8c0 ImmSrc: 1 -> ext=0xf8c0 lui=0x0
PASS | Input: 0x664 ImmSrc: 1 -> ext=0x664 lui=0x9000
PASS | Input: 0xf91 ImmSrc: 0 -> ext=0x11 lui=0x4400
PASS | Input: 0x749 ImmSrc: 1 -> ext=0x749 lui=0x2400
PASS | Input: 0xb3 ImmSrc: 0 -> ext=0xfff3 lui=0xcc00
PASS | Input: 0xd28 ImmSrc: 0 -> ext=0xffe8 lui=0xa000
PASS | Input: 0x95d ImmSrc: 0 -> ext=0x1d lui=0x7400
PASS | Input: 0xbcc ImmSrc: 1 -> ext=0xfbcc lui=0x3000
PASS | Input: 0x478 ImmSrc: 0 -> ext=0xfff8 lui=0xe000
PASS | Input: 0x75d ImmSrc: 0 -> ext=0x1d lui=0x7400
PASS | Input: 0xd76 ImmSrc: 1 -> ext=0xfd76 lui=0xd800
PASS | Input: 0x1db ImmSrc: 0 -> ext=0x1b lui=0x6c00
PASS | Input: 0x320 ImmSrc: 0 -> ext=0xffe0 lui=0x8000
PASS | Input: 0x279 ImmSrc: 1 -> ext=0x279 lui=0xe400
PASS | Input: 0xc92 ImmSrc: 1 -> ext=0xfc92 lui=0x4800
PASS | Input: 0xaa9 ImmSrc: 0 -> ext=0xffe9 lui=0xa400
PASS | Input: 0xbdd ImmSrc: 0 -> ext=0x1d lui=0x7400
PASS | Input: 0x24b ImmSrc: 1 -> ext=0x24b lui=0x2c00
PASS | Input: 0x981 ImmSrc: 0 -> ext=0x1 lui=0x400
PASS | Input: 0x7b3 ImmSrc: 1 -> ext=0x7b3 lui=0xcc00
PASS | Input: 0x148 ImmSrc: 1 -> ext=0x148 lui=0x2000
PASS | Input: 0x5fc ImmSrc: 1 -> ext=0x5fc lui=0xf000
PASS | Input: 0xea0 ImmSrc: 0 -> ext=0xffe0 lui=0x8000
PASS | Input: 0x775 ImmSrc: 1 -> ext=0x775 lui=0xd400
PASS | Input: 0xe0d ImmSrc: 1 -> ext=0xfe0d lui=0x3400
PASS | Input: 0x974 ImmSrc: 0 -> ext=0xfff4 lui=0xd000
PASS | Input: 0xebf ImmSrc: 1 -> ext=0xfebf lui=0xfc00
PASS | Input: 0x881 ImmSrc: 0 -> ext=0x1 lui=0x400
PASS | Input: 0x8fa ImmSrc: 1 -> ext=0xf8fa lui=0xe800
PASS | Input: 0x119 ImmSrc: 0 -> ext=0x19 lui=0x6400
PASS | Input: 0xb53 ImmSrc: 1 -> ext=0xfb53 lui=0x4c00
PASS | Input: 0xeed ImmSrc: 1 -> ext=0xfeed lui=0xb400
PASS | Input: 0xe64 ImmSrc: 1 -> ext=0xfe64 lui=0x9000
PASS | Input: 0xdf6 ImmSrc: 0 -> ext=0xfff6 lui=0xd800
PASS | Input: 0x14 ImmSrc: 1 -> ext=0x14 lui=0x5000
PASS | Input: 0x62a ImmSrc: 0 -> ext=0xffea lui=0xa800
PASS | Input: 0xef7 ImmSrc: 0 -> ext=0xfff7 lui=0xdc00
PASS | Input: 0xa3d ImmSrc: 0 -> ext=0xfffd lui=0xf400
PASS | Input: 0x3fa ImmSrc: 0 -> ext=0xfffa lui=0xe800
PASS | Input: 0x333 ImmSrc: 0 -> ext=0xfff3 lui=0xcc00
PASS | Input: 0xbdc ImmSrc: 0 -> ext=0x1c lui=0x7000
PASS | Input: 0xa29 ImmSrc: 1 -> ext=0xfa29 lui=0xa400
PASS | Input: 0x196 ImmSrc: 1 -> ext=0x196 lui=0x5800
PASS | Input: 0x123 ImmSrc: 0 -> ext=0xffe3 lui=0x8c00
PASS | Input: 0x4a ImmSrc: 0 -> ext=0xa lui=0x2800
PASS | Input: 0xf41 ImmSrc: 0 -> ext=0x1 lui=0x400
PASS | Input: 0x8cd ImmSrc: 1 -> ext=0xf8cd lui=0x3400
PASS | Input: 0x228 ImmSrc: 1 -> ext=0x228 lui=0xa000
PASS | Input: 0x26c ImmSrc: 1 -> ext=0x26c lui=0xb000
PASS | Input: 0x7fe ImmSrc: 1 -> ext=0x7fe lui=0xf800
PASS | Input: 0xbf4 ImmSrc: 1 -> ext=0xfbf4 lui=0xd000
PASS | Input: 0x6d3 ImmSrc: 0 -> ext=0x13 lui=0x4c00
PASS | Input: 0xfad ImmSrc: 1 -> ext=0xffad lui=0xb400
PASS | Input: 0x1c8 ImmSrc: 1 -> ext=0x1c8 lui=0x2000
PASS | Input: 0x848 ImmSrc: 1 -> ext=0xf848 lui=0x2000
PASS | Input: 0xfd0 ImmSrc: 0 -> ext=0x10 lui=0x4000
PASS | Input: 0x667 ImmSrc: 0 -> ext=0xffe7 lui=0x9c00
PASS | Input: 0xf60 ImmSrc: 0 -> ext=0xffe0 lui=0x8000
PASS | Input: 0x3cf ImmSrc: 0 -> ext=0xf lui=0x3c00
PASS | Input: 0x9f2 ImmSrc: 0 -> ext=0xfff2 lui=0xc800
PASS | Input: 0x8e8 ImmSrc: 0 -> ext=0xffe8 lui=0xa000
PASS | Input: 0xf9e ImmSrc: 0 -> ext=0x1e lui=0x7800
PASS | Input: 0x48d ImmSrc: 1 -> ext=0x48d lui=0x3400
PASS | Input: 0x6af ImmSrc: 0 -> ext=0xffef lui=0xbc00
PASS | Input: 0x5e0 ImmSrc: 1 -> ext=0x5e0 lui=0x8000
PASS | Input: 0x94 ImmSrc: 1 -> ext=0x94 lui=0x5000
PASS | Input: 0x521 ImmSrc: 1 -> ext=0x521 lui=0x8400
PASS | Input: 0x6eb ImmSrc: 1 -> ext=0x6eb lui=0xac00
PASS | Input: 0xe2e ImmSrc: 0 -> ext=0xffee lui=0xb800
PASS | Input: 0x716 ImmSrc: 0 -> ext=0x16 lui=0x5800
PASS | Input: 0xec2 ImmSrc: 1 -> ext=0xfec2 lui=0x800
PASS | Input: 0xa2d ImmSrc: 1 -> ext=0xfa2d lui=0xb400
PASS | Input: 0x7 ImmSrc: 0 -> ext=0x7 lui=0x1c00
PASS | Input: 0x98 ImmSrc: 0 -> ext=0x18 lui=0x6000
PASS | Input: 0x297 ImmSrc: 1 -> ext=0x297 lui=0x5c00
PASS | Input: 0x237 ImmSrc: 0 -> ext=0xfff7 lui=0xdc00
PASS | Input: 0xf83 ImmSrc: 0 -> ext=0x3 lui=0xc00
PASS | Input: 0xd71 ImmSrc: 0 -> ext=0xfff1 lui=0xc400
PASS | Input: 0x274 ImmSrc: 0 -> ext=0xfff4 lui=0xd000
PASS | Input: 0xaf2 ImmSrc: 0 -> ext=0xfff2 lui=0xc800
PASS | Input: 0x888 ImmSrc: 0 -> ext=0x8 lui=0x2000
PASS | Input: 0xb82 ImmSrc: 0 -> ext=0x2 lui=0x800
PASS | Input: 0xef4 ImmSrc: 1 -> ext=0xfef4 lui=0xd000
PASS | Input: 0x8c5 ImmSrc: 1 -> ext=0xf8c5 lui=0x1400
PASS | Input: 0xc15 ImmSrc: 1 -> ext=0xfc15 lui=0x5400
PASS | Input: 0xd36 ImmSrc: 0 -> ext=0xfff6 lui=0xd800
PASS | Input: 0x2f5 ImmSrc: 1 -> ext=0x2f5 lui=0xd400
PASS | Input: 0x746 ImmSrc: 1 -> ext=0x746 lui=0x1800
PASS | Input: 0xcee ImmSrc: 1 -> ext=0xfcee lui=0xb800
PASS | Input: 0x2e4 ImmSrc: 0 -> ext=0xffe4 lui=0x9000
PASS | Input: 0x472 ImmSrc: 0 -> ext=0xfff2 lui=0xc800
PASS | Input: 0xa51 ImmSrc: 1 -> ext=0xfa51 lui=0x4400
PASS | Input: 0x7a3 ImmSrc: 0 -> ext=0xffe3 lui=0x8c00
PASS | Input: 0xa97 ImmSrc: 1 -> ext=0xfa97 lui=0x5c00
PASS | Input: 0xbe ImmSrc: 1 -> ext=0xbe lui=0xf800
PASS | Input: 0x176 ImmSrc: 0 -> ext=0xfff6 lui=0xd800
PASS | Input: 0xc00 ImmSrc: 1 -> ext=0xfc00 lui=0x0
PASS | Input: 0x429 ImmSrc: 0 -> ext=0xffe9 lui=0xa400
PASS | Input: 0x61e ImmSrc: 1 -> ext=0x61e lui=0x7800
PASS | Input: 0x9cd ImmSrc: 1 -> ext=0xf9cd lui=0x3400
PASS | Input: 0xdd7 ImmSrc: 1 -> ext=0xfdd7 lui=0x5c00
PASS | Input: 0x5ce ImmSrc: 0 -> ext=0xe lui=0x3800
PASS | Input: 0x8ca ImmSrc: 1 -> ext=0xf8ca lui=0x2800
PASS | Input: 0x42d ImmSrc: 0 -> ext=0xffed lui=0xb400
PASS | Input: 0x925 ImmSrc: 0 -> ext=0xffe5 lui=0x9400
PASS | Input: 0x4f3 ImmSrc: 1 -> ext=0x4f3 lui=0xcc00
PASS | Input: 0x73d ImmSrc: 0 -> ext=0xfffd lui=0xf400
PASS | Input: 0x3b9 ImmSrc: 0 -> ext=0xfff9 lui=0xe400
PASS | Input: 0xfa8 ImmSrc: 0 -> ext=0xffe8 lui=0xa000
PASS | Input: 0x982 ImmSrc: 1 -> ext=0xf982 lui=0x800
PASS | Input: 0xffc ImmSrc: 1 -> ext=0xfffc lui=0xf000
PASS | Input: 0x4d9 ImmSrc: 0 -> ext=0x19 lui=0x6400
PASS | Input: 0x1c0 ImmSrc: 0 -> ext=0x0 lui=0x0
PASS | Input: 0x181 ImmSrc: 1 -> ext=0x181 lui=0x400
PASS | Input: 0xa8 ImmSrc: 1 -> ext=0xa8 lui=0xa000
PASS | Input: 0x888 ImmSrc: 1 -> ext=0xf888 lui=0x2000
PASS | Input: 0xcbd ImmSrc: 0 -> ext=0xfffd lui=0xf400
PASS | Input: 0xb1f ImmSrc: 1 -> ext=0xfb1f lui=0x7c00
PASS | Input: 0xe7d ImmSrc: 0 -> ext=0xfffd lui=0xf400
PASS | Input: 0xb ImmSrc: 1 -> ext=0xb lui=0x2c00
PASS | Input: 0x28f ImmSrc: 1 -> ext=0x28f lui=0x3c00
PASS | Input: 0x70a ImmSrc: 1 -> ext=0x70a lui=0x2800
PASS | Input: 0x62d ImmSrc: 1 -> ext=0x62d lui=0xb400
PASS | Input: 0xaff ImmSrc: 1 -> ext=0xfaff lui=0xfc00
PASS | Input: 0x6ca ImmSrc: 1 -> ext=0x6ca lui=0x2800
PASS | Input: 0x73d ImmSrc: 1 -> ext=0x73d lui=0xf400
PASS | Input: 0xb1a ImmSrc: 1 -> ext=0xfb1a lui=0x6800
PASS | Input: 0x9d2 ImmSrc: 1 -> ext=0xf9d2 lui=0x4800
PASS | Input: 0x313 ImmSrc: 0 -> ext=0x13 lui=0x4c00
PASS | Input: 0xa1d ImmSrc: 0 -> ext=0x1d lui=0x7400
PASS | Input: 0xbf2 ImmSrc: 0 -> ext=0xfff2 lui=0xc800
PASS | Input: 0x892 ImmSrc: 1 -> ext=0xf892 lui=0x4800
PASS | Input: 0xaee ImmSrc: 1 -> ext=0xfaee lui=0xb800
PASS | Input: 0x1fe ImmSrc: 1 -> ext=0x1fe lui=0xf800
PASS | Input: 0x4a7 ImmSrc: 0 -> ext=0xffe7 lui=0x9c00
PASS | Input: 0xc22 ImmSrc: 1 -> ext=0xfc22 lui=0x8800
PASS | Input: 0xee6 ImmSrc: 1 -> ext=0xfee6 lui=0x9800
PASS | Input: 0x905 ImmSrc: 1 -> ext=0xf905 lui=0x1400
PASS | Input: 0x9cf ImmSrc: 0 -> ext=0xf lui=0x3c00
PASS | Input: 0x3cb ImmSrc: 1 -> ext=0x3cb lui=0x2c00
PASS | Input: 0xd18 ImmSrc: 1 -> ext=0xfd18 lui=0x6000
PASS | Input: 0x76c ImmSrc: 1 -> ext=0x76c lui=0xb000
PASS | Input: 0x95b ImmSrc: 0 -> ext=0x1b lui=0x6c00
PASS | Input: 0xd2f ImmSrc: 1 -> ext=0xfd2f lui=0xbc00
PASS | Input: 0x720 ImmSrc: 0 -> ext=0xffe0 lui=0x8000
PASS | Input: 0x425 ImmSrc: 0 -> ext=0xffe5 lui=0x9400
PASS | Input: 0x2b4 ImmSrc: 0 -> ext=0xfff4 lui=0xd000
PASS | Input: 0x8a0 ImmSrc: 1 -> ext=0xf8a0 lui=0x8000
PASS | Input: 0xb63 ImmSrc: 1 -> ext=0xfb63 lui=0x8c00
PASS | Input: 0x7dc ImmSrc: 0 -> ext=0x1c lui=0x7000
PASS | Input: 0x835 ImmSrc: 0 -> ext=0xfff5 lui=0xd400
PASS | Input: 0x9ce ImmSrc: 0 -> ext=0xe lui=0x3800
PASS | Input: 0xbb9 ImmSrc: 0 -> ext=0xfff9 lui=0xe400
PASS | Input: 0xc5a ImmSrc: 1 -> ext=0xfc5a lui=0x6800
PASS | Input: 0xa06 ImmSrc: 0 -> ext=0x6 lui=0x1800
PASS | Input: 0xadc ImmSrc: 1 -> ext=0xfadc lui=0x7000
PASS | Input: 0x57a ImmSrc: 1 -> ext=0x57a lui=0xe800
PASS | Input: 0x44b ImmSrc: 1 -> ext=0x44b lui=0x2c00
PASS | Input: 0x659 ImmSrc: 0 -> ext=0x19 lui=0x6400
PASS | Input: 0x1d6 ImmSrc: 1 -> ext=0x1d6 lui=0x5800
PASS | Input: 0xae5 ImmSrc: 0 -> ext=0xffe5 lui=0x9400
PASS | Input: 0xf5b ImmSrc: 0 -> ext=0x1b lui=0x6c00
PASS | Input: 0xd00 ImmSrc: 1 -> ext=0xfd00 lui=0x0
PASS | Input: 0xa7c ImmSrc: 1 -> ext=0xfa7c lui=0xf000
PASS | Input: 0xbf1 ImmSrc: 1 -> ext=0xfbf1 lui=0xc400
PASS | Input: 0xcbf ImmSrc: 1 -> ext=0xfcbf lui=0xfc00
PASS | Input: 0xe6f ImmSrc: 0 -> ext=0xffef lui=0xbc00
PASS | Input: 0x47f ImmSrc: 0 -> ext=0xffff lui=0xfc00
PASS | Input: 0x475 ImmSrc: 0 -> ext=0xfff5 lui=0xd400
PASS | Input: 0xe17 ImmSrc: 0 -> ext=0x17 lui=0x5c00
PASS | Input: 0xa11 ImmSrc: 1 -> ext=0xfa11 lui=0x4400
PASS | Input: 0x40d ImmSrc: 0 -> ext=0xd lui=0x3400
PASS | Input: 0xdaf ImmSrc: 0 -> ext=0xffef lui=0xbc00
PASS | Input: 0x2ab ImmSrc: 0 -> ext=0xffeb lui=0xac00
PASS | Input: 0x206 ImmSrc: 0 -> ext=0x6 lui=0x1800
PASS | Input: 0x4c5 ImmSrc: 1 -> ext=0x4c5 lui=0x1400
PASS | Input: 0xd37 ImmSrc: 0 -> ext=0xfff7 lui=0xdc00
PASS | Input: 0x917 ImmSrc: 0 -> ext=0x17 lui=0x5c00
PASS | Input: 0x63e ImmSrc: 1 -> ext=0x63e lui=0xf800
PASS | Input: 0xb0d ImmSrc: 0 -> ext=0xd lui=0x3400
PASS | Input: 0x944 ImmSrc: 1 -> ext=0xf944 lui=0x1000
PASS | Input: 0x348 ImmSrc: 1 -> ext=0x348 lui=0x2000
PASS | Input: 0x4f2 ImmSrc: 0 -> ext=0xfff2 lui=0xc800
PASS | Input: 0x3c1 ImmSrc: 1 -> ext=0x3c1 lui=0x400
PASS | Input: 0x59 ImmSrc: 1 -> ext=0x59 lui=0x6400
PASS | Input: 0xdf ImmSrc: 0 -> ext=0x1f lui=0x7c00
PASS | Input: 0xc83 ImmSrc: 0 -> ext=0x3 lui=0xc00
PASS | Input: 0xc4c ImmSrc: 1 -> ext=0xfc4c lui=0x3000
PASS | Input: 0x250 ImmSrc: 0 -> ext=0x10 lui=0x4000
PASS | Input: 0x1f9 ImmSrc: 1 -> ext=0x1f9 lui=0xe400
PASS | Input: 0xae ImmSrc: 0 -> ext=0xffee lui=0xb800
PASS | Input: 0xb12 ImmSrc: 1 -> ext=0xfb12 lui=0x4800
PASS | Input: 0xc4 ImmSrc: 1 -> ext=0xc4 lui=0x1000
PASS | Input: 0x44b ImmSrc: 0 -> ext=0xb lui=0x2c00
PASS | Input: 0xf2f ImmSrc: 1 -> ext=0xff2f lui=0xbc00
PASS | Input: 0xa4c ImmSrc: 1 -> ext=0xfa4c lui=0x3000
PASS | Input: 0x8df ImmSrc: 1 -> ext=0xf8df lui=0x7c00
PASS | Input: 0xaac ImmSrc: 0 -> ext=0xffec lui=0xb000
PASS | Input: 0x9b7 ImmSrc: 1 -> ext=0xf9b7 lui=0xdc00
PASS | Input: 0xf36 ImmSrc: 1 -> ext=0xff36 lui=0xd800
PASS | Input: 0xc80 ImmSrc: 1 -> ext=0xfc80 lui=0x0
PASS | Input: 0x2f1 ImmSrc: 1 -> ext=0x2f1 lui=0xc400
PASS | Input: 0xf49 ImmSrc: 0 -> ext=0x9 lui=0x2400
PASS | Input: 0x5a2 ImmSrc: 0 -> ext=0xffe2 lui=0x8800
PASS | Input: 0xacb ImmSrc: 1 -> ext=0xfacb lui=0x2c00
PASS | Input: 0xe37 ImmSrc: 1 -> ext=0xfe37 lui=0xdc00
PASS | Input: 0xef3 ImmSrc: 0 -> ext=0xfff3 lui=0xcc00
PASS | Input: 0xfec ImmSrc: 0 -> ext=0xffec lui=0xb000
PASS | Input: 0x412 ImmSrc: 1 -> ext=0x412 lui=0x4800
PASS | Input: 0xf80 ImmSrc: 0 -> ext=0x0 lui=0x0
PASS | Input: 0x9eb ImmSrc: 0 -> ext=0xffeb lui=0xac00
PASS | Input: 0xb50 ImmSrc: 1 -> ext=0xfb50 lui=0x4000
PASS | Input: 0x91d ImmSrc: 0 -> ext=0x1d lui=0x7400
PASS | Input: 0xbb ImmSrc: 0 -> ext=0xfffb lui=0xec00
PASS | Input: 0xf0b ImmSrc: 0 -> ext=0xb lui=0x2c00
PASS | Input: 0xa97 ImmSrc: 0 -> ext=0x17 lui=0x5c00
PASS | Input: 0x9dc ImmSrc: 0 -> ext=0x1c lui=0x7000
PASS | Input: 0x422 ImmSrc: 0 -> ext=0xffe2 lui=0x8800
PASS | Input: 0xfa8 ImmSrc: 1 -> ext=0xffa8 lui=0xa000
PASS | Input: 0xd2e ImmSrc: 1 -> ext=0xfd2e lui=0xb800
PASS | Input: 0x36a ImmSrc: 0 -> ext=0xffea lui=0xa800
PASS | Input: 0xc01 ImmSrc: 0 -> ext=0x1 lui=0x400
PASS | Input: 0xbd0 ImmSrc: 1 -> ext=0xfbd0 lui=0x4000
PASS | Input: 0x299 ImmSrc: 0 -> ext=0x19 lui=0x6400
PASS | Input: 0x77e ImmSrc: 1 -> ext=0x77e lui=0xf800
PASS | Input: 0x8d8 ImmSrc: 0 -> ext=0x18 lui=0x6000
PASS | Input: 0x3e4 ImmSrc: 1 -> ext=0x3e4 lui=0x9000
PASS | Input: 0xa44 ImmSrc: 0 -> ext=0x4 lui=0x1000
PASS | Input: 0x934 ImmSrc: 0 -> ext=0xfff4 lui=0xd000
PASS | Input: 0x7dc ImmSrc: 1 -> ext=0x7dc lui=0x7000
PASS | Input: 0x595 ImmSrc: 0 -> ext=0x15 lui=0x5400
PASS | Input: 0x7b7 ImmSrc: 1 -> ext=0x7b7 lui=0xdc00
PASS | Input: 0x336 ImmSrc: 0 -> ext=0xfff6 lui=0xd800
PASS | Input: 0x9de ImmSrc: 0 -> ext=0x1e lui=0x7800
PASS | Input: 0x3c ImmSrc: 0 -> ext=0xfffc lui=0xf000
PASS | Input: 0x52a ImmSrc: 1 -> ext=0x52a lui=0xa800
PASS | Input: 0x94b ImmSrc: 0 -> ext=0xb lui=0x2c00
PASS | Input: 0xc8a ImmSrc: 1 -> ext=0xfc8a lui=0x2800
PASS | Input: 0x897 ImmSrc: 1 -> ext=0xf897 lui=0x5c00
PASS | Input: 0x677 ImmSrc: 0 -> ext=0xfff7 lui=0xdc00
PASS | Input: 0xb3e ImmSrc: 0 -> ext=0xfffe lui=0xf800
PASS | Input: 0x20a ImmSrc: 1 -> ext=0x20a lui=0x2800
PASS | Input: 0xbe2 ImmSrc: 1 -> ext=0xfbe2 lui=0x8800
PASS | Input: 0xc6c ImmSrc: 1 -> ext=0xfc6c lui=0xb000
PASS | Input: 0x72d ImmSrc: 1 -> ext=0x72d lui=0xb400
PASS | Input: 0xd0f ImmSrc: 1 -> ext=0xfd0f lui=0x3c00
PASS | Input: 0x854 ImmSrc: 1 -> ext=0xf854 lui=0x5000
PASS | Input: 0x280 ImmSrc: 1 -> ext=0x280 lui=0x0
PASS | Input: 0xf2f ImmSrc: 1 -> ext=0xff2f lui=0xbc00
PASS | Input: 0xb2c ImmSrc: 0 -> ext=0xffec lui=0xb000
PASS | Input: 0x2fb ImmSrc: 1 -> ext=0x2fb lui=0xec00
PASS | Input: 0xee6 ImmSrc: 1 -> ext=0xfee6 lui=0x9800
PASS | Input: 0x65 ImmSrc: 0 -> ext=0xffe5 lui=0x9400
PASS | Input: 0xb9c ImmSrc: 1 -> ext=0xfb9c lui=0x7000
PASS | Input: 0x6f3 ImmSrc: 0 -> ext=0xfff3 lui=0xcc00
PASS | Input: 0xafc ImmSrc: 1 -> ext=0xfafc lui=0xf000
PASS | Input: 0xf60 ImmSrc: 1 -> ext=0xff60 lui=0x8000
PASS | Input: 0xc6a ImmSrc: 1 -> ext=0xfc6a lui=0xa800
PASS | Input: 0x405 ImmSrc: 0 -> ext=0x5 lui=0x1400
PASS | Input: 0xc25 ImmSrc: 1 -> ext=0xfc25 lui=0x9400
PASS | Input: 0x7ed ImmSrc: 1 -> ext=0x7ed lui=0xb400
PASS | Input: 0x3eb ImmSrc: 1 -> ext=0x3eb lui=0xac00
PASS | Input: 0xe9f ImmSrc: 0 -> ext=0x1f lui=0x7c00
PASS | Input: 0xf5 ImmSrc: 1 -> ext=0xf5 lui=0xd400
PASS | Input: 0xa43 ImmSrc: 1 -> ext=0xfa43 lui=0xc00
PASS | Input: 0xca7 ImmSrc: 0 -> ext=0xffe7 lui=0x9c00
PASS | Input: 0x331 ImmSrc: 1 -> ext=0x331 lui=0xc400
PASS | Input: 0x6c9 ImmSrc: 1 -> ext=0x6c9 lui=0x2400
PASS | Input: 0x98a ImmSrc: 0 -> ext=0xa lui=0x2800
PASS | Input: 0x99d ImmSrc: 1 -> ext=0xf99d lui=0x7400
PASS | Input: 0x2e8 ImmSrc: 1 -> ext=0x2e8 lui=0xa000
PASS | Input: 0x1b7 ImmSrc: 0 -> ext=0xfff7 lui=0xdc00
PASS | Input: 0x1c9 ImmSrc: 0 -> ext=0x9 lui=0x2400
PASS | Input: 0x8df ImmSrc: 0 -> ext=0x1f lui=0x7c00
PASS | Input: 0xfc7 ImmSrc: 0 -> ext=0x7 lui=0x1c00
PASS | Input: 0xce2 ImmSrc: 0 -> ext=0xffe2 lui=0x8800
PASS | Input: 0x730 ImmSrc: 0 -> ext=0xfff0 lui=0xc000
PASS | Input: 0xa9e ImmSrc: 0 -> ext=0x1e lui=0x7800
PASS | Input: 0x424 ImmSrc: 1 -> ext=0x424 lui=0x9000
PASS | Input: 0xd2f ImmSrc: 0 -> ext=0xffef lui=0xbc00
PASS | Input: 0x4c1 ImmSrc: 0 -> ext=0x1 lui=0x400
PASS | Input: 0xe86 ImmSrc: 1 -> ext=0xfe86 lui=0x1800
PASS | Input: 0x583 ImmSrc: 1 -> ext=0x583 lui=0xc00
PASS | Input: 0xe53 ImmSrc: 0 -> ext=0x13 lui=0x4c00
PASS | Input: 0xe60 ImmSrc: 0 -> ext=0xffe0 lui=0x8000
PASS | Input: 0x785 ImmSrc: 1 -> ext=0x785 lui=0x1400
PASS | Input: 0xcf ImmSrc: 0 -> ext=0xf lui=0x3c00
PASS | Input: 0x44c ImmSrc: 0 -> ext=0xc lui=0x3000
PASS | Input: 0x437 ImmSrc: 0 -> ext=0xfff7 lui=0xdc00
PASS | Input: 0x3eb ImmSrc: 0 -> ext=0xffeb lui=0xac00
PASS | Input: 0x7f7 ImmSrc: 1 -> ext=0x7f7 lui=0xdc00
PASS | Input: 0xd30 ImmSrc: 1 -> ext=0xfd30 lui=0xc000
PASS | Input: 0x589 ImmSrc: 0 -> ext=0x9 lui=0x2400
PASS | Input: 0x1f1 ImmSrc: 1 -> ext=0x1f1 lui=0xc400
PASS | Input: 0x8ea ImmSrc: 0 -> ext=0xffea lui=0xa800
PASS | Input: 0x960 ImmSrc: 0 -> ext=0xffe0 lui=0x8000
PASS | Input: 0xd5 ImmSrc: 0 -> ext=0x15 lui=0x5400
PASS | Input: 0x96 ImmSrc: 0 -> ext=0x16 lui=0x5800
PASS | Input: 0x7ec ImmSrc: 0 -> ext=0xffec lui=0xb000
PASS | Input: 0x61e ImmSrc: 0 -> ext=0x1e lui=0x7800
PASS | Input: 0x767 ImmSrc: 1 -> ext=0x767 lui=0x9c00
PASS | Input: 0x4e9 ImmSrc: 0 -> ext=0xffe9 lui=0xa400
PASS | Input: 0xf5b ImmSrc: 1 -> ext=0xff5b lui=0x6c00
PASS | Input: 0x87c ImmSrc: 0 -> ext=0xfffc lui=0xf000
PASS | Input: 0x841 ImmSrc: 0 -> ext=0x1 lui=0x400
PASS | Input: 0xda8 ImmSrc: 0 -> ext=0xffe8 lui=0xa000
PASS | Input: 0xc0 ImmSrc: 0 -> ext=0x0 lui=0x0
PASS | Input: 0xcb3 ImmSrc: 0 -> ext=0xfff3 lui=0xcc00
PASS | Input: 0x464 ImmSrc: 0 -> ext=0xffe4 lui=0x9000
PASS | Input: 0x741 ImmSrc: 1 -> ext=0x741 lui=0x400
PASS | Input: 0xf4f ImmSrc: 1 -> ext=0xff4f lui=0x3c00
PASS | Input: 0x5d3 ImmSrc: 1 -> ext=0x5d3 lui=0x4c00
PASS | Input: 0xc7f ImmSrc: 1 -> ext=0xfc7f lui=0xfc00
PASS | Input: 0x43b ImmSrc: 0 -> ext=0xfffb lui=0xec00
PASS | Input: 0x9c3 ImmSrc: 0 -> ext=0x3 lui=0xc00
PASS | Input: 0xfd8 ImmSrc: 1 -> ext=0xffd8 lui=0x6000
PASS | Input: 0xff7 ImmSrc: 1 -> ext=0xfff7 lui=0xdc00
PASS | Input: 0x5f4 ImmSrc: 0 -> ext=0xfff4 lui=0xd000
PASS | Input: 0xb97 ImmSrc: 0 -> ext=0x17 lui=0x5c00
PASS | Input: 0xc1c ImmSrc: 1 -> ext=0xfc1c lui=0x7000
PASS | Input: 0xb52 ImmSrc: 0 -> ext=0x12 lui=0x4800
PASS | Input: 0x7c6 ImmSrc: 0 -> ext=0x6 lui=0x1800
PASS | Input: 0xba0 ImmSrc: 1 -> ext=0xfba0 lui=0x8000
PASS | Input: 0xc27 ImmSrc: 1 -> ext=0xfc27 lui=0x9c00
PASS | Input: 0x404 ImmSrc: 0 -> ext=0x4 lui=0x1000
PASS | Input: 0xc87 ImmSrc: 0 -> ext=0x7 lui=0x1c00
PASS | Input: 0x40b ImmSrc: 1 -> ext=0x40b lui=0x2c00
PASS | Input: 0xeb ImmSrc: 0 -> ext=0xffeb lui=0xac00
PASS | Input: 0x799 ImmSrc: 0 -> ext=0x19 lui=0x6400
PASS | Input: 0x674 ImmSrc: 0 -> ext=0xfff4 lui=0xd000
PASS | Input: 0x9b4 ImmSrc: 0 -> ext=0xfff4 lui=0xd000
PASS | Input: 0x84b ImmSrc: 1 -> ext=0xf84b lui=0x2c00
PASS | Input: 0x43f ImmSrc: 1 -> ext=0x43f lui=0xfc00
PASS | Input: 0x369 ImmSrc: 0 -> ext=0xffe9 lui=0xa400
PASS | Input: 0x8e6 ImmSrc: 1 -> ext=0xf8e6 lui=0x9800
PASS | Input: 0x119 ImmSrc: 1 -> ext=0x119 lui=0x6400
PASS | Input: 0xeb2 ImmSrc: 0 -> ext=0xfff2 lui=0xc800
PASS | Input: 0x18e ImmSrc: 0 -> ext=0xe lui=0x3800
PASS | Input: 0x572 ImmSrc: 0 -> ext=0xfff2 lui=0xc800
PASS | Input: 0xf61 ImmSrc: 1 -> ext=0xff61 lui=0x8400
PASS | Input: 0x386 ImmSrc: 1 -> ext=0x386 lui=0x1800
PASS | Input: 0x252 ImmSrc: 0 -> ext=0x12 lui=0x4800
PASS | Input: 0x82b ImmSrc: 0 -> ext=0xffeb lui=0xac00
PASS | Input: 0xd20 ImmSrc: 0 -> ext=0xffe0 lui=0x8000
PASS | Input: 0x3d6 ImmSrc: 0 -> ext=0x16 lui=0x5800
PASS | Input: 0x9d4 ImmSrc: 0 -> ext=0x14 lui=0x5000
PASS | Input: 0xbc3 ImmSrc: 1 -> ext=0xfbc3 lui=0xc00
PASS | Input: 0x157 ImmSrc: 1 -> ext=0x157 lui=0x5c00
PASS | Input: 0xd48 ImmSrc: 1 -> ext=0xfd48 lui=0x2000
PASS | Input: 0xa4 ImmSrc: 0 -> ext=0xffe4 lui=0x9000
PASS | Input: 0x702 ImmSrc: 0 -> ext=0x2 lui=0x800
PASS | Input: 0x77b ImmSrc: 0 -> ext=0xfffb lui=0xec00
PASS | Input: 0x37d ImmSrc: 0 -> ext=0xfffd lui=0xf400
PASS | Input: 0xbe2 ImmSrc: 1 -> ext=0xfbe2 lui=0x8800
PASS | Input: 0xc65 ImmSrc: 0 -> ext=0xffe5 lui=0x9400
PASS | Input: 0xf4c ImmSrc: 1 -> ext=0xff4c lui=0x3000
PASS | Input: 0x2dd ImmSrc: 0 -> ext=0x1d lui=0x7400
PASS | Input: 0xbc9 ImmSrc: 0 -> ext=0x9 lui=0x2400
PASS | Input: 0xf17 ImmSrc: 0 -> ext=0x17 lui=0x5c00
PASS | Input: 0xb06 ImmSrc: 1 -> ext=0xfb06 lui=0x1800
PASS | Input: 0xebe ImmSrc: 1 -> ext=0xfebe lui=0xf800
PASS | Input: 0xa8a ImmSrc: 0 -> ext=0xa lui=0x2800
PASS | Input: 0xd4d ImmSrc: 0 -> ext=0xd lui=0x3400
PASS | Input: 0x9f3 ImmSrc: 0 -> ext=0xfff3 lui=0xcc00
PASS | Input: 0x4f0 ImmSrc: 0 -> ext=0xfff0 lui=0xc000
PASS | Input: 0xf96 ImmSrc: 0 -> ext=0x16 lui=0x5800
PASS | Input: 0x5fe ImmSrc: 1 -> ext=0x5fe lui=0xf800
PASS | Input: 0xb5f ImmSrc: 0 -> ext=0x1f lui=0x7c00
PASS | Input: 0x6aa ImmSrc: 0 -> ext=0xffea lui=0xa800
PASS | Input: 0x73b ImmSrc: 1 -> ext=0x73b lui=0xec00
PASS | Input: 0x603 ImmSrc: 1 -> ext=0x603 lui=0xc00
PASS | Input: 0xfed ImmSrc: 1 -> ext=0xffed lui=0xb400
PASS | Input: 0x2d5 ImmSrc: 0 -> ext=0x15 lui=0x5400
PASS | Input: 0xaa ImmSrc: 1 -> ext=0xaa lui=0xa800
PASS | Input: 0x48e ImmSrc: 1 -> ext=0x48e lui=0x3800
PASS | Input: 0x747 ImmSrc: 1 -> ext=0x747 lui=0x1c00
PASS | Input: 0x9b3 ImmSrc: 0 -> ext=0xfff3 lui=0xcc00
PASS | Input: 0xc5b ImmSrc: 1 -> ext=0xfc5b lui=0x6c00
PASS | Input: 0xd07 ImmSrc: 1 -> ext=0xfd07 lui=0x1c00
PASS | Input: 0x30 ImmSrc: 1 -> ext=0x30 lui=0xc000
PASS | Input: 0xdf0 ImmSrc: 0 -> ext=0xfff0 lui=0xc000
PASS | Input: 0xccc ImmSrc: 1 -> ext=0xfccc lui=0x3000
PASS | Input: 0x45 ImmSrc: 1 -> ext=0x45 lui=0x1400
PASS | Input: 0xefc ImmSrc: 0 -> ext=0xfffc lui=0xf000
PASS | Input: 0x907 ImmSrc: 0 -> ext=0x7 lui=0x1c00
PASS | Input: 0x1aa ImmSrc: 1 -> ext=0x1aa lui=0xa800
PASS | Input: 0x12c ImmSrc: 0 -> ext=0xffec lui=0xb000
PASS | Input: 0xe60 ImmSrc: 0 -> ext=0xffe0 lui=0x8000
PASS | Input: 0x111 ImmSrc: 0 -> ext=0x11 lui=0x4400
PASS | Input: 0x74e ImmSrc: 1 -> ext=0x74e lui=0x3800
PASS | Input: 0xaa6 ImmSrc: 1 -> ext=0xfaa6 lui=0x9800
PASS | Input: 0x2a4 ImmSrc: 0 -> ext=0xffe4 lui=0x9000
PASS | Input: 0x5f0 ImmSrc: 0 -> ext=0xfff0 lui=0xc000
PASS | Input: 0xea3 ImmSrc: 0 -> ext=0xffe3 lui=0x8c00
PASS | Input: 0xefd ImmSrc: 1 -> ext=0xfefd lui=0xf400
PASS | Input: 0x936 ImmSrc: 1 -> ext=0xf936 lui=0xd800
PASS | Input: 0x3d7 ImmSrc: 1 -> ext=0x3d7 lui=0x5c00
PASS | Input: 0xd69 ImmSrc: 0 -> ext=0xffe9 lui=0xa400
PASS | Input: 0xe99 ImmSrc: 1 -> ext=0xfe99 lui=0x6400
PASS | Input: 0x2a0 ImmSrc: 0 -> ext=0xffe0 lui=0x8000
PASS | Input: 0xd38 ImmSrc: 0 -> ext=0xfff8 lui=0xe000
PASS | Input: 0xad9 ImmSrc: 1 -> ext=0xfad9 lui=0x6400
PASS | Input: 0x819 ImmSrc: 1 -> ext=0xf819 lui=0x6400
PASS | Input: 0xed9 ImmSrc: 0 -> ext=0x19 lui=0x6400
PASS | Input: 0xd ImmSrc: 0 -> ext=0xd lui=0x3400
PASS | Input: 0xca3 ImmSrc: 0 -> ext=0xffe3 lui=0x8c00
PASS | Input: 0xfcd ImmSrc: 0 -> ext=0xd lui=0x3400
PASS | Input: 0xff8 ImmSrc: 0 -> ext=0xfff8 lui=0xe000
PASS | Input: 0x85 ImmSrc: 1 -> ext=0x85 lui=0x1400
PASS | Input: 0x258 ImmSrc: 1 -> ext=0x258 lui=0x6000
PASS | Input: 0x94 ImmSrc: 1 -> ext=0x94 lui=0x5000
PASS | Input: 0x145 ImmSrc: 1 -> ext=0x145 lui=0x1400
PASS | Input: 0xb0d ImmSrc: 0 -> ext=0xd lui=0x3400
PASS | Input: 0xb28 ImmSrc: 0 -> ext=0xffe8 lui=0xa000
PASS | Input: 0xc15 ImmSrc: 0 -> ext=0x15 lui=0x5400
PASS | Input: 0x6b1 ImmSrc: 0 -> ext=0xfff1 lui=0xc400
PASS | Input: 0x1bc ImmSrc: 1 -> ext=0x1bc lui=0xf000
PASS | Input: 0x408 ImmSrc: 1 -> ext=0x408 lui=0x2000
PASS | Input: 0x25a ImmSrc: 0 -> ext=0x1a lui=0x6800
PASS | Input: 0xa5 ImmSrc: 0 -> ext=0xffe5 lui=0x9400
PASS | Input: 0x11d ImmSrc: 0 -> ext=0x1d lui=0x7400
PASS | Input: 0x230 ImmSrc: 1 -> ext=0x230 lui=0xc000
PASS | Input: 0x4cb ImmSrc: 1 -> ext=0x4cb lui=0x2c00
PASS | Input: 0xa35 ImmSrc: 0 -> ext=0xfff5 lui=0xd400
PASS | Input: 0xa5d ImmSrc: 1 -> ext=0xfa5d lui=0x7400
PASS | Input: 0x407 ImmSrc: 0 -> ext=0x7 lui=0x1c00
PASS | Input: 0x8a ImmSrc: 0 -> ext=0xa lui=0x2800
PASS | Input: 0xbb6 ImmSrc: 0 -> ext=0xfff6 lui=0xd800
PASS | Input: 0x2d2 ImmSrc: 1 -> ext=0x2d2 lui=0x4800
PASS | Input: 0x85c ImmSrc: 0 -> ext=0x1c lui=0x7000
PASS | Input: 0x82c ImmSrc: 0 -> ext=0xffec lui=0xb000
PASS | Input: 0xbad ImmSrc: 0 -> ext=0xffed lui=0xb400
PASS | Input: 0x2e8 ImmSrc: 1 -> ext=0x2e8 lui=0xa000
PASS | Input: 0xe10 ImmSrc: 1 -> ext=0xfe10 lui=0x4000
PASS | Input: 0xcd8 ImmSrc: 0 -> ext=0x18 lui=0x6000
PASS | Input: 0x27 ImmSrc: 0 -> ext=0xffe7 lui=0x9c00
PASS | Input: 0xe6c ImmSrc: 0 -> ext=0xffec lui=0xb000
PASS | Input: 0x816 ImmSrc: 1 -> ext=0xf816 lui=0x5800
PASS | Input: 0xabe ImmSrc: 1 -> ext=0xfabe lui=0xf800
PASS | Input: 0x866 ImmSrc: 0 -> ext=0xffe6 lui=0x9800
PASS | Input: 0x639 ImmSrc: 0 -> ext=0xfff9 lui=0xe400
PASS | Input: 0x7d6 ImmSrc: 1 -> ext=0x7d6 lui=0x5800
PASS | Input: 0x2f1 ImmSrc: 1 -> ext=0x2f1 lui=0xc400
PASS | Input: 0x2f8 ImmSrc: 0 -> ext=0xfff8 lui=0xe000
PASS | Input: 0x93d ImmSrc: 1 -> ext=0xf93d lui=0xf400
PASS | Input: 0x7f1 ImmSrc: 0 -> ext=0xfff1 lui=0xc400
PASS | Input: 0x6a9 ImmSrc: 1 -> ext=0x6a9 lui=0xa400
PASS | Input: 0x2b ImmSrc: 1 -> ext=0x2b lui=0xac00
PASS | Input: 0x6ea ImmSrc: 0 -> ext=0xffea lui=0xa800
PASS | Input: 0xb64 ImmSrc: 0 -> ext=0xffe4 lui=0x9000
PASS | Input: 0x5d5 ImmSrc: 1 -> ext=0x5d5 lui=0x5400
PASS | Input: 0xdb ImmSrc: 0 -> ext=0x1b lui=0x6c00
PASS | Input: 0xeff ImmSrc: 1 -> ext=0xfeff lui=0xfc00
PASS | Input: 0x10a ImmSrc: 0 -> ext=0xa lui=0x2800
PASS | Input: 0xf1c ImmSrc: 0 -> ext=0x1c lui=0x7000
PASS | Input: 0x5ac ImmSrc: 1 -> ext=0x5ac lui=0xb000
PASS | Input: 0x2b2 ImmSrc: 0 -> ext=0xfff2 lui=0xc800
PASS | Input: 0x980 ImmSrc: 0 -> ext=0x0 lui=0x0
PASS | Input: 0x538 ImmSrc: 0 -> ext=0xfff8 lui=0xe000
PASS | Input: 0xa94 ImmSrc: 0 -> ext=0x14 lui=0x5000
PASS | Input: 0x13e ImmSrc: 0 -> ext=0xfffe lui=0xf800
PASS | Input: 0x568 ImmSrc: 0 -> ext=0xffe8 lui=0xa000
PASS | Input: 0x5ad ImmSrc: 0 -> ext=0xffed lui=0xb400
PASS | Input: 0x4d8 ImmSrc: 0 -> ext=0x18 lui=0x6000
PASS | Input: 0xbc8 ImmSrc: 0 -> ext=0x8 lui=0x2000
PASS | Input: 0x40b ImmSrc: 1 -> ext=0x40b lui=0x2c00
PASS | Input: 0xee8 ImmSrc: 0 -> ext=0xffe8 lui=0xa000
PASS | Input: 0x157 ImmSrc: 1 -> ext=0x157 lui=0x5c00
PASS | Input: 0xeb0 ImmSrc: 1 -> ext=0xfeb0 lui=0xc000
PASS | Input: 0x65c ImmSrc: 0 -> ext=0x1c lui=0x7000
PASS | Input: 0x5b6 ImmSrc: 0 -> ext=0xfff6 lui=0xd800
PASS | Input: 0x141 ImmSrc: 1 -> ext=0x141 lui=0x400
PASS | Input: 0xe3c ImmSrc: 1 -> ext=0xfe3c lui=0xf000
PASS | Input: 0xa5d ImmSrc: 1 -> ext=0xfa5d lui=0x7400
PASS | Input: 0x423 ImmSrc: 1 -> ext=0x423 lui=0x8c00
PASS | Input: 0x32a ImmSrc: 0 -> ext=0xffea lui=0xa800
PASS | Input: 0x89c ImmSrc: 0 -> ext=0x1c lui=0x7000
PASS | Input: 0x2df ImmSrc: 0 -> ext=0x1f lui=0x7c00
PASS | Input: 0x1b5 ImmSrc: 1 -> ext=0x1b5 lui=0xd400
PASS | Input: 0x87b ImmSrc: 1 -> ext=0xf87b lui=0xec00
PASS | Input: 0xd5f ImmSrc: 0 -> ext=0x1f lui=0x7c00
PASS | Input: 0xfa8 ImmSrc: 0 -> ext=0xffe8 lui=0xa000
PASS | Input: 0x902 ImmSrc: 0 -> ext=0x2 lui=0x800
PASS | Input: 0x146 ImmSrc: 1 -> ext=0x146 lui=0x1800
PASS | Input: 0xe34 ImmSrc: 1 -> ext=0xfe34 lui=0xd000
PASS | Input: 0xdf4 ImmSrc: 1 -> ext=0xfdf4 lui=0xd000
PASS | Input: 0xab0 ImmSrc: 1 -> ext=0xfab0 lui=0xc000
PASS | Input: 0xc79 ImmSrc: 0 -> ext=0xfff9 lui=0xe400
PASS | Input: 0x91e ImmSrc: 1 -> ext=0xf91e lui=0x7800
PASS | Input: 0xf58 ImmSrc: 1 -> ext=0xff58 lui=0x6000
PASS | Input: 0x7cf ImmSrc: 0 -> ext=0xf lui=0x3c00
PASS | Input: 0xa72 ImmSrc: 0 -> ext=0xfff2 lui=0xc800
PASS | Input: 0xff8 ImmSrc: 0 -> ext=0xfff8 lui=0xe000
PASS | Input: 0x307 ImmSrc: 0 -> ext=0x7 lui=0x1c00
PASS | Input: 0xf92 ImmSrc: 0 -> ext=0x12 lui=0x4800
PASS | Input: 0xdf2 ImmSrc: 1 -> ext=0xfdf2 lui=0xc800
PASS | Input: 0x165 ImmSrc: 0 -> ext=0xffe5 lui=0x9400
PASS | Input: 0x973 ImmSrc: 0 -> ext=0xfff3 lui=0xcc00
PASS | Input: 0x6c ImmSrc: 0 -> ext=0xffec lui=0xb000
PASS | Input: 0x36c ImmSrc: 1 -> ext=0x36c lui=0xb000
PASS | Input: 0xd16 ImmSrc: 1 -> ext=0xfd16 lui=0x5800
PASS | Input: 0x250 ImmSrc: 1 -> ext=0x250 lui=0x4000
PASS | Input: 0xe8a ImmSrc: 0 -> ext=0xa lui=0x2800
PASS | Input: 0x8bd ImmSrc: 0 -> ext=0xfffd lui=0xf400
PASS | Input: 0x57b ImmSrc: 0 -> ext=0xfffb lui=0xec00
PASS | Input: 0xf8 ImmSrc: 0 -> ext=0xfff8 lui=0xe000
PASS | Input: 0x9af ImmSrc: 1 -> ext=0xf9af lui=0xbc00
PASS | Input: 0x53d ImmSrc: 0 -> ext=0xfffd lui=0xf400
PASS | Input: 0x6c9 ImmSrc: 0 -> ext=0x9 lui=0x2400
PASS | Input: 0x12d ImmSrc: 0 -> ext=0xffed lui=0xb400
PASS | Input: 0xc6f ImmSrc: 1 -> ext=0xfc6f lui=0xbc00
PASS | Input: 0x33 ImmSrc: 0 -> ext=0xfff3 lui=0xcc00
PASS | Input: 0x567 ImmSrc: 0 -> ext=0xffe7 lui=0x9c00
PASS | Input: 0x23e ImmSrc: 1 -> ext=0x23e lui=0xf800
PASS | Input: 0xac6 ImmSrc: 1 -> ext=0xfac6 lui=0x1800
PASS | Input: 0x3a5 ImmSrc: 0 -> ext=0xffe5 lui=0x9400
PASS | Input: 0xdba ImmSrc: 0 -> ext=0xfffa lui=0xe800
PASS | Input: 0x888 ImmSrc: 1 -> ext=0xf888 lui=0x2000
PASS | Input: 0x41b ImmSrc: 0 -> ext=0x1b lui=0x6c00
PASS | Input: 0x78f ImmSrc: 0 -> ext=0xf lui=0x3c00
PASS | Input: 0x14d ImmSrc: 1 -> ext=0x14d lui=0x3400
PASS | Input: 0x358 ImmSrc: 0 -> ext=0x18 lui=0x6000
PASS | Input: 0x892 ImmSrc: 0 -> ext=0x12 lui=0x4800
PASS | Input: 0xd72 ImmSrc: 1 -> ext=0xfd72 lui=0xc800
PASS | Input: 0xf5f ImmSrc: 0 -> ext=0x1f lui=0x7c00
PASS | Input: 0xf33 ImmSrc: 1 -> ext=0xff33 lui=0xcc00
PASS | Input: 0x9cf ImmSrc: 0 -> ext=0xf lui=0x3c00
PASS | Input: 0x64c ImmSrc: 1 -> ext=0x64c lui=0x3000
PASS | Input: 0x6cd ImmSrc: 0 -> ext=0xd lui=0x3400
PASS | Input: 0xe72 ImmSrc: 0 -> ext=0xfff2 lui=0xc800
PASS | Input: 0x50a ImmSrc: 0 -> ext=0xa lui=0x2800
PASS | Input: 0x2e6 ImmSrc: 1 -> ext=0x2e6 lui=0x9800
PASS | Input: 0xd5c ImmSrc: 0 -> ext=0x1c lui=0x7000
PASS | Input: 0x4a ImmSrc: 1 -> ext=0x4a lui=0x2800
PASS | Input: 0xa91 ImmSrc: 1 -> ext=0xfa91 lui=0x4400
PASS | Input: 0x289 ImmSrc: 1 -> ext=0x289 lui=0x2400
PASS | Input: 0xa65 ImmSrc: 1 -> ext=0xfa65 lui=0x9400
PASS | Input: 0x42f ImmSrc: 1 -> ext=0x42f lui=0xbc00
PASS | Input: 0xa9b ImmSrc: 1 -> ext=0xfa9b lui=0x6c00
PASS | Input: 0x412 ImmSrc: 1 -> ext=0x412 lui=0x4800
PASS | Input: 0x4e1 ImmSrc: 1 -> ext=0x4e1 lui=0x8400
PASS | Input: 0xd94 ImmSrc: 0 -> ext=0x14 lui=0x5000
PASS | Input: 0x78c ImmSrc: 0 -> ext=0xc lui=0x3000
PASS | Input: 0xb64 ImmSrc: 0 -> ext=0xffe4 lui=0x9000
PASS | Input: 0xad2 ImmSrc: 0 -> ext=0x12 lui=0x4800
PASS | Input: 0x80f ImmSrc: 1 -> ext=0xf80f lui=0x3c00
PASS | Input: 0xd88 ImmSrc: 1 -> ext=0xfd88 lui=0x2000
PASS | Input: 0x33b ImmSrc: 1 -> ext=0x33b lui=0xec00
PASS | Input: 0xa0e ImmSrc: 1 -> ext=0xfa0e lui=0x3800
PASS | Input: 0x7df ImmSrc: 0 -> ext=0x1f lui=0x7c00
PASS | Input: 0xf72 ImmSrc: 0 -> ext=0xfff2 lui=0xc800
PASS | Input: 0xf5e ImmSrc: 1 -> ext=0xff5e lui=0x7800
PASS | Input: 0x66d ImmSrc: 1 -> ext=0x66d lui=0xb400
PASS | Input: 0x6ca ImmSrc: 0 -> ext=0xa lui=0x2800
PASS | Input: 0xd48 ImmSrc: 1 -> ext=0xfd48 lui=0x2000
PASS | Input: 0xd35 ImmSrc: 1 -> ext=0xfd35 lui=0xd400
PASS | Input: 0xd4f ImmSrc: 0 -> ext=0xf lui=0x3c00
PASS | Input: 0xb64 ImmSrc: 0 -> ext=0xffe4 lui=0x9000
PASS | Input: 0x5da ImmSrc: 0 -> ext=0x1a lui=0x6800
PASS | Input: 0xeb9 ImmSrc: 1 -> ext=0xfeb9 lui=0xe400
PASS | Input: 0xe8d ImmSrc: 0 -> ext=0xd lui=0x3400
PASS | Input: 0x2b0 ImmSrc: 1 -> ext=0x2b0 lui=0xc000
PASS | Input: 0x7e9 ImmSrc: 0 -> ext=0xffe9 lui=0xa400
PASS | Input: 0x3c8 ImmSrc: 1 -> ext=0x3c8 lui=0x2000
PASS | Input: 0xabe ImmSrc: 1 -> ext=0xfabe lui=0xf800
PASS | Input: 0xc25 ImmSrc: 0 -> ext=0xffe5 lui=0x9400
PASS | Input: 0x49f ImmSrc: 0 -> ext=0x1f lui=0x7c00
PASS | Input: 0xbd8 ImmSrc: 1 -> ext=0xfbd8 lui=0x6000
PASS | Input: 0x2e6 ImmSrc: 0 -> ext=0xffe6 lui=0x9800
PASS | Input: 0xa0d ImmSrc: 1 -> ext=0xfa0d lui=0x3400
PASS | Input: 0xf6d ImmSrc: 0 -> ext=0xffed lui=0xb400
PASS | Input: 0x40b ImmSrc: 1 -> ext=0x40b lui=0x2c00
PASS | Input: 0x581 ImmSrc: 0 -> ext=0x1 lui=0x400
PASS | Input: 0xa4d ImmSrc: 0 -> ext=0xd lui=0x3400
PASS | Input: 0x143 ImmSrc: 0 -> ext=0x3 lui=0xc00
PASS | Input: 0x3a0 ImmSrc: 1 -> ext=0x3a0 lui=0x8000
PASS | Input: 0xeb ImmSrc: 0 -> ext=0xffeb lui=0xac00
PASS | Input: 0xd85 ImmSrc: 1 -> ext=0xfd85 lui=0x1400
PASS | Input: 0x12d ImmSrc: 0 -> ext=0xffed lui=0xb400
PASS | Input: 0x2c9 ImmSrc: 0 -> ext=0x9 lui=0x2400
PASS | Input: 0xb2e ImmSrc: 0 -> ext=0xffee lui=0xb800
PASS | Input: 0x293 ImmSrc: 0 -> ext=0x13 lui=0x4c00
PASS | Input: 0xa4d ImmSrc: 1 -> ext=0xfa4d lui=0x3400
PASS | Input: 0x7d9 ImmSrc: 1 -> ext=0x7d9 lui=0x6400
PASS | Input: 0xd2b ImmSrc: 1 -> ext=0xfd2b lui=0xac00
PASS | Input: 0xc76 ImmSrc: 1 -> ext=0xfc76 lui=0xd800
PASS | Input: 0xf36 ImmSrc: 1 -> ext=0xff36 lui=0xd800
PASS | Input: 0xedc ImmSrc: 1 -> ext=0xfedc lui=0x7000
PASS | Input: 0xb27 ImmSrc: 0 -> ext=0xffe7 lui=0x9c00
PASS | Input: 0x894 ImmSrc: 0 -> ext=0x14 lui=0x5000
PASS | Input: 0xea9 ImmSrc: 0 -> ext=0xffe9 lui=0xa400
PASS | Input: 0x789 ImmSrc: 1 -> ext=0x789 lui=0x2400
PASS | Input: 0x4b3 ImmSrc: 1 -> ext=0x4b3 lui=0xcc00
PASS | Input: 0x758 ImmSrc: 1 -> ext=0x758 lui=0x6000
PASS | Input: 0xbad ImmSrc: 0 -> ext=0xffed lui=0xb400
PASS | Input: 0x592 ImmSrc: 0 -> ext=0x12 lui=0x4800
PASS | Input: 0x9fb ImmSrc: 1 -> ext=0xf9fb lui=0xec00
PASS | Input: 0x939 ImmSrc: 1 -> ext=0xf939 lui=0xe400
PASS | Input: 0xf0a ImmSrc: 1 -> ext=0xff0a lui=0x2800
PASS | Input: 0x35b ImmSrc: 1 -> ext=0x35b lui=0x6c00
PASS | Input: 0x86d ImmSrc: 1 -> ext=0xf86d lui=0xb400
PASS | Input: 0xe1b ImmSrc: 0 -> ext=0x1b lui=0x6c00
PASS | Input: 0x29 ImmSrc: 1 -> ext=0x29 lui=0xa400
PASS | Input: 0x709 ImmSrc: 0 -> ext=0x9 lui=0x2400
PASS | Input: 0x2c8 ImmSrc: 1 -> ext=0x2c8 lui=0x2000
PASS | Input: 0x713 ImmSrc: 1 -> ext=0x713 lui=0x4c00
PASS | Input: 0xd48 ImmSrc: 1 -> ext=0xfd48 lui=0x2000
PASS | Input: 0xdf9 ImmSrc: 1 -> ext=0xfdf9 lui=0xe400
PASS | Input: 0x882 ImmSrc: 0 -> ext=0x2 lui=0x800
PASS | Input: 0x8a ImmSrc: 0 -> ext=0xa lui=0x2800
PASS | Input: 0x319 ImmSrc: 1 -> ext=0x319 lui=0x6400
PASS | Input: 0x490 ImmSrc: 0 -> ext=0x10 lui=0x4000
PASS | Input: 0x898 ImmSrc: 0 -> ext=0x18 lui=0x6000
PASS | Input: 0xbe ImmSrc: 1 -> ext=0xbe lui=0xf800
PASS | Input: 0x5bf ImmSrc: 1 -> ext=0x5bf lui=0xfc00
PASS | Input: 0x70 ImmSrc: 1 -> ext=0x70 lui=0xc000
PASS | Input: 0x5b6 ImmSrc: 1 -> ext=0x5b6 lui=0xd800
PASS | Input: 0xa8 ImmSrc: 1 -> ext=0xa8 lui=0xa000
PASS | Input: 0x322 ImmSrc: 1 -> ext=0x322 lui=0x8800
PASS | Input: 0xf09 ImmSrc: 1 -> ext=0xff09 lui=0x2400
PASS | Input: 0xbc3 ImmSrc: 1 -> ext=0xfbc3 lui=0xc00
PASS | Input: 0x53d ImmSrc: 1 -> ext=0x53d lui=0xf400
PASS | Input: 0xab2 ImmSrc: 1 -> ext=0xfab2 lui=0xc800
PASS | Input: 0x8e ImmSrc: 1 -> ext=0x8e lui=0x3800
PASS | Input: 0xccd ImmSrc: 1 -> ext=0xfccd lui=0x3400
PASS | Input: 0xd13 ImmSrc: 0 -> ext=0x13 lui=0x4c00
PASS | Input: 0xc7c ImmSrc: 1 -> ext=0xfc7c lui=0xf000
PASS | Input: 0x547 ImmSrc: 1 -> ext=0x547 lui=0x1c00
PASS | Input: 0x950 ImmSrc: 1 -> ext=0xf950 lui=0x4000
PASS | Input: 0x660 ImmSrc: 0 -> ext=0xffe0 lui=0x8000
PASS | Input: 0xba8 ImmSrc: 0 -> ext=0xffe8 lui=0xa000
PASS | Input: 0xd43 ImmSrc: 0 -> ext=0x3 lui=0xc00
PASS | Input: 0xfe7 ImmSrc: 1 -> ext=0xffe7 lui=0x9c00
PASS | Input: 0x362 ImmSrc: 1 -> ext=0x362 lui=0x8800
PASS | Input: 0x255 ImmSrc: 0 -> ext=0x15 lui=0x5400
PASS | Input: 0x66d ImmSrc: 1 -> ext=0x66d lui=0xb400
PASS | Input: 0x251 ImmSrc: 0 -> ext=0x11 lui=0x4400
PASS | Input: 0x31e ImmSrc: 1 -> ext=0x31e lui=0x7800
PASS | Input: 0x6d1 ImmSrc: 1 -> ext=0x6d1 lui=0x4400
PASS | Input: 0x4ff ImmSrc: 1 -> ext=0x4ff lui=0xfc00
PASS | Input: 0xfe2 ImmSrc: 1 -> ext=0xffe2 lui=0x8800
PASS | Input: 0x685 ImmSrc: 1 -> ext=0x685 lui=0x1400
PASS | Input: 0x634 ImmSrc: 0 -> ext=0xfff4 lui=0xd000
PASS | Input: 0x453 ImmSrc: 1 -> ext=0x453 lui=0x4c00
PASS | Input: 0x748 ImmSrc: 1 -> ext=0x748 lui=0x2000
PASS | Input: 0xdf8 ImmSrc: 0 -> ext=0xfff8 lui=0xe000
PASS | Input: 0x5e ImmSrc: 0 -> ext=0x1e lui=0x7800
PASS | Input: 0x816 ImmSrc: 1 -> ext=0xf816 lui=0x5800
PASS | Input: 0xbba ImmSrc: 0 -> ext=0xfffa lui=0xe800
PASS | Input: 0x527 ImmSrc: 0 -> ext=0xffe7 lui=0x9c00
PASS | Input: 0x551 ImmSrc: 1 -> ext=0x551 lui=0x4400
PASS | Input: 0xfde ImmSrc: 1 -> ext=0xffde lui=0x7800
PASS | Input: 0x982 ImmSrc: 1 -> ext=0xf982 lui=0x800
PASS | Input: 0x359 ImmSrc: 0 -> ext=0x19 lui=0x6400
PASS | Input: 0x5e9 ImmSrc: 1 -> ext=0x5e9 lui=0xa400
PASS | Input: 0x91a ImmSrc: 1 -> ext=0xf91a lui=0x6800
PASS | Input: 0x3e7 ImmSrc: 0 -> ext=0xffe7 lui=0x9c00
PASS | Input: 0xa ImmSrc: 1 -> ext=0xa lui=0x2800
PASS | Input: 0xffb ImmSrc: 0 -> ext=0xfffb lui=0xec00
PASS | Input: 0x567 ImmSrc: 1 -> ext=0x567 lui=0x9c00
PASS | Input: 0x67b ImmSrc: 0 -> ext=0xfffb lui=0xec00
PASS | Input: 0x3f4 ImmSrc: 0 -> ext=0xfff4 lui=0xd000
PASS | Input: 0x5cf ImmSrc: 1 -> ext=0x5cf lui=0x3c00
PASS | Input: 0x542 ImmSrc: 1 -> ext=0x542 lui=0x800
PASS | Input: 0x7c1 ImmSrc: 0 -> ext=0x1 lui=0x400
PASS | Input: 0x86c ImmSrc: 0 -> ext=0xffec lui=0xb000
PASS | Input: 0x6f8 ImmSrc: 0 -> ext=0xfff8 lui=0xe000
PASS | Input: 0x71a ImmSrc: 0 -> ext=0x1a lui=0x6800
PASS | Input: 0x13c ImmSrc: 1 -> ext=0x13c lui=0xf000
PASS | Input: 0x128 ImmSrc: 1 -> ext=0x128 lui=0xa000
PASS | Input: 0x293 ImmSrc: 1 -> ext=0x293 lui=0x4c00
PASS | Input: 0xcc5 ImmSrc: 0 -> ext=0x5 lui=0x1400
PASS | Input: 0x6da ImmSrc: 0 -> ext=0x1a lui=0x6800
PASS | Input: 0xa63 ImmSrc: 0 -> ext=0xffe3 lui=0x8c00
PASS | Input: 0x8e2 ImmSrc: 1 -> ext=0xf8e2 lui=0x8800
PASS | Input: 0x752 ImmSrc: 1 -> ext=0x752 lui=0x4800
PASS | Input: 0x7bc ImmSrc: 0 -> ext=0xfffc lui=0xf000
PASS | Input: 0x95c ImmSrc: 1 -> ext=0xf95c lui=0x7000
PASS | Input: 0xa40 ImmSrc: 0 -> ext=0x0 lui=0x0
PASS | Input: 0x13b ImmSrc: 1 -> ext=0x13b lui=0xec00
PASS | Input: 0x65 ImmSrc: 1 -> ext=0x65 lui=0x9400
PASS | Input: 0xb3e ImmSrc: 1 -> ext=0xfb3e lui=0xf800
PASS | Input: 0x788 ImmSrc: 0 -> ext=0x8 lui=0x2000
PASS | Input: 0xfb ImmSrc: 1 -> ext=0xfb lui=0xec00
PASS | Input: 0x840 ImmSrc: 1 -> ext=0xf840 lui=0x0
PASS | Input: 0xe60 ImmSrc: 1 -> ext=0xfe60 lui=0x8000
PASS | Input: 0xfc4 ImmSrc: 1 -> ext=0xffc4 lui=0x1000
PASS | Input: 0x1fe ImmSrc: 0 -> ext=0xfffe lui=0xf800
PASS | Input: 0x890 ImmSrc: 0 -> ext=0x10 lui=0x4000
PASS | Input: 0x5e8 ImmSrc: 1 -> ext=0x5e8 lui=0xa000
PASS | Input: 0x350 ImmSrc: 0 -> ext=0x10 lui=0x4000
PASS | Input: 0x7f5 ImmSrc: 1 -> ext=0x7f5 lui=0xd400
PASS | Input: 0x4b8 ImmSrc: 1 -> ext=0x4b8 lui=0xe000
PASS | Input: 0xfce ImmSrc: 1 -> ext=0xffce lui=0x3800
PASS | Input: 0x52 ImmSrc: 1 -> ext=0x52 lui=0x4800
PASS | Input: 0xe8a ImmSrc: 1 -> ext=0xfe8a lui=0x2800
PASS | Input: 0xde8 ImmSrc: 1 -> ext=0xfde8 lui=0xa000
PASS | Input: 0xd42 ImmSrc: 0 -> ext=0x2 lui=0x800
PASS | Input: 0x896 ImmSrc: 0 -> ext=0x16 lui=0x5800
PASS | Input: 0x971 ImmSrc: 1 -> ext=0xf971 lui=0xc400
PASS | Input: 0xe25 ImmSrc: 1 -> ext=0xfe25 lui=0x9400
PASS | Input: 0xd6b ImmSrc: 0 -> ext=0xffeb lui=0xac00
PASS | Input: 0xcc5 ImmSrc: 0 -> ext=0x5 lui=0x1400
PASS | Input: 0x6dc ImmSrc: 1 -> ext=0x6dc lui=0x7000
PASS | Input: 0xcb7 ImmSrc: 0 -> ext=0xfff7 lui=0xdc00
PASS | Input: 0x8b ImmSrc: 1 -> ext=0x8b lui=0x2c00
PASS | Input: 0xb08 ImmSrc: 0 -> ext=0x8 lui=0x2000
PASS | Input: 0x64f ImmSrc: 1 -> ext=0x64f lui=0x3c00
PASS | Input: 0x5f2 ImmSrc: 1 -> ext=0x5f2 lui=0xc800
PASS | Input: 0x783 ImmSrc: 1 -> ext=0x783 lui=0xc00
PASS | Input: 0x4fb ImmSrc: 1 -> ext=0x4fb lui=0xec00
PASS | Input: 0xbd2 ImmSrc: 0 -> ext=0x12 lui=0x4800
PASS | Input: 0x864 ImmSrc: 0 -> ext=0xffe4 lui=0x9000
PASS | Input: 0xfb6 ImmSrc: 1 -> ext=0xffb6 lui=0xd800
PASS | Input: 0xb0d ImmSrc: 0 -> ext=0xd lui=0x3400
PASS | Input: 0x183 ImmSrc: 0 -> ext=0x3 lui=0xc00
PASS | Input: 0x75b ImmSrc: 1 -> ext=0x75b lui=0x6c00
PASS | Input: 0xb4c ImmSrc: 0 -> ext=0xc lui=0x3000
PASS | Input: 0xb39 ImmSrc: 0 -> ext=0xfff9 lui=0xe400
PASS | Input: 0xb8c ImmSrc: 0 -> ext=0xc lui=0x3000
PASS | Input: 0xd5 ImmSrc: 0 -> ext=0x15 lui=0x5400
PASS | Input: 0xbd5 ImmSrc: 0 -> ext=0x15 lui=0x5400
PASS | Input: 0x521 ImmSrc: 1 -> ext=0x521 lui=0x8400
PASS | Input: 0x672 ImmSrc: 0 -> ext=0xfff2 lui=0xc800
PASS | Input: 0x4c6 ImmSrc: 1 -> ext=0x4c6 lui=0x1800
PASS | Input: 0xd48 ImmSrc: 0 -> ext=0x8 lui=0x2000
PASS | Input: 0xb89 ImmSrc: 1 -> ext=0xfb89 lui=0x2400
PASS | Input: 0x7cc ImmSrc: 1 -> ext=0x7cc lui=0x3000
PASS | Input: 0x5cb ImmSrc: 0 -> ext=0xb lui=0x2c00
PASS | Input: 0x16f ImmSrc: 0 -> ext=0xffef lui=0xbc00
PASS | Input: 0xb34 ImmSrc: 0 -> ext=0xfff4 lui=0xd000
PASS | Input: 0x952 ImmSrc: 1 -> ext=0xf952 lui=0x4800
PASS | Input: 0xf2a ImmSrc: 0 -> ext=0xffea lui=0xa800
PASS | Input: 0x9a0 ImmSrc: 0 -> ext=0xffe0 lui=0x8000
PASS | Input: 0x71b ImmSrc: 1 -> ext=0x71b lui=0x6c00
PASS | Input: 0xe55 ImmSrc: 0 -> ext=0x15 lui=0x5400
PASS | Input: 0x247 ImmSrc: 1 -> ext=0x247 lui=0x1c00
PASS | Input: 0x4e7 ImmSrc: 1 -> ext=0x4e7 lui=0x9c00
PASS | Input: 0xe0d ImmSrc: 0 -> ext=0xd lui=0x3400
PASS | Input: 0x78b ImmSrc: 0 -> ext=0xb lui=0x2c00
PASS | Input: 0x568 ImmSrc: 1 -> ext=0x568 lui=0xa000
PASS | Input: 0x286 ImmSrc: 0 -> ext=0x6 lui=0x1800
PASS | Input: 0x1a4 ImmSrc: 1 -> ext=0x1a4 lui=0x9000
PASS | Input: 0x34b ImmSrc: 1 -> ext=0x34b lui=0x2c00
PASS | Input: 0xfe6 ImmSrc: 0 -> ext=0xffe6 lui=0x9800
PASS | Input: 0x4d9 ImmSrc: 1 -> ext=0x4d9 lui=0x6400
PASS | Input: 0xca6 ImmSrc: 0 -> ext=0xffe6 lui=0x9800
PASS | Input: 0x17 ImmSrc: 1 -> ext=0x17 lui=0x5c00
PASS | Input: 0x5b1 ImmSrc: 0 -> ext=0xfff1 lui=0xc400
PASS | Input: 0x898 ImmSrc: 1 -> ext=0xf898 lui=0x6000
PASS | Input: 0x4be ImmSrc: 1 -> ext=0x4be lui=0xf800
PASS | Input: 0x395 ImmSrc: 0 -> ext=0x15 lui=0x5400
PASS | Input: 0x643 ImmSrc: 1 -> ext=0x643 lui=0xc00
PASS | Input: 0xe7a ImmSrc: 1 -> ext=0xfe7a lui=0xe800
PASS | Input: 0x793 ImmSrc: 1 -> ext=0x793 lui=0x4c00
PASS | Input: 0x9df ImmSrc: 0 -> ext=0x1f lui=0x7c00
PASS | Input: 0x2e3 ImmSrc: 1 -> ext=0x2e3 lui=0x8c00
PASS | Input: 0x93b ImmSrc: 1 -> ext=0xf93b lui=0xec00
PASS | Input: 0x549 ImmSrc: 0 -> ext=0x9 lui=0x2400
PASS | Input: 0xf39 ImmSrc: 0 -> ext=0xfff9 lui=0xe400
PASS | Input: 0xa56 ImmSrc: 0 -> ext=0x16 lui=0x5800
PASS | Input: 0x7fa ImmSrc: 1 -> ext=0x7fa lui=0xe800
PASS | Input: 0xe59 ImmSrc: 1 -> ext=0xfe59 lui=0x6400
PASS | Input: 0xa21 ImmSrc: 1 -> ext=0xfa21 lui=0x8400
PASS | Input: 0xde8 ImmSrc: 1 -> ext=0xfde8 lui=0xa000
PASS | Input: 0x700 ImmSrc: 1 -> ext=0x700 lui=0x0
PASS | Input: 0x2cb ImmSrc: 0 -> ext=0xb lui=0x2c00
PASS | Input: 0x7c2 ImmSrc: 0 -> ext=0x2 lui=0x800
PASS | Input: 0xbd6 ImmSrc: 0 -> ext=0x16 lui=0x5800
PASS | Input: 0x8e1 ImmSrc: 1 -> ext=0xf8e1 lui=0x8400
PASS | Input: 0xd5 ImmSrc: 1 -> ext=0xd5 lui=0x5400
PASS | Input: 0x8c9 ImmSrc: 0 -> ext=0x9 lui=0x2400
PASS | Input: 0x31a ImmSrc: 1 -> ext=0x31a lui=0x6800
PASS | Input: 0xfff ImmSrc: 0 -> ext=0xffff lui=0xfc00
PASS | Input: 0xad0 ImmSrc: 0 -> ext=0x10 lui=0x4000
PASS | Input: 0xc99 ImmSrc: 0 -> ext=0x19 lui=0x6400
PASS | Input: 0x696 ImmSrc: 0 -> ext=0x16 lui=0x5800
PASS | Input: 0x870 ImmSrc: 1 -> ext=0xf870 lui=0xc000
PASS | Input: 0xe98 ImmSrc: 0 -> ext=0x18 lui=0x6000
PASS | Input: 0x2d8 ImmSrc: 1 -> ext=0x2d8 lui=0x6000
PASS | Input: 0x59f ImmSrc: 1 -> ext=0x59f lui=0x7c00
PASS | Input: 0x43b ImmSrc: 1 -> ext=0x43b lui=0xec00
PASS | Input: 0xe47 ImmSrc: 0 -> ext=0x7 lui=0x1c00
PASS | Input: 0xd6a ImmSrc: 0 -> ext=0xffea lui=0xa800
PASS | Input: 0xde7 ImmSrc: 1 -> ext=0xfde7 lui=0x9c00
PASS | Input: 0x403 ImmSrc: 0 -> ext=0x3 lui=0xc00
PASS | Input: 0xa4b ImmSrc: 0 -> ext=0xb lui=0x2c00
PASS | Input: 0x8be ImmSrc: 0 -> ext=0xfffe lui=0xf800
PASS | Input: 0x2cb ImmSrc: 1 -> ext=0x2cb lui=0x2c00
PASS | Input: 0x601 ImmSrc: 1 -> ext=0x601 lui=0x400
PASS | Input: 0xe7 ImmSrc: 0 -> ext=0xffe7 lui=0x9c00
PASS | Input: 0x884 ImmSrc: 0 -> ext=0x4 lui=0x1000
PASS | Input: 0x1f8 ImmSrc: 1 -> ext=0x1f8 lui=0xe000
PASS | Input: 0xb6e ImmSrc: 0 -> ext=0xffee lui=0xb800
PASS | Input: 0x10a ImmSrc: 1 -> ext=0x10a lui=0x2800
PASS | Input: 0xabd ImmSrc: 0 -> ext=0xfffd lui=0xf400
PASS | Input: 0xb7e ImmSrc: 0 -> ext=0xfffe lui=0xf800
PASS | Input: 0x245 ImmSrc: 1 -> ext=0x245 lui=0x1400
PASS | Input: 0xc8b ImmSrc: 0 -> ext=0xb lui=0x2c00
PASS | Input: 0x134 ImmSrc: 0 -> ext=0xfff4 lui=0xd000
PASS | Input: 0x134 ImmSrc: 1 -> ext=0x134 lui=0xd000
PASS | Input: 0xf62 ImmSrc: 1 -> ext=0xff62 lui=0x8800
PASS | Input: 0x3c6 ImmSrc: 0 -> ext=0x6 lui=0x1800
PASS | Input: 0x94a ImmSrc: 1 -> ext=0xf94a lui=0x2800
PASS | Input: 0x187 ImmSrc: 1 -> ext=0x187 lui=0x1c00
PASS | Input: 0xd08 ImmSrc: 1 -> ext=0xfd08 lui=0x2000
PASS | Input: 0x495 ImmSrc: 0 -> ext=0x15 lui=0x5400
PASS | Input: 0x42c ImmSrc: 0 -> ext=0xffec lui=0xb000
PASS | Input: 0xda4 ImmSrc: 0 -> ext=0xffe4 lui=0x9000
PASS | Input: 0xdc4 ImmSrc: 1 -> ext=0xfdc4 lui=0x1000
PASS | Input: 0x2a9 ImmSrc: 0 -> ext=0xffe9 lui=0xa400
PASS | Input: 0x368 ImmSrc: 0 -> ext=0xffe8 lui=0xa000
PASS | Input: 0x303 ImmSrc: 0 -> ext=0x3 lui=0xc00
PASS | Input: 0x1b1 ImmSrc: 0 -> ext=0xfff1 lui=0xc400
PASS | Input: 0xb4a ImmSrc: 0 -> ext=0xa lui=0x2800
PASS | Input: 0x5de ImmSrc: 1 -> ext=0x5de lui=0x7800
PASS | Input: 0x451 ImmSrc: 1 -> ext=0x451 lui=0x4400
PASS | Input: 0x817 ImmSrc: 0 -> ext=0x17 lui=0x5c00
PASS | Input: 0xc6f ImmSrc: 1 -> ext=0xfc6f lui=0xbc00
PASS | Input: 0x910 ImmSrc: 0 -> ext=0x10 lui=0x4000
PASS | Input: 0x1bb ImmSrc: 0 -> ext=0xfffb lui=0xec00
PASS | Input: 0x373 ImmSrc: 0 -> ext=0xfff3 lui=0xcc00
PASS | Input: 0xb38 ImmSrc: 1 -> ext=0xfb38 lui=0xe000
PASS | Input: 0xdc ImmSrc: 0 -> ext=0x1c lui=0x7000
PASS | Input: 0x89d ImmSrc: 1 -> ext=0xf89d lui=0x7400
PASS | Input: 0x1d5 ImmSrc: 1 -> ext=0x1d5 lui=0x5400
PASS | Input: 0x5cc ImmSrc: 1 -> ext=0x5cc lui=0x3000
PASS | Input: 0xb8a ImmSrc: 0 -> ext=0xa lui=0x2800
PASS | Input: 0xa87 ImmSrc: 0 -> ext=0x7 lui=0x1c00
PASS | Input: 0x1a9 ImmSrc: 1 -> ext=0x1a9 lui=0xa400
PASS | Input: 0x690 ImmSrc: 0 -> ext=0x10 lui=0x4000
PASS | Input: 0x83d ImmSrc: 1 -> ext=0xf83d lui=0xf400
PASS | Input: 0x7ac ImmSrc: 0 -> ext=0xffec lui=0xb000
PASS | Input: 0x2d3 ImmSrc: 1 -> ext=0x2d3 lui=0x4c00
PASS | Input: 0x6c7 ImmSrc: 0 -> ext=0x7 lui=0x1c00
PASS | Input: 0x9ce ImmSrc: 0 -> ext=0xe lui=0x3800
PASS | Input: 0xac ImmSrc: 1 -> ext=0xac lui=0xb000
PASS | Input: 0x839 ImmSrc: 0 -> ext=0xfff9 lui=0xe400
PASS | Input: 0x88 ImmSrc: 1 -> ext=0x88 lui=0x2000
PASS | Input: 0xdf7 ImmSrc: 0 -> ext=0xfff7 lui=0xdc00
PASS | Input: 0x3bd ImmSrc: 0 -> ext=0xfffd lui=0xf400
PASS | Input: 0x39f ImmSrc: 1 -> ext=0x39f lui=0x7c00
PASS | Input: 0x41e ImmSrc: 0 -> ext=0x1e lui=0x7800
PASS | Input: 0x4e9 ImmSrc: 0 -> ext=0xffe9 lui=0xa400
PASS | Input: 0x13a ImmSrc: 1 -> ext=0x13a lui=0xe800
PASS | Input: 0xff1 ImmSrc: 1 -> ext=0xfff1 lui=0xc400
PASS | Input: 0x4be ImmSrc: 0 -> ext=0xfffe lui=0xf800
PASS | Input: 0xd41 ImmSrc: 0 -> ext=0x1 lui=0x400
PASS | Input: 0xb8c ImmSrc: 1 -> ext=0xfb8c lui=0x3000
PASS | Input: 0xde1 ImmSrc: 1 -> ext=0xfde1 lui=0x8400
PASS | Input: 0xa5 ImmSrc: 1 -> ext=0xa5 lui=0x9400
PASS | Input: 0xa57 ImmSrc: 1 -> ext=0xfa57 lui=0x5c00
PASS | Input: 0xe73 ImmSrc: 0 -> ext=0xfff3 lui=0xcc00
PASS | Input: 0xeea ImmSrc: 1 -> ext=0xfeea lui=0xa800
PASS | Input: 0x493 ImmSrc: 0 -> ext=0x13 lui=0x4c00
PASS | Input: 0x8f5 ImmSrc: 0 -> ext=0xfff5 lui=0xd400
PASS | Input: 0xfb4 ImmSrc: 0 -> ext=0xfff4 lui=0xd000
PASS | Input: 0x4b8 ImmSrc: 1 -> ext=0x4b8 lui=0xe000
PASS | Input: 0x6a4 ImmSrc: 0 -> ext=0xffe4 lui=0x9000
PASS | Input: 0xc67 ImmSrc: 0 -> ext=0xffe7 lui=0x9c00
PASS | Input: 0x923 ImmSrc: 1 -> ext=0xf923 lui=0x8c00
PASS | Input: 0xce5 ImmSrc: 1 -> ext=0xfce5 lui=0x9400
PASS | Input: 0x28f ImmSrc: 1 -> ext=0x28f lui=0x3c00
PASS | Input: 0x3ef ImmSrc: 1 -> ext=0x3ef lui=0xbc00
PASS | Input: 0xe0d ImmSrc: 1 -> ext=0xfe0d lui=0x3400
PASS | Input: 0x71f ImmSrc: 1 -> ext=0x71f lui=0x7c00
PASS | Input: 0x93b ImmSrc: 0 -> ext=0xfffb lui=0xec00
PASS | Input: 0xa98 ImmSrc: 0 -> ext=0x18 lui=0x6000
PASS | Input: 0xe05 ImmSrc: 1 -> ext=0xfe05 lui=0x1400
PASS | Input: 0x7ad ImmSrc: 0 -> ext=0xffed lui=0xb400
PASS | Input: 0xbbf ImmSrc: 1 -> ext=0xfbbf lui=0xfc00
PASS | Input: 0x76a ImmSrc: 0 -> ext=0xffea lui=0xa800
PASS | Input: 0xb0d ImmSrc: 0 -> ext=0xd lui=0x3400
PASS | Input: 0x64b ImmSrc: 0 -> ext=0xb lui=0x2c00
PASS | Input: 0x9bc ImmSrc: 0 -> ext=0xfffc lui=0xf000
PASS | Input: 0x5fc ImmSrc: 1 -> ext=0x5fc lui=0xf000
PASS | Input: 0x122 ImmSrc: 1 -> ext=0x122 lui=0x8800
PASS | Input: 0xb77 ImmSrc: 1 -> ext=0xfb77 lui=0xdc00
PASS | Input: 0x116 ImmSrc: 1 -> ext=0x116 lui=0x5800
PASS | Input: 0x765 ImmSrc: 0 -> ext=0xffe5 lui=0x9400
PASS | Input: 0x326 ImmSrc: 0 -> ext=0xffe6 lui=0x9800
PASS | Input: 0x209 ImmSrc: 1 -> ext=0x209 lui=0x2400
PASS | Input: 0x311 ImmSrc: 1 -> ext=0x311 lui=0x4400
PASS | Input: 0xb95 ImmSrc: 1 -> ext=0xfb95 lui=0x5400
PASS | Input: 0xf2e ImmSrc: 0 -> ext=0xffee lui=0xb800
PASS | Input: 0xd41 ImmSrc: 0 -> ext=0x1 lui=0x400
PASS | Input: 0xcc ImmSrc: 1 -> ext=0xcc lui=0x3000
PASS | Input: 0x300 ImmSrc: 0 -> ext=0x0 lui=0x0
PASS | Input: 0x429 ImmSrc: 0 -> ext=0xffe9 lui=0xa400
PASS | Input: 0x920 ImmSrc: 0 -> ext=0xffe0 lui=0x8000
PASS | Input: 0x91a ImmSrc: 1 -> ext=0xf91a lui=0x6800
PASS | Input: 0xcb7 ImmSrc: 0 -> ext=0xfff7 lui=0xdc00
PASS | Input: 0x8ee ImmSrc: 0 -> ext=0xffee lui=0xb800
PASS | Input: 0x932 ImmSrc: 0 -> ext=0xfff2 lui=0xc800
PASS | Input: 0xdbe ImmSrc: 1 -> ext=0xfdbe lui=0xf800
PASS | Input: 0xada ImmSrc: 0 -> ext=0x1a lui=0x6800
PASS | Input: 0x4a5 ImmSrc: 1 -> ext=0x4a5 lui=0x9400
PASS | Input: 0xdaf ImmSrc: 0 -> ext=0xffef lui=0xbc00
PASS | Input: 0xc09 ImmSrc: 0 -> ext=0x9 lui=0x2400
PASS | Input: 0xb69 ImmSrc: 1 -> ext=0xfb69 lui=0xa400
PASS | Input: 0xc92 ImmSrc: 0 -> ext=0x12 lui=0x4800
PASS | Input: 0x2fd ImmSrc: 1 -> ext=0x2fd lui=0xf400
PASS | Input: 0x6d0 ImmSrc: 0 -> ext=0x10 lui=0x4000
PASS | Input: 0xf78 ImmSrc: 0 -> ext=0xfff8 lui=0xe000
PASS | Input: 0x143 ImmSrc: 1 -> ext=0x143 lui=0xc00
PASS | Input: 0xb92 ImmSrc: 1 -> ext=0xfb92 lui=0x4800
PASS | Input: 0xbca ImmSrc: 1 -> ext=0xfbca lui=0x2800
PASS | Input: 0x4c2 ImmSrc: 0 -> ext=0x2 lui=0x800
PASS | Input: 0xf18 ImmSrc: 1 -> ext=0xff18 lui=0x6000
PASS | Input: 0x83a ImmSrc: 1 -> ext=0xf83a lui=0xe800
PASS | Input: 0xa4a ImmSrc: 0 -> ext=0xa lui=0x2800
PASS | Input: 0xf9c ImmSrc: 1 -> ext=0xff9c lui=0x7000
PASS | Input: 0x82e ImmSrc: 1 -> ext=0xf82e lui=0xb800
PASS | Input: 0x6ba ImmSrc: 1 -> ext=0x6ba lui=0xe800
PASS | Input: 0x55b ImmSrc: 1 -> ext=0x55b lui=0x6c00
PASS | Input: 0xb4a ImmSrc: 1 -> ext=0xfb4a lui=0x2800
PASS | Input: 0xdab ImmSrc: 1 -> ext=0xfdab lui=0xac00
PASS | Input: 0x8d0 ImmSrc: 0 -> ext=0x10 lui=0x4000
PASS | Input: 0xb39 ImmSrc: 0 -> ext=0xfff9 lui=0xe400
PASS | Input: 0xaad ImmSrc: 0 -> ext=0xffed lui=0xb400
PASS | Input: 0xc6b ImmSrc: 1 -> ext=0xfc6b lui=0xac00
PASS | Input: 0xf96 ImmSrc: 0 -> ext=0x16 lui=0x5800
PASS | Input: 0xc31 ImmSrc: 1 -> ext=0xfc31 lui=0xc400
PASS | Input: 0xd5c ImmSrc: 0 -> ext=0x1c lui=0x7000
PASS | Input: 0x706 ImmSrc: 0 -> ext=0x6 lui=0x1800
PASS | Input: 0x74b ImmSrc: 0 -> ext=0xb lui=0x2c00
PASS | Input: 0x8d3 ImmSrc: 0 -> ext=0x13 lui=0x4c00
PASS | Input: 0x311 ImmSrc: 1 -> ext=0x311 lui=0x4400
PASS | Input: 0xd3f ImmSrc: 1 -> ext=0xfd3f lui=0xfc00
PASS | Input: 0x16c ImmSrc: 1 -> ext=0x16c lui=0xb000
PASS | Input: 0xf96 ImmSrc: 1 -> ext=0xff96 lui=0x5800
PASS | Input: 0xd83 ImmSrc: 0 -> ext=0x3 lui=0xc00
PASS | Input: 0xccf ImmSrc: 1 -> ext=0xfccf lui=0x3c00
PASS | Input: 0xf42 ImmSrc: 1 -> ext=0xff42 lui=0x800
PASS | Input: 0x1cf ImmSrc: 1 -> ext=0x1cf lui=0x3c00
PASS | Input: 0x691 ImmSrc: 1 -> ext=0x691 lui=0x4400
PASS | Input: 0x78c ImmSrc: 0 -> ext=0xc lui=0x3000
PASS | Input: 0xbb ImmSrc: 1 -> ext=0xbb lui=0xec00
PASS | Input: 0xc0c ImmSrc: 0 -> ext=0xc lui=0x3000
PASS | Input: 0x6dd ImmSrc: 0 -> ext=0x1d lui=0x7400
PASS | Input: 0xef9 ImmSrc: 0 -> ext=0xfff9 lui=0xe400
PASS | Input: 0x5b6 ImmSrc: 1 -> ext=0x5b6 lui=0xd800
PASS | Input: 0x5cd ImmSrc: 1 -> ext=0x5cd lui=0x3400
PASS | Input: 0x6b7 ImmSrc: 0 -> ext=0xfff7 lui=0xdc00
PASS | Input: 0xf2f ImmSrc: 1 -> ext=0xff2f lui=0xbc00
PASS | Input: 0xb9e ImmSrc: 0 -> ext=0x1e lui=0x7800
PASS | Input: 0x8a6 ImmSrc: 1 -> ext=0xf8a6 lui=0x9800
PASS | Input: 0xd78 ImmSrc: 1 -> ext=0xfd78 lui=0xe000
PASS | Input: 0xb27 ImmSrc: 0 -> ext=0xffe7 lui=0x9c00
PASS | Input: 0x571 ImmSrc: 0 -> ext=0xfff1 lui=0xc400
PASS | Input: 0x6b0 ImmSrc: 1 -> ext=0x6b0 lui=0xc000
PASS | Input: 0x52f ImmSrc: 0 -> ext=0xffef lui=0xbc00
PASS | Input: 0x267 ImmSrc: 0 -> ext=0xffe7 lui=0x9c00
PASS | Input: 0x226 ImmSrc: 1 -> ext=0x226 lui=0x9800
PASS | Input: 0xe6f ImmSrc: 0 -> ext=0xffef lui=0xbc00
PASS | Input: 0xeb6 ImmSrc: 0 -> ext=0xfff6 lui=0xd800
PASS | Input: 0x409 ImmSrc: 0 -> ext=0x9 lui=0x2400
PASS | Input: 0x368 ImmSrc: 1 -> ext=0x368 lui=0xa000
PASS | Input: 0x203 ImmSrc: 0 -> ext=0x3 lui=0xc00
PASS | Input: 0xc25 ImmSrc: 1 -> ext=0xfc25 lui=0x9400
PASS | Input: 0x32b ImmSrc: 0 -> ext=0xffeb lui=0xac00
PASS | Input: 0x6c0 ImmSrc: 0 -> ext=0x0 lui=0x0
PASS | Input: 0x1c9 ImmSrc: 1 -> ext=0x1c9 lui=0x2400
PASS | Input: 0xda6 ImmSrc: 0 -> ext=0xffe6 lui=0x9800
PASS | Input: 0xab9 ImmSrc: 1 -> ext=0xfab9 lui=0xe400
PASS | Input: 0xd16 ImmSrc: 1 -> ext=0xfd16 lui=0x5800
PASS | Input: 0xa53 ImmSrc: 0 -> ext=0x13 lui=0x4c00
PASS | Input: 0xa8 ImmSrc: 1 -> ext=0xa8 lui=0xa000
PASS | Input: 0xe95 ImmSrc: 1 -> ext=0xfe95 lui=0x5400
PASS | Input: 0x492 ImmSrc: 1 -> ext=0x492 lui=0x4800
PASS | Input: 0x1c8 ImmSrc: 0 -> ext=0x8 lui=0x2000
PASS | Input: 0x76e ImmSrc: 0 -> ext=0xffee lui=0xb800
PASS | Input: 0xc24 ImmSrc: 0 -> ext=0xffe4 lui=0x9000
PASS | Input: 0xe3 ImmSrc: 0 -> ext=0xffe3 lui=0x8c00
PASS | Input: 0x97 ImmSrc: 1 -> ext=0x97 lui=0x5c00
PASS | Input: 0x108 ImmSrc: 1 -> ext=0x108 lui=0x2000
PASS | Input: 0x639 ImmSrc: 0 -> ext=0xfff9 lui=0xe400
PASS | Input: 0x1dc ImmSrc: 1 -> ext=0x1dc lui=0x7000
PASS | Input: 0xb98 ImmSrc: 1 -> ext=0xfb98 lui=0x6000
PASS | Input: 0xda2 ImmSrc: 0 -> ext=0xffe2 lui=0x8800
PASS | Input: 0xa60 ImmSrc: 0 -> ext=0xffe0 lui=0x8000
PASS | Input: 0x27e ImmSrc: 1 -> ext=0x27e lui=0xf800
PASS | Input: 0x187 ImmSrc: 1 -> ext=0x187 lui=0x1c00
PASS | Input: 0xd37 ImmSrc: 0 -> ext=0xfff7 lui=0xdc00
PASS | Input: 0xb89 ImmSrc: 1 -> ext=0xfb89 lui=0x2400
PASS | Input: 0x657 ImmSrc: 1 -> ext=0x657 lui=0x5c00
PASS | Input: 0x1da ImmSrc: 0 -> ext=0x1a lui=0x6800
PASS | Input: 0xea7 ImmSrc: 1 -> ext=0xfea7 lui=0x9c00
PASS | Input: 0x413 ImmSrc: 0 -> ext=0x13 lui=0x4c00
PASS | Input: 0xf43 ImmSrc: 0 -> ext=0x3 lui=0xc00
PASS | Input: 0xd03 ImmSrc: 0 -> ext=0x3 lui=0xc00
PASS | Input: 0x527 ImmSrc: 0 -> ext=0xffe7 lui=0x9c00
PASS | Input: 0x936 ImmSrc: 0 -> ext=0xfff6 lui=0xd800
PASS | Input: 0xb94 ImmSrc: 1 -> ext=0xfb94 lui=0x5000
PASS | Input: 0x405 ImmSrc: 0 -> ext=0x5 lui=0x1400
PASS | Input: 0xc16 ImmSrc: 1 -> ext=0xfc16 lui=0x5800
PASS | Input: 0xbcf ImmSrc: 1 -> ext=0xfbcf lui=0x3c00
PASS | Input: 0x892 ImmSrc: 1 -> ext=0xf892 lui=0x4800
PASS | Input: 0x771 ImmSrc: 0 -> ext=0xfff1 lui=0xc400
PASS | Input: 0x92d ImmSrc: 0 -> ext=0xffed lui=0xb400
PASS | Input: 0x48c ImmSrc: 0 -> ext=0xc lui=0x3000
PASS | Input: 0xb60 ImmSrc: 0 -> ext=0xffe0 lui=0x8000
PASS | Input: 0x3c3 ImmSrc: 1 -> ext=0x3c3 lui=0xc00
PASS | Input: 0x718 ImmSrc: 1 -> ext=0x718 lui=0x6000
PASS | Input: 0xb75 ImmSrc: 0 -> ext=0xfff5 lui=0xd400
PASS | Input: 0xe3a ImmSrc: 1 -> ext=0xfe3a lui=0xe800
PASS | Input: 0xb1b ImmSrc: 0 -> ext=0x1b lui=0x6c00
PASS | Input: 0x860 ImmSrc: 0 -> ext=0xffe0 lui=0x8000
PASS | Input: 0xcd8 ImmSrc: 0 -> ext=0x18 lui=0x6000
PASS | Input: 0x420 ImmSrc: 1 -> ext=0x420 lui=0x8000
PASS | Input: 0xc57 ImmSrc: 0 -> ext=0x17 lui=0x5c00
PASS | Input: 0xec7 ImmSrc: 0 -> ext=0x7 lui=0x1c00
PASS | Input: 0x993 ImmSrc: 1 -> ext=0xf993 lui=0x4c00
PASS | Input: 0xed1 ImmSrc: 0 -> ext=0x11 lui=0x4400
PASS | Input: 0xb91 ImmSrc: 0 -> ext=0x11 lui=0x4400
PASS | Input: 0x4f6 ImmSrc: 0 -> ext=0xfff6 lui=0xd800
PASS | Input: 0xc1 ImmSrc: 1 -> ext=0xc1 lui=0x400
PASS | Input: 0xd33 ImmSrc: 1 -> ext=0xfd33 lui=0xcc00
PASS | Input: 0x5f8 ImmSrc: 1 -> ext=0x5f8 lui=0xe000
PASS | Input: 0x91 ImmSrc: 1 -> ext=0x91 lui=0x4400
PASS | Input: 0x2c3 ImmSrc: 1 -> ext=0x2c3 lui=0xc00
PASS | Input: 0xc15 ImmSrc: 0 -> ext=0x15 lui=0x5400
PASS | Input: 0x909 ImmSrc: 1 -> ext=0xf909 lui=0x2400
PASS | Input: 0xca9 ImmSrc: 1 -> ext=0xfca9 lui=0xa400
PASS | Input: 0x1ad ImmSrc: 0 -> ext=0xffed lui=0xb400
PASS | Input: 0xf51 ImmSrc: 1 -> ext=0xff51 lui=0x4400
PASS | Input: 0x731 ImmSrc: 0 -> ext=0xfff1 lui=0xc400
PASS | Input: 0xe92 ImmSrc: 0 -> ext=0x12 lui=0x4800
PASS | Input: 0x90e ImmSrc: 0 -> ext=0xe lui=0x3800
PASS | Input: 0x551 ImmSrc: 1 -> ext=0x551 lui=0x4400
PASS | Input: 0x1be ImmSrc: 1 -> ext=0x1be lui=0xf800
PASS | Input: 0x313 ImmSrc: 1 -> ext=0x313 lui=0x4c00
PASS | Input: 0xd1f ImmSrc: 1 -> ext=0xfd1f lui=0x7c00
PASS | Input: 0xeed ImmSrc: 0 -> ext=0xffed lui=0xb400
PASS | Input: 0x444 ImmSrc: 1 -> ext=0x444 lui=0x1000
PASS | Input: 0x9fa ImmSrc: 1 -> ext=0xf9fa lui=0xe800
PASS | Input: 0xb4b ImmSrc: 1 -> ext=0xfb4b lui=0x2c00
PASS | Input: 0xbb6 ImmSrc: 1 -> ext=0xfbb6 lui=0xd800
PASS | Input: 0x551 ImmSrc: 0 -> ext=0x11 lui=0x4400
PASS | Input: 0x210 ImmSrc: 1 -> ext=0x210 lui=0x4000
PASS | Input: 0x21a ImmSrc: 1 -> ext=0x21a lui=0x6800
PASS | Input: 0xa92 ImmSrc: 0 -> ext=0x12 lui=0x4800
PASS | Input: 0x89 ImmSrc: 1 -> ext=0x89 lui=0x2400
PASS | Input: 0xf6b ImmSrc: 0 -> ext=0xffeb lui=0xac00
PASS | Input: 0x87d ImmSrc: 1 -> ext=0xf87d lui=0xf400
PASS | Input: 0xcc2 ImmSrc: 0 -> ext=0x2 lui=0x800
PASS | Input: 0x626 ImmSrc: 0 -> ext=0xffe6 lui=0x9800
PASS | Input: 0xe1f ImmSrc: 0 -> ext=0x1f lui=0x7c00
PASS | Input: 0x67a ImmSrc: 0 -> ext=0xfffa lui=0xe800
PASS | Input: 0x144 ImmSrc: 1 -> ext=0x144 lui=0x1000
PASS | Input: 0x7cd ImmSrc: 1 -> ext=0x7cd lui=0x3400
PASS | Input: 0x155 ImmSrc: 1 -> ext=0x155 lui=0x5400
PASS | Input: 0x136 ImmSrc: 1 -> ext=0x136 lui=0xd800
PASS | Input: 0x899 ImmSrc: 0 -> ext=0x19 lui=0x6400
PASS | Input: 0x2cb ImmSrc: 0 -> ext=0xb lui=0x2c00
PASS | Input: 0x6bc ImmSrc: 0 -> ext=0xfffc lui=0xf000
PASS | Input: 0x65d ImmSrc: 0 -> ext=0x1d lui=0x7400
PASS | Input: 0x4e2 ImmSrc: 0 -> ext=0xffe2 lui=0x8800
PASS | Input: 0x9b2 ImmSrc: 0 -> ext=0xfff2 lui=0xc800
PASS | Input: 0xe5d ImmSrc: 0 -> ext=0x1d lui=0x7400
PASS | Input: 0x6f3 ImmSrc: 0 -> ext=0xfff3 lui=0xcc00
PASS | Input: 0x26b ImmSrc: 0 -> ext=0xffeb lui=0xac00
PASS | Input: 0xb50 ImmSrc: 0 -> ext=0x10 lui=0x4000
PASS | Input: 0xacb ImmSrc: 1 -> ext=0xfacb lui=0x2c00
PASS | Input: 0x37b ImmSrc: 1 -> ext=0x37b lui=0xec00
PASS | Input: 0x284 ImmSrc: 1 -> ext=0x284 lui=0x1000
PASS | Input: 0x90f ImmSrc: 1 -> ext=0xf90f lui=0x3c00
PASS | Input: 0x9b8 ImmSrc: 1 -> ext=0xf9b8 lui=0xe000
PASS | Input: 0x982 ImmSrc: 1 -> ext=0xf982 lui=0x800
PASS | Input: 0x6d0 ImmSrc: 0 -> ext=0x10 lui=0x4000
PASS | Input: 0xac ImmSrc: 1 -> ext=0xac lui=0xb000
PASS | Input: 0xaeb ImmSrc: 1 -> ext=0xfaeb lui=0xac00
PASS | Input: 0xa8c ImmSrc: 0 -> ext=0xc lui=0x3000
PASS | Input: 0xedc ImmSrc: 1 -> ext=0xfedc lui=0x7000
PASS | Input: 0x353 ImmSrc: 1 -> ext=0x353 lui=0x4c00
PASS | Input: 0xf8d ImmSrc: 0 -> ext=0xd lui=0x3400
PASS | Input: 0x65c ImmSrc: 1 -> ext=0x65c lui=0x7000
PASS | Input: 0x82b ImmSrc: 1 -> ext=0xf82b lui=0xac00
PASS | Input: 0x1b ImmSrc: 1 -> ext=0x1b lui=0x6c00
PASS | Input: 0x7e1 ImmSrc: 1 -> ext=0x7e1 lui=0x8400
PASS | Input: 0xea4 ImmSrc: 1 -> ext=0xfea4 lui=0x9000
PASS | Input: 0x694 ImmSrc: 0 -> ext=0x14 lui=0x5000
PASS | Input: 0xbe0 ImmSrc: 1 -> ext=0xfbe0 lui=0x8000
PASS | Input: 0x155 ImmSrc: 0 -> ext=0x15 lui=0x5400
PASS | Input: 0x9 ImmSrc: 0 -> ext=0x9 lui=0x2400
PASS | Input: 0x707 ImmSrc: 0 -> ext=0x7 lui=0x1c00
PASS | Input: 0xc7e ImmSrc: 1 -> ext=0xfc7e lui=0xf800
PASS | Input: 0xef3 ImmSrc: 1 -> ext=0xfef3 lui=0xcc00
PASS | Input: 0xc94 ImmSrc: 0 -> ext=0x14 lui=0x5000
PASS | Input: 0x8b0 ImmSrc: 0 -> ext=0xfff0 lui=0xc000
PASS | Input: 0xd6e ImmSrc: 0 -> ext=0xffee lui=0xb800
PASS | Input: 0xe38 ImmSrc: 1 -> ext=0xfe38 lui=0xe000
PASS | Input: 0x77c ImmSrc: 1 -> ext=0x77c lui=0xf000
PASS | Input: 0xe79 ImmSrc: 1 -> ext=0xfe79 lui=0xe400
PASS | Input: 0x7bd ImmSrc: 0 -> ext=0xfffd lui=0xf400
PASS | Input: 0x245 ImmSrc: 0 -> ext=0x5 lui=0x1400
PASS | Input: 0x84d ImmSrc: 0 -> ext=0xd lui=0x3400
PASS | Input: 0x8ef ImmSrc: 0 -> ext=0xffef lui=0xbc00
PASS | Input: 0xb6b ImmSrc: 1 -> ext=0xfb6b lui=0xac00
PASS | Input: 0xb72 ImmSrc: 0 -> ext=0xfff2 lui=0xc800
PASS | Input: 0x779 ImmSrc: 0 -> ext=0xfff9 lui=0xe400
PASS | Input: 0x481 ImmSrc: 1 -> ext=0x481 lui=0x400
PASS | Input: 0xa24 ImmSrc: 1 -> ext=0xfa24 lui=0x9000
PASS | Input: 0x341 ImmSrc: 0 -> ext=0x1 lui=0x400
PASS | Input: 0x3c ImmSrc: 1 -> ext=0x3c lui=0xf000
PASS | Input: 0x227 ImmSrc: 1 -> ext=0x227 lui=0x9c00
PASS | Input: 0x75a ImmSrc: 0 -> ext=0x1a lui=0x6800
PASS | Input: 0xb1 ImmSrc: 1 -> ext=0xb1 lui=0xc400
PASS | Input: 0x5ee ImmSrc: 0 -> ext=0xffee lui=0xb800
PASS | Input: 0x465 ImmSrc: 0 -> ext=0xffe5 lui=0x9400
PASS | Input: 0xbc5 ImmSrc: 1 -> ext=0xfbc5 lui=0x1400
PASS | Input: 0xef0 ImmSrc: 1 -> ext=0xfef0 lui=0xc000
PASS | Input: 0x4aa ImmSrc: 0 -> ext=0xffea lui=0xa800
PASS | Input: 0xaab ImmSrc: 1 -> ext=0xfaab lui=0xac00
PASS | Input: 0xc35 ImmSrc: 1 -> ext=0xfc35 lui=0xd400
PASS | Input: 0x272 ImmSrc: 1 -> ext=0x272 lui=0xc800
PASS | Input: 0xf5a ImmSrc: 1 -> ext=0xff5a lui=0x6800
PASS | Input: 0x319 ImmSrc: 0 -> ext=0x19 lui=0x6400
PASS | Input: 0x9d8 ImmSrc: 0 -> ext=0x18 lui=0x6000
PASS | Input: 0x85d ImmSrc: 1 -> ext=0xf85d lui=0x7400
PASS | Input: 0x520 ImmSrc: 0 -> ext=0xffe0 lui=0x8000
PASS | Input: 0xca4 ImmSrc: 0 -> ext=0xffe4 lui=0x9000
PASS | Input: 0xfca ImmSrc: 1 -> ext=0xffca lui=0x2800
PASS | Input: 0x64 ImmSrc: 1 -> ext=0x64 lui=0x9000
PASS | Input: 0x426 ImmSrc: 1 -> ext=0x426 lui=0x9800
PASS | Input: 0xd96 ImmSrc: 1 -> ext=0xfd96 lui=0x5800
PASS | Input: 0x19 ImmSrc: 1 -> ext=0x19 lui=0x6400
PASS | Input: 0xcf5 ImmSrc: 1 -> ext=0xfcf5 lui=0xd400
PASS | Input: 0x1c4 ImmSrc: 1 -> ext=0x1c4 lui=0x1000
PASS | Input: 0xc76 ImmSrc: 1 -> ext=0xfc76 lui=0xd800
PASS | Input: 0xe1c ImmSrc: 0 -> ext=0x1c lui=0x7000
PASS | Input: 0xbcb ImmSrc: 0 -> ext=0xb lui=0x2c00
PASS | Input: 0x60c ImmSrc: 1 -> ext=0x60c lui=0x3000
PASS | Input: 0x143 ImmSrc: 0 -> ext=0x3 lui=0xc00
PASS | Input: 0x62c ImmSrc: 1 -> ext=0x62c lui=0xb000
PASS | Input: 0xce5 ImmSrc: 1 -> ext=0xfce5 lui=0x9400
PASS | Input: 0x8b7 ImmSrc: 1 -> ext=0xf8b7 lui=0xdc00
PASS | Input: 0x91e ImmSrc: 0 -> ext=0x1e lui=0x7800
PASS | Input: 0x8c5 ImmSrc: 1 -> ext=0xf8c5 lui=0x1400
PASS | Input: 0x1d7 ImmSrc: 1 -> ext=0x1d7 lui=0x5c00
PASS | Input: 0x570 ImmSrc: 0 -> ext=0xfff0 lui=0xc000
PASS | Input: 0x24b ImmSrc: 0 -> ext=0xb lui=0x2c00
PASS | Input: 0x6f9 ImmSrc: 0 -> ext=0xfff9 lui=0xe400
PASS | Input: 0x97d ImmSrc: 1 -> ext=0xf97d lui=0xf400
PASS | Input: 0xb7c ImmSrc: 0 -> ext=0xfffc lui=0xf000
PASS | Input: 0xe94 ImmSrc: 1 -> ext=0xfe94 lui=0x5000
PASS | Input: 0xe53 ImmSrc: 0 -> ext=0x13 lui=0x4c00
PASS | Input: 0x20d ImmSrc: 0 -> ext=0xd lui=0x3400
PASS | Input: 0xec6 ImmSrc: 1 -> ext=0xfec6 lui=0x1800
PASS | Input: 0xe09 ImmSrc: 0 -> ext=0x9 lui=0x2400
PASS | Input: 0x20d ImmSrc: 1 -> ext=0x20d lui=0x3400
PASS | Input: 0x18e ImmSrc: 1 -> ext=0x18e lui=0x3800
PASS | Input: 0xa4e ImmSrc: 1 -> ext=0xfa4e lui=0x3800
PASS | Input: 0x227 ImmSrc: 1 -> ext=0x227 lui=0x9c00
PASS | Input: 0x3ac ImmSrc: 0 -> ext=0xffec lui=0xb000
PASS | Input: 0xa4 ImmSrc: 0 -> ext=0xffe4 lui=0x9000
PASS | Input: 0x3ef ImmSrc: 0 -> ext=0xffef lui=0xbc00
PASS | Input: 0x95b ImmSrc: 0 -> ext=0x1b lui=0x6c00
PASS | Input: 0xcfb ImmSrc: 1 -> ext=0xfcfb lui=0xec00
PASS | Input: 0x5ca ImmSrc: 1 -> ext=0x5ca lui=0x2800
PASS | Input: 0x78c ImmSrc: 0 -> ext=0xc lui=0x3000
PASS | Input: 0xe3 ImmSrc: 1 -> ext=0xe3 lui=0x8c00
PASS | Input: 0x168 ImmSrc: 0 -> ext=0xffe8 lui=0xa000
PASS | Input: 0xae2 ImmSrc: 0 -> ext=0xffe2 lui=0x8800
PASS | Input: 0x599 ImmSrc: 0 -> ext=0x19 lui=0x6400
PASS | Input: 0xf0f ImmSrc: 1 -> ext=0xff0f lui=0x3c00
PASS | Input: 0xbc ImmSrc: 1 -> ext=0xbc lui=0xf000
PASS | Input: 0x527 ImmSrc: 0 -> ext=0xffe7 lui=0x9c00
PASS | Input: 0xf0c ImmSrc: 1 -> ext=0xff0c lui=0x3000
PASS | Input: 0xde9 ImmSrc: 1 -> ext=0xfde9 lui=0xa400
PASS | Input: 0xb37 ImmSrc: 1 -> ext=0xfb37 lui=0xdc00
PASS | Input: 0x181 ImmSrc: 0 -> ext=0x1 lui=0x400
PASS | Input: 0x2a0 ImmSrc: 1 -> ext=0x2a0 lui=0x8000
PASS | Input: 0xe36 ImmSrc: 0 -> ext=0xfff6 lui=0xd800
PASS | Input: 0x10e ImmSrc: 0 -> ext=0xe lui=0x3800
PASS | Input: 0x138 ImmSrc: 1 -> ext=0x138 lui=0xe000
PASS | Input: 0x385 ImmSrc: 1 -> ext=0x385 lui=0x1400
PASS | Input: 0x4d7 ImmSrc: 1 -> ext=0x4d7 lui=0x5c00
PASS | Input: 0x33f ImmSrc: 0 -> ext=0xffff lui=0xfc00
PASS | Input: 0x309 ImmSrc: 1 -> ext=0x309 lui=0x2400
PASS | Input: 0xd6c ImmSrc: 1 -> ext=0xfd6c lui=0xb000
PASS | Input: 0xc8f ImmSrc: 1 -> ext=0xfc8f lui=0x3c00
PASS | Input: 0xfd4 ImmSrc: 1 -> ext=0xffd4 lui=0x5000
PASS | Input: 0x896 ImmSrc: 1 -> ext=0xf896 lui=0x5800
PASS | Input: 0x3ec ImmSrc: 0 -> ext=0xffec lui=0xb000
PASS | Input: 0x624 ImmSrc: 1 -> ext=0x624 lui=0x9000
PASS | Input: 0x579 ImmSrc: 0 -> ext=0xfff9 lui=0xe400
PASS | Input: 0x238 ImmSrc: 1 -> ext=0x238 lui=0xe000
PASS | Input: 0x355 ImmSrc: 0 -> ext=0x15 lui=0x5400
PASS | Input: 0x4e2 ImmSrc: 1 -> ext=0x4e2 lui=0x8800
PASS | Input: 0x678 ImmSrc: 0 -> ext=0xfff8 lui=0xe000
PASS | Input: 0xd38 ImmSrc: 0 -> ext=0xfff8 lui=0xe000
PASS | Input: 0xcd2 ImmSrc: 1 -> ext=0xfcd2 lui=0x4800
PASS | Input: 0x77f ImmSrc: 0 -> ext=0xffff lui=0xfc00
PASS | Input: 0x315 ImmSrc: 0 -> ext=0x15 lui=0x5400
PASS | Input: 0xc5b ImmSrc: 1 -> ext=0xfc5b lui=0x6c00
PASS | Input: 0x5fe ImmSrc: 1 -> ext=0x5fe lui=0xf800
PASS | Input: 0xb5e ImmSrc: 0 -> ext=0x1e lui=0x7800
PASS | Input: 0xb48 ImmSrc: 1 -> ext=0xfb48 lui=0x2000
PASS | Input: 0xcd9 ImmSrc: 0 -> ext=0x19 lui=0x6400
PASS | Input: 0x5c6 ImmSrc: 0 -> ext=0x6 lui=0x1800
PASS | Input: 0x32 ImmSrc: 0 -> ext=0xfff2 lui=0xc800
PASS | Input: 0xfd8 ImmSrc: 1 -> ext=0xffd8 lui=0x6000
PASS | Input: 0x3b0 ImmSrc: 0 -> ext=0xfff0 lui=0xc000
PASS | Input: 0xba ImmSrc: 1 -> ext=0xba lui=0xe800
PASS | Input: 0xbff ImmSrc: 1 -> ext=0xfbff lui=0xfc00
PASS | Input: 0xcd8 ImmSrc: 0 -> ext=0x18 lui=0x6000
PASS | Input: 0xb54 ImmSrc: 0 -> ext=0x14 lui=0x5000
PASS | Input: 0x8b5 ImmSrc: 1 -> ext=0xf8b5 lui=0xd400
PASS | Input: 0x97f ImmSrc: 1 -> ext=0xf97f lui=0xfc00
PASS | Input: 0x57e ImmSrc: 0 -> ext=0xfffe lui=0xf800
PASS | Input: 0x5c7 ImmSrc: 0 -> ext=0x7 lui=0x1c00
PASS | Input: 0xbe8 ImmSrc: 0 -> ext=0xffe8 lui=0xa000
PASS | Input: 0x8e7 ImmSrc: 0 -> ext=0xffe7 lui=0x9c00
PASS | Input: 0x962 ImmSrc: 0 -> ext=0xffe2 lui=0x8800
PASS | Input: 0x306 ImmSrc: 1 -> ext=0x306 lui=0x1800
PASS | Input: 0x947 ImmSrc: 0 -> ext=0x7 lui=0x1c00
PASS | Input: 0xd04 ImmSrc: 1 -> ext=0xfd04 lui=0x1000
PASS | Input: 0x716 ImmSrc: 1 -> ext=0x716 lui=0x5800
PASS | Input: 0x3e3 ImmSrc: 1 -> ext=0x3e3 lui=0x8c00
PASS | Input: 0x54 ImmSrc: 0 -> ext=0x14 lui=0x5000
PASS | Input: 0x2c3 ImmSrc: 0 -> ext=0x3 lui=0xc00
PASS | Input: 0x25 ImmSrc: 1 -> ext=0x25 lui=0x9400
PASS | Input: 0x72f ImmSrc: 0 -> ext=0xffef lui=0xbc00
PASS | Input: 0x446 ImmSrc: 0 -> ext=0x6 lui=0x1800
PASS | Input: 0xb15 ImmSrc: 1 -> ext=0xfb15 lui=0x5400
PASS | Input: 0x667 ImmSrc: 1 -> ext=0x667 lui=0x9c00
PASS | Input: 0xd56 ImmSrc: 0 -> ext=0x16 lui=0x5800
PASS | Input: 0x298 ImmSrc: 1 -> ext=0x298 lui=0x6000
PASS | Input: 0x72b ImmSrc: 0 -> ext=0xffeb lui=0xac00
PASS | Input: 0x6c5 ImmSrc: 1 -> ext=0x6c5 lui=0x1400
PASS | Input: 0x64d ImmSrc: 0 -> ext=0xd lui=0x3400
PASS | Input: 0xcf5 ImmSrc: 0 -> ext=0xfff5 lui=0xd400
PASS | Input: 0x722 ImmSrc: 1 -> ext=0x722 lui=0x8800
PASS | Input: 0x14c ImmSrc: 1 -> ext=0x14c lui=0x3000
PASS | Input: 0x3e5 ImmSrc: 1 -> ext=0x3e5 lui=0x9400
PASS | Input: 0x7d ImmSrc: 0 -> ext=0xfffd lui=0xf400
PASS | Input: 0x8ff ImmSrc: 0 -> ext=0xffff lui=0xfc00
PASS | Input: 0x6ad ImmSrc: 1 -> ext=0x6ad lui=0xb400
PASS | Input: 0x282 ImmSrc: 0 -> ext=0x2 lui=0x800
PASS | Input: 0x77 ImmSrc: 0 -> ext=0xfff7 lui=0xdc00
PASS | Input: 0xc15 ImmSrc: 1 -> ext=0xfc15 lui=0x5400
PASS | Input: 0x716 ImmSrc: 0 -> ext=0x16 lui=0x5800
PASS | Input: 0x428 ImmSrc: 1 -> ext=0x428 lui=0xa000
PASS | Input: 0xa57 ImmSrc: 0 -> ext=0x17 lui=0x5c00
PASS | Input: 0x4c8 ImmSrc: 0 -> ext=0x8 lui=0x2000
PASS | Input: 0x26c ImmSrc: 0 -> ext=0xffec lui=0xb000
PASS | Input: 0xbf2 ImmSrc: 1 -> ext=0xfbf2 lui=0xc800
PASS | Input: 0xf2d ImmSrc: 1 -> ext=0xff2d lui=0xb400
PASS | Input: 0xaf ImmSrc: 0 -> ext=0xffef lui=0xbc00
PASS | Input: 0xbea ImmSrc: 0 -> ext=0xffea lui=0xa800
PASS | Input: 0x3e4 ImmSrc: 0 -> ext=0xffe4 lui=0x9000
PASS | Input: 0x6a ImmSrc: 1 -> ext=0x6a lui=0xa800
PASS | Input: 0xf19 ImmSrc: 0 -> ext=0x19 lui=0x6400
PASS | Input: 0xd18 ImmSrc: 1 -> ext=0xfd18 lui=0x6000
PASS | Input: 0xf20 ImmSrc: 0 -> ext=0xffe0 lui=0x8000
PASS | Input: 0xa13 ImmSrc: 1 -> ext=0xfa13 lui=0x4c00
PASS | Input: 0x1ed ImmSrc: 0 -> ext=0xffed lui=0xb400
PASS | Input: 0x826 ImmSrc: 1 -> ext=0xf826 lui=0x9800
PASS | Input: 0xc75 ImmSrc: 1 -> ext=0xfc75 lui=0xd400
PASS | Input: 0x45 ImmSrc: 1 -> ext=0x45 lui=0x1400
PASS | Input: 0x4ef ImmSrc: 1 -> ext=0x4ef lui=0xbc00
PASS | Input: 0x1aa ImmSrc: 0 -> ext=0xffea lui=0xa800
PASS | Input: 0xf54 ImmSrc: 1 -> ext=0xff54 lui=0x5000
PASS | Input: 0x225 ImmSrc: 1 -> ext=0x225 lui=0x9400
PASS | Input: 0xb64 ImmSrc: 1 -> ext=0xfb64 lui=0x9000
PASS | Input: 0x3b9 ImmSrc: 1 -> ext=0x3b9 lui=0xe400
PASS | Input: 0x524 ImmSrc: 1 -> ext=0x524 lui=0x9000
PASS | Input: 0xe26 ImmSrc: 1 -> ext=0xfe26 lui=0x9800
PASS | Input: 0x411 ImmSrc: 0 -> ext=0x11 lui=0x4400
PASS | Input: 0x63 ImmSrc: 0 -> ext=0xffe3 lui=0x8c00
PASS | Input: 0xaf3 ImmSrc: 0 -> ext=0xfff3 lui=0xcc00
PASS | Input: 0x7ba ImmSrc: 0 -> ext=0xfffa lui=0xe800
PASS | Input: 0x3a2 ImmSrc: 0 -> ext=0xffe2 lui=0x8800
PASS | Input: 0xb8c ImmSrc: 1 -> ext=0xfb8c lui=0x3000
PASS | Input: 0x78d ImmSrc: 1 -> ext=0x78d lui=0x3400
PASS | Input: 0x859 ImmSrc: 0 -> ext=0x19 lui=0x6400
PASS | Input: 0x36d ImmSrc: 1 -> ext=0x36d lui=0xb400
PASS | Input: 0xe29 ImmSrc: 1 -> ext=0xfe29 lui=0xa400
PASS | Input: 0x3e9 ImmSrc: 0 -> ext=0xffe9 lui=0xa400
PASS | Input: 0x7ea ImmSrc: 0 -> ext=0xffea lui=0xa800
PASS | Input: 0x491 ImmSrc: 0 -> ext=0x11 lui=0x4400
PASS | Input: 0xcda ImmSrc: 1 -> ext=0xfcda lui=0x6800
PASS | Input: 0x5ff ImmSrc: 0 -> ext=0xffff lui=0xfc00
PASS | Input: 0xe95 ImmSrc: 0 -> ext=0x15 lui=0x5400
PASS | Input: 0xb7d ImmSrc: 0 -> ext=0xfffd lui=0xf400
PASS | Input: 0x7e6 ImmSrc: 1 -> ext=0x7e6 lui=0x9800
PASS | Input: 0x9fe ImmSrc: 0 -> ext=0xfffe lui=0xf800
PASS | Input: 0x3e8 ImmSrc: 0 -> ext=0xffe8 lui=0xa000
PASS | Input: 0x5d1 ImmSrc: 1 -> ext=0x5d1 lui=0x4400
PASS | Input: 0xa95 ImmSrc: 0 -> ext=0x15 lui=0x5400
PASS | Input: 0xfd9 ImmSrc: 1 -> ext=0xffd9 lui=0x6400
PASS | Input: 0x162 ImmSrc: 1 -> ext=0x162 lui=0x8800
PASS | Input: 0xa3 ImmSrc: 0 -> ext=0xffe3 lui=0x8c00
PASS | Input: 0xbec ImmSrc: 0 -> ext=0xffec lui=0xb000
PASS | Input: 0x93f ImmSrc: 1 -> ext=0xf93f lui=0xfc00
PASS | Input: 0x863 ImmSrc: 1 -> ext=0xf863 lui=0x8c00
PASS | Input: 0x120 ImmSrc: 0 -> ext=0xffe0 lui=0x8000
PASS | Input: 0x6c5 ImmSrc: 1 -> ext=0x6c5 lui=0x1400
PASS | Input: 0x5ec ImmSrc: 1 -> ext=0x5ec lui=0xb000
PASS | Input: 0xf73 ImmSrc: 0 -> ext=0xfff3 lui=0xcc00
PASS | Input: 0x38d ImmSrc: 0 -> ext=0xd lui=0x3400
PASS | Input: 0xd4f ImmSrc: 0 -> ext=0xf lui=0x3c00
PASS | Input: 0x45a ImmSrc: 1 -> ext=0x45a lui=0x6800
PASS | Input: 0xcec ImmSrc: 1 -> ext=0xfcec lui=0xb000
PASS | Input: 0x6b0 ImmSrc: 1 -> ext=0x6b0 lui=0xc000
PASS | Input: 0xde6 ImmSrc: 0 -> ext=0xffe6 lui=0x9800
PASS | Input: 0x6d9 ImmSrc: 0 -> ext=0x19 lui=0x6400
PASS | Input: 0x709 ImmSrc: 0 -> ext=0x9 lui=0x2400
PASS | Input: 0xf8f ImmSrc: 0 -> ext=0xf lui=0x3c00
PASS | Input: 0x94d ImmSrc: 0 -> ext=0xd lui=0x3400
PASS | Input: 0xcfd ImmSrc: 0 -> ext=0xfffd lui=0xf400
PASS | Input: 0xd4d ImmSrc: 1 -> ext=0xfd4d lui=0x3400
PASS | Input: 0xb91 ImmSrc: 1 -> ext=0xfb91 lui=0x4400
PASS | Input: 0xe4b ImmSrc: 1 -> ext=0xfe4b lui=0x2c00
PASS | Input: 0x575 ImmSrc: 0 -> ext=0xfff5 lui=0xd400
PASS | Input: 0xd53 ImmSrc: 1 -> ext=0xfd53 lui=0x4c00
PASS | Input: 0x908 ImmSrc: 0 -> ext=0x8 lui=0x2000
PASS | Input: 0xa5 ImmSrc: 0 -> ext=0xffe5 lui=0x9400
PASS | Input: 0x39 ImmSrc: 0 -> ext=0xfff9 lui=0xe400
PASS | Input: 0x8f1 ImmSrc: 1 -> ext=0xf8f1 lui=0xc400
PASS | Input: 0x80b ImmSrc: 1 -> ext=0xf80b lui=0x2c00
PASS | Input: 0xf7b ImmSrc: 0 -> ext=0xfffb lui=0xec00
PASS | Input: 0xf24 ImmSrc: 0 -> ext=0xffe4 lui=0x9000
PASS | Input: 0xfcd ImmSrc: 0 -> ext=0xd lui=0x3400
PASS | Input: 0xdc1 ImmSrc: 0 -> ext=0x1 lui=0x400
PASS | Input: 0x6ff ImmSrc: 0 -> ext=0xffff lui=0xfc00
PASS | Input: 0xe1 ImmSrc: 1 -> ext=0xe1 lui=0x8400
PASS | Input: 0x3e ImmSrc: 1 -> ext=0x3e lui=0xf800
PASS | Input: 0x5ff ImmSrc: 0 -> ext=0xffff lui=0xfc00
PASS | Input: 0x994 ImmSrc: 1 -> ext=0xf994 lui=0x5000
PASS | Input: 0x43f ImmSrc: 1 -> ext=0x43f lui=0xfc00
PASS | Input: 0xda1 ImmSrc: 0 -> ext=0xffe1 lui=0x8400
PASS | Input: 0xf4d ImmSrc: 0 -> ext=0xd lui=0x3400
PASS | Input: 0x647 ImmSrc: 1 -> ext=0x647 lui=0x1c00
PASS | Input: 0xde7 ImmSrc: 0 -> ext=0xffe7 lui=0x9c00
PASS | Input: 0x5f9 ImmSrc: 0 -> ext=0xfff9 lui=0xe400
PASS | Input: 0xd48 ImmSrc: 0 -> ext=0x8 lui=0x2000
PASS | Input: 0xa9 ImmSrc: 0 -> ext=0xffe9 lui=0xa400
PASS | Input: 0x66c ImmSrc: 0 -> ext=0xffec lui=0xb000
PASS | Input: 0x705 ImmSrc: 1 -> ext=0x705 lui=0x1400
PASS | Input: 0xd67 ImmSrc: 1 -> ext=0xfd67 lui=0x9c00
PASS | Input: 0x20e ImmSrc: 0 -> ext=0xe lui=0x3800
PASS | Input: 0x4c0 ImmSrc: 0 -> ext=0x0 lui=0x0
PASS | Input: 0x2a4 ImmSrc: 0 -> ext=0xffe4 lui=0x9000
PASS | Input: 0xe1b ImmSrc: 0 -> ext=0x1b lui=0x6c00
PASS | Input: 0x222 ImmSrc: 0 -> ext=0xffe2 lui=0x8800
PASS | Input: 0x506 ImmSrc: 1 -> ext=0x506 lui=0x1800
PASS | Input: 0xca0 ImmSrc: 0 -> ext=0xffe0 lui=0x8000
PASS | Input: 0x454 ImmSrc: 0 -> ext=0x14 lui=0x5000
PASS | Input: 0xceb ImmSrc: 1 -> ext=0xfceb lui=0xac00
PASS | Input: 0x9c4 ImmSrc: 1 -> ext=0xf9c4 lui=0x1000
PASS | Input: 0xfde ImmSrc: 1 -> ext=0xffde lui=0x7800
PASS | Input: 0xf64 ImmSrc: 0 -> ext=0xffe4 lui=0x9000
PASS | Input: 0x1d ImmSrc: 1 -> ext=0x1d lui=0x7400
PASS | Input: 0x178 ImmSrc: 0 -> ext=0xfff8 lui=0xe000
PASS | Input: 0xce3 ImmSrc: 0 -> ext=0xffe3 lui=0x8c00
PASS | Input: 0xb43 ImmSrc: 0 -> ext=0x3 lui=0xc00
PASS | Input: 0x1db ImmSrc: 1 -> ext=0x1db lui=0x6c00
PASS | Input: 0x88a ImmSrc: 1 -> ext=0xf88a lui=0x2800
PASS | Input: 0x7c3 ImmSrc: 1 -> ext=0x7c3 lui=0xc00
PASS | Input: 0x92d ImmSrc: 1 -> ext=0xf92d lui=0xb400
PASS | Input: 0xccd ImmSrc: 1 -> ext=0xfccd lui=0x3400
PASS | Input: 0x79f ImmSrc: 1 -> ext=0x79f lui=0x7c00
PASS | Input: 0xb6d ImmSrc: 1 -> ext=0xfb6d lui=0xb400
PASS | Input: 0xaab ImmSrc: 1 -> ext=0xfaab lui=0xac00
PASS | Input: 0x1a0 ImmSrc: 1 -> ext=0x1a0 lui=0x8000
PASS | Input: 0x44c ImmSrc: 1 -> ext=0x44c lui=0x3000
PASS | Input: 0xa50 ImmSrc: 1 -> ext=0xfa50 lui=0x4000
PASS | Input: 0xf5 ImmSrc: 0 -> ext=0xfff5 lui=0xd400
PASS | Input: 0x3dc ImmSrc: 0 -> ext=0x1c lui=0x7000
PASS | Input: 0x829 ImmSrc: 0 -> ext=0xffe9 lui=0xa400
PASS | Input: 0x46c ImmSrc: 0 -> ext=0xffec lui=0xb000
PASS | Input: 0x8af ImmSrc: 0 -> ext=0xffef lui=0xbc00
PASS | Input: 0xe22 ImmSrc: 0 -> ext=0xffe2 lui=0x8800
PASS | Input: 0xe44 ImmSrc: 1 -> ext=0xfe44 lui=0x1000
PASS | Input: 0xabb ImmSrc: 1 -> ext=0xfabb lui=0xec00
PASS | Input: 0x216 ImmSrc: 0 -> ext=0x16 lui=0x5800
PASS | Input: 0x5c6 ImmSrc: 0 -> ext=0x6 lui=0x1800
PASS | Input: 0x6f5 ImmSrc: 1 -> ext=0x6f5 lui=0xd400
PASS | Input: 0xbfb ImmSrc: 1 -> ext=0xfbfb lui=0xec00
PASS | Input: 0x37a ImmSrc: 1 -> ext=0x37a lui=0xe800
PASS | Input: 0x7cd ImmSrc: 1 -> ext=0x7cd lui=0x3400
PASS | Input: 0x210 ImmSrc: 0 -> ext=0x10 lui=0x4000
PASS | Input: 0x6da ImmSrc: 0 -> ext=0x1a lui=0x6800
PASS | Input: 0x226 ImmSrc: 0 -> ext=0xffe6 lui=0x9800
PASS | Input: 0x541 ImmSrc: 1 -> ext=0x541 lui=0x400
PASS | Input: 0x176 ImmSrc: 0 -> ext=0xfff6 lui=0xd800
PASS | Input: 0xd81 ImmSrc: 1 -> ext=0xfd81 lui=0x400
PASS | Input: 0x7a1 ImmSrc: 0 -> ext=0xffe1 lui=0x8400
PASS | Input: 0xcf4 ImmSrc: 0 -> ext=0xfff4 lui=0xd000
PASS | Input: 0x20d ImmSrc: 0 -> ext=0xd lui=0x3400
PASS | Input: 0xe80 ImmSrc: 0 -> ext=0x0 lui=0x0
PASS | Input: 0xf51 ImmSrc: 0 -> ext=0x11 lui=0x4400
PASS | Input: 0xe95 ImmSrc: 0 -> ext=0x15 lui=0x5400
PASS | Input: 0x70d ImmSrc: 1 -> ext=0x70d lui=0x3400
PASS | Input: 0xb15 ImmSrc: 0 -> ext=0x15 lui=0x5400
PASS | Input: 0x880 ImmSrc: 0 -> ext=0x0 lui=0x0
PASS | Input: 0xd30 ImmSrc: 1 -> ext=0xfd30 lui=0xc000
PASS | Input: 0xfba ImmSrc: 1 -> ext=0xffba lui=0xe800
PASS | Input: 0xdd ImmSrc: 1 -> ext=0xdd lui=0x7400
PASS | Input: 0x4be ImmSrc: 0 -> ext=0xfffe lui=0xf800
PASS | Input: 0x502 ImmSrc: 0 -> ext=0x2 lui=0x800
PASS | Input: 0x970 ImmSrc: 0 -> ext=0xfff0 lui=0xc000
PASS | Input: 0x4da ImmSrc: 0 -> ext=0x1a lui=0x6800
PASS | Input: 0x4a1 ImmSrc: 0 -> ext=0xffe1 lui=0x8400
PASS | Input: 0x8bd ImmSrc: 0 -> ext=0xfffd lui=0xf400
PASS | Input: 0x61a ImmSrc: 1 -> ext=0x61a lui=0x6800
PASS | Input: 0x1e0 ImmSrc: 1 -> ext=0x1e0 lui=0x8000
PASS | Input: 0x8ee ImmSrc: 0 -> ext=0xffee lui=0xb800
PASS | Input: 0x81c ImmSrc: 1 -> ext=0xf81c lui=0x7000
PASS | Input: 0x703 ImmSrc: 0 -> ext=0x3 lui=0xc00
PASS | Input: 0x860 ImmSrc: 1 -> ext=0xf860 lui=0x8000
PASS | Input: 0xe15 ImmSrc: 1 -> ext=0xfe15 lui=0x5400
PASS | Input: 0x3e0 ImmSrc: 1 -> ext=0x3e0 lui=0x8000
PASS | Input: 0xa0d ImmSrc: 1 -> ext=0xfa0d lui=0x3400
PASS | Input: 0xd93 ImmSrc: 1 -> ext=0xfd93 lui=0x4c00
PASS | Input: 0x61a ImmSrc: 1 -> ext=0x61a lui=0x6800
PASS | Input: 0x72c ImmSrc: 0 -> ext=0xffec lui=0xb000
PASS | Input: 0x13f ImmSrc: 1 -> ext=0x13f lui=0xfc00
PASS | Input: 0xa06 ImmSrc: 0 -> ext=0x6 lui=0x1800
PASS | Input: 0x4d5 ImmSrc: 0 -> ext=0x15 lui=0x5400
PASS | Input: 0x640 ImmSrc: 1 -> ext=0x640 lui=0x0
PASS | Input: 0xaba ImmSrc: 0 -> ext=0xfffa lui=0xe800
PASS | Input: 0x581 ImmSrc: 0 -> ext=0x1 lui=0x400
PASS | Input: 0x296 ImmSrc: 1 -> ext=0x296 lui=0x5800
PASS | Input: 0x92 ImmSrc: 0 -> ext=0x12 lui=0x4800
PASS | Input: 0x70c ImmSrc: 1 -> ext=0x70c lui=0x3000
PASS | Input: 0x857 ImmSrc: 1 -> ext=0xf857 lui=0x5c00
PASS | Input: 0x526 ImmSrc: 1 -> ext=0x526 lui=0x9800
PASS | Input: 0x64b ImmSrc: 1 -> ext=0x64b lui=0x2c00
PASS | Input: 0x7e4 ImmSrc: 0 -> ext=0xffe4 lui=0x9000
PASS | Input: 0x80f ImmSrc: 0 -> ext=0xf lui=0x3c00
PASS | Input: 0xb2e ImmSrc: 0 -> ext=0xffee lui=0xb800
PASS | Input: 0x923 ImmSrc: 0 -> ext=0xffe3 lui=0x8c00
PASS | Input: 0x923 ImmSrc: 1 -> ext=0xf923 lui=0x8c00
PASS | Input: 0x36d ImmSrc: 0 -> ext=0xffed lui=0xb400
PASS | Input: 0x3f6 ImmSrc: 1 -> ext=0x3f6 lui=0xd800
PASS | Input: 0x496 ImmSrc: 0 -> ext=0x16 lui=0x5800
PASS | Input: 0xe53 ImmSrc: 0 -> ext=0x13 lui=0x4c00
PASS | Input: 0x9e1 ImmSrc: 1 -> ext=0xf9e1 lui=0x8400
PASS | Input: 0xd8a ImmSrc: 0 -> ext=0xa lui=0x2800
PASS | Input: 0xb88 ImmSrc: 0 -> ext=0x8 lui=0x2000
PASS | Input: 0x872 ImmSrc: 1 -> ext=0xf872 lui=0xc800
PASS | Input: 0x84e ImmSrc: 1 -> ext=0xf84e lui=0x3800
PASS | Input: 0xb3d ImmSrc: 1 -> ext=0xfb3d lui=0xf400
PASS | Input: 0xd39 ImmSrc: 0 -> ext=0xfff9 lui=0xe400
PASS | Input: 0x22f ImmSrc: 0 -> ext=0xffef lui=0xbc00
PASS | Input: 0x338 ImmSrc: 0 -> ext=0xfff8 lui=0xe000
PASS | Input: 0xc89 ImmSrc: 0 -> ext=0x9 lui=0x2400
PASS | Input: 0x9a3 ImmSrc: 0 -> ext=0xffe3 lui=0x8c00
PASS | Input: 0x275 ImmSrc: 1 -> ext=0x275 lui=0xd400
PASS | Input: 0xa4e ImmSrc: 0 -> ext=0xe lui=0x3800
PASS | Input: 0x59 ImmSrc: 1 -> ext=0x59 lui=0x6400
PASS | Input: 0x134 ImmSrc: 1 -> ext=0x134 lui=0xd000
PASS | Input: 0x363 ImmSrc: 1 -> ext=0x363 lui=0x8c00
PASS | Input: 0xb54 ImmSrc: 1 -> ext=0xfb54 lui=0x5000
PASS | Input: 0x6a5 ImmSrc: 0 -> ext=0xffe5 lui=0x9400
PASS | Input: 0x5e8 ImmSrc: 0 -> ext=0xffe8 lui=0xa000
PASS | Input: 0x99b ImmSrc: 1 -> ext=0xf99b lui=0x6c00
PASS | Input: 0x670 ImmSrc: 0 -> ext=0xfff0 lui=0xc000
PASS | Input: 0x76 ImmSrc: 0 -> ext=0xfff6 lui=0xd800
PASS | Input: 0x3c9 ImmSrc: 1 -> ext=0x3c9 lui=0x2400
PASS | Input: 0x1fa ImmSrc: 1 -> ext=0x1fa lui=0xe800
PASS | Input: 0xfd2 ImmSrc: 1 -> ext=0xffd2 lui=0x4800
PASS | Input: 0xe4f ImmSrc: 0 -> ext=0xf lui=0x3c00
PASS | Input: 0xac2 ImmSrc: 1 -> ext=0xfac2 lui=0x800
PASS | Input: 0xba5 ImmSrc: 1 -> ext=0xfba5 lui=0x9400
PASS | Input: 0xc2 ImmSrc: 0 -> ext=0x2 lui=0x800
PASS | Input: 0xee8 ImmSrc: 1 -> ext=0xfee8 lui=0xa000
PASS | Input: 0xfe2 ImmSrc: 0 -> ext=0xffe2 lui=0x8800
PASS | Input: 0x880 ImmSrc: 1 -> ext=0xf880 lui=0x0
PASS | Input: 0xe0a ImmSrc: 0 -> ext=0xa lui=0x2800
PASS | Input: 0x256 ImmSrc: 0 -> ext=0x16 lui=0x5800
PASS | Input: 0xdf2 ImmSrc: 0 -> ext=0xfff2 lui=0xc800
PASS | Input: 0x803 ImmSrc: 1 -> ext=0xf803 lui=0xc00
PASS | Input: 0x7c1 ImmSrc: 0 -> ext=0x1 lui=0x400
PASS | Input: 0x98b ImmSrc: 1 -> ext=0xf98b lui=0x2c00
PASS | Input: 0x770 ImmSrc: 0 -> ext=0xfff0 lui=0xc000
PASS | Input: 0xc66 ImmSrc: 1 -> ext=0xfc66 lui=0x9800
PASS | Input: 0xa75 ImmSrc: 1 -> ext=0xfa75 lui=0xd400
PASS | Input: 0x3e ImmSrc: 0 -> ext=0xfffe lui=0xf800
PASS | Input: 0xded ImmSrc: 1 -> ext=0xfded lui=0xb400
PASS | Input: 0x23a ImmSrc: 1 -> ext=0x23a lui=0xe800
PASS | Input: 0x9b8 ImmSrc: 1 -> ext=0xf9b8 lui=0xe000
PASS | Input: 0xd26 ImmSrc: 0 -> ext=0xffe6 lui=0x9800
PASS | Input: 0xcc5 ImmSrc: 0 -> ext=0x5 lui=0x1400
PASS | Input: 0xc5a ImmSrc: 1 -> ext=0xfc5a lui=0x6800
PASS | Input: 0x208 ImmSrc: 0 -> ext=0x8 lui=0x2000
PASS | Input: 0xca7 ImmSrc: 0 -> ext=0xffe7 lui=0x9c00
PASS | Input: 0x73e ImmSrc: 1 -> ext=0x73e lui=0xf800
PASS | Input: 0x83e ImmSrc: 1 -> ext=0xf83e lui=0xf800
PASS | Input: 0x61d ImmSrc: 1 -> ext=0x61d lui=0x7400
PASS | Input: 0xfca ImmSrc: 1 -> ext=0xffca lui=0x2800
PASS | Input: 0xdfd ImmSrc: 0 -> ext=0xfffd lui=0xf400
PASS | Input: 0x8ae ImmSrc: 0 -> ext=0xffee lui=0xb800
PASS | Input: 0x794 ImmSrc: 0 -> ext=0x14 lui=0x5000
PASS | Input: 0x3aa ImmSrc: 1 -> ext=0x3aa lui=0xa800
PASS | Input: 0xde7 ImmSrc: 0 -> ext=0xffe7 lui=0x9c00
PASS | Input: 0xad5 ImmSrc: 1 -> ext=0xfad5 lui=0x5400
PASS | Input: 0xf7 ImmSrc: 0 -> ext=0xfff7 lui=0xdc00
PASS | Input: 0xb30 ImmSrc: 0 -> ext=0xfff0 lui=0xc000
PASS | Input: 0x857 ImmSrc: 1 -> ext=0xf857 lui=0x5c00
PASS | Input: 0x1b5 ImmSrc: 1 -> ext=0x1b5 lui=0xd400
PASS | Input: 0x52b ImmSrc: 0 -> ext=0xffeb lui=0xac00
PASS | Input: 0x739 ImmSrc: 0 -> ext=0xfff9 lui=0xe400
PASS | Input: 0xbd ImmSrc: 0 -> ext=0xfffd lui=0xf400
PASS | Input: 0x9f7 ImmSrc: 0 -> ext=0xfff7 lui=0xdc00
PASS | Input: 0x638 ImmSrc: 1 -> ext=0x638 lui=0xe000
PASS | Input: 0x51a ImmSrc: 1 -> ext=0x51a lui=0x6800
PASS | Input: 0x398 ImmSrc: 0 -> ext=0x18 lui=0x6000
PASS | Input: 0x423 ImmSrc: 1 -> ext=0x423 lui=0x8c00
PASS | Input: 0x179 ImmSrc: 0 -> ext=0xfff9 lui=0xe400
PASS | Input: 0x781 ImmSrc: 1 -> ext=0x781 lui=0x400
PASS | Input: 0xece ImmSrc: 0 -> ext=0xe lui=0x3800
PASS | Input: 0x32e ImmSrc: 1 -> ext=0x32e lui=0xb800
PASS | Input: 0x720 ImmSrc: 0 -> ext=0xffe0 lui=0x8000
PASS | Input: 0xbb7 ImmSrc: 0 -> ext=0xfff7 lui=0xdc00
PASS | Input: 0x76a ImmSrc: 1 -> ext=0x76a lui=0xa800
PASS | Input: 0x570 ImmSrc: 1 -> ext=0x570 lui=0xc000
PASS | Input: 0x929 ImmSrc: 0 -> ext=0xffe9 lui=0xa400
PASS | Input: 0x146 ImmSrc: 1 -> ext=0x146 lui=0x1800
PASS | Input: 0x8b9 ImmSrc: 0 -> ext=0xfff9 lui=0xe400
PASS | Input: 0xbf4 ImmSrc: 1 -> ext=0xfbf4 lui=0xd000
PASS | Input: 0x59d ImmSrc: 0 -> ext=0x1d lui=0x7400
PASS | Input: 0xbfb ImmSrc: 1 -> ext=0xfbfb lui=0xec00
PASS | Input: 0x6be ImmSrc: 1 -> ext=0x6be lui=0xf800
PASS | Input: 0x31 ImmSrc: 0 -> ext=0xfff1 lui=0xc400
PASS | Input: 0xc44 ImmSrc: 0 -> ext=0x4 lui=0x1000
PASS | Input: 0x848 ImmSrc: 0 -> ext=0x8 lui=0x2000
PASS | Input: 0x16 ImmSrc: 1 -> ext=0x16 lui=0x5800
PASS | Input: 0xc16 ImmSrc: 0 -> ext=0x16 lui=0x5800
PASS | Input: 0xfaa ImmSrc: 1 -> ext=0xffaa lui=0xa800
PASS | Input: 0x807 ImmSrc: 1 -> ext=0xf807 lui=0x1c00
PASS | Input: 0x52a ImmSrc: 0 -> ext=0xffea lui=0xa800
PASS | Input: 0x881 ImmSrc: 1 -> ext=0xf881 lui=0x400
PASS | Input: 0xd8f ImmSrc: 0 -> ext=0xf lui=0x3c00
PASS | Input: 0xb9e ImmSrc: 0 -> ext=0x1e lui=0x7800
PASS | Input: 0x2d1 ImmSrc: 1 -> ext=0x2d1 lui=0x4400
PASS | Input: 0xa11 ImmSrc: 0 -> ext=0x11 lui=0x4400
PASS | Input: 0x4b0 ImmSrc: 1 -> ext=0x4b0 lui=0xc000
PASS | Input: 0x183 ImmSrc: 1 -> ext=0x183 lui=0xc00
PASS | Input: 0xc47 ImmSrc: 0 -> ext=0x7 lui=0x1c00
PASS | Input: 0xe59 ImmSrc: 1 -> ext=0xfe59 lui=0x6400
PASS | Input: 0x9ef ImmSrc: 1 -> ext=0xf9ef lui=0xbc00
PASS | Input: 0xa1c ImmSrc: 1 -> ext=0xfa1c lui=0x7000
PASS | Input: 0x8c ImmSrc: 1 -> ext=0x8c lui=0x3000
PASS | Input: 0x574 ImmSrc: 0 -> ext=0xfff4 lui=0xd000
PASS | Input: 0x6e5 ImmSrc: 0 -> ext=0xffe5 lui=0x9400
PASS | Input: 0x603 ImmSrc: 1 -> ext=0x603 lui=0xc00
PASS | Input: 0x118 ImmSrc: 1 -> ext=0x118 lui=0x6000
PASS | Input: 0xff6 ImmSrc: 1 -> ext=0xfff6 lui=0xd800
PASS | Input: 0xfc4 ImmSrc: 0 -> ext=0x4 lui=0x1000
PASS | Input: 0x6ac ImmSrc: 0 -> ext=0xffec lui=0xb000
PASS | Input: 0xdfe ImmSrc: 0 -> ext=0xfffe lui=0xf800
PASS | Input: 0xb41 ImmSrc: 1 -> ext=0xfb41 lui=0x400
PASS | Input: 0x4ac ImmSrc: 0 -> ext=0xffec lui=0xb000
PASS | Input: 0x962 ImmSrc: 1 -> ext=0xf962 lui=0x8800
PASS | Input: 0x362 ImmSrc: 0 -> ext=0xffe2 lui=0x8800
PASS | Input: 0xa36 ImmSrc: 1 -> ext=0xfa36 lui=0xd800
PASS | Input: 0x24d ImmSrc: 1 -> ext=0x24d lui=0x3400
PASS | Input: 0xcb2 ImmSrc: 0 -> ext=0xfff2 lui=0xc800
PASS | Input: 0x254 ImmSrc: 0 -> ext=0x14 lui=0x5000
PASS | Input: 0xc49 ImmSrc: 1 -> ext=0xfc49 lui=0x2400
PASS | Input: 0xdf8 ImmSrc: 0 -> ext=0xfff8 lui=0xe000
PASS | Input: 0x427 ImmSrc: 1 -> ext=0x427 lui=0x9c00
PASS | Input: 0xf10 ImmSrc: 0 -> ext=0x10 lui=0x4000
PASS | Input: 0x2f6 ImmSrc: 1 -> ext=0x2f6 lui=0xd800
PASS | Input: 0x305 ImmSrc: 0 -> ext=0x5 lui=0x1400
PASS | Input: 0x6f ImmSrc: 1 -> ext=0x6f lui=0xbc00
PASS | Input: 0x491 ImmSrc: 0 -> ext=0x11 lui=0x4400
PASS | Input: 0xb91 ImmSrc: 0 -> ext=0x11 lui=0x4400
PASS | Input: 0x3a6 ImmSrc: 0 -> ext=0xffe6 lui=0x9800
PASS | Input: 0xfe0 ImmSrc: 0 -> ext=0xffe0 lui=0x8000
PASS | Input: 0x794 ImmSrc: 1 -> ext=0x794 lui=0x5000
PASS | Input: 0x779 ImmSrc: 0 -> ext=0xfff9 lui=0xe400
PASS | Input: 0xf07 ImmSrc: 1 -> ext=0xff07 lui=0x1c00
PASS | Input: 0xf59 ImmSrc: 0 -> ext=0x19 lui=0x6400
PASS | Input: 0x4ec ImmSrc: 1 -> ext=0x4ec lui=0xb000
PASS | Input: 0x4ad ImmSrc: 1 -> ext=0x4ad lui=0xb400
PASS | Input: 0x4e3 ImmSrc: 1 -> ext=0x4e3 lui=0x8c00
PASS | Input: 0x385 ImmSrc: 1 -> ext=0x385 lui=0x1400
PASS | Input: 0xd44 ImmSrc: 1 -> ext=0xfd44 lui=0x1000
PASS | Input: 0x6bf ImmSrc: 0 -> ext=0xffff lui=0xfc00
PASS | Input: 0x668 ImmSrc: 0 -> ext=0xffe8 lui=0xa000
PASS | Input: 0xa81 ImmSrc: 0 -> ext=0x1 lui=0x400
PASS | Input: 0xe33 ImmSrc: 0 -> ext=0xfff3 lui=0xcc00
PASS | Input: 0xa25 ImmSrc: 1 -> ext=0xfa25 lui=0x9400
PASS | Input: 0x288 ImmSrc: 0 -> ext=0x8 lui=0x2000
PASS | Input: 0x5da ImmSrc: 1 -> ext=0x5da lui=0x6800
PASS | Input: 0xcbd ImmSrc: 1 -> ext=0xfcbd lui=0xf400
PASS | Input: 0x3ed ImmSrc: 1 -> ext=0x3ed lui=0xb400
PASS | Input: 0xb9e ImmSrc: 0 -> ext=0x1e lui=0x7800
PASS | Input: 0x2f4 ImmSrc: 0 -> ext=0xfff4 lui=0xd000
PASS | Input: 0x728 ImmSrc: 1 -> ext=0x728 lui=0xa000
PASS | Input: 0xdd0 ImmSrc: 0 -> ext=0x10 lui=0x4000
PASS | Input: 0xc7e ImmSrc: 1 -> ext=0xfc7e lui=0xf800
PASS | Input: 0x3ca ImmSrc: 1 -> ext=0x3ca lui=0x2800
PASS | Input: 0x83f ImmSrc: 1 -> ext=0xf83f lui=0xfc00
PASS | Input: 0xaa7 ImmSrc: 1 -> ext=0xfaa7 lui=0x9c00
PASS | Input: 0x8db ImmSrc: 0 -> ext=0x1b lui=0x6c00
PASS | Input: 0x414 ImmSrc: 1 -> ext=0x414 lui=0x5000
PASS | Input: 0x9e4 ImmSrc: 0 -> ext=0xffe4 lui=0x9000
PASS | Input: 0xb39 ImmSrc: 1 -> ext=0xfb39 lui=0xe400
PASS | Input: 0x317 ImmSrc: 0 -> ext=0x17 lui=0x5c00
PASS | Input: 0xac9 ImmSrc: 1 -> ext=0xfac9 lui=0x2400
PASS | Input: 0x313 ImmSrc: 1 -> ext=0x313 lui=0x4c00
PASS | Input: 0xf73 ImmSrc: 1 -> ext=0xff73 lui=0xcc00
PASS | Input: 0x56d ImmSrc: 0 -> ext=0xffed lui=0xb400
PASS | Input: 0x400 ImmSrc: 1 -> ext=0x400 lui=0x0
PASS | Input: 0x735 ImmSrc: 0 -> ext=0xfff5 lui=0xd400
PASS | Input: 0x7fa ImmSrc: 0 -> ext=0xfffa lui=0xe800
PASS | Input: 0x278 ImmSrc: 1 -> ext=0x278 lui=0xe000
PASS | Input: 0x137 ImmSrc: 0 -> ext=0xfff7 lui=0xdc00
PASS | Input: 0x6e4 ImmSrc: 1 -> ext=0x6e4 lui=0x9000
PASS | Input: 0xe1b ImmSrc: 0 -> ext=0x1b lui=0x6c00
PASS | Input: 0xd22 ImmSrc: 1 -> ext=0xfd22 lui=0x8800
PASS | Input: 0xff0 ImmSrc: 1 -> ext=0xfff0 lui=0xc000
PASS | Input: 0x3fe ImmSrc: 0 -> ext=0xfffe lui=0xf800
PASS | Input: 0xc21 ImmSrc: 1 -> ext=0xfc21 lui=0x8400
PASS | Input: 0x1ef ImmSrc: 0 -> ext=0xffef lui=0xbc00
PASS | Input: 0xbb ImmSrc: 0 -> ext=0xfffb lui=0xec00
PASS | Input: 0x725 ImmSrc: 0 -> ext=0xffe5 lui=0x9400
PASS | Input: 0xa08 ImmSrc: 1 -> ext=0xfa08 lui=0x2000
PASS | Input: 0x1a5 ImmSrc: 1 -> ext=0x1a5 lui=0x9400
PASS | Input: 0x695 ImmSrc: 0 -> ext=0x15 lui=0x5400
PASS | Input: 0x897 ImmSrc: 1 -> ext=0xf897 lui=0x5c00
PASS | Input: 0xe8c ImmSrc: 1 -> ext=0xfe8c lui=0x3000
PASS | Input: 0xb59 ImmSrc: 0 -> ext=0x19 lui=0x6400
PASS | Input: 0xea8 ImmSrc: 1 -> ext=0xfea8 lui=0xa000
PASS | Input: 0x46d ImmSrc: 1 -> ext=0x46d lui=0xb400
PASS | Input: 0x4a3 ImmSrc: 1 -> ext=0x4a3 lui=0x8c00
PASS | Input: 0x1dd ImmSrc: 0 -> ext=0x1d lui=0x7400
PASS | Input: 0x877 ImmSrc: 1 -> ext=0xf877 lui=0xdc00
PASS | Input: 0xa30 ImmSrc: 1 -> ext=0xfa30 lui=0xc000
PASS | Input: 0xd4a ImmSrc: 0 -> ext=0xa lui=0x2800
PASS | Input: 0x82 ImmSrc: 1 -> ext=0x82 lui=0x800
PASS | Input: 0x859 ImmSrc: 0 -> ext=0x19 lui=0x6400
PASS | Input: 0xdd9 ImmSrc: 1 -> ext=0xfdd9 lui=0x6400
PASS | Input: 0x9bb ImmSrc: 1 -> ext=0xf9bb lui=0xec00
PASS | Input: 0xd4f ImmSrc: 1 -> ext=0xfd4f lui=0x3c00
PASS | Input: 0x85d ImmSrc: 0 -> ext=0x1d lui=0x7400
PASS | Input: 0xa2b ImmSrc: 1 -> ext=0xfa2b lui=0xac00
PASS | Input: 0x7fe ImmSrc: 0 -> ext=0xfffe lui=0xf800
PASS | Input: 0x282 ImmSrc: 1 -> ext=0x282 lui=0x800
PASS | Input: 0xd91 ImmSrc: 0 -> ext=0x11 lui=0x4400
PASS | Input: 0x26d ImmSrc: 0 -> ext=0xffed lui=0xb400
PASS | Input: 0x9dd ImmSrc: 0 -> ext=0x1d lui=0x7400
PASS | Input: 0x57f ImmSrc: 1 -> ext=0x57f lui=0xfc00
PASS | Input: 0x5a2 ImmSrc: 0 -> ext=0xffe2 lui=0x8800
PASS | Input: 0x583 ImmSrc: 0 -> ext=0x3 lui=0xc00
PASS | Input: 0xc38 ImmSrc: 1 -> ext=0xfc38 lui=0xe000
PASS | Input: 0x11e ImmSrc: 0 -> ext=0x1e lui=0x7800
PASS | Input: 0xee0 ImmSrc: 0 -> ext=0xffe0 lui=0x8000
PASS | Input: 0x26f ImmSrc: 0 -> ext=0xffef lui=0xbc00
PASS | Input: 0x4b8 ImmSrc: 0 -> ext=0xfff8 lui=0xe000
PASS | Input: 0x74e ImmSrc: 1 -> ext=0x74e lui=0x3800
PASS | Input: 0xa9f ImmSrc: 1 -> ext=0xfa9f lui=0x7c00
PASS | Input: 0xa26 ImmSrc: 1 -> ext=0xfa26 lui=0x9800
PASS | Input: 0xfdf ImmSrc: 0 -> ext=0x1f lui=0x7c00
PASS | Input: 0xa29 ImmSrc: 1 -> ext=0xfa29 lui=0xa400
PASS | Input: 0xbfd ImmSrc: 0 -> ext=0xfffd lui=0xf400
PASS | Input: 0xecf ImmSrc: 0 -> ext=0xf lui=0x3c00
PASS | Input: 0xd7e ImmSrc: 0 -> ext=0xfffe lui=0xf800
PASS | Input: 0x659 ImmSrc: 1 -> ext=0x659 lui=0x6400
PASS | Input: 0xf03 ImmSrc: 1 -> ext=0xff03 lui=0xc00
PASS | Input: 0xe59 ImmSrc: 1 -> ext=0xfe59 lui=0x6400
PASS | Input: 0xd87 ImmSrc: 1 -> ext=0xfd87 lui=0x1c00
PASS | Input: 0xee4 ImmSrc: 1 -> ext=0xfee4 lui=0x9000
PASS | Input: 0x428 ImmSrc: 0 -> ext=0xffe8 lui=0xa000
PASS | Input: 0x87d ImmSrc: 1 -> ext=0xf87d lui=0xf400
PASS | Input: 0x141 ImmSrc: 0 -> ext=0x1 lui=0x400
PASS | Input: 0x25b ImmSrc: 0 -> ext=0x1b lui=0x6c00
PASS | Input: 0xc38 ImmSrc: 1 -> ext=0xfc38 lui=0xe000
PASS | Input: 0xc15 ImmSrc: 0 -> ext=0x15 lui=0x5400
PASS | Input: 0x6d8 ImmSrc: 0 -> ext=0x18 lui=0x6000
PASS | Input: 0x15e ImmSrc: 1 -> ext=0x15e lui=0x7800
PASS | Input: 0xa8e ImmSrc: 1 -> ext=0xfa8e lui=0x3800
PASS | Input: 0xdd5 ImmSrc: 0 -> ext=0x15 lui=0x5400
PASS | Input: 0x155 ImmSrc: 1 -> ext=0x155 lui=0x5400
PASS | Input: 0xa8e ImmSrc: 0 -> ext=0xe lui=0x3800
PASS | Input: 0x9c1 ImmSrc: 0 -> ext=0x1 lui=0x400
PASS | Input: 0x669 ImmSrc: 0 -> ext=0xffe9 lui=0xa400
PASS | Input: 0xceb ImmSrc: 1 -> ext=0xfceb lui=0xac00
PASS | Input: 0xfd2 ImmSrc: 1 -> ext=0xffd2 lui=0x4800
PASS | Input: 0xaa1 ImmSrc: 0 -> ext=0xffe1 lui=0x8400
PASS | Input: 0xdf2 ImmSrc: 1 -> ext=0xfdf2 lui=0xc800
PASS | Input: 0xdb0 ImmSrc: 1 -> ext=0xfdb0 lui=0xc000
PASS | Input: 0xf07 ImmSrc: 0 -> ext=0x7 lui=0x1c00
PASS | Input: 0x19c ImmSrc: 1 -> ext=0x19c lui=0x7000
PASS | Input: 0xedc ImmSrc: 0 -> ext=0x1c lui=0x7000
PASS | Input: 0xeaa ImmSrc: 0 -> ext=0xffea lui=0xa800
PASS | Input: 0x809 ImmSrc: 0 -> ext=0x9 lui=0x2400
PASS | Input: 0x880 ImmSrc: 1 -> ext=0xf880 lui=0x0
PASS | Input: 0xa1a ImmSrc: 1 -> ext=0xfa1a lui=0x6800
PASS | Input: 0x548 ImmSrc: 1 -> ext=0x548 lui=0x2000
PASS | Input: 0xe1c ImmSrc: 0 -> ext=0x1c lui=0x7000
PASS | Input: 0x29f ImmSrc: 0 -> ext=0x1f lui=0x7c00
PASS | Input: 0xc5 ImmSrc: 0 -> ext=0x5 lui=0x1400
PASS | Input: 0xf30 ImmSrc: 0 -> ext=0xfff0 lui=0xc000
PASS | Input: 0xeba ImmSrc: 0 -> ext=0xfffa lui=0xe800
PASS | Input: 0x151 ImmSrc: 0 -> ext=0x11 lui=0x4400
PASS | Input: 0x315 ImmSrc: 1 -> ext=0x315 lui=0x5400
PASS | Input: 0x876 ImmSrc: 0 -> ext=0xfff6 lui=0xd800
PASS | Input: 0x9bd ImmSrc: 1 -> ext=0xf9bd lui=0xf400
PASS | Input: 0x2da ImmSrc: 1 -> ext=0x2da lui=0x6800
PASS | Input: 0xeb7 ImmSrc: 0 -> ext=0xfff7 lui=0xdc00
PASS | Input: 0x82c ImmSrc: 1 -> ext=0xf82c lui=0xb000
PASS | Input: 0xea ImmSrc: 1 -> ext=0xea lui=0xa800
PASS | Input: 0x7a6 ImmSrc: 0 -> ext=0xffe6 lui=0x9800
PASS | Input: 0x691 ImmSrc: 1 -> ext=0x691 lui=0x4400
PASS | Input: 0x955 ImmSrc: 0 -> ext=0x15 lui=0x5400
PASS | Input: 0xda ImmSrc: 0 -> ext=0x1a lui=0x6800
PASS | Input: 0xdf6 ImmSrc: 0 -> ext=0xfff6 lui=0xd800
PASS | Input: 0xbd6 ImmSrc: 1 -> ext=0xfbd6 lui=0x5800
PASS | Input: 0xe3b ImmSrc: 0 -> ext=0xfffb lui=0xec00
PASS | Input: 0xd49 ImmSrc: 0 -> ext=0x9 lui=0x2400
PASS | Input: 0x7d8 ImmSrc: 0 -> ext=0x18 lui=0x6000
PASS | Input: 0x883 ImmSrc: 0 -> ext=0x3 lui=0xc00
PASS | Input: 0x620 ImmSrc: 1 -> ext=0x620 lui=0x8000
PASS | Input: 0x4bf ImmSrc: 1 -> ext=0x4bf lui=0xfc00
PASS | Input: 0x596 ImmSrc: 0 -> ext=0x16 lui=0x5800
PASS | Input: 0x13c ImmSrc: 1 -> ext=0x13c lui=0xf000
PASS | Input: 0x14f ImmSrc: 1 -> ext=0x14f lui=0x3c00
PASS | Input: 0x798 ImmSrc: 0 -> ext=0x18 lui=0x6000
PASS | Input: 0x46c ImmSrc: 0 -> ext=0xffec lui=0xb000
PASS | Input: 0x484 ImmSrc: 1 -> ext=0x484 lui=0x1000
PASS | Input: 0xf93 ImmSrc: 1 -> ext=0xff93 lui=0x4c00
PASS | Input: 0x475 ImmSrc: 0 -> ext=0xfff5 lui=0xd400
PASS | Input: 0x9b6 ImmSrc: 0 -> ext=0xfff6 lui=0xd800
PASS | Input: 0x35a ImmSrc: 1 -> ext=0x35a lui=0x6800
PASS | Input: 0xf08 ImmSrc: 0 -> ext=0x8 lui=0x2000
PASS | Input: 0xc02 ImmSrc: 1 -> ext=0xfc02 lui=0x800
PASS | Input: 0xe6d ImmSrc: 0 -> ext=0xffed lui=0xb400
PASS | Input: 0xd34 ImmSrc: 1 -> ext=0xfd34 lui=0xd000
PASS | Input: 0x34d ImmSrc: 1 -> ext=0x34d lui=0x3400
PASS | Input: 0x24 ImmSrc: 0 -> ext=0xffe4 lui=0x9000
PASS | Input: 0x70d ImmSrc: 0 -> ext=0xd lui=0x3400
PASS | Input: 0x357 ImmSrc: 0 -> ext=0x17 lui=0x5c00
PASS | Input: 0x91a ImmSrc: 1 -> ext=0xf91a lui=0x6800
PASS | Input: 0xe83 ImmSrc: 1 -> ext=0xfe83 lui=0xc00
PASS | Input: 0x3d4 ImmSrc: 0 -> ext=0x14 lui=0x5000
PASS | Input: 0x397 ImmSrc: 1 -> ext=0x397 lui=0x5c00
PASS | Input: 0x22f ImmSrc: 1 -> ext=0x22f lui=0xbc00
PASS | Input: 0x872 ImmSrc: 1 -> ext=0xf872 lui=0xc800
PASS | Input: 0x36a ImmSrc: 0 -> ext=0xffea lui=0xa800
PASS | Input: 0xc6d ImmSrc: 0 -> ext=0xffed lui=0xb400
PASS | Input: 0xfaa ImmSrc: 1 -> ext=0xffaa lui=0xa800
PASS | Input: 0xc41 ImmSrc: 0 -> ext=0x1 lui=0x400
PASS | Input: 0x5df ImmSrc: 0 -> ext=0x1f lui=0x7c00
PASS | Input: 0x277 ImmSrc: 1 -> ext=0x277 lui=0xdc00
PASS | Input: 0xeba ImmSrc: 0 -> ext=0xfffa lui=0xe800
PASS | Input: 0xde1 ImmSrc: 0 -> ext=0xffe1 lui=0x8400
PASS | Input: 0x815 ImmSrc: 0 -> ext=0x15 lui=0x5400
PASS | Input: 0x34d ImmSrc: 0 -> ext=0xd lui=0x3400
PASS | Input: 0x1ae ImmSrc: 0 -> ext=0xffee lui=0xb800
PASS | Input: 0x6f2 ImmSrc: 1 -> ext=0x6f2 lui=0xc800
PASS | Input: 0x17a ImmSrc: 0 -> ext=0xfffa lui=0xe800
PASS | Input: 0xfc3 ImmSrc: 1 -> ext=0xffc3 lui=0xc00
PASS | Input: 0x770 ImmSrc: 0 -> ext=0xfff0 lui=0xc000
PASS | Input: 0xa30 ImmSrc: 1 -> ext=0xfa30 lui=0xc000
PASS | Input: 0xc31 ImmSrc: 0 -> ext=0xfff1 lui=0xc400
PASS | Input: 0x77e ImmSrc: 1 -> ext=0x77e lui=0xf800
PASS | Input: 0xf4f ImmSrc: 0 -> ext=0xf lui=0x3c00
PASS | Input: 0xc3a ImmSrc: 1 -> ext=0xfc3a lui=0xe800
PASS | Input: 0xb96 ImmSrc: 0 -> ext=0x16 lui=0x5800
PASS | Input: 0x9f1 ImmSrc: 1 -> ext=0xf9f1 lui=0xc400
PASS | Input: 0xb37 ImmSrc: 1 -> ext=0xfb37 lui=0xdc00
PASS | Input: 0x7be ImmSrc: 1 -> ext=0x7be lui=0xf800
PASS | Input: 0xd1b ImmSrc: 0 -> ext=0x1b lui=0x6c00
PASS | Input: 0x4bb ImmSrc: 1 -> ext=0x4bb lui=0xec00
PASS | Input: 0x844 ImmSrc: 0 -> ext=0x4 lui=0x1000
PASS | Input: 0xd06 ImmSrc: 0 -> ext=0x6 lui=0x1800
PASS | Input: 0x190 ImmSrc: 0 -> ext=0x10 lui=0x4000
PASS | Input: 0xd5c ImmSrc: 1 -> ext=0xfd5c lui=0x7000
PASS | Input: 0xbb4 ImmSrc: 1 -> ext=0xfbb4 lui=0xd000
PASS | Input: 0xee4 ImmSrc: 0 -> ext=0xffe4 lui=0x9000
PASS | Input: 0x6c7 ImmSrc: 1 -> ext=0x6c7 lui=0x1c00
PASS | Input: 0xe55 ImmSrc: 0 -> ext=0x15 lui=0x5400
PASS | Input: 0x39 ImmSrc: 1 -> ext=0x39 lui=0xe400
PASS | Input: 0xaf7 ImmSrc: 0 -> ext=0xfff7 lui=0xdc00
PASS | Input: 0x190 ImmSrc: 1 -> ext=0x190 lui=0x4000
PASS | Input: 0xda3 ImmSrc: 1 -> ext=0xfda3 lui=0x8c00
PASS | Input: 0x7af ImmSrc: 1 -> ext=0x7af lui=0xbc00
PASS | Input: 0x35c ImmSrc: 1 -> ext=0x35c lui=0x7000
PASS | Input: 0xe24 ImmSrc: 1 -> ext=0xfe24 lui=0x9000
PASS | Input: 0x695 ImmSrc: 1 -> ext=0x695 lui=0x5400
PASS | Input: 0x32b ImmSrc: 0 -> ext=0xffeb lui=0xac00
PASS | Input: 0x5b7 ImmSrc: 0 -> ext=0xfff7 lui=0xdc00
PASS | Input: 0xee3 ImmSrc: 0 -> ext=0xffe3 lui=0x8c00
PASS | Input: 0xb0c ImmSrc: 1 -> ext=0xfb0c lui=0x3000
PASS | Input: 0xf71 ImmSrc: 0 -> ext=0xfff1 lui=0xc400
PASS | Input: 0x39c ImmSrc: 1 -> ext=0x39c lui=0x7000
PASS | Input: 0x17a ImmSrc: 1 -> ext=0x17a lui=0xe800
PASS | Input: 0x815 ImmSrc: 0 -> ext=0x15 lui=0x5400
PASS | Input: 0x1c7 ImmSrc: 1 -> ext=0x1c7 lui=0x1c00
PASS | Input: 0xa5e ImmSrc: 1 -> ext=0xfa5e lui=0x7800
PASS | Input: 0x664 ImmSrc: 1 -> ext=0x664 lui=0x9000
PASS | Input: 0x3e2 ImmSrc: 1 -> ext=0x3e2 lui=0x8800
PASS | Input: 0x525 ImmSrc: 0 -> ext=0xffe5 lui=0x9400
PASS | Input: 0xe36 ImmSrc: 0 -> ext=0xfff6 lui=0xd800
PASS | Input: 0xcd ImmSrc: 0 -> ext=0xd lui=0x3400
PASS | Input: 0x728 ImmSrc: 0 -> ext=0xffe8 lui=0xa000
PASS | Input: 0xbcc ImmSrc: 1 -> ext=0xfbcc lui=0x3000
PASS | Input: 0xcd2 ImmSrc: 1 -> ext=0xfcd2 lui=0x4800
PASS | Input: 0xcd5 ImmSrc: 0 -> ext=0x15 lui=0x5400
PASS | Input: 0x7d6 ImmSrc: 1 -> ext=0x7d6 lui=0x5800
PASS | Input: 0x536 ImmSrc: 0 -> ext=0xfff6 lui=0xd800
PASS | Input: 0x53d ImmSrc: 0 -> ext=0xfffd lui=0xf400
PASS | Input: 0xc36 ImmSrc: 1 -> ext=0xfc36 lui=0xd800
PASS | Input: 0x334 ImmSrc: 1 -> ext=0x334 lui=0xd000
PASS | Input: 0x6b ImmSrc: 0 -> ext=0xffeb lui=0xac00
PASS | Input: 0xb29 ImmSrc: 0 -> ext=0xffe9 lui=0xa400
PASS | Input: 0xf42 ImmSrc: 0 -> ext=0x2 lui=0x800
PASS | Input: 0x95d ImmSrc: 0 -> ext=0x1d lui=0x7400
PASS | Input: 0xb2 ImmSrc: 0 -> ext=0xfff2 lui=0xc800
PASS | Input: 0x99e ImmSrc: 1 -> ext=0xf99e lui=0x7800
PASS | Input: 0x24b ImmSrc: 0 -> ext=0xb lui=0x2c00
PASS | Input: 0x818 ImmSrc: 1 -> ext=0xf818 lui=0x6000
PASS | Input: 0x2a6 ImmSrc: 0 -> ext=0xffe6 lui=0x9800
PASS | Input: 0x302 ImmSrc: 1 -> ext=0x302 lui=0x800
PASS | Input: 0xb62 ImmSrc: 1 -> ext=0xfb62 lui=0x8800
PASS | Input: 0x514 ImmSrc: 0 -> ext=0x14 lui=0x5000
PASS | Input: 0x9a8 ImmSrc: 1 -> ext=0xf9a8 lui=0xa000
PASS | Input: 0x885 ImmSrc: 0 -> ext=0x5 lui=0x1400
PASS | Input: 0x67b ImmSrc: 1 -> ext=0x67b lui=0xec00
PASS | Input: 0xb85 ImmSrc: 0 -> ext=0x5 lui=0x1400
PASS | Input: 0x1b1 ImmSrc: 1 -> ext=0x1b1 lui=0xc400
PASS | Input: 0x8ec ImmSrc: 1 -> ext=0xf8ec lui=0xb000
PASS | Input: 0x5f2 ImmSrc: 0 -> ext=0xfff2 lui=0xc800
PASS | Input: 0xd1c ImmSrc: 1 -> ext=0xfd1c lui=0x7000
PASS | Input: 0xd88 ImmSrc: 1 -> ext=0xfd88 lui=0x2000
PASS | Input: 0x4bc ImmSrc: 0 -> ext=0xfffc lui=0xf000
PASS | Input: 0x56c ImmSrc: 1 -> ext=0x56c lui=0xb000
PASS | Input: 0xa63 ImmSrc: 0 -> ext=0xffe3 lui=0x8c00
PASS | Input: 0xb52 ImmSrc: 0 -> ext=0x12 lui=0x4800
PASS | Input: 0xbc4 ImmSrc: 0 -> ext=0x4 lui=0x1000
PASS | Input: 0x91c ImmSrc: 1 -> ext=0xf91c lui=0x7000
PASS | Input: 0x27a ImmSrc: 0 -> ext=0xfffa lui=0xe800
PASS | Input: 0xd85 ImmSrc: 0 -> ext=0x5 lui=0x1400
PASS | Input: 0xc0a ImmSrc: 0 -> ext=0xa lui=0x2800
PASS | Input: 0x161 ImmSrc: 1 -> ext=0x161 lui=0x8400
PASS | Input: 0x42f ImmSrc: 0 -> ext=0xffef lui=0xbc00
PASS | Input: 0x3f ImmSrc: 0 -> ext=0xffff lui=0xfc00
PASS | Input: 0x813 ImmSrc: 1 -> ext=0xf813 lui=0x4c00
PASS | Input: 0xad1 ImmSrc: 0 -> ext=0x11 lui=0x4400
PASS | Input: 0x27b ImmSrc: 1 -> ext=0x27b lui=0xec00
PASS | Input: 0x8f3 ImmSrc: 0 -> ext=0xfff3 lui=0xcc00
PASS | Input: 0x93 ImmSrc: 1 -> ext=0x93 lui=0x4c00
PASS | Input: 0x895 ImmSrc: 1 -> ext=0xf895 lui=0x5400
PASS | Input: 0xc5d ImmSrc: 0 -> ext=0x1d lui=0x7400
PASS | Input: 0x280 ImmSrc: 0 -> ext=0x0 lui=0x0
PASS | Input: 0x371 ImmSrc: 1 -> ext=0x371 lui=0xc400
PASS | Input: 0x92f ImmSrc: 1 -> ext=0xf92f lui=0xbc00
PASS | Input: 0xe12 ImmSrc: 0 -> ext=0x12 lui=0x4800
PASS | Input: 0x1a5 ImmSrc: 0 -> ext=0xffe5 lui=0x9400
PASS | Input: 0xe39 ImmSrc: 0 -> ext=0xfff9 lui=0xe400
PASS | Input: 0xb9c ImmSrc: 0 -> ext=0x1c lui=0x7000
PASS | Input: 0xfb4 ImmSrc: 0 -> ext=0xfff4 lui=0xd000
PASS | Input: 0x1d0 ImmSrc: 1 -> ext=0x1d0 lui=0x4000
PASS | Input: 0x9e2 ImmSrc: 1 -> ext=0xf9e2 lui=0x8800
PASS | Input: 0xd8 ImmSrc: 0 -> ext=0x18 lui=0x6000
PASS | Input: 0x934 ImmSrc: 1 -> ext=0xf934 lui=0xd000
PASS | Input: 0x453 ImmSrc: 1 -> ext=0x453 lui=0x4c00
PASS | Input: 0xbfc ImmSrc: 0 -> ext=0xfffc lui=0xf000
PASS | Input: 0xbc3 ImmSrc: 1 -> ext=0xfbc3 lui=0xc00
PASS | Input: 0xdb2 ImmSrc: 0 -> ext=0xfff2 lui=0xc800
PASS | Input: 0xdf9 ImmSrc: 0 -> ext=0xfff9 lui=0xe400
PASS | Input: 0x939 ImmSrc: 1 -> ext=0xf939 lui=0xe400
PASS | Input: 0x75e ImmSrc: 1 -> ext=0x75e lui=0x7800
PASS | Input: 0xc3e ImmSrc: 0 -> ext=0xfffe lui=0xf800
PASS | Input: 0x4f5 ImmSrc: 1 -> ext=0x4f5 lui=0xd400
PASS | Input: 0x358 ImmSrc: 0 -> ext=0x18 lui=0x6000
PASS | Input: 0x572 ImmSrc: 1 -> ext=0x572 lui=0xc800
PASS | Input: 0x9ec ImmSrc: 0 -> ext=0xffec lui=0xb000
PASS | Input: 0x338 ImmSrc: 0 -> ext=0xfff8 lui=0xe000
PASS | Input: 0x674 ImmSrc: 1 -> ext=0x674 lui=0xd000
PASS | Input: 0x796 ImmSrc: 1 -> ext=0x796 lui=0x5800
PASS | Input: 0xd53 ImmSrc: 0 -> ext=0x13 lui=0x4c00
PASS | Input: 0x124 ImmSrc: 1 -> ext=0x124 lui=0x9000
PASS | Input: 0x7a9 ImmSrc: 0 -> ext=0xffe9 lui=0xa400
PASS | Input: 0xc8b ImmSrc: 1 -> ext=0xfc8b lui=0x2c00
PASS | Input: 0xf68 ImmSrc: 0 -> ext=0xffe8 lui=0xa000
PASS | Input: 0x49c ImmSrc: 0 -> ext=0x1c lui=0x7000
PASS | Input: 0x122 ImmSrc: 1 -> ext=0x122 lui=0x8800
PASS | Input: 0x404 ImmSrc: 1 -> ext=0x404 lui=0x1000
PASS | Input: 0xbba ImmSrc: 1 -> ext=0xfbba lui=0xe800
PASS | Input: 0xa7b ImmSrc: 0 -> ext=0xfffb lui=0xec00
PASS | Input: 0x786 ImmSrc: 0 -> ext=0x6 lui=0x1800
PASS | Input: 0xec7 ImmSrc: 1 -> ext=0xfec7 lui=0x1c00
PASS | Input: 0x7 ImmSrc: 1 -> ext=0x7 lui=0x1c00
PASS | Input: 0x264 ImmSrc: 1 -> ext=0x264 lui=0x9000
PASS | Input: 0x6bd ImmSrc: 0 -> ext=0xfffd lui=0xf400
PASS | Input: 0xf31 ImmSrc: 1 -> ext=0xff31 lui=0xc400
PASS | Input: 0x33f ImmSrc: 1 -> ext=0x33f lui=0xfc00
PASS | Input: 0xef7 ImmSrc: 0 -> ext=0xfff7 lui=0xdc00
PASS | Input: 0x224 ImmSrc: 0 -> ext=0xffe4 lui=0x9000
PASS | Input: 0xe1a ImmSrc: 1 -> ext=0xfe1a lui=0x6800
PASS | Input: 0x1db ImmSrc: 1 -> ext=0x1db lui=0x6c00
PASS | Input: 0xc62 ImmSrc: 0 -> ext=0xffe2 lui=0x8800
PASS | Input: 0x80e ImmSrc: 1 -> ext=0xf80e lui=0x3800
PASS | Input: 0x214 ImmSrc: 0 -> ext=0x14 lui=0x5000
PASS | Input: 0x997 ImmSrc: 1 -> ext=0xf997 lui=0x5c00
PASS | Input: 0xf55 ImmSrc: 1 -> ext=0xff55 lui=0x5400
PASS | Input: 0xab7 ImmSrc: 0 -> ext=0xfff7 lui=0xdc00
PASS | Input: 0xb12 ImmSrc: 0 -> ext=0x12 lui=0x4800
PASS | Input: 0xa8f ImmSrc: 1 -> ext=0xfa8f lui=0x3c00
PASS | Input: 0x258 ImmSrc: 0 -> ext=0x18 lui=0x6000
PASS | Input: 0x689 ImmSrc: 1 -> ext=0x689 lui=0x2400
PASS | Input: 0x46a ImmSrc: 1 -> ext=0x46a lui=0xa800
PASS | Input: 0x9b9 ImmSrc: 0 -> ext=0xfff9 lui=0xe400
PASS | Input: 0xb76 ImmSrc: 1 -> ext=0xfb76 lui=0xd800
PASS | Input: 0xdce ImmSrc: 0 -> ext=0xe lui=0x3800
PASS | Input: 0x136 ImmSrc: 1 -> ext=0x136 lui=0xd800
PASS | Input: 0xc0 ImmSrc: 0 -> ext=0x0 lui=0x0
PASS | Input: 0x45a ImmSrc: 0 -> ext=0x1a lui=0x6800
PASS | Input: 0x1b3 ImmSrc: 0 -> ext=0xfff3 lui=0xcc00
PASS | Input: 0x11a ImmSrc: 1 -> ext=0x11a lui=0x6800
PASS | Input: 0x541 ImmSrc: 0 -> ext=0x1 lui=0x400
PASS | Input: 0x2bb ImmSrc: 0 -> ext=0xfffb lui=0xec00
PASS | Input: 0xcb9 ImmSrc: 0 -> ext=0xfff9 lui=0xe400
PASS | Input: 0x566 ImmSrc: 0 -> ext=0xffe6 lui=0x9800
PASS | Input: 0x564 ImmSrc: 0 -> ext=0xffe4 lui=0x9000
PASS | Input: 0x32f ImmSrc: 0 -> ext=0xffef lui=0xbc00
PASS | Input: 0x47c ImmSrc: 0 -> ext=0xfffc lui=0xf000
PASS | Input: 0xa96 ImmSrc: 0 -> ext=0x16 lui=0x5800
PASS | Input: 0xfd5 ImmSrc: 0 -> ext=0x15 lui=0x5400
PASS | Input: 0x665 ImmSrc: 0 -> ext=0xffe5 lui=0x9400
PASS | Input: 0x8e1 ImmSrc: 1 -> ext=0xf8e1 lui=0x8400
PASS | Input: 0x23c ImmSrc: 1 -> ext=0x23c lui=0xf000
PASS | Input: 0x323 ImmSrc: 0 -> ext=0xffe3 lui=0x8c00
PASS | Input: 0xcae ImmSrc: 1 -> ext=0xfcae lui=0xb800
PASS | Input: 0x6a2 ImmSrc: 0 -> ext=0xffe2 lui=0x8800
PASS | Input: 0x139 ImmSrc: 0 -> ext=0xfff9 lui=0xe400
PASS | Input: 0x27b ImmSrc: 1 -> ext=0x27b lui=0xec00
PASS | Input: 0x7f9 ImmSrc: 1 -> ext=0x7f9 lui=0xe400
PASS | Input: 0x132 ImmSrc: 0 -> ext=0xfff2 lui=0xc800
PASS | Input: 0xe6b ImmSrc: 0 -> ext=0xffeb lui=0xac00
PASS | Input: 0xdbf ImmSrc: 0 -> ext=0xffff lui=0xfc00
PASS | Input: 0x21f ImmSrc: 1 -> ext=0x21f lui=0x7c00
PASS | Input: 0x410 ImmSrc: 1 -> ext=0x410 lui=0x4000
PASS | Input: 0x1a6 ImmSrc: 1 -> ext=0x1a6 lui=0x9800
PASS | Input: 0x303 ImmSrc: 0 -> ext=0x3 lui=0xc00
PASS | Input: 0x39c ImmSrc: 0 -> ext=0x1c lui=0x7000
PASS | Input: 0x570 ImmSrc: 1 -> ext=0x570 lui=0xc000
PASS | Input: 0x720 ImmSrc: 1 -> ext=0x720 lui=0x8000
PASS | Input: 0x56a ImmSrc: 1 -> ext=0x56a lui=0xa800
PASS | Input: 0x49d ImmSrc: 0 -> ext=0x1d lui=0x7400
PASS | Input: 0xe41 ImmSrc: 1 -> ext=0xfe41 lui=0x400
PASS | Input: 0xf2c ImmSrc: 1 -> ext=0xff2c lui=0xb000
PASS | Input: 0x15f ImmSrc: 0 -> ext=0x1f lui=0x7c00
PASS | Input: 0xa76 ImmSrc: 0 -> ext=0xfff6 lui=0xd800
PASS | Input: 0x59f ImmSrc: 1 -> ext=0x59f lui=0x7c00
PASS | Input: 0x862 ImmSrc: 0 -> ext=0xffe2 lui=0x8800
PASS | Input: 0x630 ImmSrc: 0 -> ext=0xfff0 lui=0xc000
PASS | Input: 0x573 ImmSrc: 1 -> ext=0x573 lui=0xcc00
PASS | Input: 0x59a ImmSrc: 0 -> ext=0x1a lui=0x6800
PASS | Input: 0x621 ImmSrc: 1 -> ext=0x621 lui=0x8400
PASS | Input: 0x909 ImmSrc: 1 -> ext=0xf909 lui=0x2400
PASS | Input: 0xf0e ImmSrc: 0 -> ext=0xe lui=0x3800
PASS | Input: 0xf62 ImmSrc: 0 -> ext=0xffe2 lui=0x8800
PASS | Input: 0x970 ImmSrc: 1 -> ext=0xf970 lui=0xc000
PASS | Input: 0x550 ImmSrc: 1 -> ext=0x550 lui=0x4000
PASS | Input: 0xe7f ImmSrc: 1 -> ext=0xfe7f lui=0xfc00
PASS | Input: 0x6d1 ImmSrc: 1 -> ext=0x6d1 lui=0x4400
PASS | Input: 0xc46 ImmSrc: 1 -> ext=0xfc46 lui=0x1800
PASS | Input: 0xc5f ImmSrc: 1 -> ext=0xfc5f lui=0x7c00
PASS | Input: 0xfb0 ImmSrc: 0 -> ext=0xfff0 lui=0xc000
PASS | Input: 0x757 ImmSrc: 0 -> ext=0x17 lui=0x5c00
PASS | Input: 0x325 ImmSrc: 0 -> ext=0xffe5 lui=0x9400
PASS | Input: 0xa0 ImmSrc: 0 -> ext=0xffe0 lui=0x8000
PASS | Input: 0x490 ImmSrc: 1 -> ext=0x490 lui=0x4000
PASS | Input: 0x246 ImmSrc: 1 -> ext=0x246 lui=0x1800
PASS | Input: 0xd25 ImmSrc: 1 -> ext=0xfd25 lui=0x9400
PASS | Input: 0xe06 ImmSrc: 1 -> ext=0xfe06 lui=0x1800
PASS | Input: 0xcc6 ImmSrc: 0 -> ext=0x6 lui=0x1800
PASS | Input: 0xa7b ImmSrc: 0 -> ext=0xfffb lui=0xec00
PASS | Input: 0xa52 ImmSrc: 1 -> ext=0xfa52 lui=0x4800
PASS | Input: 0x7eb ImmSrc: 1 -> ext=0x7eb lui=0xac00
PASS | Input: 0x7c5 ImmSrc: 1 -> ext=0x7c5 lui=0x1400
PASS | Input: 0xd69 ImmSrc: 0 -> ext=0xffe9 lui=0xa400
PASS | Input: 0xa72 ImmSrc: 0 -> ext=0xfff2 lui=0xc800
PASS | Input: 0xa47 ImmSrc: 0 -> ext=0x7 lui=0x1c00
PASS | Input: 0x53e ImmSrc: 0 -> ext=0xfffe lui=0xf800
PASS | Input: 0xb87 ImmSrc: 1 -> ext=0xfb87 lui=0x1c00
PASS | Input: 0xe25 ImmSrc: 1 -> ext=0xfe25 lui=0x9400
PASS | Input: 0x851 ImmSrc: 1 -> ext=0xf851 lui=0x4400
PASS | Input: 0x5f1 ImmSrc: 0 -> ext=0xfff1 lui=0xc400
PASS | Input: 0x217 ImmSrc: 0 -> ext=0x17 lui=0x5c00
PASS | Input: 0x46a ImmSrc: 1 -> ext=0x46a lui=0xa800
PASS | Input: 0x272 ImmSrc: 1 -> ext=0x272 lui=0xc800
PASS | Input: 0x8e5 ImmSrc: 1 -> ext=0xf8e5 lui=0x9400
PASS | Input: 0x653 ImmSrc: 1 -> ext=0x653 lui=0x4c00
PASS | Input: 0xc83 ImmSrc: 1 -> ext=0xfc83 lui=0xc00
PASS | Input: 0x9a7 ImmSrc: 0 -> ext=0xffe7 lui=0x9c00
PASS | Input: 0xef7 ImmSrc: 1 -> ext=0xfef7 lui=0xdc00
PASS | Input: 0x5f9 ImmSrc: 1 -> ext=0x5f9 lui=0xe400
PASS | Input: 0x834 ImmSrc: 0 -> ext=0xfff4 lui=0xd000
PASS | Input: 0x839 ImmSrc: 0 -> ext=0xfff9 lui=0xe400
PASS | Input: 0x8cd ImmSrc: 0 -> ext=0xd lui=0x3400
PASS | Input: 0xf34 ImmSrc: 1 -> ext=0xff34 lui=0xd000
PASS | Input: 0x86b ImmSrc: 0 -> ext=0xffeb lui=0xac00
PASS | Input: 0x3d9 ImmSrc: 0 -> ext=0x19 lui=0x6400
PASS | Input: 0x52b ImmSrc: 1 -> ext=0x52b lui=0xac00
PASS | Input: 0x3e8 ImmSrc: 1 -> ext=0x3e8 lui=0xa000
PASS | Input: 0xa3f ImmSrc: 1 -> ext=0xfa3f lui=0xfc00
PASS | Input: 0x919 ImmSrc: 1 -> ext=0xf919 lui=0x6400
PASS | Input: 0x5a6 ImmSrc: 0 -> ext=0xffe6 lui=0x9800
PASS | Input: 0x25d ImmSrc: 1 -> ext=0x25d lui=0x7400
PASS | Input: 0xe56 ImmSrc: 1 -> ext=0xfe56 lui=0x5800
PASS | Input: 0x849 ImmSrc: 1 -> ext=0xf849 lui=0x2400
PASS | Input: 0x7b4 ImmSrc: 1 -> ext=0x7b4 lui=0xd000
PASS | Input: 0xd49 ImmSrc: 1 -> ext=0xfd49 lui=0x2400
PASS | Input: 0x6a6 ImmSrc: 1 -> ext=0x6a6 lui=0x9800
PASS | Input: 0x5b0 ImmSrc: 0 -> ext=0xfff0 lui=0xc000
PASS | Input: 0xc24 ImmSrc: 0 -> ext=0xffe4 lui=0x9000
PASS | Input: 0x13d ImmSrc: 0 -> ext=0xfffd lui=0xf400
PASS | Input: 0x298 ImmSrc: 0 -> ext=0x18 lui=0x6000
PASS | Input: 0xd2b ImmSrc: 1 -> ext=0xfd2b lui=0xac00
PASS | Input: 0x4ea ImmSrc: 0 -> ext=0xffea lui=0xa800
PASS | Input: 0x36e ImmSrc: 1 -> ext=0x36e lui=0xb800
PASS | Input: 0x18c ImmSrc: 1 -> ext=0x18c lui=0x3000
PASS | Input: 0xf24 ImmSrc: 0 -> ext=0xffe4 lui=0x9000
PASS | Input: 0x15b ImmSrc: 0 -> ext=0x1b lui=0x6c00
PASS | Input: 0xde2 ImmSrc: 1 -> ext=0xfde2 lui=0x8800
PASS | Input: 0x3bb ImmSrc: 0 -> ext=0xfffb lui=0xec00
PASS | Input: 0xaed ImmSrc: 0 -> ext=0xffed lui=0xb400
PASS | Input: 0xeb6 ImmSrc: 0 -> ext=0xfff6 lui=0xd800
PASS | Input: 0x2f8 ImmSrc: 0 -> ext=0xfff8 lui=0xe000
PASS | Input: 0x77d ImmSrc: 1 -> ext=0x77d lui=0xf400
PASS | Input: 0x27f ImmSrc: 0 -> ext=0xffff lui=0xfc00
PASS | Input: 0x121 ImmSrc: 1 -> ext=0x121 lui=0x8400
PASS | Input: 0x457 ImmSrc: 1 -> ext=0x457 lui=0x5c00
PASS | Input: 0xce6 ImmSrc: 0 -> ext=0xffe6 lui=0x9800
PASS | Input: 0x590 ImmSrc: 0 -> ext=0x10 lui=0x4000
PASS | Input: 0x6f3 ImmSrc: 1 -> ext=0x6f3 lui=0xcc00
PASS | Input: 0x135 ImmSrc: 1 -> ext=0x135 lui=0xd400
PASS | Input: 0x7cf ImmSrc: 1 -> ext=0x7cf lui=0x3c00
PASS | Input: 0x211 ImmSrc: 0 -> ext=0x11 lui=0x4400
PASS | Input: 0xc6e ImmSrc: 1 -> ext=0xfc6e lui=0xb800
PASS | Input: 0x804 ImmSrc: 1 -> ext=0xf804 lui=0x1000
PASS | Input: 0x436 ImmSrc: 0 -> ext=0xfff6 lui=0xd800
PASS | Input: 0xc09 ImmSrc: 0 -> ext=0x9 lui=0x2400
PASS | Input: 0x9cd ImmSrc: 1 -> ext=0xf9cd lui=0x3400
PASS | Input: 0xb7f ImmSrc: 1 -> ext=0xfb7f lui=0xfc00
PASS | Input: 0x502 ImmSrc: 0 -> ext=0x2 lui=0x800
PASS | Input: 0xcf ImmSrc: 1 -> ext=0xcf lui=0x3c00
PASS | Input: 0x5ba ImmSrc: 1 -> ext=0x5ba lui=0xe800
PASS | Input: 0x90f ImmSrc: 1 -> ext=0xf90f lui=0x3c00
PASS | Input: 0x725 ImmSrc: 1 -> ext=0x725 lui=0x9400
PASS | Input: 0xfa6 ImmSrc: 0 -> ext=0xffe6 lui=0x9800
PASS | Input: 0x621 ImmSrc: 0 -> ext=0xffe1 lui=0x8400
PASS | Input: 0x9f ImmSrc: 1 -> ext=0x9f lui=0x7c00
PASS | Input: 0xd1f ImmSrc: 0 -> ext=0x1f lui=0x7c00
PASS | Input: 0x9b6 ImmSrc: 0 -> ext=0xfff6 lui=0xd800
PASS | Input: 0xb61 ImmSrc: 1 -> ext=0xfb61 lui=0x8400
PASS | Input: 0x5bd ImmSrc: 1 -> ext=0x5bd lui=0xf400
PASS | Input: 0x6e4 ImmSrc: 1 -> ext=0x6e4 lui=0x9000
PASS | Input: 0xd69 ImmSrc: 1 -> ext=0xfd69 lui=0xa400
PASS | Input: 0x1df ImmSrc: 0 -> ext=0x1f lui=0x7c00
PASS | Input: 0x22c ImmSrc: 0 -> ext=0xffec lui=0xb000
PASS | Input: 0x21a ImmSrc: 1 -> ext=0x21a lui=0x6800
PASS | Input: 0xd25 ImmSrc: 1 -> ext=0xfd25 lui=0x9400
PASS | Input: 0xbfe ImmSrc: 0 -> ext=0xfffe lui=0xf800
PASS | Input: 0xbcc ImmSrc: 0 -> ext=0xc lui=0x3000
PASS | Input: 0x2bf ImmSrc: 0 -> ext=0xffff lui=0xfc00
PASS | Input: 0x968 ImmSrc: 0 -> ext=0xffe8 lui=0xa000
PASS | Input: 0x669 ImmSrc: 0 -> ext=0xffe9 lui=0xa400
PASS | Input: 0x1e9 ImmSrc: 0 -> ext=0xffe9 lui=0xa400
PASS | Input: 0x42d ImmSrc: 1 -> ext=0x42d lui=0xb400
PASS | Input: 0xe42 ImmSrc: 1 -> ext=0xfe42 lui=0x800
PASS | Input: 0x6ce ImmSrc: 1 -> ext=0x6ce lui=0x3800
PASS | Input: 0xfdd ImmSrc: 0 -> ext=0x1d lui=0x7400
PASS | Input: 0x87a ImmSrc: 1 -> ext=0xf87a lui=0xe800
PASS | Input: 0xe31 ImmSrc: 0 -> ext=0xfff1 lui=0xc400
PASS | Input: 0x8ef ImmSrc: 0 -> ext=0xffef lui=0xbc00
PASS | Input: 0x927 ImmSrc: 1 -> ext=0xf927 lui=0x9c00
PASS | Input: 0x3f ImmSrc: 0 -> ext=0xffff lui=0xfc00
PASS | Input: 0xa5a ImmSrc: 0 -> ext=0x1a lui=0x6800
PASS | Input: 0xe12 ImmSrc: 0 -> ext=0x12 lui=0x4800
PASS | Input: 0xecb ImmSrc: 1 -> ext=0xfecb lui=0x2c00
PASS | Input: 0xcb5 ImmSrc: 1 -> ext=0xfcb5 lui=0xd400
PASS | Input: 0x26 ImmSrc: 1 -> ext=0x26 lui=0x9800
PASS | Input: 0x6d6 ImmSrc: 0 -> ext=0x16 lui=0x5800
PASS | Input: 0xe26 ImmSrc: 1 -> ext=0xfe26 lui=0x9800
PASS | Input: 0xa3e ImmSrc: 0 -> ext=0xfffe lui=0xf800
PASS | Input: 0x23d ImmSrc: 0 -> ext=0xfffd lui=0xf400
PASS | Input: 0x368 ImmSrc: 1 -> ext=0x368 lui=0xa000
PASS | Input: 0xb10 ImmSrc: 1 -> ext=0xfb10 lui=0x4000
PASS | Input: 0xb46 ImmSrc: 0 -> ext=0x6 lui=0x1800
PASS | Input: 0xdf ImmSrc: 0 -> ext=0x1f lui=0x7c00
PASS | Input: 0x13 ImmSrc: 0 -> ext=0x13 lui=0x4c00
PASS | Input: 0x170 ImmSrc: 0 -> ext=0xfff0 lui=0xc000
PASS | Input: 0xf84 ImmSrc: 1 -> ext=0xff84 lui=0x1000
PASS | Input: 0x9a1 ImmSrc: 1 -> ext=0xf9a1 lui=0x8400
PASS | Input: 0x234 ImmSrc: 0 -> ext=0xfff4 lui=0xd000
PASS | Input: 0x222 ImmSrc: 1 -> ext=0x222 lui=0x8800
PASS | Input: 0x7a0 ImmSrc: 1 -> ext=0x7a0 lui=0x8000
PASS | Input: 0xa89 ImmSrc: 1 -> ext=0xfa89 lui=0x2400
PASS | Input: 0x78e ImmSrc: 0 -> ext=0xe lui=0x3800
PASS | Input: 0xf42 ImmSrc: 1 -> ext=0xff42 lui=0x800
PASS | Input: 0x133 ImmSrc: 1 -> ext=0x133 lui=0xcc00
PASS | Input: 0x884 ImmSrc: 1 -> ext=0xf884 lui=0x1000
PASS | Input: 0xff9 ImmSrc: 1 -> ext=0xfff9 lui=0xe400
PASS | Input: 0x7d6 ImmSrc: 1 -> ext=0x7d6 lui=0x5800
PASS | Input: 0xf2d ImmSrc: 0 -> ext=0xffed lui=0xb400
PASS | Input: 0x346 ImmSrc: 1 -> ext=0x346 lui=0x1800
PASS | Input: 0x97d ImmSrc: 1 -> ext=0xf97d lui=0xf400
PASS | Input: 0x8e0 ImmSrc: 1 -> ext=0xf8e0 lui=0x8000
PASS | Input: 0xe96 ImmSrc: 1 -> ext=0xfe96 lui=0x5800
PASS | Input: 0x485 ImmSrc: 1 -> ext=0x485 lui=0x1400
PASS | Input: 0x6bc ImmSrc: 1 -> ext=0x6bc lui=0xf000
PASS | Input: 0x5bf ImmSrc: 1 -> ext=0x5bf lui=0xfc00
PASS | Input: 0x1b2 ImmSrc: 1 -> ext=0x1b2 lui=0xc800
PASS | Input: 0x491 ImmSrc: 0 -> ext=0x11 lui=0x4400
PASS | Input: 0x7cb ImmSrc: 1 -> ext=0x7cb lui=0x2c00
PASS | Input: 0xe00 ImmSrc: 0 -> ext=0x0 lui=0x0
PASS | Input: 0x782 ImmSrc: 1 -> ext=0x782 lui=0x800
PASS | Input: 0xe4e ImmSrc: 0 -> ext=0xe lui=0x3800
PASS | Input: 0xb63 ImmSrc: 1 -> ext=0xfb63 lui=0x8c00
PASS | Input: 0x8a ImmSrc: 1 -> ext=0x8a lui=0x2800
PASS | Input: 0x1ac ImmSrc: 1 -> ext=0x1ac lui=0xb000
PASS | Input: 0x295 ImmSrc: 1 -> ext=0x295 lui=0x5400
PASS | Input: 0x274 ImmSrc: 1 -> ext=0x274 lui=0xd000
PASS | Input: 0xe25 ImmSrc: 1 -> ext=0xfe25 lui=0x9400
PASS | Input: 0xcb7 ImmSrc: 0 -> ext=0xfff7 lui=0xdc00
PASS | Input: 0x2e9 ImmSrc: 0 -> ext=0xffe9 lui=0xa400
PASS | Input: 0xa17 ImmSrc: 0 -> ext=0x17 lui=0x5c00
PASS | Input: 0x966 ImmSrc: 0 -> ext=0xffe6 lui=0x9800
PASS | Input: 0xab3 ImmSrc: 1 -> ext=0xfab3 lui=0xcc00
PASS | Input: 0xf97 ImmSrc: 1 -> ext=0xff97 lui=0x5c00
PASS | Input: 0x9e3 ImmSrc: 0 -> ext=0xffe3 lui=0x8c00
PASS | Input: 0xdfd ImmSrc: 0 -> ext=0xfffd lui=0xf400
PASS | Input: 0xc3b ImmSrc: 1 -> ext=0xfc3b lui=0xec00
PASS | Input: 0x32a ImmSrc: 0 -> ext=0xffea lui=0xa800
PASS | Input: 0x6a0 ImmSrc: 1 -> ext=0x6a0 lui=0x8000
PASS | Input: 0xd5d ImmSrc: 0 -> ext=0x1d lui=0x7400
PASS | Input: 0x3d8 ImmSrc: 1 -> ext=0x3d8 lui=0x6000
PASS | Input: 0x54f ImmSrc: 0 -> ext=0xf lui=0x3c00
PASS | Input: 0xb58 ImmSrc: 1 -> ext=0xfb58 lui=0x6000
PASS | Input: 0x6c7 ImmSrc: 1 -> ext=0x6c7 lui=0x1c00
PASS | Input: 0xbc1 ImmSrc: 1 -> ext=0xfbc1 lui=0x400
PASS | Input: 0x108 ImmSrc: 1 -> ext=0x108 lui=0x2000
PASS | Input: 0xcb ImmSrc: 1 -> ext=0xcb lui=0x2c00
PASS | Input: 0xcb6 ImmSrc: 1 -> ext=0xfcb6 lui=0xd800
PASS | Input: 0x405 ImmSrc: 0 -> ext=0x5 lui=0x1400
PASS | Input: 0x64b ImmSrc: 0 -> ext=0xb lui=0x2c00
PASS | Input: 0x942 ImmSrc: 0 -> ext=0x2 lui=0x800
PASS | Input: 0xdac ImmSrc: 0 -> ext=0xffec lui=0xb000
PASS | Input: 0x505 ImmSrc: 0 -> ext=0x5 lui=0x1400
PASS | Input: 0x8ff ImmSrc: 1 -> ext=0xf8ff lui=0xfc00
PASS | Input: 0x4c3 ImmSrc: 1 -> ext=0x4c3 lui=0xc00
PASS | Input: 0x858 ImmSrc: 1 -> ext=0xf858 lui=0x6000
PASS | Input: 0x45e ImmSrc: 1 -> ext=0x45e lui=0x7800
PASS | Input: 0x751 ImmSrc: 1 -> ext=0x751 lui=0x4400
PASS | Input: 0x3a2 ImmSrc: 0 -> ext=0xffe2 lui=0x8800
PASS | Input: 0xf25 ImmSrc: 0 -> ext=0xffe5 lui=0x9400
PASS | Input: 0x829 ImmSrc: 1 -> ext=0xf829 lui=0xa400
PASS | Input: 0xf73 ImmSrc: 0 -> ext=0xfff3 lui=0xcc00
PASS | Input: 0x576 ImmSrc: 1 -> ext=0x576 lui=0xd800
PASS | Input: 0x125 ImmSrc: 0 -> ext=0xffe5 lui=0x9400
PASS | Input: 0xa0 ImmSrc: 1 -> ext=0xa0 lui=0x8000
PASS | Input: 0xb8 ImmSrc: 1 -> ext=0xb8 lui=0xe000
PASS | Input: 0x86b ImmSrc: 0 -> ext=0xffeb lui=0xac00
PASS | Input: 0xc59 ImmSrc: 1 -> ext=0xfc59 lui=0x6400
PASS | Input: 0xa1e ImmSrc: 1 -> ext=0xfa1e lui=0x7800
PASS | Input: 0xe0b ImmSrc: 1 -> ext=0xfe0b lui=0x2c00
PASS | Input: 0xf5 ImmSrc: 0 -> ext=0xfff5 lui=0xd400
PASS | Input: 0x35e ImmSrc: 0 -> ext=0x1e lui=0x7800
PASS | Input: 0x784 ImmSrc: 0 -> ext=0x4 lui=0x1000
PASS | Input: 0x7cf ImmSrc: 0 -> ext=0xf lui=0x3c00
PASS | Input: 0xbe2 ImmSrc: 0 -> ext=0xffe2 lui=0x8800
PASS | Input: 0x679 ImmSrc: 1 -> ext=0x679 lui=0xe400
PASS | Input: 0x6fa ImmSrc: 0 -> ext=0xfffa lui=0xe800
PASS | Input: 0xb16 ImmSrc: 1 -> ext=0xfb16 lui=0x5800
PASS | Input: 0x8d0 ImmSrc: 1 -> ext=0xf8d0 lui=0x4000
PASS | Input: 0x200 ImmSrc: 0 -> ext=0x0 lui=0x0
PASS | Input: 0xb17 ImmSrc: 1 -> ext=0xfb17 lui=0x5c00
PASS | Input: 0xa3c ImmSrc: 1 -> ext=0xfa3c lui=0xf000
PASS | Input: 0x8fc ImmSrc: 1 -> ext=0xf8fc lui=0xf000
PASS | Input: 0xa27 ImmSrc: 0 -> ext=0xffe7 lui=0x9c00
PASS | Input: 0x5f ImmSrc: 0 -> ext=0x1f lui=0x7c00
PASS | Input: 0x4e5 ImmSrc: 0 -> ext=0xffe5 lui=0x9400
PASS | Input: 0xc79 ImmSrc: 1 -> ext=0xfc79 lui=0xe400
PASS | Input: 0xe28 ImmSrc: 1 -> ext=0xfe28 lui=0xa000
PASS | Input: 0x926 ImmSrc: 0 -> ext=0xffe6 lui=0x9800
PASS | Input: 0x957 ImmSrc: 1 -> ext=0xf957 lui=0x5c00
PASS | Input: 0x3c0 ImmSrc: 0 -> ext=0x0 lui=0x0
PASS | Input: 0xcd0 ImmSrc: 1 -> ext=0xfcd0 lui=0x4000
PASS | Input: 0x7d7 ImmSrc: 1 -> ext=0x7d7 lui=0x5c00
PASS | Input: 0x933 ImmSrc: 1 -> ext=0xf933 lui=0xcc00
PASS | Input: 0xda5 ImmSrc: 1 -> ext=0xfda5 lui=0x9400
PASS | Input: 0x66d ImmSrc: 1 -> ext=0x66d lui=0xb400
PASS | Input: 0x593 ImmSrc: 1 -> ext=0x593 lui=0x4c00
PASS | Input: 0x391 ImmSrc: 0 -> ext=0x11 lui=0x4400
PASS | Input: 0x9a7 ImmSrc: 1 -> ext=0xf9a7 lui=0x9c00
PASS | Input: 0xa12 ImmSrc: 1 -> ext=0xfa12 lui=0x4800
PASS | Input: 0x736 ImmSrc: 1 -> ext=0x736 lui=0xd800
PASS | Input: 0x87c ImmSrc: 1 -> ext=0xf87c lui=0xf000
PASS | Input: 0x8a9 ImmSrc: 0 -> ext=0xffe9 lui=0xa400
PASS | Input: 0xa47 ImmSrc: 1 -> ext=0xfa47 lui=0x1c00
PASS | Input: 0xcba ImmSrc: 1 -> ext=0xfcba lui=0xe800
PASS | Input: 0xbce ImmSrc: 1 -> ext=0xfbce lui=0x3800
PASS | Input: 0xbfc ImmSrc: 0 -> ext=0xfffc lui=0xf000
PASS | Input: 0x514 ImmSrc: 1 -> ext=0x514 lui=0x5000
PASS | Input: 0x4fa ImmSrc: 1 -> ext=0x4fa lui=0xe800
PASS | Input: 0x765 ImmSrc: 0 -> ext=0xffe5 lui=0x9400
PASS | Input: 0xdc ImmSrc: 1 -> ext=0xdc lui=0x7000
PASS | Input: 0xb6a ImmSrc: 1 -> ext=0xfb6a lui=0xa800
PASS | Input: 0xfd3 ImmSrc: 0 -> ext=0x13 lui=0x4c00
PASS | Input: 0xcc8 ImmSrc: 0 -> ext=0x8 lui=0x2000
PASS | Input: 0xa3a ImmSrc: 0 -> ext=0xfffa lui=0xe800
PASS | Input: 0xbee ImmSrc: 1 -> ext=0xfbee lui=0xb800
PASS | Input: 0xcaa ImmSrc: 1 -> ext=0xfcaa lui=0xa800
PASS | Input: 0xe17 ImmSrc: 1 -> ext=0xfe17 lui=0x5c00
PASS | Input: 0x4f6 ImmSrc: 0 -> ext=0xfff6 lui=0xd800
PASS | Input: 0x526 ImmSrc: 0 -> ext=0xffe6 lui=0x9800
PASS | Input: 0xf4e ImmSrc: 1 -> ext=0xff4e lui=0x3800
PASS | Input: 0xa6f ImmSrc: 1 -> ext=0xfa6f lui=0xbc00
PASS | Input: 0x46f ImmSrc: 0 -> ext=0xffef lui=0xbc00
PASS | Input: 0xd03 ImmSrc: 0 -> ext=0x3 lui=0xc00
PASS | Input: 0x338 ImmSrc: 1 -> ext=0x338 lui=0xe000
PASS | Input: 0x39f ImmSrc: 1 -> ext=0x39f lui=0x7c00
PASS | Input: 0x573 ImmSrc: 1 -> ext=0x573 lui=0xcc00
PASS | Input: 0xdcb ImmSrc: 1 -> ext=0xfdcb lui=0x2c00
PASS | Input: 0x933 ImmSrc: 0 -> ext=0xfff3 lui=0xcc00
PASS | Input: 0x748 ImmSrc: 1 -> ext=0x748 lui=0x2000
PASS | Input: 0xb98 ImmSrc: 1 -> ext=0xfb98 lui=0x6000
PASS | Input: 0x866 ImmSrc: 1 -> ext=0xf866 lui=0x9800
PASS | Input: 0x35c ImmSrc: 1 -> ext=0x35c lui=0x7000
PASS | Input: 0x553 ImmSrc: 0 -> ext=0x13 lui=0x4c00
PASS | Input: 0x2ed ImmSrc: 0 -> ext=0xffed lui=0xb400
PASS | Input: 0x6 ImmSrc: 0 -> ext=0x6 lui=0x1800
PASS | Input: 0x185 ImmSrc: 1 -> ext=0x185 lui=0x1400
PASS | Input: 0xdcf ImmSrc: 1 -> ext=0xfdcf lui=0x3c00
PASS | Input: 0xc08 ImmSrc: 1 -> ext=0xfc08 lui=0x2000
PASS | Input: 0x336 ImmSrc: 0 -> ext=0xfff6 lui=0xd800
PASS | Input: 0x1fb ImmSrc: 1 -> ext=0x1fb lui=0xec00
PASS | Input: 0x2c ImmSrc: 0 -> ext=0xffec lui=0xb000
PASS | Input: 0xa81 ImmSrc: 0 -> ext=0x1 lui=0x400
PASS | Input: 0x40 ImmSrc: 1 -> ext=0x40 lui=0x0
PASS | Input: 0x4a2 ImmSrc: 1 -> ext=0x4a2 lui=0x8800
PASS | Input: 0xfd4 ImmSrc: 0 -> ext=0x14 lui=0x5000
PASS | Input: 0xbbf ImmSrc: 1 -> ext=0xfbbf lui=0xfc00
PASS | Input: 0x8fe ImmSrc: 1 -> ext=0xf8fe lui=0xf800
PASS | Input: 0xa81 ImmSrc: 1 -> ext=0xfa81 lui=0x400
PASS | Input: 0x829 ImmSrc: 0 -> ext=0xffe9 lui=0xa400
PASS | Input: 0xe2d ImmSrc: 1 -> ext=0xfe2d lui=0xb400
PASS | Input: 0xc01 ImmSrc: 1 -> ext=0xfc01 lui=0x400
PASS | Input: 0x39f ImmSrc: 1 -> ext=0x39f lui=0x7c00
PASS | Input: 0xfdc ImmSrc: 1 -> ext=0xffdc lui=0x7000
PASS | Input: 0x4d0 ImmSrc: 1 -> ext=0x4d0 lui=0x4000
PASS | Input: 0xb1b ImmSrc: 0 -> ext=0x1b lui=0x6c00
PASS | Input: 0xf46 ImmSrc: 1 -> ext=0xff46 lui=0x1800
PASS | Input: 0xfae ImmSrc: 1 -> ext=0xffae lui=0xb800
PASS | Input: 0xf33 ImmSrc: 0 -> ext=0xfff3 lui=0xcc00
PASS | Input: 0x54e ImmSrc: 0 -> ext=0xe lui=0x3800
PASS | Input: 0xeaa ImmSrc: 0 -> ext=0xffea lui=0xa800
PASS | Input: 0x883 ImmSrc: 0 -> ext=0x3 lui=0xc00
PASS | Input: 0xbc0 ImmSrc: 1 -> ext=0xfbc0 lui=0x0
PASS | Input: 0x813 ImmSrc: 0 -> ext=0x13 lui=0x4c00
PASS | Input: 0x1e9 ImmSrc: 1 -> ext=0x1e9 lui=0xa400
PASS | Input: 0xee5 ImmSrc: 0 -> ext=0xffe5 lui=0x9400
PASS | Input: 0xa73 ImmSrc: 0 -> ext=0xfff3 lui=0xcc00
PASS | Input: 0x808 ImmSrc: 1 -> ext=0xf808 lui=0x2000
PASS | Input: 0x56e ImmSrc: 0 -> ext=0xffee lui=0xb800
PASS | Input: 0xfda ImmSrc: 1 -> ext=0xffda lui=0x6800
PASS | Input: 0xde7 ImmSrc: 0 -> ext=0xffe7 lui=0x9c00
PASS | Input: 0x2fb ImmSrc: 0 -> ext=0xfffb lui=0xec00
PASS | Input: 0xdb5 ImmSrc: 1 -> ext=0xfdb5 lui=0xd400
PASS | Input: 0xb1f ImmSrc: 1 -> ext=0xfb1f lui=0x7c00
PASS | Input: 0x2d0 ImmSrc: 0 -> ext=0x10 lui=0x4000
PASS | Input: 0x751 ImmSrc: 0 -> ext=0x11 lui=0x4400
PASS | Input: 0x96d ImmSrc: 0 -> ext=0xffed lui=0xb400
PASS | Input: 0x2c7 ImmSrc: 0 -> ext=0x7 lui=0x1c00
PASS | Input: 0xbcb ImmSrc: 0 -> ext=0xb lui=0x2c00
PASS | Input: 0x8d7 ImmSrc: 0 -> ext=0x17 lui=0x5c00
PASS | Input: 0x7fc ImmSrc: 1 -> ext=0x7fc lui=0xf000
PASS | Input: 0x430 ImmSrc: 1 -> ext=0x430 lui=0xc000
PASS | Input: 0x78f ImmSrc: 1 -> ext=0x78f lui=0x3c00
PASS | Input: 0x2e6 ImmSrc: 0 -> ext=0xffe6 lui=0x9800
PASS | Input: 0x862 ImmSrc: 0 -> ext=0xffe2 lui=0x8800
PASS | Input: 0x65 ImmSrc: 1 -> ext=0x65 lui=0x9400
PASS | Input: 0x585 ImmSrc: 1 -> ext=0x585 lui=0x1400
PASS | Input: 0x9f5 ImmSrc: 0 -> ext=0xfff5 lui=0xd400
PASS | Input: 0xc7b ImmSrc: 1 -> ext=0xfc7b lui=0xec00
PASS | Input: 0x9d3 ImmSrc: 0 -> ext=0x13 lui=0x4c00
PASS | Input: 0x6b6 ImmSrc: 1 -> ext=0x6b6 lui=0xd800
PASS | Input: 0xa81 ImmSrc: 1 -> ext=0xfa81 lui=0x400
PASS | Input: 0x2a3 ImmSrc: 0 -> ext=0xffe3 lui=0x8c00
PASS | Input: 0xb67 ImmSrc: 1 -> ext=0xfb67 lui=0x9c00
PASS | Input: 0xd21 ImmSrc: 1 -> ext=0xfd21 lui=0x8400
PASS | Input: 0x756 ImmSrc: 1 -> ext=0x756 lui=0x5800
PASS | Input: 0xdb8 ImmSrc: 1 -> ext=0xfdb8 lui=0xe000
PASS | Input: 0x908 ImmSrc: 0 -> ext=0x8 lui=0x2000
PASS | Input: 0x36c ImmSrc: 0 -> ext=0xffec lui=0xb000
PASS | Input: 0xf3b ImmSrc: 1 -> ext=0xff3b lui=0xec00
PASS | Input: 0xb7f ImmSrc: 1 -> ext=0xfb7f lui=0xfc00
PASS | Input: 0x373 ImmSrc: 1 -> ext=0x373 lui=0xcc00
PASS | Input: 0xefa ImmSrc: 1 -> ext=0xfefa lui=0xe800
PASS | Input: 0x2 ImmSrc: 0 -> ext=0x2 lui=0x800
PASS | Input: 0xb63 ImmSrc: 1 -> ext=0xfb63 lui=0x8c00
PASS | Input: 0x774 ImmSrc: 1 -> ext=0x774 lui=0xd000
PASS | Input: 0xa5b ImmSrc: 0 -> ext=0x1b lui=0x6c00
PASS | Input: 0xeeb ImmSrc: 0 -> ext=0xffeb lui=0xac00
PASS | Input: 0xd9e ImmSrc: 0 -> ext=0x1e lui=0x7800
PASS | Input: 0x485 ImmSrc: 0 -> ext=0x5 lui=0x1400
PASS | Input: 0xc20 ImmSrc: 1 -> ext=0xfc20 lui=0x8000
PASS | Input: 0x673 ImmSrc: 1 -> ext=0x673 lui=0xcc00
PASS | Input: 0x2b5 ImmSrc: 0 -> ext=0xfff5 lui=0xd400
PASS | Input: 0xec3 ImmSrc: 1 -> ext=0xfec3 lui=0xc00
PASS | Input: 0xd ImmSrc: 0 -> ext=0xd lui=0x3400
PASS | Input: 0xb82 ImmSrc: 1 -> ext=0xfb82 lui=0x800
PASS | Input: 0xd62 ImmSrc: 0 -> ext=0xffe2 lui=0x8800
PASS | Input: 0x24f ImmSrc: 0 -> ext=0xf lui=0x3c00
PASS | Input: 0x6b0 ImmSrc: 1 -> ext=0x6b0 lui=0xc000
PASS | Input: 0x9f0 ImmSrc: 1 -> ext=0xf9f0 lui=0xc000
PASS | Input: 0x8d0 ImmSrc: 0 -> ext=0x10 lui=0x4000
PASS | Input: 0x205 ImmSrc: 0 -> ext=0x5 lui=0x1400
PASS | Input: 0x14e ImmSrc: 1 -> ext=0x14e lui=0x3800
PASS | Input: 0x73 ImmSrc: 1 -> ext=0x73 lui=0xcc00
PASS | Input: 0x946 ImmSrc: 0 -> ext=0x6 lui=0x1800
PASS | Input: 0xf99 ImmSrc: 1 -> ext=0xff99 lui=0x6400
PASS | Input: 0xc3b ImmSrc: 0 -> ext=0xfffb lui=0xec00
PASS | Input: 0x7ec ImmSrc: 0 -> ext=0xffec lui=0xb000
PASS | Input: 0xb22 ImmSrc: 0 -> ext=0xffe2 lui=0x8800
PASS | Input: 0x511 ImmSrc: 1 -> ext=0x511 lui=0x4400
PASS | Input: 0xd8b ImmSrc: 0 -> ext=0xb lui=0x2c00
PASS | Input: 0x40d ImmSrc: 0 -> ext=0xd lui=0x3400
PASS | Input: 0xe40 ImmSrc: 1 -> ext=0xfe40 lui=0x0
PASS | Input: 0x59f ImmSrc: 1 -> ext=0x59f lui=0x7c00
PASS | Input: 0xe24 ImmSrc: 1 -> ext=0xfe24 lui=0x9000
PASS | Input: 0xf68 ImmSrc: 0 -> ext=0xffe8 lui=0xa000
PASS | Input: 0x7be ImmSrc: 0 -> ext=0xfffe lui=0xf800
PASS | Input: 0x1e1 ImmSrc: 1 -> ext=0x1e1 lui=0x8400
PASS | Input: 0x534 ImmSrc: 0 -> ext=0xfff4 lui=0xd000
PASS | Input: 0x4d9 ImmSrc: 1 -> ext=0x4d9 lui=0x6400
PASS | Input: 0x21d ImmSrc: 0 -> ext=0x1d lui=0x7400
PASS | Input: 0x774 ImmSrc: 1 -> ext=0x774 lui=0xd000
PASS | Input: 0xdff ImmSrc: 1 -> ext=0xfdff lui=0xfc00
PASS | Input: 0x453 ImmSrc: 0 -> ext=0x13 lui=0x4c00
PASS | Input: 0x1c5 ImmSrc: 0 -> ext=0x5 lui=0x1400
PASS | Input: 0x9f7 ImmSrc: 1 -> ext=0xf9f7 lui=0xdc00
PASS | Input: 0x819 ImmSrc: 0 -> ext=0x19 lui=0x6400
PASS | Input: 0x104 ImmSrc: 0 -> ext=0x4 lui=0x1000
PASS | Input: 0x1e7 ImmSrc: 0 -> ext=0xffe7 lui=0x9c00
PASS | Input: 0x760 ImmSrc: 1 -> ext=0x760 lui=0x8000
PASS | Input: 0x7f1 ImmSrc: 1 -> ext=0x7f1 lui=0xc400
PASS | Input: 0x6e9 ImmSrc: 1 -> ext=0x6e9 lui=0xa400
PASS | Input: 0x5c0 ImmSrc: 1 -> ext=0x5c0 lui=0x0
PASS | Input: 0xfba ImmSrc: 1 -> ext=0xffba lui=0xe800
PASS | Input: 0x9cc ImmSrc: 0 -> ext=0xc lui=0x3000
PASS | Input: 0x9b2 ImmSrc: 1 -> ext=0xf9b2 lui=0xc800
PASS | Input: 0xc3d ImmSrc: 1 -> ext=0xfc3d lui=0xf400
PASS | Input: 0x3f ImmSrc: 1 -> ext=0x3f lui=0xfc00
PASS | Input: 0xd10 ImmSrc: 1 -> ext=0xfd10 lui=0x4000
PASS | Input: 0x513 ImmSrc: 0 -> ext=0x13 lui=0x4c00
PASS | Input: 0x7ff ImmSrc: 0 -> ext=0xffff lui=0xfc00
PASS | Input: 0xfd5 ImmSrc: 1 -> ext=0xffd5 lui=0x5400
PASS | Input: 0x400 ImmSrc: 1 -> ext=0x400 lui=0x0
PASS | Input: 0xc6a ImmSrc: 1 -> ext=0xfc6a lui=0xa800
PASS | Input: 0x5bb ImmSrc: 1 -> ext=0x5bb lui=0xec00
PASS | Input: 0x8e6 ImmSrc: 0 -> ext=0xffe6 lui=0x9800
PASS | Input: 0xfc6 ImmSrc: 1 -> ext=0xffc6 lui=0x1800
PASS | Input: 0xfca ImmSrc: 1 -> ext=0xffca lui=0x2800
PASS | Input: 0x500 ImmSrc: 0 -> ext=0x0 lui=0x0
PASS | Input: 0xa9b ImmSrc: 0 -> ext=0x1b lui=0x6c00
PASS | Input: 0xceb ImmSrc: 0 -> ext=0xffeb lui=0xac00
PASS | Input: 0xa6c ImmSrc: 0 -> ext=0xffec lui=0xb000
PASS | Input: 0x756 ImmSrc: 0 -> ext=0x16 lui=0x5800
PASS | Input: 0xb7b ImmSrc: 0 -> ext=0xfffb lui=0xec00
PASS | Input: 0xc2b ImmSrc: 0 -> ext=0xffeb lui=0xac00
PASS | Input: 0x472 ImmSrc: 1 -> ext=0x472 lui=0xc800
PASS | Input: 0xdc6 ImmSrc: 1 -> ext=0xfdc6 lui=0x1800
PASS | Input: 0x562 ImmSrc: 0 -> ext=0xffe2 lui=0x8800
PASS | Input: 0x1a4 ImmSrc: 1 -> ext=0x1a4 lui=0x9000
PASS | Input: 0x618 ImmSrc: 0 -> ext=0x18 lui=0x6000
PASS | Input: 0x6bb ImmSrc: 0 -> ext=0xfffb lui=0xec00
PASS | Input: 0x8dd ImmSrc: 1 -> ext=0xf8dd lui=0x7400
PASS | Input: 0x86b ImmSrc: 1 -> ext=0xf86b lui=0xac00
PASS | Input: 0x43c ImmSrc: 1 -> ext=0x43c lui=0xf000
PASS | Input: 0x242 ImmSrc: 1 -> ext=0x242 lui=0x800
PASS | Input: 0x9e6 ImmSrc: 1 -> ext=0xf9e6 lui=0x9800
PASS | Input: 0x81 ImmSrc: 0 -> ext=0x1 lui=0x400
PASS | Input: 0xe4b ImmSrc: 1 -> ext=0xfe4b lui=0x2c00
PASS | Input: 0xb2 ImmSrc: 0 -> ext=0xfff2 lui=0xc800
PASS | Input: 0x5ff ImmSrc: 0 -> ext=0xffff lui=0xfc00
PASS | Input: 0xf23 ImmSrc: 0 -> ext=0xffe3 lui=0x8c00
PASS | Input: 0x389 ImmSrc: 1 -> ext=0x389 lui=0x2400
PASS | Input: 0x3aa ImmSrc: 0 -> ext=0xffea lui=0xa800
PASS | Input: 0x9ab ImmSrc: 0 -> ext=0xffeb lui=0xac00
PASS | Input: 0xd7d ImmSrc: 1 -> ext=0xfd7d lui=0xf400
PASS | Input: 0x3c0 ImmSrc: 0 -> ext=0x0 lui=0x0
PASS | Input: 0x97b ImmSrc: 1 -> ext=0xf97b lui=0xec00
PASS | Input: 0xb4a ImmSrc: 1 -> ext=0xfb4a lui=0x2800
PASS | Input: 0x1c1 ImmSrc: 0 -> ext=0x1 lui=0x400
PASS | Input: 0xd46 ImmSrc: 0 -> ext=0x6 lui=0x1800
PASS | Input: 0xe1 ImmSrc: 1 -> ext=0xe1 lui=0x8400
PASS | Input: 0x757 ImmSrc: 1 -> ext=0x757 lui=0x5c00
PASS | Input: 0x693 ImmSrc: 0 -> ext=0x13 lui=0x4c00
PASS | Input: 0x26e ImmSrc: 1 -> ext=0x26e lui=0xb800
PASS | Input: 0xb31 ImmSrc: 0 -> ext=0xfff1 lui=0xc400
PASS | Input: 0xdfd ImmSrc: 0 -> ext=0xfffd lui=0xf400
PASS | Input: 0xee4 ImmSrc: 1 -> ext=0xfee4 lui=0x9000
PASS | Input: 0x24e ImmSrc: 1 -> ext=0x24e lui=0x3800
PASS | Input: 0xad2 ImmSrc: 1 -> ext=0xfad2 lui=0x4800
PASS | Input: 0xe18 ImmSrc: 1 -> ext=0xfe18 lui=0x6000
PASS | Input: 0xa1f ImmSrc: 1 -> ext=0xfa1f lui=0x7c00
PASS | Input: 0xeec ImmSrc: 1 -> ext=0xfeec lui=0xb000
PASS | Input: 0xa28 ImmSrc: 1 -> ext=0xfa28 lui=0xa000
PASS | Input: 0xd8b ImmSrc: 1 -> ext=0xfd8b lui=0x2c00
PASS | Input: 0x8bf ImmSrc: 1 -> ext=0xf8bf lui=0xfc00
PASS | Input: 0x4c8 ImmSrc: 0 -> ext=0x8 lui=0x2000
PASS | Input: 0xed1 ImmSrc: 0 -> ext=0x11 lui=0x4400
PASS | Input: 0x500 ImmSrc: 0 -> ext=0x0 lui=0x0
PASS | Input: 0xb40 ImmSrc: 0 -> ext=0x0 lui=0x0
PASS | Input: 0x7cb ImmSrc: 1 -> ext=0x7cb lui=0x2c00
PASS | Input: 0x74d ImmSrc: 0 -> ext=0xd lui=0x3400
PASS | Input: 0x6fe ImmSrc: 0 -> ext=0xfffe lui=0xf800
PASS | Input: 0xf73 ImmSrc: 1 -> ext=0xff73 lui=0xcc00
PASS | Input: 0x38b ImmSrc: 0 -> ext=0xb lui=0x2c00
PASS | Input: 0xfd ImmSrc: 0 -> ext=0xfffd lui=0xf400
PASS | Input: 0x467 ImmSrc: 1 -> ext=0x467 lui=0x9c00
PASS | Input: 0x634 ImmSrc: 1 -> ext=0x634 lui=0xd000
PASS | Input: 0x8fd ImmSrc: 0 -> ext=0xfffd lui=0xf400
PASS | Input: 0xc87 ImmSrc: 0 -> ext=0x7 lui=0x1c00
PASS | Input: 0xc54 ImmSrc: 0 -> ext=0x14 lui=0x5000
PASS | Input: 0x176 ImmSrc: 0 -> ext=0xfff6 lui=0xd800
PASS | Input: 0xd7a ImmSrc: 0 -> ext=0xfffa lui=0xe800
PASS | Input: 0xc9d ImmSrc: 0 -> ext=0x1d lui=0x7400
PASS | Input: 0x14b ImmSrc: 0 -> ext=0xb lui=0x2c00
PASS | Input: 0xebd ImmSrc: 0 -> ext=0xfffd lui=0xf400
PASS | Input: 0x92f ImmSrc: 1 -> ext=0xf92f lui=0xbc00
PASS | Input: 0x117 ImmSrc: 1 -> ext=0x117 lui=0x5c00
PASS | Input: 0x1e1 ImmSrc: 0 -> ext=0xffe1 lui=0x8400
PASS | Input: 0xfed ImmSrc: 0 -> ext=0xffed lui=0xb400
PASS | Input: 0xe5 ImmSrc: 0 -> ext=0xffe5 lui=0x9400
PASS | Input: 0x682 ImmSrc: 0 -> ext=0x2 lui=0x800
PASS | Input: 0xaaf ImmSrc: 1 -> ext=0xfaaf lui=0xbc00
PASS | Input: 0x27d ImmSrc: 0 -> ext=0xfffd lui=0xf400
PASS | Input: 0x52d ImmSrc: 0 -> ext=0xffed lui=0xb400
PASS | Input: 0xff7 ImmSrc: 0 -> ext=0xfff7 lui=0xdc00
PASS | Input: 0xfb1 ImmSrc: 1 -> ext=0xffb1 lui=0xc400
PASS | Input: 0x90e ImmSrc: 1 -> ext=0xf90e lui=0x3800
PASS | Input: 0x2eb ImmSrc: 0 -> ext=0xffeb lui=0xac00
PASS | Input: 0xd67 ImmSrc: 1 -> ext=0xfd67 lui=0x9c00
PASS | Input: 0xefc ImmSrc: 1 -> ext=0xfefc lui=0xf000
PASS | Input: 0x359 ImmSrc: 1 -> ext=0x359 lui=0x6400
PASS | Input: 0xd40 ImmSrc: 1 -> ext=0xfd40 lui=0x0
PASS | Input: 0xa39 ImmSrc: 1 -> ext=0xfa39 lui=0xe400
PASS | Input: 0x8e1 ImmSrc: 0 -> ext=0xffe1 lui=0x8400
PASS | Input: 0xe84 ImmSrc: 0 -> ext=0x4 lui=0x1000
PASS | Input: 0xd7 ImmSrc: 1 -> ext=0xd7 lui=0x5c00
PASS | Input: 0xc50 ImmSrc: 1 -> ext=0xfc50 lui=0x4000
PASS | Input: 0xf60 ImmSrc: 1 -> ext=0xff60 lui=0x8000
PASS | Input: 0xfd6 ImmSrc: 1 -> ext=0xffd6 lui=0x5800
PASS | Input: 0x8e ImmSrc: 1 -> ext=0x8e lui=0x3800
PASS | Input: 0x36b ImmSrc: 0 -> ext=0xffeb lui=0xac00
PASS | Input: 0x107 ImmSrc: 1 -> ext=0x107 lui=0x1c00
PASS | Input: 0x1c8 ImmSrc: 0 -> ext=0x8 lui=0x2000
PASS | Input: 0xb82 ImmSrc: 1 -> ext=0xfb82 lui=0x800
PASS | Input: 0xaeb ImmSrc: 0 -> ext=0xffeb lui=0xac00
PASS | Input: 0xd2d ImmSrc: 0 -> ext=0xffed lui=0xb400
PASS | Input: 0x77a ImmSrc: 0 -> ext=0xfffa lui=0xe800
PASS | Input: 0x7b ImmSrc: 0 -> ext=0xfffb lui=0xec00
PASS | Input: 0x5f3 ImmSrc: 0 -> ext=0xfff3 lui=0xcc00
PASS | Input: 0x38d ImmSrc: 0 -> ext=0xd lui=0x3400
PASS | Input: 0x85 ImmSrc: 0 -> ext=0x5 lui=0x1400
PASS | Input: 0xb4 ImmSrc: 1 -> ext=0xb4 lui=0xd000
PASS | Input: 0x3ef ImmSrc: 1 -> ext=0x3ef lui=0xbc00
PASS | Input: 0x53e ImmSrc: 1 -> ext=0x53e lui=0xf800
PASS | Input: 0xb2f ImmSrc: 1 -> ext=0xfb2f lui=0xbc00
PASS | Input: 0xa09 ImmSrc: 1 -> ext=0xfa09 lui=0x2400
PASS | Input: 0x571 ImmSrc: 1 -> ext=0x571 lui=0xc400
PASS | Input: 0x113 ImmSrc: 0 -> ext=0x13 lui=0x4c00
PASS | Input: 0xafb ImmSrc: 1 -> ext=0xfafb lui=0xec00
PASS | Input: 0x281 ImmSrc: 0 -> ext=0x1 lui=0x400
PASS | Input: 0x97c ImmSrc: 0 -> ext=0xfffc lui=0xf000
PASS | Input: 0x951 ImmSrc: 0 -> ext=0x11 lui=0x4400
PASS | Input: 0xb9e ImmSrc: 0 -> ext=0x1e lui=0x7800
PASS | Input: 0x337 ImmSrc: 1 -> ext=0x337 lui=0xdc00
PASS | Input: 0xf1f ImmSrc: 0 -> ext=0x1f lui=0x7c00
PASS | Input: 0xcce ImmSrc: 1 -> ext=0xfcce lui=0x3800
PASS | Input: 0x56 ImmSrc: 0 -> ext=0x16 lui=0x5800
PASS | Input: 0xea9 ImmSrc: 1 -> ext=0xfea9 lui=0xa400
PASS | Input: 0x97d ImmSrc: 1 -> ext=0xf97d lui=0xf400
PASS | Input: 0xb6a ImmSrc: 1 -> ext=0xfb6a lui=0xa800
PASS | Input: 0x994 ImmSrc: 0 -> ext=0x14 lui=0x5000
PASS | Input: 0x661 ImmSrc: 0 -> ext=0xffe1 lui=0x8400
PASS | Input: 0x62f ImmSrc: 0 -> ext=0xffef lui=0xbc00
PASS | Input: 0x3e9 ImmSrc: 0 -> ext=0xffe9 lui=0xa400
PASS | Input: 0x317 ImmSrc: 0 -> ext=0x17 lui=0x5c00
PASS | Input: 0x9fd ImmSrc: 0 -> ext=0xfffd lui=0xf400
PASS | Input: 0x605 ImmSrc: 1 -> ext=0x605 lui=0x1400
PASS | Input: 0x732 ImmSrc: 0 -> ext=0xfff2 lui=0xc800
PASS | Input: 0x5c ImmSrc: 1 -> ext=0x5c lui=0x7000
PASS | Input: 0x7a1 ImmSrc: 0 -> ext=0xffe1 lui=0x8400
PASS | Input: 0xa2e ImmSrc: 0 -> ext=0xffee lui=0xb800
PASS | Input: 0x4e5 ImmSrc: 1 -> ext=0x4e5 lui=0x9400
PASS | Input: 0x170 ImmSrc: 0 -> ext=0xfff0 lui=0xc000
PASS | Input: 0xfba ImmSrc: 0 -> ext=0xfffa lui=0xe800
PASS | Input: 0x1b2 ImmSrc: 0 -> ext=0xfff2 lui=0xc800
PASS | Input: 0xf59 ImmSrc: 0 -> ext=0x19 lui=0x6400
PASS | Input: 0x426 ImmSrc: 1 -> ext=0x426 lui=0x9800
PASS | Input: 0x22e ImmSrc: 0 -> ext=0xffee lui=0xb800
PASS | Input: 0x961 ImmSrc: 0 -> ext=0xffe1 lui=0x8400
PASS | Input: 0x4f7 ImmSrc: 0 -> ext=0xfff7 lui=0xdc00
PASS | Input: 0xba5 ImmSrc: 0 -> ext=0xffe5 lui=0x9400
PASS | Input: 0xe8 ImmSrc: 1 -> ext=0xe8 lui=0xa000
PASS | Input: 0x40b ImmSrc: 1 -> ext=0x40b lui=0x2c00
PASS | Input: 0x4f3 ImmSrc: 0 -> ext=0xfff3 lui=0xcc00
PASS | Input: 0x461 ImmSrc: 0 -> ext=0xffe1 lui=0x8400
PASS | Input: 0xbbe ImmSrc: 0 -> ext=0xfffe lui=0xf800
PASS | Input: 0x528 ImmSrc: 1 -> ext=0x528 lui=0xa000
PASS | Input: 0xf6a ImmSrc: 1 -> ext=0xff6a lui=0xa800
PASS | Input: 0x6a ImmSrc: 0 -> ext=0xffea lui=0xa800
PASS | Input: 0xfc1 ImmSrc: 0 -> ext=0x1 lui=0x400
PASS | Input: 0x7de ImmSrc: 1 -> ext=0x7de lui=0x7800
PASS | Input: 0x4db ImmSrc: 1 -> ext=0x4db lui=0x6c00
PASS | Input: 0x20 ImmSrc: 0 -> ext=0xffe0 lui=0x8000
PASS | Input: 0xfe3 ImmSrc: 1 -> ext=0xffe3 lui=0x8c00
PASS | Input: 0xa5d ImmSrc: 0 -> ext=0x1d lui=0x7400
PASS | Input: 0x500 ImmSrc: 0 -> ext=0x0 lui=0x0
PASS | Input: 0x346 ImmSrc: 0 -> ext=0x6 lui=0x1800
PASS | Input: 0x908 ImmSrc: 1 -> ext=0xf908 lui=0x2000
PASS | Input: 0x3a6 ImmSrc: 0 -> ext=0xffe6 lui=0x9800
PASS | Input: 0x10f ImmSrc: 0 -> ext=0xf lui=0x3c00
PASS | Input: 0x874 ImmSrc: 0 -> ext=0xfff4 lui=0xd000
PASS | Input: 0xd6d ImmSrc: 0 -> ext=0xffed lui=0xb400
PASS | Input: 0xfb0 ImmSrc: 1 -> ext=0xffb0 lui=0xc000
PASS | Input: 0x94f ImmSrc: 1 -> ext=0xf94f lui=0x3c00
PASS | Input: 0xef ImmSrc: 0 -> ext=0xffef lui=0xbc00
PASS | Input: 0xf72 ImmSrc: 0 -> ext=0xfff2 lui=0xc800
PASS | Input: 0xde7 ImmSrc: 0 -> ext=0xffe7 lui=0x9c00
PASS | Input: 0xa16 ImmSrc: 1 -> ext=0xfa16 lui=0x5800
PASS | Input: 0xcd4 ImmSrc: 0 -> ext=0x14 lui=0x5000
PASS | Input: 0x9c9 ImmSrc: 0 -> ext=0x9 lui=0x2400
PASS | Input: 0xe0f ImmSrc: 0 -> ext=0xf lui=0x3c00
PASS | Input: 0x622 ImmSrc: 0 -> ext=0xffe2 lui=0x8800
PASS | Input: 0xbb0 ImmSrc: 0 -> ext=0xfff0 lui=0xc000
PASS | Input: 0xefe ImmSrc: 1 -> ext=0xfefe lui=0xf800
PASS | Input: 0x38c ImmSrc: 0 -> ext=0xc lui=0x3000
PASS | Input: 0xe59 ImmSrc: 0 -> ext=0x19 lui=0x6400
PASS | Input: 0xd74 ImmSrc: 0 -> ext=0xfff4 lui=0xd000
PASS | Input: 0x63 ImmSrc: 0 -> ext=0xffe3 lui=0x8c00
PASS | Input: 0x8ff ImmSrc: 1 -> ext=0xf8ff lui=0xfc00
PASS | Input: 0xdc ImmSrc: 1 -> ext=0xdc lui=0x7000
PASS | Input: 0x3c3 ImmSrc: 1 -> ext=0x3c3 lui=0xc00
PASS | Input: 0xc5a ImmSrc: 0 -> ext=0x1a lui=0x6800
PASS | Input: 0x24c ImmSrc: 1 -> ext=0x24c lui=0x3000
PASS | Input: 0xf89 ImmSrc: 1 -> ext=0xff89 lui=0x2400
PASS | Input: 0x9ac ImmSrc: 0 -> ext=0xffec lui=0xb000
PASS | Input: 0x402 ImmSrc: 1 -> ext=0x402 lui=0x800
PASS | Input: 0xfe ImmSrc: 0 -> ext=0xfffe lui=0xf800
PASS | Input: 0x9d2 ImmSrc: 0 -> ext=0x12 lui=0x4800
PASS | Input: 0x5b5 ImmSrc: 0 -> ext=0xfff5 lui=0xd400
PASS | Input: 0x641 ImmSrc: 1 -> ext=0x641 lui=0x400
PASS | Input: 0x107 ImmSrc: 1 -> ext=0x107 lui=0x1c00
PASS | Input: 0xdfb ImmSrc: 1 -> ext=0xfdfb lui=0xec00
PASS | Input: 0x55 ImmSrc: 0 -> ext=0x15 lui=0x5400
PASS | Input: 0x42d ImmSrc: 0 -> ext=0xffed lui=0xb400
PASS | Input: 0x3e5 ImmSrc: 1 -> ext=0x3e5 lui=0x9400
PASS | Input: 0xbb1 ImmSrc: 0 -> ext=0xfff1 lui=0xc400
PASS | Input: 0x2c3 ImmSrc: 0 -> ext=0x3 lui=0xc00
PASS | Input: 0xcdb ImmSrc: 1 -> ext=0xfcdb lui=0x6c00
PASS | Input: 0x825 ImmSrc: 1 -> ext=0xf825 lui=0x9400
PASS | Input: 0x40a ImmSrc: 0 -> ext=0xa lui=0x2800
PASS | Input: 0x62a ImmSrc: 0 -> ext=0xffea lui=0xa800
PASS | Input: 0x87 ImmSrc: 0 -> ext=0x7 lui=0x1c00
PASS | Input: 0x346 ImmSrc: 1 -> ext=0x346 lui=0x1800
PASS | Input: 0x8db ImmSrc: 0 -> ext=0x1b lui=0x6c00
PASS | Input: 0xd3c ImmSrc: 0 -> ext=0xfffc lui=0xf000
PASS | Input: 0xf20 ImmSrc: 0 -> ext=0xffe0 lui=0x8000
PASS | Input: 0xffa ImmSrc: 0 -> ext=0xfffa lui=0xe800
PASS | Input: 0x977 ImmSrc: 1 -> ext=0xf977 lui=0xdc00
PASS | Input: 0x626 ImmSrc: 1 -> ext=0x626 lui=0x9800
PASS | Input: 0x632 ImmSrc: 0 -> ext=0xfff2 lui=0xc800
PASS | Input: 0xecc ImmSrc: 0 -> ext=0xc lui=0x3000
PASS | Input: 0x4c8 ImmSrc: 0 -> ext=0x8 lui=0x2000
PASS | Input: 0x2e2 ImmSrc: 0 -> ext=0xffe2 lui=0x8800
PASS | Input: 0xc33 ImmSrc: 1 -> ext=0xfc33 lui=0xcc00
PASS | Input: 0x121 ImmSrc: 0 -> ext=0xffe1 lui=0x8400
PASS | Input: 0xac9 ImmSrc: 0 -> ext=0x9 lui=0x2400
PASS | Input: 0x3e8 ImmSrc: 1 -> ext=0x3e8 lui=0xa000
PASS | Input: 0xb2b ImmSrc: 0 -> ext=0xffeb lui=0xac00
PASS | Input: 0x49c ImmSrc: 0 -> ext=0x1c lui=0x7000
PASS | Input: 0xb63 ImmSrc: 0 -> ext=0xffe3 lui=0x8c00
PASS | Input: 0x546 ImmSrc: 1 -> ext=0x546 lui=0x1800
PASS | Input: 0x4c4 ImmSrc: 0 -> ext=0x4 lui=0x1000
PASS | Input: 0xce0 ImmSrc: 0 -> ext=0xffe0 lui=0x8000
PASS | Input: 0x6aa ImmSrc: 0 -> ext=0xffea lui=0xa800
PASS | Input: 0xa0e ImmSrc: 0 -> ext=0xe lui=0x3800
PASS | Input: 0xbaf ImmSrc: 0 -> ext=0xffef lui=0xbc00
PASS | Input: 0x9b4 ImmSrc: 0 -> ext=0xfff4 lui=0xd000
PASS | Input: 0xc70 ImmSrc: 0 -> ext=0xfff0 lui=0xc000
PASS | Input: 0x22d ImmSrc: 1 -> ext=0x22d lui=0xb400
PASS | Input: 0xa73 ImmSrc: 0 -> ext=0xfff3 lui=0xcc00
PASS | Input: 0x787 ImmSrc: 1 -> ext=0x787 lui=0x1c00
PASS | Input: 0xf4b ImmSrc: 0 -> ext=0xb lui=0x2c00
PASS | Input: 0xe99 ImmSrc: 0 -> ext=0x19 lui=0x6400
PASS | Input: 0x797 ImmSrc: 0 -> ext=0x17 lui=0x5c00
PASS | Input: 0x64d ImmSrc: 1 -> ext=0x64d lui=0x3400
PASS | Input: 0xce7 ImmSrc: 1 -> ext=0xfce7 lui=0x9c00
PASS | Input: 0xdeb ImmSrc: 1 -> ext=0xfdeb lui=0xac00
PASS | Input: 0xd2c ImmSrc: 1 -> ext=0xfd2c lui=0xb000
PASS | Input: 0xacd ImmSrc: 1 -> ext=0xfacd lui=0x3400
PASS | Input: 0x5c4 ImmSrc: 0 -> ext=0x4 lui=0x1000
PASS | Input: 0xf4b ImmSrc: 0 -> ext=0xb lui=0x2c00
PASS | Input: 0xfba ImmSrc: 1 -> ext=0xffba lui=0xe800
PASS | Input: 0x238 ImmSrc: 1 -> ext=0x238 lui=0xe000
PASS | Input: 0x654 ImmSrc: 1 -> ext=0x654 lui=0x5000
PASS | Input: 0x3c8 ImmSrc: 0 -> ext=0x8 lui=0x2000
PASS | Input: 0xa88 ImmSrc: 0 -> ext=0x8 lui=0x2000
PASS | Input: 0xc36 ImmSrc: 0 -> ext=0xfff6 lui=0xd800
PASS | Input: 0x570 ImmSrc: 1 -> ext=0x570 lui=0xc000
PASS | Input: 0xa07 ImmSrc: 0 -> ext=0x7 lui=0x1c00
PASS | Input: 0x34c ImmSrc: 1 -> ext=0x34c lui=0x3000
PASS | Input: 0xb40 ImmSrc: 1 -> ext=0xfb40 lui=0x0
PASS | Input: 0xe3a ImmSrc: 0 -> ext=0xfffa lui=0xe800
PASS | Input: 0x45b ImmSrc: 0 -> ext=0x1b lui=0x6c00
PASS | Input: 0x530 ImmSrc: 0 -> ext=0xfff0 lui=0xc000
PASS | Input: 0xb6c ImmSrc: 1 -> ext=0xfb6c lui=0xb000
PASS | Input: 0x151 ImmSrc: 0 -> ext=0x11 lui=0x4400
PASS | Input: 0x333 ImmSrc: 1 -> ext=0x333 lui=0xcc00
PASS | Input: 0x140 ImmSrc: 0 -> ext=0x0 lui=0x0
PASS | Input: 0xd89 ImmSrc: 0 -> ext=0x9 lui=0x2400
PASS | Input: 0x172 ImmSrc: 1 -> ext=0x172 lui=0xc800
PASS | Input: 0x3ef ImmSrc: 1 -> ext=0x3ef lui=0xbc00
PASS | Input: 0xa36 ImmSrc: 0 -> ext=0xfff6 lui=0xd800
PASS | Input: 0x2a5 ImmSrc: 1 -> ext=0x2a5 lui=0x9400
PASS | Input: 0xb6f ImmSrc: 1 -> ext=0xfb6f lui=0xbc00
PASS | Input: 0x614 ImmSrc: 1 -> ext=0x614 lui=0x5000
PASS | Input: 0xda5 ImmSrc: 0 -> ext=0xffe5 lui=0x9400
PASS | Input: 0xdf1 ImmSrc: 1 -> ext=0xfdf1 lui=0xc400
PASS | Input: 0xf8a ImmSrc: 1 -> ext=0xff8a lui=0x2800
PASS | Input: 0xedf ImmSrc: 0 -> ext=0x1f lui=0x7c00
PASS | Input: 0xa7f ImmSrc: 1 -> ext=0xfa7f lui=0xfc00
PASS | Input: 0x900 ImmSrc: 0 -> ext=0x0 lui=0x0
PASS | Input: 0xe34 ImmSrc: 1 -> ext=0xfe34 lui=0xd000
PASS | Input: 0x734 ImmSrc: 1 -> ext=0x734 lui=0xd000
PASS | Input: 0x507 ImmSrc: 0 -> ext=0x7 lui=0x1c00
PASS | Input: 0x66f ImmSrc: 0 -> ext=0xffef lui=0xbc00
PASS | Input: 0xa25 ImmSrc: 0 -> ext=0xffe5 lui=0x9400
PASS | Input: 0x5f7 ImmSrc: 0 -> ext=0xfff7 lui=0xdc00
PASS | Input: 0x819 ImmSrc: 1 -> ext=0xf819 lui=0x6400
PASS | Input: 0x8e4 ImmSrc: 0 -> ext=0xffe4 lui=0x9000
PASS | Input: 0xfd5 ImmSrc: 0 -> ext=0x15 lui=0x5400
PASS | Input: 0x2bb ImmSrc: 0 -> ext=0xfffb lui=0xec00
PASS | Input: 0x9d2 ImmSrc: 0 -> ext=0x12 lui=0x4800
PASS | Input: 0xe74 ImmSrc: 1 -> ext=0xfe74 lui=0xd000
PASS | Input: 0x5c ImmSrc: 1 -> ext=0x5c lui=0x7000
PASS | Input: 0x6d6 ImmSrc: 0 -> ext=0x16 lui=0x5800
PASS | Input: 0x3a1 ImmSrc: 1 -> ext=0x3a1 lui=0x8400
PASS | Input: 0x664 ImmSrc: 1 -> ext=0x664 lui=0x9000
PASS | Input: 0xda8 ImmSrc: 1 -> ext=0xfda8 lui=0xa000
PASS | Input: 0xcd4 ImmSrc: 1 -> ext=0xfcd4 lui=0x5000
PASS | Input: 0x9ad ImmSrc: 1 -> ext=0xf9ad lui=0xb400
PASS | Input: 0x14b ImmSrc: 1 -> ext=0x14b lui=0x2c00
PASS | Input: 0x21c ImmSrc: 0 -> ext=0x1c lui=0x7000
PASS | Input: 0x44b ImmSrc: 1 -> ext=0x44b lui=0x2c00
PASS | Input: 0x9a3 ImmSrc: 1 -> ext=0xf9a3 lui=0x8c00
PASS | Input: 0x19a ImmSrc: 0 -> ext=0x1a lui=0x6800
PASS | Input: 0x58a ImmSrc: 0 -> ext=0xa lui=0x2800
PASS | Input: 0xc ImmSrc: 0 -> ext=0xc lui=0x3000
PASS | Input: 0x4de ImmSrc: 0 -> ext=0x1e lui=0x7800
PASS | Input: 0x78 ImmSrc: 1 -> ext=0x78 lui=0xe000
PASS | Input: 0x38b ImmSrc: 1 -> ext=0x38b lui=0x2c00
PASS | Input: 0xeb8 ImmSrc: 1 -> ext=0xfeb8 lui=0xe000
PASS | Input: 0xbf7 ImmSrc: 1 -> ext=0xfbf7 lui=0xdc00
PASS | Input: 0x50b ImmSrc: 0 -> ext=0xb lui=0x2c00
PASS | Input: 0xb3e ImmSrc: 0 -> ext=0xfffe lui=0xf800
PASS | Input: 0x1b1 ImmSrc: 0 -> ext=0xfff1 lui=0xc400
PASS | Input: 0xda8 ImmSrc: 1 -> ext=0xfda8 lui=0xa000
PASS | Input: 0xc18 ImmSrc: 0 -> ext=0x18 lui=0x6000
PASS | Input: 0xc61 ImmSrc: 1 -> ext=0xfc61 lui=0x8400
PASS | Input: 0x470 ImmSrc: 1 -> ext=0x470 lui=0xc000
PASS | Input: 0x921 ImmSrc: 1 -> ext=0xf921 lui=0x8400
PASS | Input: 0x606 ImmSrc: 0 -> ext=0x6 lui=0x1800
PASS | Input: 0xbcc ImmSrc: 1 -> ext=0xfbcc lui=0x3000
PASS | Input: 0xc33 ImmSrc: 1 -> ext=0xfc33 lui=0xcc00
PASS | Input: 0xfab ImmSrc: 0 -> ext=0xffeb lui=0xac00
PASS | Input: 0x342 ImmSrc: 1 -> ext=0x342 lui=0x800
PASS | Input: 0x34d ImmSrc: 0 -> ext=0xd lui=0x3400
PASS | Input: 0x617 ImmSrc: 1 -> ext=0x617 lui=0x5c00
PASS | Input: 0x3b6 ImmSrc: 0 -> ext=0xfff6 lui=0xd800
PASS | Input: 0x301 ImmSrc: 1 -> ext=0x301 lui=0x400
PASS | Input: 0x6e2 ImmSrc: 1 -> ext=0x6e2 lui=0x8800
PASS | Input: 0x583 ImmSrc: 1 -> ext=0x583 lui=0xc00
PASS | Input: 0xf45 ImmSrc: 0 -> ext=0x5 lui=0x1400
PASS | Input: 0x666 ImmSrc: 0 -> ext=0xffe6 lui=0x9800
PASS | Input: 0x754 ImmSrc: 1 -> ext=0x754 lui=0x5000
PASS | Input: 0x502 ImmSrc: 1 -> ext=0x502 lui=0x800
PASS | Input: 0x7b7 ImmSrc: 1 -> ext=0x7b7 lui=0xdc00
PASS | Input: 0xdff ImmSrc: 0 -> ext=0xffff lui=0xfc00
PASS | Input: 0x33 ImmSrc: 1 -> ext=0x33 lui=0xcc00
PASS | Input: 0x972 ImmSrc: 1 -> ext=0xf972 lui=0xc800
PASS | Input: 0xaf2 ImmSrc: 0 -> ext=0xfff2 lui=0xc800
PASS | Input: 0x5ae ImmSrc: 1 -> ext=0x5ae lui=0xb800
PASS | Input: 0x52f ImmSrc: 1 -> ext=0x52f lui=0xbc00
PASS | Input: 0xf99 ImmSrc: 0 -> ext=0x19 lui=0x6400
PASS | Input: 0x9f0 ImmSrc: 1 -> ext=0xf9f0 lui=0xc000
PASS | Input: 0x2e9 ImmSrc: 0 -> ext=0xffe9 lui=0xa400
PASS | Input: 0x4d7 ImmSrc: 0 -> ext=0x17 lui=0x5c00
PASS | Input: 0x816 ImmSrc: 1 -> ext=0xf816 lui=0x5800
PASS | Input: 0x2aa ImmSrc: 0 -> ext=0xffea lui=0xa800
PASS | Input: 0x15e ImmSrc: 1 -> ext=0x15e lui=0x7800
PASS | Input: 0xeae ImmSrc: 0 -> ext=0xffee lui=0xb800
PASS | Input: 0x5b5 ImmSrc: 0 -> ext=0xfff5 lui=0xd400
PASS | Input: 0x75f ImmSrc: 0 -> ext=0x1f lui=0x7c00
PASS | Input: 0x3f4 ImmSrc: 1 -> ext=0x3f4 lui=0xd000
PASS | Input: 0x4ac ImmSrc: 0 -> ext=0xffec lui=0xb000
PASS | Input: 0x423 ImmSrc: 1 -> ext=0x423 lui=0x8c00
PASS | Input: 0x744 ImmSrc: 1 -> ext=0x744 lui=0x1000
PASS | Input: 0x832 ImmSrc: 0 -> ext=0xfff2 lui=0xc800
PASS | Input: 0x615 ImmSrc: 1 -> ext=0x615 lui=0x5400
PASS | Input: 0x700 ImmSrc: 0 -> ext=0x0 lui=0x0
PASS | Input: 0x8c ImmSrc: 1 -> ext=0x8c lui=0x3000
PASS | Input: 0x1fe ImmSrc: 0 -> ext=0xfffe lui=0xf800
PASS | Input: 0x3b6 ImmSrc: 1 -> ext=0x3b6 lui=0xd800
PASS | Input: 0xd51 ImmSrc: 1 -> ext=0xfd51 lui=0x4400
PASS | Input: 0x7d4 ImmSrc: 0 -> ext=0x14 lui=0x5000
PASS | Input: 0xbc1 ImmSrc: 0 -> ext=0x1 lui=0x400
PASS | Input: 0x97f ImmSrc: 0 -> ext=0xffff lui=0xfc00
PASS | Input: 0x755 ImmSrc: 0 -> ext=0x15 lui=0x5400
PASS | Input: 0x6ee ImmSrc: 0 -> ext=0xffee lui=0xb800
PASS | Input: 0x8ed ImmSrc: 1 -> ext=0xf8ed lui=0xb400
PASS | Input: 0xb7f ImmSrc: 1 -> ext=0xfb7f lui=0xfc00
PASS | Input: 0xb8 ImmSrc: 0 -> ext=0xfff8 lui=0xe000
PASS | Input: 0x10c ImmSrc: 1 -> ext=0x10c lui=0x3000
PASS | Input: 0xadb ImmSrc: 1 -> ext=0xfadb lui=0x6c00
PASS | Input: 0x63c ImmSrc: 1 -> ext=0x63c lui=0xf000
PASS | Input: 0x123 ImmSrc: 1 -> ext=0x123 lui=0x8c00
PASS | Input: 0x84a ImmSrc: 1 -> ext=0xf84a lui=0x2800
PASS | Input: 0xe13 ImmSrc: 0 -> ext=0x13 lui=0x4c00
PASS | Input: 0xe74 ImmSrc: 0 -> ext=0xfff4 lui=0xd000
PASS | Input: 0x132 ImmSrc: 0 -> ext=0xfff2 lui=0xc800
PASS | Input: 0x89a ImmSrc: 0 -> ext=0x1a lui=0x6800
PASS | Input: 0x5e9 ImmSrc: 1 -> ext=0x5e9 lui=0xa400
PASS | Input: 0x231 ImmSrc: 0 -> ext=0xfff1 lui=0xc400
PASS | Input: 0x7c7 ImmSrc: 0 -> ext=0x7 lui=0x1c00
PASS | Input: 0x410 ImmSrc: 1 -> ext=0x410 lui=0x4000
PASS | Input: 0xe89 ImmSrc: 1 -> ext=0xfe89 lui=0x2400
PASS | Input: 0x149 ImmSrc: 1 -> ext=0x149 lui=0x2400
PASS | Input: 0xfbb ImmSrc: 0 -> ext=0xfffb lui=0xec00
PASS | Input: 0xc8b ImmSrc: 0 -> ext=0xb lui=0x2c00
PASS | Input: 0xd4f ImmSrc: 1 -> ext=0xfd4f lui=0x3c00
PASS | Input: 0x938 ImmSrc: 0 -> ext=0xfff8 lui=0xe000
PASS | Input: 0x9f3 ImmSrc: 1 -> ext=0xf9f3 lui=0xcc00
PASS | Input: 0xec1 ImmSrc: 1 -> ext=0xfec1 lui=0x400
PASS | Input: 0xd93 ImmSrc: 0 -> ext=0x13 lui=0x4c00
PASS | Input: 0xc59 ImmSrc: 1 -> ext=0xfc59 lui=0x6400
PASS | Input: 0x7d0 ImmSrc: 1 -> ext=0x7d0 lui=0x4000
PASS | Input: 0xca9 ImmSrc: 1 -> ext=0xfca9 lui=0xa400
PASS | Input: 0x1c8 ImmSrc: 0 -> ext=0x8 lui=0x2000
PASS | Input: 0xa83 ImmSrc: 1 -> ext=0xfa83 lui=0xc00
PASS | Input: 0x607 ImmSrc: 1 -> ext=0x607 lui=0x1c00
PASS | Input: 0x548 ImmSrc: 1 -> ext=0x548 lui=0x2000
PASS | Input: 0x6fe ImmSrc: 0 -> ext=0xfffe lui=0xf800
PASS | Input: 0x503 ImmSrc: 0 -> ext=0x3 lui=0xc00
PASS | Input: 0xbcf ImmSrc: 1 -> ext=0xfbcf lui=0x3c00
PASS | Input: 0x9db ImmSrc: 0 -> ext=0x1b lui=0x6c00
PASS | Input: 0xeca ImmSrc: 0 -> ext=0xa lui=0x2800
PASS | Input: 0xbf7 ImmSrc: 1 -> ext=0xfbf7 lui=0xdc00
PASS | Input: 0x77 ImmSrc: 1 -> ext=0x77 lui=0xdc00
PASS | Input: 0x661 ImmSrc: 1 -> ext=0x661 lui=0x8400
PASS | Input: 0xb81 ImmSrc: 0 -> ext=0x1 lui=0x400
PASS | Input: 0xb0a ImmSrc: 1 -> ext=0xfb0a lui=0x2800
PASS | Input: 0xb58 ImmSrc: 0 -> ext=0x18 lui=0x6000
PASS | Input: 0x186 ImmSrc: 1 -> ext=0x186 lui=0x1800
PASS | Input: 0xae5 ImmSrc: 0 -> ext=0xffe5 lui=0x9400
PASS | Input: 0x58f ImmSrc: 0 -> ext=0xf lui=0x3c00
PASS | Input: 0x628 ImmSrc: 0 -> ext=0xffe8 lui=0xa000
PASS | Input: 0x5f2 ImmSrc: 1 -> ext=0x5f2 lui=0xc800
PASS | Input: 0xd1d ImmSrc: 1 -> ext=0xfd1d lui=0x7400
PASS | Input: 0xbfa ImmSrc: 0 -> ext=0xfffa lui=0xe800
PASS | Input: 0x7ad ImmSrc: 1 -> ext=0x7ad lui=0xb400
PASS | Input: 0x4ed ImmSrc: 1 -> ext=0x4ed lui=0xb400
PASS | Input: 0x21 ImmSrc: 0 -> ext=0xffe1 lui=0x8400
PASS | Input: 0xabc ImmSrc: 0 -> ext=0xfffc lui=0xf000
PASS | Input: 0x8d1 ImmSrc: 0 -> ext=0x11 lui=0x4400
PASS | Input: 0xe71 ImmSrc: 0 -> ext=0xfff1 lui=0xc400
PASS | Input: 0x97a ImmSrc: 0 -> ext=0xfffa lui=0xe800
PASS | Input: 0x681 ImmSrc: 0 -> ext=0x1 lui=0x400
PASS | Input: 0xe11 ImmSrc: 0 -> ext=0x11 lui=0x4400
PASS | Input: 0x290 ImmSrc: 1 -> ext=0x290 lui=0x4000
PASS | Input: 0x462 ImmSrc: 1 -> ext=0x462 lui=0x8800
PASS | Input: 0xfc5 ImmSrc: 1 -> ext=0xffc5 lui=0x1400
PASS | Input: 0x758 ImmSrc: 1 -> ext=0x758 lui=0x6000
PASS | Input: 0x441 ImmSrc: 1 -> ext=0x441 lui=0x400
PASS | Input: 0x24c ImmSrc: 0 -> ext=0xc lui=0x3000
PASS | Input: 0x1d5 ImmSrc: 0 -> ext=0x15 lui=0x5400
PASS | Input: 0x229 ImmSrc: 1 -> ext=0x229 lui=0xa400
PASS | Input: 0xf8c ImmSrc: 1 -> ext=0xff8c lui=0x3000
PASS | Input: 0x5c3 ImmSrc: 1 -> ext=0x5c3 lui=0xc00
PASS | Input: 0xd25 ImmSrc: 1 -> ext=0xfd25 lui=0x9400
PASS | Input: 0x37 ImmSrc: 1 -> ext=0x37 lui=0xdc00
PASS | Input: 0x512 ImmSrc: 0 -> ext=0x12 lui=0x4800
PASS | Input: 0x9af ImmSrc: 0 -> ext=0xffef lui=0xbc00
PASS | Input: 0x510 ImmSrc: 0 -> ext=0x10 lui=0x4000
PASS | Input: 0x259 ImmSrc: 0 -> ext=0x19 lui=0x6400
PASS | Input: 0x6fc ImmSrc: 0 -> ext=0xfffc lui=0xf000
PASS | Input: 0xef9 ImmSrc: 0 -> ext=0xfff9 lui=0xe400
PASS | Input: 0x6ee ImmSrc: 1 -> ext=0x6ee lui=0xb800
PASS | Input: 0x9da ImmSrc: 1 -> ext=0xf9da lui=0x6800
PASS | Input: 0x341 ImmSrc: 1 -> ext=0x341 lui=0x400
PASS | Input: 0x88a ImmSrc: 0 -> ext=0xa lui=0x2800
PASS | Input: 0x493 ImmSrc: 0 -> ext=0x13 lui=0x4c00
PASS | Input: 0xe2b ImmSrc: 0 -> ext=0xffeb lui=0xac00
PASS | Input: 0xb58 ImmSrc: 1 -> ext=0xfb58 lui=0x6000
PASS | Input: 0x7b3 ImmSrc: 0 -> ext=0xfff3 lui=0xcc00
PASS | Input: 0xe26 ImmSrc: 0 -> ext=0xffe6 lui=0x9800
PASS | Input: 0xafb ImmSrc: 1 -> ext=0xfafb lui=0xec00
PASS | Input: 0xd3b ImmSrc: 1 -> ext=0xfd3b lui=0xec00
PASS | Input: 0x6ec ImmSrc: 0 -> ext=0xffec lui=0xb000
PASS | Input: 0x362 ImmSrc: 1 -> ext=0x362 lui=0x8800
PASS | Input: 0x6a7 ImmSrc: 1 -> ext=0x6a7 lui=0x9c00
PASS | Input: 0xbd7 ImmSrc: 1 -> ext=0xfbd7 lui=0x5c00
PASS | Input: 0x8fa ImmSrc: 1 -> ext=0xf8fa lui=0xe800
PASS | Input: 0x2b ImmSrc: 0 -> ext=0xffeb lui=0xac00
PASS | Input: 0x90a ImmSrc: 1 -> ext=0xf90a lui=0x2800
PASS | Input: 0x2d7 ImmSrc: 1 -> ext=0x2d7 lui=0x5c00
PASS | Input: 0xe6f ImmSrc: 1 -> ext=0xfe6f lui=0xbc00
PASS | Input: 0xa8a ImmSrc: 1 -> ext=0xfa8a lui=0x2800
PASS | Input: 0xcb7 ImmSrc: 1 -> ext=0xfcb7 lui=0xdc00
PASS | Input: 0x7cc ImmSrc: 0 -> ext=0xc lui=0x3000
PASS | Input: 0x990 ImmSrc: 0 -> ext=0x10 lui=0x4000
PASS | Input: 0xe0d ImmSrc: 1 -> ext=0xfe0d lui=0x3400
PASS | Input: 0x285 ImmSrc: 0 -> ext=0x5 lui=0x1400
PASS | Input: 0x4bb ImmSrc: 1 -> ext=0x4bb lui=0xec00
PASS | Input: 0x495 ImmSrc: 0 -> ext=0x15 lui=0x5400
PASS | Input: 0xe7b ImmSrc: 0 -> ext=0xfffb lui=0xec00
PASS | Input: 0xd87 ImmSrc: 0 -> ext=0x7 lui=0x1c00
PASS | Input: 0xc08 ImmSrc: 0 -> ext=0x8 lui=0x2000
PASS | Input: 0x44f ImmSrc: 0 -> ext=0xf lui=0x3c00
PASS | Input: 0xbf4 ImmSrc: 1 -> ext=0xfbf4 lui=0xd000
PASS | Input: 0x95d ImmSrc: 0 -> ext=0x1d lui=0x7400
PASS | Input: 0x3bd ImmSrc: 1 -> ext=0x3bd lui=0xf400
PASS | Input: 0x72a ImmSrc: 1 -> ext=0x72a lui=0xa800
PASS | Input: 0x6a ImmSrc: 0 -> ext=0xffea lui=0xa800
PASS | Input: 0x8e6 ImmSrc: 0 -> ext=0xffe6 lui=0x9800
PASS | Input: 0x39 ImmSrc: 1 -> ext=0x39 lui=0xe400
PASS | Input: 0xa8e ImmSrc: 1 -> ext=0xfa8e lui=0x3800
PASS | Input: 0x7c ImmSrc: 1 -> ext=0x7c lui=0xf000
PASS | Input: 0xb54 ImmSrc: 1 -> ext=0xfb54 lui=0x5000
PASS | Input: 0xa3b ImmSrc: 0 -> ext=0xfffb lui=0xec00
PASS | Input: 0x2a4 ImmSrc: 0 -> ext=0xffe4 lui=0x9000
PASS | Input: 0xdb3 ImmSrc: 0 -> ext=0xfff3 lui=0xcc00
PASS | Input: 0x1a1 ImmSrc: 0 -> ext=0xffe1 lui=0x8400
PASS | Input: 0x4c ImmSrc: 0 -> ext=0xc lui=0x3000
PASS | Input: 0xe7a ImmSrc: 0 -> ext=0xfffa lui=0xe800
PASS | Input: 0x21a ImmSrc: 1 -> ext=0x21a lui=0x6800
PASS | Input: 0x85f ImmSrc: 0 -> ext=0x1f lui=0x7c00
PASS | Input: 0x187 ImmSrc: 0 -> ext=0x7 lui=0x1c00
PASS | Input: 0xc82 ImmSrc: 0 -> ext=0x2 lui=0x800
PASS | Input: 0x538 ImmSrc: 1 -> ext=0x538 lui=0xe000
PASS | Input: 0x5eb ImmSrc: 0 -> ext=0xffeb lui=0xac00
PASS | Input: 0xdc9 ImmSrc: 0 -> ext=0x9 lui=0x2400
PASS | Input: 0xd7b ImmSrc: 0 -> ext=0xfffb lui=0xec00
PASS | Input: 0x273 ImmSrc: 1 -> ext=0x273 lui=0xcc00
PASS | Input: 0x302 ImmSrc: 0 -> ext=0x2 lui=0x800
PASS | Input: 0x33b ImmSrc: 1 -> ext=0x33b lui=0xec00
PASS | Input: 0x1ad ImmSrc: 1 -> ext=0x1ad lui=0xb400
PASS | Input: 0xabf ImmSrc: 0 -> ext=0xffff lui=0xfc00
PASS | Input: 0x5b3 ImmSrc: 0 -> ext=0xfff3 lui=0xcc00
PASS | Input: 0x538 ImmSrc: 0 -> ext=0xfff8 lui=0xe000
PASS | Input: 0x892 ImmSrc: 1 -> ext=0xf892 lui=0x4800
PASS | Input: 0xdc5 ImmSrc: 0 -> ext=0x5 lui=0x1400
PASS | Input: 0x8b4 ImmSrc: 1 -> ext=0xf8b4 lui=0xd000
PASS | Input: 0xa1 ImmSrc: 0 -> ext=0xffe1 lui=0x8400
PASS | Input: 0x2d6 ImmSrc: 1 -> ext=0x2d6 lui=0x5800
PASS | Input: 0xa55 ImmSrc: 0 -> ext=0x15 lui=0x5400
PASS | Input: 0x10f ImmSrc: 0 -> ext=0xf lui=0x3c00
PASS | Input: 0x97e ImmSrc: 1 -> ext=0xf97e lui=0xf800
PASS | Input: 0xbb ImmSrc: 0 -> ext=0xfffb lui=0xec00
PASS | Input: 0x444 ImmSrc: 1 -> ext=0x444 lui=0x1000
PASS | Input: 0xa3d ImmSrc: 0 -> ext=0xfffd lui=0xf400
PASS | Input: 0xa11 ImmSrc: 0 -> ext=0x11 lui=0x4400
PASS | Input: 0xda ImmSrc: 1 -> ext=0xda lui=0x6800
PASS | Input: 0x7a9 ImmSrc: 1 -> ext=0x7a9 lui=0xa400
PASS | Input: 0x893 ImmSrc: 1 -> ext=0xf893 lui=0x4c00
PASS | Input: 0x73c ImmSrc: 1 -> ext=0x73c lui=0xf000
PASS | Input: 0x34a ImmSrc: 0 -> ext=0xa lui=0x2800
PASS | Input: 0x777 ImmSrc: 0 -> ext=0xfff7 lui=0xdc00
PASS | Input: 0x818 ImmSrc: 1 -> ext=0xf818 lui=0x6000
PASS | Input: 0x4f ImmSrc: 1 -> ext=0x4f lui=0x3c00
PASS | Input: 0x91e ImmSrc: 1 -> ext=0xf91e lui=0x7800
PASS | Input: 0x175 ImmSrc: 0 -> ext=0xfff5 lui=0xd400
PASS | Input: 0xdb6 ImmSrc: 1 -> ext=0xfdb6 lui=0xd800
PASS | Input: 0x231 ImmSrc: 0 -> ext=0xfff1 lui=0xc400
PASS | Input: 0x24c ImmSrc: 0 -> ext=0xc lui=0x3000
PASS | Input: 0x59d ImmSrc: 1 -> ext=0x59d lui=0x7400
PASS | Input: 0x4cf ImmSrc: 0 -> ext=0xf lui=0x3c00
PASS | Input: 0x1ed ImmSrc: 1 -> ext=0x1ed lui=0xb400
PASS | Input: 0xff0 ImmSrc: 1 -> ext=0xfff0 lui=0xc000
PASS | Input: 0x4d4 ImmSrc: 1 -> ext=0x4d4 lui=0x5000
PASS | Input: 0xd2f ImmSrc: 1 -> ext=0xfd2f lui=0xbc00
PASS | Input: 0xa9b ImmSrc: 0 -> ext=0x1b lui=0x6c00
PASS | Input: 0xcea ImmSrc: 1 -> ext=0xfcea lui=0xa800
PASS | Input: 0x108 ImmSrc: 0 -> ext=0x8 lui=0x2000
PASS | Input: 0xb5f ImmSrc: 1 -> ext=0xfb5f lui=0x7c00
PASS | Input: 0xeac ImmSrc: 0 -> ext=0xffec lui=0xb000
PASS | Input: 0xee8 ImmSrc: 1 -> ext=0xfee8 lui=0xa000
PASS | Input: 0x4a9 ImmSrc: 0 -> ext=0xffe9 lui=0xa400
PASS | Input: 0x958 ImmSrc: 1 -> ext=0xf958 lui=0x6000
PASS | Input: 0xe94 ImmSrc: 1 -> ext=0xfe94 lui=0x5000
PASS | Input: 0x5c4 ImmSrc: 1 -> ext=0x5c4 lui=0x1000
PASS | Input: 0x782 ImmSrc: 0 -> ext=0x2 lui=0x800
PASS | Input: 0xd97 ImmSrc: 1 -> ext=0xfd97 lui=0x5c00
PASS | Input: 0x8d8 ImmSrc: 0 -> ext=0x18 lui=0x6000
PASS | Input: 0xd49 ImmSrc: 0 -> ext=0x9 lui=0x2400
PASS | Input: 0x2fa ImmSrc: 1 -> ext=0x2fa lui=0xe800
PASS | Input: 0x28d ImmSrc: 0 -> ext=0xd lui=0x3400
PASS | Input: 0xf74 ImmSrc: 0 -> ext=0xfff4 lui=0xd000
PASS | Input: 0x754 ImmSrc: 0 -> ext=0x14 lui=0x5000
PASS | Input: 0x9a9 ImmSrc: 0 -> ext=0xffe9 lui=0xa400
PASS | Input: 0xa76 ImmSrc: 0 -> ext=0xfff6 lui=0xd800
PASS | Input: 0xeac ImmSrc: 0 -> ext=0xffec lui=0xb000
PASS | Input: 0x65c ImmSrc: 1 -> ext=0x65c lui=0x7000
PASS | Input: 0xa56 ImmSrc: 0 -> ext=0x16 lui=0x5800
PASS | Input: 0x789 ImmSrc: 0 -> ext=0x9 lui=0x2400
PASS | Input: 0xb31 ImmSrc: 0 -> ext=0xfff1 lui=0xc400
PASS | Input: 0x64f ImmSrc: 1 -> ext=0x64f lui=0x3c00
PASS | Input: 0x850 ImmSrc: 1 -> ext=0xf850 lui=0x4000
PASS | Input: 0x48e ImmSrc: 0 -> ext=0xe lui=0x3800
PASS | Input: 0x1b0 ImmSrc: 0 -> ext=0xfff0 lui=0xc000
PASS | Input: 0xbd8 ImmSrc: 1 -> ext=0xfbd8 lui=0x6000
PASS | Input: 0x12e ImmSrc: 1 -> ext=0x12e lui=0xb800
PASS | Input: 0x7cc ImmSrc: 0 -> ext=0xc lui=0x3000
PASS | Input: 0x3bd ImmSrc: 1 -> ext=0x3bd lui=0xf400
PASS | Input: 0x201 ImmSrc: 1 -> ext=0x201 lui=0x400
PASS | Input: 0x3e2 ImmSrc: 0 -> ext=0xffe2 lui=0x8800
PASS | Input: 0xa61 ImmSrc: 1 -> ext=0xfa61 lui=0x8400
PASS | Input: 0xe1b ImmSrc: 0 -> ext=0x1b lui=0x6c00
PASS | Input: 0xc39 ImmSrc: 1 -> ext=0xfc39 lui=0xe400
PASS | Input: 0x13b ImmSrc: 1 -> ext=0x13b lui=0xec00
PASS | Input: 0x3f3 ImmSrc: 1 -> ext=0x3f3 lui=0xcc00
PASS | Input: 0x469 ImmSrc: 1 -> ext=0x469 lui=0xa400
PASS | Input: 0x8b2 ImmSrc: 0 -> ext=0xfff2 lui=0xc800
PASS | Input: 0x9bd ImmSrc: 0 -> ext=0xfffd lui=0xf400
PASS | Input: 0xcc3 ImmSrc: 1 -> ext=0xfcc3 lui=0xc00
PASS | Input: 0x82e ImmSrc: 1 -> ext=0xf82e lui=0xb800
PASS | Input: 0x928 ImmSrc: 1 -> ext=0xf928 lui=0xa000
PASS | Input: 0xcdb ImmSrc: 0 -> ext=0x1b lui=0x6c00
PASS | Input: 0xa21 ImmSrc: 0 -> ext=0xffe1 lui=0x8400
PASS | Input: 0x543 ImmSrc: 1 -> ext=0x543 lui=0xc00
PASS | Input: 0xc02 ImmSrc: 0 -> ext=0x2 lui=0x800
PASS | Input: 0xd94 ImmSrc: 0 -> ext=0x14 lui=0x5000
PASS | Input: 0xb3b ImmSrc: 0 -> ext=0xfffb lui=0xec00
PASS | Input: 0xd9c ImmSrc: 1 -> ext=0xfd9c lui=0x7000
PASS | Input: 0x3d6 ImmSrc: 1 -> ext=0x3d6 lui=0x5800
PASS | Input: 0x670 ImmSrc: 1 -> ext=0x670 lui=0xc000
PASS | Input: 0xe57 ImmSrc: 0 -> ext=0x17 lui=0x5c00
PASS | Input: 0x76 ImmSrc: 0 -> ext=0xfff6 lui=0xd800
PASS | Input: 0xb4b ImmSrc: 1 -> ext=0xfb4b lui=0x2c00
PASS | Input: 0xad3 ImmSrc: 0 -> ext=0x13 lui=0x4c00
PASS | Input: 0x460 ImmSrc: 0 -> ext=0xffe0 lui=0x8000
PASS | Input: 0xee1 ImmSrc: 0 -> ext=0xffe1 lui=0x8400
PASS | Input: 0x95e ImmSrc: 0 -> ext=0x1e lui=0x7800
PASS | Input: 0xbc3 ImmSrc: 0 -> ext=0x3 lui=0xc00
PASS | Input: 0xedb ImmSrc: 0 -> ext=0x1b lui=0x6c00
PASS | Input: 0x9ac ImmSrc: 1 -> ext=0xf9ac lui=0xb000
PASS | Input: 0x601 ImmSrc: 1 -> ext=0x601 lui=0x400
PASS | Input: 0x5f9 ImmSrc: 0 -> ext=0xfff9 lui=0xe400
PASS | Input: 0xa3a ImmSrc: 0 -> ext=0xfffa lui=0xe800
PASS | Input: 0xcab ImmSrc: 0 -> ext=0xffeb lui=0xac00
PASS | Input: 0x923 ImmSrc: 1 -> ext=0xf923 lui=0x8c00
PASS | Input: 0xb62 ImmSrc: 0 -> ext=0xffe2 lui=0x8800
PASS | Input: 0xa91 ImmSrc: 0 -> ext=0x11 lui=0x4400
PASS | Input: 0xd6a ImmSrc: 0 -> ext=0xffea lui=0xa800
PASS | Input: 0xe0f ImmSrc: 1 -> ext=0xfe0f lui=0x3c00
PASS | Input: 0xdf9 ImmSrc: 0 -> ext=0xfff9 lui=0xe400
PASS | Input: 0xca4 ImmSrc: 1 -> ext=0xfca4 lui=0x9000
PASS | Input: 0x732 ImmSrc: 1 -> ext=0x732 lui=0xc800
PASS | Input: 0x733 ImmSrc: 1 -> ext=0x733 lui=0xcc00
PASS | Input: 0x801 ImmSrc: 1 -> ext=0xf801 lui=0x400
PASS | Input: 0x360 ImmSrc: 1 -> ext=0x360 lui=0x8000
PASS | Input: 0xc75 ImmSrc: 0 -> ext=0xfff5 lui=0xd400
PASS | Input: 0x3e ImmSrc: 0 -> ext=0xfffe lui=0xf800
PASS | Input: 0xf9f ImmSrc: 1 -> ext=0xff9f lui=0x7c00
PASS | Input: 0xda9 ImmSrc: 1 -> ext=0xfda9 lui=0xa400
PASS | Input: 0xd9c ImmSrc: 0 -> ext=0x1c lui=0x7000
PASS | Input: 0xea6 ImmSrc: 0 -> ext=0xffe6 lui=0x9800
PASS | Input: 0x1d9 ImmSrc: 1 -> ext=0x1d9 lui=0x6400
PASS | Input: 0x691 ImmSrc: 1 -> ext=0x691 lui=0x4400
PASS | Input: 0x72e ImmSrc: 1 -> ext=0x72e lui=0xb800
PASS | Input: 0x8c ImmSrc: 0 -> ext=0xc lui=0x3000
PASS | Input: 0xceb ImmSrc: 1 -> ext=0xfceb lui=0xac00
PASS | Input: 0x7e7 ImmSrc: 0 -> ext=0xffe7 lui=0x9c00
PASS | Input: 0xf5e ImmSrc: 1 -> ext=0xff5e lui=0x7800
PASS | Input: 0x5fc ImmSrc: 1 -> ext=0x5fc lui=0xf000
PASS | Input: 0x408 ImmSrc: 1 -> ext=0x408 lui=0x2000
PASS | Input: 0x72e ImmSrc: 0 -> ext=0xffee lui=0xb800
PASS | Input: 0xef5 ImmSrc: 0 -> ext=0xfff5 lui=0xd400
PASS | Input: 0xa92 ImmSrc: 1 -> ext=0xfa92 lui=0x4800
PASS | Input: 0x871 ImmSrc: 0 -> ext=0xfff1 lui=0xc400
PASS | Input: 0xced ImmSrc: 1 -> ext=0xfced lui=0xb400
PASS | Input: 0xb9a ImmSrc: 1 -> ext=0xfb9a lui=0x6800
PASS | Input: 0x57f ImmSrc: 1 -> ext=0x57f lui=0xfc00
PASS | Input: 0x7f2 ImmSrc: 0 -> ext=0xfff2 lui=0xc800
PASS | Input: 0x463 ImmSrc: 0 -> ext=0xffe3 lui=0x8c00
PASS | Input: 0x385 ImmSrc: 1 -> ext=0x385 lui=0x1400
PASS | Input: 0x3e5 ImmSrc: 1 -> ext=0x3e5 lui=0x9400
PASS | Input: 0xebd ImmSrc: 1 -> ext=0xfebd lui=0xf400
PASS | Input: 0xf9a ImmSrc: 1 -> ext=0xff9a lui=0x6800
PASS | Input: 0x47f ImmSrc: 1 -> ext=0x47f lui=0xfc00
PASS | Input: 0x3a2 ImmSrc: 0 -> ext=0xffe2 lui=0x8800
PASS | Input: 0x2a2 ImmSrc: 1 -> ext=0x2a2 lui=0x8800
PASS | Input: 0xddc ImmSrc: 1 -> ext=0xfddc lui=0x7000
PASS | Input: 0x258 ImmSrc: 0 -> ext=0x18 lui=0x6000
PASS | Input: 0x670 ImmSrc: 0 -> ext=0xfff0 lui=0xc000
PASS | Input: 0x1af ImmSrc: 1 -> ext=0x1af lui=0xbc00
PASS | Input: 0xc81 ImmSrc: 0 -> ext=0x1 lui=0x400
PASS | Input: 0xaaa ImmSrc: 0 -> ext=0xffea lui=0xa800
PASS | Input: 0xd64 ImmSrc: 1 -> ext=0xfd64 lui=0x9000
PASS | Input: 0xa26 ImmSrc: 1 -> ext=0xfa26 lui=0x9800
PASS | Input: 0x28 ImmSrc: 0 -> ext=0xffe8 lui=0xa000
PASS | Input: 0xe07 ImmSrc: 0 -> ext=0x7 lui=0x1c00
PASS | Input: 0x4d9 ImmSrc: 0 -> ext=0x19 lui=0x6400
PASS | Input: 0x1dc ImmSrc: 0 -> ext=0x1c lui=0x7000
PASS | Input: 0x645 ImmSrc: 1 -> ext=0x645 lui=0x1400
PASS | Input: 0xc84 ImmSrc: 1 -> ext=0xfc84 lui=0x1000
PASS | Input: 0xab ImmSrc: 1 -> ext=0xab lui=0xac00
PASS | Input: 0xf2 ImmSrc: 1 -> ext=0xf2 lui=0xc800
PASS | Input: 0x117 ImmSrc: 0 -> ext=0x17 lui=0x5c00
PASS | Input: 0x7a6 ImmSrc: 0 -> ext=0xffe6 lui=0x9800
PASS | Input: 0xdf ImmSrc: 0 -> ext=0x1f lui=0x7c00
PASS | Input: 0xbf1 ImmSrc: 1 -> ext=0xfbf1 lui=0xc400
PASS | Input: 0xdfb ImmSrc: 1 -> ext=0xfdfb lui=0xec00
PASS | Input: 0xba6 ImmSrc: 1 -> ext=0xfba6 lui=0x9800
PASS | Input: 0x2a6 ImmSrc: 1 -> ext=0x2a6 lui=0x9800
PASS | Input: 0x142 ImmSrc: 0 -> ext=0x2 lui=0x800
PASS | Input: 0xc1b ImmSrc: 1 -> ext=0xfc1b lui=0x6c00
PASS | Input: 0xa27 ImmSrc: 0 -> ext=0xffe7 lui=0x9c00
PASS | Input: 0x7bc ImmSrc: 0 -> ext=0xfffc lui=0xf000
PASS | Input: 0xd ImmSrc: 1 -> ext=0xd lui=0x3400
PASS | Input: 0xf88 ImmSrc: 0 -> ext=0x8 lui=0x2000
PASS | Input: 0x435 ImmSrc: 1 -> ext=0x435 lui=0xd400
PASS | Input: 0xe30 ImmSrc: 0 -> ext=0xfff0 lui=0xc000
PASS | Input: 0xc74 ImmSrc: 1 -> ext=0xfc74 lui=0xd000
PASS | Input: 0x4a7 ImmSrc: 1 -> ext=0x4a7 lui=0x9c00
PASS | Input: 0x9ba ImmSrc: 1 -> ext=0xf9ba lui=0xe800
PASS | Input: 0xa82 ImmSrc: 0 -> ext=0x2 lui=0x800
PASS | Input: 0x528 ImmSrc: 0 -> ext=0xffe8 lui=0xa000
PASS | Input: 0xc05 ImmSrc: 0 -> ext=0x5 lui=0x1400
PASS | Input: 0xa43 ImmSrc: 0 -> ext=0x3 lui=0xc00
PASS | Input: 0x82b ImmSrc: 0 -> ext=0xffeb lui=0xac00
PASS | Input: 0x66d ImmSrc: 0 -> ext=0xffed lui=0xb400
PASS | Input: 0x88e ImmSrc: 1 -> ext=0xf88e lui=0x3800
PASS | Input: 0x52e ImmSrc: 1 -> ext=0x52e lui=0xb800
PASS | Input: 0xa7d ImmSrc: 1 -> ext=0xfa7d lui=0xf400
PASS | Input: 0x26d ImmSrc: 0 -> ext=0xffed lui=0xb400
PASS | Input: 0x61b ImmSrc: 0 -> ext=0x1b lui=0x6c00
PASS | Input: 0xb31 ImmSrc: 1 -> ext=0xfb31 lui=0xc400
PASS | Input: 0xfe5 ImmSrc: 0 -> ext=0xffe5 lui=0x9400
PASS | Input: 0xaf8 ImmSrc: 1 -> ext=0xfaf8 lui=0xe000
PASS | Input: 0x868 ImmSrc: 1 -> ext=0xf868 lui=0xa000
PASS | Input: 0xd4c ImmSrc: 0 -> ext=0xc lui=0x3000
PASS | Input: 0x591 ImmSrc: 1 -> ext=0x591 lui=0x4400
PASS | Input: 0xc9e ImmSrc: 1 -> ext=0xfc9e lui=0x7800
PASS | Input: 0xe65 ImmSrc: 0 -> ext=0xffe5 lui=0x9400
PASS | Input: 0x90c ImmSrc: 0 -> ext=0xc lui=0x3000
PASS | Input: 0xf73 ImmSrc: 1 -> ext=0xff73 lui=0xcc00
PASS | Input: 0xb26 ImmSrc: 1 -> ext=0xfb26 lui=0x9800
PASS | Input: 0x5eb ImmSrc: 0 -> ext=0xffeb lui=0xac00
PASS | Input: 0x3d ImmSrc: 0 -> ext=0xfffd lui=0xf400
PASS | Input: 0xc9f ImmSrc: 1 -> ext=0xfc9f lui=0x7c00
PASS | Input: 0x570 ImmSrc: 0 -> ext=0xfff0 lui=0xc000
PASS | Input: 0x1ce ImmSrc: 0 -> ext=0xe lui=0x3800
PASS | Input: 0x3f0 ImmSrc: 0 -> ext=0xfff0 lui=0xc000
PASS | Input: 0xc15 ImmSrc: 1 -> ext=0xfc15 lui=0x5400
PASS | Input: 0x8ab ImmSrc: 1 -> ext=0xf8ab lui=0xac00
PASS | Input: 0xc51 ImmSrc: 1 -> ext=0xfc51 lui=0x4400
PASS | Input: 0xe8 ImmSrc: 0 -> ext=0xffe8 lui=0xa000
PASS | Input: 0xfde ImmSrc: 1 -> ext=0xffde lui=0x7800
PASS | Input: 0x6f2 ImmSrc: 0 -> ext=0xfff2 lui=0xc800
PASS | Input: 0xff6 ImmSrc: 1 -> ext=0xfff6 lui=0xd800
PASS | Input: 0x965 ImmSrc: 1 -> ext=0xf965 lui=0x9400
PASS | Input: 0x494 ImmSrc: 1 -> ext=0x494 lui=0x5000
PASS | Input: 0x144 ImmSrc: 1 -> ext=0x144 lui=0x1000
PASS | Input: 0x2b4 ImmSrc: 1 -> ext=0x2b4 lui=0xd000
PASS | Input: 0xc50 ImmSrc: 0 -> ext=0x10 lui=0x4000
PASS | Input: 0xf41 ImmSrc: 1 -> ext=0xff41 lui=0x400
PASS | Input: 0x4e3 ImmSrc: 1 -> ext=0x4e3 lui=0x8c00
PASS | Input: 0x98a ImmSrc: 0 -> ext=0xa lui=0x2800
PASS | Input: 0xbc2 ImmSrc: 0 -> ext=0x2 lui=0x800
PASS | Input: 0xba3 ImmSrc: 0 -> ext=0xffe3 lui=0x8c00
PASS | Input: 0x40f ImmSrc: 1 -> ext=0x40f lui=0x3c00
PASS | Input: 0x271 ImmSrc: 0 -> ext=0xfff1 lui=0xc400
PASS | Input: 0x2f5 ImmSrc: 1 -> ext=0x2f5 lui=0xd400
PASS | Input: 0xad2 ImmSrc: 1 -> ext=0xfad2 lui=0x4800
PASS | Input: 0x1d ImmSrc: 0 -> ext=0x1d lui=0x7400
PASS | Input: 0xead ImmSrc: 1 -> ext=0xfead lui=0xb400
PASS | Input: 0x98a ImmSrc: 0 -> ext=0xa lui=0x2800
PASS | Input: 0xc3e ImmSrc: 1 -> ext=0xfc3e lui=0xf800
PASS | Input: 0x6f4 ImmSrc: 1 -> ext=0x6f4 lui=0xd000
PASS | Input: 0xf84 ImmSrc: 1 -> ext=0xff84 lui=0x1000
PASS | Input: 0x636 ImmSrc: 1 -> ext=0x636 lui=0xd800
PASS | Input: 0x117 ImmSrc: 0 -> ext=0x17 lui=0x5c00
PASS | Input: 0x7eb ImmSrc: 1 -> ext=0x7eb lui=0xac00
PASS | Input: 0x14f ImmSrc: 1 -> ext=0x14f lui=0x3c00
PASS | Input: 0xce ImmSrc: 0 -> ext=0xe lui=0x3800
PASS | Input: 0x80b ImmSrc: 0 -> ext=0xb lui=0x2c00
PASS | Input: 0x3ff ImmSrc: 1 -> ext=0x3ff lui=0xfc00
PASS | Input: 0x6ed ImmSrc: 0 -> ext=0xffed lui=0xb400
PASS | Input: 0x7b0 ImmSrc: 0 -> ext=0xfff0 lui=0xc000
PASS | Input: 0x56d ImmSrc: 0 -> ext=0xffed lui=0xb400
PASS | Input: 0x970 ImmSrc: 1 -> ext=0xf970 lui=0xc000
PASS | Input: 0xf95 ImmSrc: 1 -> ext=0xff95 lui=0x5400
PASS | Input: 0x68e ImmSrc: 1 -> ext=0x68e lui=0x3800
PASS | Input: 0x3b8 ImmSrc: 1 -> ext=0x3b8 lui=0xe000
PASS | Input: 0xabf ImmSrc: 0 -> ext=0xffff lui=0xfc00
PASS | Input: 0xb0c ImmSrc: 0 -> ext=0xc lui=0x3000
PASS | Input: 0x29b ImmSrc: 0 -> ext=0x1b lui=0x6c00
PASS | Input: 0x26e ImmSrc: 1 -> ext=0x26e lui=0xb800
PASS | Input: 0x904 ImmSrc: 1 -> ext=0xf904 lui=0x1000
PASS | Input: 0x834 ImmSrc: 1 -> ext=0xf834 lui=0xd000
PASS | Input: 0x815 ImmSrc: 0 -> ext=0x15 lui=0x5400
PASS | Input: 0x75f ImmSrc: 1 -> ext=0x75f lui=0x7c00
PASS | Input: 0x1ac ImmSrc: 0 -> ext=0xffec lui=0xb000
PASS | Input: 0xa04 ImmSrc: 0 -> ext=0x4 lui=0x1000
PASS | Input: 0xb2f ImmSrc: 0 -> ext=0xffef lui=0xbc00
PASS | Input: 0xe4a ImmSrc: 1 -> ext=0xfe4a lui=0x2800
PASS | Input: 0x394 ImmSrc: 0 -> ext=0x14 lui=0x5000
PASS | Input: 0xed4 ImmSrc: 0 -> ext=0x14 lui=0x5000
PASS | Input: 0x65d ImmSrc: 0 -> ext=0x1d lui=0x7400
PASS | Input: 0x8e2 ImmSrc: 1 -> ext=0xf8e2 lui=0x8800
PASS | Input: 0x182 ImmSrc: 0 -> ext=0x2 lui=0x800
PASS | Input: 0x617 ImmSrc: 1 -> ext=0x617 lui=0x5c00
PASS | Input: 0xfff ImmSrc: 0 -> ext=0xffff lui=0xfc00
PASS | Input: 0x72c ImmSrc: 0 -> ext=0xffec lui=0xb000
PASS | Input: 0xa03 ImmSrc: 1 -> ext=0xfa03 lui=0xc00
PASS | Input: 0x6b ImmSrc: 1 -> ext=0x6b lui=0xac00
PASS | Input: 0x16d ImmSrc: 1 -> ext=0x16d lui=0xb400
PASS | Input: 0x64b ImmSrc: 0 -> ext=0xb lui=0x2c00
PASS | Input: 0xca3 ImmSrc: 1 -> ext=0xfca3 lui=0x8c00
PASS | Input: 0xe0b ImmSrc: 0 -> ext=0xb lui=0x2c00
PASS | Input: 0xd5f ImmSrc: 0 -> ext=0x1f lui=0x7c00
PASS | Input: 0x999 ImmSrc: 0 -> ext=0x19 lui=0x6400
PASS | Input: 0xc89 ImmSrc: 0 -> ext=0x9 lui=0x2400
PASS | Input: 0xfa4 ImmSrc: 1 -> ext=0xffa4 lui=0x9000
PASS | Input: 0x7ba ImmSrc: 0 -> ext=0xfffa lui=0xe800
PASS | Input: 0xe31 ImmSrc: 1 -> ext=0xfe31 lui=0xc400
PASS | Input: 0x675 ImmSrc: 1 -> ext=0x675 lui=0xd400
PASS | Input: 0x387 ImmSrc: 0 -> ext=0x7 lui=0x1c00
PASS | Input: 0x8bd ImmSrc: 0 -> ext=0xfffd lui=0xf400
PASS | Input: 0x8cf ImmSrc: 0 -> ext=0xf lui=0x3c00
PASS | Input: 0xa15 ImmSrc: 1 -> ext=0xfa15 lui=0x5400
PASS | Input: 0xb3b ImmSrc: 1 -> ext=0xfb3b lui=0xec00
PASS | Input: 0x787 ImmSrc: 0 -> ext=0x7 lui=0x1c00
PASS | Input: 0x412 ImmSrc: 0 -> ext=0x12 lui=0x4800
PASS | Input: 0xac5 ImmSrc: 0 -> ext=0x5 lui=0x1400
PASS | Input: 0x372 ImmSrc: 0 -> ext=0xfff2 lui=0xc800
PASS | Input: 0x6 ImmSrc: 1 -> ext=0x6 lui=0x1800
PASS | Input: 0x324 ImmSrc: 0 -> ext=0xffe4 lui=0x9000
PASS | Input: 0x7a9 ImmSrc: 0 -> ext=0xffe9 lui=0xa400
PASS | Input: 0x5c ImmSrc: 0 -> ext=0x1c lui=0x7000
PASS | Input: 0x442 ImmSrc: 0 -> ext=0x2 lui=0x800
PASS | Input: 0x4b7 ImmSrc: 1 -> ext=0x4b7 lui=0xdc00
PASS | Input: 0xb25 ImmSrc: 1 -> ext=0xfb25 lui=0x9400
PASS | Input: 0xe56 ImmSrc: 0 -> ext=0x16 lui=0x5800
PASS | Input: 0x505 ImmSrc: 1 -> ext=0x505 lui=0x1400
PASS | Input: 0xa6a ImmSrc: 0 -> ext=0xffea lui=0xa800
PASS | Input: 0xdbe ImmSrc: 0 -> ext=0xfffe lui=0xf800
PASS | Input: 0x304 ImmSrc: 1 -> ext=0x304 lui=0x1000
PASS | Input: 0xfe9 ImmSrc: 1 -> ext=0xffe9 lui=0xa400
PASS | Input: 0x290 ImmSrc: 0 -> ext=0x10 lui=0x4000
PASS | Input: 0x84e ImmSrc: 0 -> ext=0xe lui=0x3800
PASS | Input: 0x8be ImmSrc: 0 -> ext=0xfffe lui=0xf800
PASS | Input: 0x4c2 ImmSrc: 0 -> ext=0x2 lui=0x800
PASS | Input: 0xc4c ImmSrc: 0 -> ext=0xc lui=0x3000
PASS | Input: 0xfa3 ImmSrc: 0 -> ext=0xffe3 lui=0x8c00
PASS | Input: 0x65 ImmSrc: 0 -> ext=0xffe5 lui=0x9400
PASS | Input: 0x468 ImmSrc: 1 -> ext=0x468 lui=0xa000
PASS | Input: 0xc19 ImmSrc: 1 -> ext=0xfc19 lui=0x6400
PASS | Input: 0x17b ImmSrc: 1 -> ext=0x17b lui=0xec00
PASS | Input: 0xd97 ImmSrc: 0 -> ext=0x17 lui=0x5c00
PASS | Input: 0xe2 ImmSrc: 0 -> ext=0xffe2 lui=0x8800
PASS | Input: 0xcac ImmSrc: 1 -> ext=0xfcac lui=0xb000
PASS | Input: 0xedb ImmSrc: 0 -> ext=0x1b lui=0x6c00
PASS | Input: 0xb40 ImmSrc: 0 -> ext=0x0 lui=0x0
PASS | Input: 0x6f5 ImmSrc: 1 -> ext=0x6f5 lui=0xd400
PASS | Input: 0x36 ImmSrc: 1 -> ext=0x36 lui=0xd800
PASS | Input: 0x7cf ImmSrc: 0 -> ext=0xf lui=0x3c00
PASS | Input: 0xc8e ImmSrc: 0 -> ext=0xe lui=0x3800
PASS | Input: 0x909 ImmSrc: 1 -> ext=0xf909 lui=0x2400
PASS | Input: 0x809 ImmSrc: 1 -> ext=0xf809 lui=0x2400
PASS | Input: 0x880 ImmSrc: 1 -> ext=0xf880 lui=0x0
PASS | Input: 0x46 ImmSrc: 1 -> ext=0x46 lui=0x1800
PASS | Input: 0x577 ImmSrc: 1 -> ext=0x577 lui=0xdc00
PASS | Input: 0x297 ImmSrc: 0 -> ext=0x17 lui=0x5c00
PASS | Input: 0x7b3 ImmSrc: 1 -> ext=0x7b3 lui=0xcc00
PASS | Input: 0x873 ImmSrc: 1 -> ext=0xf873 lui=0xcc00
PASS | Input: 0xa36 ImmSrc: 1 -> ext=0xfa36 lui=0xd800
PASS | Input: 0xfd9 ImmSrc: 1 -> ext=0xffd9 lui=0x6400
PASS | Input: 0xea1 ImmSrc: 0 -> ext=0xffe1 lui=0x8400
PASS | Input: 0x27d ImmSrc: 0 -> ext=0xfffd lui=0xf400
PASS | Input: 0xfe1 ImmSrc: 1 -> ext=0xffe1 lui=0x8400
PASS | Input: 0xe12 ImmSrc: 0 -> ext=0x12 lui=0x4800
PASS | Input: 0x234 ImmSrc: 1 -> ext=0x234 lui=0xd000
PASS | Input: 0x197 ImmSrc: 0 -> ext=0x17 lui=0x5c00
PASS | Input: 0xa28 ImmSrc: 0 -> ext=0xffe8 lui=0xa000
PASS | Input: 0x2ed ImmSrc: 0 -> ext=0xffed lui=0xb400
PASS | Input: 0x3a2 ImmSrc: 1 -> ext=0x3a2 lui=0x8800
PASS | Input: 0x199 ImmSrc: 0 -> ext=0x19 lui=0x6400
PASS | Input: 0x394 ImmSrc: 1 -> ext=0x394 lui=0x5000
PASS | Input: 0x908 ImmSrc: 1 -> ext=0xf908 lui=0x2000
PASS | Input: 0xc66 ImmSrc: 0 -> ext=0xffe6 lui=0x9800
PASS | Input: 0x42d ImmSrc: 1 -> ext=0x42d lui=0xb400
PASS | Input: 0x6ba ImmSrc: 0 -> ext=0xfffa lui=0xe800
PASS | Input: 0x1cf ImmSrc: 0 -> ext=0xf lui=0x3c00
PASS | Input: 0x19d ImmSrc: 1 -> ext=0x19d lui=0x7400
PASS | Input: 0xa64 ImmSrc: 1 -> ext=0xfa64 lui=0x9000
PASS | Input: 0x4be ImmSrc: 1 -> ext=0x4be lui=0xf800
PASS | Input: 0xfc5 ImmSrc: 1 -> ext=0xffc5 lui=0x1400
PASS | Input: 0xc0 ImmSrc: 0 -> ext=0x0 lui=0x0
PASS | Input: 0x4a8 ImmSrc: 0 -> ext=0xffe8 lui=0xa000
PASS | Input: 0xf44 ImmSrc: 0 -> ext=0x4 lui=0x1000
PASS | Input: 0xd22 ImmSrc: 1 -> ext=0xfd22 lui=0x8800
PASS | Input: 0xbc0 ImmSrc: 1 -> ext=0xfbc0 lui=0x0
PASS | Input: 0x114 ImmSrc: 0 -> ext=0x14 lui=0x5000
PASS | Input: 0x3ba ImmSrc: 1 -> ext=0x3ba lui=0xe800
PASS | Input: 0xedc ImmSrc: 1 -> ext=0xfedc lui=0x7000
PASS | Input: 0x81 ImmSrc: 0 -> ext=0x1 lui=0x400
PASS | Input: 0x1f ImmSrc: 1 -> ext=0x1f lui=0x7c00
PASS | Input: 0x3ff ImmSrc: 0 -> ext=0xffff lui=0xfc00
PASS | Input: 0x403 ImmSrc: 1 -> ext=0x403 lui=0xc00
PASS | Input: 0x3b2 ImmSrc: 0 -> ext=0xfff2 lui=0xc800
PASS | Input: 0x3b5 ImmSrc: 1 -> ext=0x3b5 lui=0xd400
PASS | Input: 0xc72 ImmSrc: 1 -> ext=0xfc72 lui=0xc800
PASS | Input: 0xd8b ImmSrc: 1 -> ext=0xfd8b lui=0x2c00
PASS | Input: 0xf0d ImmSrc: 1 -> ext=0xff0d lui=0x3400
PASS | Input: 0x8a8 ImmSrc: 1 -> ext=0xf8a8 lui=0xa000
PASS | Input: 0x35d ImmSrc: 0 -> ext=0x1d lui=0x7400
PASS | Input: 0x669 ImmSrc: 1 -> ext=0x669 lui=0xa400
PASS | Input: 0x4ec ImmSrc: 1 -> ext=0x4ec lui=0xb000
PASS | Input: 0x282 ImmSrc: 1 -> ext=0x282 lui=0x800
PASS | Input: 0x3bd ImmSrc: 0 -> ext=0xfffd lui=0xf400
PASS | Input: 0x419 ImmSrc: 0 -> ext=0x19 lui=0x6400
PASS | Input: 0x74c ImmSrc: 1 -> ext=0x74c lui=0x3000
PASS | Input: 0xdbb ImmSrc: 0 -> ext=0xfffb lui=0xec00
PASS | Input: 0xd70 ImmSrc: 1 -> ext=0xfd70 lui=0xc000
PASS | Input: 0x782 ImmSrc: 0 -> ext=0x2 lui=0x800
PASS | Input: 0x21f ImmSrc: 0 -> ext=0x1f lui=0x7c00
PASS | Input: 0xc49 ImmSrc: 1 -> ext=0xfc49 lui=0x2400
PASS | Input: 0x4be ImmSrc: 1 -> ext=0x4be lui=0xf800
PASS | Input: 0xa37 ImmSrc: 1 -> ext=0xfa37 lui=0xdc00
PASS | Input: 0xb0d ImmSrc: 0 -> ext=0xd lui=0x3400
PASS | Input: 0xc93 ImmSrc: 1 -> ext=0xfc93 lui=0x4c00
PASS | Input: 0x546 ImmSrc: 0 -> ext=0x6 lui=0x1800
PASS | Input: 0x1a ImmSrc: 1 -> ext=0x1a lui=0x6800
PASS | Input: 0xe8f ImmSrc: 0 -> ext=0xf lui=0x3c00
PASS | Input: 0x2c7 ImmSrc: 1 -> ext=0x2c7 lui=0x1c00
PASS | Input: 0x48 ImmSrc: 1 -> ext=0x48 lui=0x2000
PASS | Input: 0xb5f ImmSrc: 0 -> ext=0x1f lui=0x7c00
PASS | Input: 0xc65 ImmSrc: 0 -> ext=0xffe5 lui=0x9400
PASS | Input: 0xa8b ImmSrc: 1 -> ext=0xfa8b lui=0x2c00
PASS | Input: 0x84e ImmSrc: 1 -> ext=0xf84e lui=0x3800
PASS | Input: 0x8f2 ImmSrc: 1 -> ext=0xf8f2 lui=0xc800
PASS | Input: 0x577 ImmSrc: 1 -> ext=0x577 lui=0xdc00
PASS | Input: 0x50f ImmSrc: 0 -> ext=0xf lui=0x3c00
PASS | Input: 0xa39 ImmSrc: 0 -> ext=0xfff9 lui=0xe400
PASS | Input: 0x935 ImmSrc: 1 -> ext=0xf935 lui=0xd400
PASS | Input: 0x90c ImmSrc: 0 -> ext=0xc lui=0x3000
PASS | Input: 0x381 ImmSrc: 1 -> ext=0x381 lui=0x400
PASS | Input: 0x9af ImmSrc: 1 -> ext=0xf9af lui=0xbc00
PASS | Input: 0xd27 ImmSrc: 0 -> ext=0xffe7 lui=0x9c00
PASS | Input: 0x768 ImmSrc: 1 -> ext=0x768 lui=0xa000
PASS | Input: 0x3e1 ImmSrc: 1 -> ext=0x3e1 lui=0x8400
PASS | Input: 0xdf ImmSrc: 0 -> ext=0x1f lui=0x7c00
PASS | Input: 0x3e5 ImmSrc: 1 -> ext=0x3e5 lui=0x9400
PASS | Input: 0x1c2 ImmSrc: 1 -> ext=0x1c2 lui=0x800
PASS | Input: 0x632 ImmSrc: 1 -> ext=0x632 lui=0xc800
PASS | Input: 0x5b2 ImmSrc: 0 -> ext=0xfff2 lui=0xc800
PASS | Input: 0xa8e ImmSrc: 0 -> ext=0xe lui=0x3800
PASS | Input: 0x7a7 ImmSrc: 1 -> ext=0x7a7 lui=0x9c00
PASS | Input: 0xc10 ImmSrc: 1 -> ext=0xfc10 lui=0x4000
PASS | Input: 0x254 ImmSrc: 1 -> ext=0x254 lui=0x5000
PASS | Input: 0x687 ImmSrc: 0 -> ext=0x7 lui=0x1c00
PASS | Input: 0x7ac ImmSrc: 0 -> ext=0xffec lui=0xb000
PASS | Input: 0x69f ImmSrc: 1 -> ext=0x69f lui=0x7c00
PASS | Input: 0xd1c ImmSrc: 1 -> ext=0xfd1c lui=0x7000
PASS | Input: 0x618 ImmSrc: 1 -> ext=0x618 lui=0x6000
PASS | Input: 0x190 ImmSrc: 0 -> ext=0x10 lui=0x4000
PASS | Input: 0x2e2 ImmSrc: 1 -> ext=0x2e2 lui=0x8800
PASS | Input: 0x1de ImmSrc: 0 -> ext=0x1e lui=0x7800
PASS | Input: 0x97a ImmSrc: 0 -> ext=0xfffa lui=0xe800
PASS | Input: 0x7b3 ImmSrc: 1 -> ext=0x7b3 lui=0xcc00
PASS | Input: 0x269 ImmSrc: 0 -> ext=0xffe9 lui=0xa400
PASS | Input: 0x90 ImmSrc: 0 -> ext=0x10 lui=0x4000
PASS | Input: 0xc2e ImmSrc: 1 -> ext=0xfc2e lui=0xb800
PASS | Input: 0x7f4 ImmSrc: 0 -> ext=0xfff4 lui=0xd000
PASS | Input: 0x46c ImmSrc: 0 -> ext=0xffec lui=0xb000
PASS | Input: 0xb55 ImmSrc: 0 -> ext=0x15 lui=0x5400
PASS | Input: 0x4c8 ImmSrc: 0 -> ext=0x8 lui=0x2000
PASS | Input: 0x3e8 ImmSrc: 0 -> ext=0xffe8 lui=0xa000
PASS | Input: 0xb34 ImmSrc: 1 -> ext=0xfb34 lui=0xd000
PASS | Input: 0xfec ImmSrc: 1 -> ext=0xffec lui=0xb000
PASS | Input: 0x111 ImmSrc: 0 -> ext=0x11 lui=0x4400
PASS | Input: 0xa79 ImmSrc: 0 -> ext=0xfff9 lui=0xe400
PASS | Input: 0x3f7 ImmSrc: 1 -> ext=0x3f7 lui=0xdc00
PASS | Input: 0x79 ImmSrc: 1 -> ext=0x79 lui=0xe400
PASS | Input: 0xe85 ImmSrc: 0 -> ext=0x5 lui=0x1400
PASS | Input: 0xcdf ImmSrc: 0 -> ext=0x1f lui=0x7c00
PASS | Input: 0xf04 ImmSrc: 0 -> ext=0x4 lui=0x1000
PASS | Input: 0xbaf ImmSrc: 1 -> ext=0xfbaf lui=0xbc00
PASS | Input: 0x13d ImmSrc: 1 -> ext=0x13d lui=0xf400
PASS | Input: 0x8fb ImmSrc: 0 -> ext=0xfffb lui=0xec00
PASS | Input: 0xc5b ImmSrc: 0 -> ext=0x1b lui=0x6c00
PASS | Input: 0x5c ImmSrc: 0 -> ext=0x1c lui=0x7000
PASS | Input: 0x52d ImmSrc: 0 -> ext=0xffed lui=0xb400
PASS | Input: 0x112 ImmSrc: 1 -> ext=0x112 lui=0x4800
PASS | Input: 0xe9e ImmSrc: 1 -> ext=0xfe9e lui=0x7800
PASS | Input: 0x254 ImmSrc: 0 -> ext=0x14 lui=0x5000
PASS | Input: 0xbc8 ImmSrc: 0 -> ext=0x8 lui=0x2000
PASS | Input: 0x2eb ImmSrc: 0 -> ext=0xffeb lui=0xac00
PASS | Input: 0x464 ImmSrc: 0 -> ext=0xffe4 lui=0x9000
PASS | Input: 0xebb ImmSrc: 1 -> ext=0xfebb lui=0xec00
PASS | Input: 0x406 ImmSrc: 0 -> ext=0x6 lui=0x1800
PASS | Input: 0x43 ImmSrc: 0 -> ext=0x3 lui=0xc00
PASS | Input: 0xbeb ImmSrc: 0 -> ext=0xffeb lui=0xac00
PASS | Input: 0x7b2 ImmSrc: 0 -> ext=0xfff2 lui=0xc800
PASS | Input: 0x2c1 ImmSrc: 1 -> ext=0x2c1 lui=0x400
PASS | Input: 0xab0 ImmSrc: 1 -> ext=0xfab0 lui=0xc000
PASS | Input: 0x72e ImmSrc: 1 -> ext=0x72e lui=0xb800
PASS | Input: 0x961 ImmSrc: 0 -> ext=0xffe1 lui=0x8400
PASS | Input: 0x37f ImmSrc: 1 -> ext=0x37f lui=0xfc00
PASS | Input: 0xed6 ImmSrc: 1 -> ext=0xfed6 lui=0x5800
PASS | Input: 0x254 ImmSrc: 1 -> ext=0x254 lui=0x5000
PASS | Input: 0x661 ImmSrc: 1 -> ext=0x661 lui=0x8400
PASS | Input: 0x590 ImmSrc: 1 -> ext=0x590 lui=0x4000
PASS | Input: 0xd06 ImmSrc: 1 -> ext=0xfd06 lui=0x1800
PASS | Input: 0x486 ImmSrc: 1 -> ext=0x486 lui=0x1800
PASS | Input: 0xf88 ImmSrc: 0 -> ext=0x8 lui=0x2000
PASS | Input: 0xb93 ImmSrc: 0 -> ext=0x13 lui=0x4c00
PASS | Input: 0x736 ImmSrc: 0 -> ext=0xfff6 lui=0xd800
PASS | Input: 0x922 ImmSrc: 0 -> ext=0xffe2 lui=0x8800
PASS | Input: 0x313 ImmSrc: 1 -> ext=0x313 lui=0x4c00
PASS | Input: 0x558 ImmSrc: 1 -> ext=0x558 lui=0x6000
PASS | Input: 0xa5f ImmSrc: 1 -> ext=0xfa5f lui=0x7c00
PASS | Input: 0xf4c ImmSrc: 0 -> ext=0xc lui=0x3000
PASS | Input: 0x134 ImmSrc: 0 -> ext=0xfff4 lui=0xd000
PASS | Input: 0x23 ImmSrc: 0 -> ext=0xffe3 lui=0x8c00
PASS | Input: 0xb35 ImmSrc: 0 -> ext=0xfff5 lui=0xd400
PASS | Input: 0x9e2 ImmSrc: 0 -> ext=0xffe2 lui=0x8800
PASS | Input: 0x9fa ImmSrc: 0 -> ext=0xfffa lui=0xe800
PASS | Input: 0x152 ImmSrc: 0 -> ext=0x12 lui=0x4800
PASS | Input: 0x643 ImmSrc: 0 -> ext=0x3 lui=0xc00
PASS | Input: 0x5d0 ImmSrc: 1 -> ext=0x5d0 lui=0x4000
PASS | Input: 0xe9b ImmSrc: 1 -> ext=0xfe9b lui=0x6c00
PASS | Input: 0x35c ImmSrc: 0 -> ext=0x1c lui=0x7000
PASS | Input: 0xd68 ImmSrc: 0 -> ext=0xffe8 lui=0xa000
PASS | Input: 0x4c2 ImmSrc: 1 -> ext=0x4c2 lui=0x800
PASS | Input: 0xc23 ImmSrc: 1 -> ext=0xfc23 lui=0x8c00
PASS | Input: 0x736 ImmSrc: 1 -> ext=0x736 lui=0xd800
PASS | Input: 0xcaf ImmSrc: 0 -> ext=0xffef lui=0xbc00
PASS | Input: 0x636 ImmSrc: 1 -> ext=0x636 lui=0xd800
PASS | Input: 0x77d ImmSrc: 0 -> ext=0xfffd lui=0xf400
PASS | Input: 0xe14 ImmSrc: 1 -> ext=0xfe14 lui=0x5000
PASS | Input: 0x88b ImmSrc: 0 -> ext=0xb lui=0x2c00
PASS | Input: 0xcf0 ImmSrc: 0 -> ext=0xfff0 lui=0xc000
PASS | Input: 0xcdc ImmSrc: 0 -> ext=0x1c lui=0x7000
PASS | Input: 0xb8f ImmSrc: 1 -> ext=0xfb8f lui=0x3c00
PASS | Input: 0xf74 ImmSrc: 0 -> ext=0xfff4 lui=0xd000
PASS | Input: 0x4d0 ImmSrc: 0 -> ext=0x10 lui=0x4000
PASS | Input: 0xc88 ImmSrc: 1 -> ext=0xfc88 lui=0x2000
PASS | Input: 0x829 ImmSrc: 0 -> ext=0xffe9 lui=0xa400
PASS | Input: 0xdf ImmSrc: 1 -> ext=0xdf lui=0x7c00
PASS | Input: 0xfe ImmSrc: 0 -> ext=0xfffe lui=0xf800
PASS | Input: 0x90c ImmSrc: 1 -> ext=0xf90c lui=0x3000
PASS | Input: 0x828 ImmSrc: 0 -> ext=0xffe8 lui=0xa000
PASS | Input: 0xf9b ImmSrc: 1 -> ext=0xff9b lui=0x6c00
PASS | Input: 0xe84 ImmSrc: 0 -> ext=0x4 lui=0x1000
PASS | Input: 0xeba ImmSrc: 0 -> ext=0xfffa lui=0xe800
PASS | Input: 0xce4 ImmSrc: 0 -> ext=0xffe4 lui=0x9000
PASS | Input: 0x78a ImmSrc: 1 -> ext=0x78a lui=0x2800
PASS | Input: 0x13c ImmSrc: 1 -> ext=0x13c lui=0xf000
PASS | Input: 0x9c ImmSrc: 0 -> ext=0x1c lui=0x7000
PASS | Input: 0x461 ImmSrc: 1 -> ext=0x461 lui=0x8400
PASS | Input: 0x8c0 ImmSrc: 1 -> ext=0xf8c0 lui=0x0
PASS | Input: 0x528 ImmSrc: 0 -> ext=0xffe8 lui=0xa000
PASS | Input: 0xcbc ImmSrc: 1 -> ext=0xfcbc lui=0xf000
PASS | Input: 0xf57 ImmSrc: 0 -> ext=0x17 lui=0x5c00
PASS | Input: 0x7f9 ImmSrc: 1 -> ext=0x7f9 lui=0xe400
PASS | Input: 0xc1f ImmSrc: 0 -> ext=0x1f lui=0x7c00
PASS | Input: 0x5d0 ImmSrc: 0 -> ext=0x10 lui=0x4000
PASS | Input: 0xd94 ImmSrc: 0 -> ext=0x14 lui=0x5000
PASS | Input: 0x78 ImmSrc: 0 -> ext=0xfff8 lui=0xe000
PASS | Input: 0x7e6 ImmSrc: 0 -> ext=0xffe6 lui=0x9800
PASS | Input: 0x645 ImmSrc: 0 -> ext=0x5 lui=0x1400
PASS | Input: 0xcbe ImmSrc: 0 -> ext=0xfffe lui=0xf800
PASS | Input: 0x33e ImmSrc: 1 -> ext=0x33e lui=0xf800
PASS | Input: 0x49c ImmSrc: 0 -> ext=0x1c lui=0x7000
PASS | Input: 0x2a9 ImmSrc: 1 -> ext=0x2a9 lui=0xa400
PASS | Input: 0xf77 ImmSrc: 0 -> ext=0xfff7 lui=0xdc00
PASS | Input: 0x3a9 ImmSrc: 1 -> ext=0x3a9 lui=0xa400
PASS | Input: 0x596 ImmSrc: 0 -> ext=0x16 lui=0x5800
PASS | Input: 0xd79 ImmSrc: 0 -> ext=0xfff9 lui=0xe400
PASS | Input: 0x4df ImmSrc: 0 -> ext=0x1f lui=0x7c00
PASS | Input: 0xd6e ImmSrc: 0 -> ext=0xffee lui=0xb800
PASS | Input: 0x889 ImmSrc: 0 -> ext=0x9 lui=0x2400
PASS | Input: 0xe48 ImmSrc: 1 -> ext=0xfe48 lui=0x2000
PASS | Input: 0xe77 ImmSrc: 0 -> ext=0xfff7 lui=0xdc00
PASS | Input: 0x1f2 ImmSrc: 0 -> ext=0xfff2 lui=0xc800
PASS | Input: 0x124 ImmSrc: 0 -> ext=0xffe4 lui=0x9000
PASS | Input: 0xc4c ImmSrc: 0 -> ext=0xc lui=0x3000
PASS | Input: 0xa67 ImmSrc: 0 -> ext=0xffe7 lui=0x9c00
PASS | Input: 0x107 ImmSrc: 1 -> ext=0x107 lui=0x1c00
PASS | Input: 0x8fe ImmSrc: 0 -> ext=0xfffe lui=0xf800
PASS | Input: 0x648 ImmSrc: 0 -> ext=0x8 lui=0x2000
PASS | Input: 0x81c ImmSrc: 1 -> ext=0xf81c lui=0x7000
PASS | Input: 0xd07 ImmSrc: 0 -> ext=0x7 lui=0x1c00
PASS | Input: 0x7ed ImmSrc: 0 -> ext=0xffed lui=0xb400
PASS | Input: 0xbdc ImmSrc: 0 -> ext=0x1c lui=0x7000
PASS | Input: 0xb4f ImmSrc: 1 -> ext=0xfb4f lui=0x3c00
PASS | Input: 0x4c ImmSrc: 1 -> ext=0x4c lui=0x3000
PASS | Input: 0x4b5 ImmSrc: 1 -> ext=0x4b5 lui=0xd400
PASS | Input: 0xa26 ImmSrc: 1 -> ext=0xfa26 lui=0x9800
PASS | Input: 0x167 ImmSrc: 0 -> ext=0xffe7 lui=0x9c00
PASS | Input: 0x20f ImmSrc: 0 -> ext=0xf lui=0x3c00
PASS | Input: 0x81f ImmSrc: 1 -> ext=0xf81f lui=0x7c00
PASS | Input: 0x5d7 ImmSrc: 0 -> ext=0x17 lui=0x5c00
PASS | Input: 0x939 ImmSrc: 1 -> ext=0xf939 lui=0xe400
PASS | Input: 0xea3 ImmSrc: 0 -> ext=0xffe3 lui=0x8c00
PASS | Input: 0xe68 ImmSrc: 0 -> ext=0xffe8 lui=0xa000
PASS | Input: 0xa98 ImmSrc: 0 -> ext=0x18 lui=0x6000
PASS | Input: 0x331 ImmSrc: 0 -> ext=0xfff1 lui=0xc400
PASS | Input: 0x50a ImmSrc: 0 -> ext=0xa lui=0x2800
PASS | Input: 0x719 ImmSrc: 1 -> ext=0x719 lui=0x6400
PASS | Input: 0xbd7 ImmSrc: 0 -> ext=0x17 lui=0x5c00
PASS | Input: 0x3d0 ImmSrc: 0 -> ext=0x10 lui=0x4000
PASS | Input: 0x7f9 ImmSrc: 0 -> ext=0xfff9 lui=0xe400
PASS | Input: 0x335 ImmSrc: 0 -> ext=0xfff5 lui=0xd400
PASS | Input: 0x6f3 ImmSrc: 0 -> ext=0xfff3 lui=0xcc00
PASS | Input: 0x290 ImmSrc: 1 -> ext=0x290 lui=0x4000
PASS | Input: 0x42b ImmSrc: 1 -> ext=0x42b lui=0xac00
PASS | Input: 0x1ce ImmSrc: 1 -> ext=0x1ce lui=0x3800
PASS | Input: 0xcc5 ImmSrc: 0 -> ext=0x5 lui=0x1400
PASS | Input: 0x728 ImmSrc: 0 -> ext=0xffe8 lui=0xa000
PASS | Input: 0xc22 ImmSrc: 1 -> ext=0xfc22 lui=0x8800
PASS | Input: 0x2f9 ImmSrc: 0 -> ext=0xfff9 lui=0xe400
PASS | Input: 0xe8c ImmSrc: 1 -> ext=0xfe8c lui=0x3000
PASS | Input: 0xf2f ImmSrc: 0 -> ext=0xffef lui=0xbc00
PASS | Input: 0xf3c ImmSrc: 0 -> ext=0xfffc lui=0xf000
PASS | Input: 0x71f ImmSrc: 1 -> ext=0x71f lui=0x7c00
PASS | Input: 0xa37 ImmSrc: 0 -> ext=0xfff7 lui=0xdc00
PASS | Input: 0x81f ImmSrc: 1 -> ext=0xf81f lui=0x7c00
PASS | Input: 0xc35 ImmSrc: 1 -> ext=0xfc35 lui=0xd400
PASS | Input: 0xeb4 ImmSrc: 1 -> ext=0xfeb4 lui=0xd000
PASS | Input: 0x12 ImmSrc: 1 -> ext=0x12 lui=0x4800
PASS | Input: 0x5b7 ImmSrc: 0 -> ext=0xfff7 lui=0xdc00
PASS | Input: 0x4fb ImmSrc: 0 -> ext=0xfffb lui=0xec00
PASS | Input: 0x842 ImmSrc: 0 -> ext=0x2 lui=0x800
PASS | Input: 0x5d0 ImmSrc: 0 -> ext=0x10 lui=0x4000
PASS | Input: 0x4be ImmSrc: 0 -> ext=0xfffe lui=0xf800
PASS | Input: 0x9ef ImmSrc: 0 -> ext=0xffef lui=0xbc00
PASS | Input: 0x6e6 ImmSrc: 1 -> ext=0x6e6 lui=0x9800
PASS | Input: 0xf4 ImmSrc: 1 -> ext=0xf4 lui=0xd000
PASS | Input: 0x827 ImmSrc: 0 -> ext=0xffe7 lui=0x9c00
PASS | Input: 0x87d ImmSrc: 1 -> ext=0xf87d lui=0xf400
PASS | Input: 0x71c ImmSrc: 1 -> ext=0x71c lui=0x7000
PASS | Input: 0x8a0 ImmSrc: 0 -> ext=0xffe0 lui=0x8000
PASS | Input: 0xe94 ImmSrc: 0 -> ext=0x14 lui=0x5000
PASS | Input: 0x315 ImmSrc: 0 -> ext=0x15 lui=0x5400
PASS | Input: 0xbf3 ImmSrc: 0 -> ext=0xfff3 lui=0xcc00
PASS | Input: 0xcbc ImmSrc: 0 -> ext=0xfffc lui=0xf000
PASS | Input: 0x63a ImmSrc: 1 -> ext=0x63a lui=0xe800
PASS | Input: 0x68b ImmSrc: 0 -> ext=0xb lui=0x2c00
PASS | Input: 0xa3 ImmSrc: 1 -> ext=0xa3 lui=0x8c00
PASS | Input: 0xa86 ImmSrc: 1 -> ext=0xfa86 lui=0x1800
PASS | Input: 0x51e ImmSrc: 1 -> ext=0x51e lui=0x7800
PASS | Input: 0x6cf ImmSrc: 1 -> ext=0x6cf lui=0x3c00
PASS | Input: 0xa7e ImmSrc: 1 -> ext=0xfa7e lui=0xf800
PASS | Input: 0x475 ImmSrc: 1 -> ext=0x475 lui=0xd400
PASS | Input: 0x3c2 ImmSrc: 0 -> ext=0x2 lui=0x800
PASS | Input: 0x106 ImmSrc: 1 -> ext=0x106 lui=0x1800
PASS | Input: 0x742 ImmSrc: 0 -> ext=0x2 lui=0x800
PASS | Input: 0x98d ImmSrc: 0 -> ext=0xd lui=0x3400
PASS | Input: 0x41f ImmSrc: 1 -> ext=0x41f lui=0x7c00
PASS | Input: 0x70a ImmSrc: 0 -> ext=0xa lui=0x2800
PASS | Input: 0x7cd ImmSrc: 0 -> ext=0xd lui=0x3400
PASS | Input: 0x803 ImmSrc: 1 -> ext=0xf803 lui=0xc00
PASS | Input: 0xb0d ImmSrc: 0 -> ext=0xd lui=0x3400
PASS | Input: 0x841 ImmSrc: 0 -> ext=0x1 lui=0x400
PASS | Input: 0x932 ImmSrc: 0 -> ext=0xfff2 lui=0xc800
PASS | Input: 0x34e ImmSrc: 1 -> ext=0x34e lui=0x3800
PASS | Input: 0x205 ImmSrc: 1 -> ext=0x205 lui=0x1400
PASS | Input: 0x5da ImmSrc: 1 -> ext=0x5da lui=0x6800
PASS | Input: 0xe27 ImmSrc: 1 -> ext=0xfe27 lui=0x9c00
PASS | Input: 0x98c ImmSrc: 0 -> ext=0xc lui=0x3000
PASS | Input: 0xd42 ImmSrc: 1 -> ext=0xfd42 lui=0x800
PASS | Input: 0xa67 ImmSrc: 0 -> ext=0xffe7 lui=0x9c00
PASS | Input: 0x8df ImmSrc: 0 -> ext=0x1f lui=0x7c00
PASS | Input: 0x851 ImmSrc: 0 -> ext=0x11 lui=0x4400
PASS | Input: 0xa47 ImmSrc: 0 -> ext=0x7 lui=0x1c00
PASS | Input: 0xcd9 ImmSrc: 1 -> ext=0xfcd9 lui=0x6400
PASS | Input: 0x335 ImmSrc: 1 -> ext=0x335 lui=0xd400
PASS | Input: 0x2d1 ImmSrc: 1 -> ext=0x2d1 lui=0x4400
PASS | Input: 0xcbf ImmSrc: 1 -> ext=0xfcbf lui=0xfc00
PASS | Input: 0x8d8 ImmSrc: 0 -> ext=0x18 lui=0x6000
PASS | Input: 0x346 ImmSrc: 1 -> ext=0x346 lui=0x1800
PASS | Input: 0xb69 ImmSrc: 1 -> ext=0xfb69 lui=0xa400
PASS | Input: 0x1c5 ImmSrc: 1 -> ext=0x1c5 lui=0x1400
PASS | Input: 0x84 ImmSrc: 1 -> ext=0x84 lui=0x1000
PASS | Input: 0x260 ImmSrc: 0 -> ext=0xffe0 lui=0x8000
PASS | Input: 0xa90 ImmSrc: 0 -> ext=0x10 lui=0x4000
PASS | Input: 0x77f ImmSrc: 1 -> ext=0x77f lui=0xfc00
PASS | Input: 0x58a ImmSrc: 1 -> ext=0x58a lui=0x2800
PASS | Input: 0x856 ImmSrc: 1 -> ext=0xf856 lui=0x5800
PASS | Input: 0x719 ImmSrc: 1 -> ext=0x719 lui=0x6400
PASS | Input: 0x12a ImmSrc: 1 -> ext=0x12a lui=0xa800
PASS | Input: 0x3a0 ImmSrc: 0 -> ext=0xffe0 lui=0x8000
PASS | Input: 0x134 ImmSrc: 1 -> ext=0x134 lui=0xd000
PASS | Input: 0xfe6 ImmSrc: 1 -> ext=0xffe6 lui=0x9800
PASS | Input: 0xf75 ImmSrc: 1 -> ext=0xff75 lui=0xd400
PASS | Input: 0xa66 ImmSrc: 0 -> ext=0xffe6 lui=0x9800
PASS | Input: 0xb4f ImmSrc: 0 -> ext=0xf lui=0x3c00
PASS | Input: 0xef ImmSrc: 1 -> ext=0xef lui=0xbc00
PASS | Input: 0xf49 ImmSrc: 0 -> ext=0x9 lui=0x2400
PASS | Input: 0xe97 ImmSrc: 1 -> ext=0xfe97 lui=0x5c00
PASS | Input: 0x9be ImmSrc: 1 -> ext=0xf9be lui=0xf800
PASS | Input: 0xfad ImmSrc: 0 -> ext=0xffed lui=0xb400
PASS | Input: 0x2ec ImmSrc: 0 -> ext=0xffec lui=0xb000
PASS | Input: 0xcae ImmSrc: 1 -> ext=0xfcae lui=0xb800
PASS | Input: 0x924 ImmSrc: 0 -> ext=0xffe4 lui=0x9000
PASS | Input: 0x6e8 ImmSrc: 1 -> ext=0x6e8 lui=0xa000
PASS | Input: 0x980 ImmSrc: 1 -> ext=0xf980 lui=0x0
PASS | Input: 0x6d8 ImmSrc: 0 -> ext=0x18 lui=0x6000
PASS | Input: 0xcec ImmSrc: 0 -> ext=0xffec lui=0xb000
PASS | Input: 0xbdd ImmSrc: 0 -> ext=0x1d lui=0x7400
PASS | Input: 0xea ImmSrc: 0 -> ext=0xffea lui=0xa800
PASS | Input: 0xc57 ImmSrc: 1 -> ext=0xfc57 lui=0x5c00
PASS | Input: 0x2d7 ImmSrc: 1 -> ext=0x2d7 lui=0x5c00
PASS | Input: 0x8ce ImmSrc: 0 -> ext=0xe lui=0x3800
PASS | Input: 0xc15 ImmSrc: 1 -> ext=0xfc15 lui=0x5400
PASS | Input: 0xc37 ImmSrc: 0 -> ext=0xfff7 lui=0xdc00
PASS | Input: 0xcef ImmSrc: 0 -> ext=0xffef lui=0xbc00
PASS | Input: 0x2ea ImmSrc: 0 -> ext=0xffea lui=0xa800
PASS | Input: 0xd90 ImmSrc: 1 -> ext=0xfd90 lui=0x4000
PASS | Input: 0x76d ImmSrc: 1 -> ext=0x76d lui=0xb400
PASS | Input: 0x9dd ImmSrc: 0 -> ext=0x1d lui=0x7400
PASS | Input: 0x79a ImmSrc: 0 -> ext=0x1a lui=0x6800
PASS | Input: 0xe98 ImmSrc: 0 -> ext=0x18 lui=0x6000
PASS | Input: 0xc4e ImmSrc: 1 -> ext=0xfc4e lui=0x3800
PASS | Input: 0x998 ImmSrc: 1 -> ext=0xf998 lui=0x6000
PASS | Input: 0x728 ImmSrc: 1 -> ext=0x728 lui=0xa000
PASS | Input: 0x276 ImmSrc: 0 -> ext=0xfff6 lui=0xd800
PASS | Input: 0xd70 ImmSrc: 1 -> ext=0xfd70 lui=0xc000
PASS | Input: 0xa7c ImmSrc: 1 -> ext=0xfa7c lui=0xf000
PASS | Input: 0xcf ImmSrc: 1 -> ext=0xcf lui=0x3c00
PASS | Input: 0xa43 ImmSrc: 0 -> ext=0x3 lui=0xc00
PASS | Input: 0x9de ImmSrc: 0 -> ext=0x1e lui=0x7800
PASS | Input: 0xba ImmSrc: 0 -> ext=0xfffa lui=0xe800
PASS | Input: 0x425 ImmSrc: 0 -> ext=0xffe5 lui=0x9400
PASS | Input: 0x70d ImmSrc: 0 -> ext=0xd lui=0x3400
PASS | Input: 0xb7 ImmSrc: 1 -> ext=0xb7 lui=0xdc00
PASS | Input: 0x82d ImmSrc: 0 -> ext=0xffed lui=0xb400
PASS | Input: 0x7e2 ImmSrc: 0 -> ext=0xffe2 lui=0x8800
PASS | Input: 0x459 ImmSrc: 0 -> ext=0x19 lui=0x6400
PASS | Input: 0x22a ImmSrc: 0 -> ext=0xffea lui=0xa800
PASS | Input: 0x48a ImmSrc: 0 -> ext=0xa lui=0x2800
PASS | Input: 0x10 ImmSrc: 1 -> ext=0x10 lui=0x4000
PASS | Input: 0x704 ImmSrc: 1 -> ext=0x704 lui=0x1000
PASS | Input: 0xfcd ImmSrc: 0 -> ext=0xd lui=0x3400
PASS | Input: 0x3f8 ImmSrc: 0 -> ext=0xfff8 lui=0xe000
PASS | Input: 0x792 ImmSrc: 1 -> ext=0x792 lui=0x4800
PASS | Input: 0xa87 ImmSrc: 0 -> ext=0x7 lui=0x1c00
PASS | Input: 0x65d ImmSrc: 1 -> ext=0x65d lui=0x7400
PASS | Input: 0x5fd ImmSrc: 0 -> ext=0xfffd lui=0xf400
PASS | Input: 0x913 ImmSrc: 0 -> ext=0x13 lui=0x4c00
PASS | Input: 0x9d ImmSrc: 1 -> ext=0x9d lui=0x7400
PASS | Input: 0x8d5 ImmSrc: 0 -> ext=0x15 lui=0x5400
PASS | Input: 0xad8 ImmSrc: 1 -> ext=0xfad8 lui=0x6000
PASS | Input: 0x54d ImmSrc: 1 -> ext=0x54d lui=0x3400
PASS | Input: 0xb43 ImmSrc: 1 -> ext=0xfb43 lui=0xc00
PASS | Input: 0x6e9 ImmSrc: 0 -> ext=0xffe9 lui=0xa400
PASS | Input: 0x12c ImmSrc: 0 -> ext=0xffec lui=0xb000
PASS | Input: 0xcb6 ImmSrc: 1 -> ext=0xfcb6 lui=0xd800
PASS | Input: 0x91a ImmSrc: 0 -> ext=0x1a lui=0x6800
PASS | Input: 0xe4 ImmSrc: 0 -> ext=0xffe4 lui=0x9000
PASS | Input: 0xc1a ImmSrc: 1 -> ext=0xfc1a lui=0x6800
PASS | Input: 0xe8d ImmSrc: 0 -> ext=0xd lui=0x3400
PASS | Input: 0x82c ImmSrc: 0 -> ext=0xffec lui=0xb000
PASS | Input: 0x4e2 ImmSrc: 1 -> ext=0x4e2 lui=0x8800
PASS | Input: 0x9af ImmSrc: 1 -> ext=0xf9af lui=0xbc00
PASS | Input: 0xd41 ImmSrc: 0 -> ext=0x1 lui=0x400
PASS | Input: 0xb11 ImmSrc: 0 -> ext=0x11 lui=0x4400
PASS | Input: 0x368 ImmSrc: 1 -> ext=0x368 lui=0xa000
PASS | Input: 0xbbb ImmSrc: 1 -> ext=0xfbbb lui=0xec00
PASS | Input: 0x43d ImmSrc: 1 -> ext=0x43d lui=0xf400
PASS | Input: 0x6d ImmSrc: 1 -> ext=0x6d lui=0xb400
PASS | Input: 0xd63 ImmSrc: 0 -> ext=0xffe3 lui=0x8c00
PASS | Input: 0xf00 ImmSrc: 1 -> ext=0xff00 lui=0x0
PASS | Input: 0x916 ImmSrc: 0 -> ext=0x16 lui=0x5800
PASS | Input: 0xad5 ImmSrc: 0 -> ext=0x15 lui=0x5400
PASS | Input: 0x181 ImmSrc: 1 -> ext=0x181 lui=0x400
PASS | Input: 0x4ca ImmSrc: 0 -> ext=0xa lui=0x2800
PASS | Input: 0x612 ImmSrc: 1 -> ext=0x612 lui=0x4800
PASS | Input: 0x716 ImmSrc: 1 -> ext=0x716 lui=0x5800
PASS | Input: 0xed ImmSrc: 1 -> ext=0xed lui=0xb400
PASS | Input: 0xedc ImmSrc: 1 -> ext=0xfedc lui=0x7000
PASS | Input: 0xe16 ImmSrc: 0 -> ext=0x16 lui=0x5800
PASS | Input: 0x6d1 ImmSrc: 1 -> ext=0x6d1 lui=0x4400
PASS | Input: 0xd67 ImmSrc: 0 -> ext=0xffe7 lui=0x9c00
PASS | Input: 0xbc9 ImmSrc: 0 -> ext=0x9 lui=0x2400
PASS | Input: 0x5ef ImmSrc: 1 -> ext=0x5ef lui=0xbc00
PASS | Input: 0x985 ImmSrc: 0 -> ext=0x5 lui=0x1400
PASS | Input: 0x2c6 ImmSrc: 1 -> ext=0x2c6 lui=0x1800
PASS | Input: 0xba1 ImmSrc: 0 -> ext=0xffe1 lui=0x8400
PASS | Input: 0x2ff ImmSrc: 0 -> ext=0xffff lui=0xfc00
PASS | Input: 0xdeb ImmSrc: 1 -> ext=0xfdeb lui=0xac00
PASS | Input: 0x3c8 ImmSrc: 0 -> ext=0x8 lui=0x2000
PASS | Input: 0xd09 ImmSrc: 1 -> ext=0xfd09 lui=0x2400
PASS | Input: 0xd46 ImmSrc: 1 -> ext=0xfd46 lui=0x1800
PASS | Input: 0x5bf ImmSrc: 1 -> ext=0x5bf lui=0xfc00
PASS | Input: 0xe59 ImmSrc: 1 -> ext=0xfe59 lui=0x6400
PASS | Input: 0x2ad ImmSrc: 0 -> ext=0xffed lui=0xb400
PASS | Input: 0x2ce ImmSrc: 0 -> ext=0xe lui=0x3800
PASS | Input: 0x1e0 ImmSrc: 0 -> ext=0xffe0 lui=0x8000
PASS | Input: 0x525 ImmSrc: 0 -> ext=0xffe5 lui=0x9400
PASS | Input: 0xb0f ImmSrc: 1 -> ext=0xfb0f lui=0x3c00
PASS | Input: 0x276 ImmSrc: 0 -> ext=0xfff6 lui=0xd800
PASS | Input: 0xed3 ImmSrc: 0 -> ext=0x13 lui=0x4c00
PASS | Input: 0x698 ImmSrc: 1 -> ext=0x698 lui=0x6000
PASS | Input: 0x6c0 ImmSrc: 1 -> ext=0x6c0 lui=0x0
PASS | Input: 0xe1d ImmSrc: 0 -> ext=0x1d lui=0x7400
PASS | Input: 0xfa8 ImmSrc: 1 -> ext=0xffa8 lui=0xa000
PASS | Input: 0x537 ImmSrc: 1 -> ext=0x537 lui=0xdc00
PASS | Input: 0x4ef ImmSrc: 1 -> ext=0x4ef lui=0xbc00
PASS | Input: 0x42b ImmSrc: 1 -> ext=0x42b lui=0xac00
PASS | Input: 0x33b ImmSrc: 0 -> ext=0xfffb lui=0xec00
PASS | Input: 0xd5a ImmSrc: 1 -> ext=0xfd5a lui=0x6800
PASS | Input: 0x65d ImmSrc: 1 -> ext=0x65d lui=0x7400
PASS | Input: 0x681 ImmSrc: 1 -> ext=0x681 lui=0x400
PASS | Input: 0xbd6 ImmSrc: 0 -> ext=0x16 lui=0x5800
PASS | Input: 0xe4a ImmSrc: 0 -> ext=0xa lui=0x2800
PASS | Input: 0xab1 ImmSrc: 1 -> ext=0xfab1 lui=0xc400
PASS | Input: 0x2bf ImmSrc: 1 -> ext=0x2bf lui=0xfc00
PASS | Input: 0x537 ImmSrc: 1 -> ext=0x537 lui=0xdc00
PASS | Input: 0xcba ImmSrc: 0 -> ext=0xfffa lui=0xe800
PASS | Input: 0x228 ImmSrc: 1 -> ext=0x228 lui=0xa000
PASS | Input: 0xbf0 ImmSrc: 1 -> ext=0xfbf0 lui=0xc000
PASS | Input: 0x2f2 ImmSrc: 0 -> ext=0xfff2 lui=0xc800
PASS | Input: 0x6a2 ImmSrc: 0 -> ext=0xffe2 lui=0x8800
PASS | Input: 0xdac ImmSrc: 1 -> ext=0xfdac lui=0xb000
PASS | Input: 0xd98 ImmSrc: 0 -> ext=0x18 lui=0x6000
PASS | Input: 0x334 ImmSrc: 1 -> ext=0x334 lui=0xd000
PASS | Input: 0x87a ImmSrc: 0 -> ext=0xfffa lui=0xe800
PASS | Input: 0xb45 ImmSrc: 1 -> ext=0xfb45 lui=0x1400
PASS | Input: 0x81b ImmSrc: 0 -> ext=0x1b lui=0x6c00
PASS | Input: 0x5e3 ImmSrc: 0 -> ext=0xffe3 lui=0x8c00
PASS | Input: 0x9d6 ImmSrc: 0 -> ext=0x16 lui=0x5800
PASS | Input: 0xaeb ImmSrc: 0 -> ext=0xffeb lui=0xac00
PASS | Input: 0x28b ImmSrc: 0 -> ext=0xb lui=0x2c00
PASS | Input: 0xa27 ImmSrc: 0 -> ext=0xffe7 lui=0x9c00
PASS | Input: 0x361 ImmSrc: 1 -> ext=0x361 lui=0x8400
PASS | Input: 0xfbb ImmSrc: 1 -> ext=0xffbb lui=0xec00
PASS | Input: 0x5d2 ImmSrc: 0 -> ext=0x12 lui=0x4800
PASS | Input: 0x447 ImmSrc: 0 -> ext=0x7 lui=0x1c00
PASS | Input: 0x635 ImmSrc: 0 -> ext=0xfff5 lui=0xd400
PASS | Input: 0x789 ImmSrc: 1 -> ext=0x789 lui=0x2400
PASS | Input: 0x33c ImmSrc: 1 -> ext=0x33c lui=0xf000
PASS | Input: 0x1ef ImmSrc: 0 -> ext=0xffef lui=0xbc00
PASS | Input: 0x69b ImmSrc: 1 -> ext=0x69b lui=0x6c00
PASS | Input: 0xed2 ImmSrc: 0 -> ext=0x12 lui=0x4800
PASS | Input: 0xc62 ImmSrc: 0 -> ext=0xffe2 lui=0x8800
PASS | Input: 0xed3 ImmSrc: 0 -> ext=0x13 lui=0x4c00
PASS | Input: 0x222 ImmSrc: 0 -> ext=0xffe2 lui=0x8800
PASS | Input: 0xd12 ImmSrc: 1 -> ext=0xfd12 lui=0x4800
PASS | Input: 0x79 ImmSrc: 0 -> ext=0xfff9 lui=0xe400
PASS | Input: 0x1b3 ImmSrc: 1 -> ext=0x1b3 lui=0xcc00
PASS | Input: 0x71b ImmSrc: 0 -> ext=0x1b lui=0x6c00
PASS | Input: 0xb74 ImmSrc: 1 -> ext=0xfb74 lui=0xd000
PASS | Input: 0xf6 ImmSrc: 0 -> ext=0xfff6 lui=0xd800
PASS | Input: 0x7ba ImmSrc: 1 -> ext=0x7ba lui=0xe800
PASS | Input: 0x976 ImmSrc: 0 -> ext=0xfff6 lui=0xd800
PASS | Input: 0xfe5 ImmSrc: 1 -> ext=0xffe5 lui=0x9400
PASS | Input: 0xb9f ImmSrc: 0 -> ext=0x1f lui=0x7c00
PASS | Input: 0xe45 ImmSrc: 1 -> ext=0xfe45 lui=0x1400
PASS | Input: 0x4f9 ImmSrc: 1 -> ext=0x4f9 lui=0xe400
PASS | Input: 0x48a ImmSrc: 0 -> ext=0xa lui=0x2800
PASS | Input: 0x1f4 ImmSrc: 1 -> ext=0x1f4 lui=0xd000
PASS | Input: 0x905 ImmSrc: 0 -> ext=0x5 lui=0x1400
PASS | Input: 0xadf ImmSrc: 0 -> ext=0x1f lui=0x7c00
PASS | Input: 0xd91 ImmSrc: 1 -> ext=0xfd91 lui=0x4400
PASS | Input: 0x1fa ImmSrc: 1 -> ext=0x1fa lui=0xe800
PASS | Input: 0x881 ImmSrc: 0 -> ext=0x1 lui=0x400
PASS | Input: 0xcd1 ImmSrc: 1 -> ext=0xfcd1 lui=0x4400
PASS | Input: 0x963 ImmSrc: 0 -> ext=0xffe3 lui=0x8c00
PASS | Input: 0xc64 ImmSrc: 0 -> ext=0xffe4 lui=0x9000
PASS | Input: 0x8f9 ImmSrc: 0 -> ext=0xfff9 lui=0xe400
PASS | Input: 0xb41 ImmSrc: 1 -> ext=0xfb41 lui=0x400
PASS | Input: 0x739 ImmSrc: 0 -> ext=0xfff9 lui=0xe400
PASS | Input: 0x221 ImmSrc: 1 -> ext=0x221 lui=0x8400
PASS | Input: 0xdab ImmSrc: 0 -> ext=0xffeb lui=0xac00
PASS | Input: 0x326 ImmSrc: 1 -> ext=0x326 lui=0x9800
PASS | Input: 0x80c ImmSrc: 1 -> ext=0xf80c lui=0x3000
PASS | Input: 0x547 ImmSrc: 1 -> ext=0x547 lui=0x1c00
PASS | Input: 0x473 ImmSrc: 0 -> ext=0xfff3 lui=0xcc00
PASS | Input: 0x515 ImmSrc: 0 -> ext=0x15 lui=0x5400
PASS | Input: 0xded ImmSrc: 0 -> ext=0xffed lui=0xb400
PASS | Input: 0x15b ImmSrc: 0 -> ext=0x1b lui=0x6c00
PASS | Input: 0xfd2 ImmSrc: 0 -> ext=0x12 lui=0x4800
PASS | Input: 0x3bf ImmSrc: 0 -> ext=0xffff lui=0xfc00
PASS | Input: 0x5b4 ImmSrc: 1 -> ext=0x5b4 lui=0xd000
PASS | Input: 0x6fe ImmSrc: 0 -> ext=0xfffe lui=0xf800
PASS | Input: 0xb4a ImmSrc: 0 -> ext=0xa lui=0x2800
PASS | Input: 0xbca ImmSrc: 0 -> ext=0xa lui=0x2800
PASS | Input: 0xf14 ImmSrc: 1 -> ext=0xff14 lui=0x5000
PASS | Input: 0xafa ImmSrc: 0 -> ext=0xfffa lui=0xe800
PASS | Input: 0xa2c ImmSrc: 1 -> ext=0xfa2c lui=0xb000
PASS | Input: 0xf0c ImmSrc: 0 -> ext=0xc lui=0x3000
PASS | Input: 0xd0d ImmSrc: 1 -> ext=0xfd0d lui=0x3400
PASS | Input: 0x6a8 ImmSrc: 0 -> ext=0xffe8 lui=0xa000
PASS | Input: 0xeaf ImmSrc: 1 -> ext=0xfeaf lui=0xbc00
PASS | Input: 0xf25 ImmSrc: 0 -> ext=0xffe5 lui=0x9400
PASS | Input: 0xcc2 ImmSrc: 1 -> ext=0xfcc2 lui=0x800
PASS | Input: 0xfbf ImmSrc: 0 -> ext=0xffff lui=0xfc00
PASS | Input: 0x57b ImmSrc: 1 -> ext=0x57b lui=0xec00
PASS | Input: 0x97e ImmSrc: 1 -> ext=0xf97e lui=0xf800
PASS | Input: 0xa9 ImmSrc: 0 -> ext=0xffe9 lui=0xa400
PASS | Input: 0x37f ImmSrc: 0 -> ext=0xffff lui=0xfc00
PASS | Input: 0xd8a ImmSrc: 0 -> ext=0xa lui=0x2800
PASS | Input: 0xca0 ImmSrc: 1 -> ext=0xfca0 lui=0x8000
PASS | Input: 0x620 ImmSrc: 1 -> ext=0x620 lui=0x8000
PASS | Input: 0x139 ImmSrc: 1 -> ext=0x139 lui=0xe400
PASS | Input: 0xa6a ImmSrc: 1 -> ext=0xfa6a lui=0xa800
PASS | Input: 0xcef ImmSrc: 1 -> ext=0xfcef lui=0xbc00
PASS | Input: 0x15d ImmSrc: 1 -> ext=0x15d lui=0x7400
PASS | Input: 0xa3c ImmSrc: 0 -> ext=0xfffc lui=0xf000
PASS | Input: 0x8e0 ImmSrc: 1 -> ext=0xf8e0 lui=0x8000
PASS | Input: 0x6c8 ImmSrc: 0 -> ext=0x8 lui=0x2000
PASS | Input: 0xdc5 ImmSrc: 0 -> ext=0x5 lui=0x1400
PASS | Input: 0xf22 ImmSrc: 0 -> ext=0xffe2 lui=0x8800
PASS | Input: 0xbed ImmSrc: 0 -> ext=0xffed lui=0xb400
PASS | Input: 0xdfc ImmSrc: 0 -> ext=0xfffc lui=0xf000
PASS | Input: 0xc9c ImmSrc: 1 -> ext=0xfc9c lui=0x7000
PASS | Input: 0xe77 ImmSrc: 1 -> ext=0xfe77 lui=0xdc00
PASS | Input: 0x2e ImmSrc: 1 -> ext=0x2e lui=0xb800
PASS | Input: 0xea5 ImmSrc: 1 -> ext=0xfea5 lui=0x9400
PASS | Input: 0xe1b ImmSrc: 0 -> ext=0x1b lui=0x6c00
PASS | Input: 0x8c5 ImmSrc: 0 -> ext=0x5 lui=0x1400
PASS | Input: 0x9a2 ImmSrc: 1 -> ext=0xf9a2 lui=0x8800
PASS | Input: 0xb69 ImmSrc: 1 -> ext=0xfb69 lui=0xa400
PASS | Input: 0x4e0 ImmSrc: 0 -> ext=0xffe0 lui=0x8000
PASS | Input: 0xe03 ImmSrc: 0 -> ext=0x3 lui=0xc00
PASS | Input: 0x3ca ImmSrc: 0 -> ext=0xa lui=0x2800
PASS | Input: 0x10f ImmSrc: 1 -> ext=0x10f lui=0x3c00
PASS | Input: 0xfc0 ImmSrc: 0 -> ext=0x0 lui=0x0
PASS | Input: 0xe59 ImmSrc: 0 -> ext=0x19 lui=0x6400
PASS | Input: 0x2f ImmSrc: 0 -> ext=0xffef lui=0xbc00
PASS | Input: 0x37f ImmSrc: 0 -> ext=0xffff lui=0xfc00
PASS | Input: 0x9ff ImmSrc: 1 -> ext=0xf9ff lui=0xfc00
PASS | Input: 0x851 ImmSrc: 1 -> ext=0xf851 lui=0x4400
PASS | Input: 0x343 ImmSrc: 1 -> ext=0x343 lui=0xc00
PASS | Input: 0xe17 ImmSrc: 1 -> ext=0xfe17 lui=0x5c00
PASS | Input: 0x9e0 ImmSrc: 1 -> ext=0xf9e0 lui=0x8000
PASS | Input: 0x60 ImmSrc: 1 -> ext=0x60 lui=0x8000
PASS | Input: 0x7a5 ImmSrc: 1 -> ext=0x7a5 lui=0x9400
PASS | Input: 0x76c ImmSrc: 0 -> ext=0xffec lui=0xb000
PASS | Input: 0x995 ImmSrc: 1 -> ext=0xf995 lui=0x5400
PASS | Input: 0x1d0 ImmSrc: 1 -> ext=0x1d0 lui=0x4000
PASS | Input: 0xdc3 ImmSrc: 1 -> ext=0xfdc3 lui=0xc00
PASS | Input: 0xa62 ImmSrc: 1 -> ext=0xfa62 lui=0x8800
PASS | Input: 0xe99 ImmSrc: 1 -> ext=0xfe99 lui=0x6400
PASS | Input: 0xd0d ImmSrc: 0 -> ext=0xd lui=0x3400
PASS | Input: 0x7df ImmSrc: 0 -> ext=0x1f lui=0x7c00
PASS | Input: 0x8a6 ImmSrc: 1 -> ext=0xf8a6 lui=0x9800
PASS | Input: 0x75d ImmSrc: 0 -> ext=0x1d lui=0x7400
PASS | Input: 0x54e ImmSrc: 0 -> ext=0xe lui=0x3800
PASS | Input: 0x46e ImmSrc: 0 -> ext=0xffee lui=0xb800
PASS | Input: 0x8b ImmSrc: 1 -> ext=0x8b lui=0x2c00
PASS | Input: 0x15d ImmSrc: 1 -> ext=0x15d lui=0x7400
PASS | Input: 0x7a0 ImmSrc: 1 -> ext=0x7a0 lui=0x8000
PASS | Input: 0x4e0 ImmSrc: 0 -> ext=0xffe0 lui=0x8000
PASS | Input: 0x444 ImmSrc: 0 -> ext=0x4 lui=0x1000
PASS | Input: 0xf93 ImmSrc: 0 -> ext=0x13 lui=0x4c00
PASS | Input: 0x553 ImmSrc: 1 -> ext=0x553 lui=0x4c00
PASS | Input: 0x8bf ImmSrc: 1 -> ext=0xf8bf lui=0xfc00
PASS | Input: 0x282 ImmSrc: 1 -> ext=0x282 lui=0x800
PASS | Input: 0xf4c ImmSrc: 0 -> ext=0xc lui=0x3000
PASS | Input: 0xdc4 ImmSrc: 1 -> ext=0xfdc4 lui=0x1000
PASS | Input: 0xf35 ImmSrc: 1 -> ext=0xff35 lui=0xd400
PASS | Input: 0xc67 ImmSrc: 0 -> ext=0xffe7 lui=0x9c00
PASS | Input: 0x357 ImmSrc: 1 -> ext=0x357 lui=0x5c00
PASS | Input: 0x187 ImmSrc: 0 -> ext=0x7 lui=0x1c00
PASS | Input: 0x6ec ImmSrc: 1 -> ext=0x6ec lui=0xb000
PASS | Input: 0x2ec ImmSrc: 0 -> ext=0xffec lui=0xb000
PASS | Input: 0x99a ImmSrc: 0 -> ext=0x1a lui=0x6800
PASS | Input: 0xef4 ImmSrc: 1 -> ext=0xfef4 lui=0xd000
PASS | Input: 0x255 ImmSrc: 1 -> ext=0x255 lui=0x5400
PASS | Input: 0x394 ImmSrc: 0 -> ext=0x14 lui=0x5000
PASS | Input: 0x307 ImmSrc: 1 -> ext=0x307 lui=0x1c00
PASS | Input: 0x810 ImmSrc: 1 -> ext=0xf810 lui=0x4000
PASS | Input: 0x246 ImmSrc: 0 -> ext=0x6 lui=0x1800
PASS | Input: 0xc87 ImmSrc: 0 -> ext=0x7 lui=0x1c00
PASS | Input: 0xfec ImmSrc: 1 -> ext=0xffec lui=0xb000
PASS | Input: 0xdd8 ImmSrc: 0 -> ext=0x18 lui=0x6000
PASS | Input: 0x500 ImmSrc: 1 -> ext=0x500 lui=0x0
PASS | Input: 0x213 ImmSrc: 0 -> ext=0x13 lui=0x4c00
PASS | Input: 0xea7 ImmSrc: 0 -> ext=0xffe7 lui=0x9c00
PASS | Input: 0xcef ImmSrc: 1 -> ext=0xfcef lui=0xbc00
PASS | Input: 0x994 ImmSrc: 1 -> ext=0xf994 lui=0x5000
PASS | Input: 0x381 ImmSrc: 0 -> ext=0x1 lui=0x400
PASS | Input: 0xb9 ImmSrc: 1 -> ext=0xb9 lui=0xe400
PASS | Input: 0x7a6 ImmSrc: 1 -> ext=0x7a6 lui=0x9800
PASS | Input: 0x1a0 ImmSrc: 1 -> ext=0x1a0 lui=0x8000
PASS | Input: 0xf55 ImmSrc: 0 -> ext=0x15 lui=0x5400
PASS | Input: 0x639 ImmSrc: 0 -> ext=0xfff9 lui=0xe400
PASS | Input: 0xb65 ImmSrc: 0 -> ext=0xffe5 lui=0x9400
PASS | Input: 0xd79 ImmSrc: 0 -> ext=0xfff9 lui=0xe400
PASS | Input: 0x6e2 ImmSrc: 0 -> ext=0xffe2 lui=0x8800
PASS | Input: 0xfa7 ImmSrc: 0 -> ext=0xffe7 lui=0x9c00
PASS | Input: 0xd7e ImmSrc: 1 -> ext=0xfd7e lui=0xf800
PASS | Input: 0xaa8 ImmSrc: 0 -> ext=0xffe8 lui=0xa000
PASS | Input: 0x94e ImmSrc: 0 -> ext=0xe lui=0x3800
PASS | Input: 0xa21 ImmSrc: 1 -> ext=0xfa21 lui=0x8400
PASS | Input: 0x750 ImmSrc: 1 -> ext=0x750 lui=0x4000
PASS | Input: 0xcd1 ImmSrc: 0 -> ext=0x11 lui=0x4400
PASS | Input: 0x5e6 ImmSrc: 1 -> ext=0x5e6 lui=0x9800
PASS | Input: 0x9f1 ImmSrc: 0 -> ext=0xfff1 lui=0xc400
PASS | Input: 0xdd3 ImmSrc: 0 -> ext=0x13 lui=0x4c00
PASS | Input: 0xf4 ImmSrc: 1 -> ext=0xf4 lui=0xd000
PASS | Input: 0xdda ImmSrc: 0 -> ext=0x1a lui=0x6800
PASS | Input: 0xb85 ImmSrc: 0 -> ext=0x5 lui=0x1400
PASS | Input: 0xe89 ImmSrc: 1 -> ext=0xfe89 lui=0x2400
PASS | Input: 0x711 ImmSrc: 0 -> ext=0x11 lui=0x4400
PASS | Input: 0xf5d ImmSrc: 0 -> ext=0x1d lui=0x7400
PASS | Input: 0xc0 ImmSrc: 0 -> ext=0x0 lui=0x0
PASS | Input: 0xbc2 ImmSrc: 0 -> ext=0x2 lui=0x800
PASS | Input: 0x2b ImmSrc: 0 -> ext=0xffeb lui=0xac00
PASS | Input: 0xc18 ImmSrc: 1 -> ext=0xfc18 lui=0x6000
PASS | Input: 0x6ad ImmSrc: 0 -> ext=0xffed lui=0xb400
PASS | Input: 0x24a ImmSrc: 1 -> ext=0x24a lui=0x2800
PASS | Input: 0xea9 ImmSrc: 0 -> ext=0xffe9 lui=0xa400
PASS | Input: 0x70e ImmSrc: 1 -> ext=0x70e lui=0x3800
PASS | Input: 0x392 ImmSrc: 0 -> ext=0x12 lui=0x4800
PASS | Input: 0x475 ImmSrc: 0 -> ext=0xfff5 lui=0xd400
PASS | Input: 0xf1c ImmSrc: 1 -> ext=0xff1c lui=0x7000
PASS | Input: 0xbcf ImmSrc: 0 -> ext=0xf lui=0x3c00
PASS | Input: 0xf62 ImmSrc: 1 -> ext=0xff62 lui=0x8800
PASS | Input: 0x288 ImmSrc: 0 -> ext=0x8 lui=0x2000
PASS | Input: 0x160 ImmSrc: 0 -> ext=0xffe0 lui=0x8000
PASS | Input: 0x917 ImmSrc: 0 -> ext=0x17 lui=0x5c00
PASS | Input: 0x93 ImmSrc: 1 -> ext=0x93 lui=0x4c00
PASS | Input: 0xa86 ImmSrc: 1 -> ext=0xfa86 lui=0x1800
PASS | Input: 0x620 ImmSrc: 0 -> ext=0xffe0 lui=0x8000
PASS | Input: 0x2c8 ImmSrc: 0 -> ext=0x8 lui=0x2000
PASS | Input: 0x54f ImmSrc: 0 -> ext=0xf lui=0x3c00
PASS | Input: 0xf58 ImmSrc: 0 -> ext=0x18 lui=0x6000
PASS | Input: 0xb9 ImmSrc: 0 -> ext=0xfff9 lui=0xe400
PASS | Input: 0x748 ImmSrc: 1 -> ext=0x748 lui=0x2000
PASS | Input: 0xb04 ImmSrc: 1 -> ext=0xfb04 lui=0x1000
PASS | Input: 0xd5b ImmSrc: 1 -> ext=0xfd5b lui=0x6c00
PASS | Input: 0xd7b ImmSrc: 1 -> ext=0xfd7b lui=0xec00
PASS | Input: 0x635 ImmSrc: 0 -> ext=0xfff5 lui=0xd400
PASS | Input: 0x45f ImmSrc: 0 -> ext=0x1f lui=0x7c00
PASS | Input: 0x449 ImmSrc: 1 -> ext=0x449 lui=0x2400
PASS | Input: 0xc4f ImmSrc: 1 -> ext=0xfc4f lui=0x3c00
PASS | Input: 0x289 ImmSrc: 1 -> ext=0x289 lui=0x2400
PASS | Input: 0x195 ImmSrc: 0 -> ext=0x15 lui=0x5400
PASS | Input: 0xa87 ImmSrc: 0 -> ext=0x7 lui=0x1c00
PASS | Input: 0xfb8 ImmSrc: 0 -> ext=0xfff8 lui=0xe000
PASS | Input: 0x80c ImmSrc: 0 -> ext=0xc lui=0x3000
PASS | Input: 0x120 ImmSrc: 1 -> ext=0x120 lui=0x8000
PASS | Input: 0x9cb ImmSrc: 1 -> ext=0xf9cb lui=0x2c00
PASS | Input: 0x237 ImmSrc: 0 -> ext=0xfff7 lui=0xdc00
PASS | Input: 0x837 ImmSrc: 1 -> ext=0xf837 lui=0xdc00
PASS | Input: 0x2c9 ImmSrc: 1 -> ext=0x2c9 lui=0x2400
PASS | Input: 0x32b ImmSrc: 1 -> ext=0x32b lui=0xac00
PASS | Input: 0xa0d ImmSrc: 0 -> ext=0xd lui=0x3400
PASS | Input: 0x468 ImmSrc: 1 -> ext=0x468 lui=0xa000
PASS | Input: 0x921 ImmSrc: 1 -> ext=0xf921 lui=0x8400
PASS | Input: 0x889 ImmSrc: 1 -> ext=0xf889 lui=0x2400
PASS | Input: 0x75f ImmSrc: 0 -> ext=0x1f lui=0x7c00
PASS | Input: 0xb84 ImmSrc: 0 -> ext=0x4 lui=0x1000
PASS | Input: 0x152 ImmSrc: 0 -> ext=0x12 lui=0x4800
PASS | Input: 0x958 ImmSrc: 0 -> ext=0x18 lui=0x6000
PASS | Input: 0x4b8 ImmSrc: 1 -> ext=0x4b8 lui=0xe000
PASS | Input: 0xceb ImmSrc: 0 -> ext=0xffeb lui=0xac00
PASS | Input: 0xd53 ImmSrc: 1 -> ext=0xfd53 lui=0x4c00
PASS | Input: 0x4cd ImmSrc: 0 -> ext=0xd lui=0x3400
PASS | Input: 0x5ef ImmSrc: 0 -> ext=0xffef lui=0xbc00
PASS | Input: 0xad8 ImmSrc: 1 -> ext=0xfad8 lui=0x6000
PASS | Input: 0xa77 ImmSrc: 0 -> ext=0xfff7 lui=0xdc00
PASS | Input: 0xb67 ImmSrc: 1 -> ext=0xfb67 lui=0x9c00
PASS | Input: 0x964 ImmSrc: 1 -> ext=0xf964 lui=0x9000
PASS | Input: 0x21b ImmSrc: 0 -> ext=0x1b lui=0x6c00
PASS | Input: 0xc67 ImmSrc: 0 -> ext=0xffe7 lui=0x9c00
PASS | Input: 0xddd ImmSrc: 1 -> ext=0xfddd lui=0x7400
PASS | Input: 0x1a9 ImmSrc: 0 -> ext=0xffe9 lui=0xa400
PASS | Input: 0x531 ImmSrc: 1 -> ext=0x531 lui=0xc400
PASS | Input: 0x6e ImmSrc: 1 -> ext=0x6e lui=0xb800
PASS | Input: 0x965 ImmSrc: 1 -> ext=0xf965 lui=0x9400
PASS | Input: 0xb81 ImmSrc: 0 -> ext=0x1 lui=0x400
PASS | Input: 0x2c4 ImmSrc: 1 -> ext=0x2c4 lui=0x1000
PASS | Input: 0x931 ImmSrc: 0 -> ext=0xfff1 lui=0xc400
PASS | Input: 0x15f ImmSrc: 1 -> ext=0x15f lui=0x7c00
PASS | Input: 0x847 ImmSrc: 0 -> ext=0x7 lui=0x1c00
PASS | Input: 0xd81 ImmSrc: 0 -> ext=0x1 lui=0x400
PASS | Input: 0x2c0 ImmSrc: 0 -> ext=0x0 lui=0x0
PASS | Input: 0x266 ImmSrc: 1 -> ext=0x266 lui=0x9800
PASS | Input: 0x8ac ImmSrc: 1 -> ext=0xf8ac lui=0xb000
PASS | Input: 0xf57 ImmSrc: 0 -> ext=0x17 lui=0x5c00
PASS | Input: 0x107 ImmSrc: 1 -> ext=0x107 lui=0x1c00
PASS | Input: 0xeb4 ImmSrc: 0 -> ext=0xfff4 lui=0xd000
PASS | Input: 0xbde ImmSrc: 1 -> ext=0xfbde lui=0x7800
PASS | Input: 0xe10 ImmSrc: 1 -> ext=0xfe10 lui=0x4000
PASS | Input: 0xa5 ImmSrc: 0 -> ext=0xffe5 lui=0x9400
PASS | Input: 0x9f1 ImmSrc: 1 -> ext=0xf9f1 lui=0xc400
PASS | Input: 0x109 ImmSrc: 1 -> ext=0x109 lui=0x2400
PASS | Input: 0x94d ImmSrc: 0 -> ext=0xd lui=0x3400
PASS | Input: 0x41e ImmSrc: 0 -> ext=0x1e lui=0x7800
PASS | Input: 0xa5c ImmSrc: 0 -> ext=0x1c lui=0x7000
PASS | Input: 0xb3c ImmSrc: 1 -> ext=0xfb3c lui=0xf000
PASS | Input: 0xddd ImmSrc: 1 -> ext=0xfddd lui=0x7400
PASS | Input: 0xd6a ImmSrc: 0 -> ext=0xffea lui=0xa800
PASS | Input: 0x958 ImmSrc: 0 -> ext=0x18 lui=0x6000
PASS | Input: 0x7a8 ImmSrc: 0 -> ext=0xffe8 lui=0xa000
PASS | Input: 0xc80 ImmSrc: 0 -> ext=0x0 lui=0x0
PASS | Input: 0x5ef ImmSrc: 0 -> ext=0xffef lui=0xbc00
PASS | Input: 0x353 ImmSrc: 1 -> ext=0x353 lui=0x4c00
PASS | Input: 0x448 ImmSrc: 1 -> ext=0x448 lui=0x2000
PASS | Input: 0x9fb ImmSrc: 0 -> ext=0xfffb lui=0xec00
PASS | Input: 0x2cc ImmSrc: 1 -> ext=0x2cc lui=0x3000
PASS | Input: 0x719 ImmSrc: 0 -> ext=0x19 lui=0x6400
PASS | Input: 0x6e0 ImmSrc: 1 -> ext=0x6e0 lui=0x8000
PASS | Input: 0xc94 ImmSrc: 0 -> ext=0x14 lui=0x5000
PASS | Input: 0x193 ImmSrc: 0 -> ext=0x13 lui=0x4c00
PASS | Input: 0x675 ImmSrc: 1 -> ext=0x675 lui=0xd400
PASS | Input: 0xc63 ImmSrc: 1 -> ext=0xfc63 lui=0x8c00
PASS | Input: 0xef2 ImmSrc: 1 -> ext=0xfef2 lui=0xc800
PASS | Input: 0x558 ImmSrc: 1 -> ext=0x558 lui=0x6000
PASS | Input: 0x43 ImmSrc: 1 -> ext=0x43 lui=0xc00
PASS | Input: 0x4b3 ImmSrc: 1 -> ext=0x4b3 lui=0xcc00
PASS | Input: 0xa51 ImmSrc: 0 -> ext=0x11 lui=0x4400
PASS | Input: 0xa25 ImmSrc: 0 -> ext=0xffe5 lui=0x9400
PASS | Input: 0x7d9 ImmSrc: 1 -> ext=0x7d9 lui=0x6400
PASS | Input: 0xec8 ImmSrc: 1 -> ext=0xfec8 lui=0x2000
PASS | Input: 0x21 ImmSrc: 1 -> ext=0x21 lui=0x8400
PASS | Input: 0x2ce ImmSrc: 1 -> ext=0x2ce lui=0x3800
PASS | Input: 0x7d0 ImmSrc: 0 -> ext=0x10 lui=0x4000
PASS | Input: 0xf2d ImmSrc: 1 -> ext=0xff2d lui=0xb400
PASS | Input: 0x302 ImmSrc: 0 -> ext=0x2 lui=0x800
PASS | Input: 0xf22 ImmSrc: 0 -> ext=0xffe2 lui=0x8800
PASS | Input: 0x234 ImmSrc: 0 -> ext=0xfff4 lui=0xd000
PASS | Input: 0xeea ImmSrc: 0 -> ext=0xffea lui=0xa800
PASS | Input: 0x11c ImmSrc: 0 -> ext=0x1c lui=0x7000
PASS | Input: 0xc80 ImmSrc: 1 -> ext=0xfc80 lui=0x0
PASS | Input: 0x808 ImmSrc: 0 -> ext=0x8 lui=0x2000
PASS | Input: 0x2c1 ImmSrc: 0 -> ext=0x1 lui=0x400
PASS | Input: 0x9db ImmSrc: 1 -> ext=0xf9db lui=0x6c00
PASS | Input: 0xec8 ImmSrc: 1 -> ext=0xfec8 lui=0x2000
PASS | Input: 0xa39 ImmSrc: 0 -> ext=0xfff9 lui=0xe400
PASS | Input: 0xad6 ImmSrc: 1 -> ext=0xfad6 lui=0x5800
PASS | Input: 0xb0b ImmSrc: 1 -> ext=0xfb0b lui=0x2c00
PASS | Input: 0x3b0 ImmSrc: 1 -> ext=0x3b0 lui=0xc000
PASS | Input: 0x7e2 ImmSrc: 1 -> ext=0x7e2 lui=0x8800
PASS | Input: 0x4ae ImmSrc: 0 -> ext=0xffee lui=0xb800
PASS | Input: 0x954 ImmSrc: 0 -> ext=0x14 lui=0x5000
PASS | Input: 0xa76 ImmSrc: 0 -> ext=0xfff6 lui=0xd800
PASS | Input: 0xdf9 ImmSrc: 1 -> ext=0xfdf9 lui=0xe400
PASS | Input: 0x195 ImmSrc: 0 -> ext=0x15 lui=0x5400
PASS | Input: 0xf ImmSrc: 1 -> ext=0xf lui=0x3c00
PASS | Input: 0x5f2 ImmSrc: 0 -> ext=0xfff2 lui=0xc800
PASS | Input: 0x5f ImmSrc: 0 -> ext=0x1f lui=0x7c00
PASS | Input: 0x15c ImmSrc: 0 -> ext=0x1c lui=0x7000
PASS | Input: 0x48a ImmSrc: 1 -> ext=0x48a lui=0x2800
PASS | Input: 0x30d ImmSrc: 0 -> ext=0xd lui=0x3400
PASS | Input: 0xc43 ImmSrc: 1 -> ext=0xfc43 lui=0xc00
PASS | Input: 0x585 ImmSrc: 0 -> ext=0x5 lui=0x1400
PASS | Input: 0x49b ImmSrc: 0 -> ext=0x1b lui=0x6c00
PASS | Input: 0x38e ImmSrc: 1 -> ext=0x38e lui=0x3800
PASS | Input: 0x5f2 ImmSrc: 1 -> ext=0x5f2 lui=0xc800
PASS | Input: 0xabc ImmSrc: 0 -> ext=0xfffc lui=0xf000
PASS | Input: 0xea1 ImmSrc: 0 -> ext=0xffe1 lui=0x8400
PASS | Input: 0x750 ImmSrc: 1 -> ext=0x750 lui=0x4000
PASS | Input: 0x800 ImmSrc: 0 -> ext=0x0 lui=0x0
PASS | Input: 0x2c1 ImmSrc: 1 -> ext=0x2c1 lui=0x400
PASS | Input: 0x2d9 ImmSrc: 0 -> ext=0x19 lui=0x6400
PASS | Input: 0xdd8 ImmSrc: 1 -> ext=0xfdd8 lui=0x6000
PASS | Input: 0x7d7 ImmSrc: 0 -> ext=0x17 lui=0x5c00
PASS | Input: 0xa8 ImmSrc: 1 -> ext=0xa8 lui=0xa000
PASS | Input: 0x220 ImmSrc: 1 -> ext=0x220 lui=0x8000
PASS | Input: 0x643 ImmSrc: 0 -> ext=0x3 lui=0xc00
PASS | Input: 0x19b ImmSrc: 0 -> ext=0x1b lui=0x6c00
PASS | Input: 0xf7d ImmSrc: 0 -> ext=0xfffd lui=0xf400
PASS | Input: 0xc09 ImmSrc: 1 -> ext=0xfc09 lui=0x2400
PASS | Input: 0x39b ImmSrc: 0 -> ext=0x1b lui=0x6c00
PASS | Input: 0x57c ImmSrc: 1 -> ext=0x57c lui=0xf000
PASS | Input: 0x145 ImmSrc: 0 -> ext=0x5 lui=0x1400
PASS | Input: 0x257 ImmSrc: 0 -> ext=0x17 lui=0x5c00
PASS | Input: 0x38c ImmSrc: 1 -> ext=0x38c lui=0x3000
PASS | Input: 0x45a ImmSrc: 0 -> ext=0x1a lui=0x6800
PASS | Input: 0x665 ImmSrc: 0 -> ext=0xffe5 lui=0x9400
PASS | Input: 0x5de ImmSrc: 0 -> ext=0x1e lui=0x7800
PASS | Input: 0x571 ImmSrc: 0 -> ext=0xfff1 lui=0xc400
PASS | Input: 0xfd8 ImmSrc: 0 -> ext=0x18 lui=0x6000
PASS | Input: 0xf60 ImmSrc: 1 -> ext=0xff60 lui=0x8000
PASS | Input: 0xb9 ImmSrc: 0 -> ext=0xfff9 lui=0xe400
PASS | Input: 0xbd0 ImmSrc: 1 -> ext=0xfbd0 lui=0x4000
PASS | Input: 0x5c1 ImmSrc: 1 -> ext=0x5c1 lui=0x400
PASS | Input: 0x900 ImmSrc: 1 -> ext=0xf900 lui=0x0
PASS | Input: 0x7e4 ImmSrc: 0 -> ext=0xffe4 lui=0x9000
PASS | Input: 0x426 ImmSrc: 1 -> ext=0x426 lui=0x9800
PASS | Input: 0x4d4 ImmSrc: 0 -> ext=0x14 lui=0x5000
PASS | Input: 0x6d1 ImmSrc: 0 -> ext=0x11 lui=0x4400
PASS | Input: 0x83e ImmSrc: 0 -> ext=0xfffe lui=0xf800
PASS | Input: 0xf1a ImmSrc: 1 -> ext=0xff1a lui=0x6800
PASS | Input: 0xef0 ImmSrc: 1 -> ext=0xfef0 lui=0xc000
PASS | Input: 0x80d ImmSrc: 0 -> ext=0xd lui=0x3400
PASS | Input: 0x4db ImmSrc: 0 -> ext=0x1b lui=0x6c00
PASS | Input: 0xf16 ImmSrc: 0 -> ext=0x16 lui=0x5800
PASS | Input: 0x6a2 ImmSrc: 1 -> ext=0x6a2 lui=0x8800
PASS | Input: 0xcd7 ImmSrc: 1 -> ext=0xfcd7 lui=0x5c00
PASS | Input: 0xcc6 ImmSrc: 1 -> ext=0xfcc6 lui=0x1800
PASS | Input: 0xf33 ImmSrc: 0 -> ext=0xfff3 lui=0xcc00
PASS | Input: 0x608 ImmSrc: 1 -> ext=0x608 lui=0x2000
PASS | Input: 0x3e6 ImmSrc: 1 -> ext=0x3e6 lui=0x9800
PASS | Input: 0x18 ImmSrc: 1 -> ext=0x18 lui=0x6000
PASS | Input: 0x491 ImmSrc: 1 -> ext=0x491 lui=0x4400
PASS | Input: 0x325 ImmSrc: 0 -> ext=0xffe5 lui=0x9400
PASS | Input: 0xc7e ImmSrc: 1 -> ext=0xfc7e lui=0xf800
PASS | Input: 0xe74 ImmSrc: 1 -> ext=0xfe74 lui=0xd000
PASS | Input: 0xc06 ImmSrc: 0 -> ext=0x6 lui=0x1800
PASS | Input: 0xb85 ImmSrc: 1 -> ext=0xfb85 lui=0x1400
PASS | Input: 0xade ImmSrc: 1 -> ext=0xfade lui=0x7800
PASS | Input: 0x6e5 ImmSrc: 0 -> ext=0xffe5 lui=0x9400
PASS | Input: 0x636 ImmSrc: 1 -> ext=0x636 lui=0xd800
PASS | Input: 0xd4c ImmSrc: 1 -> ext=0xfd4c lui=0x3000
PASS | Input: 0xaf9 ImmSrc: 0 -> ext=0xfff9 lui=0xe400
PASS | Input: 0xb13 ImmSrc: 1 -> ext=0xfb13 lui=0x4c00
PASS | Input: 0x401 ImmSrc: 0 -> ext=0x1 lui=0x400
PASS | Input: 0xba0 ImmSrc: 0 -> ext=0xffe0 lui=0x8000
PASS | Input: 0xfa1 ImmSrc: 1 -> ext=0xffa1 lui=0x8400
PASS | Input: 0x9e3 ImmSrc: 1 -> ext=0xf9e3 lui=0x8c00
PASS | Input: 0x558 ImmSrc: 1 -> ext=0x558 lui=0x6000
PASS | Input: 0x273 ImmSrc: 1 -> ext=0x273 lui=0xcc00
PASS | Input: 0x405 ImmSrc: 1 -> ext=0x405 lui=0x1400
PASS | Input: 0x370 ImmSrc: 0 -> ext=0xfff0 lui=0xc000
PASS | Input: 0x871 ImmSrc: 1 -> ext=0xf871 lui=0xc400
PASS | Input: 0x7b1 ImmSrc: 0 -> ext=0xfff1 lui=0xc400
PASS | Input: 0xd95 ImmSrc: 1 -> ext=0xfd95 lui=0x5400
PASS | Input: 0x867 ImmSrc: 0 -> ext=0xffe7 lui=0x9c00
PASS | Input: 0xf5a ImmSrc: 1 -> ext=0xff5a lui=0x6800
PASS | Input: 0x5c6 ImmSrc: 1 -> ext=0x5c6 lui=0x1800
PASS | Input: 0x848 ImmSrc: 1 -> ext=0xf848 lui=0x2000
PASS | Input: 0x8c1 ImmSrc: 0 -> ext=0x1 lui=0x400
PASS | Input: 0x9e8 ImmSrc: 0 -> ext=0xffe8 lui=0xa000
PASS | Input: 0xf8d ImmSrc: 1 -> ext=0xff8d lui=0x3400
PASS | Input: 0x93a ImmSrc: 0 -> ext=0xfffa lui=0xe800
PASS | Input: 0x3de ImmSrc: 1 -> ext=0x3de lui=0x7800
PASS | Input: 0x410 ImmSrc: 0 -> ext=0x10 lui=0x4000
PASS | Input: 0x39b ImmSrc: 0 -> ext=0x1b lui=0x6c00
PASS | Input: 0xbb3 ImmSrc: 1 -> ext=0xfbb3 lui=0xcc00
PASS | Input: 0x800 ImmSrc: 0 -> ext=0x0 lui=0x0
PASS | Input: 0x497 ImmSrc: 1 -> ext=0x497 lui=0x5c00
PASS | Input: 0x2e6 ImmSrc: 0 -> ext=0xffe6 lui=0x9800
PASS | Input: 0xe88 ImmSrc: 0 -> ext=0x8 lui=0x2000
PASS | Input: 0x928 ImmSrc: 1 -> ext=0xf928 lui=0xa000
PASS | Input: 0x622 ImmSrc: 0 -> ext=0xffe2 lui=0x8800
PASS | Input: 0xcd7 ImmSrc: 0 -> ext=0x17 lui=0x5c00
PASS | Input: 0x7df ImmSrc: 1 -> ext=0x7df lui=0x7c00
PASS | Input: 0x54d ImmSrc: 0 -> ext=0xd lui=0x3400
PASS | Input: 0xcaf ImmSrc: 1 -> ext=0xfcaf lui=0xbc00
PASS | Input: 0xad ImmSrc: 0 -> ext=0xffed lui=0xb400
PASS | Input: 0x352 ImmSrc: 0 -> ext=0x12 lui=0x4800
PASS | Input: 0xdfb ImmSrc: 0 -> ext=0xfffb lui=0xec00
PASS | Input: 0x566 ImmSrc: 1 -> ext=0x566 lui=0x9800
PASS | Input: 0x24e ImmSrc: 0 -> ext=0xe lui=0x3800
PASS | Input: 0x71 ImmSrc: 0 -> ext=0xfff1 lui=0xc400
PASS | Input: 0xf4c ImmSrc: 0 -> ext=0xc lui=0x3000
PASS | Input: 0xc7 ImmSrc: 1 -> ext=0xc7 lui=0x1c00
PASS | Input: 0xc6f ImmSrc: 1 -> ext=0xfc6f lui=0xbc00
PASS | Input: 0x3a4 ImmSrc: 1 -> ext=0x3a4 lui=0x9000
PASS | Input: 0xa43 ImmSrc: 1 -> ext=0xfa43 lui=0xc00
PASS | Input: 0xf46 ImmSrc: 1 -> ext=0xff46 lui=0x1800
PASS | Input: 0x220 ImmSrc: 1 -> ext=0x220 lui=0x8000
PASS | Input: 0x773 ImmSrc: 1 -> ext=0x773 lui=0xcc00
PASS | Input: 0x288 ImmSrc: 1 -> ext=0x288 lui=0x2000
PASS | Input: 0x35 ImmSrc: 0 -> ext=0xfff5 lui=0xd400
PASS | Input: 0x5b7 ImmSrc: 1 -> ext=0x5b7 lui=0xdc00
PASS | Input: 0xc23 ImmSrc: 0 -> ext=0xffe3 lui=0x8c00
PASS | Input: 0x582 ImmSrc: 1 -> ext=0x582 lui=0x800
PASS | Input: 0x71d ImmSrc: 1 -> ext=0x71d lui=0x7400
PASS | Input: 0x11a ImmSrc: 0 -> ext=0x1a lui=0x6800
PASS | Input: 0x7bd ImmSrc: 0 -> ext=0xfffd lui=0xf400
PASS | Input: 0x2d1 ImmSrc: 1 -> ext=0x2d1 lui=0x4400
PASS | Input: 0xd6e ImmSrc: 1 -> ext=0xfd6e lui=0xb800
PASS | Input: 0x96d ImmSrc: 0 -> ext=0xffed lui=0xb400
PASS | Input: 0x46e ImmSrc: 0 -> ext=0xffee lui=0xb800
PASS | Input: 0xc2d ImmSrc: 1 -> ext=0xfc2d lui=0xb400
PASS | Input: 0x896 ImmSrc: 0 -> ext=0x16 lui=0x5800
PASS | Input: 0xa18 ImmSrc: 0 -> ext=0x18 lui=0x6000
PASS | Input: 0x54e ImmSrc: 0 -> ext=0xe lui=0x3800
PASS | Input: 0x9d ImmSrc: 1 -> ext=0x9d lui=0x7400
PASS | Input: 0x46e ImmSrc: 1 -> ext=0x46e lui=0xb800
PASS | Input: 0x937 ImmSrc: 1 -> ext=0xf937 lui=0xdc00
PASS | Input: 0x77d ImmSrc: 1 -> ext=0x77d lui=0xf400
PASS | Input: 0xf13 ImmSrc: 0 -> ext=0x13 lui=0x4c00
PASS | Input: 0x611 ImmSrc: 0 -> ext=0x11 lui=0x4400
PASS | Input: 0x162 ImmSrc: 0 -> ext=0xffe2 lui=0x8800
PASS | Input: 0xdaf ImmSrc: 0 -> ext=0xffef lui=0xbc00
PASS | Input: 0x867 ImmSrc: 0 -> ext=0xffe7 lui=0x9c00
PASS | Input: 0xb0e ImmSrc: 1 -> ext=0xfb0e lui=0x3800
PASS | Input: 0x4d9 ImmSrc: 0 -> ext=0x19 lui=0x6400
PASS | Input: 0x603 ImmSrc: 1 -> ext=0x603 lui=0xc00
PASS | Input: 0xcb4 ImmSrc: 1 -> ext=0xfcb4 lui=0xd000
PASS | Input: 0xfb ImmSrc: 1 -> ext=0xfb lui=0xec00
PASS | Input: 0x20f ImmSrc: 1 -> ext=0x20f lui=0x3c00
PASS | Input: 0x252 ImmSrc: 0 -> ext=0x12 lui=0x4800
PASS | Input: 0xc0f ImmSrc: 0 -> ext=0xf lui=0x3c00
PASS | Input: 0xb6a ImmSrc: 1 -> ext=0xfb6a lui=0xa800
PASS | Input: 0xb94 ImmSrc: 0 -> ext=0x14 lui=0x5000
PASS | Input: 0x2cb ImmSrc: 1 -> ext=0x2cb lui=0x2c00
PASS | Input: 0x8a8 ImmSrc: 1 -> ext=0xf8a8 lui=0xa000
PASS | Input: 0x637 ImmSrc: 0 -> ext=0xfff7 lui=0xdc00
PASS | Input: 0x162 ImmSrc: 1 -> ext=0x162 lui=0x8800
PASS | Input: 0x4f5 ImmSrc: 0 -> ext=0xfff5 lui=0xd400
PASS | Input: 0xe3c ImmSrc: 0 -> ext=0xfffc lui=0xf000
PASS | Input: 0x63f ImmSrc: 0 -> ext=0xffff lui=0xfc00
PASS | Input: 0xf86 ImmSrc: 1 -> ext=0xff86 lui=0x1800
PASS | Input: 0x919 ImmSrc: 0 -> ext=0x19 lui=0x6400
PASS | Input: 0xefb ImmSrc: 1 -> ext=0xfefb lui=0xec00
PASS | Input: 0x875 ImmSrc: 0 -> ext=0xfff5 lui=0xd400
PASS | Input: 0x82c ImmSrc: 0 -> ext=0xffec lui=0xb000
PASS | Input: 0x1fd ImmSrc: 0 -> ext=0xfffd lui=0xf400
PASS | Input: 0xbb9 ImmSrc: 0 -> ext=0xfff9 lui=0xe400
PASS | Input: 0xf4e ImmSrc: 1 -> ext=0xff4e lui=0x3800
PASS | Input: 0xf0a ImmSrc: 1 -> ext=0xff0a lui=0x2800
PASS | Input: 0xd0c ImmSrc: 1 -> ext=0xfd0c lui=0x3000
PASS | Input: 0x190 ImmSrc: 0 -> ext=0x10 lui=0x4000
PASS | Input: 0x69a ImmSrc: 1 -> ext=0x69a lui=0x6800
PASS | Input: 0xe2c ImmSrc: 0 -> ext=0xffec lui=0xb000
PASS | Input: 0xad8 ImmSrc: 1 -> ext=0xfad8 lui=0x6000
PASS | Input: 0x2d7 ImmSrc: 0 -> ext=0x17 lui=0x5c00
PASS | Input: 0x3b6 ImmSrc: 0 -> ext=0xfff6 lui=0xd800
PASS | Input: 0xa1c ImmSrc: 0 -> ext=0x1c lui=0x7000
PASS | Input: 0xbfc ImmSrc: 0 -> ext=0xfffc lui=0xf000
PASS | Input: 0x17f ImmSrc: 0 -> ext=0xffff lui=0xfc00
PASS | Input: 0x1c ImmSrc: 1 -> ext=0x1c lui=0x7000
PASS | Input: 0x16f ImmSrc: 1 -> ext=0x16f lui=0xbc00
PASS | Input: 0xe60 ImmSrc: 1 -> ext=0xfe60 lui=0x8000
PASS | Input: 0x8cd ImmSrc: 0 -> ext=0xd lui=0x3400
PASS | Input: 0x259 ImmSrc: 0 -> ext=0x19 lui=0x6400
PASS | Input: 0x3b1 ImmSrc: 1 -> ext=0x3b1 lui=0xc400
PASS | Input: 0x6da ImmSrc: 1 -> ext=0x6da lui=0x6800
PASS | Input: 0xa75 ImmSrc: 0 -> ext=0xfff5 lui=0xd400
PASS | Input: 0x760 ImmSrc: 0 -> ext=0xffe0 lui=0x8000
PASS | Input: 0xfae ImmSrc: 0 -> ext=0xffee lui=0xb800
PASS | Input: 0x136 ImmSrc: 1 -> ext=0x136 lui=0xd800
PASS | Input: 0x917 ImmSrc: 0 -> ext=0x17 lui=0x5c00
PASS | Input: 0xe3b ImmSrc: 1 -> ext=0xfe3b lui=0xec00
PASS | Input: 0x71e ImmSrc: 0 -> ext=0x1e lui=0x7800
PASS | Input: 0xe92 ImmSrc: 1 -> ext=0xfe92 lui=0x4800
PASS | Input: 0x216 ImmSrc: 0 -> ext=0x16 lui=0x5800
PASS | Input: 0x81f ImmSrc: 0 -> ext=0x1f lui=0x7c00
PASS | Input: 0x9b0 ImmSrc: 1 -> ext=0xf9b0 lui=0xc000
PASS | Input: 0xe26 ImmSrc: 0 -> ext=0xffe6 lui=0x9800
PASS | Input: 0x4d6 ImmSrc: 1 -> ext=0x4d6 lui=0x5800
PASS | Input: 0x6e1 ImmSrc: 1 -> ext=0x6e1 lui=0x8400
PASS | Input: 0x575 ImmSrc: 1 -> ext=0x575 lui=0xd400
PASS | Input: 0x67 ImmSrc: 0 -> ext=0xffe7 lui=0x9c00
PASS | Input: 0x558 ImmSrc: 1 -> ext=0x558 lui=0x6000
PASS | Input: 0x7c4 ImmSrc: 1 -> ext=0x7c4 lui=0x1000
PASS | Input: 0xeaa ImmSrc: 1 -> ext=0xfeaa lui=0xa800
PASS | Input: 0x686 ImmSrc: 1 -> ext=0x686 lui=0x1800
PASS | Input: 0xe32 ImmSrc: 0 -> ext=0xfff2 lui=0xc800
PASS | Input: 0xab1 ImmSrc: 1 -> ext=0xfab1 lui=0xc400
PASS | Input: 0xe5 ImmSrc: 0 -> ext=0xffe5 lui=0x9400
PASS | Input: 0x58 ImmSrc: 0 -> ext=0x18 lui=0x6000
PASS | Input: 0x3eb ImmSrc: 0 -> ext=0xffeb lui=0xac00
PASS | Input: 0x3c8 ImmSrc: 1 -> ext=0x3c8 lui=0x2000
PASS | Input: 0xf9f ImmSrc: 0 -> ext=0x1f lui=0x7c00
PASS | Input: 0xc94 ImmSrc: 1 -> ext=0xfc94 lui=0x5000
PASS | Input: 0x3b7 ImmSrc: 1 -> ext=0x3b7 lui=0xdc00
PASS | Input: 0xb54 ImmSrc: 0 -> ext=0x14 lui=0x5000
PASS | Input: 0x81c ImmSrc: 0 -> ext=0x1c lui=0x7000
PASS | Input: 0xb7b ImmSrc: 0 -> ext=0xfffb lui=0xec00
PASS | Input: 0xf91 ImmSrc: 1 -> ext=0xff91 lui=0x4400
PASS | Input: 0x81a ImmSrc: 0 -> ext=0x1a lui=0x6800
PASS | Input: 0xcbd ImmSrc: 0 -> ext=0xfffd lui=0xf400
PASS | Input: 0xdd8 ImmSrc: 0 -> ext=0x18 lui=0x6000
PASS | Input: 0x3b7 ImmSrc: 1 -> ext=0x3b7 lui=0xdc00
PASS | Input: 0x612 ImmSrc: 0 -> ext=0x12 lui=0x4800
PASS | Input: 0xda4 ImmSrc: 0 -> ext=0xffe4 lui=0x9000
PASS | Input: 0x263 ImmSrc: 1 -> ext=0x263 lui=0x8c00
PASS | Input: 0x583 ImmSrc: 1 -> ext=0x583 lui=0xc00
PASS | Input: 0xb77 ImmSrc: 0 -> ext=0xfff7 lui=0xdc00
PASS | Input: 0x6c2 ImmSrc: 1 -> ext=0x6c2 lui=0x800
PASS | Input: 0xb84 ImmSrc: 1 -> ext=0xfb84 lui=0x1000
PASS | Input: 0x1aa ImmSrc: 1 -> ext=0x1aa lui=0xa800
PASS | Input: 0x38 ImmSrc: 1 -> ext=0x38 lui=0xe000
PASS | Input: 0xd44 ImmSrc: 1 -> ext=0xfd44 lui=0x1000
PASS | Input: 0x578 ImmSrc: 1 -> ext=0x578 lui=0xe000
PASS | Input: 0x7d0 ImmSrc: 1 -> ext=0x7d0 lui=0x4000
PASS | Input: 0x9cf ImmSrc: 1 -> ext=0xf9cf lui=0x3c00
PASS | Input: 0xc59 ImmSrc: 0 -> ext=0x19 lui=0x6400
PASS | Input: 0x4d3 ImmSrc: 0 -> ext=0x13 lui=0x4c00
PASS | Input: 0x98c ImmSrc: 1 -> ext=0xf98c lui=0x3000
PASS | Input: 0x571 ImmSrc: 0 -> ext=0xfff1 lui=0xc400
PASS | Input: 0x963 ImmSrc: 1 -> ext=0xf963 lui=0x8c00
PASS | Input: 0x560 ImmSrc: 1 -> ext=0x560 lui=0x8000
PASS | Input: 0x6bc ImmSrc: 1 -> ext=0x6bc lui=0xf000
PASS | Input: 0x2a3 ImmSrc: 0 -> ext=0xffe3 lui=0x8c00
PASS | Input: 0xf7b ImmSrc: 1 -> ext=0xff7b lui=0xec00
PASS | Input: 0x969 ImmSrc: 0 -> ext=0xffe9 lui=0xa400
PASS | Input: 0xf41 ImmSrc: 0 -> ext=0x1 lui=0x400
PASS | Input: 0x42c ImmSrc: 0 -> ext=0xffec lui=0xb000
PASS | Input: 0x63 ImmSrc: 0 -> ext=0xffe3 lui=0x8c00
PASS | Input: 0x157 ImmSrc: 0 -> ext=0x17 lui=0x5c00
PASS | Input: 0x1f ImmSrc: 1 -> ext=0x1f lui=0x7c00
PASS | Input: 0x966 ImmSrc: 0 -> ext=0xffe6 lui=0x9800
PASS | Input: 0xccc ImmSrc: 1 -> ext=0xfccc lui=0x3000
PASS | Input: 0xbb6 ImmSrc: 1 -> ext=0xfbb6 lui=0xd800
PASS | Input: 0xff1 ImmSrc: 1 -> ext=0xfff1 lui=0xc400
PASS | Input: 0x1f7 ImmSrc: 1 -> ext=0x1f7 lui=0xdc00
PASS | Input: 0x204 ImmSrc: 0 -> ext=0x4 lui=0x1000
PASS | Input: 0x795 ImmSrc: 0 -> ext=0x15 lui=0x5400
PASS | Input: 0x6c9 ImmSrc: 0 -> ext=0x9 lui=0x2400
PASS | Input: 0xbdd ImmSrc: 0 -> ext=0x1d lui=0x7400
PASS | Input: 0x700 ImmSrc: 1 -> ext=0x700 lui=0x0
PASS | Input: 0x74f ImmSrc: 1 -> ext=0x74f lui=0x3c00
PASS | Input: 0xb69 ImmSrc: 1 -> ext=0xfb69 lui=0xa400
PASS | Input: 0x9e5 ImmSrc: 0 -> ext=0xffe5 lui=0x9400
PASS | Input: 0x2c5 ImmSrc: 1 -> ext=0x2c5 lui=0x1400
PASS | Input: 0xbaa ImmSrc: 0 -> ext=0xffea lui=0xa800
PASS | Input: 0xbde ImmSrc: 0 -> ext=0x1e lui=0x7800
PASS | Input: 0x87d ImmSrc: 1 -> ext=0xf87d lui=0xf400
PASS | Input: 0xa38 ImmSrc: 0 -> ext=0xfff8 lui=0xe000
PASS | Input: 0x158 ImmSrc: 0 -> ext=0x18 lui=0x6000
PASS | Input: 0x57c ImmSrc: 1 -> ext=0x57c lui=0xf000
PASS | Input: 0xce7 ImmSrc: 0 -> ext=0xffe7 lui=0x9c00
PASS | Input: 0xf42 ImmSrc: 0 -> ext=0x2 lui=0x800
PASS | Input: 0x8df ImmSrc: 1 -> ext=0xf8df lui=0x7c00
PASS | Input: 0x838 ImmSrc: 1 -> ext=0xf838 lui=0xe000
PASS | Input: 0x2cd ImmSrc: 1 -> ext=0x2cd lui=0x3400
PASS | Input: 0xd61 ImmSrc: 0 -> ext=0xffe1 lui=0x8400
PASS | Input: 0x6d9 ImmSrc: 1 -> ext=0x6d9 lui=0x6400
PASS | Input: 0x963 ImmSrc: 0 -> ext=0xffe3 lui=0x8c00
PASS | Input: 0xc32 ImmSrc: 1 -> ext=0xfc32 lui=0xc800
PASS | Input: 0x792 ImmSrc: 1 -> ext=0x792 lui=0x4800
PASS | Input: 0x498 ImmSrc: 0 -> ext=0x18 lui=0x6000
PASS | Input: 0x3c6 ImmSrc: 0 -> ext=0x6 lui=0x1800
PASS | Input: 0x9c7 ImmSrc: 1 -> ext=0xf9c7 lui=0x1c00
PASS | Input: 0xb98 ImmSrc: 1 -> ext=0xfb98 lui=0x6000
PASS | Input: 0x728 ImmSrc: 1 -> ext=0x728 lui=0xa000
PASS | Input: 0x91c ImmSrc: 1 -> ext=0xf91c lui=0x7000
PASS | Input: 0x99b ImmSrc: 0 -> ext=0x1b lui=0x6c00
PASS | Input: 0xaad ImmSrc: 1 -> ext=0xfaad lui=0xb400
PASS | Input: 0xcb2 ImmSrc: 1 -> ext=0xfcb2 lui=0xc800
PASS | Input: 0xaed ImmSrc: 1 -> ext=0xfaed lui=0xb400
PASS | Input: 0xa34 ImmSrc: 0 -> ext=0xfff4 lui=0xd000
PASS | Input: 0x586 ImmSrc: 1 -> ext=0x586 lui=0x1800
PASS | Input: 0x442 ImmSrc: 0 -> ext=0x2 lui=0x800
PASS | Input: 0x6ca ImmSrc: 0 -> ext=0xa lui=0x2800
PASS | Input: 0x1f9 ImmSrc: 0 -> ext=0xfff9 lui=0xe400
PASS | Input: 0xbc6 ImmSrc: 1 -> ext=0xfbc6 lui=0x1800
PASS | Input: 0xfe4 ImmSrc: 0 -> ext=0xffe4 lui=0x9000
PASS | Input: 0xde7 ImmSrc: 1 -> ext=0xfde7 lui=0x9c00
PASS | Input: 0xb10 ImmSrc: 1 -> ext=0xfb10 lui=0x4000
PASS | Input: 0xac2 ImmSrc: 1 -> ext=0xfac2 lui=0x800
PASS | Input: 0xd2e ImmSrc: 0 -> ext=0xffee lui=0xb800
PASS | Input: 0xe17 ImmSrc: 1 -> ext=0xfe17 lui=0x5c00
PASS | Input: 0x585 ImmSrc: 1 -> ext=0x585 lui=0x1400
PASS | Input: 0x5af ImmSrc: 1 -> ext=0x5af lui=0xbc00
PASS | Input: 0xe1d ImmSrc: 1 -> ext=0xfe1d lui=0x7400
PASS | Input: 0xa25 ImmSrc: 0 -> ext=0xffe5 lui=0x9400
PASS | Input: 0x5e8 ImmSrc: 0 -> ext=0xffe8 lui=0xa000
PASS | Input: 0xd2f ImmSrc: 0 -> ext=0xffef lui=0xbc00
PASS | Input: 0x25c ImmSrc: 0 -> ext=0x1c lui=0x7000
PASS | Input: 0x391 ImmSrc: 0 -> ext=0x11 lui=0x4400
PASS | Input: 0x439 ImmSrc: 0 -> ext=0xfff9 lui=0xe400
PASS | Input: 0xc38 ImmSrc: 0 -> ext=0xfff8 lui=0xe000
PASS | Input: 0x8e7 ImmSrc: 1 -> ext=0xf8e7 lui=0x9c00
PASS | Input: 0x7ab ImmSrc: 0 -> ext=0xffeb lui=0xac00
PASS | Input: 0xb3c ImmSrc: 0 -> ext=0xfffc lui=0xf000
PASS | Input: 0x860 ImmSrc: 1 -> ext=0xf860 lui=0x8000
PASS | Input: 0x208 ImmSrc: 0 -> ext=0x8 lui=0x2000
PASS | Input: 0x40c ImmSrc: 0 -> ext=0xc lui=0x3000
PASS | Input: 0x230 ImmSrc: 1 -> ext=0x230 lui=0xc000
PASS | Input: 0x18b ImmSrc: 0 -> ext=0xb lui=0x2c00
PASS | Input: 0x1c4 ImmSrc: 0 -> ext=0x4 lui=0x1000
PASS | Input: 0xc74 ImmSrc: 1 -> ext=0xfc74 lui=0xd000
PASS | Input: 0xcdc ImmSrc: 1 -> ext=0xfcdc lui=0x7000
PASS | Input: 0x2f3 ImmSrc: 0 -> ext=0xfff3 lui=0xcc00
PASS | Input: 0x94 ImmSrc: 0 -> ext=0x14 lui=0x5000
PASS | Input: 0x2 ImmSrc: 0 -> ext=0x2 lui=0x800
PASS | Input: 0xa07 ImmSrc: 1 -> ext=0xfa07 lui=0x1c00
PASS | Input: 0x194 ImmSrc: 0 -> ext=0x14 lui=0x5000
PASS | Input: 0x491 ImmSrc: 0 -> ext=0x11 lui=0x4400
PASS | Input: 0xfd1 ImmSrc: 1 -> ext=0xffd1 lui=0x4400
PASS | Input: 0xa49 ImmSrc: 0 -> ext=0x9 lui=0x2400
PASS | Input: 0x9f6 ImmSrc: 1 -> ext=0xf9f6 lui=0xd800
PASS | Input: 0xaef ImmSrc: 0 -> ext=0xffef lui=0xbc00
PASS | Input: 0x8f2 ImmSrc: 1 -> ext=0xf8f2 lui=0xc800
PASS | Input: 0xf3d ImmSrc: 0 -> ext=0xfffd lui=0xf400
PASS | Input: 0xd5a ImmSrc: 0 -> ext=0x1a lui=0x6800
PASS | Input: 0x3e4 ImmSrc: 0 -> ext=0xffe4 lui=0x9000
PASS | Input: 0xfc8 ImmSrc: 0 -> ext=0x8 lui=0x2000
PASS | Input: 0x516 ImmSrc: 0 -> ext=0x16 lui=0x5800
PASS | Input: 0xa42 ImmSrc: 0 -> ext=0x2 lui=0x800
PASS | Input: 0xeed ImmSrc: 1 -> ext=0xfeed lui=0xb400
PASS | Input: 0xec0 ImmSrc: 0 -> ext=0x0 lui=0x0
PASS | Input: 0xe91 ImmSrc: 1 -> ext=0xfe91 lui=0x4400
PASS | Input: 0x461 ImmSrc: 0 -> ext=0xffe1 lui=0x8400
PASS | Input: 0xf6c ImmSrc: 0 -> ext=0xffec lui=0xb000
PASS | Input: 0x873 ImmSrc: 1 -> ext=0xf873 lui=0xcc00
PASS | Input: 0xb49 ImmSrc: 1 -> ext=0xfb49 lui=0x2400
PASS | Input: 0x9e0 ImmSrc: 0 -> ext=0xffe0 lui=0x8000
PASS | Input: 0x1b0 ImmSrc: 1 -> ext=0x1b0 lui=0xc000
PASS | Input: 0xf17 ImmSrc: 0 -> ext=0x17 lui=0x5c00
PASS | Input: 0xa66 ImmSrc: 1 -> ext=0xfa66 lui=0x9800
PASS | Input: 0x80d ImmSrc: 1 -> ext=0xf80d lui=0x3400
PASS | Input: 0x453 ImmSrc: 0 -> ext=0x13 lui=0x4c00
PASS | Input: 0xf64 ImmSrc: 1 -> ext=0xff64 lui=0x9000
PASS | Input: 0xdb7 ImmSrc: 1 -> ext=0xfdb7 lui=0xdc00
PASS | Input: 0x364 ImmSrc: 0 -> ext=0xffe4 lui=0x9000
PASS | Input: 0xc01 ImmSrc: 0 -> ext=0x1 lui=0x400
PASS | Input: 0xac7 ImmSrc: 0 -> ext=0x7 lui=0x1c00
PASS | Input: 0x31f ImmSrc: 1 -> ext=0x31f lui=0x7c00
PASS | Input: 0x6fd ImmSrc: 1 -> ext=0x6fd lui=0xf400
PASS | Input: 0x99a ImmSrc: 0 -> ext=0x1a lui=0x6800
PASS | Input: 0x301 ImmSrc: 1 -> ext=0x301 lui=0x400
PASS | Input: 0xa69 ImmSrc: 1 -> ext=0xfa69 lui=0xa400
PASS | Input: 0x951 ImmSrc: 0 -> ext=0x11 lui=0x4400
PASS | Input: 0x6b4 ImmSrc: 1 -> ext=0x6b4 lui=0xd000
PASS | Input: 0x523 ImmSrc: 0 -> ext=0xffe3 lui=0x8c00
PASS | Input: 0x77f ImmSrc: 0 -> ext=0xffff lui=0xfc00
PASS | Input: 0x26e ImmSrc: 0 -> ext=0xffee lui=0xb800
PASS | Input: 0x87e ImmSrc: 1 -> ext=0xf87e lui=0xf800
PASS | Input: 0x1e6 ImmSrc: 1 -> ext=0x1e6 lui=0x9800
PASS | Input: 0x4f7 ImmSrc: 0 -> ext=0xfff7 lui=0xdc00
PASS | Input: 0x978 ImmSrc: 1 -> ext=0xf978 lui=0xe000
PASS | Input: 0xd04 ImmSrc: 0 -> ext=0x4 lui=0x1000
PASS | Input: 0x967 ImmSrc: 0 -> ext=0xffe7 lui=0x9c00
PASS | Input: 0x70d ImmSrc: 0 -> ext=0xd lui=0x3400
PASS | Input: 0xb9c ImmSrc: 1 -> ext=0xfb9c lui=0x7000
PASS | Input: 0x2d3 ImmSrc: 1 -> ext=0x2d3 lui=0x4c00
PASS | Input: 0xa44 ImmSrc: 0 -> ext=0x4 lui=0x1000
PASS | Input: 0xced ImmSrc: 0 -> ext=0xffed lui=0xb400
PASS | Input: 0x656 ImmSrc: 1 -> ext=0x656 lui=0x5800
PASS | Input: 0xcf9 ImmSrc: 0 -> ext=0xfff9 lui=0xe400
PASS | Input: 0x814 ImmSrc: 0 -> ext=0x14 lui=0x5000
PASS | Input: 0x270 ImmSrc: 1 -> ext=0x270 lui=0xc000
PASS | Input: 0xf1f ImmSrc: 1 -> ext=0xff1f lui=0x7c00
PASS | Input: 0xb6a ImmSrc: 0 -> ext=0xffea lui=0xa800
PASS | Input: 0x342 ImmSrc: 1 -> ext=0x342 lui=0x800
PASS | Input: 0xe27 ImmSrc: 1 -> ext=0xfe27 lui=0x9c00
PASS | Input: 0x76 ImmSrc: 0 -> ext=0xfff6 lui=0xd800
PASS | Input: 0xbc2 ImmSrc: 1 -> ext=0xfbc2 lui=0x800
PASS | Input: 0x64d ImmSrc: 1 -> ext=0x64d lui=0x3400
PASS | Input: 0xbd2 ImmSrc: 1 -> ext=0xfbd2 lui=0x4800
PASS | Input: 0xe4d ImmSrc: 1 -> ext=0xfe4d lui=0x3400
PASS | Input: 0xc69 ImmSrc: 0 -> ext=0xffe9 lui=0xa400
PASS | Input: 0x45d ImmSrc: 1 -> ext=0x45d lui=0x7400
PASS | Input: 0xd32 ImmSrc: 0 -> ext=0xfff2 lui=0xc800
PASS | Input: 0x7d2 ImmSrc: 1 -> ext=0x7d2 lui=0x4800
PASS | Input: 0x217 ImmSrc: 1 -> ext=0x217 lui=0x5c00
PASS | Input: 0xf40 ImmSrc: 0 -> ext=0x0 lui=0x0
PASS | Input: 0x13d ImmSrc: 1 -> ext=0x13d lui=0xf400
PASS | Input: 0xa9a ImmSrc: 0 -> ext=0x1a lui=0x6800
PASS | Input: 0xdb4 ImmSrc: 0 -> ext=0xfff4 lui=0xd000
PASS | Input: 0x2c5 ImmSrc: 1 -> ext=0x2c5 lui=0x1400
PASS | Input: 0x7ae ImmSrc: 0 -> ext=0xffee lui=0xb800
PASS | Input: 0x92e ImmSrc: 1 -> ext=0xf92e lui=0xb800
PASS | Input: 0x89c ImmSrc: 0 -> ext=0x1c lui=0x7000
PASS | Input: 0x37b ImmSrc: 0 -> ext=0xfffb lui=0xec00
PASS | Input: 0xfd ImmSrc: 1 -> ext=0xfd lui=0xf400
PASS | Input: 0xf6 ImmSrc: 0 -> ext=0xfff6 lui=0xd800
PASS | Input: 0x945 ImmSrc: 1 -> ext=0xf945 lui=0x1400
PASS | Input: 0xec4 ImmSrc: 1 -> ext=0xfec4 lui=0x1000
PASS | Input: 0xcac ImmSrc: 0 -> ext=0xffec lui=0xb000
PASS | Input: 0x780 ImmSrc: 1 -> ext=0x780 lui=0x0
PASS | Input: 0xa3d ImmSrc: 0 -> ext=0xfffd lui=0xf400
PASS | Input: 0x456 ImmSrc: 1 -> ext=0x456 lui=0x5800
PASS | Input: 0xdff ImmSrc: 0 -> ext=0xffff lui=0xfc00
PASS | Input: 0x530 ImmSrc: 0 -> ext=0xfff0 lui=0xc000
PASS | Input: 0xf91 ImmSrc: 1 -> ext=0xff91 lui=0x4400
PASS | Input: 0x514 ImmSrc: 1 -> ext=0x514 lui=0x5000
PASS | Input: 0xf0d ImmSrc: 0 -> ext=0xd lui=0x3400
PASS | Input: 0xf48 ImmSrc: 1 -> ext=0xff48 lui=0x2000
PASS | Input: 0x68f ImmSrc: 1 -> ext=0x68f lui=0x3c00
PASS | Input: 0x14b ImmSrc: 0 -> ext=0xb lui=0x2c00
PASS | Input: 0x433 ImmSrc: 0 -> ext=0xfff3 lui=0xcc00
PASS | Input: 0x554 ImmSrc: 0 -> ext=0x14 lui=0x5000
PASS | Input: 0x3e8 ImmSrc: 1 -> ext=0x3e8 lui=0xa000
PASS | Input: 0x64a ImmSrc: 0 -> ext=0xa lui=0x2800
PASS | Input: 0xde6 ImmSrc: 1 -> ext=0xfde6 lui=0x9800
PASS | Input: 0x5f4 ImmSrc: 1 -> ext=0x5f4 lui=0xd000
PASS | Input: 0x32 ImmSrc: 0 -> ext=0xfff2 lui=0xc800
PASS | Input: 0x95d ImmSrc: 0 -> ext=0x1d lui=0x7400
PASS | Input: 0x8e9 ImmSrc: 0 -> ext=0xffe9 lui=0xa400
PASS | Input: 0x10b ImmSrc: 1 -> ext=0x10b lui=0x2c00
PASS | Input: 0xcf ImmSrc: 1 -> ext=0xcf lui=0x3c00
PASS | Input: 0x62c ImmSrc: 0 -> ext=0xffec lui=0xb000
PASS | Input: 0x6dc ImmSrc: 1 -> ext=0x6dc lui=0x7000
PASS | Input: 0x742 ImmSrc: 0 -> ext=0x2 lui=0x800
PASS | Input: 0x52e ImmSrc: 1 -> ext=0x52e lui=0xb800
PASS | Input: 0xe71 ImmSrc: 0 -> ext=0xfff1 lui=0xc400
PASS | Input: 0x933 ImmSrc: 0 -> ext=0xfff3 lui=0xcc00
PASS | Input: 0x8fc ImmSrc: 0 -> ext=0xfffc lui=0xf000
PASS | Input: 0xc6a ImmSrc: 0 -> ext=0xffea lui=0xa800
PASS | Input: 0x117 ImmSrc: 1 -> ext=0x117 lui=0x5c00
PASS | Input: 0xc86 ImmSrc: 1 -> ext=0xfc86 lui=0x1800
PASS | Input: 0x49b ImmSrc: 1 -> ext=0x49b lui=0x6c00
PASS | Input: 0x755 ImmSrc: 1 -> ext=0x755 lui=0x5400
PASS | Input: 0xeb4 ImmSrc: 1 -> ext=0xfeb4 lui=0xd000
PASS | Input: 0x445 ImmSrc: 0 -> ext=0x5 lui=0x1400
PASS | Input: 0xc2c ImmSrc: 1 -> ext=0xfc2c lui=0xb000
PASS | Input: 0x4d3 ImmSrc: 0 -> ext=0x13 lui=0x4c00
PASS | Input: 0x960 ImmSrc: 0 -> ext=0xffe0 lui=0x8000
PASS | Input: 0xecb ImmSrc: 1 -> ext=0xfecb lui=0x2c00
PASS | Input: 0xe75 ImmSrc: 0 -> ext=0xfff5 lui=0xd400
PASS | Input: 0x4a3 ImmSrc: 1 -> ext=0x4a3 lui=0x8c00
PASS | Input: 0xbf6 ImmSrc: 1 -> ext=0xfbf6 lui=0xd800
PASS | Input: 0xdd3 ImmSrc: 1 -> ext=0xfdd3 lui=0x4c00
PASS | Input: 0xb5d ImmSrc: 1 -> ext=0xfb5d lui=0x7400
PASS | Input: 0x67e ImmSrc: 1 -> ext=0x67e lui=0xf800
PASS | Input: 0xaad ImmSrc: 0 -> ext=0xffed lui=0xb400
PASS | Input: 0xd46 ImmSrc: 0 -> ext=0x6 lui=0x1800
PASS | Input: 0x5b7 ImmSrc: 1 -> ext=0x5b7 lui=0xdc00
PASS | Input: 0xd9d ImmSrc: 1 -> ext=0xfd9d lui=0x7400
PASS | Input: 0x511 ImmSrc: 1 -> ext=0x511 lui=0x4400
PASS | Input: 0x74 ImmSrc: 0 -> ext=0xfff4 lui=0xd000
PASS | Input: 0x66e ImmSrc: 1 -> ext=0x66e lui=0xb800
PASS | Input: 0x69a ImmSrc: 0 -> ext=0x1a lui=0x6800
PASS | Input: 0x95e ImmSrc: 0 -> ext=0x1e lui=0x7800
PASS | Input: 0x9a3 ImmSrc: 0 -> ext=0xffe3 lui=0x8c00
PASS | Input: 0x511 ImmSrc: 1 -> ext=0x511 lui=0x4400
PASS | Input: 0x3b3 ImmSrc: 0 -> ext=0xfff3 lui=0xcc00
PASS | Input: 0x93f ImmSrc: 0 -> ext=0xffff lui=0xfc00
PASS | Input: 0x1 ImmSrc: 1 -> ext=0x1 lui=0x400
PASS | Input: 0xfbc ImmSrc: 0 -> ext=0xfffc lui=0xf000
PASS | Input: 0x16d ImmSrc: 0 -> ext=0xffed lui=0xb400
PASS | Input: 0x5e4 ImmSrc: 1 -> ext=0x5e4 lui=0x9000
PASS | Input: 0xffd ImmSrc: 0 -> ext=0xfffd lui=0xf400
PASS | Input: 0x264 ImmSrc: 0 -> ext=0xffe4 lui=0x9000
PASS | Input: 0x39b ImmSrc: 0 -> ext=0x1b lui=0x6c00
PASS | Input: 0x983 ImmSrc: 0 -> ext=0x3 lui=0xc00
PASS | Input: 0xdf2 ImmSrc: 0 -> ext=0xfff2 lui=0xc800
PASS | Input: 0x382 ImmSrc: 1 -> ext=0x382 lui=0x800
PASS | Input: 0x8b9 ImmSrc: 1 -> ext=0xf8b9 lui=0xe400
PASS | Input: 0xa2a ImmSrc: 1 -> ext=0xfa2a lui=0xa800
PASS | Input: 0x142 ImmSrc: 1 -> ext=0x142 lui=0x800
PASS | Input: 0xc1d ImmSrc: 0 -> ext=0x1d lui=0x7400
PASS | Input: 0x1b7 ImmSrc: 1 -> ext=0x1b7 lui=0xdc00
PASS | Input: 0x604 ImmSrc: 0 -> ext=0x4 lui=0x1000
PASS | Input: 0x7c3 ImmSrc: 1 -> ext=0x7c3 lui=0xc00
PASS | Input: 0x337 ImmSrc: 0 -> ext=0xfff7 lui=0xdc00
PASS | Input: 0xa18 ImmSrc: 1 -> ext=0xfa18 lui=0x6000
PASS | Input: 0xced ImmSrc: 0 -> ext=0xffed lui=0xb400
PASS | Input: 0xf94 ImmSrc: 1 -> ext=0xff94 lui=0x5000
PASS | Input: 0x296 ImmSrc: 1 -> ext=0x296 lui=0x5800
PASS | Input: 0xa73 ImmSrc: 1 -> ext=0xfa73 lui=0xcc00
PASS | Input: 0xf70 ImmSrc: 1 -> ext=0xff70 lui=0xc000
PASS | Input: 0xb50 ImmSrc: 1 -> ext=0xfb50 lui=0x4000
PASS | Input: 0xef1 ImmSrc: 1 -> ext=0xfef1 lui=0xc400
PASS | Input: 0xb5d ImmSrc: 0 -> ext=0x1d lui=0x7400
PASS | Input: 0xd21 ImmSrc: 0 -> ext=0xffe1 lui=0x8400
PASS | Input: 0x8a3 ImmSrc: 0 -> ext=0xffe3 lui=0x8c00
PASS | Input: 0x579 ImmSrc: 1 -> ext=0x579 lui=0xe400
PASS | Input: 0xea4 ImmSrc: 0 -> ext=0xffe4 lui=0x9000
PASS | Input: 0x45a ImmSrc: 0 -> ext=0x1a lui=0x6800
PASS | Input: 0xb38 ImmSrc: 0 -> ext=0xfff8 lui=0xe000
PASS | Input: 0x6c3 ImmSrc: 1 -> ext=0x6c3 lui=0xc00
PASS | Input: 0x6f7 ImmSrc: 1 -> ext=0x6f7 lui=0xdc00
PASS | Input: 0x750 ImmSrc: 1 -> ext=0x750 lui=0x4000
PASS | Input: 0xe12 ImmSrc: 1 -> ext=0xfe12 lui=0x4800
PASS | Input: 0x319 ImmSrc: 1 -> ext=0x319 lui=0x6400
PASS | Input: 0x1e7 ImmSrc: 1 -> ext=0x1e7 lui=0x9c00
PASS | Input: 0x498 ImmSrc: 1 -> ext=0x498 lui=0x6000
PASS | Input: 0x739 ImmSrc: 1 -> ext=0x739 lui=0xe400
PASS | Input: 0x81e ImmSrc: 1 -> ext=0xf81e lui=0x7800
PASS | Input: 0xc4c ImmSrc: 0 -> ext=0xc lui=0x3000
PASS | Input: 0xcf9 ImmSrc: 0 -> ext=0xfff9 lui=0xe400
PASS | Input: 0x1d4 ImmSrc: 0 -> ext=0x14 lui=0x5000
PASS | Input: 0xddc ImmSrc: 1 -> ext=0xfddc lui=0x7000
PASS | Input: 0xd05 ImmSrc: 0 -> ext=0x5 lui=0x1400
PASS | Input: 0xaa ImmSrc: 1 -> ext=0xaa lui=0xa800
PASS | Input: 0xe95 ImmSrc: 1 -> ext=0xfe95 lui=0x5400
PASS | Input: 0x92f ImmSrc: 0 -> ext=0xffef lui=0xbc00
PASS | Input: 0x1d ImmSrc: 1 -> ext=0x1d lui=0x7400
PASS | Input: 0x1ef ImmSrc: 0 -> ext=0xffef lui=0xbc00
PASS | Input: 0xe91 ImmSrc: 1 -> ext=0xfe91 lui=0x4400
PASS | Input: 0x191 ImmSrc: 1 -> ext=0x191 lui=0x4400
PASS | Input: 0x64d ImmSrc: 0 -> ext=0xd lui=0x3400
PASS | Input: 0xb11 ImmSrc: 0 -> ext=0x11 lui=0x4400
PASS | Input: 0x26f ImmSrc: 1 -> ext=0x26f lui=0xbc00
PASS | Input: 0x442 ImmSrc: 1 -> ext=0x442 lui=0x800
PASS | Input: 0xee3 ImmSrc: 0 -> ext=0xffe3 lui=0x8c00
PASS | Input: 0xfbc ImmSrc: 0 -> ext=0xfffc lui=0xf000
PASS | Input: 0x9ff ImmSrc: 1 -> ext=0xf9ff lui=0xfc00
PASS | Input: 0x2d6 ImmSrc: 0 -> ext=0x16 lui=0x5800
PASS | Input: 0xdfc ImmSrc: 0 -> ext=0xfffc lui=0xf000
PASS | Input: 0xfb7 ImmSrc: 1 -> ext=0xffb7 lui=0xdc00
PASS | Input: 0x22a ImmSrc: 0 -> ext=0xffea lui=0xa800
PASS | Input: 0xd20 ImmSrc: 1 -> ext=0xfd20 lui=0x8000
PASS | Input: 0xb31 ImmSrc: 0 -> ext=0xfff1 lui=0xc400
PASS | Input: 0x901 ImmSrc: 1 -> ext=0xf901 lui=0x400
PASS | Input: 0xf46 ImmSrc: 1 -> ext=0xff46 lui=0x1800
PASS | Input: 0x78 ImmSrc: 0 -> ext=0xfff8 lui=0xe000
PASS | Input: 0xc95 ImmSrc: 1 -> ext=0xfc95 lui=0x5400
PASS | Input: 0xf4a ImmSrc: 1 -> ext=0xff4a lui=0x2800
PASS | Input: 0xfcb ImmSrc: 0 -> ext=0xb lui=0x2c00
PASS | Input: 0x6f ImmSrc: 0 -> ext=0xffef lui=0xbc00
PASS | Input: 0x216 ImmSrc: 0 -> ext=0x16 lui=0x5800
PASS | Input: 0xd1 ImmSrc: 0 -> ext=0x11 lui=0x4400
PASS | Input: 0x162 ImmSrc: 0 -> ext=0xffe2 lui=0x8800
PASS | Input: 0xad0 ImmSrc: 1 -> ext=0xfad0 lui=0x4000
PASS | Input: 0xb45 ImmSrc: 0 -> ext=0x5 lui=0x1400
PASS | Input: 0xc9d ImmSrc: 1 -> ext=0xfc9d lui=0x7400
PASS | Input: 0x65b ImmSrc: 1 -> ext=0x65b lui=0x6c00
PASS | Input: 0x113 ImmSrc: 0 -> ext=0x13 lui=0x4c00
PASS | Input: 0x577 ImmSrc: 0 -> ext=0xfff7 lui=0xdc00
PASS | Input: 0x217 ImmSrc: 0 -> ext=0x17 lui=0x5c00
PASS | Input: 0x17e ImmSrc: 1 -> ext=0x17e lui=0xf800
PASS | Input: 0x124 ImmSrc: 1 -> ext=0x124 lui=0x9000
PASS | Input: 0x245 ImmSrc: 0 -> ext=0x5 lui=0x1400
PASS | Input: 0x409 ImmSrc: 0 -> ext=0x9 lui=0x2400
PASS | Input: 0xa41 ImmSrc: 1 -> ext=0xfa41 lui=0x400
PASS | Input: 0xb8e ImmSrc: 0 -> ext=0xe lui=0x3800
PASS | Input: 0x473 ImmSrc: 0 -> ext=0xfff3 lui=0xcc00
PASS | Input: 0xf4 ImmSrc: 1 -> ext=0xf4 lui=0xd000
PASS | Input: 0xb57 ImmSrc: 0 -> ext=0x17 lui=0x5c00
PASS | Input: 0x308 ImmSrc: 0 -> ext=0x8 lui=0x2000
PASS | Input: 0x934 ImmSrc: 0 -> ext=0xfff4 lui=0xd000
PASS | Input: 0x8cd ImmSrc: 0 -> ext=0xd lui=0x3400
PASS | Input: 0xba7 ImmSrc: 1 -> ext=0xfba7 lui=0x9c00
PASS | Input: 0x35e ImmSrc: 0 -> ext=0x1e lui=0x7800
PASS | Input: 0xfc6 ImmSrc: 0 -> ext=0x6 lui=0x1800
PASS | Input: 0xc1b ImmSrc: 0 -> ext=0x1b lui=0x6c00
PASS | Input: 0x19c ImmSrc: 0 -> ext=0x1c lui=0x7000
PASS | Input: 0xfbe ImmSrc: 0 -> ext=0xfffe lui=0xf800
PASS | Input: 0x97c ImmSrc: 0 -> ext=0xfffc lui=0xf000
PASS | Input: 0xa6d ImmSrc: 0 -> ext=0xffed lui=0xb400
PASS | Input: 0x8da ImmSrc: 0 -> ext=0x1a lui=0x6800
PASS | Input: 0x661 ImmSrc: 1 -> ext=0x661 lui=0x8400
PASS | Input: 0x620 ImmSrc: 0 -> ext=0xffe0 lui=0x8000
PASS | Input: 0x239 ImmSrc: 0 -> ext=0xfff9 lui=0xe400
PASS | Input: 0x24e ImmSrc: 1 -> ext=0x24e lui=0x3800
PASS | Input: 0x996 ImmSrc: 1 -> ext=0xf996 lui=0x5800
PASS | Input: 0x6b2 ImmSrc: 1 -> ext=0x6b2 lui=0xc800
PASS | Input: 0x613 ImmSrc: 1 -> ext=0x613 lui=0x4c00
PASS | Input: 0xa5 ImmSrc: 1 -> ext=0xa5 lui=0x9400
PASS | Input: 0x630 ImmSrc: 0 -> ext=0xfff0 lui=0xc000
PASS | Input: 0xa90 ImmSrc: 0 -> ext=0x10 lui=0x4000
PASS | Input: 0x54d ImmSrc: 0 -> ext=0xd lui=0x3400
PASS | Input: 0x11e ImmSrc: 1 -> ext=0x11e lui=0x7800
PASS | Input: 0xf4c ImmSrc: 1 -> ext=0xff4c lui=0x3000
PASS | Input: 0xf3 ImmSrc: 0 -> ext=0xfff3 lui=0xcc00
PASS | Input: 0xfed ImmSrc: 1 -> ext=0xffed lui=0xb400
PASS | Input: 0x4b8 ImmSrc: 0 -> ext=0xfff8 lui=0xe000
PASS | Input: 0x382 ImmSrc: 1 -> ext=0x382 lui=0x800
PASS | Input: 0x8d9 ImmSrc: 0 -> ext=0x19 lui=0x6400
PASS | Input: 0x40d ImmSrc: 0 -> ext=0xd lui=0x3400
PASS | Input: 0xbce ImmSrc: 1 -> ext=0xfbce lui=0x3800
PASS | Input: 0x16a ImmSrc: 1 -> ext=0x16a lui=0xa800
PASS | Input: 0x545 ImmSrc: 0 -> ext=0x5 lui=0x1400
PASS | Input: 0x491 ImmSrc: 0 -> ext=0x11 lui=0x4400
PASS | Input: 0x403 ImmSrc: 1 -> ext=0x403 lui=0xc00
PASS | Input: 0xb8d ImmSrc: 0 -> ext=0xd lui=0x3400
PASS | Input: 0x5dd ImmSrc: 0 -> ext=0x1d lui=0x7400
PASS | Input: 0xf45 ImmSrc: 0 -> ext=0x5 lui=0x1400
PASS | Input: 0x95 ImmSrc: 1 -> ext=0x95 lui=0x5400
PASS | Input: 0xfa9 ImmSrc: 1 -> ext=0xffa9 lui=0xa400
PASS | Input: 0x7f8 ImmSrc: 1 -> ext=0x7f8 lui=0xe000
PASS | Input: 0x458 ImmSrc: 0 -> ext=0x18 lui=0x6000
PASS | Input: 0x116 ImmSrc: 1 -> ext=0x116 lui=0x5800
PASS | Input: 0xf63 ImmSrc: 0 -> ext=0xffe3 lui=0x8c00
PASS | Input: 0xbf4 ImmSrc: 1 -> ext=0xfbf4 lui=0xd000
PASS | Input: 0x535 ImmSrc: 0 -> ext=0xfff5 lui=0xd400
PASS | Input: 0x279 ImmSrc: 0 -> ext=0xfff9 lui=0xe400
PASS | Input: 0x84c ImmSrc: 0 -> ext=0xc lui=0x3000
PASS | Input: 0x306 ImmSrc: 0 -> ext=0x6 lui=0x1800
PASS | Input: 0xc2 ImmSrc: 0 -> ext=0x2 lui=0x800
PASS | Input: 0x886 ImmSrc: 1 -> ext=0xf886 lui=0x1800
PASS | Input: 0xd53 ImmSrc: 1 -> ext=0xfd53 lui=0x4c00
PASS | Input: 0xf51 ImmSrc: 0 -> ext=0x11 lui=0x4400
PASS | Input: 0x8f5 ImmSrc: 1 -> ext=0xf8f5 lui=0xd400
PASS | Input: 0x1b0 ImmSrc: 0 -> ext=0xfff0 lui=0xc000
PASS | Input: 0xf88 ImmSrc: 1 -> ext=0xff88 lui=0x2000
PASS | Input: 0xc72 ImmSrc: 1 -> ext=0xfc72 lui=0xc800
PASS | Input: 0xbd4 ImmSrc: 1 -> ext=0xfbd4 lui=0x5000
PASS | Input: 0xd46 ImmSrc: 1 -> ext=0xfd46 lui=0x1800
PASS | Input: 0x84c ImmSrc: 0 -> ext=0xc lui=0x3000
PASS | Input: 0xe5e ImmSrc: 0 -> ext=0x1e lui=0x7800
PASS | Input: 0x7ce ImmSrc: 0 -> ext=0xe lui=0x3800
PASS | Input: 0xa05 ImmSrc: 1 -> ext=0xfa05 lui=0x1400
PASS | Input: 0xedc ImmSrc: 0 -> ext=0x1c lui=0x7000
PASS | Input: 0x2a8 ImmSrc: 0 -> ext=0xffe8 lui=0xa000
PASS | Input: 0xf78 ImmSrc: 1 -> ext=0xff78 lui=0xe000
PASS | Input: 0xd0d ImmSrc: 0 -> ext=0xd lui=0x3400
PASS | Input: 0x139 ImmSrc: 0 -> ext=0xfff9 lui=0xe400
PASS | Input: 0x822 ImmSrc: 1 -> ext=0xf822 lui=0x8800
PASS | Input: 0xa4 ImmSrc: 1 -> ext=0xa4 lui=0x9000
PASS | Input: 0x333 ImmSrc: 1 -> ext=0x333 lui=0xcc00
PASS | Input: 0xc75 ImmSrc: 1 -> ext=0xfc75 lui=0xd400
PASS | Input: 0x2e0 ImmSrc: 0 -> ext=0xffe0 lui=0x8000
PASS | Input: 0xedf ImmSrc: 0 -> ext=0x1f lui=0x7c00
PASS | Input: 0x8b2 ImmSrc: 1 -> ext=0xf8b2 lui=0xc800
PASS | Input: 0x461 ImmSrc: 0 -> ext=0xffe1 lui=0x8400
PASS | Input: 0x9c ImmSrc: 0 -> ext=0x1c lui=0x7000
PASS | Input: 0x94c ImmSrc: 0 -> ext=0xc lui=0x3000
PASS | Input: 0x544 ImmSrc: 1 -> ext=0x544 lui=0x1000
PASS | Input: 0x690 ImmSrc: 0 -> ext=0x10 lui=0x4000
PASS | Input: 0x178 ImmSrc: 0 -> ext=0xfff8 lui=0xe000
PASS | Input: 0xddf ImmSrc: 0 -> ext=0x1f lui=0x7c00
PASS | Input: 0x8f ImmSrc: 0 -> ext=0xf lui=0x3c00
PASS | Input: 0x4cb ImmSrc: 0 -> ext=0xb lui=0x2c00
PASS | Input: 0x323 ImmSrc: 1 -> ext=0x323 lui=0x8c00
PASS | Input: 0xbf4 ImmSrc: 0 -> ext=0xfff4 lui=0xd000
PASS | Input: 0x2f8 ImmSrc: 1 -> ext=0x2f8 lui=0xe000
PASS | Input: 0xcd5 ImmSrc: 0 -> ext=0x15 lui=0x5400
PASS | Input: 0x85a ImmSrc: 1 -> ext=0xf85a lui=0x6800
PASS | Input: 0x451 ImmSrc: 0 -> ext=0x11 lui=0x4400
PASS | Input: 0x6dd ImmSrc: 0 -> ext=0x1d lui=0x7400
PASS | Input: 0x19a ImmSrc: 1 -> ext=0x19a lui=0x6800
PASS | Input: 0x2cb ImmSrc: 1 -> ext=0x2cb lui=0x2c00
PASS | Input: 0x87c ImmSrc: 0 -> ext=0xfffc lui=0xf000
PASS | Input: 0xc1e ImmSrc: 0 -> ext=0x1e lui=0x7800
PASS | Input: 0xfb9 ImmSrc: 1 -> ext=0xffb9 lui=0xe400
PASS | Input: 0xf58 ImmSrc: 0 -> ext=0x18 lui=0x6000
PASS | Input: 0x978 ImmSrc: 1 -> ext=0xf978 lui=0xe000
PASS | Input: 0x618 ImmSrc: 0 -> ext=0x18 lui=0x6000
PASS | Input: 0x76f ImmSrc: 0 -> ext=0xffef lui=0xbc00
PASS | Input: 0xebd ImmSrc: 1 -> ext=0xfebd lui=0xf400
PASS | Input: 0x5dd ImmSrc: 1 -> ext=0x5dd lui=0x7400
PASS | Input: 0x3f6 ImmSrc: 0 -> ext=0xfff6 lui=0xd800
PASS | Input: 0xde2 ImmSrc: 0 -> ext=0xffe2 lui=0x8800
PASS | Input: 0x8f ImmSrc: 0 -> ext=0xf lui=0x3c00
PASS | Input: 0xb59 ImmSrc: 1 -> ext=0xfb59 lui=0x6400
PASS | Input: 0x35f ImmSrc: 0 -> ext=0x1f lui=0x7c00
PASS | Input: 0xbc9 ImmSrc: 1 -> ext=0xfbc9 lui=0x2400
PASS | Input: 0x4a0 ImmSrc: 1 -> ext=0x4a0 lui=0x8000
PASS | Input: 0xb83 ImmSrc: 1 -> ext=0xfb83 lui=0xc00
PASS | Input: 0x592 ImmSrc: 1 -> ext=0x592 lui=0x4800
PASS | Input: 0x57f ImmSrc: 1 -> ext=0x57f lui=0xfc00
PASS | Input: 0xcc4 ImmSrc: 0 -> ext=0x4 lui=0x1000
PASS | Input: 0x61f ImmSrc: 1 -> ext=0x61f lui=0x7c00
PASS | Input: 0xad1 ImmSrc: 1 -> ext=0xfad1 lui=0x4400
PASS | Input: 0xa64 ImmSrc: 0 -> ext=0xffe4 lui=0x9000
PASS | Input: 0x8f1 ImmSrc: 0 -> ext=0xfff1 lui=0xc400
PASS | Input: 0xcb1 ImmSrc: 0 -> ext=0xfff1 lui=0xc400
PASS | Input: 0x237 ImmSrc: 0 -> ext=0xfff7 lui=0xdc00
PASS | Input: 0xbb0 ImmSrc: 1 -> ext=0xfbb0 lui=0xc000
PASS | Input: 0x7c6 ImmSrc: 0 -> ext=0x6 lui=0x1800
PASS | Input: 0xf7c ImmSrc: 0 -> ext=0xfffc lui=0xf000
PASS | Input: 0xfed ImmSrc: 1 -> ext=0xffed lui=0xb400
PASS | Input: 0x699 ImmSrc: 1 -> ext=0x699 lui=0x6400
PASS | Input: 0x769 ImmSrc: 1 -> ext=0x769 lui=0xa400
PASS | Input: 0xddd ImmSrc: 1 -> ext=0xfddd lui=0x7400
PASS | Input: 0xdb9 ImmSrc: 1 -> ext=0xfdb9 lui=0xe400
PASS | Input: 0xde0 ImmSrc: 0 -> ext=0xffe0 lui=0x8000
PASS | Input: 0xace ImmSrc: 1 -> ext=0xface lui=0x3800
PASS | Input: 0x406 ImmSrc: 1 -> ext=0x406 lui=0x1800
PASS | Input: 0xff6 ImmSrc: 0 -> ext=0xfff6 lui=0xd800
PASS | Input: 0xebe ImmSrc: 1 -> ext=0xfebe lui=0xf800
PASS | Input: 0x359 ImmSrc: 1 -> ext=0x359 lui=0x6400
PASS | Input: 0x616 ImmSrc: 1 -> ext=0x616 lui=0x5800
PASS | Input: 0x2e0 ImmSrc: 0 -> ext=0xffe0 lui=0x8000
PASS | Input: 0xb2b ImmSrc: 0 -> ext=0xffeb lui=0xac00
PASS | Input: 0xcde ImmSrc: 0 -> ext=0x1e lui=0x7800
PASS | Input: 0x49a ImmSrc: 0 -> ext=0x1a lui=0x6800
PASS | Input: 0xa4f ImmSrc: 0 -> ext=0xf lui=0x3c00
PASS | Input: 0x38a ImmSrc: 0 -> ext=0xa lui=0x2800
PASS | Input: 0xa0b ImmSrc: 1 -> ext=0xfa0b lui=0x2c00
PASS | Input: 0xe5f ImmSrc: 1 -> ext=0xfe5f lui=0x7c00
PASS | Input: 0x5c4 ImmSrc: 1 -> ext=0x5c4 lui=0x1000
PASS | Input: 0x5b6 ImmSrc: 1 -> ext=0x5b6 lui=0xd800
PASS | Input: 0xb22 ImmSrc: 0 -> ext=0xffe2 lui=0x8800
PASS | Input: 0x1b8 ImmSrc: 1 -> ext=0x1b8 lui=0xe000
PASS | Input: 0x2de ImmSrc: 1 -> ext=0x2de lui=0x7800
PASS | Input: 0x16c ImmSrc: 0 -> ext=0xffec lui=0xb000
PASS | Input: 0xd24 ImmSrc: 0 -> ext=0xffe4 lui=0x9000
PASS | Input: 0x110 ImmSrc: 0 -> ext=0x10 lui=0x4000
PASS | Input: 0x22e ImmSrc: 1 -> ext=0x22e lui=0xb800
PASS | Input: 0xa16 ImmSrc: 1 -> ext=0xfa16 lui=0x5800
PASS | Input: 0x34f ImmSrc: 1 -> ext=0x34f lui=0x3c00
PASS | Input: 0xae9 ImmSrc: 1 -> ext=0xfae9 lui=0xa400
PASS | Input: 0x668 ImmSrc: 1 -> ext=0x668 lui=0xa000
PASS | Input: 0xdf6 ImmSrc: 1 -> ext=0xfdf6 lui=0xd800
PASS | Input: 0xd03 ImmSrc: 0 -> ext=0x3 lui=0xc00
PASS | Input: 0xf36 ImmSrc: 1 -> ext=0xff36 lui=0xd800
PASS | Input: 0xff9 ImmSrc: 0 -> ext=0xfff9 lui=0xe400
PASS | Input: 0xaaf ImmSrc: 1 -> ext=0xfaaf lui=0xbc00
PASS | Input: 0x803 ImmSrc: 1 -> ext=0xf803 lui=0xc00
PASS | Input: 0xe18 ImmSrc: 0 -> ext=0x18 lui=0x6000
PASS | Input: 0x6f7 ImmSrc: 0 -> ext=0xfff7 lui=0xdc00
PASS | Input: 0x533 ImmSrc: 0 -> ext=0xfff3 lui=0xcc00
PASS | Input: 0x71d ImmSrc: 1 -> ext=0x71d lui=0x7400
PASS | Input: 0xbf5 ImmSrc: 0 -> ext=0xfff5 lui=0xd400
PASS | Input: 0x573 ImmSrc: 1 -> ext=0x573 lui=0xcc00
PASS | Input: 0x90f ImmSrc: 0 -> ext=0xf lui=0x3c00
PASS | Input: 0x927 ImmSrc: 1 -> ext=0xf927 lui=0x9c00
PASS | Input: 0xef8 ImmSrc: 1 -> ext=0xfef8 lui=0xe000
PASS | Input: 0x233 ImmSrc: 0 -> ext=0xfff3 lui=0xcc00
PASS | Input: 0x90f ImmSrc: 0 -> ext=0xf lui=0x3c00
PASS | Input: 0xe65 ImmSrc: 1 -> ext=0xfe65 lui=0x9400
PASS | Input: 0x1e6 ImmSrc: 0 -> ext=0xffe6 lui=0x9800
PASS | Input: 0x7ba ImmSrc: 0 -> ext=0xfffa lui=0xe800
PASS | Input: 0x353 ImmSrc: 0 -> ext=0x13 lui=0x4c00
PASS | Input: 0x64d ImmSrc: 1 -> ext=0x64d lui=0x3400
PASS | Input: 0xc60 ImmSrc: 1 -> ext=0xfc60 lui=0x8000
PASS | Input: 0xdc7 ImmSrc: 0 -> ext=0x7 lui=0x1c00
PASS | Input: 0x8b1 ImmSrc: 1 -> ext=0xf8b1 lui=0xc400
PASS | Input: 0x1a5 ImmSrc: 1 -> ext=0x1a5 lui=0x9400
PASS | Input: 0x277 ImmSrc: 1 -> ext=0x277 lui=0xdc00
PASS | Input: 0x51e ImmSrc: 0 -> ext=0x1e lui=0x7800
PASS | Input: 0x987 ImmSrc: 1 -> ext=0xf987 lui=0x1c00
PASS | Input: 0x10e ImmSrc: 0 -> ext=0xe lui=0x3800
PASS | Input: 0x5ad ImmSrc: 0 -> ext=0xffed lui=0xb400
PASS | Input: 0x1c0 ImmSrc: 1 -> ext=0x1c0 lui=0x0
PASS | Input: 0x5df ImmSrc: 0 -> ext=0x1f lui=0x7c00
PASS | Input: 0x1e1 ImmSrc: 1 -> ext=0x1e1 lui=0x8400
PASS | Input: 0x34c ImmSrc: 0 -> ext=0xc lui=0x3000
PASS | Input: 0xf7f ImmSrc: 0 -> ext=0xffff lui=0xfc00
PASS | Input: 0xb02 ImmSrc: 0 -> ext=0x2 lui=0x800
PASS | Input: 0x571 ImmSrc: 1 -> ext=0x571 lui=0xc400
PASS | Input: 0xa23 ImmSrc: 0 -> ext=0xffe3 lui=0x8c00
PASS | Input: 0xed ImmSrc: 1 -> ext=0xed lui=0xb400
PASS | Input: 0xc5c ImmSrc: 0 -> ext=0x1c lui=0x7000
PASS | Input: 0xcb5 ImmSrc: 0 -> ext=0xfff5 lui=0xd400
PASS | Input: 0xd9f ImmSrc: 1 -> ext=0xfd9f lui=0x7c00
PASS | Input: 0x4b1 ImmSrc: 0 -> ext=0xfff1 lui=0xc400
PASS | Input: 0x9ca ImmSrc: 1 -> ext=0xf9ca lui=0x2800
PASS | Input: 0x643 ImmSrc: 0 -> ext=0x3 lui=0xc00
PASS | Input: 0xa48 ImmSrc: 0 -> ext=0x8 lui=0x2000
PASS | Input: 0xd3c ImmSrc: 1 -> ext=0xfd3c lui=0xf000
PASS | Input: 0xf47 ImmSrc: 0 -> ext=0x7 lui=0x1c00
PASS | Input: 0x2b9 ImmSrc: 0 -> ext=0xfff9 lui=0xe400
PASS | Input: 0x39d ImmSrc: 1 -> ext=0x39d lui=0x7400
PASS | Input: 0x6d8 ImmSrc: 0 -> ext=0x18 lui=0x6000
PASS | Input: 0x3f3 ImmSrc: 1 -> ext=0x3f3 lui=0xcc00
PASS | Input: 0x37c ImmSrc: 0 -> ext=0xfffc lui=0xf000
PASS | Input: 0x74c ImmSrc: 1 -> ext=0x74c lui=0x3000
PASS | Input: 0x41e ImmSrc: 0 -> ext=0x1e lui=0x7800
PASS | Input: 0xe80 ImmSrc: 0 -> ext=0x0 lui=0x0
PASS | Input: 0x7de ImmSrc: 1 -> ext=0x7de lui=0x7800
PASS | Input: 0x7cd ImmSrc: 0 -> ext=0xd lui=0x3400
PASS | Input: 0x4c9 ImmSrc: 0 -> ext=0x9 lui=0x2400
PASS | Input: 0x6fd ImmSrc: 0 -> ext=0xfffd lui=0xf400
PASS | Input: 0xc9e ImmSrc: 1 -> ext=0xfc9e lui=0x7800
PASS | Input: 0x60 ImmSrc: 1 -> ext=0x60 lui=0x8000
PASS | Input: 0x8e7 ImmSrc: 1 -> ext=0xf8e7 lui=0x9c00
PASS | Input: 0xa02 ImmSrc: 1 -> ext=0xfa02 lui=0x800
PASS | Input: 0x5cd ImmSrc: 0 -> ext=0xd lui=0x3400
PASS | Input: 0x466 ImmSrc: 0 -> ext=0xffe6 lui=0x9800
PASS | Input: 0xe6c ImmSrc: 1 -> ext=0xfe6c lui=0xb000
PASS | Input: 0x937 ImmSrc: 0 -> ext=0xfff7 lui=0xdc00
PASS | Input: 0x311 ImmSrc: 0 -> ext=0x11 lui=0x4400
PASS | Input: 0x41d ImmSrc: 1 -> ext=0x41d lui=0x7400
PASS | Input: 0x929 ImmSrc: 1 -> ext=0xf929 lui=0xa400
PASS | Input: 0x345 ImmSrc: 0 -> ext=0x5 lui=0x1400
PASS | Input: 0x49 ImmSrc: 0 -> ext=0x9 lui=0x2400
PASS | Input: 0xeb9 ImmSrc: 0 -> ext=0xfff9 lui=0xe400
PASS | Input: 0x51a ImmSrc: 0 -> ext=0x1a lui=0x6800
PASS | Input: 0x71c ImmSrc: 1 -> ext=0x71c lui=0x7000
PASS | Input: 0x28c ImmSrc: 0 -> ext=0xc lui=0x3000
PASS | Input: 0x5e1 ImmSrc: 0 -> ext=0xffe1 lui=0x8400
PASS | Input: 0x51c ImmSrc: 1 -> ext=0x51c lui=0x7000
PASS | Input: 0x6a0 ImmSrc: 1 -> ext=0x6a0 lui=0x8000
PASS | Input: 0x990 ImmSrc: 1 -> ext=0xf990 lui=0x4000
PASS | Input: 0x68b ImmSrc: 1 -> ext=0x68b lui=0x2c00
PASS | Input: 0x7fd ImmSrc: 1 -> ext=0x7fd lui=0xf400
PASS | Input: 0xb5 ImmSrc: 0 -> ext=0xfff5 lui=0xd400
PASS | Input: 0x16b ImmSrc: 1 -> ext=0x16b lui=0xac00
PASS | Input: 0x331 ImmSrc: 1 -> ext=0x331 lui=0xc400
PASS | Input: 0xdf5 ImmSrc: 1 -> ext=0xfdf5 lui=0xd400
PASS | Input: 0x6a7 ImmSrc: 1 -> ext=0x6a7 lui=0x9c00
PASS | Input: 0xab8 ImmSrc: 0 -> ext=0xfff8 lui=0xe000
PASS | Input: 0x975 ImmSrc: 1 -> ext=0xf975 lui=0xd400
PASS | Input: 0x671 ImmSrc: 1 -> ext=0x671 lui=0xc400
PASS | Input: 0x6f9 ImmSrc: 0 -> ext=0xfff9 lui=0xe400
PASS | Input: 0x916 ImmSrc: 1 -> ext=0xf916 lui=0x5800
PASS | Input: 0xb15 ImmSrc: 1 -> ext=0xfb15 lui=0x5400
PASS | Input: 0x4d ImmSrc: 0 -> ext=0xd lui=0x3400
PASS | Input: 0x18b ImmSrc: 0 -> ext=0xb lui=0x2c00
PASS | Input: 0xa10 ImmSrc: 1 -> ext=0xfa10 lui=0x4000
PASS | Input: 0x648 ImmSrc: 1 -> ext=0x648 lui=0x2000
PASS | Input: 0x63 ImmSrc: 1 -> ext=0x63 lui=0x8c00
PASS | Input: 0x92c ImmSrc: 1 -> ext=0xf92c lui=0xb000
PASS | Input: 0xe5d ImmSrc: 1 -> ext=0xfe5d lui=0x7400
PASS | Input: 0xf7b ImmSrc: 1 -> ext=0xff7b lui=0xec00
PASS | Input: 0x7e ImmSrc: 1 -> ext=0x7e lui=0xf800
PASS | Input: 0x87c ImmSrc: 1 -> ext=0xf87c lui=0xf000
PASS | Input: 0x583 ImmSrc: 0 -> ext=0x3 lui=0xc00
PASS | Input: 0x269 ImmSrc: 0 -> ext=0xffe9 lui=0xa400
PASS | Input: 0x6b1 ImmSrc: 1 -> ext=0x6b1 lui=0xc400
PASS | Input: 0x440 ImmSrc: 1 -> ext=0x440 lui=0x0
PASS | Input: 0xfdb ImmSrc: 0 -> ext=0x1b lui=0x6c00
PASS | Input: 0x98 ImmSrc: 0 -> ext=0x18 lui=0x6000
PASS | Input: 0xf04 ImmSrc: 1 -> ext=0xff04 lui=0x1000
PASS | Input: 0xd06 ImmSrc: 0 -> ext=0x6 lui=0x1800
PASS | Input: 0xcf3 ImmSrc: 0 -> ext=0xfff3 lui=0xcc00
PASS | Input: 0x933 ImmSrc: 0 -> ext=0xfff3 lui=0xcc00
PASS | Input: 0x98d ImmSrc: 1 -> ext=0xf98d lui=0x3400
PASS | Input: 0xe34 ImmSrc: 0 -> ext=0xfff4 lui=0xd000
PASS | Input: 0xc53 ImmSrc: 1 -> ext=0xfc53 lui=0x4c00
PASS | Input: 0xc45 ImmSrc: 1 -> ext=0xfc45 lui=0x1400
PASS | Input: 0x6dc ImmSrc: 0 -> ext=0x1c lui=0x7000
PASS | Input: 0xc73 ImmSrc: 1 -> ext=0xfc73 lui=0xcc00
PASS | Input: 0x9c ImmSrc: 1 -> ext=0x9c lui=0x7000
PASS | Input: 0xb56 ImmSrc: 0 -> ext=0x16 lui=0x5800
PASS | Input: 0x6d7 ImmSrc: 0 -> ext=0x17 lui=0x5c00
PASS | Input: 0x576 ImmSrc: 1 -> ext=0x576 lui=0xd800
PASS | Input: 0x712 ImmSrc: 1 -> ext=0x712 lui=0x4800
PASS | Input: 0x562 ImmSrc: 0 -> ext=0xffe2 lui=0x8800
PASS | Input: 0xbe4 ImmSrc: 1 -> ext=0xfbe4 lui=0x9000
PASS | Input: 0x92a ImmSrc: 0 -> ext=0xffea lui=0xa800
PASS | Input: 0xf75 ImmSrc: 0 -> ext=0xfff5 lui=0xd400
PASS | Input: 0xa38 ImmSrc: 0 -> ext=0xfff8 lui=0xe000
PASS | Input: 0x83 ImmSrc: 0 -> ext=0x3 lui=0xc00
PASS | Input: 0x63e ImmSrc: 1 -> ext=0x63e lui=0xf800
PASS | Input: 0xa4f ImmSrc: 1 -> ext=0xfa4f lui=0x3c00
PASS | Input: 0xb33 ImmSrc: 1 -> ext=0xfb33 lui=0xcc00
PASS | Input: 0xb3d ImmSrc: 1 -> ext=0xfb3d lui=0xf400
PASS | Input: 0x10 ImmSrc: 0 -> ext=0x10 lui=0x4000
PASS | Input: 0xb8d ImmSrc: 0 -> ext=0xd lui=0x3400
PASS | Input: 0x555 ImmSrc: 0 -> ext=0x15 lui=0x5400
PASS | Input: 0x6f7 ImmSrc: 0 -> ext=0xfff7 lui=0xdc00
PASS | Input: 0x5f5 ImmSrc: 1 -> ext=0x5f5 lui=0xd400
PASS | Input: 0xd8a ImmSrc: 1 -> ext=0xfd8a lui=0x2800
PASS | Input: 0xac2 ImmSrc: 0 -> ext=0x2 lui=0x800
PASS | Input: 0x7a7 ImmSrc: 1 -> ext=0x7a7 lui=0x9c00
PASS | Input: 0x5e8 ImmSrc: 1 -> ext=0x5e8 lui=0xa000
PASS | Input: 0x6c ImmSrc: 1 -> ext=0x6c lui=0xb000
PASS | Input: 0xb9c ImmSrc: 0 -> ext=0x1c lui=0x7000
PASS | Input: 0x967 ImmSrc: 1 -> ext=0xf967 lui=0x9c00
PASS | Input: 0xe90 ImmSrc: 0 -> ext=0x10 lui=0x4000
PASS | Input: 0x9ec ImmSrc: 1 -> ext=0xf9ec lui=0xb000
PASS | Input: 0x63e ImmSrc: 0 -> ext=0xfffe lui=0xf800
PASS | Input: 0xfe6 ImmSrc: 0 -> ext=0xffe6 lui=0x9800
PASS | Input: 0x2b1 ImmSrc: 0 -> ext=0xfff1 lui=0xc400
PASS | Input: 0x575 ImmSrc: 1 -> ext=0x575 lui=0xd400
PASS | Input: 0xed5 ImmSrc: 1 -> ext=0xfed5 lui=0x5400
PASS | Input: 0x63c ImmSrc: 1 -> ext=0x63c lui=0xf000
PASS | Input: 0x5f2 ImmSrc: 1 -> ext=0x5f2 lui=0xc800
PASS | Input: 0x2aa ImmSrc: 0 -> ext=0xffea lui=0xa800
PASS | Input: 0x5e ImmSrc: 1 -> ext=0x5e lui=0x7800
PASS | Input: 0x31e ImmSrc: 1 -> ext=0x31e lui=0x7800
PASS | Input: 0xf0a ImmSrc: 1 -> ext=0xff0a lui=0x2800
PASS | Input: 0x445 ImmSrc: 0 -> ext=0x5 lui=0x1400
PASS | Input: 0xcfc ImmSrc: 0 -> ext=0xfffc lui=0xf000
PASS | Input: 0x170 ImmSrc: 0 -> ext=0xfff0 lui=0xc000
PASS | Input: 0x54b ImmSrc: 0 -> ext=0xb lui=0x2c00
PASS | Input: 0x95f ImmSrc: 0 -> ext=0x1f lui=0x7c00
PASS | Input: 0x5ba ImmSrc: 0 -> ext=0xfffa lui=0xe800
PASS | Input: 0x336 ImmSrc: 1 -> ext=0x336 lui=0xd800
PASS | Input: 0x78d ImmSrc: 1 -> ext=0x78d lui=0x3400
PASS | Input: 0xf0f ImmSrc: 0 -> ext=0xf lui=0x3c00
PASS | Input: 0x7a1 ImmSrc: 0 -> ext=0xffe1 lui=0x8400
PASS | Input: 0x8ec ImmSrc: 0 -> ext=0xffec lui=0xb000
PASS | Input: 0x278 ImmSrc: 1 -> ext=0x278 lui=0xe000
PASS | Input: 0x871 ImmSrc: 0 -> ext=0xfff1 lui=0xc400
PASS | Input: 0x434 ImmSrc: 0 -> ext=0xfff4 lui=0xd000
PASS | Input: 0xf35 ImmSrc: 1 -> ext=0xff35 lui=0xd400
PASS | Input: 0xa32 ImmSrc: 1 -> ext=0xfa32 lui=0xc800
PASS | Input: 0x704 ImmSrc: 1 -> ext=0x704 lui=0x1000
PASS | Input: 0xf4c ImmSrc: 0 -> ext=0xc lui=0x3000
PASS | Input: 0xaee ImmSrc: 1 -> ext=0xfaee lui=0xb800
PASS | Input: 0xd65 ImmSrc: 1 -> ext=0xfd65 lui=0x9400
PASS | Input: 0x771 ImmSrc: 0 -> ext=0xfff1 lui=0xc400
PASS | Input: 0x251 ImmSrc: 1 -> ext=0x251 lui=0x4400
PASS | Input: 0x7a4 ImmSrc: 0 -> ext=0xffe4 lui=0x9000
PASS | Input: 0xbb0 ImmSrc: 0 -> ext=0xfff0 lui=0xc000
PASS | Input: 0x8ac ImmSrc: 0 -> ext=0xffec lui=0xb000
PASS | Input: 0xd8 ImmSrc: 1 -> ext=0xd8 lui=0x6000
PASS | Input: 0x863 ImmSrc: 0 -> ext=0xffe3 lui=0x8c00
PASS | Input: 0x36b ImmSrc: 1 -> ext=0x36b lui=0xac00
PASS | Input: 0xf77 ImmSrc: 1 -> ext=0xff77 lui=0xdc00
PASS | Input: 0xa9c ImmSrc: 0 -> ext=0x1c lui=0x7000
PASS | Input: 0xced ImmSrc: 0 -> ext=0xffed lui=0xb400
PASS | Input: 0x6d9 ImmSrc: 0 -> ext=0x19 lui=0x6400
PASS | Input: 0x848 ImmSrc: 0 -> ext=0x8 lui=0x2000
PASS | Input: 0xed9 ImmSrc: 0 -> ext=0x19 lui=0x6400
PASS | Input: 0x34a ImmSrc: 0 -> ext=0xa lui=0x2800
PASS | Input: 0x4b0 ImmSrc: 1 -> ext=0x4b0 lui=0xc000
PASS | Input: 0x587 ImmSrc: 0 -> ext=0x7 lui=0x1c00
PASS | Input: 0xf06 ImmSrc: 1 -> ext=0xff06 lui=0x1800
PASS | Input: 0xdbc ImmSrc: 1 -> ext=0xfdbc lui=0xf000
PASS | Input: 0xc00 ImmSrc: 1 -> ext=0xfc00 lui=0x0
PASS | Input: 0x434 ImmSrc: 0 -> ext=0xfff4 lui=0xd000
PASS | Input: 0xaf4 ImmSrc: 0 -> ext=0xfff4 lui=0xd000
PASS | Input: 0x914 ImmSrc: 0 -> ext=0x14 lui=0x5000
PASS | Input: 0x387 ImmSrc: 0 -> ext=0x7 lui=0x1c00
PASS | Input: 0x6ec ImmSrc: 0 -> ext=0xffec lui=0xb000
PASS | Input: 0x45 ImmSrc: 0 -> ext=0x5 lui=0x1400
PASS | Input: 0x960 ImmSrc: 1 -> ext=0xf960 lui=0x8000
PASS | Input: 0x52 ImmSrc: 1 -> ext=0x52 lui=0x4800
PASS | Input: 0xb45 ImmSrc: 1 -> ext=0xfb45 lui=0x1400
PASS | Input: 0x147 ImmSrc: 1 -> ext=0x147 lui=0x1c00
PASS | Input: 0xb03 ImmSrc: 0 -> ext=0x3 lui=0xc00
PASS | Input: 0xbd1 ImmSrc: 0 -> ext=0x11 lui=0x4400
PASS | Input: 0x39b ImmSrc: 1 -> ext=0x39b lui=0x6c00
PASS | Input: 0xd34 ImmSrc: 1 -> ext=0xfd34 lui=0xd000
PASS | Input: 0x27 ImmSrc: 0 -> ext=0xffe7 lui=0x9c00
PASS | Input: 0x13c ImmSrc: 1 -> ext=0x13c lui=0xf000
PASS | Input: 0xf2a ImmSrc: 0 -> ext=0xffea lui=0xa800
PASS | Input: 0x3c5 ImmSrc: 1 -> ext=0x3c5 lui=0x1400
PASS | Input: 0x88c ImmSrc: 0 -> ext=0xc lui=0x3000
PASS | Input: 0x5e ImmSrc: 0 -> ext=0x1e lui=0x7800
PASS | Input: 0xc95 ImmSrc: 0 -> ext=0x15 lui=0x5400
PASS | Input: 0x434 ImmSrc: 0 -> ext=0xfff4 lui=0xd000
PASS | Input: 0x5c1 ImmSrc: 1 -> ext=0x5c1 lui=0x400
PASS | Input: 0xdc6 ImmSrc: 0 -> ext=0x6 lui=0x1800
PASS | Input: 0xcc9 ImmSrc: 0 -> ext=0x9 lui=0x2400
PASS | Input: 0x394 ImmSrc: 0 -> ext=0x14 lui=0x5000
PASS | Input: 0x3b3 ImmSrc: 1 -> ext=0x3b3 lui=0xcc00
PASS | Input: 0x24a ImmSrc: 1 -> ext=0x24a lui=0x2800
PASS | Input: 0x41 ImmSrc: 1 -> ext=0x41 lui=0x400
PASS | Input: 0xa8c ImmSrc: 1 -> ext=0xfa8c lui=0x3000
PASS | Input: 0x5a1 ImmSrc: 0 -> ext=0xffe1 lui=0x8400
PASS | Input: 0x5f8 ImmSrc: 1 -> ext=0x5f8 lui=0xe000
PASS | Input: 0x8a5 ImmSrc: 0 -> ext=0xffe5 lui=0x9400
PASS | Input: 0xc73 ImmSrc: 0 -> ext=0xfff3 lui=0xcc00
PASS | Input: 0x96f ImmSrc: 1 -> ext=0xf96f lui=0xbc00
PASS | Input: 0x5e ImmSrc: 1 -> ext=0x5e lui=0x7800
PASS | Input: 0x2d2 ImmSrc: 0 -> ext=0x12 lui=0x4800
PASS | Input: 0xbc9 ImmSrc: 0 -> ext=0x9 lui=0x2400
PASS | Input: 0x15a ImmSrc: 1 -> ext=0x15a lui=0x6800
PASS | Input: 0x837 ImmSrc: 0 -> ext=0xfff7 lui=0xdc00
PASS | Input: 0x139 ImmSrc: 1 -> ext=0x139 lui=0xe400
PASS | Input: 0x414 ImmSrc: 1 -> ext=0x414 lui=0x5000
PASS | Input: 0xa08 ImmSrc: 0 -> ext=0x8 lui=0x2000
PASS | Input: 0xa72 ImmSrc: 1 -> ext=0xfa72 lui=0xc800
PASS | Input: 0xa4 ImmSrc: 1 -> ext=0xa4 lui=0x9000
PASS | Input: 0x71b ImmSrc: 0 -> ext=0x1b lui=0x6c00
PASS | Input: 0x901 ImmSrc: 0 -> ext=0x1 lui=0x400
PASS | Input: 0x6a3 ImmSrc: 0 -> ext=0xffe3 lui=0x8c00
PASS | Input: 0x358 ImmSrc: 0 -> ext=0x18 lui=0x6000
PASS | Input: 0x780 ImmSrc: 1 -> ext=0x780 lui=0x0
PASS | Input: 0x979 ImmSrc: 1 -> ext=0xf979 lui=0xe400
PASS | Input: 0xca ImmSrc: 1 -> ext=0xca lui=0x2800
PASS | Input: 0x89b ImmSrc: 1 -> ext=0xf89b lui=0x6c00
PASS | Input: 0xba ImmSrc: 1 -> ext=0xba lui=0xe800
PASS | Input: 0xd8c ImmSrc: 0 -> ext=0xc lui=0x3000
PASS | Input: 0x27d ImmSrc: 0 -> ext=0xfffd lui=0xf400
PASS | Input: 0x291 ImmSrc: 0 -> ext=0x11 lui=0x4400
PASS | Input: 0x474 ImmSrc: 0 -> ext=0xfff4 lui=0xd000
PASS | Input: 0x5cc ImmSrc: 0 -> ext=0xc lui=0x3000
PASS | Input: 0x178 ImmSrc: 0 -> ext=0xfff8 lui=0xe000
PASS | Input: 0xe86 ImmSrc: 0 -> ext=0x6 lui=0x1800
PASS | Input: 0x542 ImmSrc: 1 -> ext=0x542 lui=0x800
PASS | Input: 0xd35 ImmSrc: 0 -> ext=0xfff5 lui=0xd400
PASS | Input: 0xb82 ImmSrc: 0 -> ext=0x2 lui=0x800
PASS | Input: 0xd8c ImmSrc: 1 -> ext=0xfd8c lui=0x3000
PASS | Input: 0xc3 ImmSrc: 1 -> ext=0xc3 lui=0xc00
PASS | Input: 0xb7f ImmSrc: 0 -> ext=0xffff lui=0xfc00
PASS | Input: 0xfbc ImmSrc: 1 -> ext=0xffbc lui=0xf000
PASS | Input: 0xf7e ImmSrc: 1 -> ext=0xff7e lui=0xf800
PASS | Input: 0x516 ImmSrc: 1 -> ext=0x516 lui=0x5800
PASS | Input: 0x9d3 ImmSrc: 1 -> ext=0xf9d3 lui=0x4c00
PASS | Input: 0xf4c ImmSrc: 1 -> ext=0xff4c lui=0x3000
PASS | Input: 0x468 ImmSrc: 1 -> ext=0x468 lui=0xa000
PASS | Input: 0x7b8 ImmSrc: 1 -> ext=0x7b8 lui=0xe000
PASS | Input: 0xddf ImmSrc: 0 -> ext=0x1f lui=0x7c00
PASS | Input: 0x964 ImmSrc: 0 -> ext=0xffe4 lui=0x9000
PASS | Input: 0xc44 ImmSrc: 1 -> ext=0xfc44 lui=0x1000
PASS | Input: 0x3bd ImmSrc: 0 -> ext=0xfffd lui=0xf400
PASS | Input: 0x343 ImmSrc: 0 -> ext=0x3 lui=0xc00
PASS | Input: 0xeb3 ImmSrc: 0 -> ext=0xfff3 lui=0xcc00
PASS | Input: 0x721 ImmSrc: 1 -> ext=0x721 lui=0x8400
PASS | Input: 0x96f ImmSrc: 0 -> ext=0xffef lui=0xbc00
PASS | Input: 0xb6c ImmSrc: 0 -> ext=0xffec lui=0xb000
PASS | Input: 0xe2a ImmSrc: 0 -> ext=0xffea lui=0xa800
PASS | Input: 0x7a4 ImmSrc: 1 -> ext=0x7a4 lui=0x9000
PASS | Input: 0xb44 ImmSrc: 0 -> ext=0x4 lui=0x1000
PASS | Input: 0x7c1 ImmSrc: 1 -> ext=0x7c1 lui=0x400
PASS | Input: 0xb2c ImmSrc: 0 -> ext=0xffec lui=0xb000
PASS | Input: 0x7ea ImmSrc: 0 -> ext=0xffea lui=0xa800
PASS | Input: 0x83d ImmSrc: 1 -> ext=0xf83d lui=0xf400
PASS | Input: 0x438 ImmSrc: 0 -> ext=0xfff8 lui=0xe000
PASS | Input: 0x116 ImmSrc: 0 -> ext=0x16 lui=0x5800
PASS | Input: 0xad1 ImmSrc: 1 -> ext=0xfad1 lui=0x4400
PASS | Input: 0x19e ImmSrc: 1 -> ext=0x19e lui=0x7800
PASS | Input: 0x64a ImmSrc: 0 -> ext=0xa lui=0x2800
PASS | Input: 0x22b ImmSrc: 0 -> ext=0xffeb lui=0xac00
PASS | Input: 0x391 ImmSrc: 0 -> ext=0x11 lui=0x4400
PASS | Input: 0x20b ImmSrc: 1 -> ext=0x20b lui=0x2c00
PASS | Input: 0xa45 ImmSrc: 0 -> ext=0x5 lui=0x1400
PASS | Input: 0xfdf ImmSrc: 1 -> ext=0xffdf lui=0x7c00
PASS | Input: 0xdca ImmSrc: 1 -> ext=0xfdca lui=0x2800
PASS | Input: 0x2 ImmSrc: 1 -> ext=0x2 lui=0x800
PASS | Input: 0x2fe ImmSrc: 1 -> ext=0x2fe lui=0xf800
PASS | Input: 0x480 ImmSrc: 1 -> ext=0x480 lui=0x0
PASS | Input: 0x9dd ImmSrc: 1 -> ext=0xf9dd lui=0x7400
PASS | Input: 0x9b8 ImmSrc: 0 -> ext=0xfff8 lui=0xe000
PASS | Input: 0xde8 ImmSrc: 1 -> ext=0xfde8 lui=0xa000
PASS | Input: 0x846 ImmSrc: 0 -> ext=0x6 lui=0x1800
PASS | Input: 0x9b6 ImmSrc: 1 -> ext=0xf9b6 lui=0xd800
PASS | Input: 0xc4f ImmSrc: 1 -> ext=0xfc4f lui=0x3c00
PASS | Input: 0xb7f ImmSrc: 1 -> ext=0xfb7f lui=0xfc00
PASS | Input: 0x5b9 ImmSrc: 0 -> ext=0xfff9 lui=0xe400
PASS | Input: 0xdee ImmSrc: 0 -> ext=0xffee lui=0xb800
PASS | Input: 0xc78 ImmSrc: 0 -> ext=0xfff8 lui=0xe000
PASS | Input: 0xa26 ImmSrc: 1 -> ext=0xfa26 lui=0x9800
PASS | Input: 0xd7e ImmSrc: 1 -> ext=0xfd7e lui=0xf800
PASS | Input: 0x348 ImmSrc: 1 -> ext=0x348 lui=0x2000
PASS | Input: 0x667 ImmSrc: 1 -> ext=0x667 lui=0x9c00
PASS | Input: 0xf4f ImmSrc: 1 -> ext=0xff4f lui=0x3c00
PASS | Input: 0x181 ImmSrc: 0 -> ext=0x1 lui=0x400
PASS | Input: 0xa9d ImmSrc: 1 -> ext=0xfa9d lui=0x7400
PASS | Input: 0xb35 ImmSrc: 0 -> ext=0xfff5 lui=0xd400
PASS | Input: 0x516 ImmSrc: 0 -> ext=0x16 lui=0x5800
PASS | Input: 0xf83 ImmSrc: 1 -> ext=0xff83 lui=0xc00
PASS | Input: 0x919 ImmSrc: 1 -> ext=0xf919 lui=0x6400
PASS | Input: 0xb94 ImmSrc: 0 -> ext=0x14 lui=0x5000
PASS | Input: 0xe32 ImmSrc: 1 -> ext=0xfe32 lui=0xc800
PASS | Input: 0x901 ImmSrc: 0 -> ext=0x1 lui=0x400
PASS | Input: 0x6df ImmSrc: 0 -> ext=0x1f lui=0x7c00
PASS | Input: 0x5ef ImmSrc: 1 -> ext=0x5ef lui=0xbc00
PASS | Input: 0xa43 ImmSrc: 0 -> ext=0x3 lui=0xc00
PASS | Input: 0xc82 ImmSrc: 1 -> ext=0xfc82 lui=0x800
PASS | Input: 0x80e ImmSrc: 1 -> ext=0xf80e lui=0x3800
PASS | Input: 0xbe2 ImmSrc: 1 -> ext=0xfbe2 lui=0x8800
PASS | Input: 0xa8d ImmSrc: 1 -> ext=0xfa8d lui=0x3400
PASS | Input: 0xc41 ImmSrc: 0 -> ext=0x1 lui=0x400
PASS | Input: 0xe20 ImmSrc: 1 -> ext=0xfe20 lui=0x8000
PASS | Input: 0xd19 ImmSrc: 0 -> ext=0x19 lui=0x6400
PASS | Input: 0xd05 ImmSrc: 1 -> ext=0xfd05 lui=0x1400
PASS | Input: 0x635 ImmSrc: 1 -> ext=0x635 lui=0xd400
PASS | Input: 0x7b4 ImmSrc: 1 -> ext=0x7b4 lui=0xd000
PASS | Input: 0x987 ImmSrc: 0 -> ext=0x7 lui=0x1c00
PASS | Input: 0x3c7 ImmSrc: 0 -> ext=0x7 lui=0x1c00
PASS | Input: 0xd82 ImmSrc: 0 -> ext=0x2 lui=0x800
PASS | Input: 0xa7 ImmSrc: 1 -> ext=0xa7 lui=0x9c00
PASS | Input: 0xf00 ImmSrc: 1 -> ext=0xff00 lui=0x0
PASS | Input: 0xce8 ImmSrc: 1 -> ext=0xfce8 lui=0xa000
PASS | Input: 0xd41 ImmSrc: 1 -> ext=0xfd41 lui=0x400
PASS | Input: 0xea2 ImmSrc: 1 -> ext=0xfea2 lui=0x8800
PASS | Input: 0x3a ImmSrc: 0 -> ext=0xfffa lui=0xe800
PASS | Input: 0x6a9 ImmSrc: 0 -> ext=0xffe9 lui=0xa400
PASS | Input: 0x6a9 ImmSrc: 1 -> ext=0x6a9 lui=0xa400
PASS | Input: 0x1f4 ImmSrc: 1 -> ext=0x1f4 lui=0xd000
PASS | Input: 0xd22 ImmSrc: 1 -> ext=0xfd22 lui=0x8800
PASS | Input: 0x60a ImmSrc: 1 -> ext=0x60a lui=0x2800
PASS | Input: 0xe9b ImmSrc: 0 -> ext=0x1b lui=0x6c00
PASS | Input: 0x4d9 ImmSrc: 1 -> ext=0x4d9 lui=0x6400
PASS | Input: 0x49a ImmSrc: 1 -> ext=0x49a lui=0x6800
PASS | Input: 0x7bd ImmSrc: 0 -> ext=0xfffd lui=0xf400
PASS | Input: 0xe92 ImmSrc: 0 -> ext=0x12 lui=0x4800
PASS | Input: 0xb1f ImmSrc: 1 -> ext=0xfb1f lui=0x7c00
PASS | Input: 0x994 ImmSrc: 1 -> ext=0xf994 lui=0x5000
PASS | Input: 0xd7a ImmSrc: 1 -> ext=0xfd7a lui=0xe800
PASS | Input: 0xae5 ImmSrc: 0 -> ext=0xffe5 lui=0x9400
PASS | Input: 0x424 ImmSrc: 0 -> ext=0xffe4 lui=0x9000
PASS | Input: 0x78c ImmSrc: 1 -> ext=0x78c lui=0x3000
PASS | Input: 0x5af ImmSrc: 0 -> ext=0xffef lui=0xbc00
PASS | Input: 0x27b ImmSrc: 1 -> ext=0x27b lui=0xec00
PASS | Input: 0x33c ImmSrc: 0 -> ext=0xfffc lui=0xf000
PASS | Input: 0xe63 ImmSrc: 1 -> ext=0xfe63 lui=0x8c00
PASS | Input: 0xf97 ImmSrc: 1 -> ext=0xff97 lui=0x5c00
PASS | Input: 0x5ce ImmSrc: 0 -> ext=0xe lui=0x3800
PASS | Input: 0x275 ImmSrc: 1 -> ext=0x275 lui=0xd400
PASS | Input: 0x399 ImmSrc: 0 -> ext=0x19 lui=0x6400
PASS | Input: 0xdab ImmSrc: 1 -> ext=0xfdab lui=0xac00
PASS | Input: 0x35d ImmSrc: 1 -> ext=0x35d lui=0x7400
PASS | Input: 0x7b8 ImmSrc: 0 -> ext=0xfff8 lui=0xe000
PASS | Input: 0xed ImmSrc: 1 -> ext=0xed lui=0xb400
PASS | Input: 0xc75 ImmSrc: 1 -> ext=0xfc75 lui=0xd400
PASS | Input: 0xb73 ImmSrc: 1 -> ext=0xfb73 lui=0xcc00
PASS | Input: 0xc4b ImmSrc: 1 -> ext=0xfc4b lui=0x2c00
PASS | Input: 0xa50 ImmSrc: 1 -> ext=0xfa50 lui=0x4000
PASS | Input: 0x1c1 ImmSrc: 0 -> ext=0x1 lui=0x400
PASS | Input: 0xf51 ImmSrc: 0 -> ext=0x11 lui=0x4400
PASS | Input: 0x4b7 ImmSrc: 0 -> ext=0xfff7 lui=0xdc00
PASS | Input: 0x149 ImmSrc: 0 -> ext=0x9 lui=0x2400
PASS | Input: 0x634 ImmSrc: 1 -> ext=0x634 lui=0xd000
PASS | Input: 0xdbd ImmSrc: 0 -> ext=0xfffd lui=0xf400
PASS | Input: 0x10b ImmSrc: 0 -> ext=0xb lui=0x2c00
PASS | Input: 0x1a6 ImmSrc: 1 -> ext=0x1a6 lui=0x9800
PASS | Input: 0x13f ImmSrc: 1 -> ext=0x13f lui=0xfc00
PASS | Input: 0x6ea ImmSrc: 0 -> ext=0xffea lui=0xa800
PASS | Input: 0x17a ImmSrc: 0 -> ext=0xfffa lui=0xe800
PASS | Input: 0xba2 ImmSrc: 0 -> ext=0xffe2 lui=0x8800
PASS | Input: 0xd6c ImmSrc: 0 -> ext=0xffec lui=0xb000
PASS | Input: 0xbc5 ImmSrc: 0 -> ext=0x5 lui=0x1400
PASS | Input: 0x366 ImmSrc: 0 -> ext=0xffe6 lui=0x9800
PASS | Input: 0x155 ImmSrc: 0 -> ext=0x15 lui=0x5400
PASS | Input: 0xd18 ImmSrc: 0 -> ext=0x18 lui=0x6000
PASS | Input: 0xa9c ImmSrc: 0 -> ext=0x1c lui=0x7000
PASS | Input: 0x6ba ImmSrc: 1 -> ext=0x6ba lui=0xe800
PASS | Input: 0x198 ImmSrc: 0 -> ext=0x18 lui=0x6000
PASS | Input: 0xf81 ImmSrc: 0 -> ext=0x1 lui=0x400
PASS | Input: 0x52f ImmSrc: 0 -> ext=0xffef lui=0xbc00
PASS | Input: 0xfb5 ImmSrc: 0 -> ext=0xfff5 lui=0xd400
PASS | Input: 0xc3c ImmSrc: 0 -> ext=0xfffc lui=0xf000
PASS | Input: 0x43e ImmSrc: 0 -> ext=0xfffe lui=0xf800
PASS | Input: 0x816 ImmSrc: 1 -> ext=0xf816 lui=0x5800
PASS | Input: 0xb08 ImmSrc: 1 -> ext=0xfb08 lui=0x2000
PASS | Input: 0x5a4 ImmSrc: 1 -> ext=0x5a4 lui=0x9000
PASS | Input: 0xd0d ImmSrc: 0 -> ext=0xd lui=0x3400
PASS | Input: 0xb8f ImmSrc: 1 -> ext=0xfb8f lui=0x3c00
PASS | Input: 0x85c ImmSrc: 1 -> ext=0xf85c lui=0x7000
PASS | Input: 0x7c1 ImmSrc: 0 -> ext=0x1 lui=0x400
PASS | Input: 0x807 ImmSrc: 1 -> ext=0xf807 lui=0x1c00
PASS | Input: 0x5a7 ImmSrc: 0 -> ext=0xffe7 lui=0x9c00
PASS | Input: 0xb32 ImmSrc: 1 -> ext=0xfb32 lui=0xc800
PASS | Input: 0x26f ImmSrc: 0 -> ext=0xffef lui=0xbc00
PASS | Input: 0x637 ImmSrc: 1 -> ext=0x637 lui=0xdc00
PASS | Input: 0xbc5 ImmSrc: 0 -> ext=0x5 lui=0x1400
PASS | Input: 0xe27 ImmSrc: 0 -> ext=0xffe7 lui=0x9c00
PASS | Input: 0xb2e ImmSrc: 1 -> ext=0xfb2e lui=0xb800
PASS | Input: 0x888 ImmSrc: 1 -> ext=0xf888 lui=0x2000
PASS | Input: 0xd98 ImmSrc: 0 -> ext=0x18 lui=0x6000
PASS | Input: 0x49b ImmSrc: 1 -> ext=0x49b lui=0x6c00
PASS | Input: 0xc3c ImmSrc: 1 -> ext=0xfc3c lui=0xf000
PASS | Input: 0xf1a ImmSrc: 0 -> ext=0x1a lui=0x6800
PASS | Input: 0x95e ImmSrc: 1 -> ext=0xf95e lui=0x7800
PASS | Input: 0xead ImmSrc: 1 -> ext=0xfead lui=0xb400
PASS | Input: 0xb13 ImmSrc: 0 -> ext=0x13 lui=0x4c00
PASS | Input: 0x4f8 ImmSrc: 0 -> ext=0xfff8 lui=0xe000
PASS | Input: 0x192 ImmSrc: 1 -> ext=0x192 lui=0x4800
PASS | Input: 0xda3 ImmSrc: 1 -> ext=0xfda3 lui=0x8c00
PASS | Input: 0x441 ImmSrc: 0 -> ext=0x1 lui=0x400
PASS | Input: 0x24 ImmSrc: 1 -> ext=0x24 lui=0x9000
PASS | Input: 0x3f6 ImmSrc: 1 -> ext=0x3f6 lui=0xd800
PASS | Input: 0xcac ImmSrc: 0 -> ext=0xffec lui=0xb000
PASS | Input: 0x8a5 ImmSrc: 0 -> ext=0xffe5 lui=0x9400
PASS | Input: 0xc11 ImmSrc: 1 -> ext=0xfc11 lui=0x4400
PASS | Input: 0x1fc ImmSrc: 0 -> ext=0xfffc lui=0xf000
PASS | Input: 0xe03 ImmSrc: 0 -> ext=0x3 lui=0xc00
PASS | Input: 0x60a ImmSrc: 1 -> ext=0x60a lui=0x2800
PASS | Input: 0xe72 ImmSrc: 1 -> ext=0xfe72 lui=0xc800
PASS | Input: 0x895 ImmSrc: 1 -> ext=0xf895 lui=0x5400
PASS | Input: 0x46f ImmSrc: 1 -> ext=0x46f lui=0xbc00
PASS | Input: 0x121 ImmSrc: 1 -> ext=0x121 lui=0x8400
PASS | Input: 0x26d ImmSrc: 1 -> ext=0x26d lui=0xb400
PASS | Input: 0xd58 ImmSrc: 0 -> ext=0x18 lui=0x6000
PASS | Input: 0xf2c ImmSrc: 0 -> ext=0xffec lui=0xb000
PASS | Input: 0x4da ImmSrc: 1 -> ext=0x4da lui=0x6800
PASS | Input: 0x832 ImmSrc: 0 -> ext=0xfff2 lui=0xc800
PASS | Input: 0xb11 ImmSrc: 1 -> ext=0xfb11 lui=0x4400
PASS | Input: 0xa28 ImmSrc: 0 -> ext=0xffe8 lui=0xa000
PASS | Input: 0x526 ImmSrc: 1 -> ext=0x526 lui=0x9800
PASS | Input: 0x2e9 ImmSrc: 0 -> ext=0xffe9 lui=0xa400
PASS | Input: 0x3a8 ImmSrc: 1 -> ext=0x3a8 lui=0xa000
PASS | Input: 0xaaa ImmSrc: 0 -> ext=0xffea lui=0xa800
PASS | Input: 0x108 ImmSrc: 0 -> ext=0x8 lui=0x2000
PASS | Input: 0xf07 ImmSrc: 0 -> ext=0x7 lui=0x1c00
PASS | Input: 0x96f ImmSrc: 1 -> ext=0xf96f lui=0xbc00
PASS | Input: 0xc52 ImmSrc: 1 -> ext=0xfc52 lui=0x4800
PASS | Input: 0x61a ImmSrc: 0 -> ext=0x1a lui=0x6800
PASS | Input: 0xf01 ImmSrc: 1 -> ext=0xff01 lui=0x400
PASS | Input: 0x7cb ImmSrc: 0 -> ext=0xb lui=0x2c00
PASS | Input: 0x81 ImmSrc: 1 -> ext=0x81 lui=0x400
PASS | Input: 0x761 ImmSrc: 0 -> ext=0xffe1 lui=0x8400
PASS | Input: 0x61 ImmSrc: 1 -> ext=0x61 lui=0x8400
PASS | Input: 0x13f ImmSrc: 1 -> ext=0x13f lui=0xfc00
PASS | Input: 0x815 ImmSrc: 0 -> ext=0x15 lui=0x5400
PASS | Input: 0x38a ImmSrc: 1 -> ext=0x38a lui=0x2800
PASS | Input: 0x735 ImmSrc: 1 -> ext=0x735 lui=0xd400
PASS | Input: 0x6db ImmSrc: 0 -> ext=0x1b lui=0x6c00
PASS | Input: 0x590 ImmSrc: 1 -> ext=0x590 lui=0x4000
PASS | Input: 0x886 ImmSrc: 1 -> ext=0xf886 lui=0x1800
PASS | Input: 0xfe5 ImmSrc: 0 -> ext=0xffe5 lui=0x9400
PASS | Input: 0x701 ImmSrc: 1 -> ext=0x701 lui=0x400
PASS | Input: 0x39e ImmSrc: 1 -> ext=0x39e lui=0x7800
PASS | Input: 0xa86 ImmSrc: 0 -> ext=0x6 lui=0x1800
PASS | Input: 0xb65 ImmSrc: 1 -> ext=0xfb65 lui=0x9400
PASS | Input: 0x393 ImmSrc: 1 -> ext=0x393 lui=0x4c00
PASS | Input: 0x3f0 ImmSrc: 1 -> ext=0x3f0 lui=0xc000
PASS | Input: 0x851 ImmSrc: 1 -> ext=0xf851 lui=0x4400
PASS | Input: 0x9c9 ImmSrc: 0 -> ext=0x9 lui=0x2400
PASS | Input: 0x97f ImmSrc: 0 -> ext=0xffff lui=0xfc00
PASS | Input: 0x686 ImmSrc: 0 -> ext=0x6 lui=0x1800
PASS | Input: 0x104 ImmSrc: 0 -> ext=0x4 lui=0x1000
PASS | Input: 0xb34 ImmSrc: 1 -> ext=0xfb34 lui=0xd000
PASS | Input: 0xba9 ImmSrc: 0 -> ext=0xffe9 lui=0xa400
PASS | Input: 0xf50 ImmSrc: 1 -> ext=0xff50 lui=0x4000
PASS | Input: 0x32d ImmSrc: 0 -> ext=0xffed lui=0xb400
PASS | Input: 0xf32 ImmSrc: 1 -> ext=0xff32 lui=0xc800
PASS | Input: 0x735 ImmSrc: 0 -> ext=0xfff5 lui=0xd400
PASS | Input: 0x830 ImmSrc: 1 -> ext=0xf830 lui=0xc000
PASS | Input: 0x142 ImmSrc: 1 -> ext=0x142 lui=0x800
PASS | Input: 0x665 ImmSrc: 0 -> ext=0xffe5 lui=0x9400
PASS | Input: 0xf33 ImmSrc: 1 -> ext=0xff33 lui=0xcc00
PASS | Input: 0x75d ImmSrc: 1 -> ext=0x75d lui=0x7400
PASS | Input: 0xb7e ImmSrc: 0 -> ext=0xfffe lui=0xf800
PASS | Input: 0x9a ImmSrc: 1 -> ext=0x9a lui=0x6800
PASS | Input: 0x1a9 ImmSrc: 0 -> ext=0xffe9 lui=0xa400
PASS | Input: 0x628 ImmSrc: 1 -> ext=0x628 lui=0xa000
PASS | Input: 0xd1f ImmSrc: 0 -> ext=0x1f lui=0x7c00
PASS | Input: 0xf3c ImmSrc: 0 -> ext=0xfffc lui=0xf000
PASS | Input: 0xc01 ImmSrc: 0 -> ext=0x1 lui=0x400
PASS | Input: 0x81b ImmSrc: 1 -> ext=0xf81b lui=0x6c00
PASS | Input: 0xcfd ImmSrc: 1 -> ext=0xfcfd lui=0xf400
PASS | Input: 0xe29 ImmSrc: 1 -> ext=0xfe29 lui=0xa400
PASS | Input: 0x6d0 ImmSrc: 0 -> ext=0x10 lui=0x4000
PASS | Input: 0xe81 ImmSrc: 1 -> ext=0xfe81 lui=0x400
PASS | Input: 0x785 ImmSrc: 1 -> ext=0x785 lui=0x1400
PASS | Input: 0x2e1 ImmSrc: 0 -> ext=0xffe1 lui=0x8400
PASS | Input: 0x904 ImmSrc: 1 -> ext=0xf904 lui=0x1000
PASS | Input: 0x847 ImmSrc: 1 -> ext=0xf847 lui=0x1c00
PASS | Input: 0xa17 ImmSrc: 0 -> ext=0x17 lui=0x5c00
PASS | Input: 0xa1c ImmSrc: 0 -> ext=0x1c lui=0x7000
PASS | Input: 0x66d ImmSrc: 1 -> ext=0x66d lui=0xb400
PASS | Input: 0x43c ImmSrc: 0 -> ext=0xfffc lui=0xf000
PASS | Input: 0xbbe ImmSrc: 1 -> ext=0xfbbe lui=0xf800
PASS | Input: 0x3bb ImmSrc: 0 -> ext=0xfffb lui=0xec00
PASS | Input: 0x1a8 ImmSrc: 0 -> ext=0xffe8 lui=0xa000
PASS | Input: 0x3b9 ImmSrc: 1 -> ext=0x3b9 lui=0xe400
PASS | Input: 0x74f ImmSrc: 0 -> ext=0xf lui=0x3c00
PASS | Input: 0x11e ImmSrc: 0 -> ext=0x1e lui=0x7800
PASS | Input: 0x56e ImmSrc: 1 -> ext=0x56e lui=0xb800
PASS | Input: 0x5a0 ImmSrc: 0 -> ext=0xffe0 lui=0x8000
PASS | Input: 0xade ImmSrc: 0 -> ext=0x1e lui=0x7800
PASS | Input: 0xfd4 ImmSrc: 0 -> ext=0x14 lui=0x5000
PASS | Input: 0x538 ImmSrc: 0 -> ext=0xfff8 lui=0xe000
PASS | Input: 0xbc1 ImmSrc: 1 -> ext=0xfbc1 lui=0x400
PASS | Input: 0xc9f ImmSrc: 0 -> ext=0x1f lui=0x7c00
PASS | Input: 0x2af ImmSrc: 0 -> ext=0xffef lui=0xbc00
PASS | Input: 0xf51 ImmSrc: 0 -> ext=0x11 lui=0x4400
PASS | Input: 0x29e ImmSrc: 0 -> ext=0x1e lui=0x7800
PASS | Input: 0x91c ImmSrc: 0 -> ext=0x1c lui=0x7000
PASS | Input: 0x937 ImmSrc: 0 -> ext=0xfff7 lui=0xdc00
PASS | Input: 0x43c ImmSrc: 1 -> ext=0x43c lui=0xf000
PASS | Input: 0xd8b ImmSrc: 1 -> ext=0xfd8b lui=0x2c00
PASS | Input: 0xed4 ImmSrc: 1 -> ext=0xfed4 lui=0x5000
PASS | Input: 0x17e ImmSrc: 1 -> ext=0x17e lui=0xf800
PASS | Input: 0x581 ImmSrc: 0 -> ext=0x1 lui=0x400
PASS | Input: 0xd33 ImmSrc: 0 -> ext=0xfff3 lui=0xcc00
PASS | Input: 0x134 ImmSrc: 1 -> ext=0x134 lui=0xd000
PASS | Input: 0xc51 ImmSrc: 1 -> ext=0xfc51 lui=0x4400
PASS | Input: 0x1d9 ImmSrc: 1 -> ext=0x1d9 lui=0x6400
PASS | Input: 0xc7a ImmSrc: 1 -> ext=0xfc7a lui=0xe800
PASS | Input: 0xef2 ImmSrc: 0 -> ext=0xfff2 lui=0xc800
PASS | Input: 0xbcd ImmSrc: 0 -> ext=0xd lui=0x3400
PASS | Input: 0x6b6 ImmSrc: 0 -> ext=0xfff6 lui=0xd800
PASS | Input: 0x1c2 ImmSrc: 0 -> ext=0x2 lui=0x800
PASS | Input: 0x7ca ImmSrc: 1 -> ext=0x7ca lui=0x2800
PASS | Input: 0xc4f ImmSrc: 1 -> ext=0xfc4f lui=0x3c00
PASS | Input: 0x932 ImmSrc: 1 -> ext=0xf932 lui=0xc800
PASS | Input: 0x88c ImmSrc: 1 -> ext=0xf88c lui=0x3000
PASS | Input: 0x994 ImmSrc: 1 -> ext=0xf994 lui=0x5000
PASS | Input: 0x1cd ImmSrc: 0 -> ext=0xd lui=0x3400
PASS | Input: 0x456 ImmSrc: 1 -> ext=0x456 lui=0x5800
PASS | Input: 0x37a ImmSrc: 0 -> ext=0xfffa lui=0xe800
PASS | Input: 0x6c5 ImmSrc: 0 -> ext=0x5 lui=0x1400
PASS | Input: 0x981 ImmSrc: 0 -> ext=0x1 lui=0x400
PASS | Input: 0xac8 ImmSrc: 0 -> ext=0x8 lui=0x2000
PASS | Input: 0xeb7 ImmSrc: 0 -> ext=0xfff7 lui=0xdc00
PASS | Input: 0xe47 ImmSrc: 1 -> ext=0xfe47 lui=0x1c00
PASS | Input: 0x204 ImmSrc: 1 -> ext=0x204 lui=0x1000
PASS | Input: 0xfd4 ImmSrc: 0 -> ext=0x14 lui=0x5000
PASS | Input: 0xeb3 ImmSrc: 1 -> ext=0xfeb3 lui=0xcc00
PASS | Input: 0x2b4 ImmSrc: 1 -> ext=0x2b4 lui=0xd000
PASS | Input: 0x1b9 ImmSrc: 0 -> ext=0xfff9 lui=0xe400
PASS | Input: 0xbd9 ImmSrc: 0 -> ext=0x19 lui=0x6400
PASS | Input: 0x34c ImmSrc: 0 -> ext=0xc lui=0x3000
PASS | Input: 0x2f0 ImmSrc: 0 -> ext=0xfff0 lui=0xc000
PASS | Input: 0x1a7 ImmSrc: 0 -> ext=0xffe7 lui=0x9c00
PASS | Input: 0x211 ImmSrc: 1 -> ext=0x211 lui=0x4400
PASS | Input: 0x94d ImmSrc: 0 -> ext=0xd lui=0x3400
PASS | Input: 0xc29 ImmSrc: 0 -> ext=0xffe9 lui=0xa400
PASS | Input: 0x4a8 ImmSrc: 0 -> ext=0xffe8 lui=0xa000
PASS | Input: 0x7c0 ImmSrc: 1 -> ext=0x7c0 lui=0x0
PASS | Input: 0x54 ImmSrc: 1 -> ext=0x54 lui=0x5000
PASS | Input: 0x129 ImmSrc: 1 -> ext=0x129 lui=0xa400
PASS | Input: 0xafd ImmSrc: 0 -> ext=0xfffd lui=0xf400
PASS | Input: 0x4ba ImmSrc: 1 -> ext=0x4ba lui=0xe800
PASS | Input: 0xf13 ImmSrc: 1 -> ext=0xff13 lui=0x4c00
PASS | Input: 0x11c ImmSrc: 1 -> ext=0x11c lui=0x7000
PASS | Input: 0x442 ImmSrc: 0 -> ext=0x2 lui=0x800
PASS | Input: 0xf55 ImmSrc: 0 -> ext=0x15 lui=0x5400
PASS | Input: 0xdf4 ImmSrc: 0 -> ext=0xfff4 lui=0xd000
PASS | Input: 0xba1 ImmSrc: 1 -> ext=0xfba1 lui=0x8400
PASS | Input: 0x1bf ImmSrc: 0 -> ext=0xffff lui=0xfc00
PASS | Input: 0x3ad ImmSrc: 0 -> ext=0xffed lui=0xb400
PASS | Input: 0xe1a ImmSrc: 0 -> ext=0x1a lui=0x6800
PASS | Input: 0x4d ImmSrc: 1 -> ext=0x4d lui=0x3400
PASS | Input: 0x11e ImmSrc: 1 -> ext=0x11e lui=0x7800
PASS | Input: 0x251 ImmSrc: 0 -> ext=0x11 lui=0x4400
PASS | Input: 0x4c7 ImmSrc: 1 -> ext=0x4c7 lui=0x1c00
PASS | Input: 0x37e ImmSrc: 0 -> ext=0xfffe lui=0xf800
PASS | Input: 0x378 ImmSrc: 0 -> ext=0xfff8 lui=0xe000
PASS | Input: 0xc51 ImmSrc: 1 -> ext=0xfc51 lui=0x4400
PASS | Input: 0xd1e ImmSrc: 0 -> ext=0x1e lui=0x7800
PASS | Input: 0xe9d ImmSrc: 1 -> ext=0xfe9d lui=0x7400
PASS | Input: 0x8d1 ImmSrc: 0 -> ext=0x11 lui=0x4400
PASS | Input: 0x2a5 ImmSrc: 1 -> ext=0x2a5 lui=0x9400
PASS | Input: 0x645 ImmSrc: 1 -> ext=0x645 lui=0x1400
PASS | Input: 0x5b8 ImmSrc: 0 -> ext=0xfff8 lui=0xe000
PASS | Input: 0x3e4 ImmSrc: 0 -> ext=0xffe4 lui=0x9000
PASS | Input: 0x2fd ImmSrc: 0 -> ext=0xfffd lui=0xf400
PASS | Input: 0x5e8 ImmSrc: 0 -> ext=0xffe8 lui=0xa000
PASS | Input: 0x678 ImmSrc: 0 -> ext=0xfff8 lui=0xe000
PASS | Input: 0xc56 ImmSrc: 1 -> ext=0xfc56 lui=0x5800
PASS | Input: 0xde5 ImmSrc: 0 -> ext=0xffe5 lui=0x9400
PASS | Input: 0x71d ImmSrc: 0 -> ext=0x1d lui=0x7400
PASS | Input: 0x281 ImmSrc: 1 -> ext=0x281 lui=0x400
PASS | Input: 0xd4e ImmSrc: 0 -> ext=0xe lui=0x3800
PASS | Input: 0x456 ImmSrc: 1 -> ext=0x456 lui=0x5800
PASS | Input: 0xba8 ImmSrc: 0 -> ext=0xffe8 lui=0xa000
PASS | Input: 0xb2b ImmSrc: 1 -> ext=0xfb2b lui=0xac00
PASS | Input: 0xc65 ImmSrc: 0 -> ext=0xffe5 lui=0x9400
PASS | Input: 0x49f ImmSrc: 1 -> ext=0x49f lui=0x7c00
PASS | Input: 0x199 ImmSrc: 1 -> ext=0x199 lui=0x6400
PASS | Input: 0xe9d ImmSrc: 0 -> ext=0x1d lui=0x7400
PASS | Input: 0x2f7 ImmSrc: 0 -> ext=0xfff7 lui=0xdc00
PASS | Input: 0xae ImmSrc: 1 -> ext=0xae lui=0xb800
PASS | Input: 0xb57 ImmSrc: 0 -> ext=0x17 lui=0x5c00
PASS | Input: 0xc49 ImmSrc: 1 -> ext=0xfc49 lui=0x2400
PASS | Input: 0xbda ImmSrc: 0 -> ext=0x1a lui=0x6800
PASS | Input: 0x9bf ImmSrc: 1 -> ext=0xf9bf lui=0xfc00
PASS | Input: 0x9fc ImmSrc: 0 -> ext=0xfffc lui=0xf000
PASS | Input: 0x4c7 ImmSrc: 1 -> ext=0x4c7 lui=0x1c00
PASS | Input: 0x56f ImmSrc: 1 -> ext=0x56f lui=0xbc00
PASS | Input: 0xb63 ImmSrc: 0 -> ext=0xffe3 lui=0x8c00
PASS | Input: 0x81a ImmSrc: 1 -> ext=0xf81a lui=0x6800
PASS | Input: 0x90e ImmSrc: 0 -> ext=0xe lui=0x3800
PASS | Input: 0x213 ImmSrc: 0 -> ext=0x13 lui=0x4c00
PASS | Input: 0x9ef ImmSrc: 1 -> ext=0xf9ef lui=0xbc00
PASS | Input: 0xce1 ImmSrc: 1 -> ext=0xfce1 lui=0x8400
PASS | Input: 0x711 ImmSrc: 0 -> ext=0x11 lui=0x4400
PASS | Input: 0x2f7 ImmSrc: 0 -> ext=0xfff7 lui=0xdc00
PASS | Input: 0x43 ImmSrc: 0 -> ext=0x3 lui=0xc00
PASS | Input: 0x39e ImmSrc: 0 -> ext=0x1e lui=0x7800
PASS | Input: 0x1b8 ImmSrc: 0 -> ext=0xfff8 lui=0xe000
PASS | Input: 0x74d ImmSrc: 1 -> ext=0x74d lui=0x3400
PASS | Input: 0x4f7 ImmSrc: 1 -> ext=0x4f7 lui=0xdc00
PASS | Input: 0xba0 ImmSrc: 0 -> ext=0xffe0 lui=0x8000
PASS | Input: 0x63e ImmSrc: 0 -> ext=0xfffe lui=0xf800
PASS | Input: 0xde2 ImmSrc: 1 -> ext=0xfde2 lui=0x8800
PASS | Input: 0x2e7 ImmSrc: 1 -> ext=0x2e7 lui=0x9c00
PASS | Input: 0x67a ImmSrc: 0 -> ext=0xfffa lui=0xe800
PASS | Input: 0x6eb ImmSrc: 0 -> ext=0xffeb lui=0xac00
PASS | Input: 0x70a ImmSrc: 1 -> ext=0x70a lui=0x2800
PASS | Input: 0xd1c ImmSrc: 0 -> ext=0x1c lui=0x7000
PASS | Input: 0x6a7 ImmSrc: 0 -> ext=0xffe7 lui=0x9c00
PASS | Input: 0x12c ImmSrc: 0 -> ext=0xffec lui=0xb000
PASS | Input: 0x2f6 ImmSrc: 1 -> ext=0x2f6 lui=0xd800
PASS | Input: 0x18 ImmSrc: 0 -> ext=0x18 lui=0x6000
PASS | Input: 0x88c ImmSrc: 1 -> ext=0xf88c lui=0x3000
PASS | Input: 0x712 ImmSrc: 1 -> ext=0x712 lui=0x4800
PASS | Input: 0x269 ImmSrc: 1 -> ext=0x269 lui=0xa400
PASS | Input: 0x80 ImmSrc: 0 -> ext=0x0 lui=0x0
PASS | Input: 0xdde ImmSrc: 1 -> ext=0xfdde lui=0x7800
PASS | Input: 0x62a ImmSrc: 0 -> ext=0xffea lui=0xa800
PASS | Input: 0x5c8 ImmSrc: 1 -> ext=0x5c8 lui=0x2000
PASS | Input: 0xb2a ImmSrc: 0 -> ext=0xffea lui=0xa800
PASS | Input: 0x560 ImmSrc: 1 -> ext=0x560 lui=0x8000
PASS | Input: 0x3bb ImmSrc: 1 -> ext=0x3bb lui=0xec00
PASS | Input: 0xa8f ImmSrc: 0 -> ext=0xf lui=0x3c00
PASS | Input: 0xe83 ImmSrc: 0 -> ext=0x3 lui=0xc00
PASS | Input: 0x10a ImmSrc: 0 -> ext=0xa lui=0x2800
PASS | Input: 0xa5f ImmSrc: 1 -> ext=0xfa5f lui=0x7c00
PASS | Input: 0x321 ImmSrc: 1 -> ext=0x321 lui=0x8400
PASS | Input: 0x160 ImmSrc: 1 -> ext=0x160 lui=0x8000
PASS | Input: 0xe89 ImmSrc: 0 -> ext=0x9 lui=0x2400
PASS | Input: 0xcfe ImmSrc: 1 -> ext=0xfcfe lui=0xf800
PASS | Input: 0xf00 ImmSrc: 1 -> ext=0xff00 lui=0x0
PASS | Input: 0xb23 ImmSrc: 1 -> ext=0xfb23 lui=0x8c00
PASS | Input: 0x25 ImmSrc: 1 -> ext=0x25 lui=0x9400
PASS | Input: 0x927 ImmSrc: 1 -> ext=0xf927 lui=0x9c00
PASS | Input: 0xd5a ImmSrc: 0 -> ext=0x1a lui=0x6800
PASS | Input: 0x14b ImmSrc: 0 -> ext=0xb lui=0x2c00
PASS | Input: 0x402 ImmSrc: 0 -> ext=0x2 lui=0x800
PASS | Input: 0xd2 ImmSrc: 0 -> ext=0x12 lui=0x4800
PASS | Input: 0xe01 ImmSrc: 0 -> ext=0x1 lui=0x400
PASS | Input: 0x25b ImmSrc: 1 -> ext=0x25b lui=0x6c00
PASS | Input: 0xbc5 ImmSrc: 0 -> ext=0x5 lui=0x1400
PASS | Input: 0x374 ImmSrc: 0 -> ext=0xfff4 lui=0xd000
PASS | Input: 0x4bd ImmSrc: 1 -> ext=0x4bd lui=0xf400
PASS | Input: 0xe27 ImmSrc: 1 -> ext=0xfe27 lui=0x9c00
PASS | Input: 0x493 ImmSrc: 1 -> ext=0x493 lui=0x4c00
PASS | Input: 0x7a ImmSrc: 0 -> ext=0xfffa lui=0xe800
PASS | Input: 0xafb ImmSrc: 1 -> ext=0xfafb lui=0xec00
PASS | Input: 0x782 ImmSrc: 0 -> ext=0x2 lui=0x800
PASS | Input: 0x378 ImmSrc: 0 -> ext=0xfff8 lui=0xe000
PASS | Input: 0xb2b ImmSrc: 1 -> ext=0xfb2b lui=0xac00
PASS | Input: 0x7e6 ImmSrc: 1 -> ext=0x7e6 lui=0x9800
PASS | Input: 0x942 ImmSrc: 0 -> ext=0x2 lui=0x800
PASS | Input: 0x22a ImmSrc: 1 -> ext=0x22a lui=0xa800
PASS | Input: 0xfdb ImmSrc: 1 -> ext=0xffdb lui=0x6c00
PASS | Input: 0x2d7 ImmSrc: 0 -> ext=0x17 lui=0x5c00
PASS | Input: 0x6b0 ImmSrc: 0 -> ext=0xfff0 lui=0xc000
PASS | Input: 0x428 ImmSrc: 0 -> ext=0xffe8 lui=0xa000
PASS | Input: 0xc8a ImmSrc: 0 -> ext=0xa lui=0x2800
PASS | Input: 0x425 ImmSrc: 1 -> ext=0x425 lui=0x9400
PASS | Input: 0xf52 ImmSrc: 0 -> ext=0x12 lui=0x4800
PASS | Input: 0xa41 ImmSrc: 1 -> ext=0xfa41 lui=0x400
PASS | Input: 0x6df ImmSrc: 1 -> ext=0x6df lui=0x7c00
PASS | Input: 0x85e ImmSrc: 1 -> ext=0xf85e lui=0x7800
PASS | Input: 0x217 ImmSrc: 1 -> ext=0x217 lui=0x5c00
PASS | Input: 0x476 ImmSrc: 0 -> ext=0xfff6 lui=0xd800
PASS | Input: 0xb82 ImmSrc: 0 -> ext=0x2 lui=0x800
PASS | Input: 0xfd7 ImmSrc: 0 -> ext=0x17 lui=0x5c00
PASS | Input: 0x1de ImmSrc: 0 -> ext=0x1e lui=0x7800
PASS | Input: 0x3b ImmSrc: 1 -> ext=0x3b lui=0xec00
PASS | Input: 0xad7 ImmSrc: 1 -> ext=0xfad7 lui=0x5c00
PASS | Input: 0x89d ImmSrc: 1 -> ext=0xf89d lui=0x7400
PASS | Input: 0x968 ImmSrc: 1 -> ext=0xf968 lui=0xa000
PASS | Input: 0x11d ImmSrc: 1 -> ext=0x11d lui=0x7400
PASS | Input: 0x71a ImmSrc: 0 -> ext=0x1a lui=0x6800
PASS | Input: 0x4cd ImmSrc: 1 -> ext=0x4cd lui=0x3400
PASS | Input: 0xe9b ImmSrc: 1 -> ext=0xfe9b lui=0x6c00
PASS | Input: 0x3c4 ImmSrc: 0 -> ext=0x4 lui=0x1000
PASS | Input: 0xdd9 ImmSrc: 0 -> ext=0x19 lui=0x6400
PASS | Input: 0x542 ImmSrc: 0 -> ext=0x2 lui=0x800
PASS | Input: 0xd32 ImmSrc: 1 -> ext=0xfd32 lui=0xc800
PASS | Input: 0x753 ImmSrc: 1 -> ext=0x753 lui=0x4c00
PASS | Input: 0xcd0 ImmSrc: 0 -> ext=0x10 lui=0x4000
PASS | Input: 0x6ab ImmSrc: 0 -> ext=0xffeb lui=0xac00
PASS | Input: 0x6c9 ImmSrc: 1 -> ext=0x6c9 lui=0x2400
PASS | Input: 0xf31 ImmSrc: 0 -> ext=0xfff1 lui=0xc400
PASS | Input: 0x821 ImmSrc: 1 -> ext=0xf821 lui=0x8400
PASS | Input: 0xcfc ImmSrc: 0 -> ext=0xfffc lui=0xf000
PASS | Input: 0xc42 ImmSrc: 1 -> ext=0xfc42 lui=0x800
PASS | Input: 0xb26 ImmSrc: 0 -> ext=0xffe6 lui=0x9800
PASS | Input: 0xff5 ImmSrc: 0 -> ext=0xfff5 lui=0xd400
PASS | Input: 0x543 ImmSrc: 0 -> ext=0x3 lui=0xc00
PASS | Input: 0xc96 ImmSrc: 0 -> ext=0x16 lui=0x5800
PASS | Input: 0x9e1 ImmSrc: 0 -> ext=0xffe1 lui=0x8400
PASS | Input: 0x171 ImmSrc: 0 -> ext=0xfff1 lui=0xc400
PASS | Input: 0x1da ImmSrc: 0 -> ext=0x1a lui=0x6800
PASS | Input: 0x8ff ImmSrc: 0 -> ext=0xffff lui=0xfc00
PASS | Input: 0x9dd ImmSrc: 0 -> ext=0x1d lui=0x7400
PASS | Input: 0xf12 ImmSrc: 0 -> ext=0x12 lui=0x4800
PASS | Input: 0xefb ImmSrc: 1 -> ext=0xfefb lui=0xec00
PASS | Input: 0xe80 ImmSrc: 1 -> ext=0xfe80 lui=0x0
PASS | Input: 0xc9e ImmSrc: 1 -> ext=0xfc9e lui=0x7800
PASS | Input: 0x66d ImmSrc: 1 -> ext=0x66d lui=0xb400
PASS | Input: 0x1b0 ImmSrc: 1 -> ext=0x1b0 lui=0xc000
PASS | Input: 0xd2 ImmSrc: 1 -> ext=0xd2 lui=0x4800
PASS | Input: 0x45a ImmSrc: 0 -> ext=0x1a lui=0x6800
PASS | Input: 0x944 ImmSrc: 0 -> ext=0x4 lui=0x1000
PASS | Input: 0x52a ImmSrc: 1 -> ext=0x52a lui=0xa800
PASS | Input: 0xcaf ImmSrc: 1 -> ext=0xfcaf lui=0xbc00
PASS | Input: 0xff9 ImmSrc: 1 -> ext=0xfff9 lui=0xe400
PASS | Input: 0x604 ImmSrc: 1 -> ext=0x604 lui=0x1000
PASS | Input: 0xc70 ImmSrc: 1 -> ext=0xfc70 lui=0xc000
PASS | Input: 0x57e ImmSrc: 0 -> ext=0xfffe lui=0xf800
PASS | Input: 0xd78 ImmSrc: 1 -> ext=0xfd78 lui=0xe000
PASS | Input: 0x19e ImmSrc: 0 -> ext=0x1e lui=0x7800
PASS | Input: 0x677 ImmSrc: 0 -> ext=0xfff7 lui=0xdc00
PASS | Input: 0x65c ImmSrc: 0 -> ext=0x1c lui=0x7000
PASS | Input: 0xcae ImmSrc: 0 -> ext=0xffee lui=0xb800
PASS | Input: 0x2c5 ImmSrc: 1 -> ext=0x2c5 lui=0x1400
PASS | Input: 0x490 ImmSrc: 1 -> ext=0x490 lui=0x4000
PASS | Input: 0x287 ImmSrc: 0 -> ext=0x7 lui=0x1c00
PASS | Input: 0xe6c ImmSrc: 1 -> ext=0xfe6c lui=0xb000
PASS | Input: 0x288 ImmSrc: 1 -> ext=0x288 lui=0x2000
PASS | Input: 0x53d ImmSrc: 1 -> ext=0x53d lui=0xf400
PASS | Input: 0xd2a ImmSrc: 0 -> ext=0xffea lui=0xa800
PASS | Input: 0x402 ImmSrc: 1 -> ext=0x402 lui=0x800
PASS | Input: 0xc49 ImmSrc: 1 -> ext=0xfc49 lui=0x2400
PASS | Input: 0x966 ImmSrc: 1 -> ext=0xf966 lui=0x9800
PASS | Input: 0xe8a ImmSrc: 0 -> ext=0xa lui=0x2800
PASS | Input: 0xf23 ImmSrc: 1 -> ext=0xff23 lui=0x8c00
PASS | Input: 0x11f ImmSrc: 1 -> ext=0x11f lui=0x7c00
PASS | Input: 0x1e7 ImmSrc: 1 -> ext=0x1e7 lui=0x9c00
PASS | Input: 0xc8c ImmSrc: 1 -> ext=0xfc8c lui=0x3000
PASS | Input: 0xa24 ImmSrc: 1 -> ext=0xfa24 lui=0x9000
PASS | Input: 0x8c ImmSrc: 0 -> ext=0xc lui=0x3000
PASS | Input: 0x98a ImmSrc: 1 -> ext=0xf98a lui=0x2800
PASS | Input: 0x6a6 ImmSrc: 0 -> ext=0xffe6 lui=0x9800
PASS | Input: 0x8a4 ImmSrc: 1 -> ext=0xf8a4 lui=0x9000
PASS | Input: 0xc98 ImmSrc: 1 -> ext=0xfc98 lui=0x6000
PASS | Input: 0x752 ImmSrc: 0 -> ext=0x12 lui=0x4800
PASS | Input: 0xb22 ImmSrc: 0 -> ext=0xffe2 lui=0x8800
PASS | Input: 0xa8c ImmSrc: 1 -> ext=0xfa8c lui=0x3000
PASS | Input: 0x14f ImmSrc: 1 -> ext=0x14f lui=0x3c00
PASS | Input: 0x536 ImmSrc: 0 -> ext=0xfff6 lui=0xd800
PASS | Input: 0xbd4 ImmSrc: 0 -> ext=0x14 lui=0x5000
PASS | Input: 0x171 ImmSrc: 0 -> ext=0xfff1 lui=0xc400
PASS | Input: 0x39b ImmSrc: 0 -> ext=0x1b lui=0x6c00
PASS | Input: 0x92c ImmSrc: 0 -> ext=0xffec lui=0xb000
PASS | Input: 0x419 ImmSrc: 1 -> ext=0x419 lui=0x6400
PASS | Input: 0x85b ImmSrc: 0 -> ext=0x1b lui=0x6c00
PASS | Input: 0xf7c ImmSrc: 1 -> ext=0xff7c lui=0xf000
PASS | Input: 0xea4 ImmSrc: 0 -> ext=0xffe4 lui=0x9000
PASS | Input: 0xa4c ImmSrc: 0 -> ext=0xc lui=0x3000
PASS | Input: 0x3e4 ImmSrc: 1 -> ext=0x3e4 lui=0x9000
PASS | Input: 0x5a6 ImmSrc: 0 -> ext=0xffe6 lui=0x9800
PASS | Input: 0x655 ImmSrc: 1 -> ext=0x655 lui=0x5400
PASS | Input: 0xa8c ImmSrc: 0 -> ext=0xc lui=0x3000
PASS | Input: 0x2bd ImmSrc: 0 -> ext=0xfffd lui=0xf400
PASS | Input: 0x67d ImmSrc: 1 -> ext=0x67d lui=0xf400
PASS | Input: 0x272 ImmSrc: 0 -> ext=0xfff2 lui=0xc800
PASS | Input: 0x6e5 ImmSrc: 0 -> ext=0xffe5 lui=0x9400
PASS | Input: 0x291 ImmSrc: 0 -> ext=0x11 lui=0x4400
PASS | Input: 0x46e ImmSrc: 0 -> ext=0xffee lui=0xb800
PASS | Input: 0x13e ImmSrc: 0 -> ext=0xfffe lui=0xf800
PASS | Input: 0xce2 ImmSrc: 0 -> ext=0xffe2 lui=0x8800
PASS | Input: 0x747 ImmSrc: 0 -> ext=0x7 lui=0x1c00
PASS | Input: 0xda7 ImmSrc: 1 -> ext=0xfda7 lui=0x9c00
PASS | Input: 0x3fd ImmSrc: 0 -> ext=0xfffd lui=0xf400
PASS | Input: 0xe71 ImmSrc: 0 -> ext=0xfff1 lui=0xc400
PASS | Input: 0xea5 ImmSrc: 1 -> ext=0xfea5 lui=0x9400
PASS | Input: 0xf3b ImmSrc: 1 -> ext=0xff3b lui=0xec00
PASS | Input: 0x64a ImmSrc: 0 -> ext=0xa lui=0x2800
PASS | Input: 0xa31 ImmSrc: 1 -> ext=0xfa31 lui=0xc400
PASS | Input: 0x856 ImmSrc: 1 -> ext=0xf856 lui=0x5800
PASS | Input: 0xd92 ImmSrc: 0 -> ext=0x12 lui=0x4800
PASS | Input: 0xfc5 ImmSrc: 0 -> ext=0x5 lui=0x1400
PASS | Input: 0x120 ImmSrc: 0 -> ext=0xffe0 lui=0x8000
PASS | Input: 0x447 ImmSrc: 1 -> ext=0x447 lui=0x1c00
PASS | Input: 0x44c ImmSrc: 1 -> ext=0x44c lui=0x3000
PASS | Input: 0x82c ImmSrc: 0 -> ext=0xffec lui=0xb000
PASS | Input: 0x59e ImmSrc: 1 -> ext=0x59e lui=0x7800
PASS | Input: 0x572 ImmSrc: 0 -> ext=0xfff2 lui=0xc800
PASS | Input: 0x97a ImmSrc: 1 -> ext=0xf97a lui=0xe800
PASS | Input: 0x7cb ImmSrc: 0 -> ext=0xb lui=0x2c00
PASS | Input: 0x1e0 ImmSrc: 0 -> ext=0xffe0 lui=0x8000
PASS | Input: 0x8f8 ImmSrc: 0 -> ext=0xfff8 lui=0xe000
PASS | Input: 0x836 ImmSrc: 1 -> ext=0xf836 lui=0xd800
PASS | Input: 0x64c ImmSrc: 0 -> ext=0xc lui=0x3000
PASS | Input: 0x9b8 ImmSrc: 0 -> ext=0xfff8 lui=0xe000
PASS | Input: 0xfac ImmSrc: 0 -> ext=0xffec lui=0xb000
PASS | Input: 0x2a3 ImmSrc: 0 -> ext=0xffe3 lui=0x8c00
PASS | Input: 0xbf1 ImmSrc: 0 -> ext=0xfff1 lui=0xc400
PASS | Input: 0xdbd ImmSrc: 0 -> ext=0xfffd lui=0xf400
PASS | Input: 0x7f1 ImmSrc: 1 -> ext=0x7f1 lui=0xc400
PASS | Input: 0x743 ImmSrc: 1 -> ext=0x743 lui=0xc00
PASS | Input: 0x120 ImmSrc: 1 -> ext=0x120 lui=0x8000
PASS | Input: 0xbdd ImmSrc: 0 -> ext=0x1d lui=0x7400
PASS | Input: 0x400 ImmSrc: 0 -> ext=0x0 lui=0x0
PASS | Input: 0x7b6 ImmSrc: 1 -> ext=0x7b6 lui=0xd800
PASS | Input: 0xa5b ImmSrc: 0 -> ext=0x1b lui=0x6c00
PASS | Input: 0x541 ImmSrc: 0 -> ext=0x1 lui=0x400
PASS | Input: 0x287 ImmSrc: 0 -> ext=0x7 lui=0x1c00
PASS | Input: 0xd2 ImmSrc: 0 -> ext=0x12 lui=0x4800
PASS | Input: 0x691 ImmSrc: 0 -> ext=0x11 lui=0x4400
PASS | Input: 0x99a ImmSrc: 0 -> ext=0x1a lui=0x6800
PASS | Input: 0x5b0 ImmSrc: 1 -> ext=0x5b0 lui=0xc000
PASS | Input: 0x620 ImmSrc: 0 -> ext=0xffe0 lui=0x8000
PASS | Input: 0x7cf ImmSrc: 1 -> ext=0x7cf lui=0x3c00
PASS | Input: 0x9d0 ImmSrc: 1 -> ext=0xf9d0 lui=0x4000
PASS | Input: 0xa84 ImmSrc: 1 -> ext=0xfa84 lui=0x1000
PASS | Input: 0x8b7 ImmSrc: 1 -> ext=0xf8b7 lui=0xdc00
PASS | Input: 0x859 ImmSrc: 0 -> ext=0x19 lui=0x6400
PASS | Input: 0x207 ImmSrc: 0 -> ext=0x7 lui=0x1c00
PASS | Input: 0x2ac ImmSrc: 0 -> ext=0xffec lui=0xb000
PASS | Input: 0x576 ImmSrc: 0 -> ext=0xfff6 lui=0xd800
PASS | Input: 0xe14 ImmSrc: 1 -> ext=0xfe14 lui=0x5000
PASS | Input: 0x910 ImmSrc: 0 -> ext=0x10 lui=0x4000
PASS | Input: 0xc91 ImmSrc: 0 -> ext=0x11 lui=0x4400
PASS | Input: 0xa9e ImmSrc: 0 -> ext=0x1e lui=0x7800
PASS | Input: 0x863 ImmSrc: 0 -> ext=0xffe3 lui=0x8c00
PASS | Input: 0x92c ImmSrc: 1 -> ext=0xf92c lui=0xb000
PASS | Input: 0xbe9 ImmSrc: 1 -> ext=0xfbe9 lui=0xa400
PASS | Input: 0xcd0 ImmSrc: 1 -> ext=0xfcd0 lui=0x4000
PASS | Input: 0x253 ImmSrc: 1 -> ext=0x253 lui=0x4c00
PASS | Input: 0x241 ImmSrc: 1 -> ext=0x241 lui=0x400
PASS | Input: 0xc8e ImmSrc: 0 -> ext=0xe lui=0x3800
PASS | Input: 0x965 ImmSrc: 1 -> ext=0xf965 lui=0x9400
PASS | Input: 0x32f ImmSrc: 0 -> ext=0xffef lui=0xbc00
PASS | Input: 0xb5c ImmSrc: 0 -> ext=0x1c lui=0x7000
PASS | Input: 0x1c9 ImmSrc: 1 -> ext=0x1c9 lui=0x2400
PASS | Input: 0x2c ImmSrc: 1 -> ext=0x2c lui=0xb000
PASS | Input: 0x375 ImmSrc: 0 -> ext=0xfff5 lui=0xd400
PASS | Input: 0xba3 ImmSrc: 0 -> ext=0xffe3 lui=0x8c00
PASS | Input: 0x7f2 ImmSrc: 0 -> ext=0xfff2 lui=0xc800
PASS | Input: 0x483 ImmSrc: 0 -> ext=0x3 lui=0xc00
PASS | Input: 0x829 ImmSrc: 0 -> ext=0xffe9 lui=0xa400
PASS | Input: 0x69a ImmSrc: 0 -> ext=0x1a lui=0x6800
PASS | Input: 0x75 ImmSrc: 1 -> ext=0x75 lui=0xd400
PASS | Input: 0x3d0 ImmSrc: 0 -> ext=0x10 lui=0x4000
PASS | Input: 0x86 ImmSrc: 1 -> ext=0x86 lui=0x1800
PASS | Input: 0xfd2 ImmSrc: 0 -> ext=0x12 lui=0x4800
PASS | Input: 0xe32 ImmSrc: 1 -> ext=0xfe32 lui=0xc800
PASS | Input: 0xb62 ImmSrc: 1 -> ext=0xfb62 lui=0x8800
PASS | Input: 0xa12 ImmSrc: 0 -> ext=0x12 lui=0x4800
PASS | Input: 0x1f4 ImmSrc: 1 -> ext=0x1f4 lui=0xd000
PASS | Input: 0xe42 ImmSrc: 1 -> ext=0xfe42 lui=0x800
PASS | Input: 0xfa5 ImmSrc: 0 -> ext=0xffe5 lui=0x9400
PASS | Input: 0x913 ImmSrc: 1 -> ext=0xf913 lui=0x4c00
PASS | Input: 0xf28 ImmSrc: 1 -> ext=0xff28 lui=0xa000
PASS | Input: 0x31a ImmSrc: 0 -> ext=0x1a lui=0x6800
PASS | Input: 0xcc2 ImmSrc: 1 -> ext=0xfcc2 lui=0x800
PASS | Input: 0x95d ImmSrc: 0 -> ext=0x1d lui=0x7400
PASS | Input: 0x6e6 ImmSrc: 0 -> ext=0xffe6 lui=0x9800
PASS | Input: 0x80c ImmSrc: 1 -> ext=0xf80c lui=0x3000
PASS | Input: 0x699 ImmSrc: 1 -> ext=0x699 lui=0x6400
PASS | Input: 0xd8a ImmSrc: 0 -> ext=0xa lui=0x2800
PASS | Input: 0xb1d ImmSrc: 0 -> ext=0x1d lui=0x7400
PASS | Input: 0x12f ImmSrc: 0 -> ext=0xffef lui=0xbc00
PASS | Input: 0xc19 ImmSrc: 0 -> ext=0x19 lui=0x6400
PASS | Input: 0x28c ImmSrc: 0 -> ext=0xc lui=0x3000
PASS | Input: 0x8bd ImmSrc: 1 -> ext=0xf8bd lui=0xf400
PASS | Input: 0xd9b ImmSrc: 0 -> ext=0x1b lui=0x6c00
PASS | Input: 0xc01 ImmSrc: 0 -> ext=0x1 lui=0x400
PASS | Input: 0xd9d ImmSrc: 0 -> ext=0x1d lui=0x7400
PASS | Input: 0x3a5 ImmSrc: 0 -> ext=0xffe5 lui=0x9400
PASS | Input: 0xc11 ImmSrc: 1 -> ext=0xfc11 lui=0x4400
PASS | Input: 0x6f3 ImmSrc: 0 -> ext=0xfff3 lui=0xcc00
PASS | Input: 0x894 ImmSrc: 1 -> ext=0xf894 lui=0x5000
PASS | Input: 0x7ee ImmSrc: 1 -> ext=0x7ee lui=0xb800
PASS | Input: 0xffd ImmSrc: 0 -> ext=0xfffd lui=0xf400
PASS | Input: 0xcf8 ImmSrc: 1 -> ext=0xfcf8 lui=0xe000
PASS | Input: 0x89b ImmSrc: 0 -> ext=0x1b lui=0x6c00
PASS | Input: 0x693 ImmSrc: 1 -> ext=0x693 lui=0x4c00
PASS | Input: 0x2d9 ImmSrc: 1 -> ext=0x2d9 lui=0x6400
PASS | Input: 0xc51 ImmSrc: 0 -> ext=0x11 lui=0x4400
PASS | Input: 0xb3b ImmSrc: 1 -> ext=0xfb3b lui=0xec00
PASS | Input: 0x180 ImmSrc: 0 -> ext=0x0 lui=0x0
PASS | Input: 0xbee ImmSrc: 0 -> ext=0xffee lui=0xb800
PASS | Input: 0x9bc ImmSrc: 1 -> ext=0xf9bc lui=0xf000
PASS | Input: 0x1d8 ImmSrc: 0 -> ext=0x18 lui=0x6000
PASS | Input: 0x4f7 ImmSrc: 1 -> ext=0x4f7 lui=0xdc00
PASS | Input: 0x67a ImmSrc: 1 -> ext=0x67a lui=0xe800
PASS | Input: 0x8 ImmSrc: 1 -> ext=0x8 lui=0x2000
PASS | Input: 0x97a ImmSrc: 1 -> ext=0xf97a lui=0xe800
PASS | Input: 0x664 ImmSrc: 1 -> ext=0x664 lui=0x9000
PASS | Input: 0x430 ImmSrc: 1 -> ext=0x430 lui=0xc000
PASS | Input: 0x314 ImmSrc: 1 -> ext=0x314 lui=0x5000
PASS | Input: 0x509 ImmSrc: 0 -> ext=0x9 lui=0x2400
PASS | Input: 0x7f ImmSrc: 0 -> ext=0xffff lui=0xfc00
PASS | Input: 0x61f ImmSrc: 0 -> ext=0x1f lui=0x7c00
PASS | Input: 0xe25 ImmSrc: 0 -> ext=0xffe5 lui=0x9400
PASS | Input: 0x3d9 ImmSrc: 0 -> ext=0x19 lui=0x6400
PASS | Input: 0x6dc ImmSrc: 0 -> ext=0x1c lui=0x7000
PASS | Input: 0xbf0 ImmSrc: 0 -> ext=0xfff0 lui=0xc000
PASS | Input: 0x7a9 ImmSrc: 0 -> ext=0xffe9 lui=0xa400
PASS | Input: 0x4a3 ImmSrc: 0 -> ext=0xffe3 lui=0x8c00
PASS | Input: 0x8d5 ImmSrc: 0 -> ext=0x15 lui=0x5400
PASS | Input: 0x18d ImmSrc: 1 -> ext=0x18d lui=0x3400
PASS | Input: 0x849 ImmSrc: 1 -> ext=0xf849 lui=0x2400
PASS | Input: 0xad3 ImmSrc: 1 -> ext=0xfad3 lui=0x4c00
PASS | Input: 0x5d4 ImmSrc: 0 -> ext=0x14 lui=0x5000
PASS | Input: 0xb23 ImmSrc: 0 -> ext=0xffe3 lui=0x8c00
PASS | Input: 0x76b ImmSrc: 1 -> ext=0x76b lui=0xac00
PASS | Input: 0x3f ImmSrc: 1 -> ext=0x3f lui=0xfc00
PASS | Input: 0xd01 ImmSrc: 1 -> ext=0xfd01 lui=0x400
PASS | Input: 0x984 ImmSrc: 0 -> ext=0x4 lui=0x1000
PASS | Input: 0x10b ImmSrc: 1 -> ext=0x10b lui=0x2c00
PASS | Input: 0xd35 ImmSrc: 0 -> ext=0xfff5 lui=0xd400
PASS | Input: 0xe49 ImmSrc: 1 -> ext=0xfe49 lui=0x2400
PASS | Input: 0x8ea ImmSrc: 0 -> ext=0xffea lui=0xa800
PASS | Input: 0x4f1 ImmSrc: 1 -> ext=0x4f1 lui=0xc400
PASS | Input: 0x8f5 ImmSrc: 1 -> ext=0xf8f5 lui=0xd400
PASS | Input: 0xccb ImmSrc: 0 -> ext=0xb lui=0x2c00
PASS | Input: 0xa1c ImmSrc: 0 -> ext=0x1c lui=0x7000
PASS | Input: 0x356 ImmSrc: 0 -> ext=0x16 lui=0x5800
PASS | Input: 0xa7c ImmSrc: 1 -> ext=0xfa7c lui=0xf000
PASS | Input: 0x4a2 ImmSrc: 0 -> ext=0xffe2 lui=0x8800
PASS | Input: 0x1ee ImmSrc: 1 -> ext=0x1ee lui=0xb800
PASS | Input: 0xcd6 ImmSrc: 0 -> ext=0x16 lui=0x5800
PASS | Input: 0xfbf ImmSrc: 1 -> ext=0xffbf lui=0xfc00
PASS | Input: 0x814 ImmSrc: 0 -> ext=0x14 lui=0x5000
PASS | Input: 0xb26 ImmSrc: 0 -> ext=0xffe6 lui=0x9800
PASS | Input: 0x1ce ImmSrc: 1 -> ext=0x1ce lui=0x3800
PASS | Input: 0x538 ImmSrc: 0 -> ext=0xfff8 lui=0xe000
PASS | Input: 0x617 ImmSrc: 0 -> ext=0x17 lui=0x5c00
PASS | Input: 0x6c1 ImmSrc: 0 -> ext=0x1 lui=0x400
PASS | Input: 0x119 ImmSrc: 0 -> ext=0x19 lui=0x6400
PASS | Input: 0xfdb ImmSrc: 0 -> ext=0x1b lui=0x6c00
PASS | Input: 0xe3f ImmSrc: 0 -> ext=0xffff lui=0xfc00
PASS | Input: 0x68f ImmSrc: 0 -> ext=0xf lui=0x3c00
PASS | Input: 0xc29 ImmSrc: 1 -> ext=0xfc29 lui=0xa400
PASS | Input: 0xb69 ImmSrc: 1 -> ext=0xfb69 lui=0xa400
PASS | Input: 0x40a ImmSrc: 1 -> ext=0x40a lui=0x2800
PASS | Input: 0x83f ImmSrc: 1 -> ext=0xf83f lui=0xfc00
PASS | Input: 0x281 ImmSrc: 0 -> ext=0x1 lui=0x400
PASS | Input: 0xb24 ImmSrc: 0 -> ext=0xffe4 lui=0x9000
PASS | Input: 0x389 ImmSrc: 1 -> ext=0x389 lui=0x2400
PASS | Input: 0xcbb ImmSrc: 0 -> ext=0xfffb lui=0xec00
PASS | Input: 0x294 ImmSrc: 1 -> ext=0x294 lui=0x5000
PASS | Input: 0xce1 ImmSrc: 1 -> ext=0xfce1 lui=0x8400
PASS | Input: 0xd6d ImmSrc: 0 -> ext=0xffed lui=0xb400
PASS | Input: 0x5ef ImmSrc: 1 -> ext=0x5ef lui=0xbc00
PASS | Input: 0xffa ImmSrc: 1 -> ext=0xfffa lui=0xe800
PASS | Input: 0x27b ImmSrc: 1 -> ext=0x27b lui=0xec00
PASS | Input: 0x26f ImmSrc: 0 -> ext=0xffef lui=0xbc00
PASS | Input: 0xe9 ImmSrc: 1 -> ext=0xe9 lui=0xa400
PASS | Input: 0x512 ImmSrc: 1 -> ext=0x512 lui=0x4800
PASS | Input: 0xba5 ImmSrc: 1 -> ext=0xfba5 lui=0x9400
PASS | Input: 0x21f ImmSrc: 1 -> ext=0x21f lui=0x7c00
PASS | Input: 0xe5f ImmSrc: 1 -> ext=0xfe5f lui=0x7c00
PASS | Input: 0x7f5 ImmSrc: 1 -> ext=0x7f5 lui=0xd400
PASS | Input: 0x620 ImmSrc: 0 -> ext=0xffe0 lui=0x8000
PASS | Input: 0xf0b ImmSrc: 1 -> ext=0xff0b lui=0x2c00
PASS | Input: 0xf90 ImmSrc: 1 -> ext=0xff90 lui=0x4000
PASS | Input: 0x4d9 ImmSrc: 1 -> ext=0x4d9 lui=0x6400
PASS | Input: 0x44a ImmSrc: 0 -> ext=0xa lui=0x2800
PASS | Input: 0x44c ImmSrc: 0 -> ext=0xc lui=0x3000
PASS | Input: 0x388 ImmSrc: 1 -> ext=0x388 lui=0x2000
PASS | Input: 0xdc8 ImmSrc: 0 -> ext=0x8 lui=0x2000
PASS | Input: 0x614 ImmSrc: 0 -> ext=0x14 lui=0x5000
PASS | Input: 0x672 ImmSrc: 1 -> ext=0x672 lui=0xc800
PASS | Input: 0xac2 ImmSrc: 0 -> ext=0x2 lui=0x800
PASS | Input: 0xfb9 ImmSrc: 0 -> ext=0xfff9 lui=0xe400
PASS | Input: 0xa55 ImmSrc: 1 -> ext=0xfa55 lui=0x5400
PASS | Input: 0x3cd ImmSrc: 0 -> ext=0xd lui=0x3400
PASS | Input: 0x52c ImmSrc: 1 -> ext=0x52c lui=0xb000
PASS | Input: 0xd0f ImmSrc: 1 -> ext=0xfd0f lui=0x3c00
PASS | Input: 0x27c ImmSrc: 0 -> ext=0xfffc lui=0xf000
PASS | Input: 0xa19 ImmSrc: 0 -> ext=0x19 lui=0x6400
PASS | Input: 0x289 ImmSrc: 0 -> ext=0x9 lui=0x2400
PASS | Input: 0x773 ImmSrc: 1 -> ext=0x773 lui=0xcc00
PASS | Input: 0xca1 ImmSrc: 1 -> ext=0xfca1 lui=0x8400
PASS | Input: 0xd8a ImmSrc: 0 -> ext=0xa lui=0x2800
PASS | Input: 0x336 ImmSrc: 0 -> ext=0xfff6 lui=0xd800
PASS | Input: 0x90c ImmSrc: 0 -> ext=0xc lui=0x3000
PASS | Input: 0xbfc ImmSrc: 1 -> ext=0xfbfc lui=0xf000
PASS | Input: 0x934 ImmSrc: 0 -> ext=0xfff4 lui=0xd000
PASS | Input: 0x54b ImmSrc: 0 -> ext=0xb lui=0x2c00
PASS | Input: 0x920 ImmSrc: 1 -> ext=0xf920 lui=0x8000
PASS | Input: 0xbb6 ImmSrc: 0 -> ext=0xfff6 lui=0xd800
PASS | Input: 0x2d8 ImmSrc: 1 -> ext=0x2d8 lui=0x6000
PASS | Input: 0xa1d ImmSrc: 0 -> ext=0x1d lui=0x7400
PASS | Input: 0x207 ImmSrc: 1 -> ext=0x207 lui=0x1c00
PASS | Input: 0xe1b ImmSrc: 1 -> ext=0xfe1b lui=0x6c00
PASS | Input: 0x410 ImmSrc: 1 -> ext=0x410 lui=0x4000
PASS | Input: 0x425 ImmSrc: 1 -> ext=0x425 lui=0x9400
PASS | Input: 0x68d ImmSrc: 0 -> ext=0xd lui=0x3400
PASS | Input: 0x630 ImmSrc: 0 -> ext=0xfff0 lui=0xc000
PASS | Input: 0x2d8 ImmSrc: 0 -> ext=0x18 lui=0x6000
PASS | Input: 0x13e ImmSrc: 1 -> ext=0x13e lui=0xf800
PASS | Input: 0x6aa ImmSrc: 0 -> ext=0xffea lui=0xa800
PASS | Input: 0xfa1 ImmSrc: 1 -> ext=0xffa1 lui=0x8400
PASS | Input: 0xd7a ImmSrc: 0 -> ext=0xfffa lui=0xe800
PASS | Input: 0xf4e ImmSrc: 1 -> ext=0xff4e lui=0x3800
PASS | Input: 0x39e ImmSrc: 0 -> ext=0x1e lui=0x7800
PASS | Input: 0xd1b ImmSrc: 0 -> ext=0x1b lui=0x6c00
PASS | Input: 0x1da ImmSrc: 1 -> ext=0x1da lui=0x6800
PASS | Input: 0x142 ImmSrc: 0 -> ext=0x2 lui=0x800
PASS | Input: 0x76a ImmSrc: 1 -> ext=0x76a lui=0xa800
PASS | Input: 0xaf8 ImmSrc: 1 -> ext=0xfaf8 lui=0xe000
PASS | Input: 0x1f ImmSrc: 1 -> ext=0x1f lui=0x7c00
PASS | Input: 0x677 ImmSrc: 0 -> ext=0xfff7 lui=0xdc00
PASS | Input: 0x9ac ImmSrc: 0 -> ext=0xffec lui=0xb000
PASS | Input: 0xe56 ImmSrc: 0 -> ext=0x16 lui=0x5800
PASS | Input: 0xabd ImmSrc: 1 -> ext=0xfabd lui=0xf400
PASS | Input: 0xe7a ImmSrc: 0 -> ext=0xfffa lui=0xe800
PASS | Input: 0x5dd ImmSrc: 1 -> ext=0x5dd lui=0x7400
PASS | Input: 0x48a ImmSrc: 0 -> ext=0xa lui=0x2800
PASS | Input: 0x1e4 ImmSrc: 1 -> ext=0x1e4 lui=0x9000
PASS | Input: 0x92b ImmSrc: 0 -> ext=0xffeb lui=0xac00
PASS | Input: 0xae6 ImmSrc: 1 -> ext=0xfae6 lui=0x9800
PASS | Input: 0xcf0 ImmSrc: 0 -> ext=0xfff0 lui=0xc000
PASS | Input: 0x49 ImmSrc: 1 -> ext=0x49 lui=0x2400
PASS | Input: 0x941 ImmSrc: 1 -> ext=0xf941 lui=0x400
PASS | Input: 0xc20 ImmSrc: 1 -> ext=0xfc20 lui=0x8000
PASS | Input: 0x923 ImmSrc: 1 -> ext=0xf923 lui=0x8c00
PASS | Input: 0xd50 ImmSrc: 1 -> ext=0xfd50 lui=0x4000
PASS | Input: 0x92e ImmSrc: 0 -> ext=0xffee lui=0xb800
PASS | Input: 0xbae ImmSrc: 0 -> ext=0xffee lui=0xb800
PASS | Input: 0x78c ImmSrc: 1 -> ext=0x78c lui=0x3000
PASS | Input: 0x298 ImmSrc: 0 -> ext=0x18 lui=0x6000
PASS | Input: 0xc5d ImmSrc: 1 -> ext=0xfc5d lui=0x7400
PASS | Input: 0x236 ImmSrc: 0 -> ext=0xfff6 lui=0xd800
PASS | Input: 0x853 ImmSrc: 0 -> ext=0x13 lui=0x4c00
PASS | Input: 0x4e6 ImmSrc: 0 -> ext=0xffe6 lui=0x9800
PASS | Input: 0x4dc ImmSrc: 0 -> ext=0x1c lui=0x7000
PASS | Input: 0x5ff ImmSrc: 0 -> ext=0xffff lui=0xfc00
PASS | Input: 0xcbb ImmSrc: 0 -> ext=0xfffb lui=0xec00
PASS | Input: 0x70 ImmSrc: 1 -> ext=0x70 lui=0xc000
PASS | Input: 0xf5b ImmSrc: 0 -> ext=0x1b lui=0x6c00
PASS | Input: 0x368 ImmSrc: 1 -> ext=0x368 lui=0xa000
PASS | Input: 0x4c9 ImmSrc: 0 -> ext=0x9 lui=0x2400
PASS | Input: 0x687 ImmSrc: 1 -> ext=0x687 lui=0x1c00
PASS | Input: 0xb8e ImmSrc: 0 -> ext=0xe lui=0x3800
PASS | Input: 0xac6 ImmSrc: 0 -> ext=0x6 lui=0x1800
PASS | Input: 0xf61 ImmSrc: 1 -> ext=0xff61 lui=0x8400
PASS | Input: 0xaa3 ImmSrc: 0 -> ext=0xffe3 lui=0x8c00
PASS | Input: 0xaf3 ImmSrc: 1 -> ext=0xfaf3 lui=0xcc00
PASS | Input: 0xfa1 ImmSrc: 0 -> ext=0xffe1 lui=0x8400
PASS | Input: 0xcb5 ImmSrc: 1 -> ext=0xfcb5 lui=0xd400
PASS | Input: 0x6cf ImmSrc: 0 -> ext=0xf lui=0x3c00
PASS | Input: 0xff3 ImmSrc: 0 -> ext=0xfff3 lui=0xcc00
PASS | Input: 0xf4a ImmSrc: 1 -> ext=0xff4a lui=0x2800
PASS | Input: 0xd16 ImmSrc: 0 -> ext=0x16 lui=0x5800
PASS | Input: 0xf72 ImmSrc: 0 -> ext=0xfff2 lui=0xc800
PASS | Input: 0x566 ImmSrc: 1 -> ext=0x566 lui=0x9800
PASS | Input: 0x8d7 ImmSrc: 1 -> ext=0xf8d7 lui=0x5c00
PASS | Input: 0x2a ImmSrc: 0 -> ext=0xffea lui=0xa800
PASS | Input: 0x27b ImmSrc: 1 -> ext=0x27b lui=0xec00
PASS | Input: 0xc75 ImmSrc: 1 -> ext=0xfc75 lui=0xd400
PASS | Input: 0xc82 ImmSrc: 1 -> ext=0xfc82 lui=0x800
PASS | Input: 0x67f ImmSrc: 0 -> ext=0xffff lui=0xfc00
PASS | Input: 0x1eb ImmSrc: 0 -> ext=0xffeb lui=0xac00
PASS | Input: 0xadf ImmSrc: 1 -> ext=0xfadf lui=0x7c00
PASS | Input: 0xc61 ImmSrc: 0 -> ext=0xffe1 lui=0x8400
PASS | Input: 0x17c ImmSrc: 1 -> ext=0x17c lui=0xf000
PASS | Input: 0xbc3 ImmSrc: 1 -> ext=0xfbc3 lui=0xc00
PASS | Input: 0x998 ImmSrc: 1 -> ext=0xf998 lui=0x6000
PASS | Input: 0x67f ImmSrc: 0 -> ext=0xffff lui=0xfc00
PASS | Input: 0xdb6 ImmSrc: 0 -> ext=0xfff6 lui=0xd800
PASS | Input: 0xf4b ImmSrc: 0 -> ext=0xb lui=0x2c00
PASS | Input: 0xbd1 ImmSrc: 1 -> ext=0xfbd1 lui=0x4400
PASS | Input: 0xc5d ImmSrc: 0 -> ext=0x1d lui=0x7400
PASS | Input: 0xda1 ImmSrc: 1 -> ext=0xfda1 lui=0x8400
PASS | Input: 0xfbf ImmSrc: 1 -> ext=0xffbf lui=0xfc00
PASS | Input: 0x58 ImmSrc: 0 -> ext=0x18 lui=0x6000
PASS | Input: 0xfc6 ImmSrc: 1 -> ext=0xffc6 lui=0x1800
PASS | Input: 0xea5 ImmSrc: 1 -> ext=0xfea5 lui=0x9400
PASS | Input: 0x85a ImmSrc: 1 -> ext=0xf85a lui=0x6800
PASS | Input: 0x95b ImmSrc: 0 -> ext=0x1b lui=0x6c00
PASS | Input: 0xb0f ImmSrc: 1 -> ext=0xfb0f lui=0x3c00
PASS | Input: 0x490 ImmSrc: 0 -> ext=0x10 lui=0x4000
PASS | Input: 0xfc1 ImmSrc: 1 -> ext=0xffc1 lui=0x400
PASS | Input: 0x28c ImmSrc: 0 -> ext=0xc lui=0x3000
PASS | Input: 0xb1 ImmSrc: 0 -> ext=0xfff1 lui=0xc400
PASS | Input: 0xf68 ImmSrc: 1 -> ext=0xff68 lui=0xa000
PASS | Input: 0xecf ImmSrc: 0 -> ext=0xf lui=0x3c00
PASS | Input: 0x1a4 ImmSrc: 0 -> ext=0xffe4 lui=0x9000
PASS | Input: 0x241 ImmSrc: 0 -> ext=0x1 lui=0x400
PASS | Input: 0x9a0 ImmSrc: 1 -> ext=0xf9a0 lui=0x8000
PASS | Input: 0x8bc ImmSrc: 0 -> ext=0xfffc lui=0xf000
PASS | Input: 0x344 ImmSrc: 1 -> ext=0x344 lui=0x1000
PASS | Input: 0xecf ImmSrc: 1 -> ext=0xfecf lui=0x3c00
PASS | Input: 0x8ab ImmSrc: 1 -> ext=0xf8ab lui=0xac00
PASS | Input: 0xae ImmSrc: 1 -> ext=0xae lui=0xb800
PASS | Input: 0x63c ImmSrc: 0 -> ext=0xfffc lui=0xf000
PASS | Input: 0x6a0 ImmSrc: 1 -> ext=0x6a0 lui=0x8000
PASS | Input: 0x9ed ImmSrc: 0 -> ext=0xffed lui=0xb400
PASS | Input: 0x9e ImmSrc: 1 -> ext=0x9e lui=0x7800
PASS | Input: 0xd29 ImmSrc: 1 -> ext=0xfd29 lui=0xa400
PASS | Input: 0xa46 ImmSrc: 1 -> ext=0xfa46 lui=0x1800
PASS | Input: 0xe0f ImmSrc: 0 -> ext=0xf lui=0x3c00
PASS | Input: 0xda9 ImmSrc: 1 -> ext=0xfda9 lui=0xa400
PASS | Input: 0x67d ImmSrc: 1 -> ext=0x67d lui=0xf400
PASS | Input: 0x920 ImmSrc: 1 -> ext=0xf920 lui=0x8000
PASS | Input: 0x6b2 ImmSrc: 1 -> ext=0x6b2 lui=0xc800
PASS | Input: 0x5b5 ImmSrc: 0 -> ext=0xfff5 lui=0xd400
PASS | Input: 0x4de ImmSrc: 1 -> ext=0x4de lui=0x7800
PASS | Input: 0x131 ImmSrc: 1 -> ext=0x131 lui=0xc400
PASS | Input: 0x82 ImmSrc: 1 -> ext=0x82 lui=0x800
PASS | Input: 0x67f ImmSrc: 1 -> ext=0x67f lui=0xfc00
PASS | Input: 0x5ec ImmSrc: 1 -> ext=0x5ec lui=0xb000
PASS | Input: 0x45c ImmSrc: 0 -> ext=0x1c lui=0x7000
PASS | Input: 0xfab ImmSrc: 1 -> ext=0xffab lui=0xac00
PASS | Input: 0x409 ImmSrc: 0 -> ext=0x9 lui=0x2400
PASS | Input: 0x960 ImmSrc: 0 -> ext=0xffe0 lui=0x8000
PASS | Input: 0x301 ImmSrc: 0 -> ext=0x1 lui=0x400
PASS | Input: 0xea8 ImmSrc: 1 -> ext=0xfea8 lui=0xa000
PASS | Input: 0xc5d ImmSrc: 1 -> ext=0xfc5d lui=0x7400
PASS | Input: 0xe94 ImmSrc: 0 -> ext=0x14 lui=0x5000
PASS | Input: 0xdf3 ImmSrc: 1 -> ext=0xfdf3 lui=0xcc00
PASS | Input: 0x378 ImmSrc: 0 -> ext=0xfff8 lui=0xe000
PASS | Input: 0xc2 ImmSrc: 1 -> ext=0xc2 lui=0x800
PASS | Input: 0x664 ImmSrc: 0 -> ext=0xffe4 lui=0x9000
PASS | Input: 0x3da ImmSrc: 1 -> ext=0x3da lui=0x6800
PASS | Input: 0x932 ImmSrc: 0 -> ext=0xfff2 lui=0xc800
PASS | Input: 0xe3e ImmSrc: 1 -> ext=0xfe3e lui=0xf800
PASS | Input: 0x36e ImmSrc: 1 -> ext=0x36e lui=0xb800
PASS | Input: 0x3e8 ImmSrc: 1 -> ext=0x3e8 lui=0xa000
PASS | Input: 0x3f8 ImmSrc: 0 -> ext=0xfff8 lui=0xe000
PASS | Input: 0x986 ImmSrc: 0 -> ext=0x6 lui=0x1800
PASS | Input: 0x2ba ImmSrc: 1 -> ext=0x2ba lui=0xe800
PASS | Input: 0xdf8 ImmSrc: 0 -> ext=0xfff8 lui=0xe000
PASS | Input: 0xf47 ImmSrc: 1 -> ext=0xff47 lui=0x1c00
PASS | Input: 0xc48 ImmSrc: 0 -> ext=0x8 lui=0x2000
PASS | Input: 0x4b9 ImmSrc: 1 -> ext=0x4b9 lui=0xe400
PASS | Input: 0x207 ImmSrc: 0 -> ext=0x7 lui=0x1c00
PASS | Input: 0xead ImmSrc: 0 -> ext=0xffed lui=0xb400
PASS | Input: 0xdd6 ImmSrc: 1 -> ext=0xfdd6 lui=0x5800
PASS | Input: 0x8aa ImmSrc: 1 -> ext=0xf8aa lui=0xa800
PASS | Input: 0x30d ImmSrc: 0 -> ext=0xd lui=0x3400
PASS | Input: 0xdb ImmSrc: 0 -> ext=0x1b lui=0x6c00
PASS | Input: 0x731 ImmSrc: 1 -> ext=0x731 lui=0xc400
PASS | Input: 0x5e ImmSrc: 0 -> ext=0x1e lui=0x7800
PASS | Input: 0xf3e ImmSrc: 0 -> ext=0xfffe lui=0xf800
PASS | Input: 0x719 ImmSrc: 0 -> ext=0x19 lui=0x6400
PASS | Input: 0xa73 ImmSrc: 1 -> ext=0xfa73 lui=0xcc00
PASS | Input: 0xc58 ImmSrc: 0 -> ext=0x18 lui=0x6000
PASS | Input: 0x79f ImmSrc: 1 -> ext=0x79f lui=0x7c00
PASS | Input: 0xf17 ImmSrc: 0 -> ext=0x17 lui=0x5c00
PASS | Input: 0xd9b ImmSrc: 1 -> ext=0xfd9b lui=0x6c00
PASS | Input: 0xa52 ImmSrc: 0 -> ext=0x12 lui=0x4800
PASS | Input: 0x903 ImmSrc: 1 -> ext=0xf903 lui=0xc00
PASS | Input: 0xb22 ImmSrc: 0 -> ext=0xffe2 lui=0x8800
PASS | Input: 0x6ba ImmSrc: 1 -> ext=0x6ba lui=0xe800
PASS | Input: 0xc1f ImmSrc: 1 -> ext=0xfc1f lui=0x7c00
PASS | Input: 0x468 ImmSrc: 0 -> ext=0xffe8 lui=0xa000
PASS | Input: 0x8b5 ImmSrc: 1 -> ext=0xf8b5 lui=0xd400
PASS | Input: 0xd78 ImmSrc: 0 -> ext=0xfff8 lui=0xe000
PASS | Input: 0xef ImmSrc: 0 -> ext=0xffef lui=0xbc00
PASS | Input: 0xcb0 ImmSrc: 1 -> ext=0xfcb0 lui=0xc000
PASS | Input: 0xb6e ImmSrc: 0 -> ext=0xffee lui=0xb800
PASS | Input: 0xe06 ImmSrc: 1 -> ext=0xfe06 lui=0x1800
PASS | Input: 0x6f4 ImmSrc: 1 -> ext=0x6f4 lui=0xd000
PASS | Input: 0xfbc ImmSrc: 1 -> ext=0xffbc lui=0xf000
PASS | Input: 0x5f ImmSrc: 1 -> ext=0x5f lui=0x7c00
PASS | Input: 0xb64 ImmSrc: 0 -> ext=0xffe4 lui=0x9000
PASS | Input: 0x15e ImmSrc: 1 -> ext=0x15e lui=0x7800
PASS | Input: 0xce6 ImmSrc: 1 -> ext=0xfce6 lui=0x9800
PASS | Input: 0x7c3 ImmSrc: 1 -> ext=0x7c3 lui=0xc00
PASS | Input: 0x310 ImmSrc: 1 -> ext=0x310 lui=0x4000
PASS | Input: 0xec6 ImmSrc: 1 -> ext=0xfec6 lui=0x1800
PASS | Input: 0x6e0 ImmSrc: 1 -> ext=0x6e0 lui=0x8000
PASS | Input: 0x310 ImmSrc: 0 -> ext=0x10 lui=0x4000
PASS | Input: 0x40c ImmSrc: 0 -> ext=0xc lui=0x3000
PASS | Input: 0xfec ImmSrc: 1 -> ext=0xffec lui=0xb000
PASS | Input: 0xaea ImmSrc: 0 -> ext=0xffea lui=0xa800
PASS | Input: 0xf6b ImmSrc: 0 -> ext=0xffeb lui=0xac00
PASS | Input: 0x34d ImmSrc: 0 -> ext=0xd lui=0x3400
PASS | Input: 0xde ImmSrc: 1 -> ext=0xde lui=0x7800
PASS | Input: 0x970 ImmSrc: 1 -> ext=0xf970 lui=0xc000
PASS | Input: 0x78 ImmSrc: 0 -> ext=0xfff8 lui=0xe000
PASS | Input: 0xb86 ImmSrc: 1 -> ext=0xfb86 lui=0x1800
PASS | Input: 0x675 ImmSrc: 1 -> ext=0x675 lui=0xd400
PASS | Input: 0x206 ImmSrc: 1 -> ext=0x206 lui=0x1800
PASS | Input: 0x591 ImmSrc: 1 -> ext=0x591 lui=0x4400
PASS | Input: 0xe51 ImmSrc: 0 -> ext=0x11 lui=0x4400
PASS | Input: 0x3d ImmSrc: 0 -> ext=0xfffd lui=0xf400
PASS | Input: 0x6c0 ImmSrc: 0 -> ext=0x0 lui=0x0
PASS | Input: 0xb55 ImmSrc: 0 -> ext=0x15 lui=0x5400
PASS | Input: 0xcbb ImmSrc: 1 -> ext=0xfcbb lui=0xec00
PASS | Input: 0xcb9 ImmSrc: 1 -> ext=0xfcb9 lui=0xe400
PASS | Input: 0x6ed ImmSrc: 0 -> ext=0xffed lui=0xb400
PASS | Input: 0x5a0 ImmSrc: 1 -> ext=0x5a0 lui=0x8000
PASS | Input: 0x52d ImmSrc: 0 -> ext=0xffed lui=0xb400
PASS | Input: 0xc00 ImmSrc: 1 -> ext=0xfc00 lui=0x0
PASS | Input: 0x335 ImmSrc: 0 -> ext=0xfff5 lui=0xd400
PASS | Input: 0x1d8 ImmSrc: 0 -> ext=0x18 lui=0x6000
PASS | Input: 0xabd ImmSrc: 1 -> ext=0xfabd lui=0xf400
PASS | Input: 0xec5 ImmSrc: 1 -> ext=0xfec5 lui=0x1400
PASS | Input: 0x913 ImmSrc: 0 -> ext=0x13 lui=0x4c00
PASS | Input: 0x1a6 ImmSrc: 1 -> ext=0x1a6 lui=0x9800
PASS | Input: 0x9d0 ImmSrc: 1 -> ext=0xf9d0 lui=0x4000
PASS | Input: 0x3ba ImmSrc: 0 -> ext=0xfffa lui=0xe800
PASS | Input: 0x9ae ImmSrc: 1 -> ext=0xf9ae lui=0xb800
PASS | Input: 0x204 ImmSrc: 0 -> ext=0x4 lui=0x1000
PASS | Input: 0x22d ImmSrc: 0 -> ext=0xffed lui=0xb400
PASS | Input: 0xb50 ImmSrc: 1 -> ext=0xfb50 lui=0x4000
PASS | Input: 0x415 ImmSrc: 1 -> ext=0x415 lui=0x5400
PASS | Input: 0x8b2 ImmSrc: 1 -> ext=0xf8b2 lui=0xc800
PASS | Input: 0x865 ImmSrc: 0 -> ext=0xffe5 lui=0x9400
PASS | Input: 0x7db ImmSrc: 0 -> ext=0x1b lui=0x6c00
PASS | Input: 0xadb ImmSrc: 0 -> ext=0x1b lui=0x6c00
PASS | Input: 0xc ImmSrc: 0 -> ext=0xc lui=0x3000
PASS | Input: 0x89b ImmSrc: 0 -> ext=0x1b lui=0x6c00
PASS | Input: 0x417 ImmSrc: 1 -> ext=0x417 lui=0x5c00
PASS | Input: 0xd13 ImmSrc: 0 -> ext=0x13 lui=0x4c00
PASS | Input: 0xd35 ImmSrc: 0 -> ext=0xfff5 lui=0xd400
PASS | Input: 0x4b6 ImmSrc: 0 -> ext=0xfff6 lui=0xd800
PASS | Input: 0x40a ImmSrc: 1 -> ext=0x40a lui=0x2800
PASS | Input: 0xaa6 ImmSrc: 0 -> ext=0xffe6 lui=0x9800
PASS | Input: 0xab4 ImmSrc: 1 -> ext=0xfab4 lui=0xd000
PASS | Input: 0xbe3 ImmSrc: 1 -> ext=0xfbe3 lui=0x8c00
PASS | Input: 0x844 ImmSrc: 1 -> ext=0xf844 lui=0x1000
PASS | Input: 0x214 ImmSrc: 1 -> ext=0x214 lui=0x5000
PASS | Input: 0xd61 ImmSrc: 0 -> ext=0xffe1 lui=0x8400
PASS | Input: 0xd89 ImmSrc: 0 -> ext=0x9 lui=0x2400
PASS | Input: 0x188 ImmSrc: 1 -> ext=0x188 lui=0x2000
PASS | Input: 0x58b ImmSrc: 0 -> ext=0xb lui=0x2c00
PASS | Input: 0x1b6 ImmSrc: 0 -> ext=0xfff6 lui=0xd800
PASS | Input: 0x98e ImmSrc: 0 -> ext=0xe lui=0x3800
PASS | Input: 0xac9 ImmSrc: 1 -> ext=0xfac9 lui=0x2400
PASS | Input: 0x364 ImmSrc: 1 -> ext=0x364 lui=0x9000
PASS | Input: 0x988 ImmSrc: 1 -> ext=0xf988 lui=0x2000
PASS | Input: 0x4 ImmSrc: 0 -> ext=0x4 lui=0x1000
PASS | Input: 0x991 ImmSrc: 1 -> ext=0xf991 lui=0x4400
PASS | Input: 0xdfd ImmSrc: 0 -> ext=0xfffd lui=0xf400
PASS | Input: 0x217 ImmSrc: 0 -> ext=0x17 lui=0x5c00
PASS | Input: 0x233 ImmSrc: 0 -> ext=0xfff3 lui=0xcc00
PASS | Input: 0x8c1 ImmSrc: 1 -> ext=0xf8c1 lui=0x400
PASS | Input: 0xef5 ImmSrc: 1 -> ext=0xfef5 lui=0xd400
PASS | Input: 0x81 ImmSrc: 1 -> ext=0x81 lui=0x400
PASS | Input: 0xf08 ImmSrc: 1 -> ext=0xff08 lui=0x2000
PASS | Input: 0xbb9 ImmSrc: 1 -> ext=0xfbb9 lui=0xe400
PASS | Input: 0xfc5 ImmSrc: 1 -> ext=0xffc5 lui=0x1400
PASS | Input: 0x93 ImmSrc: 1 -> ext=0x93 lui=0x4c00
PASS | Input: 0x8d8 ImmSrc: 0 -> ext=0x18 lui=0x6000
PASS | Input: 0x1d2 ImmSrc: 0 -> ext=0x12 lui=0x4800
PASS | Input: 0x9be ImmSrc: 0 -> ext=0xfffe lui=0xf800
PASS | Input: 0x401 ImmSrc: 1 -> ext=0x401 lui=0x400
PASS | Input: 0xa94 ImmSrc: 0 -> ext=0x14 lui=0x5000
PASS | Input: 0xa4d ImmSrc: 1 -> ext=0xfa4d lui=0x3400
PASS | Input: 0xd60 ImmSrc: 0 -> ext=0xffe0 lui=0x8000
PASS | Input: 0xdf4 ImmSrc: 1 -> ext=0xfdf4 lui=0xd000
PASS | Input: 0x84e ImmSrc: 0 -> ext=0xe lui=0x3800
PASS | Input: 0x68b ImmSrc: 1 -> ext=0x68b lui=0x2c00
PASS | Input: 0xd1b ImmSrc: 0 -> ext=0x1b lui=0x6c00
PASS | Input: 0x501 ImmSrc: 1 -> ext=0x501 lui=0x400
PASS | Input: 0x327 ImmSrc: 0 -> ext=0xffe7 lui=0x9c00
PASS | Input: 0x4b6 ImmSrc: 1 -> ext=0x4b6 lui=0xd800
PASS | Input: 0x962 ImmSrc: 1 -> ext=0xf962 lui=0x8800
PASS | Input: 0x378 ImmSrc: 1 -> ext=0x378 lui=0xe000
PASS | Input: 0x696 ImmSrc: 0 -> ext=0x16 lui=0x5800
PASS | Input: 0x6c2 ImmSrc: 1 -> ext=0x6c2 lui=0x800
PASS | Input: 0xc2e ImmSrc: 1 -> ext=0xfc2e lui=0xb800
PASS | Input: 0x1a ImmSrc: 1 -> ext=0x1a lui=0x6800
PASS | Input: 0x719 ImmSrc: 1 -> ext=0x719 lui=0x6400
PASS | Input: 0xdd3 ImmSrc: 0 -> ext=0x13 lui=0x4c00
PASS | Input: 0xfd3 ImmSrc: 1 -> ext=0xffd3 lui=0x4c00
PASS | Input: 0x52c ImmSrc: 0 -> ext=0xffec lui=0xb000
PASS | Input: 0x3c ImmSrc: 0 -> ext=0xfffc lui=0xf000
PASS | Input: 0x5fb ImmSrc: 0 -> ext=0xfffb lui=0xec00
PASS | Input: 0xb40 ImmSrc: 1 -> ext=0xfb40 lui=0x0
PASS | Input: 0xbe7 ImmSrc: 0 -> ext=0xffe7 lui=0x9c00
PASS | Input: 0x603 ImmSrc: 0 -> ext=0x3 lui=0xc00
PASS | Input: 0xe61 ImmSrc: 0 -> ext=0xffe1 lui=0x8400
PASS | Input: 0x193 ImmSrc: 0 -> ext=0x13 lui=0x4c00
PASS | Input: 0x250 ImmSrc: 1 -> ext=0x250 lui=0x4000
PASS | Input: 0x7ba ImmSrc: 1 -> ext=0x7ba lui=0xe800
PASS | Input: 0xfc0 ImmSrc: 0 -> ext=0x0 lui=0x0
PASS | Input: 0x31c ImmSrc: 1 -> ext=0x31c lui=0x7000
PASS | Input: 0xf65 ImmSrc: 1 -> ext=0xff65 lui=0x9400
PASS | Input: 0x21b ImmSrc: 1 -> ext=0x21b lui=0x6c00
PASS | Input: 0xf51 ImmSrc: 1 -> ext=0xff51 lui=0x4400
PASS | Input: 0x1b4 ImmSrc: 0 -> ext=0xfff4 lui=0xd000
PASS | Input: 0xdb6 ImmSrc: 0 -> ext=0xfff6 lui=0xd800
PASS | Input: 0x8db ImmSrc: 0 -> ext=0x1b lui=0x6c00
PASS | Input: 0x206 ImmSrc: 0 -> ext=0x6 lui=0x1800
PASS | Input: 0x877 ImmSrc: 1 -> ext=0xf877 lui=0xdc00
PASS | Input: 0xe52 ImmSrc: 1 -> ext=0xfe52 lui=0x4800
PASS | Input: 0xb94 ImmSrc: 1 -> ext=0xfb94 lui=0x5000
PASS | Input: 0xa32 ImmSrc: 0 -> ext=0xfff2 lui=0xc800
PASS | Input: 0xae0 ImmSrc: 0 -> ext=0xffe0 lui=0x8000
PASS | Input: 0x220 ImmSrc: 1 -> ext=0x220 lui=0x8000
PASS | Input: 0x612 ImmSrc: 0 -> ext=0x12 lui=0x4800
PASS | Input: 0x58b ImmSrc: 1 -> ext=0x58b lui=0x2c00
PASS | Input: 0x947 ImmSrc: 1 -> ext=0xf947 lui=0x1c00
PASS | Input: 0xb8d ImmSrc: 0 -> ext=0xd lui=0x3400
PASS | Input: 0xdfd ImmSrc: 1 -> ext=0xfdfd lui=0xf400
PASS | Input: 0x18b ImmSrc: 0 -> ext=0xb lui=0x2c00
PASS | Input: 0xb6 ImmSrc: 1 -> ext=0xb6 lui=0xd800
PASS | Input: 0x4a3 ImmSrc: 0 -> ext=0xffe3 lui=0x8c00
PASS | Input: 0x1e3 ImmSrc: 1 -> ext=0x1e3 lui=0x8c00
PASS | Input: 0x37 ImmSrc: 0 -> ext=0xfff7 lui=0xdc00
PASS | Input: 0x42a ImmSrc: 0 -> ext=0xffea lui=0xa800
PASS | Input: 0x378 ImmSrc: 1 -> ext=0x378 lui=0xe000
PASS | Input: 0xda5 ImmSrc: 1 -> ext=0xfda5 lui=0x9400
PASS | Input: 0x53c ImmSrc: 0 -> ext=0xfffc lui=0xf000
PASS | Input: 0x52a ImmSrc: 0 -> ext=0xffea lui=0xa800
PASS | Input: 0x304 ImmSrc: 0 -> ext=0x4 lui=0x1000
PASS | Input: 0x43f ImmSrc: 0 -> ext=0xffff lui=0xfc00
PASS | Input: 0xb7a ImmSrc: 0 -> ext=0xfffa lui=0xe800
PASS | Input: 0xfc4 ImmSrc: 1 -> ext=0xffc4 lui=0x1000
PASS | Input: 0x654 ImmSrc: 1 -> ext=0x654 lui=0x5000
PASS | Input: 0x8f7 ImmSrc: 0 -> ext=0xfff7 lui=0xdc00
PASS | Input: 0x2df ImmSrc: 1 -> ext=0x2df lui=0x7c00
PASS | Input: 0x3e7 ImmSrc: 1 -> ext=0x3e7 lui=0x9c00
PASS | Input: 0xc1b ImmSrc: 1 -> ext=0xfc1b lui=0x6c00
PASS | Input: 0x7e5 ImmSrc: 1 -> ext=0x7e5 lui=0x9400
PASS | Input: 0xb0 ImmSrc: 0 -> ext=0xfff0 lui=0xc000
PASS | Input: 0x21d ImmSrc: 1 -> ext=0x21d lui=0x7400
PASS | Input: 0x6a6 ImmSrc: 0 -> ext=0xffe6 lui=0x9800
PASS | Input: 0x1dd ImmSrc: 1 -> ext=0x1dd lui=0x7400
PASS | Input: 0xe27 ImmSrc: 1 -> ext=0xfe27 lui=0x9c00
PASS | Input: 0xdab ImmSrc: 0 -> ext=0xffeb lui=0xac00
PASS | Input: 0x230 ImmSrc: 1 -> ext=0x230 lui=0xc000
PASS | Input: 0x5bf ImmSrc: 0 -> ext=0xffff lui=0xfc00
PASS | Input: 0x17c ImmSrc: 0 -> ext=0xfffc lui=0xf000
PASS | Input: 0x204 ImmSrc: 1 -> ext=0x204 lui=0x1000
PASS | Input: 0x393 ImmSrc: 0 -> ext=0x13 lui=0x4c00
PASS | Input: 0x51d ImmSrc: 0 -> ext=0x1d lui=0x7400
PASS | Input: 0x742 ImmSrc: 1 -> ext=0x742 lui=0x800
PASS | Input: 0x5ab ImmSrc: 0 -> ext=0xffeb lui=0xac00
PASS | Input: 0x55e ImmSrc: 1 -> ext=0x55e lui=0x7800
PASS | Input: 0xe48 ImmSrc: 1 -> ext=0xfe48 lui=0x2000
PASS | Input: 0xe2d ImmSrc: 0 -> ext=0xffed lui=0xb400
PASS | Input: 0x6a ImmSrc: 1 -> ext=0x6a lui=0xa800
PASS | Input: 0xb43 ImmSrc: 1 -> ext=0xfb43 lui=0xc00
PASS | Input: 0x5ba ImmSrc: 0 -> ext=0xfffa lui=0xe800
PASS | Input: 0x935 ImmSrc: 1 -> ext=0xf935 lui=0xd400
PASS | Input: 0x6f1 ImmSrc: 0 -> ext=0xfff1 lui=0xc400
PASS | Input: 0x5f0 ImmSrc: 1 -> ext=0x5f0 lui=0xc000
PASS | Input: 0x4e5 ImmSrc: 1 -> ext=0x4e5 lui=0x9400
PASS | Input: 0x619 ImmSrc: 0 -> ext=0x19 lui=0x6400
PASS | Input: 0x9cb ImmSrc: 0 -> ext=0xb lui=0x2c00
PASS | Input: 0xf3e ImmSrc: 1 -> ext=0xff3e lui=0xf800
PASS | Input: 0xe57 ImmSrc: 1 -> ext=0xfe57 lui=0x5c00
PASS | Input: 0x841 ImmSrc: 0 -> ext=0x1 lui=0x400
PASS | Input: 0x5be ImmSrc: 0 -> ext=0xfffe lui=0xf800
PASS | Input: 0xec5 ImmSrc: 1 -> ext=0xfec5 lui=0x1400
PASS | Input: 0x74b ImmSrc: 0 -> ext=0xb lui=0x2c00
PASS | Input: 0xc01 ImmSrc: 1 -> ext=0xfc01 lui=0x400
PASS | Input: 0xd84 ImmSrc: 1 -> ext=0xfd84 lui=0x1000
PASS | Input: 0xece ImmSrc: 0 -> ext=0xe lui=0x3800
PASS | Input: 0x691 ImmSrc: 1 -> ext=0x691 lui=0x4400
PASS | Input: 0x23e ImmSrc: 1 -> ext=0x23e lui=0xf800
PASS | Input: 0xe7 ImmSrc: 1 -> ext=0xe7 lui=0x9c00
PASS | Input: 0x5a9 ImmSrc: 1 -> ext=0x5a9 lui=0xa400
PASS | Input: 0x2dc ImmSrc: 1 -> ext=0x2dc lui=0x7000
PASS | Input: 0xc70 ImmSrc: 0 -> ext=0xfff0 lui=0xc000
PASS | Input: 0xf3a ImmSrc: 0 -> ext=0xfffa lui=0xe800
PASS | Input: 0xd5e ImmSrc: 0 -> ext=0x1e lui=0x7800
PASS | Input: 0xa67 ImmSrc: 0 -> ext=0xffe7 lui=0x9c00
PASS | Input: 0xb01 ImmSrc: 0 -> ext=0x1 lui=0x400
PASS | Input: 0x736 ImmSrc: 1 -> ext=0x736 lui=0xd800
PASS | Input: 0x7bf ImmSrc: 0 -> ext=0xffff lui=0xfc00
PASS | Input: 0xc06 ImmSrc: 1 -> ext=0xfc06 lui=0x1800
PASS | Input: 0xa18 ImmSrc: 1 -> ext=0xfa18 lui=0x6000
PASS | Input: 0xa36 ImmSrc: 0 -> ext=0xfff6 lui=0xd800
PASS | Input: 0x4dc ImmSrc: 1 -> ext=0x4dc lui=0x7000
PASS | Input: 0xb91 ImmSrc: 0 -> ext=0x11 lui=0x4400
PASS | Input: 0xeb5 ImmSrc: 1 -> ext=0xfeb5 lui=0xd400
PASS | Input: 0x8cd ImmSrc: 1 -> ext=0xf8cd lui=0x3400
PASS | Input: 0x5d7 ImmSrc: 1 -> ext=0x5d7 lui=0x5c00
PASS | Input: 0x3a8 ImmSrc: 0 -> ext=0xffe8 lui=0xa000
PASS | Input: 0x437 ImmSrc: 1 -> ext=0x437 lui=0xdc00
PASS | Input: 0x2c7 ImmSrc: 0 -> ext=0x7 lui=0x1c00
PASS | Input: 0x816 ImmSrc: 1 -> ext=0xf816 lui=0x5800
PASS | Input: 0x6e7 ImmSrc: 1 -> ext=0x6e7 lui=0x9c00
PASS | Input: 0xc40 ImmSrc: 1 -> ext=0xfc40 lui=0x0
PASS | Input: 0x880 ImmSrc: 0 -> ext=0x0 lui=0x0
PASS | Input: 0xed5 ImmSrc: 1 -> ext=0xfed5 lui=0x5400
PASS | Input: 0x46a ImmSrc: 0 -> ext=0xffea lui=0xa800
PASS | Input: 0x8f4 ImmSrc: 1 -> ext=0xf8f4 lui=0xd000
PASS | Input: 0x9a1 ImmSrc: 0 -> ext=0xffe1 lui=0x8400
PASS | Input: 0x91c ImmSrc: 1 -> ext=0xf91c lui=0x7000
PASS | Input: 0xfbd ImmSrc: 0 -> ext=0xfffd lui=0xf400
PASS | Input: 0x9a1 ImmSrc: 1 -> ext=0xf9a1 lui=0x8400
PASS | Input: 0x33b ImmSrc: 1 -> ext=0x33b lui=0xec00
PASS | Input: 0x40e ImmSrc: 1 -> ext=0x40e lui=0x3800
PASS | Input: 0x225 ImmSrc: 1 -> ext=0x225 lui=0x9400
PASS | Input: 0xbbf ImmSrc: 0 -> ext=0xffff lui=0xfc00
PASS | Input: 0x940 ImmSrc: 1 -> ext=0xf940 lui=0x0
PASS | Input: 0x59f ImmSrc: 0 -> ext=0x1f lui=0x7c00
PASS | Input: 0x348 ImmSrc: 1 -> ext=0x348 lui=0x2000
PASS | Input: 0xe52 ImmSrc: 1 -> ext=0xfe52 lui=0x4800
PASS | Input: 0x95f ImmSrc: 0 -> ext=0x1f lui=0x7c00
PASS | Input: 0x7a7 ImmSrc: 0 -> ext=0xffe7 lui=0x9c00
PASS | Input: 0xd3d ImmSrc: 1 -> ext=0xfd3d lui=0xf400
PASS | Input: 0x7b1 ImmSrc: 0 -> ext=0xfff1 lui=0xc400
PASS | Input: 0x541 ImmSrc: 1 -> ext=0x541 lui=0x400
PASS | Input: 0xd53 ImmSrc: 0 -> ext=0x13 lui=0x4c00
PASS | Input: 0x1f6 ImmSrc: 0 -> ext=0xfff6 lui=0xd800
PASS | Input: 0x3a5 ImmSrc: 1 -> ext=0x3a5 lui=0x9400
PASS | Input: 0xc22 ImmSrc: 0 -> ext=0xffe2 lui=0x8800
PASS | Input: 0x4f9 ImmSrc: 0 -> ext=0xfff9 lui=0xe400
PASS | Input: 0x206 ImmSrc: 1 -> ext=0x206 lui=0x1800
PASS | Input: 0x1ed ImmSrc: 1 -> ext=0x1ed lui=0xb400
PASS | Input: 0xfcc ImmSrc: 0 -> ext=0xc lui=0x3000
PASS | Input: 0x4c ImmSrc: 0 -> ext=0xc lui=0x3000
PASS | Input: 0xcd4 ImmSrc: 0 -> ext=0x14 lui=0x5000
PASS | Input: 0x325 ImmSrc: 0 -> ext=0xffe5 lui=0x9400
PASS | Input: 0xaf1 ImmSrc: 1 -> ext=0xfaf1 lui=0xc400
PASS | Input: 0xeed ImmSrc: 1 -> ext=0xfeed lui=0xb400
PASS | Input: 0x220 ImmSrc: 0 -> ext=0xffe0 lui=0x8000
PASS | Input: 0x601 ImmSrc: 1 -> ext=0x601 lui=0x400
PASS | Input: 0x2e9 ImmSrc: 1 -> ext=0x2e9 lui=0xa400
PASS | Input: 0x160 ImmSrc: 0 -> ext=0xffe0 lui=0x8000
PASS | Input: 0x4ef ImmSrc: 1 -> ext=0x4ef lui=0xbc00
PASS | Input: 0xcf9 ImmSrc: 0 -> ext=0xfff9 lui=0xe400
PASS | Input: 0x4cc ImmSrc: 0 -> ext=0xc lui=0x3000
PASS | Input: 0x65e ImmSrc: 1 -> ext=0x65e lui=0x7800
PASS | Input: 0x1d8 ImmSrc: 1 -> ext=0x1d8 lui=0x6000
PASS | Input: 0x643 ImmSrc: 0 -> ext=0x3 lui=0xc00
PASS | Input: 0x3ea ImmSrc: 0 -> ext=0xffea lui=0xa800
PASS | Input: 0xc87 ImmSrc: 1 -> ext=0xfc87 lui=0x1c00
PASS | Input: 0x8ae ImmSrc: 1 -> ext=0xf8ae lui=0xb800
PASS | Input: 0x43e ImmSrc: 0 -> ext=0xfffe lui=0xf800
PASS | Input: 0xdaa ImmSrc: 0 -> ext=0xffea lui=0xa800
PASS | Input: 0x878 ImmSrc: 1 -> ext=0xf878 lui=0xe000
PASS | Input: 0xb8a ImmSrc: 1 -> ext=0xfb8a lui=0x2800
PASS | Input: 0x431 ImmSrc: 1 -> ext=0x431 lui=0xc400
PASS | Input: 0xc3 ImmSrc: 0 -> ext=0x3 lui=0xc00
PASS | Input: 0x53a ImmSrc: 1 -> ext=0x53a lui=0xe800
PASS | Input: 0x937 ImmSrc: 1 -> ext=0xf937 lui=0xdc00
PASS | Input: 0x76e ImmSrc: 0 -> ext=0xffee lui=0xb800
PASS | Input: 0xfd8 ImmSrc: 1 -> ext=0xffd8 lui=0x6000
PASS | Input: 0x719 ImmSrc: 0 -> ext=0x19 lui=0x6400
PASS | Input: 0xfd ImmSrc: 1 -> ext=0xfd lui=0xf400
PASS | Input: 0xcd6 ImmSrc: 0 -> ext=0x16 lui=0x5800
PASS | Input: 0x970 ImmSrc: 0 -> ext=0xfff0 lui=0xc000
PASS | Input: 0xad3 ImmSrc: 1 -> ext=0xfad3 lui=0x4c00
PASS | Input: 0x5ce ImmSrc: 1 -> ext=0x5ce lui=0x3800
PASS | Input: 0x6bb ImmSrc: 0 -> ext=0xfffb lui=0xec00
PASS | Input: 0xd57 ImmSrc: 1 -> ext=0xfd57 lui=0x5c00
PASS | Input: 0x12f ImmSrc: 1 -> ext=0x12f lui=0xbc00
PASS | Input: 0x2ca ImmSrc: 0 -> ext=0xa lui=0x2800
PASS | Input: 0x323 ImmSrc: 1 -> ext=0x323 lui=0x8c00
PASS | Input: 0xd52 ImmSrc: 0 -> ext=0x12 lui=0x4800
PASS | Input: 0xaee ImmSrc: 1 -> ext=0xfaee lui=0xb800
PASS | Input: 0xb33 ImmSrc: 0 -> ext=0xfff3 lui=0xcc00
PASS | Input: 0x26f ImmSrc: 0 -> ext=0xffef lui=0xbc00
PASS | Input: 0x93f ImmSrc: 1 -> ext=0xf93f lui=0xfc00
PASS | Input: 0x71d ImmSrc: 1 -> ext=0x71d lui=0x7400
PASS | Input: 0x1b3 ImmSrc: 1 -> ext=0x1b3 lui=0xcc00
PASS | Input: 0x456 ImmSrc: 1 -> ext=0x456 lui=0x5800
PASS | Input: 0xe8e ImmSrc: 1 -> ext=0xfe8e lui=0x3800
PASS | Input: 0x7c9 ImmSrc: 1 -> ext=0x7c9 lui=0x2400
PASS | Input: 0xf06 ImmSrc: 0 -> ext=0x6 lui=0x1800
PASS | Input: 0x94f ImmSrc: 1 -> ext=0xf94f lui=0x3c00
PASS | Input: 0xf1d ImmSrc: 0 -> ext=0x1d lui=0x7400
PASS | Input: 0x913 ImmSrc: 0 -> ext=0x13 lui=0x4c00
PASS | Input: 0x809 ImmSrc: 1 -> ext=0xf809 lui=0x2400
PASS | Input: 0x53 ImmSrc: 0 -> ext=0x13 lui=0x4c00
PASS | Input: 0xb70 ImmSrc: 0 -> ext=0xfff0 lui=0xc000
PASS | Input: 0xea2 ImmSrc: 0 -> ext=0xffe2 lui=0x8800
PASS | Input: 0xf22 ImmSrc: 1 -> ext=0xff22 lui=0x8800
PASS | Input: 0xcfb ImmSrc: 0 -> ext=0xfffb lui=0xec00
PASS | Input: 0x52 ImmSrc: 1 -> ext=0x52 lui=0x4800
PASS | Input: 0x776 ImmSrc: 0 -> ext=0xfff6 lui=0xd800
PASS | Input: 0xf0b ImmSrc: 1 -> ext=0xff0b lui=0x2c00
PASS | Input: 0xa0a ImmSrc: 0 -> ext=0xa lui=0x2800
PASS | Input: 0x3ca ImmSrc: 0 -> ext=0xa lui=0x2800
PASS | Input: 0x21b ImmSrc: 0 -> ext=0x1b lui=0x6c00
PASS | Input: 0xb00 ImmSrc: 1 -> ext=0xfb00 lui=0x0
PASS | Input: 0xa4a ImmSrc: 0 -> ext=0xa lui=0x2800
PASS | Input: 0x178 ImmSrc: 0 -> ext=0xfff8 lui=0xe000
PASS | Input: 0x13c ImmSrc: 1 -> ext=0x13c lui=0xf000
PASS | Input: 0x46 ImmSrc: 0 -> ext=0x6 lui=0x1800
PASS | Input: 0xfd3 ImmSrc: 0 -> ext=0x13 lui=0x4c00
PASS | Input: 0x851 ImmSrc: 1 -> ext=0xf851 lui=0x4400
PASS | Input: 0x295 ImmSrc: 1 -> ext=0x295 lui=0x5400
PASS | Input: 0x318 ImmSrc: 1 -> ext=0x318 lui=0x6000
PASS | Input: 0x7ad ImmSrc: 1 -> ext=0x7ad lui=0xb400
PASS | Input: 0xbba ImmSrc: 0 -> ext=0xfffa lui=0xe800
PASS | Input: 0x64a ImmSrc: 1 -> ext=0x64a lui=0x2800
PASS | Input: 0xef2 ImmSrc: 1 -> ext=0xfef2 lui=0xc800
PASS | Input: 0x1d1 ImmSrc: 1 -> ext=0x1d1 lui=0x4400
PASS | Input: 0x802 ImmSrc: 1 -> ext=0xf802 lui=0x800
PASS | Input: 0xe95 ImmSrc: 0 -> ext=0x15 lui=0x5400
PASS | Input: 0x63e ImmSrc: 1 -> ext=0x63e lui=0xf800
PASS | Input: 0xf8f ImmSrc: 1 -> ext=0xff8f lui=0x3c00
PASS | Input: 0x23d ImmSrc: 1 -> ext=0x23d lui=0xf400
PASS | Input: 0x9da ImmSrc: 1 -> ext=0xf9da lui=0x6800
PASS | Input: 0x958 ImmSrc: 0 -> ext=0x18 lui=0x6000
PASS | Input: 0xe4f ImmSrc: 1 -> ext=0xfe4f lui=0x3c00
PASS | Input: 0x57f ImmSrc: 0 -> ext=0xffff lui=0xfc00
PASS | Input: 0x71d ImmSrc: 1 -> ext=0x71d lui=0x7400
PASS | Input: 0x503 ImmSrc: 1 -> ext=0x503 lui=0xc00
PASS | Input: 0xb5 ImmSrc: 0 -> ext=0xfff5 lui=0xd400
PASS | Input: 0x578 ImmSrc: 1 -> ext=0x578 lui=0xe000
PASS | Input: 0x6d4 ImmSrc: 1 -> ext=0x6d4 lui=0x5000
PASS | Input: 0xe2c ImmSrc: 1 -> ext=0xfe2c lui=0xb000
PASS | Input: 0x622 ImmSrc: 0 -> ext=0xffe2 lui=0x8800
PASS | Input: 0xe6e ImmSrc: 0 -> ext=0xffee lui=0xb800
PASS | Input: 0xa17 ImmSrc: 1 -> ext=0xfa17 lui=0x5c00
PASS | Input: 0x119 ImmSrc: 1 -> ext=0x119 lui=0x6400
PASS | Input: 0x9c ImmSrc: 1 -> ext=0x9c lui=0x7000
PASS | Input: 0x299 ImmSrc: 0 -> ext=0x19 lui=0x6400
PASS | Input: 0x235 ImmSrc: 0 -> ext=0xfff5 lui=0xd400
PASS | Input: 0xff0 ImmSrc: 0 -> ext=0xfff0 lui=0xc000
PASS | Input: 0xd0a ImmSrc: 1 -> ext=0xfd0a lui=0x2800
PASS | Input: 0x2dc ImmSrc: 0 -> ext=0x1c lui=0x7000
PASS | Input: 0xaa9 ImmSrc: 0 -> ext=0xffe9 lui=0xa400
PASS | Input: 0x8aa ImmSrc: 1 -> ext=0xf8aa lui=0xa800
PASS | Input: 0xbdc ImmSrc: 1 -> ext=0xfbdc lui=0x7000
PASS | Input: 0xee3 ImmSrc: 0 -> ext=0xffe3 lui=0x8c00
PASS | Input: 0x969 ImmSrc: 1 -> ext=0xf969 lui=0xa400
PASS | Input: 0xc55 ImmSrc: 1 -> ext=0xfc55 lui=0x5400
PASS | Input: 0xc0d ImmSrc: 1 -> ext=0xfc0d lui=0x3400
PASS | Input: 0x29b ImmSrc: 1 -> ext=0x29b lui=0x6c00
PASS | Input: 0x79c ImmSrc: 0 -> ext=0x1c lui=0x7000
PASS | Input: 0xdc3 ImmSrc: 1 -> ext=0xfdc3 lui=0xc00
PASS | Input: 0x286 ImmSrc: 0 -> ext=0x6 lui=0x1800
PASS | Input: 0x510 ImmSrc: 0 -> ext=0x10 lui=0x4000
PASS | Input: 0xaae ImmSrc: 0 -> ext=0xffee lui=0xb800
PASS | Input: 0x796 ImmSrc: 0 -> ext=0x16 lui=0x5800
PASS | Input: 0xbdf ImmSrc: 1 -> ext=0xfbdf lui=0x7c00
PASS | Input: 0xa4 ImmSrc: 1 -> ext=0xa4 lui=0x9000
PASS | Input: 0x1bd ImmSrc: 0 -> ext=0xfffd lui=0xf400
PASS | Input: 0xdaa ImmSrc: 0 -> ext=0xffea lui=0xa800
PASS | Input: 0x484 ImmSrc: 1 -> ext=0x484 lui=0x1000
PASS | Input: 0x6ad ImmSrc: 0 -> ext=0xffed lui=0xb400
PASS | Input: 0x974 ImmSrc: 0 -> ext=0xfff4 lui=0xd000
PASS | Input: 0xddf ImmSrc: 1 -> ext=0xfddf lui=0x7c00
PASS | Input: 0x539 ImmSrc: 1 -> ext=0x539 lui=0xe400
PASS | Input: 0x872 ImmSrc: 0 -> ext=0xfff2 lui=0xc800
PASS | Input: 0x437 ImmSrc: 1 -> ext=0x437 lui=0xdc00
PASS | Input: 0x845 ImmSrc: 0 -> ext=0x5 lui=0x1400
PASS | Input: 0x5fb ImmSrc: 1 -> ext=0x5fb lui=0xec00
PASS | Input: 0x77f ImmSrc: 0 -> ext=0xffff lui=0xfc00
PASS | Input: 0x2bc ImmSrc: 0 -> ext=0xfffc lui=0xf000
PASS | Input: 0xea8 ImmSrc: 1 -> ext=0xfea8 lui=0xa000
PASS | Input: 0x941 ImmSrc: 1 -> ext=0xf941 lui=0x400
PASS | Input: 0xf68 ImmSrc: 1 -> ext=0xff68 lui=0xa000
PASS | Input: 0x4f9 ImmSrc: 1 -> ext=0x4f9 lui=0xe400
PASS | Input: 0x178 ImmSrc: 1 -> ext=0x178 lui=0xe000
PASS | Input: 0x1a6 ImmSrc: 0 -> ext=0xffe6 lui=0x9800
PASS | Input: 0xdf ImmSrc: 1 -> ext=0xdf lui=0x7c00
PASS | Input: 0x97a ImmSrc: 1 -> ext=0xf97a lui=0xe800
PASS | Input: 0xc17 ImmSrc: 1 -> ext=0xfc17 lui=0x5c00
PASS | Input: 0xbe5 ImmSrc: 1 -> ext=0xfbe5 lui=0x9400
PASS | Input: 0xe2f ImmSrc: 0 -> ext=0xffef lui=0xbc00
PASS | Input: 0x112 ImmSrc: 0 -> ext=0x12 lui=0x4800
PASS | Input: 0x282 ImmSrc: 1 -> ext=0x282 lui=0x800
PASS | Input: 0x73f ImmSrc: 1 -> ext=0x73f lui=0xfc00
PASS | Input: 0x71b ImmSrc: 1 -> ext=0x71b lui=0x6c00
PASS | Input: 0xaf0 ImmSrc: 1 -> ext=0xfaf0 lui=0xc000
PASS | Input: 0x65f ImmSrc: 0 -> ext=0x1f lui=0x7c00
PASS | Input: 0x63d ImmSrc: 1 -> ext=0x63d lui=0xf400
PASS | Input: 0xa14 ImmSrc: 1 -> ext=0xfa14 lui=0x5000
PASS | Input: 0x913 ImmSrc: 0 -> ext=0x13 lui=0x4c00
PASS | Input: 0x362 ImmSrc: 1 -> ext=0x362 lui=0x8800
PASS | Input: 0xbd4 ImmSrc: 1 -> ext=0xfbd4 lui=0x5000
PASS | Input: 0xad9 ImmSrc: 1 -> ext=0xfad9 lui=0x6400
PASS | Input: 0x916 ImmSrc: 1 -> ext=0xf916 lui=0x5800
PASS | Input: 0xb20 ImmSrc: 0 -> ext=0xffe0 lui=0x8000
PASS | Input: 0xe8 ImmSrc: 1 -> ext=0xe8 lui=0xa000
PASS | Input: 0x46b ImmSrc: 1 -> ext=0x46b lui=0xac00
PASS | Input: 0xd6e ImmSrc: 0 -> ext=0xffee lui=0xb800
PASS | Input: 0xe34 ImmSrc: 0 -> ext=0xfff4 lui=0xd000
PASS | Input: 0x830 ImmSrc: 0 -> ext=0xfff0 lui=0xc000
PASS | Input: 0x871 ImmSrc: 0 -> ext=0xfff1 lui=0xc400
PASS | Input: 0x2f3 ImmSrc: 1 -> ext=0x2f3 lui=0xcc00
PASS | Input: 0xcca ImmSrc: 0 -> ext=0xa lui=0x2800
PASS | Input: 0x673 ImmSrc: 1 -> ext=0x673 lui=0xcc00
PASS | Input: 0x9eb ImmSrc: 1 -> ext=0xf9eb lui=0xac00
PASS | Input: 0xcd8 ImmSrc: 1 -> ext=0xfcd8 lui=0x6000
PASS | Input: 0x68f ImmSrc: 0 -> ext=0xf lui=0x3c00
PASS | Input: 0x535 ImmSrc: 0 -> ext=0xfff5 lui=0xd400
PASS | Input: 0x353 ImmSrc: 0 -> ext=0x13 lui=0x4c00
PASS | Input: 0x8fe ImmSrc: 1 -> ext=0xf8fe lui=0xf800
PASS | Input: 0xbf7 ImmSrc: 0 -> ext=0xfff7 lui=0xdc00
PASS | Input: 0x7b2 ImmSrc: 0 -> ext=0xfff2 lui=0xc800
PASS | Input: 0x813 ImmSrc: 0 -> ext=0x13 lui=0x4c00
PASS | Input: 0x8a6 ImmSrc: 0 -> ext=0xffe6 lui=0x9800
PASS | Input: 0xaea ImmSrc: 0 -> ext=0xffea lui=0xa800
PASS | Input: 0xc42 ImmSrc: 0 -> ext=0x2 lui=0x800
PASS | Input: 0xb64 ImmSrc: 0 -> ext=0xffe4 lui=0x9000
PASS | Input: 0xb83 ImmSrc: 1 -> ext=0xfb83 lui=0xc00
PASS | Input: 0x4d1 ImmSrc: 0 -> ext=0x11 lui=0x4400
PASS | Input: 0x421 ImmSrc: 0 -> ext=0xffe1 lui=0x8400
PASS | Input: 0x687 ImmSrc: 0 -> ext=0x7 lui=0x1c00
PASS | Input: 0x12f ImmSrc: 0 -> ext=0xffef lui=0xbc00
PASS | Input: 0xbfb ImmSrc: 0 -> ext=0xfffb lui=0xec00
PASS | Input: 0xf8c ImmSrc: 0 -> ext=0xc lui=0x3000
PASS | Input: 0xc5f ImmSrc: 0 -> ext=0x1f lui=0x7c00
PASS | Input: 0xafd ImmSrc: 1 -> ext=0xfafd lui=0xf400
PASS | Input: 0xa6e ImmSrc: 1 -> ext=0xfa6e lui=0xb800
PASS | Input: 0xc49 ImmSrc: 0 -> ext=0x9 lui=0x2400
PASS | Input: 0xe6f ImmSrc: 0 -> ext=0xffef lui=0xbc00
PASS | Input: 0x42c ImmSrc: 1 -> ext=0x42c lui=0xb000
PASS | Input: 0x411 ImmSrc: 1 -> ext=0x411 lui=0x4400
PASS | Input: 0xe84 ImmSrc: 1 -> ext=0xfe84 lui=0x1000
PASS | Input: 0xb33 ImmSrc: 0 -> ext=0xfff3 lui=0xcc00
PASS | Input: 0x47a ImmSrc: 1 -> ext=0x47a lui=0xe800
PASS | Input: 0xc33 ImmSrc: 0 -> ext=0xfff3 lui=0xcc00
PASS | Input: 0x219 ImmSrc: 1 -> ext=0x219 lui=0x6400
PASS | Input: 0x3da ImmSrc: 1 -> ext=0x3da lui=0x6800
PASS | Input: 0x517 ImmSrc: 1 -> ext=0x517 lui=0x5c00
PASS | Input: 0xc7c ImmSrc: 0 -> ext=0xfffc lui=0xf000
PASS | Input: 0x832 ImmSrc: 1 -> ext=0xf832 lui=0xc800
PASS | Input: 0x765 ImmSrc: 0 -> ext=0xffe5 lui=0x9400
PASS | Input: 0xbf8 ImmSrc: 0 -> ext=0xfff8 lui=0xe000
PASS | Input: 0x932 ImmSrc: 1 -> ext=0xf932 lui=0xc800
PASS | Input: 0x34c ImmSrc: 0 -> ext=0xc lui=0x3000
PASS | Input: 0x51d ImmSrc: 1 -> ext=0x51d lui=0x7400
PASS | Input: 0x38b ImmSrc: 0 -> ext=0xb lui=0x2c00
PASS | Input: 0xe8 ImmSrc: 1 -> ext=0xe8 lui=0xa000
PASS | Input: 0x19a ImmSrc: 1 -> ext=0x19a lui=0x6800
PASS | Input: 0xc71 ImmSrc: 1 -> ext=0xfc71 lui=0xc400
PASS | Input: 0xcc8 ImmSrc: 0 -> ext=0x8 lui=0x2000
PASS | Input: 0x389 ImmSrc: 0 -> ext=0x9 lui=0x2400
PASS | Input: 0x1c6 ImmSrc: 0 -> ext=0x6 lui=0x1800
PASS | Input: 0x30 ImmSrc: 0 -> ext=0xfff0 lui=0xc000
PASS | Input: 0xba5 ImmSrc: 1 -> ext=0xfba5 lui=0x9400
PASS | Input: 0xc0 ImmSrc: 1 -> ext=0xc0 lui=0x0
PASS | Input: 0x418 ImmSrc: 1 -> ext=0x418 lui=0x6000
PASS | Input: 0xf26 ImmSrc: 0 -> ext=0xffe6 lui=0x9800
PASS | Input: 0xbeb ImmSrc: 0 -> ext=0xffeb lui=0xac00
PASS | Input: 0x9c6 ImmSrc: 1 -> ext=0xf9c6 lui=0x1800
PASS | Input: 0xbf4 ImmSrc: 1 -> ext=0xfbf4 lui=0xd000
PASS | Input: 0x814 ImmSrc: 0 -> ext=0x14 lui=0x5000
PASS | Input: 0xe64 ImmSrc: 1 -> ext=0xfe64 lui=0x9000
PASS | Input: 0xc8a ImmSrc: 0 -> ext=0xa lui=0x2800
PASS | Input: 0x3c2 ImmSrc: 1 -> ext=0x3c2 lui=0x800
PASS | Input: 0xf0b ImmSrc: 0 -> ext=0xb lui=0x2c00
PASS | Input: 0x474 ImmSrc: 1 -> ext=0x474 lui=0xd000
PASS | Input: 0xa42 ImmSrc: 0 -> ext=0x2 lui=0x800
PASS | Input: 0xf2c ImmSrc: 0 -> ext=0xffec lui=0xb000
PASS | Input: 0xe2b ImmSrc: 1 -> ext=0xfe2b lui=0xac00
PASS | Input: 0xe08 ImmSrc: 1 -> ext=0xfe08 lui=0x2000
PASS | Input: 0x54d ImmSrc: 1 -> ext=0x54d lui=0x3400
PASS | Input: 0xfc7 ImmSrc: 1 -> ext=0xffc7 lui=0x1c00
PASS | Input: 0x9bb ImmSrc: 1 -> ext=0xf9bb lui=0xec00
PASS | Input: 0xbe9 ImmSrc: 1 -> ext=0xfbe9 lui=0xa400
PASS | Input: 0x885 ImmSrc: 0 -> ext=0x5 lui=0x1400
PASS | Input: 0xf ImmSrc: 0 -> ext=0xf lui=0x3c00
PASS | Input: 0xfa2 ImmSrc: 0 -> ext=0xffe2 lui=0x8800
PASS | Input: 0xa72 ImmSrc: 1 -> ext=0xfa72 lui=0xc800
PASS | Input: 0x9e9 ImmSrc: 1 -> ext=0xf9e9 lui=0xa400
PASS | Input: 0x4d0 ImmSrc: 0 -> ext=0x10 lui=0x4000
PASS | Input: 0xe46 ImmSrc: 1 -> ext=0xfe46 lui=0x1800
PASS | Input: 0xc9f ImmSrc: 1 -> ext=0xfc9f lui=0x7c00
PASS | Input: 0x2a5 ImmSrc: 0 -> ext=0xffe5 lui=0x9400
PASS | Input: 0xce6 ImmSrc: 1 -> ext=0xfce6 lui=0x9800
PASS | Input: 0xac6 ImmSrc: 0 -> ext=0x6 lui=0x1800
PASS | Input: 0x385 ImmSrc: 1 -> ext=0x385 lui=0x1400
PASS | Input: 0x680 ImmSrc: 0 -> ext=0x0 lui=0x0
PASS | Input: 0x960 ImmSrc: 0 -> ext=0xffe0 lui=0x8000
PASS | Input: 0x293 ImmSrc: 1 -> ext=0x293 lui=0x4c00
PASS | Input: 0xa1f ImmSrc: 1 -> ext=0xfa1f lui=0x7c00
PASS | Input: 0x8a4 ImmSrc: 0 -> ext=0xffe4 lui=0x9000
PASS | Input: 0x604 ImmSrc: 1 -> ext=0x604 lui=0x1000
PASS | Input: 0x46e ImmSrc: 1 -> ext=0x46e lui=0xb800
PASS | Input: 0x786 ImmSrc: 0 -> ext=0x6 lui=0x1800
PASS | Input: 0x3ce ImmSrc: 0 -> ext=0xe lui=0x3800
PASS | Input: 0x832 ImmSrc: 1 -> ext=0xf832 lui=0xc800
PASS | Input: 0xbf ImmSrc: 0 -> ext=0xffff lui=0xfc00
PASS | Input: 0x582 ImmSrc: 0 -> ext=0x2 lui=0x800
PASS | Input: 0x9d3 ImmSrc: 1 -> ext=0xf9d3 lui=0x4c00
PASS | Input: 0xc26 ImmSrc: 1 -> ext=0xfc26 lui=0x9800
PASS | Input: 0x954 ImmSrc: 1 -> ext=0xf954 lui=0x5000
PASS | Input: 0x77c ImmSrc: 0 -> ext=0xfffc lui=0xf000
PASS | Input: 0xa8f ImmSrc: 0 -> ext=0xf lui=0x3c00
PASS | Input: 0x29c ImmSrc: 0 -> ext=0x1c lui=0x7000
PASS | Input: 0xa79 ImmSrc: 0 -> ext=0xfff9 lui=0xe400
PASS | Input: 0xdd2 ImmSrc: 1 -> ext=0xfdd2 lui=0x4800
PASS | Input: 0x62f ImmSrc: 1 -> ext=0x62f lui=0xbc00
PASS | Input: 0xcd2 ImmSrc: 0 -> ext=0x12 lui=0x4800
PASS | Input: 0x977 ImmSrc: 0 -> ext=0xfff7 lui=0xdc00
PASS | Input: 0x38c ImmSrc: 1 -> ext=0x38c lui=0x3000
PASS | Input: 0xedb ImmSrc: 1 -> ext=0xfedb lui=0x6c00
PASS | Input: 0xaed ImmSrc: 1 -> ext=0xfaed lui=0xb400
PASS | Input: 0x26a ImmSrc: 1 -> ext=0x26a lui=0xa800
PASS | Input: 0xe6c ImmSrc: 1 -> ext=0xfe6c lui=0xb000
PASS | Input: 0x1c3 ImmSrc: 0 -> ext=0x3 lui=0xc00
PASS | Input: 0xab8 ImmSrc: 1 -> ext=0xfab8 lui=0xe000
PASS | Input: 0x77e ImmSrc: 0 -> ext=0xfffe lui=0xf800
PASS | Input: 0xb61 ImmSrc: 0 -> ext=0xffe1 lui=0x8400
PASS | Input: 0xf88 ImmSrc: 1 -> ext=0xff88 lui=0x2000
PASS | Input: 0xccd ImmSrc: 1 -> ext=0xfccd lui=0x3400
PASS | Input: 0x58d ImmSrc: 1 -> ext=0x58d lui=0x3400
PASS | Input: 0xd5d ImmSrc: 1 -> ext=0xfd5d lui=0x7400
PASS | Input: 0x608 ImmSrc: 1 -> ext=0x608 lui=0x2000
PASS | Input: 0x211 ImmSrc: 0 -> ext=0x11 lui=0x4400
PASS | Input: 0xe14 ImmSrc: 1 -> ext=0xfe14 lui=0x5000
PASS | Input: 0x85 ImmSrc: 0 -> ext=0x5 lui=0x1400
PASS | Input: 0xb89 ImmSrc: 0 -> ext=0x9 lui=0x2400
PASS | Input: 0xd9e ImmSrc: 1 -> ext=0xfd9e lui=0x7800
PASS | Input: 0x294 ImmSrc: 0 -> ext=0x14 lui=0x5000
PASS | Input: 0x7c5 ImmSrc: 1 -> ext=0x7c5 lui=0x1400
PASS | Input: 0x945 ImmSrc: 1 -> ext=0xf945 lui=0x1400
PASS | Input: 0x900 ImmSrc: 1 -> ext=0xf900 lui=0x0
PASS | Input: 0x349 ImmSrc: 1 -> ext=0x349 lui=0x2400
PASS | Input: 0xc4 ImmSrc: 0 -> ext=0x4 lui=0x1000
PASS | Input: 0x150 ImmSrc: 1 -> ext=0x150 lui=0x4000
PASS | Input: 0x8dc ImmSrc: 1 -> ext=0xf8dc lui=0x7000
PASS | Input: 0xf46 ImmSrc: 0 -> ext=0x6 lui=0x1800
PASS | Input: 0xc35 ImmSrc: 0 -> ext=0xfff5 lui=0xd400
PASS | Input: 0x7ec ImmSrc: 1 -> ext=0x7ec lui=0xb000
PASS | Input: 0xbf0 ImmSrc: 1 -> ext=0xfbf0 lui=0xc000
PASS | Input: 0x5f3 ImmSrc: 1 -> ext=0x5f3 lui=0xcc00
PASS | Input: 0xc8c ImmSrc: 1 -> ext=0xfc8c lui=0x3000
PASS | Input: 0x42b ImmSrc: 0 -> ext=0xffeb lui=0xac00
PASS | Input: 0xe7b ImmSrc: 1 -> ext=0xfe7b lui=0xec00
PASS | Input: 0x5e1 ImmSrc: 1 -> ext=0x5e1 lui=0x8400
PASS | Input: 0xf0e ImmSrc: 1 -> ext=0xff0e lui=0x3800
PASS | Input: 0xe00 ImmSrc: 1 -> ext=0xfe00 lui=0x0
PASS | Input: 0x7f8 ImmSrc: 0 -> ext=0xfff8 lui=0xe000
PASS | Input: 0x10e ImmSrc: 0 -> ext=0xe lui=0x3800
PASS | Input: 0x54b ImmSrc: 0 -> ext=0xb lui=0x2c00
PASS | Input: 0x5a6 ImmSrc: 1 -> ext=0x5a6 lui=0x9800
PASS | Input: 0x34a ImmSrc: 1 -> ext=0x34a lui=0x2800
PASS | Input: 0x677 ImmSrc: 0 -> ext=0xfff7 lui=0xdc00
PASS | Input: 0xce6 ImmSrc: 1 -> ext=0xfce6 lui=0x9800
PASS | Input: 0x46e ImmSrc: 1 -> ext=0x46e lui=0xb800
PASS | Input: 0x136 ImmSrc: 0 -> ext=0xfff6 lui=0xd800
PASS | Input: 0x91a ImmSrc: 1 -> ext=0xf91a lui=0x6800
PASS | Input: 0x9d2 ImmSrc: 0 -> ext=0x12 lui=0x4800
PASS | Input: 0xea ImmSrc: 1 -> ext=0xea lui=0xa800
PASS | Input: 0x150 ImmSrc: 0 -> ext=0x10 lui=0x4000
PASS | Input: 0x64f ImmSrc: 1 -> ext=0x64f lui=0x3c00
PASS | Input: 0x6e0 ImmSrc: 0 -> ext=0xffe0 lui=0x8000
PASS | Input: 0x674 ImmSrc: 0 -> ext=0xfff4 lui=0xd000
PASS | Input: 0x534 ImmSrc: 0 -> ext=0xfff4 lui=0xd000
PASS | Input: 0xf80 ImmSrc: 0 -> ext=0x0 lui=0x0
PASS | Input: 0x8b3 ImmSrc: 0 -> ext=0xfff3 lui=0xcc00
PASS | Input: 0x81e ImmSrc: 1 -> ext=0xf81e lui=0x7800
PASS | Input: 0xc30 ImmSrc: 1 -> ext=0xfc30 lui=0xc000
PASS | Input: 0x147 ImmSrc: 0 -> ext=0x7 lui=0x1c00
PASS | Input: 0xd13 ImmSrc: 0 -> ext=0x13 lui=0x4c00
PASS | Input: 0x4fa ImmSrc: 1 -> ext=0x4fa lui=0xe800
PASS | Input: 0x743 ImmSrc: 0 -> ext=0x3 lui=0xc00
PASS | Input: 0xfea ImmSrc: 1 -> ext=0xffea lui=0xa800
PASS | Input: 0x4a1 ImmSrc: 0 -> ext=0xffe1 lui=0x8400
PASS | Input: 0xdc7 ImmSrc: 1 -> ext=0xfdc7 lui=0x1c00
PASS | Input: 0x583 ImmSrc: 0 -> ext=0x3 lui=0xc00
PASS | Input: 0x932 ImmSrc: 1 -> ext=0xf932 lui=0xc800
PASS | Input: 0xee9 ImmSrc: 1 -> ext=0xfee9 lui=0xa400
PASS | Input: 0xff9 ImmSrc: 0 -> ext=0xfff9 lui=0xe400
PASS | Input: 0x4df ImmSrc: 1 -> ext=0x4df lui=0x7c00
PASS | Input: 0xbaa ImmSrc: 0 -> ext=0xffea lui=0xa800
PASS | Input: 0xcd3 ImmSrc: 1 -> ext=0xfcd3 lui=0x4c00
PASS | Input: 0xa26 ImmSrc: 0 -> ext=0xffe6 lui=0x9800
PASS | Input: 0x73f ImmSrc: 1 -> ext=0x73f lui=0xfc00
PASS | Input: 0xb38 ImmSrc: 0 -> ext=0xfff8 lui=0xe000
PASS | Input: 0xd7a ImmSrc: 1 -> ext=0xfd7a lui=0xe800
PASS | Input: 0x5d4 ImmSrc: 0 -> ext=0x14 lui=0x5000
PASS | Input: 0xc0c ImmSrc: 0 -> ext=0xc lui=0x3000
PASS | Input: 0x518 ImmSrc: 1 -> ext=0x518 lui=0x6000
PASS | Input: 0x15d ImmSrc: 1 -> ext=0x15d lui=0x7400
PASS | Input: 0x69c ImmSrc: 1 -> ext=0x69c lui=0x7000
PASS | Input: 0x611 ImmSrc: 1 -> ext=0x611 lui=0x4400
PASS | Input: 0x937 ImmSrc: 0 -> ext=0xfff7 lui=0xdc00
PASS | Input: 0x9f2 ImmSrc: 0 -> ext=0xfff2 lui=0xc800
PASS | Input: 0x4be ImmSrc: 0 -> ext=0xfffe lui=0xf800
PASS | Input: 0x3bb ImmSrc: 0 -> ext=0xfffb lui=0xec00
PASS | Input: 0x8ef ImmSrc: 0 -> ext=0xffef lui=0xbc00
PASS | Input: 0x199 ImmSrc: 1 -> ext=0x199 lui=0x6400
PASS | Input: 0xf05 ImmSrc: 1 -> ext=0xff05 lui=0x1400
PASS | Input: 0x1c1 ImmSrc: 0 -> ext=0x1 lui=0x400
PASS | Input: 0x522 ImmSrc: 0 -> ext=0xffe2 lui=0x8800
PASS | Input: 0xfee ImmSrc: 1 -> ext=0xffee lui=0xb800
PASS | Input: 0x217 ImmSrc: 0 -> ext=0x17 lui=0x5c00
PASS | Input: 0x223 ImmSrc: 0 -> ext=0xffe3 lui=0x8c00
PASS | Input: 0x9b2 ImmSrc: 1 -> ext=0xf9b2 lui=0xc800
PASS | Input: 0xc7f ImmSrc: 0 -> ext=0xffff lui=0xfc00
PASS | Input: 0x31c ImmSrc: 1 -> ext=0x31c lui=0x7000
PASS | Input: 0x98f ImmSrc: 1 -> ext=0xf98f lui=0x3c00
PASS | Input: 0xa62 ImmSrc: 0 -> ext=0xffe2 lui=0x8800
PASS | Input: 0x1dc ImmSrc: 1 -> ext=0x1dc lui=0x7000
PASS | Input: 0xdcb ImmSrc: 1 -> ext=0xfdcb lui=0x2c00
PASS | Input: 0x125 ImmSrc: 0 -> ext=0xffe5 lui=0x9400
PASS | Input: 0x709 ImmSrc: 1 -> ext=0x709 lui=0x2400
PASS | Input: 0x70b ImmSrc: 1 -> ext=0x70b lui=0x2c00
PASS | Input: 0x3d8 ImmSrc: 1 -> ext=0x3d8 lui=0x6000
PASS | Input: 0xa96 ImmSrc: 1 -> ext=0xfa96 lui=0x5800
PASS | Input: 0xd35 ImmSrc: 0 -> ext=0xfff5 lui=0xd400
PASS | Input: 0xf5c ImmSrc: 1 -> ext=0xff5c lui=0x7000
PASS | Input: 0x3b7 ImmSrc: 0 -> ext=0xfff7 lui=0xdc00
PASS | Input: 0xaad ImmSrc: 0 -> ext=0xffed lui=0xb400
PASS | Input: 0xf21 ImmSrc: 0 -> ext=0xffe1 lui=0x8400
PASS | Input: 0xa9a ImmSrc: 1 -> ext=0xfa9a lui=0x6800
PASS | Input: 0xecf ImmSrc: 1 -> ext=0xfecf lui=0x3c00
PASS | Input: 0xa2b ImmSrc: 1 -> ext=0xfa2b lui=0xac00
PASS | Input: 0xc10 ImmSrc: 0 -> ext=0x10 lui=0x4000
PASS | Input: 0x99f ImmSrc: 0 -> ext=0x1f lui=0x7c00
PASS | Input: 0x501 ImmSrc: 1 -> ext=0x501 lui=0x400
PASS | Input: 0xf0f ImmSrc: 0 -> ext=0xf lui=0x3c00
PASS | Input: 0x40b ImmSrc: 0 -> ext=0xb lui=0x2c00
PASS | Input: 0xb48 ImmSrc: 0 -> ext=0x8 lui=0x2000
PASS | Input: 0x794 ImmSrc: 0 -> ext=0x14 lui=0x5000
PASS | Input: 0x639 ImmSrc: 1 -> ext=0x639 lui=0xe400
PASS | Input: 0x6fb ImmSrc: 0 -> ext=0xfffb lui=0xec00
PASS | Input: 0xfc8 ImmSrc: 0 -> ext=0x8 lui=0x2000
PASS | Input: 0x380 ImmSrc: 1 -> ext=0x380 lui=0x0
PASS | Input: 0x16a ImmSrc: 0 -> ext=0xffea lui=0xa800
PASS | Input: 0x521 ImmSrc: 0 -> ext=0xffe1 lui=0x8400
PASS | Input: 0x657 ImmSrc: 0 -> ext=0x17 lui=0x5c00
PASS | Input: 0x917 ImmSrc: 1 -> ext=0xf917 lui=0x5c00
PASS | Input: 0xda9 ImmSrc: 1 -> ext=0xfda9 lui=0xa400
PASS | Input: 0xcf6 ImmSrc: 1 -> ext=0xfcf6 lui=0xd800
PASS | Input: 0x14a ImmSrc: 1 -> ext=0x14a lui=0x2800
PASS | Input: 0xd16 ImmSrc: 1 -> ext=0xfd16 lui=0x5800
PASS | Input: 0xc05 ImmSrc: 1 -> ext=0xfc05 lui=0x1400
PASS | Input: 0x60 ImmSrc: 0 -> ext=0xffe0 lui=0x8000
PASS | Input: 0xe86 ImmSrc: 1 -> ext=0xfe86 lui=0x1800
PASS | Input: 0x907 ImmSrc: 0 -> ext=0x7 lui=0x1c00
PASS | Input: 0xba ImmSrc: 1 -> ext=0xba lui=0xe800
PASS | Input: 0x154 ImmSrc: 0 -> ext=0x14 lui=0x5000
PASS | Input: 0xe4d ImmSrc: 0 -> ext=0xd lui=0x3400
PASS | Input: 0x115 ImmSrc: 0 -> ext=0x15 lui=0x5400
PASS | Input: 0x6b1 ImmSrc: 0 -> ext=0xfff1 lui=0xc400
PASS | Input: 0xbcb ImmSrc: 1 -> ext=0xfbcb lui=0x2c00
PASS | Input: 0x278 ImmSrc: 0 -> ext=0xfff8 lui=0xe000
PASS | Input: 0x52f ImmSrc: 1 -> ext=0x52f lui=0xbc00
PASS | Input: 0xf66 ImmSrc: 0 -> ext=0xffe6 lui=0x9800
PASS | Input: 0xf20 ImmSrc: 0 -> ext=0xffe0 lui=0x8000
PASS | Input: 0x807 ImmSrc: 1 -> ext=0xf807 lui=0x1c00
PASS | Input: 0x39a ImmSrc: 1 -> ext=0x39a lui=0x6800
PASS | Input: 0xd29 ImmSrc: 1 -> ext=0xfd29 lui=0xa400
PASS | Input: 0xeca ImmSrc: 1 -> ext=0xfeca lui=0x2800
PASS | Input: 0x312 ImmSrc: 0 -> ext=0x12 lui=0x4800
PASS | Input: 0xcd8 ImmSrc: 0 -> ext=0x18 lui=0x6000
PASS | Input: 0xbc2 ImmSrc: 0 -> ext=0x2 lui=0x800
PASS | Input: 0x879 ImmSrc: 0 -> ext=0xfff9 lui=0xe400
PASS | Input: 0xf21 ImmSrc: 0 -> ext=0xffe1 lui=0x8400
PASS | Input: 0xf2 ImmSrc: 1 -> ext=0xf2 lui=0xc800
PASS | Input: 0xd72 ImmSrc: 1 -> ext=0xfd72 lui=0xc800
PASS | Input: 0xf8c ImmSrc: 0 -> ext=0xc lui=0x3000
PASS | Input: 0xfd9 ImmSrc: 1 -> ext=0xffd9 lui=0x6400
PASS | Input: 0x27 ImmSrc: 0 -> ext=0xffe7 lui=0x9c00
PASS | Input: 0x259 ImmSrc: 1 -> ext=0x259 lui=0x6400
PASS | Input: 0x1f3 ImmSrc: 0 -> ext=0xfff3 lui=0xcc00
PASS | Input: 0x15 ImmSrc: 1 -> ext=0x15 lui=0x5400
PASS | Input: 0xaf5 ImmSrc: 0 -> ext=0xfff5 lui=0xd400
PASS | Input: 0xa38 ImmSrc: 1 -> ext=0xfa38 lui=0xe000
PASS | Input: 0xc65 ImmSrc: 0 -> ext=0xffe5 lui=0x9400
PASS | Input: 0x754 ImmSrc: 0 -> ext=0x14 lui=0x5000
PASS | Input: 0x182 ImmSrc: 1 -> ext=0x182 lui=0x800
PASS | Input: 0x492 ImmSrc: 1 -> ext=0x492 lui=0x4800
PASS | Input: 0x3fa ImmSrc: 0 -> ext=0xfffa lui=0xe800
PASS | Input: 0x18f ImmSrc: 1 -> ext=0x18f lui=0x3c00
PASS | Input: 0x6b ImmSrc: 0 -> ext=0xffeb lui=0xac00
PASS | Input: 0x333 ImmSrc: 1 -> ext=0x333 lui=0xcc00
PASS | Input: 0x52c ImmSrc: 0 -> ext=0xffec lui=0xb000
PASS | Input: 0xb6b ImmSrc: 1 -> ext=0xfb6b lui=0xac00
PASS | Input: 0xaea ImmSrc: 0 -> ext=0xffea lui=0xa800
PASS | Input: 0x50e ImmSrc: 0 -> ext=0xe lui=0x3800
PASS | Input: 0x2d ImmSrc: 1 -> ext=0x2d lui=0xb400
PASS | Input: 0xacc ImmSrc: 1 -> ext=0xfacc lui=0x3000
PASS | Input: 0x267 ImmSrc: 1 -> ext=0x267 lui=0x9c00
PASS | Input: 0x983 ImmSrc: 0 -> ext=0x3 lui=0xc00
PASS | Input: 0x8a2 ImmSrc: 0 -> ext=0xffe2 lui=0x8800
PASS | Input: 0xbc8 ImmSrc: 1 -> ext=0xfbc8 lui=0x2000
PASS | Input: 0x35e ImmSrc: 0 -> ext=0x1e lui=0x7800
PASS | Input: 0xe04 ImmSrc: 1 -> ext=0xfe04 lui=0x1000
PASS | Input: 0xcc1 ImmSrc: 1 -> ext=0xfcc1 lui=0x400
PASS | Input: 0x1fb ImmSrc: 1 -> ext=0x1fb lui=0xec00
PASS | Input: 0xfab ImmSrc: 0 -> ext=0xffeb lui=0xac00
PASS | Input: 0x814 ImmSrc: 0 -> ext=0x14 lui=0x5000
PASS | Input: 0xbc9 ImmSrc: 1 -> ext=0xfbc9 lui=0x2400
PASS | Input: 0x838 ImmSrc: 0 -> ext=0xfff8 lui=0xe000
PASS | Input: 0x639 ImmSrc: 1 -> ext=0x639 lui=0xe400
PASS | Input: 0x7aa ImmSrc: 0 -> ext=0xffea lui=0xa800
PASS | Input: 0x3e1 ImmSrc: 1 -> ext=0x3e1 lui=0x8400
PASS | Input: 0x29d ImmSrc: 0 -> ext=0x1d lui=0x7400
PASS | Input: 0x807 ImmSrc: 0 -> ext=0x7 lui=0x1c00
PASS | Input: 0x7f7 ImmSrc: 0 -> ext=0xfff7 lui=0xdc00
PASS | Input: 0x74c ImmSrc: 1 -> ext=0x74c lui=0x3000
PASS | Input: 0x107 ImmSrc: 1 -> ext=0x107 lui=0x1c00
PASS | Input: 0x697 ImmSrc: 1 -> ext=0x697 lui=0x5c00
PASS | Input: 0xa89 ImmSrc: 0 -> ext=0x9 lui=0x2400
PASS | Input: 0x50d ImmSrc: 0 -> ext=0xd lui=0x3400
PASS | Input: 0x1e3 ImmSrc: 0 -> ext=0xffe3 lui=0x8c00
PASS | Input: 0xfb7 ImmSrc: 0 -> ext=0xfff7 lui=0xdc00
PASS | Input: 0xcb ImmSrc: 0 -> ext=0xb lui=0x2c00
PASS | Input: 0xeda ImmSrc: 1 -> ext=0xfeda lui=0x6800
PASS | Input: 0x563 ImmSrc: 0 -> ext=0xffe3 lui=0x8c00
PASS | Input: 0x2ae ImmSrc: 0 -> ext=0xffee lui=0xb800
PASS | Input: 0x9ea ImmSrc: 1 -> ext=0xf9ea lui=0xa800
PASS | Input: 0x47c ImmSrc: 1 -> ext=0x47c lui=0xf000
PASS | Input: 0xb10 ImmSrc: 1 -> ext=0xfb10 lui=0x4000
PASS | Input: 0xc5 ImmSrc: 0 -> ext=0x5 lui=0x1400
PASS | Input: 0x517 ImmSrc: 0 -> ext=0x17 lui=0x5c00
PASS | Input: 0x487 ImmSrc: 1 -> ext=0x487 lui=0x1c00
PASS | Input: 0x5bc ImmSrc: 0 -> ext=0xfffc lui=0xf000
PASS | Input: 0xb33 ImmSrc: 0 -> ext=0xfff3 lui=0xcc00
PASS | Input: 0x42b ImmSrc: 1 -> ext=0x42b lui=0xac00
PASS | Input: 0xe78 ImmSrc: 0 -> ext=0xfff8 lui=0xe000
PASS | Input: 0x1d9 ImmSrc: 0 -> ext=0x19 lui=0x6400
PASS | Input: 0xe69 ImmSrc: 0 -> ext=0xffe9 lui=0xa400
PASS | Input: 0x6a9 ImmSrc: 0 -> ext=0xffe9 lui=0xa400
PASS | Input: 0x42d ImmSrc: 1 -> ext=0x42d lui=0xb400
PASS | Input: 0x25 ImmSrc: 0 -> ext=0xffe5 lui=0x9400
PASS | Input: 0xeba ImmSrc: 1 -> ext=0xfeba lui=0xe800
PASS | Input: 0xb24 ImmSrc: 0 -> ext=0xffe4 lui=0x9000
PASS | Input: 0x4c3 ImmSrc: 1 -> ext=0x4c3 lui=0xc00
PASS | Input: 0x2c4 ImmSrc: 0 -> ext=0x4 lui=0x1000
PASS | Input: 0x869 ImmSrc: 1 -> ext=0xf869 lui=0xa400
PASS | Input: 0x2fd ImmSrc: 0 -> ext=0xfffd lui=0xf400
PASS | Input: 0xcc ImmSrc: 1 -> ext=0xcc lui=0x3000
PASS | Input: 0x8b0 ImmSrc: 0 -> ext=0xfff0 lui=0xc000
PASS | Input: 0xd11 ImmSrc: 1 -> ext=0xfd11 lui=0x4400
PASS | Input: 0xe89 ImmSrc: 1 -> ext=0xfe89 lui=0x2400
PASS | Input: 0x9f2 ImmSrc: 1 -> ext=0xf9f2 lui=0xc800
PASS | Input: 0x18a ImmSrc: 1 -> ext=0x18a lui=0x2800
PASS | Input: 0xe76 ImmSrc: 0 -> ext=0xfff6 lui=0xd800
PASS | Input: 0xd94 ImmSrc: 0 -> ext=0x14 lui=0x5000
PASS | Input: 0xbe9 ImmSrc: 0 -> ext=0xffe9 lui=0xa400
PASS | Input: 0xdd1 ImmSrc: 0 -> ext=0x11 lui=0x4400
PASS | Input: 0x8a7 ImmSrc: 1 -> ext=0xf8a7 lui=0x9c00
PASS | Input: 0xe45 ImmSrc: 1 -> ext=0xfe45 lui=0x1400
PASS | Input: 0x6d2 ImmSrc: 1 -> ext=0x6d2 lui=0x4800
PASS | Input: 0xb73 ImmSrc: 0 -> ext=0xfff3 lui=0xcc00
PASS | Input: 0xf92 ImmSrc: 1 -> ext=0xff92 lui=0x4800
PASS | Input: 0x25d ImmSrc: 1 -> ext=0x25d lui=0x7400
PASS | Input: 0xeef ImmSrc: 1 -> ext=0xfeef lui=0xbc00
PASS | Input: 0xcbf ImmSrc: 1 -> ext=0xfcbf lui=0xfc00
PASS | Input: 0x1e7 ImmSrc: 0 -> ext=0xffe7 lui=0x9c00
PASS | Input: 0x8de ImmSrc: 1 -> ext=0xf8de lui=0x7800
PASS | Input: 0x1c4 ImmSrc: 0 -> ext=0x4 lui=0x1000
PASS | Input: 0x3ba ImmSrc: 1 -> ext=0x3ba lui=0xe800
PASS | Input: 0xd69 ImmSrc: 0 -> ext=0xffe9 lui=0xa400
PASS | Input: 0x20c ImmSrc: 0 -> ext=0xc lui=0x3000
PASS | Input: 0xe8e ImmSrc: 1 -> ext=0xfe8e lui=0x3800
PASS | Input: 0x9d1 ImmSrc: 1 -> ext=0xf9d1 lui=0x4400
PASS | Input: 0x498 ImmSrc: 1 -> ext=0x498 lui=0x6000
PASS | Input: 0x1d2 ImmSrc: 0 -> ext=0x12 lui=0x4800
PASS | Input: 0x81f ImmSrc: 1 -> ext=0xf81f lui=0x7c00
PASS | Input: 0x5ec ImmSrc: 0 -> ext=0xffec lui=0xb000
PASS | Input: 0x7b8 ImmSrc: 0 -> ext=0xfff8 lui=0xe000
PASS | Input: 0x82 ImmSrc: 1 -> ext=0x82 lui=0x800
PASS | Input: 0xc1a ImmSrc: 0 -> ext=0x1a lui=0x6800
PASS | Input: 0xe1 ImmSrc: 0 -> ext=0xffe1 lui=0x8400
PASS | Input: 0x540 ImmSrc: 0 -> ext=0x0 lui=0x0
PASS | Input: 0x3fa ImmSrc: 1 -> ext=0x3fa lui=0xe800
PASS | Input: 0xb8f ImmSrc: 1 -> ext=0xfb8f lui=0x3c00
PASS | Input: 0x246 ImmSrc: 1 -> ext=0x246 lui=0x1800
PASS | Input: 0xda6 ImmSrc: 1 -> ext=0xfda6 lui=0x9800
PASS | Input: 0x927 ImmSrc: 0 -> ext=0xffe7 lui=0x9c00
PASS | Input: 0x4f0 ImmSrc: 0 -> ext=0xfff0 lui=0xc000
PASS | Input: 0x7a8 ImmSrc: 0 -> ext=0xffe8 lui=0xa000
PASS | Input: 0x84 ImmSrc: 0 -> ext=0x4 lui=0x1000
PASS | Input: 0x3e8 ImmSrc: 0 -> ext=0xffe8 lui=0xa000
PASS | Input: 0x976 ImmSrc: 0 -> ext=0xfff6 lui=0xd800
PASS | Input: 0xc18 ImmSrc: 1 -> ext=0xfc18 lui=0x6000
PASS | Input: 0xf2a ImmSrc: 0 -> ext=0xffea lui=0xa800
PASS | Input: 0xf4f ImmSrc: 1 -> ext=0xff4f lui=0x3c00
PASS | Input: 0x9d0 ImmSrc: 0 -> ext=0x10 lui=0x4000
PASS | Input: 0x623 ImmSrc: 0 -> ext=0xffe3 lui=0x8c00
PASS | Input: 0x685 ImmSrc: 0 -> ext=0x5 lui=0x1400
PASS | Input: 0xe47 ImmSrc: 0 -> ext=0x7 lui=0x1c00
PASS | Input: 0x44b ImmSrc: 1 -> ext=0x44b lui=0x2c00
PASS | Input: 0x222 ImmSrc: 1 -> ext=0x222 lui=0x8800
PASS | Input: 0xc69 ImmSrc: 1 -> ext=0xfc69 lui=0xa400
PASS | Input: 0x96 ImmSrc: 1 -> ext=0x96 lui=0x5800
PASS | Input: 0xa40 ImmSrc: 0 -> ext=0x0 lui=0x0
PASS | Input: 0x2ef ImmSrc: 1 -> ext=0x2ef lui=0xbc00
PASS | Input: 0xa40 ImmSrc: 0 -> ext=0x0 lui=0x0
PASS | Input: 0x43d ImmSrc: 0 -> ext=0xfffd lui=0xf400
PASS | Input: 0xafb ImmSrc: 0 -> ext=0xfffb lui=0xec00
PASS | Input: 0x4f6 ImmSrc: 1 -> ext=0x4f6 lui=0xd800
PASS | Input: 0x512 ImmSrc: 1 -> ext=0x512 lui=0x4800
PASS | Input: 0xd40 ImmSrc: 0 -> ext=0x0 lui=0x0
PASS | Input: 0x7ec ImmSrc: 1 -> ext=0x7ec lui=0xb000
PASS | Input: 0xbab ImmSrc: 0 -> ext=0xffeb lui=0xac00
PASS | Input: 0xaf1 ImmSrc: 0 -> ext=0xfff1 lui=0xc400
PASS | Input: 0x9c7 ImmSrc: 1 -> ext=0xf9c7 lui=0x1c00
PASS | Input: 0xc49 ImmSrc: 1 -> ext=0xfc49 lui=0x2400
PASS | Input: 0x359 ImmSrc: 1 -> ext=0x359 lui=0x6400
PASS | Input: 0xbc4 ImmSrc: 0 -> ext=0x4 lui=0x1000
PASS | Input: 0x69e ImmSrc: 0 -> ext=0x1e lui=0x7800
PASS | Input: 0xe04 ImmSrc: 0 -> ext=0x4 lui=0x1000
PASS | Input: 0xf58 ImmSrc: 0 -> ext=0x18 lui=0x6000
PASS | Input: 0x773 ImmSrc: 0 -> ext=0xfff3 lui=0xcc00
PASS | Input: 0x61d ImmSrc: 1 -> ext=0x61d lui=0x7400
PASS | Input: 0xc2c ImmSrc: 1 -> ext=0xfc2c lui=0xb000
PASS | Input: 0xca0 ImmSrc: 0 -> ext=0xffe0 lui=0x8000
PASS | Input: 0xd6d ImmSrc: 1 -> ext=0xfd6d lui=0xb400
PASS | Input: 0xb67 ImmSrc: 0 -> ext=0xffe7 lui=0x9c00
PASS | Input: 0x4a0 ImmSrc: 1 -> ext=0x4a0 lui=0x8000
PASS | Input: 0xeb8 ImmSrc: 1 -> ext=0xfeb8 lui=0xe000
PASS | Input: 0xf9b ImmSrc: 1 -> ext=0xff9b lui=0x6c00
PASS | Input: 0x211 ImmSrc: 1 -> ext=0x211 lui=0x4400
PASS | Input: 0x731 ImmSrc: 1 -> ext=0x731 lui=0xc400
PASS | Input: 0x311 ImmSrc: 1 -> ext=0x311 lui=0x4400
PASS | Input: 0xaa5 ImmSrc: 1 -> ext=0xfaa5 lui=0x9400
PASS | Input: 0xc1f ImmSrc: 0 -> ext=0x1f lui=0x7c00
PASS | Input: 0x41b ImmSrc: 1 -> ext=0x41b lui=0x6c00
PASS | Input: 0xaaf ImmSrc: 1 -> ext=0xfaaf lui=0xbc00
PASS | Input: 0x39f ImmSrc: 1 -> ext=0x39f lui=0x7c00
PASS | Input: 0xa6e ImmSrc: 0 -> ext=0xffee lui=0xb800
PASS | Input: 0xfdc ImmSrc: 0 -> ext=0x1c lui=0x7000
PASS | Input: 0x444 ImmSrc: 0 -> ext=0x4 lui=0x1000
PASS | Input: 0x514 ImmSrc: 1 -> ext=0x514 lui=0x5000
PASS | Input: 0xb71 ImmSrc: 1 -> ext=0xfb71 lui=0xc400
PASS | Input: 0x77 ImmSrc: 1 -> ext=0x77 lui=0xdc00
PASS | Input: 0x2a0 ImmSrc: 1 -> ext=0x2a0 lui=0x8000
PASS | Input: 0x171 ImmSrc: 1 -> ext=0x171 lui=0xc400
PASS | Input: 0xc58 ImmSrc: 1 -> ext=0xfc58 lui=0x6000
PASS | Input: 0x5 ImmSrc: 0 -> ext=0x5 lui=0x1400
PASS | Input: 0x384 ImmSrc: 1 -> ext=0x384 lui=0x1000
PASS | Input: 0xacf ImmSrc: 1 -> ext=0xfacf lui=0x3c00
PASS | Input: 0x291 ImmSrc: 1 -> ext=0x291 lui=0x4400
PASS | Input: 0xabb ImmSrc: 1 -> ext=0xfabb lui=0xec00
PASS | Input: 0x6d4 ImmSrc: 1 -> ext=0x6d4 lui=0x5000
PASS | Input: 0xc1f ImmSrc: 0 -> ext=0x1f lui=0x7c00
PASS | Input: 0xdad ImmSrc: 1 -> ext=0xfdad lui=0xb400
PASS | Input: 0xe3a ImmSrc: 0 -> ext=0xfffa lui=0xe800
PASS | Input: 0xe2c ImmSrc: 1 -> ext=0xfe2c lui=0xb000
PASS | Input: 0xbb7 ImmSrc: 0 -> ext=0xfff7 lui=0xdc00
PASS | Input: 0x99f ImmSrc: 1 -> ext=0xf99f lui=0x7c00
PASS | Input: 0xe53 ImmSrc: 0 -> ext=0x13 lui=0x4c00
PASS | Input: 0x6d2 ImmSrc: 0 -> ext=0x12 lui=0x4800
PASS | Input: 0x537 ImmSrc: 0 -> ext=0xfff7 lui=0xdc00
PASS | Input: 0x764 ImmSrc: 0 -> ext=0xffe4 lui=0x9000
PASS | Input: 0xb1d ImmSrc: 0 -> ext=0x1d lui=0x7400
PASS | Input: 0x408 ImmSrc: 1 -> ext=0x408 lui=0x2000
PASS | Input: 0x8dc ImmSrc: 0 -> ext=0x1c lui=0x7000
PASS | Input: 0x802 ImmSrc: 0 -> ext=0x2 lui=0x800
PASS | Input: 0xe72 ImmSrc: 1 -> ext=0xfe72 lui=0xc800
PASS | Input: 0x3c3 ImmSrc: 0 -> ext=0x3 lui=0xc00
PASS | Input: 0x824 ImmSrc: 1 -> ext=0xf824 lui=0x9000
PASS | Input: 0xfef ImmSrc: 0 -> ext=0xffef lui=0xbc00
PASS | Input: 0xc9 ImmSrc: 1 -> ext=0xc9 lui=0x2400
PASS | Input: 0x7b7 ImmSrc: 1 -> ext=0x7b7 lui=0xdc00
PASS | Input: 0x3dd ImmSrc: 0 -> ext=0x1d lui=0x7400
PASS | Input: 0x6cd ImmSrc: 0 -> ext=0xd lui=0x3400
PASS | Input: 0xd70 ImmSrc: 1 -> ext=0xfd70 lui=0xc000
PASS | Input: 0xcd2 ImmSrc: 1 -> ext=0xfcd2 lui=0x4800
PASS | Input: 0x98d ImmSrc: 1 -> ext=0xf98d lui=0x3400
PASS | Input: 0x197 ImmSrc: 1 -> ext=0x197 lui=0x5c00
PASS | Input: 0x22a ImmSrc: 1 -> ext=0x22a lui=0xa800
PASS | Input: 0x509 ImmSrc: 1 -> ext=0x509 lui=0x2400
PASS | Input: 0x842 ImmSrc: 0 -> ext=0x2 lui=0x800
PASS | Input: 0x11b ImmSrc: 1 -> ext=0x11b lui=0x6c00
PASS | Input: 0x429 ImmSrc: 0 -> ext=0xffe9 lui=0xa400
PASS | Input: 0x18d ImmSrc: 1 -> ext=0x18d lui=0x3400
PASS | Input: 0x4b8 ImmSrc: 1 -> ext=0x4b8 lui=0xe000
PASS | Input: 0xe1 ImmSrc: 1 -> ext=0xe1 lui=0x8400
PASS | Input: 0x266 ImmSrc: 0 -> ext=0xffe6 lui=0x9800
PASS | Input: 0xf5e ImmSrc: 0 -> ext=0x1e lui=0x7800
PASS | Input: 0xae5 ImmSrc: 0 -> ext=0xffe5 lui=0x9400
PASS | Input: 0x46f ImmSrc: 0 -> ext=0xffef lui=0xbc00
PASS | Input: 0xb60 ImmSrc: 1 -> ext=0xfb60 lui=0x8000
PASS | Input: 0x40 ImmSrc: 0 -> ext=0x0 lui=0x0
PASS | Input: 0xce7 ImmSrc: 0 -> ext=0xffe7 lui=0x9c00
PASS | Input: 0xcea ImmSrc: 0 -> ext=0xffea lui=0xa800
PASS | Input: 0xc34 ImmSrc: 1 -> ext=0xfc34 lui=0xd000
PASS | Input: 0x40a ImmSrc: 1 -> ext=0x40a lui=0x2800
PASS | Input: 0x94b ImmSrc: 0 -> ext=0xb lui=0x2c00
PASS | Input: 0x719 ImmSrc: 0 -> ext=0x19 lui=0x6400
PASS | Input: 0xb1d ImmSrc: 0 -> ext=0x1d lui=0x7400
PASS | Input: 0xc5c ImmSrc: 0 -> ext=0x1c lui=0x7000
PASS | Input: 0xebc ImmSrc: 1 -> ext=0xfebc lui=0xf000
PASS | Input: 0x3c9 ImmSrc: 0 -> ext=0x9 lui=0x2400
PASS | Input: 0x345 ImmSrc: 1 -> ext=0x345 lui=0x1400
PASS | Input: 0x6b1 ImmSrc: 0 -> ext=0xfff1 lui=0xc400
PASS | Input: 0x308 ImmSrc: 1 -> ext=0x308 lui=0x2000
PASS | Input: 0x290 ImmSrc: 1 -> ext=0x290 lui=0x4000
PASS | Input: 0x60d ImmSrc: 1 -> ext=0x60d lui=0x3400
PASS | Input: 0x4d2 ImmSrc: 0 -> ext=0x12 lui=0x4800
PASS | Input: 0xf93 ImmSrc: 0 -> ext=0x13 lui=0x4c00
PASS | Input: 0x6ee ImmSrc: 0 -> ext=0xffee lui=0xb800
PASS | Input: 0x79d ImmSrc: 1 -> ext=0x79d lui=0x7400
PASS | Input: 0x5a8 ImmSrc: 0 -> ext=0xffe8 lui=0xa000
PASS | Input: 0x71c ImmSrc: 0 -> ext=0x1c lui=0x7000
PASS | Input: 0xdd4 ImmSrc: 0 -> ext=0x14 lui=0x5000
PASS | Input: 0xe4 ImmSrc: 0 -> ext=0xffe4 lui=0x9000
PASS | Input: 0x873 ImmSrc: 0 -> ext=0xfff3 lui=0xcc00
PASS | Input: 0xaea ImmSrc: 1 -> ext=0xfaea lui=0xa800
PASS | Input: 0x583 ImmSrc: 1 -> ext=0x583 lui=0xc00
PASS | Input: 0x4f5 ImmSrc: 0 -> ext=0xfff5 lui=0xd400
PASS | Input: 0xe58 ImmSrc: 0 -> ext=0x18 lui=0x6000
PASS | Input: 0x956 ImmSrc: 0 -> ext=0x16 lui=0x5800
PASS | Input: 0x3d2 ImmSrc: 0 -> ext=0x12 lui=0x4800
PASS | Input: 0x5bb ImmSrc: 0 -> ext=0xfffb lui=0xec00
PASS | Input: 0x855 ImmSrc: 1 -> ext=0xf855 lui=0x5400
PASS | Input: 0x3b8 ImmSrc: 1 -> ext=0x3b8 lui=0xe000
PASS | Input: 0xcc ImmSrc: 1 -> ext=0xcc lui=0x3000
PASS | Input: 0xe1c ImmSrc: 0 -> ext=0x1c lui=0x7000
PASS | Input: 0x598 ImmSrc: 0 -> ext=0x18 lui=0x6000
PASS | Input: 0x7b0 ImmSrc: 1 -> ext=0x7b0 lui=0xc000
PASS | Input: 0x3bc ImmSrc: 0 -> ext=0xfffc lui=0xf000
PASS | Input: 0x56f ImmSrc: 1 -> ext=0x56f lui=0xbc00
PASS | Input: 0x42c ImmSrc: 1 -> ext=0x42c lui=0xb000
PASS | Input: 0x7d4 ImmSrc: 0 -> ext=0x14 lui=0x5000
PASS | Input: 0x886 ImmSrc: 1 -> ext=0xf886 lui=0x1800
PASS | Input: 0x658 ImmSrc: 0 -> ext=0x18 lui=0x6000
PASS | Input: 0x613 ImmSrc: 1 -> ext=0x613 lui=0x4c00
PASS | Input: 0x1b5 ImmSrc: 0 -> ext=0xfff5 lui=0xd400
PASS | Input: 0x171 ImmSrc: 1 -> ext=0x171 lui=0xc400
PASS | Input: 0x304 ImmSrc: 1 -> ext=0x304 lui=0x1000
PASS | Input: 0xcb1 ImmSrc: 1 -> ext=0xfcb1 lui=0xc400
PASS | Input: 0x752 ImmSrc: 1 -> ext=0x752 lui=0x4800
PASS | Input: 0xb46 ImmSrc: 0 -> ext=0x6 lui=0x1800
PASS | Input: 0x8c3 ImmSrc: 0 -> ext=0x3 lui=0xc00
PASS | Input: 0x6a5 ImmSrc: 1 -> ext=0x6a5 lui=0x9400
PASS | Input: 0x7db ImmSrc: 0 -> ext=0x1b lui=0x6c00
PASS | Input: 0x9d7 ImmSrc: 1 -> ext=0xf9d7 lui=0x5c00
PASS | Input: 0xb03 ImmSrc: 0 -> ext=0x3 lui=0xc00
PASS | Input: 0x1fa ImmSrc: 1 -> ext=0x1fa lui=0xe800
PASS | Input: 0x1e3 ImmSrc: 0 -> ext=0xffe3 lui=0x8c00
PASS | Input: 0xade ImmSrc: 1 -> ext=0xfade lui=0x7800
PASS | Input: 0x7ac ImmSrc: 0 -> ext=0xffec lui=0xb000
PASS | Input: 0xba ImmSrc: 1 -> ext=0xba lui=0xe800
PASS | Input: 0x8e6 ImmSrc: 1 -> ext=0xf8e6 lui=0x9800
PASS | Input: 0xf40 ImmSrc: 0 -> ext=0x0 lui=0x0
PASS | Input: 0xeda ImmSrc: 0 -> ext=0x1a lui=0x6800
PASS | Input: 0x1e2 ImmSrc: 0 -> ext=0xffe2 lui=0x8800
PASS | Input: 0x837 ImmSrc: 0 -> ext=0xfff7 lui=0xdc00
PASS | Input: 0x4b5 ImmSrc: 0 -> ext=0xfff5 lui=0xd400
PASS | Input: 0x3f9 ImmSrc: 1 -> ext=0x3f9 lui=0xe400
PASS | Input: 0x6b3 ImmSrc: 1 -> ext=0x6b3 lui=0xcc00
PASS | Input: 0x548 ImmSrc: 0 -> ext=0x8 lui=0x2000
PASS | Input: 0xfc5 ImmSrc: 0 -> ext=0x5 lui=0x1400
PASS | Input: 0x3f ImmSrc: 0 -> ext=0xffff lui=0xfc00
PASS | Input: 0xe65 ImmSrc: 0 -> ext=0xffe5 lui=0x9400
PASS | Input: 0xd59 ImmSrc: 0 -> ext=0x19 lui=0x6400
PASS | Input: 0xc2f ImmSrc: 0 -> ext=0xffef lui=0xbc00
PASS | Input: 0x886 ImmSrc: 1 -> ext=0xf886 lui=0x1800
PASS | Input: 0x83e ImmSrc: 0 -> ext=0xfffe lui=0xf800
PASS | Input: 0xe80 ImmSrc: 0 -> ext=0x0 lui=0x0
PASS | Input: 0xdab ImmSrc: 1 -> ext=0xfdab lui=0xac00
PASS | Input: 0xc8a ImmSrc: 1 -> ext=0xfc8a lui=0x2800
PASS | Input: 0x600 ImmSrc: 1 -> ext=0x600 lui=0x0
PASS | Input: 0xc15 ImmSrc: 0 -> ext=0x15 lui=0x5400
PASS | Input: 0x109 ImmSrc: 0 -> ext=0x9 lui=0x2400
PASS | Input: 0xb81 ImmSrc: 1 -> ext=0xfb81 lui=0x400
PASS | Input: 0x6bf ImmSrc: 0 -> ext=0xffff lui=0xfc00
PASS | Input: 0x47b ImmSrc: 1 -> ext=0x47b lui=0xec00
PASS | Input: 0x7bd ImmSrc: 0 -> ext=0xfffd lui=0xf400
PASS | Input: 0x41a ImmSrc: 1 -> ext=0x41a lui=0x6800
PASS | Input: 0xa12 ImmSrc: 0 -> ext=0x12 lui=0x4800
PASS | Input: 0x850 ImmSrc: 1 -> ext=0xf850 lui=0x4000
PASS | Input: 0xfb9 ImmSrc: 1 -> ext=0xffb9 lui=0xe400
PASS | Input: 0xbd2 ImmSrc: 0 -> ext=0x12 lui=0x4800
PASS | Input: 0x1a7 ImmSrc: 1 -> ext=0x1a7 lui=0x9c00
PASS | Input: 0x6f3 ImmSrc: 1 -> ext=0x6f3 lui=0xcc00
PASS | Input: 0xbb4 ImmSrc: 1 -> ext=0xfbb4 lui=0xd000
PASS | Input: 0xbb4 ImmSrc: 0 -> ext=0xfff4 lui=0xd000
PASS | Input: 0xb39 ImmSrc: 1 -> ext=0xfb39 lui=0xe400
PASS | Input: 0x71 ImmSrc: 0 -> ext=0xfff1 lui=0xc400
PASS | Input: 0xbcd ImmSrc: 1 -> ext=0xfbcd lui=0x3400
PASS | Input: 0x472 ImmSrc: 0 -> ext=0xfff2 lui=0xc800
PASS | Input: 0x6dd ImmSrc: 0 -> ext=0x1d lui=0x7400
PASS | Input: 0x4d0 ImmSrc: 1 -> ext=0x4d0 lui=0x4000
PASS | Input: 0xc8e ImmSrc: 0 -> ext=0xe lui=0x3800
PASS | Input: 0xbe2 ImmSrc: 0 -> ext=0xffe2 lui=0x8800
PASS | Input: 0x7b8 ImmSrc: 1 -> ext=0x7b8 lui=0xe000
PASS | Input: 0x4ba ImmSrc: 1 -> ext=0x4ba lui=0xe800
PASS | Input: 0x4f ImmSrc: 1 -> ext=0x4f lui=0x3c00
PASS | Input: 0xbd4 ImmSrc: 0 -> ext=0x14 lui=0x5000
PASS | Input: 0x915 ImmSrc: 1 -> ext=0xf915 lui=0x5400
PASS | Input: 0xf87 ImmSrc: 0 -> ext=0x7 lui=0x1c00
PASS | Input: 0x8f6 ImmSrc: 0 -> ext=0xfff6 lui=0xd800
PASS | Input: 0x654 ImmSrc: 0 -> ext=0x14 lui=0x5000
PASS | Input: 0xfd3 ImmSrc: 0 -> ext=0x13 lui=0x4c00
PASS | Input: 0x2aa ImmSrc: 1 -> ext=0x2aa lui=0xa800
PASS | Input: 0x421 ImmSrc: 1 -> ext=0x421 lui=0x8400
PASS | Input: 0xf3e ImmSrc: 0 -> ext=0xfffe lui=0xf800
PASS | Input: 0x639 ImmSrc: 0 -> ext=0xfff9 lui=0xe400
PASS | Input: 0x47b ImmSrc: 1 -> ext=0x47b lui=0xec00
PASS | Input: 0x3a0 ImmSrc: 0 -> ext=0xffe0 lui=0x8000
PASS | Input: 0x13e ImmSrc: 0 -> ext=0xfffe lui=0xf800
PASS | Input: 0x22c ImmSrc: 0 -> ext=0xffec lui=0xb000
PASS | Input: 0xe60 ImmSrc: 1 -> ext=0xfe60 lui=0x8000
PASS | Input: 0x45f ImmSrc: 0 -> ext=0x1f lui=0x7c00
PASS | Input: 0xc2b ImmSrc: 1 -> ext=0xfc2b lui=0xac00
PASS | Input: 0x1c0 ImmSrc: 0 -> ext=0x0 lui=0x0
PASS | Input: 0x45c ImmSrc: 0 -> ext=0x1c lui=0x7000
PASS | Input: 0x9a6 ImmSrc: 1 -> ext=0xf9a6 lui=0x9800
PASS | Input: 0x4bc ImmSrc: 1 -> ext=0x4bc lui=0xf000
PASS | Input: 0x22b ImmSrc: 1 -> ext=0x22b lui=0xac00
PASS | Input: 0x7f6 ImmSrc: 0 -> ext=0xfff6 lui=0xd800
PASS | Input: 0xebe ImmSrc: 1 -> ext=0xfebe lui=0xf800
PASS | Input: 0x7ac ImmSrc: 0 -> ext=0xffec lui=0xb000
PASS | Input: 0x917 ImmSrc: 1 -> ext=0xf917 lui=0x5c00
PASS | Input: 0x287 ImmSrc: 1 -> ext=0x287 lui=0x1c00
PASS | Input: 0x8f0 ImmSrc: 1 -> ext=0xf8f0 lui=0xc000
PASS | Input: 0x42e ImmSrc: 0 -> ext=0xffee lui=0xb800
PASS | Input: 0xe57 ImmSrc: 0 -> ext=0x17 lui=0x5c00
PASS | Input: 0xae4 ImmSrc: 1 -> ext=0xfae4 lui=0x9000
PASS | Input: 0x7ed ImmSrc: 0 -> ext=0xffed lui=0xb400
PASS | Input: 0xfc9 ImmSrc: 0 -> ext=0x9 lui=0x2400
PASS | Input: 0xbf9 ImmSrc: 1 -> ext=0xfbf9 lui=0xe400
PASS | Input: 0xc68 ImmSrc: 1 -> ext=0xfc68 lui=0xa000
PASS | Input: 0x68e ImmSrc: 0 -> ext=0xe lui=0x3800
PASS | Input: 0x398 ImmSrc: 0 -> ext=0x18 lui=0x6000
PASS | Input: 0x6b9 ImmSrc: 1 -> ext=0x6b9 lui=0xe400
PASS | Input: 0xb60 ImmSrc: 1 -> ext=0xfb60 lui=0x8000
PASS | Input: 0x9f6 ImmSrc: 1 -> ext=0xf9f6 lui=0xd800
PASS | Input: 0xde ImmSrc: 1 -> ext=0xde lui=0x7800
PASS | Input: 0x8d4 ImmSrc: 0 -> ext=0x14 lui=0x5000
PASS | Input: 0x2d7 ImmSrc: 1 -> ext=0x2d7 lui=0x5c00
PASS | Input: 0xf18 ImmSrc: 0 -> ext=0x18 lui=0x6000
PASS | Input: 0xb07 ImmSrc: 1 -> ext=0xfb07 lui=0x1c00
PASS | Input: 0xd3b ImmSrc: 1 -> ext=0xfd3b lui=0xec00
PASS | Input: 0x7bf ImmSrc: 0 -> ext=0xffff lui=0xfc00
PASS | Input: 0x898 ImmSrc: 1 -> ext=0xf898 lui=0x6000
PASS | Input: 0xefd ImmSrc: 1 -> ext=0xfefd lui=0xf400
PASS | Input: 0x327 ImmSrc: 1 -> ext=0x327 lui=0x9c00
PASS | Input: 0x57c ImmSrc: 1 -> ext=0x57c lui=0xf000
PASS | Input: 0x511 ImmSrc: 1 -> ext=0x511 lui=0x4400
PASS | Input: 0xfea ImmSrc: 1 -> ext=0xffea lui=0xa800
PASS | Input: 0xc0a ImmSrc: 1 -> ext=0xfc0a lui=0x2800
PASS | Input: 0xdd1 ImmSrc: 0 -> ext=0x11 lui=0x4400
PASS | Input: 0x5b1 ImmSrc: 0 -> ext=0xfff1 lui=0xc400
PASS | Input: 0xb4d ImmSrc: 0 -> ext=0xd lui=0x3400
PASS | Input: 0x9e3 ImmSrc: 1 -> ext=0xf9e3 lui=0x8c00
PASS | Input: 0x229 ImmSrc: 0 -> ext=0xffe9 lui=0xa400
PASS | Input: 0x745 ImmSrc: 0 -> ext=0x5 lui=0x1400
PASS | Input: 0x78 ImmSrc: 0 -> ext=0xfff8 lui=0xe000
PASS | Input: 0x9f2 ImmSrc: 1 -> ext=0xf9f2 lui=0xc800
PASS | Input: 0x44 ImmSrc: 1 -> ext=0x44 lui=0x1000
PASS | Input: 0xb95 ImmSrc: 1 -> ext=0xfb95 lui=0x5400
PASS | Input: 0x16a ImmSrc: 1 -> ext=0x16a lui=0xa800
PASS | Input: 0xbca ImmSrc: 1 -> ext=0xfbca lui=0x2800
PASS | Input: 0xa3f ImmSrc: 1 -> ext=0xfa3f lui=0xfc00
PASS | Input: 0x32a ImmSrc: 0 -> ext=0xffea lui=0xa800
PASS | Input: 0xd0c ImmSrc: 1 -> ext=0xfd0c lui=0x3000
PASS | Input: 0xc4 ImmSrc: 0 -> ext=0x4 lui=0x1000
PASS | Input: 0x4 ImmSrc: 0 -> ext=0x4 lui=0x1000
PASS | Input: 0xf72 ImmSrc: 0 -> ext=0xfff2 lui=0xc800
PASS | Input: 0x2c8 ImmSrc: 0 -> ext=0x8 lui=0x2000
PASS | Input: 0x9d1 ImmSrc: 0 -> ext=0x11 lui=0x4400
PASS | Input: 0xe ImmSrc: 0 -> ext=0xe lui=0x3800
PASS | Input: 0xd3f ImmSrc: 0 -> ext=0xffff lui=0xfc00
PASS | Input: 0x588 ImmSrc: 1 -> ext=0x588 lui=0x2000
PASS | Input: 0x5af ImmSrc: 1 -> ext=0x5af lui=0xbc00
PASS | Input: 0xd9b ImmSrc: 0 -> ext=0x1b lui=0x6c00
PASS | Input: 0xdb0 ImmSrc: 1 -> ext=0xfdb0 lui=0xc000
PASS | Input: 0x20e ImmSrc: 1 -> ext=0x20e lui=0x3800
PASS | Input: 0x37c ImmSrc: 1 -> ext=0x37c lui=0xf000
PASS | Input: 0x232 ImmSrc: 1 -> ext=0x232 lui=0xc800
PASS | Input: 0x16d ImmSrc: 0 -> ext=0xffed lui=0xb400
PASS | Input: 0xab1 ImmSrc: 1 -> ext=0xfab1 lui=0xc400
PASS | Input: 0x5a6 ImmSrc: 0 -> ext=0xffe6 lui=0x9800
PASS | Input: 0x490 ImmSrc: 0 -> ext=0x10 lui=0x4000
PASS | Input: 0x851 ImmSrc: 1 -> ext=0xf851 lui=0x4400
PASS | Input: 0xc79 ImmSrc: 1 -> ext=0xfc79 lui=0xe400
PASS | Input: 0x942 ImmSrc: 0 -> ext=0x2 lui=0x800
PASS | Input: 0xf4 ImmSrc: 1 -> ext=0xf4 lui=0xd000
PASS | Input: 0x366 ImmSrc: 1 -> ext=0x366 lui=0x9800
PASS | Input: 0xb95 ImmSrc: 0 -> ext=0x15 lui=0x5400
PASS | Input: 0x1bc ImmSrc: 1 -> ext=0x1bc lui=0xf000
PASS | Input: 0x8c7 ImmSrc: 0 -> ext=0x7 lui=0x1c00
PASS | Input: 0x14f ImmSrc: 1 -> ext=0x14f lui=0x3c00
PASS | Input: 0x53c ImmSrc: 1 -> ext=0x53c lui=0xf000
PASS | Input: 0xaec ImmSrc: 0 -> ext=0xffec lui=0xb000
PASS | Input: 0xbab ImmSrc: 1 -> ext=0xfbab lui=0xac00
PASS | Input: 0x105 ImmSrc: 1 -> ext=0x105 lui=0x1400
PASS | Input: 0x6e5 ImmSrc: 1 -> ext=0x6e5 lui=0x9400
PASS | Input: 0x986 ImmSrc: 1 -> ext=0xf986 lui=0x1800
PASS | Input: 0x7e2 ImmSrc: 1 -> ext=0x7e2 lui=0x8800
PASS | Input: 0x2ff ImmSrc: 0 -> ext=0xffff lui=0xfc00
PASS | Input: 0x6e0 ImmSrc: 1 -> ext=0x6e0 lui=0x8000
PASS | Input: 0x9f3 ImmSrc: 0 -> ext=0xfff3 lui=0xcc00
PASS | Input: 0x1d ImmSrc: 0 -> ext=0x1d lui=0x7400
PASS | Input: 0x8b0 ImmSrc: 0 -> ext=0xfff0 lui=0xc000
PASS | Input: 0x57 ImmSrc: 0 -> ext=0x17 lui=0x5c00
PASS | Input: 0xd7b ImmSrc: 1 -> ext=0xfd7b lui=0xec00
PASS | Input: 0x2a1 ImmSrc: 0 -> ext=0xffe1 lui=0x8400
PASS | Input: 0x26f ImmSrc: 0 -> ext=0xffef lui=0xbc00
PASS | Input: 0x4a3 ImmSrc: 0 -> ext=0xffe3 lui=0x8c00
PASS | Input: 0x5e2 ImmSrc: 1 -> ext=0x5e2 lui=0x8800
PASS | Input: 0x1db ImmSrc: 0 -> ext=0x1b lui=0x6c00
PASS | Input: 0xfb5 ImmSrc: 1 -> ext=0xffb5 lui=0xd400
PASS | Input: 0x409 ImmSrc: 1 -> ext=0x409 lui=0x2400
PASS | Input: 0xd53 ImmSrc: 0 -> ext=0x13 lui=0x4c00
PASS | Input: 0xa41 ImmSrc: 1 -> ext=0xfa41 lui=0x400
PASS | Input: 0xdc5 ImmSrc: 0 -> ext=0x5 lui=0x1400
PASS | Input: 0x1d7 ImmSrc: 1 -> ext=0x1d7 lui=0x5c00
PASS | Input: 0xab6 ImmSrc: 0 -> ext=0xfff6 lui=0xd800
PASS | Input: 0xfa5 ImmSrc: 1 -> ext=0xffa5 lui=0x9400
PASS | Input: 0xead ImmSrc: 1 -> ext=0xfead lui=0xb400
PASS | Input: 0x5dc ImmSrc: 1 -> ext=0x5dc lui=0x7000
PASS | Input: 0x866 ImmSrc: 0 -> ext=0xffe6 lui=0x9800
PASS | Input: 0xfdc ImmSrc: 1 -> ext=0xffdc lui=0x7000
PASS | Input: 0x4a4 ImmSrc: 0 -> ext=0xffe4 lui=0x9000
PASS | Input: 0x745 ImmSrc: 1 -> ext=0x745 lui=0x1400
PASS | Input: 0xd3e ImmSrc: 0 -> ext=0xfffe lui=0xf800
PASS | Input: 0x8c9 ImmSrc: 1 -> ext=0xf8c9 lui=0x2400
PASS | Input: 0xdd8 ImmSrc: 1 -> ext=0xfdd8 lui=0x6000
PASS | Input: 0x2d8 ImmSrc: 1 -> ext=0x2d8 lui=0x6000
PASS | Input: 0x211 ImmSrc: 1 -> ext=0x211 lui=0x4400
PASS | Input: 0xfca ImmSrc: 1 -> ext=0xffca lui=0x2800
PASS | Input: 0x686 ImmSrc: 1 -> ext=0x686 lui=0x1800
PASS | Input: 0x88d ImmSrc: 1 -> ext=0xf88d lui=0x3400
PASS | Input: 0xb7a ImmSrc: 0 -> ext=0xfffa lui=0xe800
PASS | Input: 0xe81 ImmSrc: 1 -> ext=0xfe81 lui=0x400
PASS | Input: 0x783 ImmSrc: 0 -> ext=0x3 lui=0xc00
PASS | Input: 0xa8a ImmSrc: 1 -> ext=0xfa8a lui=0x2800
PASS | Input: 0x610 ImmSrc: 1 -> ext=0x610 lui=0x4000
PASS | Input: 0xb00 ImmSrc: 1 -> ext=0xfb00 lui=0x0
PASS | Input: 0x71e ImmSrc: 1 -> ext=0x71e lui=0x7800
PASS | Input: 0x981 ImmSrc: 0 -> ext=0x1 lui=0x400
PASS | Input: 0x4fa ImmSrc: 1 -> ext=0x4fa lui=0xe800
PASS | Input: 0x155 ImmSrc: 1 -> ext=0x155 lui=0x5400
PASS | Input: 0xa62 ImmSrc: 1 -> ext=0xfa62 lui=0x8800
PASS | Input: 0x65 ImmSrc: 0 -> ext=0xffe5 lui=0x9400
PASS | Input: 0x6e0 ImmSrc: 0 -> ext=0xffe0 lui=0x8000
PASS | Input: 0x272 ImmSrc: 0 -> ext=0xfff2 lui=0xc800
PASS | Input: 0x2b9 ImmSrc: 1 -> ext=0x2b9 lui=0xe400
PASS | Input: 0x38b ImmSrc: 0 -> ext=0xb lui=0x2c00
PASS | Input: 0xb41 ImmSrc: 0 -> ext=0x1 lui=0x400
PASS | Input: 0xe7b ImmSrc: 1 -> ext=0xfe7b lui=0xec00
PASS | Input: 0xdf2 ImmSrc: 0 -> ext=0xfff2 lui=0xc800
PASS | Input: 0x121 ImmSrc: 0 -> ext=0xffe1 lui=0x8400
PASS | Input: 0x222 ImmSrc: 1 -> ext=0x222 lui=0x8800
PASS | Input: 0x46f ImmSrc: 1 -> ext=0x46f lui=0xbc00
PASS | Input: 0x8a0 ImmSrc: 1 -> ext=0xf8a0 lui=0x8000
PASS | Input: 0x90b ImmSrc: 1 -> ext=0xf90b lui=0x2c00
PASS | Input: 0xc24 ImmSrc: 1 -> ext=0xfc24 lui=0x9000
PASS | Input: 0x936 ImmSrc: 0 -> ext=0xfff6 lui=0xd800
PASS | Input: 0x8dd ImmSrc: 1 -> ext=0xf8dd lui=0x7400
PASS | Input: 0xc1b ImmSrc: 0 -> ext=0x1b lui=0x6c00
PASS | Input: 0xaf6 ImmSrc: 1 -> ext=0xfaf6 lui=0xd800
PASS | Input: 0x407 ImmSrc: 1 -> ext=0x407 lui=0x1c00
PASS | Input: 0xd71 ImmSrc: 0 -> ext=0xfff1 lui=0xc400
PASS | Input: 0xcb3 ImmSrc: 0 -> ext=0xfff3 lui=0xcc00
PASS | Input: 0xa28 ImmSrc: 1 -> ext=0xfa28 lui=0xa000
PASS | Input: 0xc37 ImmSrc: 0 -> ext=0xfff7 lui=0xdc00
PASS | Input: 0x352 ImmSrc: 0 -> ext=0x12 lui=0x4800
PASS | Input: 0x6b7 ImmSrc: 0 -> ext=0xfff7 lui=0xdc00
PASS | Input: 0xe5f ImmSrc: 0 -> ext=0x1f lui=0x7c00
PASS | Input: 0x64 ImmSrc: 0 -> ext=0xffe4 lui=0x9000
PASS | Input: 0xb87 ImmSrc: 1 -> ext=0xfb87 lui=0x1c00
PASS | Input: 0xaef ImmSrc: 1 -> ext=0xfaef lui=0xbc00
PASS | Input: 0x4e5 ImmSrc: 0 -> ext=0xffe5 lui=0x9400
PASS | Input: 0xefd ImmSrc: 1 -> ext=0xfefd lui=0xf400
PASS | Input: 0x96c ImmSrc: 0 -> ext=0xffec lui=0xb000
PASS | Input: 0xbbd ImmSrc: 0 -> ext=0xfffd lui=0xf400
PASS | Input: 0xfa0 ImmSrc: 0 -> ext=0xffe0 lui=0x8000
PASS | Input: 0x82f ImmSrc: 0 -> ext=0xffef lui=0xbc00
PASS | Input: 0x756 ImmSrc: 0 -> ext=0x16 lui=0x5800
PASS | Input: 0x53d ImmSrc: 0 -> ext=0xfffd lui=0xf400
PASS | Input: 0xb63 ImmSrc: 1 -> ext=0xfb63 lui=0x8c00
PASS | Input: 0xd32 ImmSrc: 0 -> ext=0xfff2 lui=0xc800
PASS | Input: 0x991 ImmSrc: 1 -> ext=0xf991 lui=0x4400
PASS | Input: 0xabb ImmSrc: 1 -> ext=0xfabb lui=0xec00
PASS | Input: 0xaa0 ImmSrc: 0 -> ext=0xffe0 lui=0x8000
PASS | Input: 0xcef ImmSrc: 1 -> ext=0xfcef lui=0xbc00
PASS | Input: 0xfc9 ImmSrc: 0 -> ext=0x9 lui=0x2400
PASS | Input: 0xd92 ImmSrc: 1 -> ext=0xfd92 lui=0x4800
PASS | Input: 0xc7d ImmSrc: 0 -> ext=0xfffd lui=0xf400
PASS | Input: 0x610 ImmSrc: 0 -> ext=0x10 lui=0x4000
PASS | Input: 0x6cc ImmSrc: 0 -> ext=0xc lui=0x3000
PASS | Input: 0x964 ImmSrc: 1 -> ext=0xf964 lui=0x9000
PASS | Input: 0x246 ImmSrc: 1 -> ext=0x246 lui=0x1800
PASS | Input: 0xc68 ImmSrc: 1 -> ext=0xfc68 lui=0xa000
PASS | Input: 0xa9 ImmSrc: 0 -> ext=0xffe9 lui=0xa400
PASS | Input: 0xfb9 ImmSrc: 1 -> ext=0xffb9 lui=0xe400
PASS | Input: 0xd3f ImmSrc: 1 -> ext=0xfd3f lui=0xfc00
PASS | Input: 0xdbe ImmSrc: 0 -> ext=0xfffe lui=0xf800
PASS | Input: 0xf36 ImmSrc: 0 -> ext=0xfff6 lui=0xd800
PASS | Input: 0xf3 ImmSrc: 0 -> ext=0xfff3 lui=0xcc00
PASS | Input: 0x6d9 ImmSrc: 0 -> ext=0x19 lui=0x6400
PASS | Input: 0x7fb ImmSrc: 0 -> ext=0xfffb lui=0xec00
PASS | Input: 0xf4 ImmSrc: 0 -> ext=0xfff4 lui=0xd000
PASS | Input: 0xcb1 ImmSrc: 1 -> ext=0xfcb1 lui=0xc400
PASS | Input: 0x745 ImmSrc: 0 -> ext=0x5 lui=0x1400
PASS | Input: 0xeb0 ImmSrc: 1 -> ext=0xfeb0 lui=0xc000
PASS | Input: 0x44f ImmSrc: 1 -> ext=0x44f lui=0x3c00
PASS | Input: 0x585 ImmSrc: 1 -> ext=0x585 lui=0x1400
PASS | Input: 0x664 ImmSrc: 0 -> ext=0xffe4 lui=0x9000
PASS | Input: 0xe07 ImmSrc: 1 -> ext=0xfe07 lui=0x1c00
PASS | Input: 0xb44 ImmSrc: 0 -> ext=0x4 lui=0x1000
PASS | Input: 0x810 ImmSrc: 0 -> ext=0x10 lui=0x4000
PASS | Input: 0xd1f ImmSrc: 1 -> ext=0xfd1f lui=0x7c00
PASS | Input: 0xb08 ImmSrc: 0 -> ext=0x8 lui=0x2000
PASS | Input: 0x561 ImmSrc: 0 -> ext=0xffe1 lui=0x8400
PASS | Input: 0x77e ImmSrc: 1 -> ext=0x77e lui=0xf800
PASS | Input: 0x513 ImmSrc: 0 -> ext=0x13 lui=0x4c00
PASS | Input: 0x349 ImmSrc: 0 -> ext=0x9 lui=0x2400
PASS | Input: 0x22c ImmSrc: 0 -> ext=0xffec lui=0xb000
PASS | Input: 0xf60 ImmSrc: 0 -> ext=0xffe0 lui=0x8000
PASS | Input: 0xeac ImmSrc: 0 -> ext=0xffec lui=0xb000
PASS | Input: 0x5f5 ImmSrc: 1 -> ext=0x5f5 lui=0xd400
PASS | Input: 0x3e0 ImmSrc: 1 -> ext=0x3e0 lui=0x8000
PASS | Input: 0x2e8 ImmSrc: 0 -> ext=0xffe8 lui=0xa000
PASS | Input: 0xd93 ImmSrc: 0 -> ext=0x13 lui=0x4c00
PASS | Input: 0x23a ImmSrc: 1 -> ext=0x23a lui=0xe800
PASS | Input: 0x698 ImmSrc: 0 -> ext=0x18 lui=0x6000
PASS | Input: 0x183 ImmSrc: 1 -> ext=0x183 lui=0xc00
PASS | Input: 0xd80 ImmSrc: 1 -> ext=0xfd80 lui=0x0
PASS | Input: 0xb13 ImmSrc: 0 -> ext=0x13 lui=0x4c00
PASS | Input: 0xdc9 ImmSrc: 1 -> ext=0xfdc9 lui=0x2400
PASS | Input: 0xad3 ImmSrc: 1 -> ext=0xfad3 lui=0x4c00
PASS | Input: 0x171 ImmSrc: 1 -> ext=0x171 lui=0xc400
PASS | Input: 0xe72 ImmSrc: 1 -> ext=0xfe72 lui=0xc800
PASS | Input: 0x42e ImmSrc: 0 -> ext=0xffee lui=0xb800
PASS | Input: 0xd ImmSrc: 0 -> ext=0xd lui=0x3400
PASS | Input: 0x73c ImmSrc: 1 -> ext=0x73c lui=0xf000
PASS | Input: 0xdcd ImmSrc: 1 -> ext=0xfdcd lui=0x3400
PASS | Input: 0x3 ImmSrc: 1 -> ext=0x3 lui=0xc00
PASS | Input: 0xb2 ImmSrc: 1 -> ext=0xb2 lui=0xc800
PASS | Input: 0x17e ImmSrc: 1 -> ext=0x17e lui=0xf800
PASS | Input: 0x607 ImmSrc: 1 -> ext=0x607 lui=0x1c00
PASS | Input: 0x1ae ImmSrc: 1 -> ext=0x1ae lui=0xb800
PASS | Input: 0xaaa ImmSrc: 1 -> ext=0xfaaa lui=0xa800
PASS | Input: 0xdf5 ImmSrc: 1 -> ext=0xfdf5 lui=0xd400
PASS | Input: 0xabb ImmSrc: 1 -> ext=0xfabb lui=0xec00
PASS | Input: 0x2bd ImmSrc: 0 -> ext=0xfffd lui=0xf400
PASS | Input: 0x1c0 ImmSrc: 1 -> ext=0x1c0 lui=0x0
PASS | Input: 0xc2c ImmSrc: 1 -> ext=0xfc2c lui=0xb000
PASS | Input: 0xaea ImmSrc: 1 -> ext=0xfaea lui=0xa800
PASS | Input: 0x750 ImmSrc: 0 -> ext=0x10 lui=0x4000
PASS | Input: 0x7c ImmSrc: 1 -> ext=0x7c lui=0xf000
PASS | Input: 0xe93 ImmSrc: 0 -> ext=0x13 lui=0x4c00
PASS | Input: 0x501 ImmSrc: 1 -> ext=0x501 lui=0x400
PASS | Input: 0xfd2 ImmSrc: 1 -> ext=0xffd2 lui=0x4800
PASS | Input: 0xc5d ImmSrc: 0 -> ext=0x1d lui=0x7400
PASS | Input: 0x5ee ImmSrc: 0 -> ext=0xffee lui=0xb800
PASS | Input: 0x84b ImmSrc: 1 -> ext=0xf84b lui=0x2c00
PASS | Input: 0xb27 ImmSrc: 0 -> ext=0xffe7 lui=0x9c00
PASS | Input: 0x577 ImmSrc: 1 -> ext=0x577 lui=0xdc00
PASS | Input: 0xd2c ImmSrc: 1 -> ext=0xfd2c lui=0xb000
PASS | Input: 0xbb3 ImmSrc: 0 -> ext=0xfff3 lui=0xcc00
PASS | Input: 0x925 ImmSrc: 0 -> ext=0xffe5 lui=0x9400
PASS | Input: 0x76d ImmSrc: 0 -> ext=0xffed lui=0xb400
PASS | Input: 0x998 ImmSrc: 0 -> ext=0x18 lui=0x6000
PASS | Input: 0x5f8 ImmSrc: 1 -> ext=0x5f8 lui=0xe000
PASS | Input: 0xb7e ImmSrc: 0 -> ext=0xfffe lui=0xf800
PASS | Input: 0x3c9 ImmSrc: 0 -> ext=0x9 lui=0x2400
PASS | Input: 0x76a ImmSrc: 0 -> ext=0xffea lui=0xa800
PASS | Input: 0xb31 ImmSrc: 1 -> ext=0xfb31 lui=0xc400
PASS | Input: 0xf02 ImmSrc: 0 -> ext=0x2 lui=0x800
PASS | Input: 0xbbb ImmSrc: 1 -> ext=0xfbbb lui=0xec00
PASS | Input: 0x8bf ImmSrc: 0 -> ext=0xffff lui=0xfc00
PASS | Input: 0xdbc ImmSrc: 0 -> ext=0xfffc lui=0xf000
PASS | Input: 0x53c ImmSrc: 0 -> ext=0xfffc lui=0xf000
PASS | Input: 0xd32 ImmSrc: 0 -> ext=0xfff2 lui=0xc800
PASS | Input: 0xee8 ImmSrc: 0 -> ext=0xffe8 lui=0xa000
PASS | Input: 0x888 ImmSrc: 0 -> ext=0x8 lui=0x2000
PASS | Input: 0xe7f ImmSrc: 1 -> ext=0xfe7f lui=0xfc00
PASS | Input: 0xb57 ImmSrc: 1 -> ext=0xfb57 lui=0x5c00
PASS | Input: 0x41d ImmSrc: 1 -> ext=0x41d lui=0x7400
PASS | Input: 0xbf ImmSrc: 1 -> ext=0xbf lui=0xfc00
PASS | Input: 0xc3f ImmSrc: 1 -> ext=0xfc3f lui=0xfc00
PASS | Input: 0x469 ImmSrc: 1 -> ext=0x469 lui=0xa400
PASS | Input: 0x192 ImmSrc: 0 -> ext=0x12 lui=0x4800
PASS | Input: 0x2d3 ImmSrc: 1 -> ext=0x2d3 lui=0x4c00
PASS | Input: 0xddc ImmSrc: 1 -> ext=0xfddc lui=0x7000
PASS | Input: 0x8f7 ImmSrc: 0 -> ext=0xfff7 lui=0xdc00
PASS | Input: 0xde9 ImmSrc: 1 -> ext=0xfde9 lui=0xa400
PASS | Input: 0xe8 ImmSrc: 0 -> ext=0xffe8 lui=0xa000
PASS | Input: 0xfc0 ImmSrc: 0 -> ext=0x0 lui=0x0
PASS | Input: 0x67b ImmSrc: 1 -> ext=0x67b lui=0xec00
PASS | Input: 0xe05 ImmSrc: 1 -> ext=0xfe05 lui=0x1400
PASS | Input: 0x89c ImmSrc: 0 -> ext=0x1c lui=0x7000
PASS | Input: 0x4e2 ImmSrc: 1 -> ext=0x4e2 lui=0x8800
PASS | Input: 0x156 ImmSrc: 1 -> ext=0x156 lui=0x5800
PASS | Input: 0x23e ImmSrc: 1 -> ext=0x23e lui=0xf800
PASS | Input: 0xc39 ImmSrc: 1 -> ext=0xfc39 lui=0xe400
PASS | Input: 0xeaf ImmSrc: 0 -> ext=0xffef lui=0xbc00
PASS | Input: 0x42a ImmSrc: 1 -> ext=0x42a lui=0xa800
PASS | Input: 0x9f2 ImmSrc: 1 -> ext=0xf9f2 lui=0xc800
PASS | Input: 0xb39 ImmSrc: 1 -> ext=0xfb39 lui=0xe400
PASS | Input: 0xb45 ImmSrc: 1 -> ext=0xfb45 lui=0x1400
PASS | Input: 0x494 ImmSrc: 0 -> ext=0x14 lui=0x5000
PASS | Input: 0x379 ImmSrc: 0 -> ext=0xfff9 lui=0xe400
PASS | Input: 0x234 ImmSrc: 1 -> ext=0x234 lui=0xd000
PASS | Input: 0xa1a ImmSrc: 1 -> ext=0xfa1a lui=0x6800
PASS | Input: 0x14c ImmSrc: 1 -> ext=0x14c lui=0x3000
PASS | Input: 0xe78 ImmSrc: 1 -> ext=0xfe78 lui=0xe000
PASS | Input: 0x82c ImmSrc: 0 -> ext=0xffec lui=0xb000
PASS | Input: 0xcff ImmSrc: 0 -> ext=0xffff lui=0xfc00
PASS | Input: 0x798 ImmSrc: 1 -> ext=0x798 lui=0x6000
PASS | Input: 0xe96 ImmSrc: 0 -> ext=0x16 lui=0x5800
PASS | Input: 0x737 ImmSrc: 1 -> ext=0x737 lui=0xdc00
PASS | Input: 0x184 ImmSrc: 0 -> ext=0x4 lui=0x1000
PASS | Input: 0x62f ImmSrc: 1 -> ext=0x62f lui=0xbc00
PASS | Input: 0x8b ImmSrc: 1 -> ext=0x8b lui=0x2c00
PASS | Input: 0x88 ImmSrc: 1 -> ext=0x88 lui=0x2000
PASS | Input: 0x8b7 ImmSrc: 0 -> ext=0xfff7 lui=0xdc00
PASS | Input: 0x36d ImmSrc: 0 -> ext=0xffed lui=0xb400
PASS | Input: 0x795 ImmSrc: 0 -> ext=0x15 lui=0x5400
PASS | Input: 0x7de ImmSrc: 0 -> ext=0x1e lui=0x7800
PASS | Input: 0x54c ImmSrc: 1 -> ext=0x54c lui=0x3000
PASS | Input: 0x8f4 ImmSrc: 0 -> ext=0xfff4 lui=0xd000
PASS | Input: 0xf4d ImmSrc: 0 -> ext=0xd lui=0x3400
PASS | Input: 0x64b ImmSrc: 0 -> ext=0xb lui=0x2c00
PASS | Input: 0x21b ImmSrc: 0 -> ext=0x1b lui=0x6c00
PASS | Input: 0xaa4 ImmSrc: 0 -> ext=0xffe4 lui=0x9000
PASS | Input: 0xbd7 ImmSrc: 0 -> ext=0x17 lui=0x5c00
PASS | Input: 0x263 ImmSrc: 0 -> ext=0xffe3 lui=0x8c00
PASS | Input: 0x309 ImmSrc: 1 -> ext=0x309 lui=0x2400
PASS | Input: 0x8f5 ImmSrc: 1 -> ext=0xf8f5 lui=0xd400
PASS | Input: 0x875 ImmSrc: 0 -> ext=0xfff5 lui=0xd400
PASS | Input: 0x9c2 ImmSrc: 1 -> ext=0xf9c2 lui=0x800
PASS | Input: 0x645 ImmSrc: 0 -> ext=0x5 lui=0x1400
PASS | Input: 0xb4 ImmSrc: 1 -> ext=0xb4 lui=0xd000
PASS | Input: 0xa7d ImmSrc: 0 -> ext=0xfffd lui=0xf400
PASS | Input: 0xbfc ImmSrc: 0 -> ext=0xfffc lui=0xf000
PASS | Input: 0xfef ImmSrc: 1 -> ext=0xffef lui=0xbc00
PASS | Input: 0x21e ImmSrc: 0 -> ext=0x1e lui=0x7800
PASS | Input: 0xea8 ImmSrc: 1 -> ext=0xfea8 lui=0xa000
PASS | Input: 0x6e6 ImmSrc: 1 -> ext=0x6e6 lui=0x9800
PASS | Input: 0x817 ImmSrc: 1 -> ext=0xf817 lui=0x5c00
PASS | Input: 0x159 ImmSrc: 1 -> ext=0x159 lui=0x6400
PASS | Input: 0x6ca ImmSrc: 0 -> ext=0xa lui=0x2800
PASS | Input: 0xe3e ImmSrc: 0 -> ext=0xfffe lui=0xf800
PASS | Input: 0x726 ImmSrc: 1 -> ext=0x726 lui=0x9800
PASS | Input: 0xa52 ImmSrc: 1 -> ext=0xfa52 lui=0x4800
PASS | Input: 0x1e0 ImmSrc: 0 -> ext=0xffe0 lui=0x8000
PASS | Input: 0xbd ImmSrc: 0 -> ext=0xfffd lui=0xf400
PASS | Input: 0x69c ImmSrc: 0 -> ext=0x1c lui=0x7000
PASS | Input: 0xdf4 ImmSrc: 0 -> ext=0xfff4 lui=0xd000
PASS | Input: 0xe85 ImmSrc: 0 -> ext=0x5 lui=0x1400
PASS | Input: 0xc7c ImmSrc: 0 -> ext=0xfffc lui=0xf000
PASS | Input: 0x834 ImmSrc: 0 -> ext=0xfff4 lui=0xd000
PASS | Input: 0xcc9 ImmSrc: 0 -> ext=0x9 lui=0x2400
PASS | Input: 0xfc6 ImmSrc: 1 -> ext=0xffc6 lui=0x1800
PASS | Input: 0x6be ImmSrc: 1 -> ext=0x6be lui=0xf800
PASS | Input: 0xf69 ImmSrc: 0 -> ext=0xffe9 lui=0xa400
PASS | Input: 0x6ed ImmSrc: 1 -> ext=0x6ed lui=0xb400
PASS | Input: 0x253 ImmSrc: 0 -> ext=0x13 lui=0x4c00
PASS | Input: 0x923 ImmSrc: 0 -> ext=0xffe3 lui=0x8c00
PASS | Input: 0x957 ImmSrc: 0 -> ext=0x17 lui=0x5c00
PASS | Input: 0xb71 ImmSrc: 0 -> ext=0xfff1 lui=0xc400
PASS | Input: 0xa14 ImmSrc: 1 -> ext=0xfa14 lui=0x5000
PASS | Input: 0x62a ImmSrc: 1 -> ext=0x62a lui=0xa800
PASS | Input: 0x4fe ImmSrc: 0 -> ext=0xfffe lui=0xf800
PASS | Input: 0xb10 ImmSrc: 1 -> ext=0xfb10 lui=0x4000
PASS | Input: 0x21c ImmSrc: 0 -> ext=0x1c lui=0x7000
PASS | Input: 0x122 ImmSrc: 0 -> ext=0xffe2 lui=0x8800
PASS | Input: 0x3e5 ImmSrc: 0 -> ext=0xffe5 lui=0x9400
PASS | Input: 0x64d ImmSrc: 1 -> ext=0x64d lui=0x3400
PASS | Input: 0xf9 ImmSrc: 1 -> ext=0xf9 lui=0xe400
PASS | Input: 0x571 ImmSrc: 1 -> ext=0x571 lui=0xc400
PASS | Input: 0x521 ImmSrc: 1 -> ext=0x521 lui=0x8400
PASS | Input: 0xaef ImmSrc: 1 -> ext=0xfaef lui=0xbc00
PASS | Input: 0xf6a ImmSrc: 0 -> ext=0xffea lui=0xa800
PASS | Input: 0x543 ImmSrc: 1 -> ext=0x543 lui=0xc00
PASS | Input: 0xab1 ImmSrc: 1 -> ext=0xfab1 lui=0xc400
PASS | Input: 0xcd7 ImmSrc: 1 -> ext=0xfcd7 lui=0x5c00
PASS | Input: 0x372 ImmSrc: 0 -> ext=0xfff2 lui=0xc800
PASS | Input: 0xf91 ImmSrc: 0 -> ext=0x11 lui=0x4400
PASS | Input: 0x345 ImmSrc: 1 -> ext=0x345 lui=0x1400
PASS | Input: 0x842 ImmSrc: 0 -> ext=0x2 lui=0x800
PASS | Input: 0x9c9 ImmSrc: 1 -> ext=0xf9c9 lui=0x2400
PASS | Input: 0x58e ImmSrc: 1 -> ext=0x58e lui=0x3800
PASS | Input: 0xc63 ImmSrc: 1 -> ext=0xfc63 lui=0x8c00
PASS | Input: 0xf5d ImmSrc: 1 -> ext=0xff5d lui=0x7400
PASS | Input: 0x1af ImmSrc: 0 -> ext=0xffef lui=0xbc00
PASS | Input: 0x573 ImmSrc: 0 -> ext=0xfff3 lui=0xcc00
PASS | Input: 0xce6 ImmSrc: 0 -> ext=0xffe6 lui=0x9800
PASS | Input: 0x145 ImmSrc: 0 -> ext=0x5 lui=0x1400
PASS | Input: 0xd23 ImmSrc: 0 -> ext=0xffe3 lui=0x8c00
PASS | Input: 0xa8 ImmSrc: 1 -> ext=0xa8 lui=0xa000
PASS | Input: 0xde1 ImmSrc: 1 -> ext=0xfde1 lui=0x8400
PASS | Input: 0xe62 ImmSrc: 1 -> ext=0xfe62 lui=0x8800
PASS | Input: 0xb72 ImmSrc: 1 -> ext=0xfb72 lui=0xc800
PASS | Input: 0x750 ImmSrc: 0 -> ext=0x10 lui=0x4000
PASS | Input: 0x1e6 ImmSrc: 1 -> ext=0x1e6 lui=0x9800
PASS | Input: 0x61d ImmSrc: 0 -> ext=0x1d lui=0x7400
PASS | Input: 0xc29 ImmSrc: 0 -> ext=0xffe9 lui=0xa400
PASS | Input: 0x934 ImmSrc: 0 -> ext=0xfff4 lui=0xd000
PASS | Input: 0x8a7 ImmSrc: 1 -> ext=0xf8a7 lui=0x9c00
PASS | Input: 0x800 ImmSrc: 1 -> ext=0xf800 lui=0x0
PASS | Input: 0x6c ImmSrc: 0 -> ext=0xffec lui=0xb000
PASS | Input: 0x40e ImmSrc: 0 -> ext=0xe lui=0x3800
PASS | Input: 0x2f6 ImmSrc: 0 -> ext=0xfff6 lui=0xd800
PASS | Input: 0x62f ImmSrc: 0 -> ext=0xffef lui=0xbc00
PASS | Input: 0x8a8 ImmSrc: 1 -> ext=0xf8a8 lui=0xa000
PASS | Input: 0xb33 ImmSrc: 0 -> ext=0xfff3 lui=0xcc00
PASS | Input: 0xf2d ImmSrc: 0 -> ext=0xffed lui=0xb400
PASS | Input: 0xf45 ImmSrc: 1 -> ext=0xff45 lui=0x1400
PASS | Input: 0x2a3 ImmSrc: 1 -> ext=0x2a3 lui=0x8c00
PASS | Input: 0xe9f ImmSrc: 0 -> ext=0x1f lui=0x7c00
PASS | Input: 0xfec ImmSrc: 1 -> ext=0xffec lui=0xb000
PASS | Input: 0x38b ImmSrc: 1 -> ext=0x38b lui=0x2c00
PASS | Input: 0x1f2 ImmSrc: 1 -> ext=0x1f2 lui=0xc800
PASS | Input: 0xb62 ImmSrc: 0 -> ext=0xffe2 lui=0x8800
PASS | Input: 0x342 ImmSrc: 1 -> ext=0x342 lui=0x800
PASS | Input: 0x397 ImmSrc: 1 -> ext=0x397 lui=0x5c00
PASS | Input: 0xcc ImmSrc: 0 -> ext=0xc lui=0x3000
PASS | Input: 0x366 ImmSrc: 0 -> ext=0xffe6 lui=0x9800
PASS | Input: 0x82a ImmSrc: 0 -> ext=0xffea lui=0xa800
PASS | Input: 0xc43 ImmSrc: 1 -> ext=0xfc43 lui=0xc00
PASS | Input: 0x53a ImmSrc: 0 -> ext=0xfffa lui=0xe800
PASS | Input: 0x69e ImmSrc: 0 -> ext=0x1e lui=0x7800
PASS | Input: 0x71 ImmSrc: 0 -> ext=0xfff1 lui=0xc400
PASS | Input: 0xe ImmSrc: 0 -> ext=0xe lui=0x3800
PASS | Input: 0xaae ImmSrc: 1 -> ext=0xfaae lui=0xb800
PASS | Input: 0x58f ImmSrc: 1 -> ext=0x58f lui=0x3c00
PASS | Input: 0xefa ImmSrc: 1 -> ext=0xfefa lui=0xe800
PASS | Input: 0x1d0 ImmSrc: 0 -> ext=0x10 lui=0x4000
PASS | Input: 0x5f4 ImmSrc: 0 -> ext=0xfff4 lui=0xd000
PASS | Input: 0xf3e ImmSrc: 1 -> ext=0xff3e lui=0xf800
PASS | Input: 0xc5d ImmSrc: 1 -> ext=0xfc5d lui=0x7400
PASS | Input: 0xada ImmSrc: 1 -> ext=0xfada lui=0x6800
PASS | Input: 0x183 ImmSrc: 0 -> ext=0x3 lui=0xc00
PASS | Input: 0x277 ImmSrc: 0 -> ext=0xfff7 lui=0xdc00
PASS | Input: 0xff0 ImmSrc: 0 -> ext=0xfff0 lui=0xc000
PASS | Input: 0x70 ImmSrc: 1 -> ext=0x70 lui=0xc000
PASS | Input: 0x34 ImmSrc: 1 -> ext=0x34 lui=0xd000
PASS | Input: 0x27a ImmSrc: 1 -> ext=0x27a lui=0xe800
PASS | Input: 0x523 ImmSrc: 0 -> ext=0xffe3 lui=0x8c00
PASS | Input: 0x2a1 ImmSrc: 1 -> ext=0x2a1 lui=0x8400
PASS | Input: 0x254 ImmSrc: 0 -> ext=0x14 lui=0x5000
PASS | Input: 0xd07 ImmSrc: 0 -> ext=0x7 lui=0x1c00
PASS | Input: 0xd4a ImmSrc: 0 -> ext=0xa lui=0x2800
PASS | Input: 0xe86 ImmSrc: 1 -> ext=0xfe86 lui=0x1800
PASS | Input: 0x913 ImmSrc: 0 -> ext=0x13 lui=0x4c00
PASS | Input: 0x3c6 ImmSrc: 1 -> ext=0x3c6 lui=0x1800
PASS | Input: 0x7ba ImmSrc: 1 -> ext=0x7ba lui=0xe800
PASS | Input: 0x5dc ImmSrc: 1 -> ext=0x5dc lui=0x7000
PASS | Input: 0x25d ImmSrc: 1 -> ext=0x25d lui=0x7400
PASS | Input: 0x315 ImmSrc: 0 -> ext=0x15 lui=0x5400
PASS | Input: 0x44f ImmSrc: 0 -> ext=0xf lui=0x3c00
PASS | Input: 0x7fc ImmSrc: 0 -> ext=0xfffc lui=0xf000
PASS | Input: 0xd09 ImmSrc: 0 -> ext=0x9 lui=0x2400
PASS | Input: 0xc32 ImmSrc: 0 -> ext=0xfff2 lui=0xc800
PASS | Input: 0x651 ImmSrc: 0 -> ext=0x11 lui=0x4400
PASS | Input: 0x23b ImmSrc: 0 -> ext=0xfffb lui=0xec00
PASS | Input: 0xd6c ImmSrc: 0 -> ext=0xffec lui=0xb000
PASS | Input: 0x4c6 ImmSrc: 1 -> ext=0x4c6 lui=0x1800
PASS | Input: 0xbb0 ImmSrc: 1 -> ext=0xfbb0 lui=0xc000
PASS | Input: 0xba0 ImmSrc: 0 -> ext=0xffe0 lui=0x8000
PASS | Input: 0xc4f ImmSrc: 0 -> ext=0xf lui=0x3c00
PASS | Input: 0x5cf ImmSrc: 1 -> ext=0x5cf lui=0x3c00
PASS | Input: 0xb1 ImmSrc: 0 -> ext=0xfff1 lui=0xc400
PASS | Input: 0xe03 ImmSrc: 0 -> ext=0x3 lui=0xc00
PASS | Input: 0x23f ImmSrc: 1 -> ext=0x23f lui=0xfc00
PASS | Input: 0x1ec ImmSrc: 1 -> ext=0x1ec lui=0xb000
PASS | Input: 0xbe8 ImmSrc: 0 -> ext=0xffe8 lui=0xa000
PASS | Input: 0xc86 ImmSrc: 1 -> ext=0xfc86 lui=0x1800
PASS | Input: 0xb41 ImmSrc: 1 -> ext=0xfb41 lui=0x400
PASS | Input: 0x908 ImmSrc: 0 -> ext=0x8 lui=0x2000
PASS | Input: 0x89e ImmSrc: 1 -> ext=0xf89e lui=0x7800
PASS | Input: 0x570 ImmSrc: 1 -> ext=0x570 lui=0xc000
PASS | Input: 0x4e7 ImmSrc: 1 -> ext=0x4e7 lui=0x9c00
PASS | Input: 0xb65 ImmSrc: 0 -> ext=0xffe5 lui=0x9400
PASS | Input: 0x998 ImmSrc: 1 -> ext=0xf998 lui=0x6000
PASS | Input: 0x968 ImmSrc: 0 -> ext=0xffe8 lui=0xa000
PASS | Input: 0x2bd ImmSrc: 1 -> ext=0x2bd lui=0xf400
PASS | Input: 0x807 ImmSrc: 0 -> ext=0x7 lui=0x1c00
PASS | Input: 0xc34 ImmSrc: 0 -> ext=0xfff4 lui=0xd000
PASS | Input: 0x612 ImmSrc: 1 -> ext=0x612 lui=0x4800
PASS | Input: 0x325 ImmSrc: 0 -> ext=0xffe5 lui=0x9400
PASS | Input: 0x7e ImmSrc: 1 -> ext=0x7e lui=0xf800
PASS | Input: 0x3f0 ImmSrc: 1 -> ext=0x3f0 lui=0xc000
PASS | Input: 0x5 ImmSrc: 1 -> ext=0x5 lui=0x1400
PASS | Input: 0x681 ImmSrc: 0 -> ext=0x1 lui=0x400
PASS | Input: 0x414 ImmSrc: 1 -> ext=0x414 lui=0x5000
PASS | Input: 0xa49 ImmSrc: 1 -> ext=0xfa49 lui=0x2400
PASS | Input: 0x62e ImmSrc: 1 -> ext=0x62e lui=0xb800
PASS | Input: 0xccc ImmSrc: 0 -> ext=0xc lui=0x3000
PASS | Input: 0x253 ImmSrc: 1 -> ext=0x253 lui=0x4c00
PASS | Input: 0x705 ImmSrc: 1 -> ext=0x705 lui=0x1400
PASS | Input: 0x682 ImmSrc: 1 -> ext=0x682 lui=0x800
PASS | Input: 0x78c ImmSrc: 1 -> ext=0x78c lui=0x3000
PASS | Input: 0xcf4 ImmSrc: 0 -> ext=0xfff4 lui=0xd000
PASS | Input: 0x6cd ImmSrc: 0 -> ext=0xd lui=0x3400
PASS | Input: 0x20 ImmSrc: 0 -> ext=0xffe0 lui=0x8000
PASS | Input: 0x222 ImmSrc: 1 -> ext=0x222 lui=0x8800
PASS | Input: 0x129 ImmSrc: 0 -> ext=0xffe9 lui=0xa400
PASS | Input: 0x837 ImmSrc: 1 -> ext=0xf837 lui=0xdc00
PASS | Input: 0x6c8 ImmSrc: 1 -> ext=0x6c8 lui=0x2000
PASS | Input: 0x281 ImmSrc: 1 -> ext=0x281 lui=0x400
PASS | Input: 0x48 ImmSrc: 0 -> ext=0x8 lui=0x2000
PASS | Input: 0xd27 ImmSrc: 1 -> ext=0xfd27 lui=0x9c00
PASS | Input: 0x7b8 ImmSrc: 0 -> ext=0xfff8 lui=0xe000
PASS | Input: 0x43d ImmSrc: 0 -> ext=0xfffd lui=0xf400
PASS | Input: 0xbd7 ImmSrc: 0 -> ext=0x17 lui=0x5c00
PASS | Input: 0x491 ImmSrc: 0 -> ext=0x11 lui=0x4400
PASS | Input: 0x3e7 ImmSrc: 1 -> ext=0x3e7 lui=0x9c00
PASS | Input: 0xa01 ImmSrc: 0 -> ext=0x1 lui=0x400
PASS | Input: 0xef3 ImmSrc: 1 -> ext=0xfef3 lui=0xcc00
PASS | Input: 0x9b ImmSrc: 1 -> ext=0x9b lui=0x6c00
PASS | Input: 0xb9e ImmSrc: 0 -> ext=0x1e lui=0x7800
PASS | Input: 0x364 ImmSrc: 0 -> ext=0xffe4 lui=0x9000
PASS | Input: 0x11f ImmSrc: 1 -> ext=0x11f lui=0x7c00
PASS | Input: 0xf25 ImmSrc: 0 -> ext=0xffe5 lui=0x9400
PASS | Input: 0xd74 ImmSrc: 1 -> ext=0xfd74 lui=0xd000
PASS | Input: 0xf13 ImmSrc: 1 -> ext=0xff13 lui=0x4c00
PASS | Input: 0xa6f ImmSrc: 1 -> ext=0xfa6f lui=0xbc00
PASS | Input: 0xa5 ImmSrc: 1 -> ext=0xa5 lui=0x9400
PASS | Input: 0x8ac ImmSrc: 0 -> ext=0xffec lui=0xb000
PASS | Input: 0xd70 ImmSrc: 0 -> ext=0xfff0 lui=0xc000
PASS | Input: 0x111 ImmSrc: 0 -> ext=0x11 lui=0x4400
PASS | Input: 0x570 ImmSrc: 1 -> ext=0x570 lui=0xc000
PASS | Input: 0xeb ImmSrc: 0 -> ext=0xffeb lui=0xac00
PASS | Input: 0xf7c ImmSrc: 0 -> ext=0xfffc lui=0xf000
PASS | Input: 0x23a ImmSrc: 0 -> ext=0xfffa lui=0xe800
PASS | Input: 0xb59 ImmSrc: 1 -> ext=0xfb59 lui=0x6400
PASS | Input: 0x355 ImmSrc: 0 -> ext=0x15 lui=0x5400
PASS | Input: 0x42d ImmSrc: 0 -> ext=0xffed lui=0xb400
PASS | Input: 0xe6c ImmSrc: 0 -> ext=0xffec lui=0xb000
PASS | Input: 0x5b8 ImmSrc: 0 -> ext=0xfff8 lui=0xe000
PASS | Input: 0x10a ImmSrc: 0 -> ext=0xa lui=0x2800
PASS | Input: 0xa23 ImmSrc: 0 -> ext=0xffe3 lui=0x8c00
PASS | Input: 0x72a ImmSrc: 0 -> ext=0xffea lui=0xa800
PASS | Input: 0x3c7 ImmSrc: 1 -> ext=0x3c7 lui=0x1c00
PASS | Input: 0xafe ImmSrc: 1 -> ext=0xfafe lui=0xf800
PASS | Input: 0x7b7 ImmSrc: 1 -> ext=0x7b7 lui=0xdc00
PASS | Input: 0x9fa ImmSrc: 0 -> ext=0xfffa lui=0xe800
PASS | Input: 0x36d ImmSrc: 0 -> ext=0xffed lui=0xb400
PASS | Input: 0xf38 ImmSrc: 0 -> ext=0xfff8 lui=0xe000
PASS | Input: 0x372 ImmSrc: 1 -> ext=0x372 lui=0xc800
PASS | Input: 0x6d6 ImmSrc: 1 -> ext=0x6d6 lui=0x5800
PASS | Input: 0x458 ImmSrc: 0 -> ext=0x18 lui=0x6000
PASS | Input: 0xd65 ImmSrc: 0 -> ext=0xffe5 lui=0x9400
PASS | Input: 0x4dc ImmSrc: 0 -> ext=0x1c lui=0x7000
PASS | Input: 0xff4 ImmSrc: 0 -> ext=0xfff4 lui=0xd000
PASS | Input: 0xb88 ImmSrc: 0 -> ext=0x8 lui=0x2000
PASS | Input: 0x6df ImmSrc: 0 -> ext=0x1f lui=0x7c00
PASS | Input: 0x9b2 ImmSrc: 0 -> ext=0xfff2 lui=0xc800
PASS | Input: 0x2f2 ImmSrc: 1 -> ext=0x2f2 lui=0xc800
PASS | Input: 0x52c ImmSrc: 0 -> ext=0xffec lui=0xb000
PASS | Input: 0xbfc ImmSrc: 1 -> ext=0xfbfc lui=0xf000
PASS | Input: 0xf7a ImmSrc: 1 -> ext=0xff7a lui=0xe800
PASS | Input: 0x161 ImmSrc: 0 -> ext=0xffe1 lui=0x8400
PASS | Input: 0xeb ImmSrc: 1 -> ext=0xeb lui=0xac00
PASS | Input: 0xad0 ImmSrc: 1 -> ext=0xfad0 lui=0x4000
PASS | Input: 0x971 ImmSrc: 1 -> ext=0xf971 lui=0xc400
PASS | Input: 0x8ae ImmSrc: 0 -> ext=0xffee lui=0xb800
PASS | Input: 0x80 ImmSrc: 1 -> ext=0x80 lui=0x0
PASS | Input: 0x748 ImmSrc: 1 -> ext=0x748 lui=0x2000
PASS | Input: 0x4e2 ImmSrc: 1 -> ext=0x4e2 lui=0x8800
PASS | Input: 0xf73 ImmSrc: 1 -> ext=0xff73 lui=0xcc00
PASS | Input: 0x2c3 ImmSrc: 1 -> ext=0x2c3 lui=0xc00
PASS | Input: 0xca2 ImmSrc: 0 -> ext=0xffe2 lui=0x8800
PASS | Input: 0x5db ImmSrc: 0 -> ext=0x1b lui=0x6c00
PASS | Input: 0xc1a ImmSrc: 1 -> ext=0xfc1a lui=0x6800
PASS | Input: 0x709 ImmSrc: 1 -> ext=0x709 lui=0x2400
PASS | Input: 0xc49 ImmSrc: 0 -> ext=0x9 lui=0x2400
PASS | Input: 0x638 ImmSrc: 1 -> ext=0x638 lui=0xe000
PASS | Input: 0x6ec ImmSrc: 1 -> ext=0x6ec lui=0xb000
PASS | Input: 0xee6 ImmSrc: 1 -> ext=0xfee6 lui=0x9800
PASS | Input: 0x810 ImmSrc: 1 -> ext=0xf810 lui=0x4000
PASS | Input: 0xd1f ImmSrc: 1 -> ext=0xfd1f lui=0x7c00
PASS | Input: 0xd80 ImmSrc: 0 -> ext=0x0 lui=0x0
PASS | Input: 0xa54 ImmSrc: 0 -> ext=0x14 lui=0x5000
PASS | Input: 0xfce ImmSrc: 0 -> ext=0xe lui=0x3800
PASS | Input: 0x4ce ImmSrc: 0 -> ext=0xe lui=0x3800
PASS | Input: 0xd7c ImmSrc: 0 -> ext=0xfffc lui=0xf000
PASS | Input: 0x832 ImmSrc: 1 -> ext=0xf832 lui=0xc800
PASS | Input: 0x5a ImmSrc: 0 -> ext=0x1a lui=0x6800
PASS | Input: 0xcf ImmSrc: 0 -> ext=0xf lui=0x3c00
PASS | Input: 0x8ca ImmSrc: 0 -> ext=0xa lui=0x2800
PASS | Input: 0x929 ImmSrc: 1 -> ext=0xf929 lui=0xa400
PASS | Input: 0xfe2 ImmSrc: 1 -> ext=0xffe2 lui=0x8800
PASS | Input: 0xe8a ImmSrc: 1 -> ext=0xfe8a lui=0x2800
PASS | Input: 0xf1d ImmSrc: 1 -> ext=0xff1d lui=0x7400
PASS | Input: 0xcf0 ImmSrc: 1 -> ext=0xfcf0 lui=0xc000
PASS | Input: 0x7a8 ImmSrc: 1 -> ext=0x7a8 lui=0xa000
PASS | Input: 0x3b ImmSrc: 0 -> ext=0xfffb lui=0xec00
PASS | Input: 0xe0 ImmSrc: 1 -> ext=0xe0 lui=0x8000
PASS | Input: 0x5eb ImmSrc: 1 -> ext=0x5eb lui=0xac00
PASS | Input: 0x920 ImmSrc: 0 -> ext=0xffe0 lui=0x8000
PASS | Input: 0x443 ImmSrc: 1 -> ext=0x443 lui=0xc00
PASS | Input: 0xd7b ImmSrc: 1 -> ext=0xfd7b lui=0xec00
PASS | Input: 0xf33 ImmSrc: 0 -> ext=0xfff3 lui=0xcc00
PASS | Input: 0x666 ImmSrc: 1 -> ext=0x666 lui=0x9800
PASS | Input: 0xcd9 ImmSrc: 1 -> ext=0xfcd9 lui=0x6400
PASS | Input: 0x505 ImmSrc: 0 -> ext=0x5 lui=0x1400
PASS | Input: 0xcf4 ImmSrc: 0 -> ext=0xfff4 lui=0xd000
PASS | Input: 0x1c ImmSrc: 1 -> ext=0x1c lui=0x7000
PASS | Input: 0x620 ImmSrc: 0 -> ext=0xffe0 lui=0x8000
PASS | Input: 0x74b ImmSrc: 0 -> ext=0xb lui=0x2c00
PASS | Input: 0xd35 ImmSrc: 0 -> ext=0xfff5 lui=0xd400
PASS | Input: 0x2a5 ImmSrc: 0 -> ext=0xffe5 lui=0x9400
PASS | Input: 0x49c ImmSrc: 0 -> ext=0x1c lui=0x7000
PASS | Input: 0x23c ImmSrc: 1 -> ext=0x23c lui=0xf000
PASS | Input: 0xef8 ImmSrc: 1 -> ext=0xfef8 lui=0xe000
PASS | Input: 0x2be ImmSrc: 1 -> ext=0x2be lui=0xf800
PASS | Input: 0x5fd ImmSrc: 0 -> ext=0xfffd lui=0xf400
PASS | Input: 0xdb3 ImmSrc: 1 -> ext=0xfdb3 lui=0xcc00
PASS | Input: 0x5bd ImmSrc: 1 -> ext=0x5bd lui=0xf400
PASS | Input: 0xd7c ImmSrc: 0 -> ext=0xfffc lui=0xf000
PASS | Input: 0x85b ImmSrc: 0 -> ext=0x1b lui=0x6c00
PASS | Input: 0xea4 ImmSrc: 0 -> ext=0xffe4 lui=0x9000
PASS | Input: 0xf66 ImmSrc: 1 -> ext=0xff66 lui=0x9800
PASS | Input: 0x1a4 ImmSrc: 0 -> ext=0xffe4 lui=0x9000
PASS | Input: 0x1c3 ImmSrc: 1 -> ext=0x1c3 lui=0xc00
PASS | Input: 0xda5 ImmSrc: 1 -> ext=0xfda5 lui=0x9400
PASS | Input: 0xa78 ImmSrc: 0 -> ext=0xfff8 lui=0xe000
PASS | Input: 0x68 ImmSrc: 0 -> ext=0xffe8 lui=0xa000
PASS | Input: 0x82e ImmSrc: 0 -> ext=0xffee lui=0xb800
PASS | Input: 0x6db ImmSrc: 1 -> ext=0x6db lui=0x6c00
PASS | Input: 0x8c4 ImmSrc: 1 -> ext=0xf8c4 lui=0x1000
PASS | Input: 0xd81 ImmSrc: 1 -> ext=0xfd81 lui=0x400
PASS | Input: 0x7d0 ImmSrc: 1 -> ext=0x7d0 lui=0x4000
PASS | Input: 0xb41 ImmSrc: 1 -> ext=0xfb41 lui=0x400
PASS | Input: 0xa60 ImmSrc: 1 -> ext=0xfa60 lui=0x8000
PASS | Input: 0xab ImmSrc: 0 -> ext=0xffeb lui=0xac00
PASS | Input: 0x5cf ImmSrc: 0 -> ext=0xf lui=0x3c00
PASS | Input: 0xb5a ImmSrc: 0 -> ext=0x1a lui=0x6800
PASS | Input: 0x113 ImmSrc: 1 -> ext=0x113 lui=0x4c00
PASS | Input: 0x27e ImmSrc: 1 -> ext=0x27e lui=0xf800
PASS | Input: 0x952 ImmSrc: 1 -> ext=0xf952 lui=0x4800
PASS | Input: 0x534 ImmSrc: 1 -> ext=0x534 lui=0xd000
PASS | Input: 0x815 ImmSrc: 0 -> ext=0x15 lui=0x5400
PASS | Input: 0xead ImmSrc: 0 -> ext=0xffed lui=0xb400
PASS | Input: 0xef8 ImmSrc: 0 -> ext=0xfff8 lui=0xe000
PASS | Input: 0xbd9 ImmSrc: 1 -> ext=0xfbd9 lui=0x6400
PASS | Input: 0x22f ImmSrc: 0 -> ext=0xffef lui=0xbc00
PASS | Input: 0x59a ImmSrc: 0 -> ext=0x1a lui=0x6800
PASS | Input: 0x6a9 ImmSrc: 1 -> ext=0x6a9 lui=0xa400
PASS | Input: 0xa18 ImmSrc: 1 -> ext=0xfa18 lui=0x6000
PASS | Input: 0x243 ImmSrc: 1 -> ext=0x243 lui=0xc00
PASS | Input: 0x75a ImmSrc: 1 -> ext=0x75a lui=0x6800
PASS | Input: 0x3c7 ImmSrc: 1 -> ext=0x3c7 lui=0x1c00
PASS | Input: 0x6af ImmSrc: 1 -> ext=0x6af lui=0xbc00
PASS | Input: 0x22a ImmSrc: 1 -> ext=0x22a lui=0xa800
PASS | Input: 0x408 ImmSrc: 1 -> ext=0x408 lui=0x2000
PASS | Input: 0x1c6 ImmSrc: 1 -> ext=0x1c6 lui=0x1800
PASS | Input: 0xdd6 ImmSrc: 1 -> ext=0xfdd6 lui=0x5800
PASS | Input: 0x7fe ImmSrc: 0 -> ext=0xfffe lui=0xf800
PASS | Input: 0xd85 ImmSrc: 1 -> ext=0xfd85 lui=0x1400
PASS | Input: 0x319 ImmSrc: 0 -> ext=0x19 lui=0x6400
PASS | Input: 0xe2d ImmSrc: 0 -> ext=0xffed lui=0xb400
PASS | Input: 0xfb3 ImmSrc: 0 -> ext=0xfff3 lui=0xcc00
PASS | Input: 0xe91 ImmSrc: 0 -> ext=0x11 lui=0x4400
PASS | Input: 0x68c ImmSrc: 0 -> ext=0xc lui=0x3000
PASS | Input: 0xb04 ImmSrc: 0 -> ext=0x4 lui=0x1000
PASS | Input: 0x924 ImmSrc: 0 -> ext=0xffe4 lui=0x9000
PASS | Input: 0xd47 ImmSrc: 0 -> ext=0x7 lui=0x1c00
PASS | Input: 0xeee ImmSrc: 0 -> ext=0xffee lui=0xb800
PASS | Input: 0x5 ImmSrc: 0 -> ext=0x5 lui=0x1400
PASS | Input: 0x470 ImmSrc: 1 -> ext=0x470 lui=0xc000
PASS | Input: 0x4f5 ImmSrc: 1 -> ext=0x4f5 lui=0xd400
PASS | Input: 0x92f ImmSrc: 1 -> ext=0xf92f lui=0xbc00
PASS | Input: 0x444 ImmSrc: 0 -> ext=0x4 lui=0x1000
PASS | Input: 0x4be ImmSrc: 1 -> ext=0x4be lui=0xf800
PASS | Input: 0x95c ImmSrc: 0 -> ext=0x1c lui=0x7000
PASS | Input: 0x6c7 ImmSrc: 0 -> ext=0x7 lui=0x1c00
PASS | Input: 0xa4 ImmSrc: 1 -> ext=0xa4 lui=0x9000
PASS | Input: 0x961 ImmSrc: 1 -> ext=0xf961 lui=0x8400
PASS | Input: 0x948 ImmSrc: 1 -> ext=0xf948 lui=0x2000
PASS | Input: 0x694 ImmSrc: 0 -> ext=0x14 lui=0x5000
PASS | Input: 0x9a8 ImmSrc: 1 -> ext=0xf9a8 lui=0xa000
PASS | Input: 0xf5c ImmSrc: 0 -> ext=0x1c lui=0x7000
PASS | Input: 0x289 ImmSrc: 1 -> ext=0x289 lui=0x2400
PASS | Input: 0xa06 ImmSrc: 1 -> ext=0xfa06 lui=0x1800
PASS | Input: 0xc96 ImmSrc: 0 -> ext=0x16 lui=0x5800
PASS | Input: 0x741 ImmSrc: 1 -> ext=0x741 lui=0x400
PASS | Input: 0x753 ImmSrc: 1 -> ext=0x753 lui=0x4c00
PASS | Input: 0xb4 ImmSrc: 1 -> ext=0xb4 lui=0xd000
PASS | Input: 0xa0d ImmSrc: 0 -> ext=0xd lui=0x3400
PASS | Input: 0x579 ImmSrc: 1 -> ext=0x579 lui=0xe400
PASS | Input: 0x6f5 ImmSrc: 1 -> ext=0x6f5 lui=0xd400
PASS | Input: 0xa50 ImmSrc: 1 -> ext=0xfa50 lui=0x4000
PASS | Input: 0x5e4 ImmSrc: 0 -> ext=0xffe4 lui=0x9000
PASS | Input: 0x2e3 ImmSrc: 0 -> ext=0xffe3 lui=0x8c00
PASS | Input: 0x1f6 ImmSrc: 1 -> ext=0x1f6 lui=0xd800
PASS | Input: 0x6f7 ImmSrc: 1 -> ext=0x6f7 lui=0xdc00
PASS | Input: 0x880 ImmSrc: 1 -> ext=0xf880 lui=0x0
PASS | Input: 0x5d9 ImmSrc: 1 -> ext=0x5d9 lui=0x6400
PASS | Input: 0x78f ImmSrc: 1 -> ext=0x78f lui=0x3c00
PASS | Input: 0x7e9 ImmSrc: 0 -> ext=0xffe9 lui=0xa400
PASS | Input: 0x975 ImmSrc: 0 -> ext=0xfff5 lui=0xd400
PASS | Input: 0xb93 ImmSrc: 1 -> ext=0xfb93 lui=0x4c00
PASS | Input: 0x886 ImmSrc: 0 -> ext=0x6 lui=0x1800
PASS | Input: 0x897 ImmSrc: 1 -> ext=0xf897 lui=0x5c00
PASS | Input: 0x399 ImmSrc: 1 -> ext=0x399 lui=0x6400
PASS | Input: 0x3ea ImmSrc: 0 -> ext=0xffea lui=0xa800
PASS | Input: 0x56a ImmSrc: 1 -> ext=0x56a lui=0xa800
PASS | Input: 0xe19 ImmSrc: 0 -> ext=0x19 lui=0x6400
PASS | Input: 0x86b ImmSrc: 1 -> ext=0xf86b lui=0xac00
PASS | Input: 0xd79 ImmSrc: 1 -> ext=0xfd79 lui=0xe400
PASS | Input: 0xa2c ImmSrc: 0 -> ext=0xffec lui=0xb000
PASS | Input: 0x900 ImmSrc: 0 -> ext=0x0 lui=0x0
PASS | Input: 0x8df ImmSrc: 0 -> ext=0x1f lui=0x7c00
PASS | Input: 0xa23 ImmSrc: 1 -> ext=0xfa23 lui=0x8c00
PASS | Input: 0xd1f ImmSrc: 1 -> ext=0xfd1f lui=0x7c00
PASS | Input: 0x389 ImmSrc: 0 -> ext=0x9 lui=0x2400
PASS | Input: 0x389 ImmSrc: 0 -> ext=0x9 lui=0x2400
PASS | Input: 0xdf4 ImmSrc: 1 -> ext=0xfdf4 lui=0xd000
PASS | Input: 0x94a ImmSrc: 1 -> ext=0xf94a lui=0x2800
PASS | Input: 0x22f ImmSrc: 1 -> ext=0x22f lui=0xbc00
PASS | Input: 0xa27 ImmSrc: 1 -> ext=0xfa27 lui=0x9c00
PASS | Input: 0x64 ImmSrc: 1 -> ext=0x64 lui=0x9000
PASS | Input: 0x2d ImmSrc: 1 -> ext=0x2d lui=0xb400
PASS | Input: 0x2a2 ImmSrc: 0 -> ext=0xffe2 lui=0x8800
PASS | Input: 0xa8e ImmSrc: 0 -> ext=0xe lui=0x3800
PASS | Input: 0x7fd ImmSrc: 0 -> ext=0xfffd lui=0xf400
PASS | Input: 0x4d4 ImmSrc: 0 -> ext=0x14 lui=0x5000
PASS | Input: 0x914 ImmSrc: 0 -> ext=0x14 lui=0x5000
PASS | Input: 0x6f3 ImmSrc: 1 -> ext=0x6f3 lui=0xcc00
PASS | Input: 0x58 ImmSrc: 0 -> ext=0x18 lui=0x6000
PASS | Input: 0x258 ImmSrc: 1 -> ext=0x258 lui=0x6000
PASS | Input: 0x1f0 ImmSrc: 1 -> ext=0x1f0 lui=0xc000
PASS | Input: 0xf96 ImmSrc: 1 -> ext=0xff96 lui=0x5800
PASS | Input: 0xe87 ImmSrc: 1 -> ext=0xfe87 lui=0x1c00
PASS | Input: 0xbb5 ImmSrc: 1 -> ext=0xfbb5 lui=0xd400
PASS | Input: 0xbed ImmSrc: 1 -> ext=0xfbed lui=0xb400
PASS | Input: 0x1d0 ImmSrc: 0 -> ext=0x10 lui=0x4000
PASS | Input: 0xfd3 ImmSrc: 1 -> ext=0xffd3 lui=0x4c00
PASS | Input: 0xf0a ImmSrc: 1 -> ext=0xff0a lui=0x2800
PASS | Input: 0x880 ImmSrc: 1 -> ext=0xf880 lui=0x0
PASS | Input: 0xe7b ImmSrc: 1 -> ext=0xfe7b lui=0xec00
PASS | Input: 0x2df ImmSrc: 0 -> ext=0x1f lui=0x7c00
PASS | Input: 0xc2e ImmSrc: 1 -> ext=0xfc2e lui=0xb800
PASS | Input: 0x8ae ImmSrc: 1 -> ext=0xf8ae lui=0xb800
PASS | Input: 0x7bd ImmSrc: 1 -> ext=0x7bd lui=0xf400
PASS | Input: 0x931 ImmSrc: 1 -> ext=0xf931 lui=0xc400
PASS | Input: 0x6b1 ImmSrc: 1 -> ext=0x6b1 lui=0xc400
PASS | Input: 0xc41 ImmSrc: 0 -> ext=0x1 lui=0x400
PASS | Input: 0xa35 ImmSrc: 1 -> ext=0xfa35 lui=0xd400
PASS | Input: 0x10b ImmSrc: 1 -> ext=0x10b lui=0x2c00
PASS | Input: 0xd34 ImmSrc: 0 -> ext=0xfff4 lui=0xd000
PASS | Input: 0x359 ImmSrc: 0 -> ext=0x19 lui=0x6400
PASS | Input: 0x983 ImmSrc: 0 -> ext=0x3 lui=0xc00
PASS | Input: 0xdb9 ImmSrc: 1 -> ext=0xfdb9 lui=0xe400
PASS | Input: 0xc23 ImmSrc: 1 -> ext=0xfc23 lui=0x8c00
PASS | Input: 0xc62 ImmSrc: 1 -> ext=0xfc62 lui=0x8800
PASS | Input: 0x238 ImmSrc: 1 -> ext=0x238 lui=0xe000
PASS | Input: 0xc2a ImmSrc: 0 -> ext=0xffea lui=0xa800
PASS | Input: 0x7d2 ImmSrc: 1 -> ext=0x7d2 lui=0x4800
PASS | Input: 0x863 ImmSrc: 0 -> ext=0xffe3 lui=0x8c00
PASS | Input: 0x71a ImmSrc: 0 -> ext=0x1a lui=0x6800
PASS | Input: 0xffb ImmSrc: 1 -> ext=0xfffb lui=0xec00
PASS | Input: 0xdf9 ImmSrc: 0 -> ext=0xfff9 lui=0xe400
PASS | Input: 0x9b5 ImmSrc: 1 -> ext=0xf9b5 lui=0xd400
PASS | Input: 0x7d7 ImmSrc: 0 -> ext=0x17 lui=0x5c00
PASS | Input: 0x2d5 ImmSrc: 0 -> ext=0x15 lui=0x5400
PASS | Input: 0xc8a ImmSrc: 1 -> ext=0xfc8a lui=0x2800
PASS | Input: 0xb13 ImmSrc: 1 -> ext=0xfb13 lui=0x4c00
PASS | Input: 0x108 ImmSrc: 1 -> ext=0x108 lui=0x2000
PASS | Input: 0xa31 ImmSrc: 0 -> ext=0xfff1 lui=0xc400
PASS | Input: 0x9f3 ImmSrc: 1 -> ext=0xf9f3 lui=0xcc00
PASS | Input: 0x10d ImmSrc: 1 -> ext=0x10d lui=0x3400
PASS | Input: 0x5a2 ImmSrc: 1 -> ext=0x5a2 lui=0x8800
PASS | Input: 0x77e ImmSrc: 0 -> ext=0xfffe lui=0xf800
PASS | Input: 0xb2 ImmSrc: 1 -> ext=0xb2 lui=0xc800
PASS | Input: 0x9e0 ImmSrc: 1 -> ext=0xf9e0 lui=0x8000
PASS | Input: 0x7be ImmSrc: 0 -> ext=0xfffe lui=0xf800
PASS | Input: 0x49f ImmSrc: 0 -> ext=0x1f lui=0x7c00
PASS | Input: 0x255 ImmSrc: 1 -> ext=0x255 lui=0x5400
PASS | Input: 0x59f ImmSrc: 1 -> ext=0x59f lui=0x7c00
PASS | Input: 0xc6 ImmSrc: 1 -> ext=0xc6 lui=0x1800
PASS | Input: 0x6d1 ImmSrc: 0 -> ext=0x11 lui=0x4400
PASS | Input: 0xfd5 ImmSrc: 1 -> ext=0xffd5 lui=0x5400
PASS | Input: 0x2d3 ImmSrc: 1 -> ext=0x2d3 lui=0x4c00
PASS | Input: 0x6fe ImmSrc: 1 -> ext=0x6fe lui=0xf800
PASS | Input: 0xbf0 ImmSrc: 1 -> ext=0xfbf0 lui=0xc000
PASS | Input: 0x74c ImmSrc: 0 -> ext=0xc lui=0x3000
PASS | Input: 0x561 ImmSrc: 1 -> ext=0x561 lui=0x8400
PASS | Input: 0x86f ImmSrc: 0 -> ext=0xffef lui=0xbc00
PASS | Input: 0x14 ImmSrc: 1 -> ext=0x14 lui=0x5000
PASS | Input: 0x915 ImmSrc: 1 -> ext=0xf915 lui=0x5400
PASS | Input: 0xbe7 ImmSrc: 0 -> ext=0xffe7 lui=0x9c00
PASS | Input: 0x534 ImmSrc: 1 -> ext=0x534 lui=0xd000
PASS | Input: 0xb9b ImmSrc: 0 -> ext=0x1b lui=0x6c00
PASS | Input: 0x646 ImmSrc: 0 -> ext=0x6 lui=0x1800
PASS | Input: 0x16a ImmSrc: 1 -> ext=0x16a lui=0xa800
PASS | Input: 0xd24 ImmSrc: 0 -> ext=0xffe4 lui=0x9000
PASS | Input: 0x986 ImmSrc: 0 -> ext=0x6 lui=0x1800
PASS | Input: 0x89 ImmSrc: 0 -> ext=0x9 lui=0x2400
PASS | Input: 0xd69 ImmSrc: 1 -> ext=0xfd69 lui=0xa400
PASS | Input: 0xedc ImmSrc: 0 -> ext=0x1c lui=0x7000
PASS | Input: 0x840 ImmSrc: 1 -> ext=0xf840 lui=0x0
PASS | Input: 0x559 ImmSrc: 0 -> ext=0x19 lui=0x6400
PASS | Input: 0x853 ImmSrc: 1 -> ext=0xf853 lui=0x4c00
PASS | Input: 0xc2c ImmSrc: 0 -> ext=0xffec lui=0xb000
PASS | Input: 0xabe ImmSrc: 1 -> ext=0xfabe lui=0xf800
PASS | Input: 0x29d ImmSrc: 0 -> ext=0x1d lui=0x7400
PASS | Input: 0xa56 ImmSrc: 1 -> ext=0xfa56 lui=0x5800
PASS | Input: 0x5e0 ImmSrc: 1 -> ext=0x5e0 lui=0x8000
PASS | Input: 0x7 ImmSrc: 0 -> ext=0x7 lui=0x1c00
PASS | Input: 0xca1 ImmSrc: 0 -> ext=0xffe1 lui=0x8400
PASS | Input: 0xe96 ImmSrc: 0 -> ext=0x16 lui=0x5800
PASS | Input: 0x8eb ImmSrc: 1 -> ext=0xf8eb lui=0xac00
PASS | Input: 0xb10 ImmSrc: 1 -> ext=0xfb10 lui=0x4000
PASS | Input: 0x173 ImmSrc: 1 -> ext=0x173 lui=0xcc00
PASS | Input: 0x4be ImmSrc: 1 -> ext=0x4be lui=0xf800
PASS | Input: 0x6f4 ImmSrc: 0 -> ext=0xfff4 lui=0xd000
PASS | Input: 0x704 ImmSrc: 0 -> ext=0x4 lui=0x1000
PASS | Input: 0x19e ImmSrc: 0 -> ext=0x1e lui=0x7800
PASS | Input: 0xef1 ImmSrc: 0 -> ext=0xfff1 lui=0xc400
PASS | Input: 0xe40 ImmSrc: 1 -> ext=0xfe40 lui=0x0
PASS | Input: 0x7e5 ImmSrc: 0 -> ext=0xffe5 lui=0x9400
PASS | Input: 0xc42 ImmSrc: 1 -> ext=0xfc42 lui=0x800
PASS | Input: 0xa21 ImmSrc: 1 -> ext=0xfa21 lui=0x8400
PASS | Input: 0x4fd ImmSrc: 0 -> ext=0xfffd lui=0xf400
PASS | Input: 0x992 ImmSrc: 0 -> ext=0x12 lui=0x4800
PASS | Input: 0x295 ImmSrc: 1 -> ext=0x295 lui=0x5400
PASS | Input: 0xabf ImmSrc: 1 -> ext=0xfabf lui=0xfc00
PASS | Input: 0x3ec ImmSrc: 0 -> ext=0xffec lui=0xb000
PASS | Input: 0xd24 ImmSrc: 1 -> ext=0xfd24 lui=0x9000
PASS | Input: 0x2b8 ImmSrc: 0 -> ext=0xfff8 lui=0xe000
PASS | Input: 0xdd1 ImmSrc: 1 -> ext=0xfdd1 lui=0x4400
PASS | Input: 0xc6c ImmSrc: 1 -> ext=0xfc6c lui=0xb000
PASS | Input: 0x4b7 ImmSrc: 1 -> ext=0x4b7 lui=0xdc00
PASS | Input: 0xff4 ImmSrc: 1 -> ext=0xfff4 lui=0xd000
PASS | Input: 0x261 ImmSrc: 0 -> ext=0xffe1 lui=0x8400
PASS | Input: 0x3e9 ImmSrc: 0 -> ext=0xffe9 lui=0xa400
PASS | Input: 0x18a ImmSrc: 1 -> ext=0x18a lui=0x2800
PASS | Input: 0x456 ImmSrc: 1 -> ext=0x456 lui=0x5800
PASS | Input: 0xb53 ImmSrc: 0 -> ext=0x13 lui=0x4c00
PASS | Input: 0x2a0 ImmSrc: 0 -> ext=0xffe0 lui=0x8000
PASS | Input: 0xe83 ImmSrc: 0 -> ext=0x3 lui=0xc00
PASS | Input: 0x7aa ImmSrc: 1 -> ext=0x7aa lui=0xa800
PASS | Input: 0x797 ImmSrc: 0 -> ext=0x17 lui=0x5c00
PASS | Input: 0xfd1 ImmSrc: 0 -> ext=0x11 lui=0x4400
PASS | Input: 0xf10 ImmSrc: 1 -> ext=0xff10 lui=0x4000
PASS | Input: 0x5d4 ImmSrc: 1 -> ext=0x5d4 lui=0x5000
PASS | Input: 0x4bc ImmSrc: 0 -> ext=0xfffc lui=0xf000
PASS | Input: 0x544 ImmSrc: 1 -> ext=0x544 lui=0x1000
PASS | Input: 0x26d ImmSrc: 1 -> ext=0x26d lui=0xb400
PASS | Input: 0xc8e ImmSrc: 1 -> ext=0xfc8e lui=0x3800
PASS | Input: 0x7e3 ImmSrc: 0 -> ext=0xffe3 lui=0x8c00
PASS | Input: 0x63b ImmSrc: 1 -> ext=0x63b lui=0xec00
PASS | Input: 0xb46 ImmSrc: 0 -> ext=0x6 lui=0x1800
PASS | Input: 0xe80 ImmSrc: 1 -> ext=0xfe80 lui=0x0
PASS | Input: 0xb12 ImmSrc: 0 -> ext=0x12 lui=0x4800
PASS | Input: 0x3b3 ImmSrc: 0 -> ext=0xfff3 lui=0xcc00
PASS | Input: 0x5b9 ImmSrc: 1 -> ext=0x5b9 lui=0xe400
PASS | Input: 0xdbc ImmSrc: 0 -> ext=0xfffc lui=0xf000
PASS | Input: 0x2e7 ImmSrc: 0 -> ext=0xffe7 lui=0x9c00
PASS | Input: 0xa1b ImmSrc: 1 -> ext=0xfa1b lui=0x6c00
PASS | Input: 0x3b8 ImmSrc: 1 -> ext=0x3b8 lui=0xe000
PASS | Input: 0x79c ImmSrc: 1 -> ext=0x79c lui=0x7000
PASS | Input: 0xcad ImmSrc: 0 -> ext=0xffed lui=0xb400
PASS | Input: 0xc54 ImmSrc: 1 -> ext=0xfc54 lui=0x5000
PASS | Input: 0x3d1 ImmSrc: 1 -> ext=0x3d1 lui=0x4400
PASS | Input: 0x9f7 ImmSrc: 0 -> ext=0xfff7 lui=0xdc00
PASS | Input: 0xacb ImmSrc: 0 -> ext=0xb lui=0x2c00
PASS | Input: 0x824 ImmSrc: 1 -> ext=0xf824 lui=0x9000
PASS | Input: 0x44a ImmSrc: 1 -> ext=0x44a lui=0x2800
PASS | Input: 0x9c1 ImmSrc: 0 -> ext=0x1 lui=0x400
PASS | Input: 0xb98 ImmSrc: 0 -> ext=0x18 lui=0x6000
PASS | Input: 0x3fc ImmSrc: 0 -> ext=0xfffc lui=0xf000
PASS | Input: 0xaab ImmSrc: 1 -> ext=0xfaab lui=0xac00
PASS | Input: 0x305 ImmSrc: 1 -> ext=0x305 lui=0x1400
PASS | Input: 0xe93 ImmSrc: 0 -> ext=0x13 lui=0x4c00
PASS | Input: 0x425 ImmSrc: 0 -> ext=0xffe5 lui=0x9400
PASS | Input: 0x59b ImmSrc: 0 -> ext=0x1b lui=0x6c00
PASS | Input: 0x63d ImmSrc: 1 -> ext=0x63d lui=0xf400
PASS | Input: 0x7ee ImmSrc: 0 -> ext=0xffee lui=0xb800
PASS | Input: 0x34c ImmSrc: 0 -> ext=0xc lui=0x3000
PASS | Input: 0x126 ImmSrc: 1 -> ext=0x126 lui=0x9800
PASS | Input: 0x712 ImmSrc: 1 -> ext=0x712 lui=0x4800
PASS | Input: 0xe88 ImmSrc: 1 -> ext=0xfe88 lui=0x2000
PASS | Input: 0xc6b ImmSrc: 0 -> ext=0xffeb lui=0xac00
PASS | Input: 0xf60 ImmSrc: 0 -> ext=0xffe0 lui=0x8000
PASS | Input: 0x273 ImmSrc: 0 -> ext=0xfff3 lui=0xcc00
PASS | Input: 0xc3c ImmSrc: 0 -> ext=0xfffc lui=0xf000
PASS | Input: 0x14 ImmSrc: 0 -> ext=0x14 lui=0x5000
PASS | Input: 0x169 ImmSrc: 1 -> ext=0x169 lui=0xa400
PASS | Input: 0x611 ImmSrc: 0 -> ext=0x11 lui=0x4400
PASS | Input: 0xa94 ImmSrc: 0 -> ext=0x14 lui=0x5000
PASS | Input: 0x120 ImmSrc: 0 -> ext=0xffe0 lui=0x8000
PASS | Input: 0x6cc ImmSrc: 0 -> ext=0xc lui=0x3000
PASS | Input: 0x93b ImmSrc: 1 -> ext=0xf93b lui=0xec00
PASS | Input: 0xfdf ImmSrc: 0 -> ext=0x1f lui=0x7c00
PASS | Input: 0xab2 ImmSrc: 1 -> ext=0xfab2 lui=0xc800
PASS | Input: 0xf47 ImmSrc: 0 -> ext=0x7 lui=0x1c00
PASS | Input: 0x519 ImmSrc: 1 -> ext=0x519 lui=0x6400
PASS | Input: 0x4a1 ImmSrc: 1 -> ext=0x4a1 lui=0x8400
PASS | Input: 0x1ac ImmSrc: 1 -> ext=0x1ac lui=0xb000
PASS | Input: 0x8e9 ImmSrc: 1 -> ext=0xf8e9 lui=0xa400
PASS | Input: 0xa45 ImmSrc: 0 -> ext=0x5 lui=0x1400
PASS | Input: 0xd67 ImmSrc: 1 -> ext=0xfd67 lui=0x9c00
PASS | Input: 0x171 ImmSrc: 0 -> ext=0xfff1 lui=0xc400
PASS | Input: 0x89a ImmSrc: 1 -> ext=0xf89a lui=0x6800
PASS | Input: 0xdc7 ImmSrc: 0 -> ext=0x7 lui=0x1c00
PASS | Input: 0x8fc ImmSrc: 0 -> ext=0xfffc lui=0xf000
PASS | Input: 0xc15 ImmSrc: 1 -> ext=0xfc15 lui=0x5400
PASS | Input: 0x8fa ImmSrc: 0 -> ext=0xfffa lui=0xe800
PASS | Input: 0xb73 ImmSrc: 0 -> ext=0xfff3 lui=0xcc00
PASS | Input: 0x6f7 ImmSrc: 1 -> ext=0x6f7 lui=0xdc00
PASS | Input: 0x3e8 ImmSrc: 0 -> ext=0xffe8 lui=0xa000
PASS | Input: 0xda7 ImmSrc: 0 -> ext=0xffe7 lui=0x9c00
PASS | Input: 0x39f ImmSrc: 1 -> ext=0x39f lui=0x7c00
PASS | Input: 0x8b3 ImmSrc: 1 -> ext=0xf8b3 lui=0xcc00
PASS | Input: 0x45e ImmSrc: 0 -> ext=0x1e lui=0x7800
PASS | Input: 0x4dd ImmSrc: 0 -> ext=0x1d lui=0x7400
PASS | Input: 0x440 ImmSrc: 0 -> ext=0x0 lui=0x0
PASS | Input: 0xca0 ImmSrc: 1 -> ext=0xfca0 lui=0x8000
PASS | Input: 0x5d ImmSrc: 1 -> ext=0x5d lui=0x7400
PASS | Input: 0xf7d ImmSrc: 0 -> ext=0xfffd lui=0xf400
PASS | Input: 0x368 ImmSrc: 0 -> ext=0xffe8 lui=0xa000
PASS | Input: 0x5f5 ImmSrc: 0 -> ext=0xfff5 lui=0xd400
PASS | Input: 0x7e7 ImmSrc: 1 -> ext=0x7e7 lui=0x9c00
PASS | Input: 0xb6a ImmSrc: 1 -> ext=0xfb6a lui=0xa800
PASS | Input: 0xb1a ImmSrc: 1 -> ext=0xfb1a lui=0x6800
PASS | Input: 0xec6 ImmSrc: 0 -> ext=0x6 lui=0x1800
PASS | Input: 0xb24 ImmSrc: 0 -> ext=0xffe4 lui=0x9000
PASS | Input: 0xa52 ImmSrc: 0 -> ext=0x12 lui=0x4800
PASS | Input: 0xe8f ImmSrc: 0 -> ext=0xf lui=0x3c00
PASS | Input: 0xc74 ImmSrc: 0 -> ext=0xfff4 lui=0xd000
PASS | Input: 0x6ce ImmSrc: 1 -> ext=0x6ce lui=0x3800
PASS | Input: 0xecf ImmSrc: 1 -> ext=0xfecf lui=0x3c00
PASS | Input: 0xec6 ImmSrc: 0 -> ext=0x6 lui=0x1800
PASS | Input: 0xc81 ImmSrc: 0 -> ext=0x1 lui=0x400
PASS | Input: 0xffd ImmSrc: 0 -> ext=0xfffd lui=0xf400
PASS | Input: 0x5e9 ImmSrc: 0 -> ext=0xffe9 lui=0xa400
PASS | Input: 0x888 ImmSrc: 0 -> ext=0x8 lui=0x2000
PASS | Input: 0x1c3 ImmSrc: 1 -> ext=0x1c3 lui=0xc00
PASS | Input: 0x34f ImmSrc: 0 -> ext=0xf lui=0x3c00
PASS | Input: 0xcf8 ImmSrc: 0 -> ext=0xfff8 lui=0xe000
PASS | Input: 0xdbd ImmSrc: 0 -> ext=0xfffd lui=0xf400
PASS | Input: 0x7f6 ImmSrc: 0 -> ext=0xfff6 lui=0xd800
PASS | Input: 0x176 ImmSrc: 0 -> ext=0xfff6 lui=0xd800
PASS | Input: 0xbeb ImmSrc: 1 -> ext=0xfbeb lui=0xac00
PASS | Input: 0xc2b ImmSrc: 1 -> ext=0xfc2b lui=0xac00
PASS | Input: 0x1b4 ImmSrc: 1 -> ext=0x1b4 lui=0xd000
PASS | Input: 0xb22 ImmSrc: 1 -> ext=0xfb22 lui=0x8800
PASS | Input: 0x9e7 ImmSrc: 0 -> ext=0xffe7 lui=0x9c00
PASS | Input: 0x78e ImmSrc: 0 -> ext=0xe lui=0x3800
PASS | Input: 0xcc0 ImmSrc: 0 -> ext=0x0 lui=0x0
PASS | Input: 0xe4b ImmSrc: 0 -> ext=0xb lui=0x2c00
PASS | Input: 0xa4d ImmSrc: 0 -> ext=0xd lui=0x3400
PASS | Input: 0xd17 ImmSrc: 1 -> ext=0xfd17 lui=0x5c00
PASS | Input: 0xcbe ImmSrc: 1 -> ext=0xfcbe lui=0xf800
PASS | Input: 0xede ImmSrc: 0 -> ext=0x1e lui=0x7800
PASS | Input: 0x1a ImmSrc: 0 -> ext=0x1a lui=0x6800
PASS | Input: 0xe40 ImmSrc: 0 -> ext=0x0 lui=0x0
PASS | Input: 0xe47 ImmSrc: 1 -> ext=0xfe47 lui=0x1c00
PASS | Input: 0x8c6 ImmSrc: 1 -> ext=0xf8c6 lui=0x1800
PASS | Input: 0x9ad ImmSrc: 0 -> ext=0xffed lui=0xb400
PASS | Input: 0xb0e ImmSrc: 1 -> ext=0xfb0e lui=0x3800
PASS | Input: 0x457 ImmSrc: 1 -> ext=0x457 lui=0x5c00
PASS | Input: 0xf58 ImmSrc: 0 -> ext=0x18 lui=0x6000
PASS | Input: 0x2e7 ImmSrc: 0 -> ext=0xffe7 lui=0x9c00
PASS | Input: 0x1aa ImmSrc: 1 -> ext=0x1aa lui=0xa800
PASS | Input: 0xe27 ImmSrc: 0 -> ext=0xffe7 lui=0x9c00
PASS | Input: 0xe1d ImmSrc: 0 -> ext=0x1d lui=0x7400
PASS | Input: 0x1b1 ImmSrc: 0 -> ext=0xfff1 lui=0xc400
PASS | Input: 0x35b ImmSrc: 1 -> ext=0x35b lui=0x6c00
PASS | Input: 0x959 ImmSrc: 0 -> ext=0x19 lui=0x6400
PASS | Input: 0x900 ImmSrc: 0 -> ext=0x0 lui=0x0
PASS | Input: 0x2dd ImmSrc: 1 -> ext=0x2dd lui=0x7400
PASS | Input: 0xedf ImmSrc: 0 -> ext=0x1f lui=0x7c00
PASS | Input: 0x88f ImmSrc: 1 -> ext=0xf88f lui=0x3c00
PASS | Input: 0x1d4 ImmSrc: 1 -> ext=0x1d4 lui=0x5000
PASS | Input: 0x76a ImmSrc: 0 -> ext=0xffea lui=0xa800
PASS | Input: 0x62b ImmSrc: 0 -> ext=0xffeb lui=0xac00
PASS | Input: 0x85d ImmSrc: 0 -> ext=0x1d lui=0x7400
PASS | Input: 0x145 ImmSrc: 0 -> ext=0x5 lui=0x1400
PASS | Input: 0xc27 ImmSrc: 1 -> ext=0xfc27 lui=0x9c00
PASS | Input: 0xb83 ImmSrc: 0 -> ext=0x3 lui=0xc00
PASS | Input: 0xe9d ImmSrc: 1 -> ext=0xfe9d lui=0x7400
PASS | Input: 0xd1d ImmSrc: 1 -> ext=0xfd1d lui=0x7400
PASS | Input: 0x7b3 ImmSrc: 1 -> ext=0x7b3 lui=0xcc00
PASS | Input: 0x9f3 ImmSrc: 1 -> ext=0xf9f3 lui=0xcc00
PASS | Input: 0x61f ImmSrc: 0 -> ext=0x1f lui=0x7c00
PASS | Input: 0x5f4 ImmSrc: 1 -> ext=0x5f4 lui=0xd000
PASS | Input: 0x4e7 ImmSrc: 0 -> ext=0xffe7 lui=0x9c00
PASS | Input: 0x130 ImmSrc: 0 -> ext=0xfff0 lui=0xc000
PASS | Input: 0xc0 ImmSrc: 0 -> ext=0x0 lui=0x0
PASS | Input: 0x637 ImmSrc: 1 -> ext=0x637 lui=0xdc00
PASS | Input: 0x590 ImmSrc: 1 -> ext=0x590 lui=0x4000
PASS | Input: 0x4cd ImmSrc: 0 -> ext=0xd lui=0x3400
PASS | Input: 0xfdb ImmSrc: 1 -> ext=0xffdb lui=0x6c00
PASS | Input: 0x497 ImmSrc: 0 -> ext=0x17 lui=0x5c00
PASS | Input: 0x999 ImmSrc: 1 -> ext=0xf999 lui=0x6400
PASS | Input: 0x2d8 ImmSrc: 1 -> ext=0x2d8 lui=0x6000
PASS | Input: 0xf1c ImmSrc: 1 -> ext=0xff1c lui=0x7000
PASS | Input: 0xdcf ImmSrc: 1 -> ext=0xfdcf lui=0x3c00
PASS | Input: 0xe8c ImmSrc: 1 -> ext=0xfe8c lui=0x3000
PASS | Input: 0xdd6 ImmSrc: 1 -> ext=0xfdd6 lui=0x5800
PASS | Input: 0x3b1 ImmSrc: 0 -> ext=0xfff1 lui=0xc400
PASS | Input: 0x1d5 ImmSrc: 1 -> ext=0x1d5 lui=0x5400
PASS | Input: 0x774 ImmSrc: 0 -> ext=0xfff4 lui=0xd000
PASS | Input: 0x21f ImmSrc: 0 -> ext=0x1f lui=0x7c00
PASS | Input: 0x9e2 ImmSrc: 1 -> ext=0xf9e2 lui=0x8800
PASS | Input: 0xe5f ImmSrc: 1 -> ext=0xfe5f lui=0x7c00
PASS | Input: 0x31f ImmSrc: 1 -> ext=0x31f lui=0x7c00
PASS | Input: 0x295 ImmSrc: 1 -> ext=0x295 lui=0x5400
PASS | Input: 0x300 ImmSrc: 0 -> ext=0x0 lui=0x0
PASS | Input: 0x8d3 ImmSrc: 1 -> ext=0xf8d3 lui=0x4c00
PASS | Input: 0x2c6 ImmSrc: 1 -> ext=0x2c6 lui=0x1800
PASS | Input: 0xcc2 ImmSrc: 0 -> ext=0x2 lui=0x800
PASS | Input: 0xfb9 ImmSrc: 1 -> ext=0xffb9 lui=0xe400
PASS | Input: 0xd8f ImmSrc: 0 -> ext=0xf lui=0x3c00
PASS | Input: 0x50a ImmSrc: 0 -> ext=0xa lui=0x2800
PASS | Input: 0x253 ImmSrc: 0 -> ext=0x13 lui=0x4c00
PASS | Input: 0xeca ImmSrc: 0 -> ext=0xa lui=0x2800
PASS | Input: 0xc94 ImmSrc: 1 -> ext=0xfc94 lui=0x5000
PASS | Input: 0x959 ImmSrc: 1 -> ext=0xf959 lui=0x6400
PASS | Input: 0x3f1 ImmSrc: 0 -> ext=0xfff1 lui=0xc400
PASS | Input: 0x15 ImmSrc: 1 -> ext=0x15 lui=0x5400
PASS | Input: 0x794 ImmSrc: 1 -> ext=0x794 lui=0x5000
PASS | Input: 0x1b5 ImmSrc: 0 -> ext=0xfff5 lui=0xd400
PASS | Input: 0xf80 ImmSrc: 0 -> ext=0x0 lui=0x0
PASS | Input: 0x612 ImmSrc: 0 -> ext=0x12 lui=0x4800
PASS | Input: 0xb58 ImmSrc: 1 -> ext=0xfb58 lui=0x6000
PASS | Input: 0xccf ImmSrc: 0 -> ext=0xf lui=0x3c00
PASS | Input: 0x7b3 ImmSrc: 1 -> ext=0x7b3 lui=0xcc00
PASS | Input: 0xfa0 ImmSrc: 1 -> ext=0xffa0 lui=0x8000
PASS | Input: 0xc90 ImmSrc: 1 -> ext=0xfc90 lui=0x4000
PASS | Input: 0xa93 ImmSrc: 1 -> ext=0xfa93 lui=0x4c00
PASS | Input: 0x910 ImmSrc: 1 -> ext=0xf910 lui=0x4000
PASS | Input: 0xa3c ImmSrc: 0 -> ext=0xfffc lui=0xf000
PASS | Input: 0x7fc ImmSrc: 1 -> ext=0x7fc lui=0xf000
PASS | Input: 0xd05 ImmSrc: 1 -> ext=0xfd05 lui=0x1400
PASS | Input: 0x443 ImmSrc: 1 -> ext=0x443 lui=0xc00
PASS | Input: 0x892 ImmSrc: 1 -> ext=0xf892 lui=0x4800
PASS | Input: 0xdf5 ImmSrc: 0 -> ext=0xfff5 lui=0xd400
PASS | Input: 0x183 ImmSrc: 0 -> ext=0x3 lui=0xc00
PASS | Input: 0xdde ImmSrc: 1 -> ext=0xfdde lui=0x7800
PASS | Input: 0xb6e ImmSrc: 1 -> ext=0xfb6e lui=0xb800
PASS | Input: 0xf5b ImmSrc: 0 -> ext=0x1b lui=0x6c00
PASS | Input: 0x66e ImmSrc: 1 -> ext=0x66e lui=0xb800
PASS | Input: 0xf73 ImmSrc: 1 -> ext=0xff73 lui=0xcc00
PASS | Input: 0x115 ImmSrc: 0 -> ext=0x15 lui=0x5400
PASS | Input: 0xbdf ImmSrc: 0 -> ext=0x1f lui=0x7c00
PASS | Input: 0x129 ImmSrc: 1 -> ext=0x129 lui=0xa400
PASS | Input: 0xc0b ImmSrc: 1 -> ext=0xfc0b lui=0x2c00
PASS | Input: 0x6f1 ImmSrc: 1 -> ext=0x6f1 lui=0xc400
PASS | Input: 0x3ae ImmSrc: 1 -> ext=0x3ae lui=0xb800
PASS | Input: 0xe7b ImmSrc: 0 -> ext=0xfffb lui=0xec00
PASS | Input: 0x609 ImmSrc: 1 -> ext=0x609 lui=0x2400
PASS | Input: 0x3a7 ImmSrc: 0 -> ext=0xffe7 lui=0x9c00
PASS | Input: 0x47a ImmSrc: 0 -> ext=0xfffa lui=0xe800
PASS | Input: 0xf55 ImmSrc: 1 -> ext=0xff55 lui=0x5400
PASS | Input: 0xa5d ImmSrc: 1 -> ext=0xfa5d lui=0x7400
PASS | Input: 0xf8c ImmSrc: 1 -> ext=0xff8c lui=0x3000
PASS | Input: 0x3ea ImmSrc: 1 -> ext=0x3ea lui=0xa800
PASS | Input: 0x1f3 ImmSrc: 1 -> ext=0x1f3 lui=0xcc00
PASS | Input: 0x922 ImmSrc: 1 -> ext=0xf922 lui=0x8800
PASS | Input: 0x175 ImmSrc: 1 -> ext=0x175 lui=0xd400
PASS | Input: 0xb5f ImmSrc: 0 -> ext=0x1f lui=0x7c00
PASS | Input: 0x761 ImmSrc: 0 -> ext=0xffe1 lui=0x8400
PASS | Input: 0x39d ImmSrc: 0 -> ext=0x1d lui=0x7400
PASS | Input: 0x5eb ImmSrc: 0 -> ext=0xffeb lui=0xac00
PASS | Input: 0xf23 ImmSrc: 0 -> ext=0xffe3 lui=0x8c00
PASS | Input: 0x15a ImmSrc: 1 -> ext=0x15a lui=0x6800
PASS | Input: 0x790 ImmSrc: 1 -> ext=0x790 lui=0x4000
PASS | Input: 0xabe ImmSrc: 0 -> ext=0xfffe lui=0xf800
PASS | Input: 0xcf3 ImmSrc: 1 -> ext=0xfcf3 lui=0xcc00
PASS | Input: 0xc8f ImmSrc: 0 -> ext=0xf lui=0x3c00
PASS | Input: 0x7fc ImmSrc: 1 -> ext=0x7fc lui=0xf000
PASS | Input: 0x4f9 ImmSrc: 0 -> ext=0xfff9 lui=0xe400
PASS | Input: 0x5ea ImmSrc: 1 -> ext=0x5ea lui=0xa800
PASS | Input: 0xd49 ImmSrc: 1 -> ext=0xfd49 lui=0x2400
PASS | Input: 0x33a ImmSrc: 0 -> ext=0xfffa lui=0xe800
PASS | Input: 0x133 ImmSrc: 1 -> ext=0x133 lui=0xcc00
PASS | Input: 0xbcb ImmSrc: 1 -> ext=0xfbcb lui=0x2c00
PASS | Input: 0xe6b ImmSrc: 1 -> ext=0xfe6b lui=0xac00
PASS | Input: 0x872 ImmSrc: 1 -> ext=0xf872 lui=0xc800
PASS | Input: 0x44 ImmSrc: 1 -> ext=0x44 lui=0x1000
PASS | Input: 0x9ad ImmSrc: 0 -> ext=0xffed lui=0xb400
PASS | Input: 0x2d6 ImmSrc: 0 -> ext=0x16 lui=0x5800
PASS | Input: 0x87d ImmSrc: 1 -> ext=0xf87d lui=0xf400
PASS | Input: 0x257 ImmSrc: 1 -> ext=0x257 lui=0x5c00
PASS | Input: 0x207 ImmSrc: 0 -> ext=0x7 lui=0x1c00
PASS | Input: 0xb2b ImmSrc: 0 -> ext=0xffeb lui=0xac00
PASS | Input: 0x419 ImmSrc: 0 -> ext=0x19 lui=0x6400
PASS | Input: 0x85c ImmSrc: 1 -> ext=0xf85c lui=0x7000
PASS | Input: 0x819 ImmSrc: 1 -> ext=0xf819 lui=0x6400
PASS | Input: 0x7ef ImmSrc: 1 -> ext=0x7ef lui=0xbc00
PASS | Input: 0xb8b ImmSrc: 1 -> ext=0xfb8b lui=0x2c00
PASS | Input: 0x1dd ImmSrc: 0 -> ext=0x1d lui=0x7400
PASS | Input: 0x8b7 ImmSrc: 0 -> ext=0xfff7 lui=0xdc00
PASS | Input: 0x40e ImmSrc: 1 -> ext=0x40e lui=0x3800
PASS | Input: 0xd92 ImmSrc: 1 -> ext=0xfd92 lui=0x4800
PASS | Input: 0xd30 ImmSrc: 0 -> ext=0xfff0 lui=0xc000
PASS | Input: 0x476 ImmSrc: 0 -> ext=0xfff6 lui=0xd800
PASS | Input: 0x5bc ImmSrc: 1 -> ext=0x5bc lui=0xf000
PASS | Input: 0xbcb ImmSrc: 0 -> ext=0xb lui=0x2c00
PASS | Input: 0xa0a ImmSrc: 0 -> ext=0xa lui=0x2800
PASS | Input: 0xb37 ImmSrc: 1 -> ext=0xfb37 lui=0xdc00
PASS | Input: 0x9bc ImmSrc: 0 -> ext=0xfffc lui=0xf000
PASS | Input: 0x265 ImmSrc: 1 -> ext=0x265 lui=0x9400
PASS | Input: 0xc72 ImmSrc: 0 -> ext=0xfff2 lui=0xc800
PASS | Input: 0xd0d ImmSrc: 1 -> ext=0xfd0d lui=0x3400
PASS | Input: 0xff ImmSrc: 0 -> ext=0xffff lui=0xfc00
PASS | Input: 0x53d ImmSrc: 0 -> ext=0xfffd lui=0xf400
PASS | Input: 0x15 ImmSrc: 0 -> ext=0x15 lui=0x5400
PASS | Input: 0x88f ImmSrc: 0 -> ext=0xf lui=0x3c00
PASS | Input: 0xaa9 ImmSrc: 0 -> ext=0xffe9 lui=0xa400
PASS | Input: 0x25c ImmSrc: 1 -> ext=0x25c lui=0x7000
PASS | Input: 0x9f7 ImmSrc: 1 -> ext=0xf9f7 lui=0xdc00
PASS | Input: 0x80 ImmSrc: 0 -> ext=0x0 lui=0x0
PASS | Input: 0x873 ImmSrc: 0 -> ext=0xfff3 lui=0xcc00
PASS | Input: 0xdd1 ImmSrc: 0 -> ext=0x11 lui=0x4400
PASS | Input: 0x287 ImmSrc: 0 -> ext=0x7 lui=0x1c00
PASS | Input: 0x2d9 ImmSrc: 0 -> ext=0x19 lui=0x6400
PASS | Input: 0x96f ImmSrc: 1 -> ext=0xf96f lui=0xbc00
PASS | Input: 0xeeb ImmSrc: 0 -> ext=0xffeb lui=0xac00
PASS | Input: 0x12 ImmSrc: 0 -> ext=0x12 lui=0x4800
PASS | Input: 0xf33 ImmSrc: 0 -> ext=0xfff3 lui=0xcc00
PASS | Input: 0xb2b ImmSrc: 0 -> ext=0xffeb lui=0xac00
PASS | Input: 0xed2 ImmSrc: 1 -> ext=0xfed2 lui=0x4800
PASS | Input: 0x198 ImmSrc: 0 -> ext=0x18 lui=0x6000
PASS | Input: 0x897 ImmSrc: 0 -> ext=0x17 lui=0x5c00
PASS | Input: 0x133 ImmSrc: 0 -> ext=0xfff3 lui=0xcc00
PASS | Input: 0x887 ImmSrc: 1 -> ext=0xf887 lui=0x1c00
PASS | Input: 0x5fc ImmSrc: 0 -> ext=0xfffc lui=0xf000
PASS | Input: 0xaa5 ImmSrc: 0 -> ext=0xffe5 lui=0x9400
PASS | Input: 0xaf6 ImmSrc: 1 -> ext=0xfaf6 lui=0xd800
PASS | Input: 0xc3b ImmSrc: 1 -> ext=0xfc3b lui=0xec00
PASS | Input: 0xd96 ImmSrc: 1 -> ext=0xfd96 lui=0x5800
PASS | Input: 0x81d ImmSrc: 0 -> ext=0x1d lui=0x7400
PASS | Input: 0x605 ImmSrc: 1 -> ext=0x605 lui=0x1400
PASS | Input: 0xc0d ImmSrc: 0 -> ext=0xd lui=0x3400
PASS | Input: 0x42b ImmSrc: 0 -> ext=0xffeb lui=0xac00
PASS | Input: 0x2d2 ImmSrc: 1 -> ext=0x2d2 lui=0x4800
PASS | Input: 0x4bb ImmSrc: 0 -> ext=0xfffb lui=0xec00
PASS | Input: 0x821 ImmSrc: 0 -> ext=0xffe1 lui=0x8400
PASS | Input: 0x33b ImmSrc: 0 -> ext=0xfffb lui=0xec00
PASS | Input: 0x6eb ImmSrc: 0 -> ext=0xffeb lui=0xac00
PASS | Input: 0x73d ImmSrc: 1 -> ext=0x73d lui=0xf400
PASS | Input: 0xc20 ImmSrc: 1 -> ext=0xfc20 lui=0x8000
PASS | Input: 0xb9 ImmSrc: 1 -> ext=0xb9 lui=0xe400
PASS | Input: 0x795 ImmSrc: 1 -> ext=0x795 lui=0x5400
PASS | Input: 0xcdc ImmSrc: 0 -> ext=0x1c lui=0x7000
PASS | Input: 0xe0d ImmSrc: 1 -> ext=0xfe0d lui=0x3400
PASS | Input: 0x417 ImmSrc: 1 -> ext=0x417 lui=0x5c00
PASS | Input: 0x10c ImmSrc: 0 -> ext=0xc lui=0x3000
PASS | Input: 0x5db ImmSrc: 1 -> ext=0x5db lui=0x6c00
PASS | Input: 0xa87 ImmSrc: 0 -> ext=0x7 lui=0x1c00
PASS | Input: 0xbc1 ImmSrc: 1 -> ext=0xfbc1 lui=0x400
PASS | Input: 0x606 ImmSrc: 0 -> ext=0x6 lui=0x1800
PASS | Input: 0xf91 ImmSrc: 1 -> ext=0xff91 lui=0x4400
PASS | Input: 0x5d ImmSrc: 0 -> ext=0x1d lui=0x7400
PASS | Input: 0x2ea ImmSrc: 1 -> ext=0x2ea lui=0xa800
PASS | Input: 0x67d ImmSrc: 1 -> ext=0x67d lui=0xf400
PASS | Input: 0xeec ImmSrc: 0 -> ext=0xffec lui=0xb000
PASS | Input: 0x38f ImmSrc: 1 -> ext=0x38f lui=0x3c00
PASS | Input: 0xfc0 ImmSrc: 1 -> ext=0xffc0 lui=0x0
PASS | Input: 0x3db ImmSrc: 1 -> ext=0x3db lui=0x6c00
PASS | Input: 0xf50 ImmSrc: 0 -> ext=0x10 lui=0x4000
PASS | Input: 0x1a4 ImmSrc: 1 -> ext=0x1a4 lui=0x9000
PASS | Input: 0xc04 ImmSrc: 1 -> ext=0xfc04 lui=0x1000
PASS | Input: 0x885 ImmSrc: 1 -> ext=0xf885 lui=0x1400
PASS | Input: 0x3e3 ImmSrc: 1 -> ext=0x3e3 lui=0x8c00
PASS | Input: 0x96a ImmSrc: 0 -> ext=0xffea lui=0xa800
PASS | Input: 0xff4 ImmSrc: 1 -> ext=0xfff4 lui=0xd000
PASS | Input: 0xac6 ImmSrc: 0 -> ext=0x6 lui=0x1800
PASS | Input: 0xb26 ImmSrc: 0 -> ext=0xffe6 lui=0x9800
PASS | Input: 0xa0d ImmSrc: 1 -> ext=0xfa0d lui=0x3400
PASS | Input: 0x3a8 ImmSrc: 1 -> ext=0x3a8 lui=0xa000
PASS | Input: 0x71a ImmSrc: 1 -> ext=0x71a lui=0x6800
PASS | Input: 0x500 ImmSrc: 0 -> ext=0x0 lui=0x0
PASS | Input: 0x992 ImmSrc: 1 -> ext=0xf992 lui=0x4800
PASS | Input: 0xabc ImmSrc: 0 -> ext=0xfffc lui=0xf000
PASS | Input: 0xdd8 ImmSrc: 1 -> ext=0xfdd8 lui=0x6000
PASS | Input: 0x11a ImmSrc: 1 -> ext=0x11a lui=0x6800
PASS | Input: 0xb5 ImmSrc: 0 -> ext=0xfff5 lui=0xd400
PASS | Input: 0x46b ImmSrc: 1 -> ext=0x46b lui=0xac00
PASS | Input: 0x3f ImmSrc: 0 -> ext=0xffff lui=0xfc00
PASS | Input: 0x1a9 ImmSrc: 1 -> ext=0x1a9 lui=0xa400
PASS | Input: 0x423 ImmSrc: 1 -> ext=0x423 lui=0x8c00
PASS | Input: 0x3fa ImmSrc: 1 -> ext=0x3fa lui=0xe800
PASS | Input: 0xcdf ImmSrc: 0 -> ext=0x1f lui=0x7c00
PASS | Input: 0x48b ImmSrc: 0 -> ext=0xb lui=0x2c00
PASS | Input: 0x512 ImmSrc: 0 -> ext=0x12 lui=0x4800
PASS | Input: 0x392 ImmSrc: 1 -> ext=0x392 lui=0x4800
PASS | Input: 0x565 ImmSrc: 0 -> ext=0xffe5 lui=0x9400
PASS | Input: 0xad0 ImmSrc: 1 -> ext=0xfad0 lui=0x4000
PASS | Input: 0xf40 ImmSrc: 1 -> ext=0xff40 lui=0x0
PASS | Input: 0x76f ImmSrc: 0 -> ext=0xffef lui=0xbc00
PASS | Input: 0x9c6 ImmSrc: 1 -> ext=0xf9c6 lui=0x1800
PASS | Input: 0x295 ImmSrc: 1 -> ext=0x295 lui=0x5400
PASS | Input: 0x24c ImmSrc: 1 -> ext=0x24c lui=0x3000
PASS | Input: 0xd75 ImmSrc: 1 -> ext=0xfd75 lui=0xd400
PASS | Input: 0x6cb ImmSrc: 0 -> ext=0xb lui=0x2c00
PASS | Input: 0x14f ImmSrc: 1 -> ext=0x14f lui=0x3c00
PASS | Input: 0x272 ImmSrc: 1 -> ext=0x272 lui=0xc800
PASS | Input: 0x721 ImmSrc: 1 -> ext=0x721 lui=0x8400
PASS | Input: 0x1f7 ImmSrc: 0 -> ext=0xfff7 lui=0xdc00
PASS | Input: 0xe6a ImmSrc: 1 -> ext=0xfe6a lui=0xa800
PASS | Input: 0xca5 ImmSrc: 1 -> ext=0xfca5 lui=0x9400
PASS | Input: 0x3dc ImmSrc: 1 -> ext=0x3dc lui=0x7000
PASS | Input: 0x4db ImmSrc: 1 -> ext=0x4db lui=0x6c00
PASS | Input: 0x4b ImmSrc: 0 -> ext=0xb lui=0x2c00
PASS | Input: 0x208 ImmSrc: 1 -> ext=0x208 lui=0x2000
PASS | Input: 0x3b3 ImmSrc: 1 -> ext=0x3b3 lui=0xcc00
PASS | Input: 0x5b8 ImmSrc: 1 -> ext=0x5b8 lui=0xe000
PASS | Input: 0x7b7 ImmSrc: 1 -> ext=0x7b7 lui=0xdc00
PASS | Input: 0x4cf ImmSrc: 1 -> ext=0x4cf lui=0x3c00
PASS | Input: 0x462 ImmSrc: 1 -> ext=0x462 lui=0x8800
PASS | Input: 0xf8f ImmSrc: 0 -> ext=0xf lui=0x3c00
PASS | Input: 0xf91 ImmSrc: 0 -> ext=0x11 lui=0x4400
PASS | Input: 0x74 ImmSrc: 0 -> ext=0xfff4 lui=0xd000
PASS | Input: 0xace ImmSrc: 0 -> ext=0xe lui=0x3800
PASS | Input: 0x58c ImmSrc: 0 -> ext=0xc lui=0x3000
PASS | Input: 0x903 ImmSrc: 0 -> ext=0x3 lui=0xc00
PASS | Input: 0x756 ImmSrc: 0 -> ext=0x16 lui=0x5800
PASS | Input: 0x4d3 ImmSrc: 1 -> ext=0x4d3 lui=0x4c00
PASS | Input: 0x5ce ImmSrc: 0 -> ext=0xe lui=0x3800
PASS | Input: 0x7f9 ImmSrc: 1 -> ext=0x7f9 lui=0xe400
PASS | Input: 0x9b0 ImmSrc: 0 -> ext=0xfff0 lui=0xc000
PASS | Input: 0xf7a ImmSrc: 0 -> ext=0xfffa lui=0xe800
PASS | Input: 0xf95 ImmSrc: 0 -> ext=0x15 lui=0x5400
PASS | Input: 0x80d ImmSrc: 1 -> ext=0xf80d lui=0x3400
PASS | Input: 0x5f9 ImmSrc: 1 -> ext=0x5f9 lui=0xe400
PASS | Input: 0xf8b ImmSrc: 0 -> ext=0xb lui=0x2c00
PASS | Input: 0x6cc ImmSrc: 1 -> ext=0x6cc lui=0x3000
PASS | Input: 0xdc3 ImmSrc: 1 -> ext=0xfdc3 lui=0xc00
PASS | Input: 0xc9b ImmSrc: 1 -> ext=0xfc9b lui=0x6c00
PASS | Input: 0xe81 ImmSrc: 0 -> ext=0x1 lui=0x400
PASS | Input: 0x6f3 ImmSrc: 0 -> ext=0xfff3 lui=0xcc00
PASS | Input: 0x22f ImmSrc: 0 -> ext=0xffef lui=0xbc00
PASS | Input: 0x10e ImmSrc: 0 -> ext=0xe lui=0x3800
PASS | Input: 0x5da ImmSrc: 1 -> ext=0x5da lui=0x6800
PASS | Input: 0x36b ImmSrc: 0 -> ext=0xffeb lui=0xac00
PASS | Input: 0xcf9 ImmSrc: 1 -> ext=0xfcf9 lui=0xe400
PASS | Input: 0xe58 ImmSrc: 1 -> ext=0xfe58 lui=0x6000
PASS | Input: 0xcce ImmSrc: 0 -> ext=0xe lui=0x3800
PASS | Input: 0xb21 ImmSrc: 0 -> ext=0xffe1 lui=0x8400
PASS | Input: 0xabc ImmSrc: 0 -> ext=0xfffc lui=0xf000
PASS | Input: 0x6e0 ImmSrc: 1 -> ext=0x6e0 lui=0x8000
PASS | Input: 0x660 ImmSrc: 0 -> ext=0xffe0 lui=0x8000
PASS | Input: 0xd99 ImmSrc: 0 -> ext=0x19 lui=0x6400
PASS | Input: 0xbcf ImmSrc: 0 -> ext=0xf lui=0x3c00
PASS | Input: 0xbb1 ImmSrc: 1 -> ext=0xfbb1 lui=0xc400
PASS | Input: 0x5cf ImmSrc: 1 -> ext=0x5cf lui=0x3c00
PASS | Input: 0xb5a ImmSrc: 0 -> ext=0x1a lui=0x6800
PASS | Input: 0xf61 ImmSrc: 1 -> ext=0xff61 lui=0x8400
PASS | Input: 0x90f ImmSrc: 1 -> ext=0xf90f lui=0x3c00
PASS | Input: 0x56e ImmSrc: 0 -> ext=0xffee lui=0xb800
PASS | Input: 0x3b4 ImmSrc: 1 -> ext=0x3b4 lui=0xd000
PASS | Input: 0x502 ImmSrc: 1 -> ext=0x502 lui=0x800
PASS | Input: 0x275 ImmSrc: 0 -> ext=0xfff5 lui=0xd400
PASS | Input: 0x9d2 ImmSrc: 0 -> ext=0x12 lui=0x4800
PASS | Input: 0x7f4 ImmSrc: 1 -> ext=0x7f4 lui=0xd000
PASS | Input: 0xc82 ImmSrc: 0 -> ext=0x2 lui=0x800
PASS | Input: 0x9f0 ImmSrc: 1 -> ext=0xf9f0 lui=0xc000
PASS | Input: 0xf68 ImmSrc: 1 -> ext=0xff68 lui=0xa000
PASS | Input: 0x5e6 ImmSrc: 1 -> ext=0x5e6 lui=0x9800
PASS | Input: 0x838 ImmSrc: 0 -> ext=0xfff8 lui=0xe000
PASS | Input: 0x8d9 ImmSrc: 0 -> ext=0x19 lui=0x6400
PASS | Input: 0x867 ImmSrc: 0 -> ext=0xffe7 lui=0x9c00
PASS | Input: 0xfc6 ImmSrc: 0 -> ext=0x6 lui=0x1800
PASS | Input: 0x9a0 ImmSrc: 1 -> ext=0xf9a0 lui=0x8000
PASS | Input: 0x3f0 ImmSrc: 0 -> ext=0xfff0 lui=0xc000
PASS | Input: 0x523 ImmSrc: 0 -> ext=0xffe3 lui=0x8c00
PASS | Input: 0x387 ImmSrc: 0 -> ext=0x7 lui=0x1c00
PASS | Input: 0xa62 ImmSrc: 0 -> ext=0xffe2 lui=0x8800
PASS | Input: 0x8d7 ImmSrc: 0 -> ext=0x17 lui=0x5c00
PASS | Input: 0x4c0 ImmSrc: 1 -> ext=0x4c0 lui=0x0
PASS | Input: 0x381 ImmSrc: 0 -> ext=0x1 lui=0x400
PASS | Input: 0xfb4 ImmSrc: 0 -> ext=0xfff4 lui=0xd000
PASS | Input: 0x8ee ImmSrc: 1 -> ext=0xf8ee lui=0xb800
PASS | Input: 0x644 ImmSrc: 0 -> ext=0x4 lui=0x1000
PASS | Input: 0xc7b ImmSrc: 0 -> ext=0xfffb lui=0xec00
PASS | Input: 0x61a ImmSrc: 0 -> ext=0x1a lui=0x6800
PASS | Input: 0x58e ImmSrc: 0 -> ext=0xe lui=0x3800
PASS | Input: 0xc0f ImmSrc: 1 -> ext=0xfc0f lui=0x3c00
PASS | Input: 0x116 ImmSrc: 0 -> ext=0x16 lui=0x5800
PASS | Input: 0x38f ImmSrc: 0 -> ext=0xf lui=0x3c00
PASS | Input: 0xda2 ImmSrc: 0 -> ext=0xffe2 lui=0x8800
PASS | Input: 0x5a5 ImmSrc: 0 -> ext=0xffe5 lui=0x9400
PASS | Input: 0x296 ImmSrc: 0 -> ext=0x16 lui=0x5800
PASS | Input: 0x2 ImmSrc: 0 -> ext=0x2 lui=0x800
PASS | Input: 0xea4 ImmSrc: 0 -> ext=0xffe4 lui=0x9000
PASS | Input: 0x1e9 ImmSrc: 0 -> ext=0xffe9 lui=0xa400
PASS | Input: 0xd11 ImmSrc: 1 -> ext=0xfd11 lui=0x4400
PASS | Input: 0x23e ImmSrc: 0 -> ext=0xfffe lui=0xf800
PASS | Input: 0xaf7 ImmSrc: 1 -> ext=0xfaf7 lui=0xdc00
PASS | Input: 0xfad ImmSrc: 0 -> ext=0xffed lui=0xb400
PASS | Input: 0x2f8 ImmSrc: 1 -> ext=0x2f8 lui=0xe000
PASS | Input: 0x728 ImmSrc: 0 -> ext=0xffe8 lui=0xa000
PASS | Input: 0x3a2 ImmSrc: 0 -> ext=0xffe2 lui=0x8800
PASS | Input: 0xa4 ImmSrc: 1 -> ext=0xa4 lui=0x9000
PASS | Input: 0x5ff ImmSrc: 1 -> ext=0x5ff lui=0xfc00
PASS | Input: 0xd66 ImmSrc: 1 -> ext=0xfd66 lui=0x9800
PASS | Input: 0x56e ImmSrc: 0 -> ext=0xffee lui=0xb800
PASS | Input: 0x6b8 ImmSrc: 1 -> ext=0x6b8 lui=0xe000
PASS | Input: 0x16e ImmSrc: 0 -> ext=0xffee lui=0xb800
PASS | Input: 0x761 ImmSrc: 0 -> ext=0xffe1 lui=0x8400
PASS | Input: 0x35a ImmSrc: 1 -> ext=0x35a lui=0x6800
PASS | Input: 0xdb8 ImmSrc: 0 -> ext=0xfff8 lui=0xe000
PASS | Input: 0x9c7 ImmSrc: 0 -> ext=0x7 lui=0x1c00
PASS | Input: 0x5a6 ImmSrc: 0 -> ext=0xffe6 lui=0x9800
PASS | Input: 0xc7e ImmSrc: 1 -> ext=0xfc7e lui=0xf800
PASS | Input: 0x972 ImmSrc: 0 -> ext=0xfff2 lui=0xc800
PASS | Input: 0xbd3 ImmSrc: 0 -> ext=0x13 lui=0x4c00
PASS | Input: 0x5ad ImmSrc: 0 -> ext=0xffed lui=0xb400
PASS | Input: 0x141 ImmSrc: 1 -> ext=0x141 lui=0x400
PASS | Input: 0x41e ImmSrc: 1 -> ext=0x41e lui=0x7800
PASS | Input: 0x90e ImmSrc: 1 -> ext=0xf90e lui=0x3800
PASS | Input: 0x6f7 ImmSrc: 0 -> ext=0xfff7 lui=0xdc00
PASS | Input: 0xff5 ImmSrc: 1 -> ext=0xfff5 lui=0xd400
PASS | Input: 0x738 ImmSrc: 1 -> ext=0x738 lui=0xe000
PASS | Input: 0x171 ImmSrc: 0 -> ext=0xfff1 lui=0xc400
PASS | Input: 0xc95 ImmSrc: 0 -> ext=0x15 lui=0x5400
PASS | Input: 0x8d2 ImmSrc: 0 -> ext=0x12 lui=0x4800
PASS | Input: 0xab0 ImmSrc: 1 -> ext=0xfab0 lui=0xc000
PASS | Input: 0x49a ImmSrc: 0 -> ext=0x1a lui=0x6800
PASS | Input: 0x70a ImmSrc: 0 -> ext=0xa lui=0x2800
PASS | Input: 0xd52 ImmSrc: 1 -> ext=0xfd52 lui=0x4800
PASS | Input: 0x7b ImmSrc: 0 -> ext=0xfffb lui=0xec00
PASS | Input: 0x25d ImmSrc: 1 -> ext=0x25d lui=0x7400
PASS | Input: 0x28c ImmSrc: 1 -> ext=0x28c lui=0x3000
PASS | Input: 0xced ImmSrc: 1 -> ext=0xfced lui=0xb400
PASS | Input: 0xa8a ImmSrc: 0 -> ext=0xa lui=0x2800
PASS | Input: 0xaaa ImmSrc: 0 -> ext=0xffea lui=0xa800
PASS | Input: 0x3aa ImmSrc: 0 -> ext=0xffea lui=0xa800
PASS | Input: 0x92f ImmSrc: 0 -> ext=0xffef lui=0xbc00
PASS | Input: 0x71a ImmSrc: 0 -> ext=0x1a lui=0x6800
PASS | Input: 0xdc ImmSrc: 0 -> ext=0x1c lui=0x7000
PASS | Input: 0x44e ImmSrc: 0 -> ext=0xe lui=0x3800
PASS | Input: 0xf38 ImmSrc: 0 -> ext=0xfff8 lui=0xe000
PASS | Input: 0x76a ImmSrc: 1 -> ext=0x76a lui=0xa800
PASS | Input: 0xe5e ImmSrc: 1 -> ext=0xfe5e lui=0x7800
PASS | Input: 0x91e ImmSrc: 0 -> ext=0x1e lui=0x7800
PASS | Input: 0xe97 ImmSrc: 1 -> ext=0xfe97 lui=0x5c00
PASS | Input: 0x8c9 ImmSrc: 0 -> ext=0x9 lui=0x2400
PASS | Input: 0x8be ImmSrc: 0 -> ext=0xfffe lui=0xf800
PASS | Input: 0x141 ImmSrc: 0 -> ext=0x1 lui=0x400
PASS | Input: 0xb80 ImmSrc: 1 -> ext=0xfb80 lui=0x0
PASS | Input: 0xe0f ImmSrc: 1 -> ext=0xfe0f lui=0x3c00
PASS | Input: 0xf11 ImmSrc: 1 -> ext=0xff11 lui=0x4400
PASS | Input: 0xc82 ImmSrc: 1 -> ext=0xfc82 lui=0x800
PASS | Input: 0x6d ImmSrc: 1 -> ext=0x6d lui=0xb400
PASS | Input: 0x76b ImmSrc: 1 -> ext=0x76b lui=0xac00
PASS | Input: 0xec2 ImmSrc: 1 -> ext=0xfec2 lui=0x800
PASS | Input: 0xbd3 ImmSrc: 1 -> ext=0xfbd3 lui=0x4c00
PASS | Input: 0x315 ImmSrc: 0 -> ext=0x15 lui=0x5400
PASS | Input: 0x299 ImmSrc: 1 -> ext=0x299 lui=0x6400
PASS | Input: 0xbbc ImmSrc: 0 -> ext=0xfffc lui=0xf000
PASS | Input: 0xa2f ImmSrc: 1 -> ext=0xfa2f lui=0xbc00
PASS | Input: 0xc8 ImmSrc: 0 -> ext=0x8 lui=0x2000
PASS | Input: 0x174 ImmSrc: 1 -> ext=0x174 lui=0xd000
PASS | Input: 0x1f4 ImmSrc: 0 -> ext=0xfff4 lui=0xd000
PASS | Input: 0xfde ImmSrc: 0 -> ext=0x1e lui=0x7800
PASS | Input: 0x82d ImmSrc: 1 -> ext=0xf82d lui=0xb400
PASS | Input: 0x2ea ImmSrc: 0 -> ext=0xffea lui=0xa800
PASS | Input: 0x256 ImmSrc: 1 -> ext=0x256 lui=0x5800
PASS | Input: 0x617 ImmSrc: 1 -> ext=0x617 lui=0x5c00
PASS | Input: 0xa57 ImmSrc: 0 -> ext=0x17 lui=0x5c00
PASS | Input: 0x64d ImmSrc: 1 -> ext=0x64d lui=0x3400
PASS | Input: 0xf0f ImmSrc: 1 -> ext=0xff0f lui=0x3c00
PASS | Input: 0x104 ImmSrc: 1 -> ext=0x104 lui=0x1000
PASS | Input: 0x946 ImmSrc: 0 -> ext=0x6 lui=0x1800
PASS | Input: 0xf06 ImmSrc: 0 -> ext=0x6 lui=0x1800
PASS | Input: 0x735 ImmSrc: 1 -> ext=0x735 lui=0xd400
PASS | Input: 0xe24 ImmSrc: 1 -> ext=0xfe24 lui=0x9000
PASS | Input: 0x3bc ImmSrc: 1 -> ext=0x3bc lui=0xf000
PASS | Input: 0x8ac ImmSrc: 0 -> ext=0xffec lui=0xb000
PASS | Input: 0x9d9 ImmSrc: 1 -> ext=0xf9d9 lui=0x6400
PASS | Input: 0xf0f ImmSrc: 0 -> ext=0xf lui=0x3c00
PASS | Input: 0x47f ImmSrc: 0 -> ext=0xffff lui=0xfc00
PASS | Input: 0x772 ImmSrc: 1 -> ext=0x772 lui=0xc800
PASS | Input: 0x46a ImmSrc: 1 -> ext=0x46a lui=0xa800
PASS | Input: 0x9a ImmSrc: 1 -> ext=0x9a lui=0x6800
PASS | Input: 0x4ef ImmSrc: 0 -> ext=0xffef lui=0xbc00
PASS | Input: 0x6fd ImmSrc: 1 -> ext=0x6fd lui=0xf400
PASS | Input: 0xe86 ImmSrc: 0 -> ext=0x6 lui=0x1800
PASS | Input: 0x656 ImmSrc: 0 -> ext=0x16 lui=0x5800
PASS | Input: 0xf02 ImmSrc: 0 -> ext=0x2 lui=0x800
PASS | Input: 0xb95 ImmSrc: 1 -> ext=0xfb95 lui=0x5400
PASS | Input: 0x124 ImmSrc: 0 -> ext=0xffe4 lui=0x9000
PASS | Input: 0x78 ImmSrc: 1 -> ext=0x78 lui=0xe000
PASS | Input: 0x29f ImmSrc: 0 -> ext=0x1f lui=0x7c00
PASS | Input: 0x3ba ImmSrc: 1 -> ext=0x3ba lui=0xe800
PASS | Input: 0xf1a ImmSrc: 1 -> ext=0xff1a lui=0x6800
PASS | Input: 0xc17 ImmSrc: 1 -> ext=0xfc17 lui=0x5c00
PASS | Input: 0x259 ImmSrc: 1 -> ext=0x259 lui=0x6400
PASS | Input: 0xa16 ImmSrc: 1 -> ext=0xfa16 lui=0x5800
PASS | Input: 0x910 ImmSrc: 1 -> ext=0xf910 lui=0x4000
PASS | Input: 0xbd5 ImmSrc: 0 -> ext=0x15 lui=0x5400
PASS | Input: 0xf8d ImmSrc: 0 -> ext=0xd lui=0x3400
PASS | Input: 0x9cf ImmSrc: 1 -> ext=0xf9cf lui=0x3c00
PASS | Input: 0xcc4 ImmSrc: 1 -> ext=0xfcc4 lui=0x1000
PASS | Input: 0xcdb ImmSrc: 0 -> ext=0x1b lui=0x6c00
PASS | Input: 0x3d8 ImmSrc: 0 -> ext=0x18 lui=0x6000
PASS | Input: 0x73e ImmSrc: 0 -> ext=0xfffe lui=0xf800
PASS | Input: 0xdba ImmSrc: 0 -> ext=0xfffa lui=0xe800
PASS | Input: 0x241 ImmSrc: 1 -> ext=0x241 lui=0x400
PASS | Input: 0x5f4 ImmSrc: 1 -> ext=0x5f4 lui=0xd000
PASS | Input: 0xafd ImmSrc: 0 -> ext=0xfffd lui=0xf400
PASS | Input: 0x741 ImmSrc: 0 -> ext=0x1 lui=0x400
PASS | Input: 0xad2 ImmSrc: 0 -> ext=0x12 lui=0x4800
PASS | Input: 0x1f6 ImmSrc: 0 -> ext=0xfff6 lui=0xd800
PASS | Input: 0x15a ImmSrc: 0 -> ext=0x1a lui=0x6800
PASS | Input: 0xde8 ImmSrc: 0 -> ext=0xffe8 lui=0xa000
PASS | Input: 0x528 ImmSrc: 1 -> ext=0x528 lui=0xa000
PASS | Input: 0x6e2 ImmSrc: 1 -> ext=0x6e2 lui=0x8800
PASS | Input: 0x831 ImmSrc: 1 -> ext=0xf831 lui=0xc400
PASS | Input: 0xc3c ImmSrc: 1 -> ext=0xfc3c lui=0xf000
PASS | Input: 0x438 ImmSrc: 1 -> ext=0x438 lui=0xe000
PASS | Input: 0x9af ImmSrc: 0 -> ext=0xffef lui=0xbc00
PASS | Input: 0x515 ImmSrc: 1 -> ext=0x515 lui=0x5400
PASS | Input: 0x900 ImmSrc: 1 -> ext=0xf900 lui=0x0
PASS | Input: 0x42d ImmSrc: 1 -> ext=0x42d lui=0xb400
PASS | Input: 0x79a ImmSrc: 0 -> ext=0x1a lui=0x6800
PASS | Input: 0x3ed ImmSrc: 1 -> ext=0x3ed lui=0xb400
PASS | Input: 0xead ImmSrc: 0 -> ext=0xffed lui=0xb400
PASS | Input: 0x9b1 ImmSrc: 0 -> ext=0xfff1 lui=0xc400
PASS | Input: 0xfe7 ImmSrc: 0 -> ext=0xffe7 lui=0x9c00
PASS | Input: 0x5de ImmSrc: 0 -> ext=0x1e lui=0x7800
PASS | Input: 0x66 ImmSrc: 1 -> ext=0x66 lui=0x9800
PASS | Input: 0x18d ImmSrc: 0 -> ext=0xd lui=0x3400
PASS | Input: 0xf6 ImmSrc: 1 -> ext=0xf6 lui=0xd800
PASS | Input: 0x8a5 ImmSrc: 0 -> ext=0xffe5 lui=0x9400
PASS | Input: 0xc3a ImmSrc: 0 -> ext=0xfffa lui=0xe800
PASS | Input: 0xaad ImmSrc: 1 -> ext=0xfaad lui=0xb400
PASS | Input: 0xec5 ImmSrc: 0 -> ext=0x5 lui=0x1400
PASS | Input: 0x44 ImmSrc: 0 -> ext=0x4 lui=0x1000
PASS | Input: 0x2d9 ImmSrc: 0 -> ext=0x19 lui=0x6400
PASS | Input: 0x680 ImmSrc: 0 -> ext=0x0 lui=0x0
PASS | Input: 0x6c5 ImmSrc: 0 -> ext=0x5 lui=0x1400
PASS | Input: 0xb1c ImmSrc: 0 -> ext=0x1c lui=0x7000
PASS | Input: 0x696 ImmSrc: 0 -> ext=0x16 lui=0x5800
PASS | Input: 0x7c2 ImmSrc: 0 -> ext=0x2 lui=0x800
PASS | Input: 0xb18 ImmSrc: 1 -> ext=0xfb18 lui=0x6000
PASS | Input: 0x858 ImmSrc: 1 -> ext=0xf858 lui=0x6000
PASS | Input: 0x3d8 ImmSrc: 0 -> ext=0x18 lui=0x6000
PASS | Input: 0xb96 ImmSrc: 1 -> ext=0xfb96 lui=0x5800
PASS | Input: 0xb2b ImmSrc: 0 -> ext=0xffeb lui=0xac00
PASS | Input: 0x8c8 ImmSrc: 0 -> ext=0x8 lui=0x2000
PASS | Input: 0xae1 ImmSrc: 1 -> ext=0xfae1 lui=0x8400
PASS | Input: 0x111 ImmSrc: 0 -> ext=0x11 lui=0x4400
PASS | Input: 0x5b2 ImmSrc: 0 -> ext=0xfff2 lui=0xc800
PASS | Input: 0xc0c ImmSrc: 0 -> ext=0xc lui=0x3000
PASS | Input: 0xefe ImmSrc: 1 -> ext=0xfefe lui=0xf800
PASS | Input: 0x918 ImmSrc: 1 -> ext=0xf918 lui=0x6000
PASS | Input: 0x801 ImmSrc: 0 -> ext=0x1 lui=0x400
PASS | Input: 0x230 ImmSrc: 0 -> ext=0xfff0 lui=0xc000
PASS | Input: 0xd0a ImmSrc: 0 -> ext=0xa lui=0x2800
PASS | Input: 0x6a6 ImmSrc: 1 -> ext=0x6a6 lui=0x9800
PASS | Input: 0x8cb ImmSrc: 0 -> ext=0xb lui=0x2c00
PASS | Input: 0xd96 ImmSrc: 1 -> ext=0xfd96 lui=0x5800
PASS | Input: 0x764 ImmSrc: 0 -> ext=0xffe4 lui=0x9000
PASS | Input: 0x56b ImmSrc: 1 -> ext=0x56b lui=0xac00
PASS | Input: 0x238 ImmSrc: 0 -> ext=0xfff8 lui=0xe000
PASS | Input: 0x94e ImmSrc: 0 -> ext=0xe lui=0x3800
PASS | Input: 0xb2d ImmSrc: 0 -> ext=0xffed lui=0xb400
PASS | Input: 0x6d4 ImmSrc: 1 -> ext=0x6d4 lui=0x5000
PASS | Input: 0x963 ImmSrc: 0 -> ext=0xffe3 lui=0x8c00
PASS | Input: 0x9c9 ImmSrc: 0 -> ext=0x9 lui=0x2400
PASS | Input: 0xb00 ImmSrc: 0 -> ext=0x0 lui=0x0
PASS | Input: 0xd6a ImmSrc: 0 -> ext=0xffea lui=0xa800
PASS | Input: 0xb34 ImmSrc: 0 -> ext=0xfff4 lui=0xd000
PASS | Input: 0xbeb ImmSrc: 1 -> ext=0xfbeb lui=0xac00
PASS | Input: 0x4f3 ImmSrc: 0 -> ext=0xfff3 lui=0xcc00
PASS | Input: 0x499 ImmSrc: 1 -> ext=0x499 lui=0x6400
PASS | Input: 0x69c ImmSrc: 0 -> ext=0x1c lui=0x7000
PASS | Input: 0x7d ImmSrc: 0 -> ext=0xfffd lui=0xf400
PASS | Input: 0xa07 ImmSrc: 0 -> ext=0x7 lui=0x1c00
PASS | Input: 0xecd ImmSrc: 0 -> ext=0xd lui=0x3400
PASS | Input: 0xc2f ImmSrc: 1 -> ext=0xfc2f lui=0xbc00
PASS | Input: 0xa03 ImmSrc: 0 -> ext=0x3 lui=0xc00
PASS | Input: 0xaf2 ImmSrc: 0 -> ext=0xfff2 lui=0xc800
PASS | Input: 0xdfc ImmSrc: 0 -> ext=0xfffc lui=0xf000
PASS | Input: 0xf1f ImmSrc: 0 -> ext=0x1f lui=0x7c00
PASS | Input: 0x4eb ImmSrc: 0 -> ext=0xffeb lui=0xac00
PASS | Input: 0x44a ImmSrc: 0 -> ext=0xa lui=0x2800
PASS | Input: 0xe83 ImmSrc: 1 -> ext=0xfe83 lui=0xc00
PASS | Input: 0xb99 ImmSrc: 1 -> ext=0xfb99 lui=0x6400
PASS | Input: 0x424 ImmSrc: 1 -> ext=0x424 lui=0x9000
PASS | Input: 0xc0f ImmSrc: 1 -> ext=0xfc0f lui=0x3c00
PASS | Input: 0x26e ImmSrc: 0 -> ext=0xffee lui=0xb800
PASS | Input: 0x27c ImmSrc: 1 -> ext=0x27c lui=0xf000
PASS | Input: 0x40d ImmSrc: 0 -> ext=0xd lui=0x3400
PASS | Input: 0xc98 ImmSrc: 1 -> ext=0xfc98 lui=0x6000
PASS | Input: 0x916 ImmSrc: 0 -> ext=0x16 lui=0x5800
PASS | Input: 0x677 ImmSrc: 0 -> ext=0xfff7 lui=0xdc00
PASS | Input: 0xbcc ImmSrc: 1 -> ext=0xfbcc lui=0x3000
PASS | Input: 0x8dc ImmSrc: 1 -> ext=0xf8dc lui=0x7000
PASS | Input: 0x329 ImmSrc: 1 -> ext=0x329 lui=0xa400
PASS | Input: 0x486 ImmSrc: 1 -> ext=0x486 lui=0x1800
PASS | Input: 0x2fe ImmSrc: 1 -> ext=0x2fe lui=0xf800
PASS | Input: 0x1d ImmSrc: 1 -> ext=0x1d lui=0x7400
PASS | Input: 0x108 ImmSrc: 1 -> ext=0x108 lui=0x2000
PASS | Input: 0xdc5 ImmSrc: 0 -> ext=0x5 lui=0x1400
PASS | Input: 0xdcc ImmSrc: 0 -> ext=0xc lui=0x3000
PASS | Input: 0x2f7 ImmSrc: 1 -> ext=0x2f7 lui=0xdc00
PASS | Input: 0x190 ImmSrc: 0 -> ext=0x10 lui=0x4000
PASS | Input: 0xb6 ImmSrc: 0 -> ext=0xfff6 lui=0xd800
PASS | Input: 0xb5b ImmSrc: 0 -> ext=0x1b lui=0x6c00
PASS | Input: 0x1c4 ImmSrc: 1 -> ext=0x1c4 lui=0x1000
PASS | Input: 0x537 ImmSrc: 0 -> ext=0xfff7 lui=0xdc00
PASS | Input: 0xfd3 ImmSrc: 0 -> ext=0x13 lui=0x4c00
PASS | Input: 0xaa5 ImmSrc: 1 -> ext=0xfaa5 lui=0x9400
PASS | Input: 0x86d ImmSrc: 0 -> ext=0xffed lui=0xb400
PASS | Input: 0xb92 ImmSrc: 0 -> ext=0x12 lui=0x4800
PASS | Input: 0x98d ImmSrc: 0 -> ext=0xd lui=0x3400
PASS | Input: 0xfa3 ImmSrc: 1 -> ext=0xffa3 lui=0x8c00
PASS | Input: 0xd93 ImmSrc: 0 -> ext=0x13 lui=0x4c00
PASS | Input: 0x337 ImmSrc: 1 -> ext=0x337 lui=0xdc00
PASS | Input: 0xfa6 ImmSrc: 1 -> ext=0xffa6 lui=0x9800
PASS | Input: 0x4ea ImmSrc: 0 -> ext=0xffea lui=0xa800
PASS | Input: 0xb19 ImmSrc: 0 -> ext=0x19 lui=0x6400
PASS | Input: 0xe03 ImmSrc: 0 -> ext=0x3 lui=0xc00
PASS | Input: 0xfee ImmSrc: 1 -> ext=0xffee lui=0xb800
PASS | Input: 0xf96 ImmSrc: 1 -> ext=0xff96 lui=0x5800
PASS | Input: 0x410 ImmSrc: 0 -> ext=0x10 lui=0x4000
PASS | Input: 0xfb9 ImmSrc: 1 -> ext=0xffb9 lui=0xe400
PASS | Input: 0x85a ImmSrc: 1 -> ext=0xf85a lui=0x6800
PASS | Input: 0xba1 ImmSrc: 1 -> ext=0xfba1 lui=0x8400
PASS | Input: 0x803 ImmSrc: 0 -> ext=0x3 lui=0xc00
PASS | Input: 0x105 ImmSrc: 0 -> ext=0x5 lui=0x1400
PASS | Input: 0xe84 ImmSrc: 0 -> ext=0x4 lui=0x1000
PASS | Input: 0xa95 ImmSrc: 1 -> ext=0xfa95 lui=0x5400
PASS | Input: 0x99e ImmSrc: 0 -> ext=0x1e lui=0x7800
PASS | Input: 0x4e5 ImmSrc: 0 -> ext=0xffe5 lui=0x9400
PASS | Input: 0xe80 ImmSrc: 0 -> ext=0x0 lui=0x0
PASS | Input: 0xca0 ImmSrc: 0 -> ext=0xffe0 lui=0x8000
PASS | Input: 0x2be ImmSrc: 0 -> ext=0xfffe lui=0xf800
PASS | Input: 0xc62 ImmSrc: 1 -> ext=0xfc62 lui=0x8800
PASS | Input: 0xb1e ImmSrc: 0 -> ext=0x1e lui=0x7800
PASS | Input: 0x204 ImmSrc: 1 -> ext=0x204 lui=0x1000
PASS | Input: 0x7db ImmSrc: 0 -> ext=0x1b lui=0x6c00
PASS | Input: 0x8bd ImmSrc: 1 -> ext=0xf8bd lui=0xf400
PASS | Input: 0x37e ImmSrc: 0 -> ext=0xfffe lui=0xf800
PASS | Input: 0xaee ImmSrc: 0 -> ext=0xffee lui=0xb800
PASS | Input: 0x8cf ImmSrc: 0 -> ext=0xf lui=0x3c00
PASS | Input: 0x7ec ImmSrc: 1 -> ext=0x7ec lui=0xb000
PASS | Input: 0x411 ImmSrc: 0 -> ext=0x11 lui=0x4400
PASS | Input: 0x7a6 ImmSrc: 0 -> ext=0xffe6 lui=0x9800
PASS | Input: 0x306 ImmSrc: 1 -> ext=0x306 lui=0x1800
PASS | Input: 0x97e ImmSrc: 0 -> ext=0xfffe lui=0xf800
PASS | Input: 0xf0 ImmSrc: 1 -> ext=0xf0 lui=0xc000
PASS | Input: 0x524 ImmSrc: 0 -> ext=0xffe4 lui=0x9000
PASS | Input: 0x906 ImmSrc: 1 -> ext=0xf906 lui=0x1800
PASS | Input: 0xddf ImmSrc: 1 -> ext=0xfddf lui=0x7c00
PASS | Input: 0x998 ImmSrc: 0 -> ext=0x18 lui=0x6000
PASS | Input: 0x602 ImmSrc: 1 -> ext=0x602 lui=0x800
PASS | Input: 0xb5a ImmSrc: 1 -> ext=0xfb5a lui=0x6800
PASS | Input: 0x3fc ImmSrc: 0 -> ext=0xfffc lui=0xf000
PASS | Input: 0xa06 ImmSrc: 1 -> ext=0xfa06 lui=0x1800
PASS | Input: 0xdcf ImmSrc: 0 -> ext=0xf lui=0x3c00
PASS | Input: 0x6df ImmSrc: 0 -> ext=0x1f lui=0x7c00
PASS | Input: 0xd43 ImmSrc: 1 -> ext=0xfd43 lui=0xc00
PASS | Input: 0x933 ImmSrc: 0 -> ext=0xfff3 lui=0xcc00
PASS | Input: 0x2c0 ImmSrc: 0 -> ext=0x0 lui=0x0
PASS | Input: 0xe6f ImmSrc: 1 -> ext=0xfe6f lui=0xbc00
PASS | Input: 0xa08 ImmSrc: 0 -> ext=0x8 lui=0x2000
PASS | Input: 0x2e9 ImmSrc: 1 -> ext=0x2e9 lui=0xa400
PASS | Input: 0xfc9 ImmSrc: 1 -> ext=0xffc9 lui=0x2400
PASS | Input: 0x1e7 ImmSrc: 0 -> ext=0xffe7 lui=0x9c00
PASS | Input: 0xa47 ImmSrc: 0 -> ext=0x7 lui=0x1c00
PASS | Input: 0x707 ImmSrc: 0 -> ext=0x7 lui=0x1c00
PASS | Input: 0xb08 ImmSrc: 1 -> ext=0xfb08 lui=0x2000
PASS | Input: 0xe9b ImmSrc: 0 -> ext=0x1b lui=0x6c00
PASS | Input: 0xcc9 ImmSrc: 0 -> ext=0x9 lui=0x2400
PASS | Input: 0x414 ImmSrc: 0 -> ext=0x14 lui=0x5000
PASS | Input: 0xca0 ImmSrc: 1 -> ext=0xfca0 lui=0x8000
PASS | Input: 0x716 ImmSrc: 1 -> ext=0x716 lui=0x5800
PASS | Input: 0x2a4 ImmSrc: 1 -> ext=0x2a4 lui=0x9000
PASS | Input: 0xf40 ImmSrc: 0 -> ext=0x0 lui=0x0
PASS | Input: 0x1e5 ImmSrc: 0 -> ext=0xffe5 lui=0x9400
PASS | Input: 0xa51 ImmSrc: 0 -> ext=0x11 lui=0x4400
PASS | Input: 0xd20 ImmSrc: 1 -> ext=0xfd20 lui=0x8000
PASS | Input: 0x3ba ImmSrc: 1 -> ext=0x3ba lui=0xe800
PASS | Input: 0x6f4 ImmSrc: 1 -> ext=0x6f4 lui=0xd000
PASS | Input: 0x833 ImmSrc: 1 -> ext=0xf833 lui=0xcc00
PASS | Input: 0x9fc ImmSrc: 1 -> ext=0xf9fc lui=0xf000
PASS | Input: 0x36e ImmSrc: 1 -> ext=0x36e lui=0xb800
PASS | Input: 0xa3 ImmSrc: 0 -> ext=0xffe3 lui=0x8c00
PASS | Input: 0x183 ImmSrc: 0 -> ext=0x3 lui=0xc00
PASS | Input: 0x80b ImmSrc: 1 -> ext=0xf80b lui=0x2c00
PASS | Input: 0xf21 ImmSrc: 0 -> ext=0xffe1 lui=0x8400
PASS | Input: 0xcd6 ImmSrc: 1 -> ext=0xfcd6 lui=0x5800
PASS | Input: 0x730 ImmSrc: 1 -> ext=0x730 lui=0xc000
PASS | Input: 0xa3c ImmSrc: 1 -> ext=0xfa3c lui=0xf000
PASS | Input: 0x5e8 ImmSrc: 1 -> ext=0x5e8 lui=0xa000
PASS | Input: 0xd30 ImmSrc: 1 -> ext=0xfd30 lui=0xc000
PASS | Input: 0x4fe ImmSrc: 0 -> ext=0xfffe lui=0xf800
PASS | Input: 0xefc ImmSrc: 1 -> ext=0xfefc lui=0xf000
PASS | Input: 0x406 ImmSrc: 1 -> ext=0x406 lui=0x1800
PASS | Input: 0xe28 ImmSrc: 0 -> ext=0xffe8 lui=0xa000
PASS | Input: 0xf8f ImmSrc: 1 -> ext=0xff8f lui=0x3c00
PASS | Input: 0x7f9 ImmSrc: 1 -> ext=0x7f9 lui=0xe400
PASS | Input: 0x128 ImmSrc: 1 -> ext=0x128 lui=0xa000
PASS | Input: 0x47a ImmSrc: 1 -> ext=0x47a lui=0xe800
PASS | Input: 0x5d0 ImmSrc: 0 -> ext=0x10 lui=0x4000
PASS | Input: 0x244 ImmSrc: 1 -> ext=0x244 lui=0x1000
PASS | Input: 0x7fc ImmSrc: 1 -> ext=0x7fc lui=0xf000
PASS | Input: 0xcfd ImmSrc: 1 -> ext=0xfcfd lui=0xf400
PASS | Input: 0x5c0 ImmSrc: 1 -> ext=0x5c0 lui=0x0
PASS | Input: 0xd3 ImmSrc: 1 -> ext=0xd3 lui=0x4c00
PASS | Input: 0x930 ImmSrc: 0 -> ext=0xfff0 lui=0xc000
PASS | Input: 0x8d2 ImmSrc: 0 -> ext=0x12 lui=0x4800
PASS | Input: 0xa0 ImmSrc: 1 -> ext=0xa0 lui=0x8000
PASS | Input: 0x169 ImmSrc: 0 -> ext=0xffe9 lui=0xa400
PASS | Input: 0x7cb ImmSrc: 1 -> ext=0x7cb lui=0x2c00
PASS | Input: 0x7fb ImmSrc: 1 -> ext=0x7fb lui=0xec00
PASS | Input: 0x67d ImmSrc: 0 -> ext=0xfffd lui=0xf400
PASS | Input: 0x5d2 ImmSrc: 0 -> ext=0x12 lui=0x4800
PASS | Input: 0xee7 ImmSrc: 0 -> ext=0xffe7 lui=0x9c00
PASS | Input: 0x84a ImmSrc: 1 -> ext=0xf84a lui=0x2800
PASS | Input: 0x917 ImmSrc: 0 -> ext=0x17 lui=0x5c00
PASS | Input: 0xd8d ImmSrc: 0 -> ext=0xd lui=0x3400
PASS | Input: 0xcf ImmSrc: 1 -> ext=0xcf lui=0x3c00
PASS | Input: 0xcb9 ImmSrc: 1 -> ext=0xfcb9 lui=0xe400
PASS | Input: 0x431 ImmSrc: 1 -> ext=0x431 lui=0xc400
PASS | Input: 0x7c9 ImmSrc: 1 -> ext=0x7c9 lui=0x2400
PASS | Input: 0xf78 ImmSrc: 1 -> ext=0xff78 lui=0xe000
PASS | Input: 0x516 ImmSrc: 1 -> ext=0x516 lui=0x5800
PASS | Input: 0xd39 ImmSrc: 1 -> ext=0xfd39 lui=0xe400
PASS | Input: 0x5cb ImmSrc: 1 -> ext=0x5cb lui=0x2c00
PASS | Input: 0x85c ImmSrc: 1 -> ext=0xf85c lui=0x7000
PASS | Input: 0xe1e ImmSrc: 1 -> ext=0xfe1e lui=0x7800
PASS | Input: 0xe54 ImmSrc: 1 -> ext=0xfe54 lui=0x5000
PASS | Input: 0x5b2 ImmSrc: 1 -> ext=0x5b2 lui=0xc800
PASS | Input: 0xbb6 ImmSrc: 0 -> ext=0xfff6 lui=0xd800
PASS | Input: 0xdea ImmSrc: 0 -> ext=0xffea lui=0xa800
PASS | Input: 0xac8 ImmSrc: 1 -> ext=0xfac8 lui=0x2000
PASS | Input: 0x797 ImmSrc: 0 -> ext=0x17 lui=0x5c00
PASS | Input: 0xb1a ImmSrc: 0 -> ext=0x1a lui=0x6800
PASS | Input: 0xcc6 ImmSrc: 0 -> ext=0x6 lui=0x1800
PASS | Input: 0x4c9 ImmSrc: 0 -> ext=0x9 lui=0x2400
PASS | Input: 0xd13 ImmSrc: 1 -> ext=0xfd13 lui=0x4c00
PASS | Input: 0x577 ImmSrc: 0 -> ext=0xfff7 lui=0xdc00
PASS | Input: 0x5e ImmSrc: 0 -> ext=0x1e lui=0x7800
PASS | Input: 0x6a2 ImmSrc: 1 -> ext=0x6a2 lui=0x8800
PASS | Input: 0x720 ImmSrc: 1 -> ext=0x720 lui=0x8000
PASS | Input: 0x868 ImmSrc: 1 -> ext=0xf868 lui=0xa000
PASS | Input: 0x95a ImmSrc: 0 -> ext=0x1a lui=0x6800
PASS | Input: 0x543 ImmSrc: 0 -> ext=0x3 lui=0xc00
PASS | Input: 0x25c ImmSrc: 1 -> ext=0x25c lui=0x7000
PASS | Input: 0x8f7 ImmSrc: 0 -> ext=0xfff7 lui=0xdc00
PASS | Input: 0x149 ImmSrc: 0 -> ext=0x9 lui=0x2400
PASS | Input: 0xe26 ImmSrc: 0 -> ext=0xffe6 lui=0x9800
PASS | Input: 0x1ac ImmSrc: 0 -> ext=0xffec lui=0xb000
PASS | Input: 0x5b7 ImmSrc: 1 -> ext=0x5b7 lui=0xdc00
PASS | Input: 0xef8 ImmSrc: 1 -> ext=0xfef8 lui=0xe000
PASS | Input: 0x2a2 ImmSrc: 1 -> ext=0x2a2 lui=0x8800
PASS | Input: 0x343 ImmSrc: 0 -> ext=0x3 lui=0xc00
PASS | Input: 0x83a ImmSrc: 1 -> ext=0xf83a lui=0xe800
PASS | Input: 0xd24 ImmSrc: 1 -> ext=0xfd24 lui=0x9000
PASS | Input: 0x28e ImmSrc: 1 -> ext=0x28e lui=0x3800
PASS | Input: 0x9fd ImmSrc: 0 -> ext=0xfffd lui=0xf400
PASS | Input: 0xbf1 ImmSrc: 0 -> ext=0xfff1 lui=0xc400
PASS | Input: 0x18e ImmSrc: 0 -> ext=0xe lui=0x3800
PASS | Input: 0xc52 ImmSrc: 1 -> ext=0xfc52 lui=0x4800
PASS | Input: 0x12b ImmSrc: 1 -> ext=0x12b lui=0xac00
PASS | Input: 0x666 ImmSrc: 0 -> ext=0xffe6 lui=0x9800
PASS | Input: 0x66b ImmSrc: 0 -> ext=0xffeb lui=0xac00
PASS | Input: 0x251 ImmSrc: 1 -> ext=0x251 lui=0x4400
PASS | Input: 0xaad ImmSrc: 0 -> ext=0xffed lui=0xb400
PASS | Input: 0xcd5 ImmSrc: 1 -> ext=0xfcd5 lui=0x5400
PASS | Input: 0xe3c ImmSrc: 1 -> ext=0xfe3c lui=0xf000
PASS | Input: 0x3af ImmSrc: 0 -> ext=0xffef lui=0xbc00
PASS | Input: 0xb7e ImmSrc: 0 -> ext=0xfffe lui=0xf800
PASS | Input: 0xf29 ImmSrc: 1 -> ext=0xff29 lui=0xa400
PASS | Input: 0xbfb ImmSrc: 0 -> ext=0xfffb lui=0xec00
PASS | Input: 0xe84 ImmSrc: 0 -> ext=0x4 lui=0x1000
PASS | Input: 0xa90 ImmSrc: 1 -> ext=0xfa90 lui=0x4000
PASS | Input: 0xc56 ImmSrc: 1 -> ext=0xfc56 lui=0x5800
PASS | Input: 0x9b3 ImmSrc: 1 -> ext=0xf9b3 lui=0xcc00
PASS | Input: 0x561 ImmSrc: 0 -> ext=0xffe1 lui=0x8400
PASS | Input: 0xe12 ImmSrc: 0 -> ext=0x12 lui=0x4800
PASS | Input: 0x415 ImmSrc: 0 -> ext=0x15 lui=0x5400
PASS | Input: 0xb71 ImmSrc: 0 -> ext=0xfff1 lui=0xc400
PASS | Input: 0x63c ImmSrc: 1 -> ext=0x63c lui=0xf000
PASS | Input: 0x713 ImmSrc: 0 -> ext=0x13 lui=0x4c00
PASS | Input: 0x7fe ImmSrc: 1 -> ext=0x7fe lui=0xf800
PASS | Input: 0xe96 ImmSrc: 0 -> ext=0x16 lui=0x5800
PASS | Input: 0x2be ImmSrc: 0 -> ext=0xfffe lui=0xf800
PASS | Input: 0x184 ImmSrc: 1 -> ext=0x184 lui=0x1000
PASS | Input: 0x402 ImmSrc: 0 -> ext=0x2 lui=0x800
PASS | Input: 0x78c ImmSrc: 0 -> ext=0xc lui=0x3000
PASS | Input: 0x9e9 ImmSrc: 1 -> ext=0xf9e9 lui=0xa400
PASS | Input: 0xc9d ImmSrc: 1 -> ext=0xfc9d lui=0x7400
PASS | Input: 0xc4b ImmSrc: 1 -> ext=0xfc4b lui=0x2c00
PASS | Input: 0x1d9 ImmSrc: 1 -> ext=0x1d9 lui=0x6400
PASS | Input: 0xd28 ImmSrc: 0 -> ext=0xffe8 lui=0xa000
PASS | Input: 0xd9d ImmSrc: 1 -> ext=0xfd9d lui=0x7400
PASS | Input: 0x6e ImmSrc: 1 -> ext=0x6e lui=0xb800
PASS | Input: 0xe8e ImmSrc: 0 -> ext=0xe lui=0x3800
PASS | Input: 0x8b7 ImmSrc: 1 -> ext=0xf8b7 lui=0xdc00
PASS | Input: 0xef ImmSrc: 0 -> ext=0xffef lui=0xbc00
PASS | Input: 0x11 ImmSrc: 0 -> ext=0x11 lui=0x4400
PASS | Input: 0xf21 ImmSrc: 1 -> ext=0xff21 lui=0x8400
PASS | Input: 0x170 ImmSrc: 0 -> ext=0xfff0 lui=0xc000
PASS | Input: 0x7ad ImmSrc: 1 -> ext=0x7ad lui=0xb400
PASS | Input: 0xadd ImmSrc: 1 -> ext=0xfadd lui=0x7400
PASS | Input: 0x29a ImmSrc: 1 -> ext=0x29a lui=0x6800
PASS | Input: 0x5f4 ImmSrc: 0 -> ext=0xfff4 lui=0xd000
PASS | Input: 0xf82 ImmSrc: 0 -> ext=0x2 lui=0x800
PASS | Input: 0xfdc ImmSrc: 1 -> ext=0xffdc lui=0x7000
PASS | Input: 0x927 ImmSrc: 1 -> ext=0xf927 lui=0x9c00
PASS | Input: 0x336 ImmSrc: 0 -> ext=0xfff6 lui=0xd800
PASS | Input: 0xcef ImmSrc: 0 -> ext=0xffef lui=0xbc00
PASS | Input: 0xe35 ImmSrc: 1 -> ext=0xfe35 lui=0xd400
PASS | Input: 0x213 ImmSrc: 1 -> ext=0x213 lui=0x4c00
PASS | Input: 0xc67 ImmSrc: 0 -> ext=0xffe7 lui=0x9c00
PASS | Input: 0xbea ImmSrc: 0 -> ext=0xffea lui=0xa800
PASS | Input: 0x949 ImmSrc: 1 -> ext=0xf949 lui=0x2400
PASS | Input: 0xe13 ImmSrc: 0 -> ext=0x13 lui=0x4c00
PASS | Input: 0x43 ImmSrc: 1 -> ext=0x43 lui=0xc00
PASS | Input: 0xce7 ImmSrc: 1 -> ext=0xfce7 lui=0x9c00
PASS | Input: 0xe27 ImmSrc: 0 -> ext=0xffe7 lui=0x9c00
PASS | Input: 0xfff ImmSrc: 0 -> ext=0xffff lui=0xfc00
PASS | Input: 0x1b8 ImmSrc: 1 -> ext=0x1b8 lui=0xe000
PASS | Input: 0x234 ImmSrc: 0 -> ext=0xfff4 lui=0xd000
PASS | Input: 0x6e ImmSrc: 1 -> ext=0x6e lui=0xb800
PASS | Input: 0x1df ImmSrc: 1 -> ext=0x1df lui=0x7c00
PASS | Input: 0xbf3 ImmSrc: 1 -> ext=0xfbf3 lui=0xcc00
PASS | Input: 0xbc2 ImmSrc: 1 -> ext=0xfbc2 lui=0x800
PASS | Input: 0xc84 ImmSrc: 1 -> ext=0xfc84 lui=0x1000
PASS | Input: 0x665 ImmSrc: 0 -> ext=0xffe5 lui=0x9400
PASS | Input: 0x1ca ImmSrc: 1 -> ext=0x1ca lui=0x2800
PASS | Input: 0x546 ImmSrc: 0 -> ext=0x6 lui=0x1800
PASS | Input: 0x335 ImmSrc: 0 -> ext=0xfff5 lui=0xd400
PASS | Input: 0xb7 ImmSrc: 1 -> ext=0xb7 lui=0xdc00
PASS | Input: 0x8a ImmSrc: 1 -> ext=0x8a lui=0x2800
PASS | Input: 0x2b9 ImmSrc: 0 -> ext=0xfff9 lui=0xe400
PASS | Input: 0x4a7 ImmSrc: 1 -> ext=0x4a7 lui=0x9c00
PASS | Input: 0xaad ImmSrc: 0 -> ext=0xffed lui=0xb400
PASS | Input: 0xa1f ImmSrc: 1 -> ext=0xfa1f lui=0x7c00
PASS | Input: 0x540 ImmSrc: 1 -> ext=0x540 lui=0x0
PASS | Input: 0xbe ImmSrc: 1 -> ext=0xbe lui=0xf800
PASS | Input: 0xb59 ImmSrc: 0 -> ext=0x19 lui=0x6400
PASS | Input: 0x29e ImmSrc: 0 -> ext=0x1e lui=0x7800
PASS | Input: 0x86b ImmSrc: 0 -> ext=0xffeb lui=0xac00
PASS | Input: 0x8ce ImmSrc: 0 -> ext=0xe lui=0x3800
PASS | Input: 0xa01 ImmSrc: 1 -> ext=0xfa01 lui=0x400
PASS | Input: 0x335 ImmSrc: 1 -> ext=0x335 lui=0xd400
PASS | Input: 0xfdb ImmSrc: 1 -> ext=0xffdb lui=0x6c00
PASS | Input: 0xcbe ImmSrc: 0 -> ext=0xfffe lui=0xf800
PASS | Input: 0x172 ImmSrc: 1 -> ext=0x172 lui=0xc800
PASS | Input: 0xe70 ImmSrc: 1 -> ext=0xfe70 lui=0xc000
PASS | Input: 0x943 ImmSrc: 1 -> ext=0xf943 lui=0xc00
PASS | Input: 0xb7d ImmSrc: 1 -> ext=0xfb7d lui=0xf400
PASS | Input: 0x9ae ImmSrc: 0 -> ext=0xffee lui=0xb800
PASS | Input: 0x7e9 ImmSrc: 0 -> ext=0xffe9 lui=0xa400
PASS | Input: 0x6cb ImmSrc: 0 -> ext=0xb lui=0x2c00
PASS | Input: 0x2e0 ImmSrc: 0 -> ext=0xffe0 lui=0x8000
PASS | Input: 0x204 ImmSrc: 0 -> ext=0x4 lui=0x1000
PASS | Input: 0x950 ImmSrc: 1 -> ext=0xf950 lui=0x4000
PASS | Input: 0x7d4 ImmSrc: 1 -> ext=0x7d4 lui=0x5000
PASS | Input: 0x6dd ImmSrc: 0 -> ext=0x1d lui=0x7400
PASS | Input: 0x180 ImmSrc: 0 -> ext=0x0 lui=0x0
PASS | Input: 0x6d6 ImmSrc: 1 -> ext=0x6d6 lui=0x5800
PASS | Input: 0xa1b ImmSrc: 0 -> ext=0x1b lui=0x6c00
PASS | Input: 0x425 ImmSrc: 0 -> ext=0xffe5 lui=0x9400
PASS | Input: 0x1c0 ImmSrc: 0 -> ext=0x0 lui=0x0
PASS | Input: 0xef9 ImmSrc: 0 -> ext=0xfff9 lui=0xe400
PASS | Input: 0x13c ImmSrc: 0 -> ext=0xfffc lui=0xf000
PASS | Input: 0xe1e ImmSrc: 1 -> ext=0xfe1e lui=0x7800
PASS | Input: 0x425 ImmSrc: 1 -> ext=0x425 lui=0x9400
PASS | Input: 0x3b2 ImmSrc: 0 -> ext=0xfff2 lui=0xc800
PASS | Input: 0x893 ImmSrc: 1 -> ext=0xf893 lui=0x4c00
PASS | Input: 0x442 ImmSrc: 1 -> ext=0x442 lui=0x800
PASS | Input: 0xb69 ImmSrc: 1 -> ext=0xfb69 lui=0xa400
PASS | Input: 0xf7 ImmSrc: 1 -> ext=0xf7 lui=0xdc00
PASS | Input: 0x581 ImmSrc: 1 -> ext=0x581 lui=0x400
PASS | Input: 0x4d5 ImmSrc: 1 -> ext=0x4d5 lui=0x5400
PASS | Input: 0x58e ImmSrc: 0 -> ext=0xe lui=0x3800
PASS | Input: 0xab2 ImmSrc: 1 -> ext=0xfab2 lui=0xc800
PASS | Input: 0x410 ImmSrc: 1 -> ext=0x410 lui=0x4000
PASS | Input: 0xf03 ImmSrc: 1 -> ext=0xff03 lui=0xc00
PASS | Input: 0x34 ImmSrc: 1 -> ext=0x34 lui=0xd000
PASS | Input: 0xe01 ImmSrc: 1 -> ext=0xfe01 lui=0x400
PASS | Input: 0x7f3 ImmSrc: 0 -> ext=0xfff3 lui=0xcc00
PASS | Input: 0x45a ImmSrc: 0 -> ext=0x1a lui=0x6800
PASS | Input: 0x14b ImmSrc: 0 -> ext=0xb lui=0x2c00
PASS | Input: 0xfe9 ImmSrc: 0 -> ext=0xffe9 lui=0xa400
PASS | Input: 0xbec ImmSrc: 1 -> ext=0xfbec lui=0xb000
PASS | Input: 0x5a8 ImmSrc: 0 -> ext=0xffe8 lui=0xa000
PASS | Input: 0x227 ImmSrc: 0 -> ext=0xffe7 lui=0x9c00
PASS | Input: 0x95d ImmSrc: 0 -> ext=0x1d lui=0x7400
PASS | Input: 0x38c ImmSrc: 1 -> ext=0x38c lui=0x3000
PASS | Input: 0x12f ImmSrc: 0 -> ext=0xffef lui=0xbc00
PASS | Input: 0x8f1 ImmSrc: 1 -> ext=0xf8f1 lui=0xc400
PASS | Input: 0xca8 ImmSrc: 1 -> ext=0xfca8 lui=0xa000
PASS | Input: 0xf59 ImmSrc: 0 -> ext=0x19 lui=0x6400
PASS | Input: 0x847 ImmSrc: 0 -> ext=0x7 lui=0x1c00
PASS | Input: 0x7b ImmSrc: 0 -> ext=0xfffb lui=0xec00
PASS | Input: 0xe3c ImmSrc: 1 -> ext=0xfe3c lui=0xf000
PASS | Input: 0xd4f ImmSrc: 1 -> ext=0xfd4f lui=0x3c00
PASS | Input: 0xa57 ImmSrc: 0 -> ext=0x17 lui=0x5c00
PASS | Input: 0xc74 ImmSrc: 0 -> ext=0xfff4 lui=0xd000
PASS | Input: 0x8da ImmSrc: 0 -> ext=0x1a lui=0x6800
PASS | Input: 0xfc4 ImmSrc: 1 -> ext=0xffc4 lui=0x1000
PASS | Input: 0x72e ImmSrc: 1 -> ext=0x72e lui=0xb800
PASS | Input: 0xbf8 ImmSrc: 0 -> ext=0xfff8 lui=0xe000
PASS | Input: 0xf1f ImmSrc: 0 -> ext=0x1f lui=0x7c00
PASS | Input: 0x2a9 ImmSrc: 1 -> ext=0x2a9 lui=0xa400
PASS | Input: 0xebe ImmSrc: 1 -> ext=0xfebe lui=0xf800
PASS | Input: 0xc89 ImmSrc: 1 -> ext=0xfc89 lui=0x2400
PASS | Input: 0x6d ImmSrc: 0 -> ext=0xffed lui=0xb400
PASS | Input: 0x931 ImmSrc: 0 -> ext=0xfff1 lui=0xc400
PASS | Input: 0x3c ImmSrc: 1 -> ext=0x3c lui=0xf000
PASS | Input: 0x35a ImmSrc: 0 -> ext=0x1a lui=0x6800
PASS | Input: 0xd35 ImmSrc: 1 -> ext=0xfd35 lui=0xd400
PASS | Input: 0x3d0 ImmSrc: 0 -> ext=0x10 lui=0x4000
PASS | Input: 0xe94 ImmSrc: 0 -> ext=0x14 lui=0x5000
PASS | Input: 0x908 ImmSrc: 1 -> ext=0xf908 lui=0x2000
PASS | Input: 0x4a6 ImmSrc: 0 -> ext=0xffe6 lui=0x9800
PASS | Input: 0xa0 ImmSrc: 0 -> ext=0xffe0 lui=0x8000
PASS | Input: 0x849 ImmSrc: 0 -> ext=0x9 lui=0x2400
PASS | Input: 0x5ac ImmSrc: 1 -> ext=0x5ac lui=0xb000
PASS | Input: 0x7b7 ImmSrc: 1 -> ext=0x7b7 lui=0xdc00
PASS | Input: 0x24 ImmSrc: 0 -> ext=0xffe4 lui=0x9000
PASS | Input: 0xcae ImmSrc: 1 -> ext=0xfcae lui=0xb800
PASS | Input: 0x14b ImmSrc: 0 -> ext=0xb lui=0x2c00
PASS | Input: 0x58e ImmSrc: 0 -> ext=0xe lui=0x3800
PASS | Input: 0x269 ImmSrc: 0 -> ext=0xffe9 lui=0xa400
PASS | Input: 0xa82 ImmSrc: 1 -> ext=0xfa82 lui=0x800
PASS | Input: 0x2ac ImmSrc: 1 -> ext=0x2ac lui=0xb000
PASS | Input: 0xd4f ImmSrc: 0 -> ext=0xf lui=0x3c00
PASS | Input: 0x88d ImmSrc: 0 -> ext=0xd lui=0x3400
PASS | Input: 0x5e8 ImmSrc: 0 -> ext=0xffe8 lui=0xa000
PASS | Input: 0x68b ImmSrc: 1 -> ext=0x68b lui=0x2c00
PASS | Input: 0x147 ImmSrc: 1 -> ext=0x147 lui=0x1c00
PASS | Input: 0x29d ImmSrc: 0 -> ext=0x1d lui=0x7400
PASS | Input: 0x9c7 ImmSrc: 0 -> ext=0x7 lui=0x1c00
PASS | Input: 0xd2a ImmSrc: 1 -> ext=0xfd2a lui=0xa800
PASS | Input: 0xf74 ImmSrc: 1 -> ext=0xff74 lui=0xd000
PASS | Input: 0xfde ImmSrc: 1 -> ext=0xffde lui=0x7800
PASS | Input: 0x881 ImmSrc: 0 -> ext=0x1 lui=0x400
PASS | Input: 0x645 ImmSrc: 0 -> ext=0x5 lui=0x1400
PASS | Input: 0x772 ImmSrc: 1 -> ext=0x772 lui=0xc800
PASS | Input: 0xf69 ImmSrc: 1 -> ext=0xff69 lui=0xa400
PASS | Input: 0x410 ImmSrc: 0 -> ext=0x10 lui=0x4000
PASS | Input: 0x366 ImmSrc: 0 -> ext=0xffe6 lui=0x9800
PASS | Input: 0xdc8 ImmSrc: 0 -> ext=0x8 lui=0x2000
PASS | Input: 0x134 ImmSrc: 0 -> ext=0xfff4 lui=0xd000
PASS | Input: 0xb80 ImmSrc: 1 -> ext=0xfb80 lui=0x0
PASS | Input: 0x296 ImmSrc: 1 -> ext=0x296 lui=0x5800
PASS | Input: 0xa8e ImmSrc: 1 -> ext=0xfa8e lui=0x3800
PASS | Input: 0x571 ImmSrc: 0 -> ext=0xfff1 lui=0xc400
PASS | Input: 0xbcb ImmSrc: 1 -> ext=0xfbcb lui=0x2c00
PASS | Input: 0x572 ImmSrc: 1 -> ext=0x572 lui=0xc800
PASS | Input: 0x57d ImmSrc: 0 -> ext=0xfffd lui=0xf400
PASS | Input: 0xc54 ImmSrc: 0 -> ext=0x14 lui=0x5000
PASS | Input: 0x611 ImmSrc: 0 -> ext=0x11 lui=0x4400
PASS | Input: 0xa9d ImmSrc: 1 -> ext=0xfa9d lui=0x7400
PASS | Input: 0xb56 ImmSrc: 0 -> ext=0x16 lui=0x5800
PASS | Input: 0x834 ImmSrc: 0 -> ext=0xfff4 lui=0xd000
PASS | Input: 0xd39 ImmSrc: 0 -> ext=0xfff9 lui=0xe400
PASS | Input: 0x393 ImmSrc: 0 -> ext=0x13 lui=0x4c00
PASS | Input: 0xab1 ImmSrc: 0 -> ext=0xfff1 lui=0xc400
PASS | Input: 0x60d ImmSrc: 1 -> ext=0x60d lui=0x3400
PASS | Input: 0xee5 ImmSrc: 0 -> ext=0xffe5 lui=0x9400
PASS | Input: 0xedc ImmSrc: 1 -> ext=0xfedc lui=0x7000
PASS | Input: 0x624 ImmSrc: 1 -> ext=0x624 lui=0x9000
PASS | Input: 0x668 ImmSrc: 1 -> ext=0x668 lui=0xa000
PASS | Input: 0xdd2 ImmSrc: 1 -> ext=0xfdd2 lui=0x4800
PASS | Input: 0xc9e ImmSrc: 0 -> ext=0x1e lui=0x7800
PASS | Input: 0xdd2 ImmSrc: 1 -> ext=0xfdd2 lui=0x4800
PASS | Input: 0xa99 ImmSrc: 0 -> ext=0x19 lui=0x6400
PASS | Input: 0x592 ImmSrc: 0 -> ext=0x12 lui=0x4800
PASS | Input: 0xf93 ImmSrc: 0 -> ext=0x13 lui=0x4c00
PASS | Input: 0xe50 ImmSrc: 1 -> ext=0xfe50 lui=0x4000
PASS | Input: 0x261 ImmSrc: 1 -> ext=0x261 lui=0x8400
PASS | Input: 0x7a4 ImmSrc: 0 -> ext=0xffe4 lui=0x9000
PASS | Input: 0x259 ImmSrc: 1 -> ext=0x259 lui=0x6400
PASS | Input: 0xaf8 ImmSrc: 0 -> ext=0xfff8 lui=0xe000
PASS | Input: 0xdf8 ImmSrc: 0 -> ext=0xfff8 lui=0xe000
PASS | Input: 0x5f4 ImmSrc: 1 -> ext=0x5f4 lui=0xd000
PASS | Input: 0xb26 ImmSrc: 1 -> ext=0xfb26 lui=0x9800
PASS | Input: 0x38d ImmSrc: 1 -> ext=0x38d lui=0x3400
PASS | Input: 0xa69 ImmSrc: 0 -> ext=0xffe9 lui=0xa400
PASS | Input: 0xeb2 ImmSrc: 1 -> ext=0xfeb2 lui=0xc800
PASS | Input: 0x5dd ImmSrc: 1 -> ext=0x5dd lui=0x7400
PASS | Input: 0x54a ImmSrc: 0 -> ext=0xa lui=0x2800
PASS | Input: 0xa57 ImmSrc: 0 -> ext=0x17 lui=0x5c00
PASS | Input: 0x18d ImmSrc: 1 -> ext=0x18d lui=0x3400
PASS | Input: 0x27b ImmSrc: 0 -> ext=0xfffb lui=0xec00
PASS | Input: 0x14d ImmSrc: 1 -> ext=0x14d lui=0x3400
PASS | Input: 0xd23 ImmSrc: 1 -> ext=0xfd23 lui=0x8c00
PASS | Input: 0x53 ImmSrc: 1 -> ext=0x53 lui=0x4c00
PASS | Input: 0x3f3 ImmSrc: 1 -> ext=0x3f3 lui=0xcc00
PASS | Input: 0xa5f ImmSrc: 0 -> ext=0x1f lui=0x7c00
PASS | Input: 0x26b ImmSrc: 0 -> ext=0xffeb lui=0xac00
PASS | Input: 0xae5 ImmSrc: 0 -> ext=0xffe5 lui=0x9400
PASS | Input: 0x758 ImmSrc: 0 -> ext=0x18 lui=0x6000
PASS | Input: 0xc20 ImmSrc: 0 -> ext=0xffe0 lui=0x8000
PASS | Input: 0xdef ImmSrc: 0 -> ext=0xffef lui=0xbc00
PASS | Input: 0xe96 ImmSrc: 0 -> ext=0x16 lui=0x5800
PASS | Input: 0xf77 ImmSrc: 0 -> ext=0xfff7 lui=0xdc00
PASS | Input: 0xb97 ImmSrc: 1 -> ext=0xfb97 lui=0x5c00
PASS | Input: 0x9d2 ImmSrc: 1 -> ext=0xf9d2 lui=0x4800
PASS | Input: 0xee6 ImmSrc: 1 -> ext=0xfee6 lui=0x9800
PASS | Input: 0x6c5 ImmSrc: 0 -> ext=0x5 lui=0x1400
PASS | Input: 0x514 ImmSrc: 0 -> ext=0x14 lui=0x5000
PASS | Input: 0x743 ImmSrc: 1 -> ext=0x743 lui=0xc00
PASS | Input: 0xb9e ImmSrc: 1 -> ext=0xfb9e lui=0x7800
PASS | Input: 0x5b5 ImmSrc: 0 -> ext=0xfff5 lui=0xd400
PASS | Input: 0x982 ImmSrc: 1 -> ext=0xf982 lui=0x800
PASS | Input: 0x976 ImmSrc: 1 -> ext=0xf976 lui=0xd800
PASS | Input: 0xe45 ImmSrc: 0 -> ext=0x5 lui=0x1400
PASS | Input: 0x36b ImmSrc: 1 -> ext=0x36b lui=0xac00
PASS | Input: 0x911 ImmSrc: 0 -> ext=0x11 lui=0x4400
PASS | Input: 0xf10 ImmSrc: 1 -> ext=0xff10 lui=0x4000
PASS | Input: 0x103 ImmSrc: 1 -> ext=0x103 lui=0xc00
PASS | Input: 0x6cc ImmSrc: 1 -> ext=0x6cc lui=0x3000
PASS | Input: 0x33e ImmSrc: 1 -> ext=0x33e lui=0xf800
PASS | Input: 0x7e6 ImmSrc: 0 -> ext=0xffe6 lui=0x9800
PASS | Input: 0xcd8 ImmSrc: 1 -> ext=0xfcd8 lui=0x6000
PASS | Input: 0xdf5 ImmSrc: 1 -> ext=0xfdf5 lui=0xd400
PASS | Input: 0x841 ImmSrc: 1 -> ext=0xf841 lui=0x400
PASS | Input: 0x121 ImmSrc: 0 -> ext=0xffe1 lui=0x8400
PASS | Input: 0x335 ImmSrc: 0 -> ext=0xfff5 lui=0xd400
PASS | Input: 0x40c ImmSrc: 0 -> ext=0xc lui=0x3000
PASS | Input: 0x9d6 ImmSrc: 0 -> ext=0x16 lui=0x5800
PASS | Input: 0x1bf ImmSrc: 1 -> ext=0x1bf lui=0xfc00
PASS | Input: 0x4fc ImmSrc: 1 -> ext=0x4fc lui=0xf000
PASS | Input: 0x171 ImmSrc: 0 -> ext=0xfff1 lui=0xc400
PASS | Input: 0x568 ImmSrc: 0 -> ext=0xffe8 lui=0xa000
PASS | Input: 0x179 ImmSrc: 1 -> ext=0x179 lui=0xe400
PASS | Input: 0x2d7 ImmSrc: 0 -> ext=0x17 lui=0x5c00
PASS | Input: 0xe55 ImmSrc: 0 -> ext=0x15 lui=0x5400
PASS | Input: 0xba0 ImmSrc: 0 -> ext=0xffe0 lui=0x8000
PASS | Input: 0x405 ImmSrc: 0 -> ext=0x5 lui=0x1400
PASS | Input: 0xaf4 ImmSrc: 0 -> ext=0xfff4 lui=0xd000
PASS | Input: 0x1ab ImmSrc: 1 -> ext=0x1ab lui=0xac00
PASS | Input: 0xd4b ImmSrc: 0 -> ext=0xb lui=0x2c00
PASS | Input: 0xcb7 ImmSrc: 0 -> ext=0xfff7 lui=0xdc00
PASS | Input: 0xc22 ImmSrc: 1 -> ext=0xfc22 lui=0x8800
PASS | Input: 0x47b ImmSrc: 1 -> ext=0x47b lui=0xec00
PASS | Input: 0x9a5 ImmSrc: 0 -> ext=0xffe5 lui=0x9400
PASS | Input: 0x686 ImmSrc: 0 -> ext=0x6 lui=0x1800
PASS | Input: 0xa49 ImmSrc: 1 -> ext=0xfa49 lui=0x2400
PASS | Input: 0xd94 ImmSrc: 1 -> ext=0xfd94 lui=0x5000
PASS | Input: 0xe08 ImmSrc: 0 -> ext=0x8 lui=0x2000
PASS | Input: 0x270 ImmSrc: 1 -> ext=0x270 lui=0xc000
PASS | Input: 0x245 ImmSrc: 0 -> ext=0x5 lui=0x1400
PASS | Input: 0x7a2 ImmSrc: 1 -> ext=0x7a2 lui=0x8800
PASS | Input: 0x2f5 ImmSrc: 0 -> ext=0xfff5 lui=0xd400
PASS | Input: 0x23b ImmSrc: 1 -> ext=0x23b lui=0xec00
PASS | Input: 0x726 ImmSrc: 1 -> ext=0x726 lui=0x9800
PASS | Input: 0x59d ImmSrc: 1 -> ext=0x59d lui=0x7400
PASS | Input: 0xe7f ImmSrc: 1 -> ext=0xfe7f lui=0xfc00
PASS | Input: 0x796 ImmSrc: 0 -> ext=0x16 lui=0x5800
PASS | Input: 0x6c5 ImmSrc: 0 -> ext=0x5 lui=0x1400
PASS | Input: 0x5a0 ImmSrc: 0 -> ext=0xffe0 lui=0x8000
PASS | Input: 0x613 ImmSrc: 1 -> ext=0x613 lui=0x4c00
PASS | Input: 0xda3 ImmSrc: 0 -> ext=0xffe3 lui=0x8c00
PASS | Input: 0x1c1 ImmSrc: 0 -> ext=0x1 lui=0x400
PASS | Input: 0x818 ImmSrc: 0 -> ext=0x18 lui=0x6000
PASS | Input: 0xbaa ImmSrc: 0 -> ext=0xffea lui=0xa800
PASS | Input: 0x4d2 ImmSrc: 0 -> ext=0x12 lui=0x4800
PASS | Input: 0x4db ImmSrc: 1 -> ext=0x4db lui=0x6c00
PASS | Input: 0xf5b ImmSrc: 1 -> ext=0xff5b lui=0x6c00
PASS | Input: 0x84c ImmSrc: 0 -> ext=0xc lui=0x3000
PASS | Input: 0x32a ImmSrc: 0 -> ext=0xffea lui=0xa800
PASS | Input: 0x5b1 ImmSrc: 1 -> ext=0x5b1 lui=0xc400
PASS | Input: 0x999 ImmSrc: 1 -> ext=0xf999 lui=0x6400
PASS | Input: 0x203 ImmSrc: 1 -> ext=0x203 lui=0xc00
PASS | Input: 0xe8 ImmSrc: 1 -> ext=0xe8 lui=0xa000
PASS | Input: 0xed7 ImmSrc: 0 -> ext=0x17 lui=0x5c00
PASS | Input: 0x52d ImmSrc: 0 -> ext=0xffed lui=0xb400
PASS | Input: 0x71d ImmSrc: 1 -> ext=0x71d lui=0x7400
PASS | Input: 0x384 ImmSrc: 1 -> ext=0x384 lui=0x1000
PASS | Input: 0x554 ImmSrc: 1 -> ext=0x554 lui=0x5000
PASS | Input: 0x555 ImmSrc: 1 -> ext=0x555 lui=0x5400
PASS | Input: 0x6df ImmSrc: 0 -> ext=0x1f lui=0x7c00
PASS | Input: 0x914 ImmSrc: 1 -> ext=0xf914 lui=0x5000
PASS | Input: 0x77d ImmSrc: 0 -> ext=0xfffd lui=0xf400
PASS | Input: 0x740 ImmSrc: 0 -> ext=0x0 lui=0x0
PASS | Input: 0x18d ImmSrc: 0 -> ext=0xd lui=0x3400
PASS | Input: 0xe ImmSrc: 0 -> ext=0xe lui=0x3800
PASS | Input: 0x32f ImmSrc: 1 -> ext=0x32f lui=0xbc00
PASS | Input: 0xd84 ImmSrc: 0 -> ext=0x4 lui=0x1000
PASS | Input: 0x7d4 ImmSrc: 0 -> ext=0x14 lui=0x5000
PASS | Input: 0xb6d ImmSrc: 0 -> ext=0xffed lui=0xb400
PASS | Input: 0x968 ImmSrc: 0 -> ext=0xffe8 lui=0xa000
PASS | Input: 0x7f0 ImmSrc: 0 -> ext=0xfff0 lui=0xc000
PASS | Input: 0x795 ImmSrc: 0 -> ext=0x15 lui=0x5400
PASS | Input: 0x930 ImmSrc: 1 -> ext=0xf930 lui=0xc000
PASS | Input: 0xb49 ImmSrc: 0 -> ext=0x9 lui=0x2400
PASS | Input: 0x1bf ImmSrc: 1 -> ext=0x1bf lui=0xfc00
PASS | Input: 0x12 ImmSrc: 0 -> ext=0x12 lui=0x4800
PASS | Input: 0xb43 ImmSrc: 0 -> ext=0x3 lui=0xc00
PASS | Input: 0x668 ImmSrc: 0 -> ext=0xffe8 lui=0xa000
PASS | Input: 0x2a ImmSrc: 1 -> ext=0x2a lui=0xa800
PASS | Input: 0x978 ImmSrc: 1 -> ext=0xf978 lui=0xe000
PASS | Input: 0xebb ImmSrc: 1 -> ext=0xfebb lui=0xec00
PASS | Input: 0xe92 ImmSrc: 0 -> ext=0x12 lui=0x4800
PASS | Input: 0x15e ImmSrc: 1 -> ext=0x15e lui=0x7800
PASS | Input: 0x9c9 ImmSrc: 0 -> ext=0x9 lui=0x2400
PASS | Input: 0x57f ImmSrc: 1 -> ext=0x57f lui=0xfc00
PASS | Input: 0x2e2 ImmSrc: 1 -> ext=0x2e2 lui=0x8800
PASS | Input: 0x7cd ImmSrc: 0 -> ext=0xd lui=0x3400
PASS | Input: 0x528 ImmSrc: 0 -> ext=0xffe8 lui=0xa000
PASS | Input: 0xe48 ImmSrc: 0 -> ext=0x8 lui=0x2000
PASS | Input: 0x3e ImmSrc: 0 -> ext=0xfffe lui=0xf800
PASS | Input: 0xfdf ImmSrc: 1 -> ext=0xffdf lui=0x7c00
PASS | Input: 0xd84 ImmSrc: 1 -> ext=0xfd84 lui=0x1000
PASS | Input: 0xd04 ImmSrc: 1 -> ext=0xfd04 lui=0x1000
PASS | Input: 0x930 ImmSrc: 1 -> ext=0xf930 lui=0xc000
PASS | Input: 0x808 ImmSrc: 0 -> ext=0x8 lui=0x2000
PASS | Input: 0xfa4 ImmSrc: 0 -> ext=0xffe4 lui=0x9000
PASS | Input: 0xd9a ImmSrc: 1 -> ext=0xfd9a lui=0x6800
PASS | Input: 0xd26 ImmSrc: 1 -> ext=0xfd26 lui=0x9800
PASS | Input: 0x73d ImmSrc: 0 -> ext=0xfffd lui=0xf400
PASS | Input: 0xd8f ImmSrc: 1 -> ext=0xfd8f lui=0x3c00
PASS | Input: 0x10e ImmSrc: 1 -> ext=0x10e lui=0x3800
PASS | Input: 0xb04 ImmSrc: 1 -> ext=0xfb04 lui=0x1000
PASS | Input: 0x7bf ImmSrc: 0 -> ext=0xffff lui=0xfc00
PASS | Input: 0x459 ImmSrc: 1 -> ext=0x459 lui=0x6400
PASS | Input: 0x701 ImmSrc: 1 -> ext=0x701 lui=0x400
PASS | Input: 0x529 ImmSrc: 0 -> ext=0xffe9 lui=0xa400
PASS | Input: 0xa57 ImmSrc: 1 -> ext=0xfa57 lui=0x5c00
PASS | Input: 0x94f ImmSrc: 1 -> ext=0xf94f lui=0x3c00
PASS | Input: 0xf94 ImmSrc: 0 -> ext=0x14 lui=0x5000
PASS | Input: 0xac3 ImmSrc: 1 -> ext=0xfac3 lui=0xc00
PASS | Input: 0x1e3 ImmSrc: 0 -> ext=0xffe3 lui=0x8c00
PASS | Input: 0x681 ImmSrc: 1 -> ext=0x681 lui=0x400
PASS | Input: 0xbb1 ImmSrc: 1 -> ext=0xfbb1 lui=0xc400
PASS | Input: 0xa8d ImmSrc: 1 -> ext=0xfa8d lui=0x3400
PASS | Input: 0xb4e ImmSrc: 1 -> ext=0xfb4e lui=0x3800
PASS | Input: 0xab ImmSrc: 1 -> ext=0xab lui=0xac00
PASS | Input: 0xba5 ImmSrc: 1 -> ext=0xfba5 lui=0x9400
PASS | Input: 0x4e8 ImmSrc: 1 -> ext=0x4e8 lui=0xa000
PASS | Input: 0x7db ImmSrc: 0 -> ext=0x1b lui=0x6c00
PASS | Input: 0x484 ImmSrc: 1 -> ext=0x484 lui=0x1000
PASS | Input: 0xc2b ImmSrc: 0 -> ext=0xffeb lui=0xac00
PASS | Input: 0xb5a ImmSrc: 0 -> ext=0x1a lui=0x6800
PASS | Input: 0x7e2 ImmSrc: 0 -> ext=0xffe2 lui=0x8800
PASS | Input: 0x565 ImmSrc: 1 -> ext=0x565 lui=0x9400
PASS | Input: 0x1c9 ImmSrc: 1 -> ext=0x1c9 lui=0x2400
PASS | Input: 0xb64 ImmSrc: 0 -> ext=0xffe4 lui=0x9000
PASS | Input: 0x9dc ImmSrc: 0 -> ext=0x1c lui=0x7000
PASS | Input: 0xf56 ImmSrc: 0 -> ext=0x16 lui=0x5800
PASS | Input: 0x899 ImmSrc: 1 -> ext=0xf899 lui=0x6400
PASS | Input: 0x6c1 ImmSrc: 1 -> ext=0x6c1 lui=0x400
PASS | Input: 0xfd7 ImmSrc: 0 -> ext=0x17 lui=0x5c00
PASS | Input: 0x27c ImmSrc: 0 -> ext=0xfffc lui=0xf000
PASS | Input: 0x464 ImmSrc: 1 -> ext=0x464 lui=0x9000
PASS | Input: 0xefe ImmSrc: 1 -> ext=0xfefe lui=0xf800
PASS | Input: 0x74d ImmSrc: 0 -> ext=0xd lui=0x3400
PASS | Input: 0x5dc ImmSrc: 1 -> ext=0x5dc lui=0x7000
PASS | Input: 0x32d ImmSrc: 1 -> ext=0x32d lui=0xb400
PASS | Input: 0x77 ImmSrc: 1 -> ext=0x77 lui=0xdc00
PASS | Input: 0x352 ImmSrc: 0 -> ext=0x12 lui=0x4800
PASS | Input: 0xf8e ImmSrc: 1 -> ext=0xff8e lui=0x3800
PASS | Input: 0x410 ImmSrc: 1 -> ext=0x410 lui=0x4000
PASS | Input: 0xcb1 ImmSrc: 0 -> ext=0xfff1 lui=0xc400
PASS | Input: 0x129 ImmSrc: 0 -> ext=0xffe9 lui=0xa400
PASS | Input: 0x444 ImmSrc: 0 -> ext=0x4 lui=0x1000
PASS | Input: 0x886 ImmSrc: 0 -> ext=0x6 lui=0x1800
PASS | Input: 0x417 ImmSrc: 0 -> ext=0x17 lui=0x5c00
PASS | Input: 0x338 ImmSrc: 0 -> ext=0xfff8 lui=0xe000
PASS | Input: 0x637 ImmSrc: 1 -> ext=0x637 lui=0xdc00
PASS | Input: 0xe04 ImmSrc: 0 -> ext=0x4 lui=0x1000
PASS | Input: 0x70f ImmSrc: 0 -> ext=0xf lui=0x3c00
PASS | Input: 0x85a ImmSrc: 0 -> ext=0x1a lui=0x6800
PASS | Input: 0x36d ImmSrc: 1 -> ext=0x36d lui=0xb400
PASS | Input: 0x807 ImmSrc: 1 -> ext=0xf807 lui=0x1c00
PASS | Input: 0x47f ImmSrc: 0 -> ext=0xffff lui=0xfc00
PASS | Input: 0xf91 ImmSrc: 1 -> ext=0xff91 lui=0x4400
PASS | Input: 0xb6d ImmSrc: 1 -> ext=0xfb6d lui=0xb400
PASS | Input: 0x66f ImmSrc: 1 -> ext=0x66f lui=0xbc00
PASS | Input: 0xf9f ImmSrc: 0 -> ext=0x1f lui=0x7c00
PASS | Input: 0xa1b ImmSrc: 0 -> ext=0x1b lui=0x6c00
PASS | Input: 0xc42 ImmSrc: 1 -> ext=0xfc42 lui=0x800
PASS | Input: 0x642 ImmSrc: 0 -> ext=0x2 lui=0x800
PASS | Input: 0x337 ImmSrc: 0 -> ext=0xfff7 lui=0xdc00
PASS | Input: 0x7e6 ImmSrc: 0 -> ext=0xffe6 lui=0x9800
PASS | Input: 0xae9 ImmSrc: 0 -> ext=0xffe9 lui=0xa400
PASS | Input: 0x8d7 ImmSrc: 0 -> ext=0x17 lui=0x5c00
PASS | Input: 0x3c ImmSrc: 0 -> ext=0xfffc lui=0xf000
PASS | Input: 0x85c ImmSrc: 1 -> ext=0xf85c lui=0x7000
PASS | Input: 0x31c ImmSrc: 0 -> ext=0x1c lui=0x7000
PASS | Input: 0xf50 ImmSrc: 1 -> ext=0xff50 lui=0x4000
PASS | Input: 0xbc9 ImmSrc: 0 -> ext=0x9 lui=0x2400
PASS | Input: 0xda1 ImmSrc: 1 -> ext=0xfda1 lui=0x8400
PASS | Input: 0x67c ImmSrc: 0 -> ext=0xfffc lui=0xf000
PASS | Input: 0x881 ImmSrc: 1 -> ext=0xf881 lui=0x400
PASS | Input: 0xe79 ImmSrc: 0 -> ext=0xfff9 lui=0xe400
PASS | Input: 0x21c ImmSrc: 1 -> ext=0x21c lui=0x7000
PASS | Input: 0x520 ImmSrc: 1 -> ext=0x520 lui=0x8000
PASS | Input: 0x533 ImmSrc: 1 -> ext=0x533 lui=0xcc00
PASS | Input: 0xf25 ImmSrc: 0 -> ext=0xffe5 lui=0x9400
PASS | Input: 0xc6f ImmSrc: 0 -> ext=0xffef lui=0xbc00
PASS | Input: 0xd79 ImmSrc: 1 -> ext=0xfd79 lui=0xe400
PASS | Input: 0x4c6 ImmSrc: 0 -> ext=0x6 lui=0x1800
PASS | Input: 0xafd ImmSrc: 1 -> ext=0xfafd lui=0xf400
PASS | Input: 0x9ca ImmSrc: 1 -> ext=0xf9ca lui=0x2800
PASS | Input: 0x3a3 ImmSrc: 0 -> ext=0xffe3 lui=0x8c00
PASS | Input: 0x636 ImmSrc: 0 -> ext=0xfff6 lui=0xd800
PASS | Input: 0x103 ImmSrc: 1 -> ext=0x103 lui=0xc00
PASS | Input: 0x89d ImmSrc: 0 -> ext=0x1d lui=0x7400
PASS | Input: 0xd ImmSrc: 0 -> ext=0xd lui=0x3400
PASS | Input: 0xb7c ImmSrc: 1 -> ext=0xfb7c lui=0xf000
PASS | Input: 0xe5 ImmSrc: 1 -> ext=0xe5 lui=0x9400
PASS | Input: 0xbaa ImmSrc: 0 -> ext=0xffea lui=0xa800
PASS | Input: 0xb85 ImmSrc: 1 -> ext=0xfb85 lui=0x1400
PASS | Input: 0x351 ImmSrc: 1 -> ext=0x351 lui=0x4400
PASS | Input: 0xd3c ImmSrc: 0 -> ext=0xfffc lui=0xf000
PASS | Input: 0x179 ImmSrc: 0 -> ext=0xfff9 lui=0xe400
PASS | Input: 0xa4 ImmSrc: 1 -> ext=0xa4 lui=0x9000
PASS | Input: 0xf52 ImmSrc: 1 -> ext=0xff52 lui=0x4800
PASS | Input: 0x323 ImmSrc: 0 -> ext=0xffe3 lui=0x8c00
PASS | Input: 0x82e ImmSrc: 0 -> ext=0xffee lui=0xb800
PASS | Input: 0x96 ImmSrc: 0 -> ext=0x16 lui=0x5800
PASS | Input: 0xc82 ImmSrc: 1 -> ext=0xfc82 lui=0x800
PASS | Input: 0x533 ImmSrc: 0 -> ext=0xfff3 lui=0xcc00
PASS | Input: 0x5b6 ImmSrc: 1 -> ext=0x5b6 lui=0xd800
PASS | Input: 0xd48 ImmSrc: 0 -> ext=0x8 lui=0x2000
PASS | Input: 0xc2f ImmSrc: 0 -> ext=0xffef lui=0xbc00
PASS | Input: 0x3df ImmSrc: 0 -> ext=0x1f lui=0x7c00
PASS | Input: 0x25d ImmSrc: 0 -> ext=0x1d lui=0x7400
PASS | Input: 0x2f1 ImmSrc: 0 -> ext=0xfff1 lui=0xc400
PASS | Input: 0x131 ImmSrc: 0 -> ext=0xfff1 lui=0xc400
PASS | Input: 0xb2e ImmSrc: 1 -> ext=0xfb2e lui=0xb800
PASS | Input: 0x5c4 ImmSrc: 1 -> ext=0x5c4 lui=0x1000
PASS | Input: 0x500 ImmSrc: 0 -> ext=0x0 lui=0x0
PASS | Input: 0x994 ImmSrc: 0 -> ext=0x14 lui=0x5000
PASS | Input: 0xdd7 ImmSrc: 0 -> ext=0x17 lui=0x5c00
PASS | Input: 0x82e ImmSrc: 1 -> ext=0xf82e lui=0xb800
PASS | Input: 0x61 ImmSrc: 1 -> ext=0x61 lui=0x8400
PASS | Input: 0x292 ImmSrc: 0 -> ext=0x12 lui=0x4800
PASS | Input: 0xbb9 ImmSrc: 0 -> ext=0xfff9 lui=0xe400
PASS | Input: 0x37 ImmSrc: 0 -> ext=0xfff7 lui=0xdc00
PASS | Input: 0x930 ImmSrc: 0 -> ext=0xfff0 lui=0xc000
PASS | Input: 0xfd ImmSrc: 0 -> ext=0xfffd lui=0xf400
PASS | Input: 0x5bd ImmSrc: 0 -> ext=0xfffd lui=0xf400
PASS | Input: 0xae7 ImmSrc: 0 -> ext=0xffe7 lui=0x9c00
PASS | Input: 0xbbc ImmSrc: 1 -> ext=0xfbbc lui=0xf000
PASS | Input: 0x1ff ImmSrc: 1 -> ext=0x1ff lui=0xfc00
PASS | Input: 0x706 ImmSrc: 1 -> ext=0x706 lui=0x1800
PASS | Input: 0x824 ImmSrc: 1 -> ext=0xf824 lui=0x9000
PASS | Input: 0x6fa ImmSrc: 0 -> ext=0xfffa lui=0xe800
PASS | Input: 0x23d ImmSrc: 1 -> ext=0x23d lui=0xf400
PASS | Input: 0x799 ImmSrc: 1 -> ext=0x799 lui=0x6400
PASS | Input: 0x984 ImmSrc: 1 -> ext=0xf984 lui=0x1000
PASS | Input: 0x48 ImmSrc: 0 -> ext=0x8 lui=0x2000
PASS | Input: 0x95d ImmSrc: 0 -> ext=0x1d lui=0x7400
PASS | Input: 0x4c ImmSrc: 1 -> ext=0x4c lui=0x3000
PASS | Input: 0xd82 ImmSrc: 0 -> ext=0x2 lui=0x800
PASS | Input: 0x29e ImmSrc: 0 -> ext=0x1e lui=0x7800
PASS | Input: 0x3e4 ImmSrc: 0 -> ext=0xffe4 lui=0x9000
PASS | Input: 0x42a ImmSrc: 1 -> ext=0x42a lui=0xa800
PASS | Input: 0x510 ImmSrc: 1 -> ext=0x510 lui=0x4000
PASS | Input: 0x116 ImmSrc: 1 -> ext=0x116 lui=0x5800
PASS | Input: 0xf7c ImmSrc: 0 -> ext=0xfffc lui=0xf000
PASS | Input: 0x527 ImmSrc: 1 -> ext=0x527 lui=0x9c00
PASS | Input: 0xd89 ImmSrc: 1 -> ext=0xfd89 lui=0x2400
PASS | Input: 0xad8 ImmSrc: 0 -> ext=0x18 lui=0x6000
PASS | Input: 0xd97 ImmSrc: 0 -> ext=0x17 lui=0x5c00
PASS | Input: 0x42 ImmSrc: 0 -> ext=0x2 lui=0x800
PASS | Input: 0xb06 ImmSrc: 1 -> ext=0xfb06 lui=0x1800
PASS | Input: 0xe66 ImmSrc: 0 -> ext=0xffe6 lui=0x9800
PASS | Input: 0xe73 ImmSrc: 1 -> ext=0xfe73 lui=0xcc00
PASS | Input: 0x4fa ImmSrc: 1 -> ext=0x4fa lui=0xe800
PASS | Input: 0x911 ImmSrc: 1 -> ext=0xf911 lui=0x4400
PASS | Input: 0xe44 ImmSrc: 1 -> ext=0xfe44 lui=0x1000
PASS | Input: 0x479 ImmSrc: 0 -> ext=0xfff9 lui=0xe400
PASS | Input: 0x62b ImmSrc: 1 -> ext=0x62b lui=0xac00
PASS | Input: 0xdb6 ImmSrc: 1 -> ext=0xfdb6 lui=0xd800
PASS | Input: 0x906 ImmSrc: 1 -> ext=0xf906 lui=0x1800
PASS | Input: 0xc04 ImmSrc: 0 -> ext=0x4 lui=0x1000
PASS | Input: 0x24b ImmSrc: 0 -> ext=0xb lui=0x2c00
PASS | Input: 0x2f7 ImmSrc: 1 -> ext=0x2f7 lui=0xdc00
PASS | Input: 0xeb8 ImmSrc: 0 -> ext=0xfff8 lui=0xe000
PASS | Input: 0x783 ImmSrc: 0 -> ext=0x3 lui=0xc00
PASS | Input: 0x903 ImmSrc: 1 -> ext=0xf903 lui=0xc00
PASS | Input: 0xaa0 ImmSrc: 0 -> ext=0xffe0 lui=0x8000
PASS | Input: 0xfaf ImmSrc: 0 -> ext=0xffef lui=0xbc00
PASS | Input: 0x7fa ImmSrc: 1 -> ext=0x7fa lui=0xe800
PASS | Input: 0xa29 ImmSrc: 0 -> ext=0xffe9 lui=0xa400
PASS | Input: 0x677 ImmSrc: 1 -> ext=0x677 lui=0xdc00
PASS | Input: 0xaac ImmSrc: 1 -> ext=0xfaac lui=0xb000
PASS | Input: 0x7e9 ImmSrc: 1 -> ext=0x7e9 lui=0xa400
PASS | Input: 0x81d ImmSrc: 0 -> ext=0x1d lui=0x7400
PASS | Input: 0x4d4 ImmSrc: 0 -> ext=0x14 lui=0x5000
PASS | Input: 0x6b ImmSrc: 1 -> ext=0x6b lui=0xac00
PASS | Input: 0xa8b ImmSrc: 0 -> ext=0xb lui=0x2c00
PASS | Input: 0x185 ImmSrc: 0 -> ext=0x5 lui=0x1400
PASS | Input: 0x78e ImmSrc: 0 -> ext=0xe lui=0x3800
PASS | Input: 0x290 ImmSrc: 1 -> ext=0x290 lui=0x4000
PASS | Input: 0x379 ImmSrc: 0 -> ext=0xfff9 lui=0xe400
PASS | Input: 0x264 ImmSrc: 1 -> ext=0x264 lui=0x9000
PASS | Input: 0xb55 ImmSrc: 0 -> ext=0x15 lui=0x5400
PASS | Input: 0xfef ImmSrc: 0 -> ext=0xffef lui=0xbc00
PASS | Input: 0xcb3 ImmSrc: 1 -> ext=0xfcb3 lui=0xcc00
PASS | Input: 0x98 ImmSrc: 0 -> ext=0x18 lui=0x6000
PASS | Input: 0x35d ImmSrc: 1 -> ext=0x35d lui=0x7400
PASS | Input: 0x437 ImmSrc: 0 -> ext=0xfff7 lui=0xdc00
PASS | Input: 0x8fa ImmSrc: 0 -> ext=0xfffa lui=0xe800
PASS | Input: 0x9b6 ImmSrc: 1 -> ext=0xf9b6 lui=0xd800
PASS | Input: 0xd78 ImmSrc: 0 -> ext=0xfff8 lui=0xe000
PASS | Input: 0x8fe ImmSrc: 1 -> ext=0xf8fe lui=0xf800
PASS | Input: 0x89b ImmSrc: 0 -> ext=0x1b lui=0x6c00
PASS | Input: 0xc40 ImmSrc: 1 -> ext=0xfc40 lui=0x0
PASS | Input: 0xa84 ImmSrc: 0 -> ext=0x4 lui=0x1000
PASS | Input: 0x42d ImmSrc: 1 -> ext=0x42d lui=0xb400
PASS | Input: 0xc8c ImmSrc: 0 -> ext=0xc lui=0x3000
PASS | Input: 0xc46 ImmSrc: 0 -> ext=0x6 lui=0x1800
PASS | Input: 0xb42 ImmSrc: 0 -> ext=0x2 lui=0x800
PASS | Input: 0xdc9 ImmSrc: 1 -> ext=0xfdc9 lui=0x2400
PASS | Input: 0x3f4 ImmSrc: 0 -> ext=0xfff4 lui=0xd000
PASS | Input: 0x75f ImmSrc: 0 -> ext=0x1f lui=0x7c00
PASS | Input: 0xf86 ImmSrc: 0 -> ext=0x6 lui=0x1800
PASS | Input: 0x11f ImmSrc: 1 -> ext=0x11f lui=0x7c00
PASS | Input: 0xa09 ImmSrc: 1 -> ext=0xfa09 lui=0x2400
PASS | Input: 0xa00 ImmSrc: 1 -> ext=0xfa00 lui=0x0
PASS | Input: 0x5cb ImmSrc: 0 -> ext=0xb lui=0x2c00
PASS | Input: 0xf4e ImmSrc: 0 -> ext=0xe lui=0x3800
PASS | Input: 0x858 ImmSrc: 1 -> ext=0xf858 lui=0x6000
PASS | Input: 0xa3e ImmSrc: 0 -> ext=0xfffe lui=0xf800
PASS | Input: 0xf27 ImmSrc: 1 -> ext=0xff27 lui=0x9c00
PASS | Input: 0x935 ImmSrc: 1 -> ext=0xf935 lui=0xd400
PASS | Input: 0x764 ImmSrc: 0 -> ext=0xffe4 lui=0x9000
PASS | Input: 0x5e3 ImmSrc: 0 -> ext=0xffe3 lui=0x8c00
PASS | Input: 0xb9c ImmSrc: 0 -> ext=0x1c lui=0x7000
PASS | Input: 0xcb9 ImmSrc: 0 -> ext=0xfff9 lui=0xe400
PASS | Input: 0x9ac ImmSrc: 1 -> ext=0xf9ac lui=0xb000
PASS | Input: 0xbeb ImmSrc: 0 -> ext=0xffeb lui=0xac00
PASS | Input: 0xacc ImmSrc: 1 -> ext=0xfacc lui=0x3000
PASS | Input: 0xd76 ImmSrc: 1 -> ext=0xfd76 lui=0xd800
PASS | Input: 0xf0a ImmSrc: 1 -> ext=0xff0a lui=0x2800
PASS | Input: 0xd62 ImmSrc: 1 -> ext=0xfd62 lui=0x8800
PASS | Input: 0xd0e ImmSrc: 0 -> ext=0xe lui=0x3800
PASS | Input: 0x6c4 ImmSrc: 1 -> ext=0x6c4 lui=0x1000
PASS | Input: 0x67d ImmSrc: 0 -> ext=0xfffd lui=0xf400
PASS | Input: 0x99a ImmSrc: 0 -> ext=0x1a lui=0x6800
PASS | Input: 0x2dd ImmSrc: 1 -> ext=0x2dd lui=0x7400
PASS | Input: 0xd26 ImmSrc: 1 -> ext=0xfd26 lui=0x9800
PASS | Input: 0x42 ImmSrc: 1 -> ext=0x42 lui=0x800
PASS | Input: 0xfc9 ImmSrc: 1 -> ext=0xffc9 lui=0x2400
PASS | Input: 0xcad ImmSrc: 0 -> ext=0xffed lui=0xb400
PASS | Input: 0xd14 ImmSrc: 0 -> ext=0x14 lui=0x5000
PASS | Input: 0xe62 ImmSrc: 1 -> ext=0xfe62 lui=0x8800
PASS | Input: 0x4 ImmSrc: 1 -> ext=0x4 lui=0x1000
PASS | Input: 0x721 ImmSrc: 1 -> ext=0x721 lui=0x8400
PASS | Input: 0x725 ImmSrc: 0 -> ext=0xffe5 lui=0x9400
PASS | Input: 0x18c ImmSrc: 1 -> ext=0x18c lui=0x3000
PASS | Input: 0xd98 ImmSrc: 0 -> ext=0x18 lui=0x6000
PASS | Input: 0x798 ImmSrc: 1 -> ext=0x798 lui=0x6000
PASS | Input: 0xf9d ImmSrc: 1 -> ext=0xff9d lui=0x7400
PASS | Input: 0x45d ImmSrc: 1 -> ext=0x45d lui=0x7400
PASS | Input: 0x4c7 ImmSrc: 1 -> ext=0x4c7 lui=0x1c00
PASS | Input: 0x724 ImmSrc: 0 -> ext=0xffe4 lui=0x9000
PASS | Input: 0xf54 ImmSrc: 1 -> ext=0xff54 lui=0x5000
PASS | Input: 0xb01 ImmSrc: 0 -> ext=0x1 lui=0x400
PASS | Input: 0x9e3 ImmSrc: 1 -> ext=0xf9e3 lui=0x8c00
PASS | Input: 0xddc ImmSrc: 0 -> ext=0x1c lui=0x7000
PASS | Input: 0xa03 ImmSrc: 1 -> ext=0xfa03 lui=0xc00
PASS | Input: 0x537 ImmSrc: 1 -> ext=0x537 lui=0xdc00
PASS | Input: 0x7c8 ImmSrc: 0 -> ext=0x8 lui=0x2000
PASS | Input: 0x48f ImmSrc: 0 -> ext=0xf lui=0x3c00
PASS | Input: 0x3ef ImmSrc: 0 -> ext=0xffef lui=0xbc00
PASS | Input: 0x2b3 ImmSrc: 0 -> ext=0xfff3 lui=0xcc00
PASS | Input: 0xfb6 ImmSrc: 1 -> ext=0xffb6 lui=0xd800
PASS | Input: 0xed9 ImmSrc: 1 -> ext=0xfed9 lui=0x6400
PASS | Input: 0x4f4 ImmSrc: 0 -> ext=0xfff4 lui=0xd000
PASS | Input: 0x3e3 ImmSrc: 0 -> ext=0xffe3 lui=0x8c00
PASS | Input: 0x28f ImmSrc: 1 -> ext=0x28f lui=0x3c00
PASS | Input: 0xd92 ImmSrc: 0 -> ext=0x12 lui=0x4800
PASS | Input: 0x2ef ImmSrc: 0 -> ext=0xffef lui=0xbc00
PASS | Input: 0x710 ImmSrc: 0 -> ext=0x10 lui=0x4000
PASS | Input: 0x171 ImmSrc: 1 -> ext=0x171 lui=0xc400
PASS | Input: 0xda3 ImmSrc: 0 -> ext=0xffe3 lui=0x8c00
PASS | Input: 0xb8c ImmSrc: 1 -> ext=0xfb8c lui=0x3000
PASS | Input: 0xde0 ImmSrc: 1 -> ext=0xfde0 lui=0x8000
PASS | Input: 0xbad ImmSrc: 1 -> ext=0xfbad lui=0xb400
PASS | Input: 0x139 ImmSrc: 1 -> ext=0x139 lui=0xe400
PASS | Input: 0xf6c ImmSrc: 0 -> ext=0xffec lui=0xb000
PASS | Input: 0x53c ImmSrc: 1 -> ext=0x53c lui=0xf000
PASS | Input: 0x29 ImmSrc: 1 -> ext=0x29 lui=0xa400
PASS | Input: 0x75b ImmSrc: 1 -> ext=0x75b lui=0x6c00
PASS | Input: 0xcb6 ImmSrc: 0 -> ext=0xfff6 lui=0xd800
PASS | Input: 0x193 ImmSrc: 0 -> ext=0x13 lui=0x4c00
PASS | Input: 0x16 ImmSrc: 0 -> ext=0x16 lui=0x5800
PASS | Input: 0x1d6 ImmSrc: 0 -> ext=0x16 lui=0x5800
PASS | Input: 0x6fb ImmSrc: 1 -> ext=0x6fb lui=0xec00
PASS | Input: 0x179 ImmSrc: 0 -> ext=0xfff9 lui=0xe400
PASS | Input: 0xb0b ImmSrc: 0 -> ext=0xb lui=0x2c00
PASS | Input: 0xd96 ImmSrc: 0 -> ext=0x16 lui=0x5800
PASS | Input: 0xa89 ImmSrc: 0 -> ext=0x9 lui=0x2400
PASS | Input: 0x2ad ImmSrc: 1 -> ext=0x2ad lui=0xb400
PASS | Input: 0x83 ImmSrc: 0 -> ext=0x3 lui=0xc00
PASS | Input: 0xd59 ImmSrc: 1 -> ext=0xfd59 lui=0x6400
PASS | Input: 0xb0f ImmSrc: 0 -> ext=0xf lui=0x3c00
PASS | Input: 0x77e ImmSrc: 0 -> ext=0xfffe lui=0xf800
PASS | Input: 0xb7 ImmSrc: 1 -> ext=0xb7 lui=0xdc00
PASS | Input: 0xebc ImmSrc: 0 -> ext=0xfffc lui=0xf000
PASS | Input: 0x5ab ImmSrc: 0 -> ext=0xffeb lui=0xac00
PASS | Input: 0xe88 ImmSrc: 1 -> ext=0xfe88 lui=0x2000
PASS | Input: 0xcd5 ImmSrc: 1 -> ext=0xfcd5 lui=0x5400
PASS | Input: 0x5b5 ImmSrc: 1 -> ext=0x5b5 lui=0xd400
PASS | Input: 0x857 ImmSrc: 1 -> ext=0xf857 lui=0x5c00
PASS | Input: 0xadd ImmSrc: 0 -> ext=0x1d lui=0x7400
PASS | Input: 0x4a3 ImmSrc: 1 -> ext=0x4a3 lui=0x8c00
PASS | Input: 0xc63 ImmSrc: 1 -> ext=0xfc63 lui=0x8c00
PASS | Input: 0xaaf ImmSrc: 1 -> ext=0xfaaf lui=0xbc00
PASS | Input: 0x886 ImmSrc: 1 -> ext=0xf886 lui=0x1800
PASS | Input: 0x771 ImmSrc: 1 -> ext=0x771 lui=0xc400
PASS | Input: 0x940 ImmSrc: 1 -> ext=0xf940 lui=0x0
PASS | Input: 0x421 ImmSrc: 1 -> ext=0x421 lui=0x8400
PASS | Input: 0xb63 ImmSrc: 0 -> ext=0xffe3 lui=0x8c00
PASS | Input: 0x27b ImmSrc: 0 -> ext=0xfffb lui=0xec00
PASS | Input: 0x7b6 ImmSrc: 0 -> ext=0xfff6 lui=0xd800
PASS | Input: 0xb75 ImmSrc: 0 -> ext=0xfff5 lui=0xd400
PASS | Input: 0xe74 ImmSrc: 1 -> ext=0xfe74 lui=0xd000
PASS | Input: 0xaa0 ImmSrc: 0 -> ext=0xffe0 lui=0x8000
PASS | Input: 0x90f ImmSrc: 0 -> ext=0xf lui=0x3c00
PASS | Input: 0xdb8 ImmSrc: 0 -> ext=0xfff8 lui=0xe000
PASS | Input: 0x576 ImmSrc: 0 -> ext=0xfff6 lui=0xd800
PASS | Input: 0xd80 ImmSrc: 1 -> ext=0xfd80 lui=0x0
PASS | Input: 0xfce ImmSrc: 0 -> ext=0xe lui=0x3800
PASS | Input: 0x889 ImmSrc: 1 -> ext=0xf889 lui=0x2400
PASS | Input: 0xee9 ImmSrc: 0 -> ext=0xffe9 lui=0xa400
PASS | Input: 0xbf4 ImmSrc: 0 -> ext=0xfff4 lui=0xd000
PASS | Input: 0x55a ImmSrc: 1 -> ext=0x55a lui=0x6800
PASS | Input: 0x1c4 ImmSrc: 0 -> ext=0x4 lui=0x1000
PASS | Input: 0xc73 ImmSrc: 1 -> ext=0xfc73 lui=0xcc00
PASS | Input: 0x5ea ImmSrc: 0 -> ext=0xffea lui=0xa800
PASS | Input: 0x17 ImmSrc: 1 -> ext=0x17 lui=0x5c00
PASS | Input: 0x289 ImmSrc: 0 -> ext=0x9 lui=0x2400
PASS | Input: 0xda4 ImmSrc: 0 -> ext=0xffe4 lui=0x9000
PASS | Input: 0x9a1 ImmSrc: 1 -> ext=0xf9a1 lui=0x8400
PASS | Input: 0xdd9 ImmSrc: 1 -> ext=0xfdd9 lui=0x6400
PASS | Input: 0x1ab ImmSrc: 0 -> ext=0xffeb lui=0xac00
PASS | Input: 0xf14 ImmSrc: 0 -> ext=0x14 lui=0x5000
PASS | Input: 0x644 ImmSrc: 0 -> ext=0x4 lui=0x1000
PASS | Input: 0xeb1 ImmSrc: 0 -> ext=0xfff1 lui=0xc400
PASS | Input: 0x97b ImmSrc: 1 -> ext=0xf97b lui=0xec00
PASS | Input: 0x5ee ImmSrc: 1 -> ext=0x5ee lui=0xb800
PASS | Input: 0x1e3 ImmSrc: 1 -> ext=0x1e3 lui=0x8c00
PASS | Input: 0x227 ImmSrc: 1 -> ext=0x227 lui=0x9c00
PASS | Input: 0xcf1 ImmSrc: 0 -> ext=0xfff1 lui=0xc400
PASS | Input: 0xfca ImmSrc: 1 -> ext=0xffca lui=0x2800
PASS | Input: 0x4d1 ImmSrc: 1 -> ext=0x4d1 lui=0x4400
PASS | Input: 0x8ca ImmSrc: 1 -> ext=0xf8ca lui=0x2800
PASS | Input: 0xa38 ImmSrc: 0 -> ext=0xfff8 lui=0xe000
PASS | Input: 0xafa ImmSrc: 1 -> ext=0xfafa lui=0xe800
PASS | Input: 0x45b ImmSrc: 0 -> ext=0x1b lui=0x6c00
PASS | Input: 0x221 ImmSrc: 1 -> ext=0x221 lui=0x8400
PASS | Input: 0x297 ImmSrc: 1 -> ext=0x297 lui=0x5c00
PASS | Input: 0xb21 ImmSrc: 0 -> ext=0xffe1 lui=0x8400
PASS | Input: 0xe7 ImmSrc: 1 -> ext=0xe7 lui=0x9c00
PASS | Input: 0xf02 ImmSrc: 1 -> ext=0xff02 lui=0x800
PASS | Input: 0x9c1 ImmSrc: 0 -> ext=0x1 lui=0x400
PASS | Input: 0xc43 ImmSrc: 1 -> ext=0xfc43 lui=0xc00
PASS | Input: 0x76e ImmSrc: 0 -> ext=0xffee lui=0xb800
PASS | Input: 0xe44 ImmSrc: 1 -> ext=0xfe44 lui=0x1000
PASS | Input: 0x67b ImmSrc: 0 -> ext=0xfffb lui=0xec00
PASS | Input: 0x1e ImmSrc: 0 -> ext=0x1e lui=0x7800
PASS | Input: 0x655 ImmSrc: 0 -> ext=0x15 lui=0x5400
PASS | Input: 0x1cd ImmSrc: 1 -> ext=0x1cd lui=0x3400
PASS | Input: 0xa9 ImmSrc: 0 -> ext=0xffe9 lui=0xa400
PASS | Input: 0x9f1 ImmSrc: 0 -> ext=0xfff1 lui=0xc400
PASS | Input: 0x3a8 ImmSrc: 0 -> ext=0xffe8 lui=0xa000
PASS | Input: 0x60e ImmSrc: 1 -> ext=0x60e lui=0x3800
PASS | Input: 0x6b9 ImmSrc: 0 -> ext=0xfff9 lui=0xe400
PASS | Input: 0x49f ImmSrc: 0 -> ext=0x1f lui=0x7c00
PASS | Input: 0x8bb ImmSrc: 1 -> ext=0xf8bb lui=0xec00
PASS | Input: 0xfce ImmSrc: 1 -> ext=0xffce lui=0x3800
PASS | Input: 0x66e ImmSrc: 1 -> ext=0x66e lui=0xb800
PASS | Input: 0x331 ImmSrc: 1 -> ext=0x331 lui=0xc400
PASS | Input: 0xb1b ImmSrc: 0 -> ext=0x1b lui=0x6c00
PASS | Input: 0xa60 ImmSrc: 1 -> ext=0xfa60 lui=0x8000
PASS | Input: 0x30b ImmSrc: 1 -> ext=0x30b lui=0x2c00
PASS | Input: 0x3bb ImmSrc: 0 -> ext=0xfffb lui=0xec00
PASS | Input: 0x8f2 ImmSrc: 1 -> ext=0xf8f2 lui=0xc800
PASS | Input: 0x839 ImmSrc: 1 -> ext=0xf839 lui=0xe400
PASS | Input: 0x8dc ImmSrc: 0 -> ext=0x1c lui=0x7000
PASS | Input: 0x69d ImmSrc: 1 -> ext=0x69d lui=0x7400
PASS | Input: 0xbc ImmSrc: 1 -> ext=0xbc lui=0xf000
PASS | Input: 0xbdd ImmSrc: 0 -> ext=0x1d lui=0x7400
PASS | Input: 0xa27 ImmSrc: 1 -> ext=0xfa27 lui=0x9c00
PASS | Input: 0xe25 ImmSrc: 1 -> ext=0xfe25 lui=0x9400
PASS | Input: 0x267 ImmSrc: 1 -> ext=0x267 lui=0x9c00
PASS | Input: 0xf37 ImmSrc: 1 -> ext=0xff37 lui=0xdc00
PASS | Input: 0x76e ImmSrc: 0 -> ext=0xffee lui=0xb800
PASS | Input: 0x896 ImmSrc: 1 -> ext=0xf896 lui=0x5800
PASS | Input: 0x1c8 ImmSrc: 0 -> ext=0x8 lui=0x2000
PASS | Input: 0x748 ImmSrc: 1 -> ext=0x748 lui=0x2000
PASS | Input: 0xf22 ImmSrc: 1 -> ext=0xff22 lui=0x8800
PASS | Input: 0x687 ImmSrc: 1 -> ext=0x687 lui=0x1c00
PASS | Input: 0xa7d ImmSrc: 0 -> ext=0xfffd lui=0xf400
PASS | Input: 0x3e ImmSrc: 1 -> ext=0x3e lui=0xf800
PASS | Input: 0xaa ImmSrc: 1 -> ext=0xaa lui=0xa800
PASS | Input: 0x7a8 ImmSrc: 1 -> ext=0x7a8 lui=0xa000
PASS | Input: 0xd21 ImmSrc: 0 -> ext=0xffe1 lui=0x8400
PASS | Input: 0xfe6 ImmSrc: 0 -> ext=0xffe6 lui=0x9800
PASS | Input: 0xcce ImmSrc: 0 -> ext=0xe lui=0x3800
PASS | Input: 0x9e6 ImmSrc: 0 -> ext=0xffe6 lui=0x9800
PASS | Input: 0xdec ImmSrc: 1 -> ext=0xfdec lui=0xb000
PASS | Input: 0xe7a ImmSrc: 0 -> ext=0xfffa lui=0xe800
PASS | Input: 0x784 ImmSrc: 1 -> ext=0x784 lui=0x1000
PASS | Input: 0xee9 ImmSrc: 0 -> ext=0xffe9 lui=0xa400
PASS | Input: 0x6ad ImmSrc: 1 -> ext=0x6ad lui=0xb400
PASS | Input: 0x3dd ImmSrc: 0 -> ext=0x1d lui=0x7400
PASS | Input: 0x91a ImmSrc: 1 -> ext=0xf91a lui=0x6800
PASS | Input: 0x9ff ImmSrc: 1 -> ext=0xf9ff lui=0xfc00
PASS | Input: 0xa23 ImmSrc: 0 -> ext=0xffe3 lui=0x8c00
PASS | Input: 0xb25 ImmSrc: 1 -> ext=0xfb25 lui=0x9400
PASS | Input: 0x6c0 ImmSrc: 0 -> ext=0x0 lui=0x0
PASS | Input: 0x457 ImmSrc: 0 -> ext=0x17 lui=0x5c00
PASS | Input: 0xab9 ImmSrc: 0 -> ext=0xfff9 lui=0xe400
PASS | Input: 0x295 ImmSrc: 1 -> ext=0x295 lui=0x5400
PASS | Input: 0x74 ImmSrc: 0 -> ext=0xfff4 lui=0xd000
PASS | Input: 0x3aa ImmSrc: 1 -> ext=0x3aa lui=0xa800
PASS | Input: 0x6a4 ImmSrc: 1 -> ext=0x6a4 lui=0x9000
PASS | Input: 0x1ec ImmSrc: 0 -> ext=0xffec lui=0xb000
PASS | Input: 0x44d ImmSrc: 0 -> ext=0xd lui=0x3400
PASS | Input: 0x53a ImmSrc: 0 -> ext=0xfffa lui=0xe800
PASS | Input: 0xb57 ImmSrc: 1 -> ext=0xfb57 lui=0x5c00
PASS | Input: 0xf18 ImmSrc: 1 -> ext=0xff18 lui=0x6000
PASS | Input: 0x526 ImmSrc: 1 -> ext=0x526 lui=0x9800
PASS | Input: 0xb38 ImmSrc: 0 -> ext=0xfff8 lui=0xe000
PASS | Input: 0xc68 ImmSrc: 0 -> ext=0xffe8 lui=0xa000
PASS | Input: 0x34d ImmSrc: 0 -> ext=0xd lui=0x3400
PASS | Input: 0xea8 ImmSrc: 1 -> ext=0xfea8 lui=0xa000
PASS | Input: 0x284 ImmSrc: 1 -> ext=0x284 lui=0x1000
PASS | Input: 0x9c0 ImmSrc: 1 -> ext=0xf9c0 lui=0x0
PASS | Input: 0x872 ImmSrc: 0 -> ext=0xfff2 lui=0xc800
PASS | Input: 0x4b8 ImmSrc: 1 -> ext=0x4b8 lui=0xe000
PASS | Input: 0xcd3 ImmSrc: 0 -> ext=0x13 lui=0x4c00
PASS | Input: 0xf3e ImmSrc: 0 -> ext=0xfffe lui=0xf800
PASS | Input: 0xf8 ImmSrc: 1 -> ext=0xf8 lui=0xe000
PASS | Input: 0x43c ImmSrc: 1 -> ext=0x43c lui=0xf000
PASS | Input: 0xd30 ImmSrc: 1 -> ext=0xfd30 lui=0xc000
PASS | Input: 0x1af ImmSrc: 0 -> ext=0xffef lui=0xbc00
PASS | Input: 0xc0e ImmSrc: 1 -> ext=0xfc0e lui=0x3800
PASS | Input: 0x14e ImmSrc: 0 -> ext=0xe lui=0x3800
PASS | Input: 0xcdf ImmSrc: 1 -> ext=0xfcdf lui=0x7c00
PASS | Input: 0xf29 ImmSrc: 1 -> ext=0xff29 lui=0xa400
PASS | Input: 0xa2f ImmSrc: 1 -> ext=0xfa2f lui=0xbc00
PASS | Input: 0x6c1 ImmSrc: 1 -> ext=0x6c1 lui=0x400
PASS | Input: 0xa2 ImmSrc: 1 -> ext=0xa2 lui=0x8800
PASS | Input: 0x6c7 ImmSrc: 1 -> ext=0x6c7 lui=0x1c00
PASS | Input: 0xc1a ImmSrc: 1 -> ext=0xfc1a lui=0x6800
PASS | Input: 0x90d ImmSrc: 0 -> ext=0xd lui=0x3400
PASS | Input: 0x85a ImmSrc: 1 -> ext=0xf85a lui=0x6800
PASS | Input: 0x9c3 ImmSrc: 1 -> ext=0xf9c3 lui=0xc00
PASS | Input: 0x23 ImmSrc: 1 -> ext=0x23 lui=0x8c00
PASS | Input: 0x49d ImmSrc: 0 -> ext=0x1d lui=0x7400
PASS | Input: 0x30a ImmSrc: 0 -> ext=0xa lui=0x2800
PASS | Input: 0x7f1 ImmSrc: 1 -> ext=0x7f1 lui=0xc400
PASS | Input: 0x9e6 ImmSrc: 0 -> ext=0xffe6 lui=0x9800
PASS | Input: 0xb75 ImmSrc: 1 -> ext=0xfb75 lui=0xd400
PASS | Input: 0xf3a ImmSrc: 1 -> ext=0xff3a lui=0xe800
PASS | Input: 0xf9b ImmSrc: 0 -> ext=0x1b lui=0x6c00
PASS | Input: 0x25a ImmSrc: 0 -> ext=0x1a lui=0x6800
PASS | Input: 0xe42 ImmSrc: 0 -> ext=0x2 lui=0x800
PASS | Input: 0xfbd ImmSrc: 0 -> ext=0xfffd lui=0xf400
PASS | Input: 0x2bb ImmSrc: 1 -> ext=0x2bb lui=0xec00
PASS | Input: 0x44 ImmSrc: 1 -> ext=0x44 lui=0x1000
PASS | Input: 0xac3 ImmSrc: 1 -> ext=0xfac3 lui=0xc00
PASS | Input: 0x2d0 ImmSrc: 0 -> ext=0x10 lui=0x4000
PASS | Input: 0x395 ImmSrc: 0 -> ext=0x15 lui=0x5400
PASS | Input: 0x109 ImmSrc: 1 -> ext=0x109 lui=0x2400
PASS | Input: 0x393 ImmSrc: 0 -> ext=0x13 lui=0x4c00
PASS | Input: 0x99e ImmSrc: 1 -> ext=0xf99e lui=0x7800
PASS | Input: 0xcb6 ImmSrc: 1 -> ext=0xfcb6 lui=0xd800
PASS | Input: 0x5e5 ImmSrc: 0 -> ext=0xffe5 lui=0x9400
PASS | Input: 0x754 ImmSrc: 0 -> ext=0x14 lui=0x5000
PASS | Input: 0x26 ImmSrc: 1 -> ext=0x26 lui=0x9800
PASS | Input: 0x4b ImmSrc: 0 -> ext=0xb lui=0x2c00
PASS | Input: 0xb78 ImmSrc: 0 -> ext=0xfff8 lui=0xe000
PASS | Input: 0x53c ImmSrc: 1 -> ext=0x53c lui=0xf000
PASS | Input: 0xf78 ImmSrc: 1 -> ext=0xff78 lui=0xe000
PASS | Input: 0xdc ImmSrc: 1 -> ext=0xdc lui=0x7000
PASS | Input: 0x5bd ImmSrc: 0 -> ext=0xfffd lui=0xf400
PASS | Input: 0xeff ImmSrc: 1 -> ext=0xfeff lui=0xfc00
PASS | Input: 0xc5e ImmSrc: 1 -> ext=0xfc5e lui=0x7800
PASS | Input: 0xb6b ImmSrc: 1 -> ext=0xfb6b lui=0xac00
PASS | Input: 0x5e ImmSrc: 1 -> ext=0x5e lui=0x7800
PASS | Input: 0x21a ImmSrc: 0 -> ext=0x1a lui=0x6800
PASS | Input: 0xe5e ImmSrc: 1 -> ext=0xfe5e lui=0x7800
PASS | Input: 0xeb ImmSrc: 1 -> ext=0xeb lui=0xac00
PASS | Input: 0x163 ImmSrc: 0 -> ext=0xffe3 lui=0x8c00
PASS | Input: 0x27c ImmSrc: 0 -> ext=0xfffc lui=0xf000
PASS | Input: 0x517 ImmSrc: 0 -> ext=0x17 lui=0x5c00
PASS | Input: 0x31c ImmSrc: 1 -> ext=0x31c lui=0x7000
PASS | Input: 0x248 ImmSrc: 1 -> ext=0x248 lui=0x2000
PASS | Input: 0xc95 ImmSrc: 0 -> ext=0x15 lui=0x5400

=== SUMMARY ===
Passed: 10000
Failed: 0
