=== MEMORY UNIT TEST REPORT ===
PASS | IMEM Read -> 0x636c
PASS | DMEM Read Disabled -> 0x0
PASS | IMEM Read -> 0xa738
PASS | DMEM Read Disabled -> 0x0
PASS | IMEM Read -> 0xcbf1
PASS | DMEM Read Disabled -> 0x0
PASS | IMEM Read -> 0x2999
PASS | DMEM Read Disabled -> 0x0
PASS | IMEM Read -> 0x386b
PASS | DMEM Read Disabled -> 0x0
PASS | IMEM Read -> 0x4391
PASS | DMEM Read Disabled -> 0x0
PASS | IMEM Read -> 0x2ea6
PASS | DMEM Read Disabled -> 0x0
PASS | IMEM Read -> 0xa55c
PASS | DMEM Read Disabled -> 0x0
PASS | IMEM Read -> 0x1c3c
PASS | DMEM Read Disabled -> 0x0
PASS | IMEM Read -> 0x9767
PASS | DMEM Read Disabled -> 0x0
PASS | IMEM Read -> 0xcbf1
PASS | DMEM Read Disabled -> 0x0
PASS | IMEM Read -> 0x3d3
PASS | DMEM Read -> 0xxxxx
PASS | IMEM Read -> 0xdd2b
PASS | DMEM Read Disabled -> 0x0
PASS | IMEM Read -> 0xd8a8
PASS | DMEM Read Disabled -> 0x0
PASS | IMEM Read -> 0x651d
PASS | DMEM Read Disabled -> 0x0
PASS | IMEM Read -> 0x2e70
PASS | DMEM Read -> 0xxxxx
PASS | IMEM Read -> 0x6126
PASS | DMEM Read Disabled -> 0x0
PASS | IMEM Read -> 0x2f16
PASS | DMEM Read Disabled -> 0x0
PASS | IMEM Read -> 0xabcd
PASS | DMEM Read Disabled -> 0x0
PASS | IMEM Read -> 0x63f9
PASS | DMEM Read -> 0xxxxx
PASS | IMEM Read -> 0x1913
PASS | DMEM Read Disabled -> 0x0
PASS | IMEM Read -> 0x57aa
PASS | DMEM Read Disabled -> 0x0
PASS | IMEM Read -> 0x5a76
PASS | DMEM Read -> 0xxxxx
PASS | IMEM Read -> 0x89c2
PASS | DMEM Read Disabled -> 0x0
PASS | IMEM Read -> 0x6e2a
PASS | DMEM Read Disabled -> 0x0
PASS | IMEM Read -> 0x63f9
PASS | DMEM Read Disabled -> 0x0
PASS | IMEM Read -> 0x9d
PASS | DMEM Read Disabled -> 0x0
PASS | IMEM Read -> 0x37d
PASS | DMEM Read Disabled -> 0x0
PASS | IMEM Read -> 0xdf0f
PASS | DMEM Read -> 0xxxxx
PASS | IMEM Read -> 0x59e7
PASS | DMEM Read -> 0xxxxx
PASS | IMEM Read -> 0x5d0c
PASS | DMEM Read Disabled -> 0x0
PASS | IMEM Read -> 0xc0a0
PASS | DMEM Read Disabled -> 0x0
PASS | IMEM Read -> 0x59e7
PASS | DMEM Read Disabled -> 0x0
PASS | IMEM Read -> 0x5160
PASS | DMEM Read Disabled -> 0x0
PASS | IMEM Read -> 0x94e5
PASS | DMEM Read -> 0xxxxx
PASS | IMEM Read -> 0x61cd
PASS | DMEM Read -> 0xxxxx
PASS | IMEM Read -> 0x173e
PASS | DMEM Read Disabled -> 0x0
PASS | IMEM Read -> 0x438b
PASS | DMEM Read -> 0xxxxx
PASS | IMEM Read -> 0xc0a0
PASS | DMEM Read -> 0xxxxx
PASS | IMEM Read -> 0x651d
PASS | DMEM Read -> 0xxxxx
PASS | IMEM Read -> 0x901a
PASS | DMEM Read Disabled -> 0x0
PASS | IMEM Read -> 0x97ed
PASS | DMEM Read Disabled -> 0x0
PASS | IMEM Read -> 0x4e73
PASS | DMEM Read Disabled -> 0x0
PASS | IMEM Read -> 0xb43f
PASS | DMEM Read Disabled -> 0x0
PASS | IMEM Read -> 0xd47c
PASS | DMEM Read -> 0xxxxx
PASS | IMEM Read -> 0xb69e
PASS | DMEM Read Disabled -> 0x0
PASS | IMEM Read -> 0x7a48
PASS | DMEM Read Disabled -> 0x0
PASS | IMEM Read -> 0x7a48
PASS | DMEM Read -> 0xxxxx
PASS | IMEM Read -> 0x2885
PASS | DMEM Read -> 0xxxxx
PASS | IMEM Read -> 0xe96d
PASS | DMEM Read Disabled -> 0x0
PASS | IMEM Read -> 0x901a
PASS | DMEM Read Disabled -> 0x0
PASS | IMEM Read -> 0x5a76
PASS | DMEM Read Disabled -> 0x0
PASS | IMEM Read -> 0x42ee
PASS | DMEM Read Disabled -> 0x0
PASS | IMEM Read -> 0xdf5b
PASS | DMEM Read Disabled -> 0x0
PASS | IMEM Read -> 0xabcd
PASS | DMEM Read Disabled -> 0x0
PASS | IMEM Read -> 0xd8a8
PASS | DMEM Read Disabled -> 0x0
PASS | IMEM Read -> 0x2bca
PASS | DMEM Read -> 0xxxxx
PASS | IMEM Read -> 0x9278
PASS | DMEM Read Disabled -> 0x0
PASS | IMEM Read -> 0xef4
PASS | DMEM Read Disabled -> 0x0
PASS | IMEM Read -> 0x9c8c
PASS | DMEM Read Disabled -> 0x0
PASS | IMEM Read -> 0xbb95
PASS | DMEM Read Disabled -> 0x0
PASS | IMEM Read -> 0x390f
PASS | DMEM Read Disabled -> 0x0
PASS | IMEM Read -> 0x698f
PASS | DMEM Read -> 0xxxxx
PASS | IMEM Read -> 0xc6d2
PASS | DMEM Read Disabled -> 0x0
PASS | IMEM Read -> 0x3423
PASS | DMEM Read -> 0xxxxx
PASS | IMEM Read -> 0x9ea3
PASS | DMEM Read Disabled -> 0x0
PASS | IMEM Read -> 0xb097
PASS | DMEM Read -> 0x481a
PASS | IMEM Read -> 0x53f6
PASS | DMEM Read Disabled -> 0x0
PASS | IMEM Read -> 0x6126
PASS | DMEM Read Disabled -> 0x0
PASS | IMEM Read -> 0x4794
PASS | DMEM Read Disabled -> 0x0
PASS | IMEM Read -> 0x700e
PASS | DMEM Read Disabled -> 0x0
PASS | IMEM Read -> 0xb69e
PASS | DMEM Read -> 0xxxxx
PASS | IMEM Read -> 0xb746
PASS | DMEM Read Disabled -> 0x0
PASS | IMEM Read -> 0x65ca
PASS | DMEM Read Disabled -> 0x0
PASS | IMEM Read -> 0x77a7
PASS | DMEM Read Disabled -> 0x0
PASS | IMEM Read -> 0xf33
PASS | DMEM Read -> 0xxxxx
PASS | IMEM Read -> 0x7f3d
PASS | DMEM Read -> 0xxxxx
PASS | IMEM Read -> 0x6e2a
PASS | DMEM Read -> 0xxxxx
PASS | IMEM Read -> 0x386b
PASS | DMEM Read Disabled -> 0x0
PASS | IMEM Read -> 0x1c45
PASS | DMEM Read Disabled -> 0x0
PASS | IMEM Read -> 0x386b
PASS | DMEM Read Disabled -> 0x0
PASS | IMEM Read -> 0xb815
PASS | DMEM Read Disabled -> 0x0
PASS | IMEM Read -> 0x38bf
PASS | DMEM Read Disabled -> 0x0
PASS | IMEM Read -> 0x6da5
PASS | DMEM Read Disabled -> 0x0
PASS | IMEM Read -> 0x4fc8
PASS | DMEM Read -> 0x5152
PASS | IMEM Read -> 0xffea
PASS | DMEM Read Disabled -> 0x0
PASS | IMEM Read -> 0x676d
PASS | DMEM Read Disabled -> 0x0
PASS | IMEM Read -> 0xf8b3
PASS | DMEM Read -> 0xxxxx
PASS | IMEM Read -> 0x525b
PASS | DMEM Read Disabled -> 0x0
PASS | IMEM Read -> 0xb32f
PASS | DMEM Read Disabled -> 0x0
PASS | IMEM Read -> 0x8599
PASS | DMEM Read Disabled -> 0x0
PASS | IMEM Read -> 0x676d
PASS | DMEM Read -> 0x5152
PASS | IMEM Read -> 0x386b
PASS | DMEM Read -> 0xxxxx
PASS | IMEM Read -> 0x636c
PASS | DMEM Read Disabled -> 0x0
PASS | IMEM Read -> 0xc1c3
PASS | DMEM Read Disabled -> 0x0
PASS | IMEM Read -> 0x292
PASS | DMEM Read -> 0xxxxx
PASS | IMEM Read -> 0xe89
PASS | DMEM Read -> 0xxxxx
PASS | IMEM Read -> 0xdd2b
PASS | DMEM Read Disabled -> 0x0
PASS | IMEM Read -> 0xb815
PASS | DMEM Read -> 0xxxxx
PASS | IMEM Read -> 0x3e2
PASS | DMEM Read Disabled -> 0x0
PASS | IMEM Read -> 0x737e
PASS | DMEM Read Disabled -> 0x0
PASS | IMEM Read -> 0x3423
PASS | DMEM Read Disabled -> 0x0
PASS | IMEM Read -> 0xa262
PASS | DMEM Read Disabled -> 0x0
PASS | IMEM Read -> 0xc47
PASS | DMEM Read Disabled -> 0x0
PASS | IMEM Read -> 0xe75b
PASS | DMEM Read Disabled -> 0x0
PASS | IMEM Read -> 0x80ed
PASS | DMEM Read Disabled -> 0x0
PASS | IMEM Read -> 0xe213
PASS | DMEM Read Disabled -> 0x0
PASS | IMEM Read -> 0x3e2
PASS | DMEM Read -> 0xxxxx
PASS | IMEM Read -> 0x2e70
PASS | DMEM Read Disabled -> 0x0
PASS | IMEM Read -> 0x6f20
PASS | DMEM Read Disabled -> 0x0
PASS | IMEM Read -> 0x59f3
PASS | DMEM Read Disabled -> 0x0
PASS | IMEM Read -> 0xc40a
PASS | DMEM Read -> 0xxxxx
PASS | IMEM Read -> 0x7c6d
PASS | DMEM Read -> 0xxxxx
PASS | IMEM Read -> 0x5b80
PASS | DMEM Read Disabled -> 0x0
PASS | IMEM Read -> 0xc440
PASS | DMEM Read Disabled -> 0x0
PASS | IMEM Read -> 0xfab
PASS | DMEM Read Disabled -> 0x0
PASS | IMEM Read -> 0x57aa
PASS | DMEM Read Disabled -> 0x0
PASS | IMEM Read -> 0x4601
PASS | DMEM Read Disabled -> 0x0
PASS | IMEM Read -> 0x17db
PASS | DMEM Read Disabled -> 0x0
PASS | IMEM Read -> 0x477c
PASS | DMEM Read Disabled -> 0x0
PASS | IMEM Read -> 0xdf5b
PASS | DMEM Read Disabled -> 0x0
PASS | IMEM Read -> 0x79f7
PASS | DMEM Read Disabled -> 0x0
PASS | IMEM Read -> 0x47aa
PASS | DMEM Read Disabled -> 0x0
PASS | IMEM Read -> 0x53f6
PASS | DMEM Read Disabled -> 0x0
PASS | IMEM Read -> 0x8e3
PASS | DMEM Read Disabled -> 0x0
PASS | IMEM Read -> 0x2515
PASS | DMEM Read -> 0xxxxx
PASS | IMEM Read -> 0x4e73
PASS | DMEM Read Disabled -> 0x0
PASS | IMEM Read -> 0x100c
PASS | DMEM Read Disabled -> 0x0
PASS | IMEM Read -> 0x91f7
PASS | DMEM Read -> 0xxxxx
PASS | IMEM Read -> 0xc440
PASS | DMEM Read Disabled -> 0x0
PASS | IMEM Read -> 0x12b3
PASS | DMEM Read -> 0xxxxx
PASS | IMEM Read -> 0xb69e
PASS | DMEM Read Disabled -> 0x0
PASS | IMEM Read -> 0xc47
PASS | DMEM Read -> 0xxxxx
PASS | IMEM Read -> 0x5a76
PASS | DMEM Read Disabled -> 0x0
PASS | IMEM Read -> 0xc40a
PASS | DMEM Read -> 0x1cfa
PASS | IMEM Read -> 0x2c36
PASS | DMEM Read -> 0xxxxx
PASS | IMEM Read -> 0x1c3c
PASS | DMEM Read Disabled -> 0x0
PASS | IMEM Read -> 0xa323
PASS | DMEM Read Disabled -> 0x0
PASS | IMEM Read -> 0xee77
PASS | DMEM Read -> 0xc46c
PASS | IMEM Read -> 0x1bba
PASS | DMEM Read -> 0xxxxx
PASS | IMEM Read -> 0xb4ca
PASS | DMEM Read -> 0xxxxx
PASS | IMEM Read -> 0xabcd
PASS | DMEM Read Disabled -> 0x0
PASS | IMEM Read -> 0x9c8c
PASS | DMEM Read Disabled -> 0x0
PASS | IMEM Read -> 0x18b7
PASS | DMEM Read -> 0xxxxx
PASS | IMEM Read -> 0x265e
PASS | DMEM Read Disabled -> 0x0
PASS | IMEM Read -> 0x39d1
PASS | DMEM Read -> 0xxxxx
PASS | IMEM Read -> 0xe338
PASS | DMEM Read Disabled -> 0x0
PASS | IMEM Read -> 0xca9
PASS | DMEM Read Disabled -> 0x0
PASS | IMEM Read -> 0x6e2a
PASS | DMEM Read Disabled -> 0x0
PASS | IMEM Read -> 0xe469
PASS | DMEM Read Disabled -> 0x0
PASS | IMEM Read -> 0x5e1a
PASS | DMEM Read Disabled -> 0x0
PASS | IMEM Read -> 0x3d3
PASS | DMEM Read Disabled -> 0x0
PASS | IMEM Read -> 0x2c36
PASS | DMEM Read -> 0xxxxx
PASS | IMEM Read -> 0x242
PASS | DMEM Read -> 0xxxxx
PASS | IMEM Read -> 0x1913
PASS | DMEM Read Disabled -> 0x0
PASS | IMEM Read -> 0x6c02
PASS | DMEM Read -> 0xxxxx
PASS | IMEM Read -> 0x7774
PASS | DMEM Read Disabled -> 0x0
PASS | IMEM Read -> 0x2cc8
PASS | DMEM Read Disabled -> 0x0
PASS | IMEM Read -> 0xa8e8
PASS | DMEM Read -> 0xxxxx
PASS | IMEM Read -> 0xc40a
PASS | DMEM Read -> 0xxxxx
PASS | IMEM Read -> 0x2cad
PASS | DMEM Read -> 0xxxxx
PASS | IMEM Read -> 0x9c8c
PASS | DMEM Read -> 0x6a19
PASS | IMEM Read -> 0x9007
PASS | DMEM Read -> 0xxxxx
PASS | IMEM Read -> 0xb815
PASS | DMEM Read Disabled -> 0x0
PASS | IMEM Read -> 0x901a
PASS | DMEM Read -> 0x6a19
PASS | IMEM Read -> 0x91b
PASS | DMEM Read -> 0xxxxx
PASS | IMEM Read -> 0x5a4a
PASS | DMEM Read Disabled -> 0x0
PASS | IMEM Read -> 0x9ea3
PASS | DMEM Read Disabled -> 0x0
PASS | IMEM Read -> 0xbda7
PASS | DMEM Read Disabled -> 0x0
PASS | IMEM Read -> 0x7068
PASS | DMEM Read Disabled -> 0x0
PASS | IMEM Read -> 0xcc49
PASS | DMEM Read -> 0xxxxx
PASS | IMEM Read -> 0x2bca
PASS | DMEM Read -> 0xxxxx
PASS | IMEM Read -> 0xb8f2
PASS | DMEM Read Disabled -> 0x0
PASS | IMEM Read -> 0xe969
PASS | DMEM Read Disabled -> 0x0
PASS | IMEM Read -> 0xa323
PASS | DMEM Read Disabled -> 0x0
PASS | IMEM Read -> 0x2999
PASS | DMEM Read Disabled -> 0x0
PASS | IMEM Read -> 0x2e70
PASS | DMEM Read Disabled -> 0x0
PASS | IMEM Read -> 0x5d47
PASS | DMEM Read Disabled -> 0x0
PASS | IMEM Read -> 0xdf5b
PASS | DMEM Read -> 0xxxxx
PASS | IMEM Read -> 0x4156
PASS | DMEM Read -> 0xxxxx
PASS | IMEM Read -> 0x9bfb
PASS | DMEM Read Disabled -> 0x0
PASS | IMEM Read -> 0x494f
PASS | DMEM Read Disabled -> 0x0
PASS | IMEM Read -> 0x8a2b
PASS | DMEM Read Disabled -> 0x0
PASS | IMEM Read -> 0x698f
PASS | DMEM Read Disabled -> 0x0
PASS | IMEM Read -> 0x891
PASS | DMEM Read Disabled -> 0x0
PASS | IMEM Read -> 0xdab4
PASS | DMEM Read Disabled -> 0x0
PASS | IMEM Read -> 0x5e66
PASS | DMEM Read -> 0x192f
PASS | IMEM Read -> 0x63f9
PASS | DMEM Read -> 0x39d
PASS | IMEM Read -> 0x2abe
PASS | DMEM Read Disabled -> 0x0
PASS | IMEM Read -> 0x66bc
PASS | DMEM Read Disabled -> 0x0
PASS | IMEM Read -> 0xfa76
PASS | DMEM Read Disabled -> 0x0
PASS | IMEM Read -> 0xee77
PASS | DMEM Read Disabled -> 0x0
PASS | IMEM Read -> 0x5e66
PASS | DMEM Read Disabled -> 0x0
PASS | IMEM Read -> 0x852a
PASS | DMEM Read -> 0xxxxx
PASS | IMEM Read -> 0x6da5
PASS | DMEM Read -> 0xxxxx
PASS | IMEM Read -> 0xb4ca
PASS | DMEM Read Disabled -> 0x0
PASS | IMEM Read -> 0x34bb
PASS | DMEM Read -> 0x2f12
PASS | IMEM Read -> 0xa22d
PASS | DMEM Read Disabled -> 0x0
PASS | IMEM Read -> 0xebf8
PASS | DMEM Read Disabled -> 0x0
PASS | IMEM Read -> 0x9c8c
PASS | DMEM Read Disabled -> 0x0
PASS | IMEM Read -> 0x4601
PASS | DMEM Read Disabled -> 0x0
PASS | IMEM Read -> 0x2999
PASS | DMEM Read Disabled -> 0x0
PASS | IMEM Read -> 0x8341
PASS | DMEM Read Disabled -> 0x0
PASS | IMEM Read -> 0x3c68
PASS | DMEM Read Disabled -> 0x0
PASS | IMEM Read -> 0xee77
PASS | DMEM Read -> 0x4a07
PASS | IMEM Read -> 0x91f7
PASS | DMEM Read Disabled -> 0x0
PASS | IMEM Read -> 0xf810
PASS | DMEM Read -> 0xcbb6
PASS | IMEM Read -> 0x9537
PASS | DMEM Read -> 0xxxxx
PASS | IMEM Read -> 0xdab4
PASS | DMEM Read Disabled -> 0x0
PASS | IMEM Read -> 0xce65
PASS | DMEM Read Disabled -> 0x0
PASS | IMEM Read -> 0x57aa
PASS | DMEM Read Disabled -> 0x0
PASS | IMEM Read -> 0x5bfc
PASS | DMEM Read -> 0xxxxx
PASS | IMEM Read -> 0x1c3c
PASS | DMEM Read Disabled -> 0x0
PASS | IMEM Read -> 0x6da5
PASS | DMEM Read Disabled -> 0x0
PASS | IMEM Read -> 0x4499
PASS | DMEM Read Disabled -> 0x0
PASS | IMEM Read -> 0x2c36
PASS | DMEM Read Disabled -> 0x0
PASS | IMEM Read -> 0x901d
PASS | DMEM Read -> 0xxxxx
PASS | IMEM Read -> 0x6e2a
PASS | DMEM Read Disabled -> 0x0
PASS | IMEM Read -> 0x99f
PASS | DMEM Read Disabled -> 0x0
PASS | IMEM Read -> 0x808f
PASS | DMEM Read -> 0x5152
PASS | IMEM Read -> 0x9026
PASS | DMEM Read -> 0xxxxx
PASS | IMEM Read -> 0xb505
PASS | DMEM Read Disabled -> 0x0
PASS | IMEM Read -> 0xfa76
PASS | DMEM Read -> 0xxxxx
PASS | IMEM Read -> 0xef8f
PASS | DMEM Read Disabled -> 0x0
PASS | IMEM Read -> 0x65ca
PASS | DMEM Read Disabled -> 0x0
PASS | IMEM Read -> 0x5d6d
PASS | DMEM Read Disabled -> 0x0
PASS | IMEM Read -> 0xe842
PASS | DMEM Read -> 0xxxxx
PASS | IMEM Read -> 0x12b3
PASS | DMEM Read -> 0xxxxx
PASS | IMEM Read -> 0xd334
PASS | DMEM Read Disabled -> 0x0
PASS | IMEM Read -> 0xf98d
PASS | DMEM Read -> 0xxxxx
PASS | IMEM Read -> 0x9ea3
PASS | DMEM Read -> 0x4186
PASS | IMEM Read -> 0x4391
PASS | DMEM Read Disabled -> 0x0
PASS | IMEM Read -> 0x31ce
PASS | DMEM Read Disabled -> 0x0
PASS | IMEM Read -> 0x5a0a
PASS | DMEM Read Disabled -> 0x0
PASS | IMEM Read -> 0xb097
PASS | DMEM Read -> 0xxxxx
PASS | IMEM Read -> 0x7cbc
PASS | DMEM Read Disabled -> 0x0
PASS | IMEM Read -> 0x7cbc
PASS | DMEM Read Disabled -> 0x0
PASS | IMEM Read -> 0xdf5b
PASS | DMEM Read -> 0xxxxx
PASS | IMEM Read -> 0x9537
PASS | DMEM Read Disabled -> 0x0
PASS | IMEM Read -> 0xb4ca
PASS | DMEM Read Disabled -> 0x0
PASS | IMEM Read -> 0x7068
PASS | DMEM Read Disabled -> 0x0
PASS | IMEM Read -> 0x7cbc
PASS | DMEM Read Disabled -> 0x0
PASS | IMEM Read -> 0x66bc
PASS | DMEM Read -> 0x6573
PASS | IMEM Read -> 0x65ca
PASS | DMEM Read Disabled -> 0x0
PASS | IMEM Read -> 0x273a
PASS | DMEM Read -> 0xxxxx
PASS | IMEM Read -> 0x7cbc
PASS | DMEM Read Disabled -> 0x0
PASS | IMEM Read -> 0xa22d
PASS | DMEM Read Disabled -> 0x0
PASS | IMEM Read -> 0xee77
PASS | DMEM Read Disabled -> 0x0
PASS | IMEM Read -> 0x96ec
PASS | DMEM Read -> 0xxxxx
PASS | IMEM Read -> 0xcebf
PASS | DMEM Read Disabled -> 0x0
PASS | IMEM Read -> 0xbf0f
PASS | DMEM Read Disabled -> 0x0
PASS | IMEM Read -> 0xdab4
PASS | DMEM Read Disabled -> 0x0
PASS | IMEM Read -> 0xd321
PASS | DMEM Read Disabled -> 0x0
PASS | IMEM Read -> 0x9278
PASS | DMEM Read Disabled -> 0x0
PASS | IMEM Read -> 0xe213
PASS | DMEM Read Disabled -> 0x0
PASS | IMEM Read -> 0x737e
PASS | DMEM Read Disabled -> 0x0
PASS | IMEM Read -> 0xa55c
PASS | DMEM Read -> 0xxxxx
PASS | IMEM Read -> 0xdf0f
PASS | DMEM Read -> 0x6442
PASS | IMEM Read -> 0x698f
PASS | DMEM Read Disabled -> 0x0
PASS | IMEM Read -> 0x2515
PASS | DMEM Read Disabled -> 0x0
PASS | IMEM Read -> 0xf810
PASS | DMEM Read Disabled -> 0x0
PASS | IMEM Read -> 0x5b80
PASS | DMEM Read -> 0xxxxx
PASS | IMEM Read -> 0x6126
PASS | DMEM Read -> 0xxxxx
PASS | IMEM Read -> 0xb4ca
PASS | DMEM Read Disabled -> 0x0
PASS | IMEM Read -> 0xb43f
PASS | DMEM Read Disabled -> 0x0
PASS | IMEM Read -> 0x676d
PASS | DMEM Read Disabled -> 0x0
PASS | IMEM Read -> 0xdd2b
PASS | DMEM Read Disabled -> 0x0
PASS | IMEM Read -> 0x9026
PASS | DMEM Read Disabled -> 0x0
PASS | IMEM Read -> 0x3a12
PASS | DMEM Read Disabled -> 0x0
PASS | IMEM Read -> 0x2515
PASS | DMEM Read -> 0x481a
PASS | IMEM Read -> 0x848c
PASS | DMEM Read Disabled -> 0x0
PASS | IMEM Read -> 0x6da5
PASS | DMEM Read Disabled -> 0x0
PASS | IMEM Read -> 0x34bb
PASS | DMEM Read -> 0xxxxx
PASS | IMEM Read -> 0x242
PASS | DMEM Read -> 0xxxxx
PASS | IMEM Read -> 0x7cbc
PASS | DMEM Read -> 0xxxxx
PASS | IMEM Read -> 0xc40a
PASS | DMEM Read -> 0xxxxx
PASS | IMEM Read -> 0x60db
PASS | DMEM Read Disabled -> 0x0
PASS | IMEM Read -> 0x5e66
PASS | DMEM Read Disabled -> 0x0
PASS | IMEM Read -> 0x1b56
PASS | DMEM Read Disabled -> 0x0
PASS | IMEM Read -> 0x3a12
PASS | DMEM Read Disabled -> 0x0
PASS | IMEM Read -> 0x97ed
PASS | DMEM Read Disabled -> 0x0
PASS | IMEM Read -> 0x2e45
PASS | DMEM Read Disabled -> 0x0
PASS | IMEM Read -> 0xc440
PASS | DMEM Read Disabled -> 0x0
PASS | IMEM Read -> 0x6c02
PASS | DMEM Read Disabled -> 0x0
PASS | IMEM Read -> 0x8e1f
PASS | DMEM Read Disabled -> 0x0
PASS | IMEM Read -> 0x8e1f
PASS | DMEM Read Disabled -> 0x0
PASS | IMEM Read -> 0xce65
PASS | DMEM Read -> 0x5152
PASS | IMEM Read -> 0x9c8c
PASS | DMEM Read Disabled -> 0x0
PASS | IMEM Read -> 0x5636
PASS | DMEM Read Disabled -> 0x0
PASS | IMEM Read -> 0xe469
PASS | DMEM Read Disabled -> 0x0
PASS | IMEM Read -> 0xc5b9
PASS | DMEM Read Disabled -> 0x0
PASS | IMEM Read -> 0xc5b9
PASS | DMEM Read Disabled -> 0x0
PASS | IMEM Read -> 0x6d
PASS | DMEM Read Disabled -> 0x0
PASS | IMEM Read -> 0xd40c
PASS | DMEM Read -> 0xxxxx
PASS | IMEM Read -> 0x2f16
PASS | DMEM Read Disabled -> 0x0
PASS | IMEM Read -> 0xe213
PASS | DMEM Read Disabled -> 0x0
PASS | IMEM Read -> 0x265e
PASS | DMEM Read Disabled -> 0x0
PASS | IMEM Read -> 0x8a2b
PASS | DMEM Read Disabled -> 0x0
PASS | IMEM Read -> 0x1b56
PASS | DMEM Read Disabled -> 0x0
PASS | IMEM Read -> 0x8b9a
PASS | DMEM Read Disabled -> 0x0
PASS | IMEM Read -> 0x66bc
PASS | DMEM Read Disabled -> 0x0
PASS | IMEM Read -> 0xf33
PASS | DMEM Read -> 0xxxxx
PASS | IMEM Read -> 0xabcd
PASS | DMEM Read Disabled -> 0x0
PASS | IMEM Read -> 0xed88
PASS | DMEM Read Disabled -> 0x0
PASS | IMEM Read -> 0x242
PASS | DMEM Read -> 0x5579
PASS | IMEM Read -> 0x96be
PASS | DMEM Read Disabled -> 0x0
PASS | IMEM Read -> 0x97ed
PASS | DMEM Read -> 0xxxxx
PASS | IMEM Read -> 0x292
PASS | DMEM Read Disabled -> 0x0
PASS | IMEM Read -> 0x66bc
PASS | DMEM Read Disabled -> 0x0
PASS | IMEM Read -> 0x2e70
PASS | DMEM Read Disabled -> 0x0
PASS | IMEM Read -> 0x748a
PASS | DMEM Read -> 0xxxxx
PASS | IMEM Read -> 0xf33
PASS | DMEM Read Disabled -> 0x0
PASS | IMEM Read -> 0xc606
PASS | DMEM Read -> 0xxxxx
PASS | IMEM Read -> 0xcb2c
PASS | DMEM Read Disabled -> 0x0
PASS | IMEM Read -> 0xdf0f
PASS | DMEM Read Disabled -> 0x0
PASS | IMEM Read -> 0x91f7
PASS | DMEM Read Disabled -> 0x0
PASS | IMEM Read -> 0xb4ca
PASS | DMEM Read Disabled -> 0x0
PASS | IMEM Read -> 0xcebf
PASS | DMEM Read Disabled -> 0x0
PASS | IMEM Read -> 0x273a
PASS | DMEM Read Disabled -> 0x0
PASS | IMEM Read -> 0x335
PASS | DMEM Read Disabled -> 0x0
PASS | IMEM Read -> 0x96be
PASS | DMEM Read Disabled -> 0x0
PASS | IMEM Read -> 0x89c2
PASS | DMEM Read Disabled -> 0x0
PASS | IMEM Read -> 0x808f
PASS | DMEM Read Disabled -> 0x0
PASS | IMEM Read -> 0xe47f
PASS | DMEM Read Disabled -> 0x0
PASS | IMEM Read -> 0x3e2
PASS | DMEM Read Disabled -> 0x0
PASS | IMEM Read -> 0x5e1a
PASS | DMEM Read -> 0x7de8
PASS | IMEM Read -> 0x2b2c
PASS | DMEM Read Disabled -> 0x0
PASS | IMEM Read -> 0x852a
PASS | DMEM Read -> 0xxxxx
PASS | IMEM Read -> 0x989c
PASS | DMEM Read Disabled -> 0x0
PASS | IMEM Read -> 0x748a
PASS | DMEM Read Disabled -> 0x0
PASS | IMEM Read -> 0x2ea6
PASS | DMEM Read -> 0xxxxx
PASS | IMEM Read -> 0x4340
PASS | DMEM Read Disabled -> 0x0
PASS | IMEM Read -> 0x2ea6
PASS | DMEM Read Disabled -> 0x0
PASS | IMEM Read -> 0xe441
PASS | DMEM Read Disabled -> 0x0
PASS | IMEM Read -> 0x748a
PASS | DMEM Read -> 0x5913
PASS | IMEM Read -> 0xa323
PASS | DMEM Read Disabled -> 0x0
PASS | IMEM Read -> 0xb1b8
PASS | DMEM Read Disabled -> 0x0
PASS | IMEM Read -> 0x7068
PASS | DMEM Read Disabled -> 0x0
PASS | IMEM Read -> 0xfa76
PASS | DMEM Read -> 0xxxxx
PASS | IMEM Read -> 0x2999
PASS | DMEM Read -> 0x5152
PASS | IMEM Read -> 0x2ea6
PASS | DMEM Read Disabled -> 0x0
PASS | IMEM Read -> 0x1a67
PASS | DMEM Read Disabled -> 0x0
PASS | IMEM Read -> 0x9c8c
PASS | DMEM Read -> 0xxxxx
PASS | IMEM Read -> 0x6c02
PASS | DMEM Read -> 0xxxxx
PASS | IMEM Read -> 0x5d0c
PASS | DMEM Read Disabled -> 0x0
PASS | IMEM Read -> 0x7cbc
PASS | DMEM Read Disabled -> 0x0
PASS | IMEM Read -> 0x63f9
PASS | DMEM Read Disabled -> 0x0
PASS | IMEM Read -> 0x24b8
PASS | DMEM Read Disabled -> 0x0
PASS | IMEM Read -> 0x25f6
PASS | DMEM Read Disabled -> 0x0
PASS | IMEM Read -> 0x525b
PASS | DMEM Read Disabled -> 0x0
PASS | IMEM Read -> 0x5bfc
PASS | DMEM Read -> 0xc2bf
PASS | IMEM Read -> 0x5942
PASS | DMEM Read -> 0xb49b
PASS | IMEM Read -> 0x7c6d
PASS | DMEM Read Disabled -> 0x0
PASS | IMEM Read -> 0xa262
PASS | DMEM Read Disabled -> 0x0
PASS | IMEM Read -> 0x2ae3
PASS | DMEM Read -> 0xb368
PASS | IMEM Read -> 0xb43f
PASS | DMEM Read -> 0xb3d3
PASS | IMEM Read -> 0x77a7
PASS | DMEM Read -> 0xxxxx
PASS | IMEM Read -> 0xc440
PASS | DMEM Read Disabled -> 0x0
PASS | IMEM Read -> 0x63f9
PASS | DMEM Read Disabled -> 0x0
PASS | IMEM Read -> 0xcbf1
PASS | DMEM Read -> 0xxxxx
PASS | IMEM Read -> 0xfe9d
PASS | DMEM Read -> 0x2d3c
PASS | IMEM Read -> 0x3c68
PASS | DMEM Read -> 0xxxxx
PASS | IMEM Read -> 0x1c4c
PASS | DMEM Read -> 0xxxxx
PASS | IMEM Read -> 0x1c45
PASS | DMEM Read -> 0x3a6a
PASS | IMEM Read -> 0x2b2c
PASS | DMEM Read Disabled -> 0x0
PASS | IMEM Read -> 0x1c45
PASS | DMEM Read Disabled -> 0x0
PASS | IMEM Read -> 0x4e73
PASS | DMEM Read -> 0xxxxx
PASS | IMEM Read -> 0x1924
PASS | DMEM Read Disabled -> 0x0
PASS | IMEM Read -> 0x2e45
PASS | DMEM Read -> 0xa0bc
PASS | IMEM Read -> 0x80ed
PASS | DMEM Read -> 0x7bc3
PASS | IMEM Read -> 0x7774
PASS | DMEM Read Disabled -> 0x0
PASS | IMEM Read -> 0x568c
PASS | DMEM Read Disabled -> 0x0
PASS | IMEM Read -> 0x636c
PASS | DMEM Read -> 0xbe4e
PASS | IMEM Read -> 0x2ae3
PASS | DMEM Read -> 0xbb4b
PASS | IMEM Read -> 0x29eb
PASS | DMEM Read -> 0xxxxx
PASS | IMEM Read -> 0xe89
PASS | DMEM Read Disabled -> 0x0
PASS | IMEM Read -> 0xa54c
PASS | DMEM Read Disabled -> 0x0
PASS | IMEM Read -> 0x5bfc
PASS | DMEM Read Disabled -> 0x0
PASS | IMEM Read -> 0xe89
PASS | DMEM Read Disabled -> 0x0
PASS | IMEM Read -> 0x1b56
PASS | DMEM Read Disabled -> 0x0
PASS | IMEM Read -> 0x92a3
PASS | DMEM Read Disabled -> 0x0
PASS | IMEM Read -> 0x1a67
PASS | DMEM Read -> 0x2f12
PASS | IMEM Read -> 0x9537
PASS | DMEM Read Disabled -> 0x0
PASS | IMEM Read -> 0x61cd
PASS | DMEM Read Disabled -> 0x0
PASS | IMEM Read -> 0x2515
PASS | DMEM Read -> 0xxxxx
PASS | IMEM Read -> 0x42d4
PASS | DMEM Read -> 0xxxxx
PASS | IMEM Read -> 0x4daf
PASS | DMEM Read -> 0xxxxx
PASS | IMEM Read -> 0x2abe
PASS | DMEM Read Disabled -> 0x0
PASS | IMEM Read -> 0x386b
PASS | DMEM Read Disabled -> 0x0
PASS | IMEM Read -> 0x94e5
PASS | DMEM Read Disabled -> 0x0
PASS | IMEM Read -> 0x91b
PASS | DMEM Read -> 0x6a19
PASS | IMEM Read -> 0xe624
PASS | DMEM Read -> 0xa525
PASS | IMEM Read -> 0x5d0c
PASS | DMEM Read Disabled -> 0x0
PASS | IMEM Read -> 0x4daf
PASS | DMEM Read Disabled -> 0x0
PASS | IMEM Read -> 0xc1c3
PASS | DMEM Read Disabled -> 0x0
PASS | IMEM Read -> 0xe969
PASS | DMEM Read Disabled -> 0x0
PASS | IMEM Read -> 0x3c68
PASS | DMEM Read -> 0xxxxx
PASS | IMEM Read -> 0xe47f
PASS | DMEM Read -> 0xxxxx
PASS | IMEM Read -> 0x292
PASS | DMEM Read -> 0xxxxx
PASS | IMEM Read -> 0x9026
PASS | DMEM Read -> 0xxxxx
PASS | IMEM Read -> 0x3e2
PASS | DMEM Read Disabled -> 0x0
PASS | IMEM Read -> 0x25f6
PASS | DMEM Read -> 0xxxxx
PASS | IMEM Read -> 0x273a
PASS | DMEM Read Disabled -> 0x0
PASS | IMEM Read -> 0x100c
PASS | DMEM Read Disabled -> 0x0
PASS | IMEM Read -> 0x60db
PASS | DMEM Read Disabled -> 0x0
PASS | IMEM Read -> 0x5e66
PASS | DMEM Read Disabled -> 0x0
PASS | IMEM Read -> 0x9026
PASS | DMEM Read Disabled -> 0x0
PASS | IMEM Read -> 0x53f6
PASS | DMEM Read -> 0xxxxx
PASS | IMEM Read -> 0x5a76
PASS | DMEM Read Disabled -> 0x0
PASS | IMEM Read -> 0x1913
PASS | DMEM Read Disabled -> 0x0
PASS | IMEM Read -> 0xb815
PASS | DMEM Read Disabled -> 0x0
PASS | IMEM Read -> 0x651d
PASS | DMEM Read Disabled -> 0x0
PASS | IMEM Read -> 0x901a
PASS | DMEM Read -> 0xxxxx
PASS | IMEM Read -> 0x494f
PASS | DMEM Read Disabled -> 0x0
PASS | IMEM Read -> 0x1ec1
PASS | DMEM Read -> 0xxxxx
PASS | IMEM Read -> 0xc0a0
PASS | DMEM Read -> 0x2256
PASS | IMEM Read -> 0x292
PASS | DMEM Read Disabled -> 0x0
PASS | IMEM Read -> 0x173e
PASS | DMEM Read -> 0xxxxx
PASS | IMEM Read -> 0x4d4f
PASS | DMEM Read Disabled -> 0x0
PASS | IMEM Read -> 0x34bb
PASS | DMEM Read Disabled -> 0x0
PASS | IMEM Read -> 0xbe50
PASS | DMEM Read Disabled -> 0x0
PASS | IMEM Read -> 0xffea
PASS | DMEM Read Disabled -> 0x0
PASS | IMEM Read -> 0xc606
PASS | DMEM Read Disabled -> 0x0
PASS | IMEM Read -> 0x5160
PASS | DMEM Read Disabled -> 0x0
PASS | IMEM Read -> 0x5d0c
PASS | DMEM Read Disabled -> 0x0
PASS | IMEM Read -> 0xdab4
PASS | DMEM Read Disabled -> 0x0
PASS | IMEM Read -> 0x9d
PASS | DMEM Read Disabled -> 0x0
PASS | IMEM Read -> 0x9ea3
PASS | DMEM Read Disabled -> 0x0
PASS | IMEM Read -> 0x1b56
PASS | DMEM Read Disabled -> 0x0
PASS | IMEM Read -> 0x494f
PASS | DMEM Read Disabled -> 0x0
PASS | IMEM Read -> 0x9767
PASS | DMEM Read Disabled -> 0x0
PASS | IMEM Read -> 0x7068
PASS | DMEM Read Disabled -> 0x0
PASS | IMEM Read -> 0x2cad
PASS | DMEM Read -> 0xb059
PASS | IMEM Read -> 0xa323
PASS | DMEM Read -> 0xxxxx
PASS | IMEM Read -> 0xce65
PASS | DMEM Read Disabled -> 0x0
PASS | IMEM Read -> 0xee77
PASS | DMEM Read -> 0xbc1a
PASS | IMEM Read -> 0x4391
PASS | DMEM Read -> 0xxxxx
PASS | IMEM Read -> 0xffea
PASS | DMEM Read -> 0xb49b
PASS | IMEM Read -> 0x60db
PASS | DMEM Read -> 0x749e
PASS | IMEM Read -> 0x12b3
PASS | DMEM Read Disabled -> 0x0
PASS | IMEM Read -> 0x5160
PASS | DMEM Read -> 0x1cfa
PASS | IMEM Read -> 0x9007
PASS | DMEM Read -> 0xxxxx
PASS | IMEM Read -> 0xad9
PASS | DMEM Read Disabled -> 0x0
PASS | IMEM Read -> 0x2515
PASS | DMEM Read Disabled -> 0x0
PASS | IMEM Read -> 0x7c6d
PASS | DMEM Read -> 0xxxxx
PASS | IMEM Read -> 0xe338
PASS | DMEM Read -> 0xaa0b
PASS | IMEM Read -> 0xd8a8
PASS | DMEM Read Disabled -> 0x0
PASS | IMEM Read -> 0x9547
PASS | DMEM Read Disabled -> 0x0
PASS | IMEM Read -> 0x79f7
PASS | DMEM Read Disabled -> 0x0
PASS | IMEM Read -> 0x7cbc
PASS | DMEM Read Disabled -> 0x0
PASS | IMEM Read -> 0x477c
PASS | DMEM Read Disabled -> 0x0
PASS | IMEM Read -> 0x4daf
PASS | DMEM Read -> 0xxxxx
PASS | IMEM Read -> 0x2bca
PASS | DMEM Read Disabled -> 0x0
PASS | IMEM Read -> 0x1b56
PASS | DMEM Read Disabled -> 0x0
PASS | IMEM Read -> 0x1913
PASS | DMEM Read Disabled -> 0x0
PASS | IMEM Read -> 0x64d
PASS | DMEM Read -> 0xxxxx
PASS | IMEM Read -> 0x5a4a
PASS | DMEM Read Disabled -> 0x0
PASS | IMEM Read -> 0x31ce
PASS | DMEM Read Disabled -> 0x0
PASS | IMEM Read -> 0xf774
PASS | DMEM Read Disabled -> 0x0
PASS | IMEM Read -> 0xe89
PASS | DMEM Read Disabled -> 0x0
PASS | IMEM Read -> 0x33fd
PASS | DMEM Read -> 0xxxxx
PASS | IMEM Read -> 0xd70
PASS | DMEM Read Disabled -> 0x0
PASS | IMEM Read -> 0x4fc8
PASS | DMEM Read Disabled -> 0x0
PASS | IMEM Read -> 0x4d4f
PASS | DMEM Read Disabled -> 0x0
PASS | IMEM Read -> 0x1a67
PASS | DMEM Read Disabled -> 0x0
PASS | IMEM Read -> 0x17db
PASS | DMEM Read -> 0xfc5f
PASS | IMEM Read -> 0x9bfb
PASS | DMEM Read Disabled -> 0x0
PASS | IMEM Read -> 0x39d1
PASS | DMEM Read Disabled -> 0x0
PASS | IMEM Read -> 0x42d4
PASS | DMEM Read -> 0xxxxx
PASS | IMEM Read -> 0xd70
PASS | DMEM Read -> 0xbe09
PASS | IMEM Read -> 0x390f
PASS | DMEM Read Disabled -> 0x0
PASS | IMEM Read -> 0x8599
PASS | DMEM Read Disabled -> 0x0
PASS | IMEM Read -> 0xe47f
PASS | DMEM Read Disabled -> 0x0
PASS | IMEM Read -> 0x245d
PASS | DMEM Read Disabled -> 0x0
PASS | IMEM Read -> 0xc40a
PASS | DMEM Read Disabled -> 0x0
PASS | IMEM Read -> 0x698f
PASS | DMEM Read Disabled -> 0x0
PASS | IMEM Read -> 0xf023
PASS | DMEM Read -> 0x7bc3
PASS | IMEM Read -> 0xabcd
PASS | DMEM Read -> 0xxxxx
PASS | IMEM Read -> 0x8f67
PASS | DMEM Read Disabled -> 0x0
PASS | IMEM Read -> 0x37d
PASS | DMEM Read Disabled -> 0x0
PASS | IMEM Read -> 0x80ac
PASS | DMEM Read Disabled -> 0x0
PASS | IMEM Read -> 0x3c72
PASS | DMEM Read Disabled -> 0x0
PASS | IMEM Read -> 0x2885
PASS | DMEM Read Disabled -> 0x0
PASS | IMEM Read -> 0xf98d
PASS | DMEM Read Disabled -> 0x0
PASS | IMEM Read -> 0x265e
PASS | DMEM Read -> 0xxxxx
PASS | IMEM Read -> 0xb297
PASS | DMEM Read Disabled -> 0x0
PASS | IMEM Read -> 0x33fd
PASS | DMEM Read Disabled -> 0x0
PASS | IMEM Read -> 0x901d
PASS | DMEM Read -> 0xxxxx
PASS | IMEM Read -> 0x92a3
PASS | DMEM Read Disabled -> 0x0
PASS | IMEM Read -> 0xb32f
PASS | DMEM Read Disabled -> 0x0
PASS | IMEM Read -> 0xe96d
PASS | DMEM Read Disabled -> 0x0
PASS | IMEM Read -> 0x6f20
PASS | DMEM Read Disabled -> 0x0
PASS | IMEM Read -> 0xef8f
PASS | DMEM Read -> 0xxxxx
PASS | IMEM Read -> 0x5a0a
PASS | DMEM Read Disabled -> 0x0
PASS | IMEM Read -> 0x8e1f
PASS | DMEM Read -> 0xf23
PASS | IMEM Read -> 0xca4e
PASS | DMEM Read Disabled -> 0x0
PASS | IMEM Read -> 0x5a0a
PASS | DMEM Read Disabled -> 0x0
PASS | IMEM Read -> 0x60db
PASS | DMEM Read -> 0xxxxx
PASS | IMEM Read -> 0x2c36
PASS | DMEM Read Disabled -> 0x0
PASS | IMEM Read -> 0x92a3
PASS | DMEM Read Disabled -> 0x0
PASS | IMEM Read -> 0xc440
PASS | DMEM Read -> 0xxxxx
PASS | IMEM Read -> 0x651d
PASS | DMEM Read -> 0xxxxx
PASS | IMEM Read -> 0x848c
PASS | DMEM Read -> 0xbe4e
PASS | IMEM Read -> 0xc5
PASS | DMEM Read -> 0xxxxx
PASS | IMEM Read -> 0xe969
PASS | DMEM Read -> 0xxxxx
PASS | IMEM Read -> 0x24b8
PASS | DMEM Read -> 0xxxxx
PASS | IMEM Read -> 0x1c3c
PASS | DMEM Read Disabled -> 0x0
PASS | IMEM Read -> 0x59e7
PASS | DMEM Read Disabled -> 0x0
PASS | IMEM Read -> 0x3c68
PASS | DMEM Read Disabled -> 0x0
PASS | IMEM Read -> 0x4794
PASS | DMEM Read Disabled -> 0x0
PASS | IMEM Read -> 0x53f6
PASS | DMEM Read -> 0xxxxx
PASS | IMEM Read -> 0x2bca
PASS | DMEM Read Disabled -> 0x0
PASS | IMEM Read -> 0xd70
PASS | DMEM Read Disabled -> 0x0
PASS | IMEM Read -> 0xf33
PASS | DMEM Read Disabled -> 0x0
PASS | IMEM Read -> 0x2cc8
PASS | DMEM Read -> 0xxxxx
PASS | IMEM Read -> 0x63f9
PASS | DMEM Read Disabled -> 0x0
PASS | IMEM Read -> 0x4794
PASS | DMEM Read Disabled -> 0x0
PASS | IMEM Read -> 0x494f
PASS | DMEM Read -> 0xxxxx
PASS | IMEM Read -> 0x848c
PASS | DMEM Read Disabled -> 0x0
PASS | IMEM Read -> 0x25f6
PASS | DMEM Read Disabled -> 0x0
PASS | IMEM Read -> 0x5160
PASS | DMEM Read Disabled -> 0x0
PASS | IMEM Read -> 0x2999
PASS | DMEM Read Disabled -> 0x0
PASS | IMEM Read -> 0x1913
PASS | DMEM Read Disabled -> 0x0
PASS | IMEM Read -> 0x1913
PASS | DMEM Read Disabled -> 0x0
PASS | IMEM Read -> 0x7068
PASS | DMEM Read Disabled -> 0x0
PASS | IMEM Read -> 0xd321
PASS | DMEM Read Disabled -> 0x0
PASS | IMEM Read -> 0x1ec1
PASS | DMEM Read Disabled -> 0x0
PASS | IMEM Read -> 0x438b
PASS | DMEM Read Disabled -> 0x0
PASS | IMEM Read -> 0xb8f2
PASS | DMEM Read Disabled -> 0x0
PASS | IMEM Read -> 0x96be
PASS | DMEM Read Disabled -> 0x0
PASS | IMEM Read -> 0xcc49
PASS | DMEM Read Disabled -> 0x0
PASS | IMEM Read -> 0x18b7
PASS | DMEM Read Disabled -> 0x0
PASS | IMEM Read -> 0x374a
PASS | DMEM Read Disabled -> 0x0
PASS | IMEM Read -> 0x335
PASS | DMEM Read Disabled -> 0x0
PASS | IMEM Read -> 0xb746
PASS | DMEM Read Disabled -> 0x0
PASS | IMEM Read -> 0xbda7
PASS | DMEM Read Disabled -> 0x0
PASS | IMEM Read -> 0x25f6
PASS | DMEM Read -> 0x241e
PASS | IMEM Read -> 0xa5fc
PASS | DMEM Read -> 0x75ba
PASS | IMEM Read -> 0x5bfc
PASS | DMEM Read Disabled -> 0x0
PASS | IMEM Read -> 0xf774
PASS | DMEM Read -> 0x1dfe
PASS | IMEM Read -> 0x848c
PASS | DMEM Read Disabled -> 0x0
PASS | IMEM Read -> 0xc40a
PASS | DMEM Read -> 0xxxxx
PASS | IMEM Read -> 0x57aa
PASS | DMEM Read Disabled -> 0x0
PASS | IMEM Read -> 0x7cbc
PASS | DMEM Read -> 0xxxxx
PASS | IMEM Read -> 0x1c3c
PASS | DMEM Read -> 0x39f
PASS | IMEM Read -> 0x61cd
PASS | DMEM Read Disabled -> 0x0
PASS | IMEM Read -> 0xd321
PASS | DMEM Read Disabled -> 0x0
PASS | IMEM Read -> 0x651d
PASS | DMEM Read Disabled -> 0x0
PASS | IMEM Read -> 0x59e7
PASS | DMEM Read Disabled -> 0x0
PASS | IMEM Read -> 0xe853
PASS | DMEM Read -> 0xxxxx
PASS | IMEM Read -> 0x173e
PASS | DMEM Read -> 0xxxxx
PASS | IMEM Read -> 0x568c
PASS | DMEM Read Disabled -> 0x0
PASS | IMEM Read -> 0xa323
PASS | DMEM Read Disabled -> 0x0
PASS | IMEM Read -> 0x510
PASS | DMEM Read Disabled -> 0x0
PASS | IMEM Read -> 0x3d3
PASS | DMEM Read Disabled -> 0x0
PASS | IMEM Read -> 0xe89
PASS | DMEM Read -> 0xxxxx
PASS | IMEM Read -> 0x8f67
PASS | DMEM Read -> 0xxxxx
PASS | IMEM Read -> 0x723d
PASS | DMEM Read Disabled -> 0x0
PASS | IMEM Read -> 0x7774
PASS | DMEM Read -> 0xd06
PASS | IMEM Read -> 0x3d3
PASS | DMEM Read Disabled -> 0x0
PASS | IMEM Read -> 0x901d
PASS | DMEM Read -> 0xxxxx
PASS | IMEM Read -> 0x6e2a
PASS | DMEM Read -> 0xxxxx
PASS | IMEM Read -> 0x2c36
PASS | DMEM Read Disabled -> 0x0
PASS | IMEM Read -> 0xd321
PASS | DMEM Read -> 0xxxxx
PASS | IMEM Read -> 0x9026
PASS | DMEM Read Disabled -> 0x0
PASS | IMEM Read -> 0x31ce
PASS | DMEM Read Disabled -> 0x0
PASS | IMEM Read -> 0x3c72
PASS | DMEM Read Disabled -> 0x0
PASS | IMEM Read -> 0xd40c
PASS | DMEM Read Disabled -> 0x0
PASS | IMEM Read -> 0x5636
PASS | DMEM Read Disabled -> 0x0
PASS | IMEM Read -> 0x9537
PASS | DMEM Read Disabled -> 0x0
PASS | IMEM Read -> 0xca4e
PASS | DMEM Read -> 0x9d47
PASS | IMEM Read -> 0x2f16
PASS | DMEM Read Disabled -> 0x0
PASS | IMEM Read -> 0xf33
PASS | DMEM Read Disabled -> 0x0
PASS | IMEM Read -> 0x24b8
PASS | DMEM Read Disabled -> 0x0
PASS | IMEM Read -> 0x4e73
PASS | DMEM Read Disabled -> 0x0
PASS | IMEM Read -> 0x700e
PASS | DMEM Read -> 0x10c7
PASS | IMEM Read -> 0xa8e8
PASS | DMEM Read Disabled -> 0x0
PASS | IMEM Read -> 0x61cd
PASS | DMEM Read Disabled -> 0x0
PASS | IMEM Read -> 0x4f2e
PASS | DMEM Read Disabled -> 0x0
PASS | IMEM Read -> 0xca4e
PASS | DMEM Read Disabled -> 0x0
PASS | IMEM Read -> 0xe75b
PASS | DMEM Read Disabled -> 0x0
PASS | IMEM Read -> 0x891
PASS | DMEM Read -> 0x6a6
PASS | IMEM Read -> 0xe47f
PASS | DMEM Read Disabled -> 0x0
PASS | IMEM Read -> 0x1913
PASS | DMEM Read Disabled -> 0x0
PASS | IMEM Read -> 0xa5fc
PASS | DMEM Read Disabled -> 0x0
PASS | IMEM Read -> 0x96ec
PASS | DMEM Read Disabled -> 0x0
PASS | IMEM Read -> 0xfe9d
PASS | DMEM Read Disabled -> 0x0
PASS | IMEM Read -> 0xdf0f
PASS | DMEM Read -> 0xxxxx
PASS | IMEM Read -> 0x4fc8
PASS | DMEM Read Disabled -> 0x0
PASS | IMEM Read -> 0x4e73
PASS | DMEM Read Disabled -> 0x0
PASS | IMEM Read -> 0x5d6d
PASS | DMEM Read Disabled -> 0x0
PASS | IMEM Read -> 0x42d4
PASS | DMEM Read Disabled -> 0x0
PASS | IMEM Read -> 0x99f
PASS | DMEM Read -> 0xxxxx
PASS | IMEM Read -> 0x5bfc
PASS | DMEM Read -> 0xxxxx
PASS | IMEM Read -> 0x9bfb
PASS | DMEM Read Disabled -> 0x0
PASS | IMEM Read -> 0xfaf1
PASS | DMEM Read -> 0xxxxx
PASS | IMEM Read -> 0xbda7
PASS | DMEM Read Disabled -> 0x0
PASS | IMEM Read -> 0x1c3c
PASS | DMEM Read Disabled -> 0x0
PASS | IMEM Read -> 0xb297
PASS | DMEM Read -> 0xxxxx
PASS | IMEM Read -> 0x5a0a
PASS | DMEM Read Disabled -> 0x0
PASS | IMEM Read -> 0xa09d
PASS | DMEM Read Disabled -> 0x0
PASS | IMEM Read -> 0xa55c
PASS | DMEM Read Disabled -> 0x0
PASS | IMEM Read -> 0xce65
PASS | DMEM Read Disabled -> 0x0
PASS | IMEM Read -> 0xe338
PASS | DMEM Read Disabled -> 0x0
PASS | IMEM Read -> 0xcbf1
PASS | DMEM Read Disabled -> 0x0
PASS | IMEM Read -> 0xb69e
PASS | DMEM Read Disabled -> 0x0
PASS | IMEM Read -> 0x6d
PASS | DMEM Read -> 0xxxxx
PASS | IMEM Read -> 0x8599
PASS | DMEM Read Disabled -> 0x0
PASS | IMEM Read -> 0x700e
PASS | DMEM Read -> 0xf9c3
PASS | IMEM Read -> 0x698f
PASS | DMEM Read Disabled -> 0x0
PASS | IMEM Read -> 0xef8f
PASS | DMEM Read Disabled -> 0x0
PASS | IMEM Read -> 0x386b
PASS | DMEM Read -> 0x481a
PASS | IMEM Read -> 0xe338
PASS | DMEM Read -> 0xxxxx
PASS | IMEM Read -> 0x335
PASS | DMEM Read Disabled -> 0x0
PASS | IMEM Read -> 0x901d
PASS | DMEM Read Disabled -> 0x0
PASS | IMEM Read -> 0x3c72
PASS | DMEM Read -> 0xxxxx
PASS | IMEM Read -> 0xfa76
PASS | DMEM Read Disabled -> 0x0
PASS | IMEM Read -> 0xffea
PASS | DMEM Read -> 0xxxxx
PASS | IMEM Read -> 0xe842
PASS | DMEM Read Disabled -> 0x0
PASS | IMEM Read -> 0x2566
PASS | DMEM Read Disabled -> 0x0
PASS | IMEM Read -> 0x1a67
PASS | DMEM Read -> 0xxxxx
PASS | IMEM Read -> 0xce65
PASS | DMEM Read Disabled -> 0x0
PASS | IMEM Read -> 0x97ed
PASS | DMEM Read Disabled -> 0x0
PASS | IMEM Read -> 0x5d0c
PASS | DMEM Read Disabled -> 0x0
PASS | IMEM Read -> 0xc6d2
PASS | DMEM Read Disabled -> 0x0
PASS | IMEM Read -> 0x2a3a
PASS | DMEM Read -> 0xf962
PASS | IMEM Read -> 0x59f3
PASS | DMEM Read -> 0x2d1c
PASS | IMEM Read -> 0x5e1a
PASS | DMEM Read Disabled -> 0x0
PASS | IMEM Read -> 0x65ca
PASS | DMEM Read -> 0xxxxx
PASS | IMEM Read -> 0xef4
PASS | DMEM Read -> 0xxxxx
PASS | IMEM Read -> 0x494f
PASS | DMEM Read Disabled -> 0x0
PASS | IMEM Read -> 0x173e
PASS | DMEM Read Disabled -> 0x0
PASS | IMEM Read -> 0x4daf
PASS | DMEM Read -> 0xxxxx
PASS | IMEM Read -> 0x5a76
PASS | DMEM Read Disabled -> 0x0
PASS | IMEM Read -> 0x173e
PASS | DMEM Read -> 0x1484
PASS | IMEM Read -> 0xe338
PASS | DMEM Read Disabled -> 0x0
PASS | IMEM Read -> 0x6d
PASS | DMEM Read Disabled -> 0x0
PASS | IMEM Read -> 0x5e66
PASS | DMEM Read -> 0xe5b0
PASS | IMEM Read -> 0x2b1c
PASS | DMEM Read Disabled -> 0x0
PASS | IMEM Read -> 0xf023
PASS | DMEM Read -> 0x7f86
PASS | IMEM Read -> 0xfaf1
PASS | DMEM Read Disabled -> 0x0
PASS | IMEM Read -> 0x5bfc
PASS | DMEM Read Disabled -> 0x0
PASS | IMEM Read -> 0x2ea6
PASS | DMEM Read -> 0xxxxx
PASS | IMEM Read -> 0x8b9a
PASS | DMEM Read Disabled -> 0x0
PASS | IMEM Read -> 0x2bca
PASS | DMEM Read Disabled -> 0x0
PASS | IMEM Read -> 0x808f
PASS | DMEM Read Disabled -> 0x0
PASS | IMEM Read -> 0xb297
PASS | DMEM Read Disabled -> 0x0
PASS | IMEM Read -> 0xcbf1
PASS | DMEM Read Disabled -> 0x0
PASS | IMEM Read -> 0xbb95
PASS | DMEM Read Disabled -> 0x0
PASS | IMEM Read -> 0x53f6
PASS | DMEM Read Disabled -> 0x0
PASS | IMEM Read -> 0x1b56
PASS | DMEM Read Disabled -> 0x0
PASS | IMEM Read -> 0xd47c
PASS | DMEM Read -> 0xxxxx
PASS | IMEM Read -> 0xb8f2
PASS | DMEM Read -> 0xxxxx
PASS | IMEM Read -> 0x4391
PASS | DMEM Read -> 0x812f
PASS | IMEM Read -> 0xfe9d
PASS | DMEM Read Disabled -> 0x0
PASS | IMEM Read -> 0x1c45
PASS | DMEM Read Disabled -> 0x0
PASS | IMEM Read -> 0xe338
PASS | DMEM Read Disabled -> 0x0
PASS | IMEM Read -> 0x2c36
PASS | DMEM Read -> 0x2d0a
PASS | IMEM Read -> 0x1c45
PASS | DMEM Read Disabled -> 0x0
PASS | IMEM Read -> 0xa5fc
PASS | DMEM Read Disabled -> 0x0
PASS | IMEM Read -> 0x1913
PASS | DMEM Read Disabled -> 0x0
PASS | IMEM Read -> 0x676d
PASS | DMEM Read Disabled -> 0x0
PASS | IMEM Read -> 0x6c02
PASS | DMEM Read Disabled -> 0x0
PASS | IMEM Read -> 0x5f21
PASS | DMEM Read Disabled -> 0x0
PASS | IMEM Read -> 0x25f6
PASS | DMEM Read -> 0x6a6
PASS | IMEM Read -> 0xfe9d
PASS | DMEM Read Disabled -> 0x0
PASS | IMEM Read -> 0x4f2e
PASS | DMEM Read -> 0xd64d
PASS | IMEM Read -> 0xabcd
PASS | DMEM Read Disabled -> 0x0
PASS | IMEM Read -> 0xf33
PASS | DMEM Read -> 0xa7f1
PASS | IMEM Read -> 0x3c72
PASS | DMEM Read Disabled -> 0x0
PASS | IMEM Read -> 0x2ae3
PASS | DMEM Read Disabled -> 0x0
PASS | IMEM Read -> 0x1c45
PASS | DMEM Read Disabled -> 0x0
PASS | IMEM Read -> 0x273a
PASS | DMEM Read Disabled -> 0x0
PASS | IMEM Read -> 0x96be
PASS | DMEM Read Disabled -> 0x0
PASS | IMEM Read -> 0xe853
PASS | DMEM Read -> 0x62c0
PASS | IMEM Read -> 0xe969
PASS | DMEM Read Disabled -> 0x0
PASS | IMEM Read -> 0x8f67
PASS | DMEM Read -> 0xxxxx
PASS | IMEM Read -> 0x33fd
PASS | DMEM Read Disabled -> 0x0
PASS | IMEM Read -> 0x8f67
PASS | DMEM Read Disabled -> 0x0
PASS | IMEM Read -> 0x390f
PASS | DMEM Read Disabled -> 0x0
PASS | IMEM Read -> 0xe842
PASS | DMEM Read -> 0xe901
PASS | IMEM Read -> 0xe79
PASS | DMEM Read Disabled -> 0x0
PASS | IMEM Read -> 0x335
PASS | DMEM Read -> 0x749e
PASS | IMEM Read -> 0x698f
PASS | DMEM Read Disabled -> 0x0
PASS | IMEM Read -> 0x7fb1
PASS | DMEM Read Disabled -> 0x0
PASS | IMEM Read -> 0xe338
PASS | DMEM Read Disabled -> 0x0
PASS | IMEM Read -> 0x568c
PASS | DMEM Read Disabled -> 0x0
PASS | IMEM Read -> 0xc40a
PASS | DMEM Read Disabled -> 0x0
PASS | IMEM Read -> 0xf8b3
PASS | DMEM Read Disabled -> 0x0
PASS | IMEM Read -> 0xca4e
PASS | DMEM Read -> 0xxxxx
PASS | IMEM Read -> 0x97ed
PASS | DMEM Read Disabled -> 0x0
PASS | IMEM Read -> 0x6da5
PASS | DMEM Read Disabled -> 0x0
PASS | IMEM Read -> 0xa11a
PASS | DMEM Read -> 0x6d65
PASS | IMEM Read -> 0x5f21
PASS | DMEM Read -> 0x1f24
PASS | IMEM Read -> 0x9547
PASS | DMEM Read -> 0x2ae8
PASS | IMEM Read -> 0xdca6
PASS | DMEM Read -> 0x30b
PASS | IMEM Read -> 0xfd2f
PASS | DMEM Read Disabled -> 0x0
PASS | IMEM Read -> 0xc1c3
PASS | DMEM Read Disabled -> 0x0
PASS | IMEM Read -> 0xc6d2
PASS | DMEM Read Disabled -> 0x0
PASS | IMEM Read -> 0x9537
PASS | DMEM Read -> 0x9841
PASS | IMEM Read -> 0xe842
PASS | DMEM Read Disabled -> 0x0
PASS | IMEM Read -> 0x4d4f
PASS | DMEM Read -> 0xxxxx
PASS | IMEM Read -> 0x2ae3
PASS | DMEM Read -> 0xxxxx
PASS | IMEM Read -> 0xca4e
PASS | DMEM Read -> 0xxxxx
PASS | IMEM Read -> 0x390f
PASS | DMEM Read Disabled -> 0x0
PASS | IMEM Read -> 0x8599
PASS | DMEM Read -> 0xd56e
PASS | IMEM Read -> 0xbe50
PASS | DMEM Read Disabled -> 0x0
PASS | IMEM Read -> 0xbe18
PASS | DMEM Read Disabled -> 0x0
PASS | IMEM Read -> 0x4daf
PASS | DMEM Read -> 0x277a
PASS | IMEM Read -> 0xfab
PASS | DMEM Read Disabled -> 0x0
PASS | IMEM Read -> 0xf98d
PASS | DMEM Read Disabled -> 0x0
PASS | IMEM Read -> 0x12b3
PASS | DMEM Read -> 0xxxxx
PASS | IMEM Read -> 0xb815
PASS | DMEM Read -> 0xxxxx
PASS | IMEM Read -> 0x42d4
PASS | DMEM Read Disabled -> 0x0
PASS | IMEM Read -> 0x8e3
PASS | DMEM Read -> 0xxxxx
PASS | IMEM Read -> 0xef4
PASS | DMEM Read -> 0xxxxx
PASS | IMEM Read -> 0x99f
PASS | DMEM Read -> 0x39d
PASS | IMEM Read -> 0xb8f2
PASS | DMEM Read -> 0xxxxx
PASS | IMEM Read -> 0xa11a
PASS | DMEM Read -> 0x50ce
PASS | IMEM Read -> 0x59f3
PASS | DMEM Read Disabled -> 0x0
PASS | IMEM Read -> 0x6e2a
PASS | DMEM Read Disabled -> 0x0
PASS | IMEM Read -> 0xf98d
PASS | DMEM Read Disabled -> 0x0
PASS | IMEM Read -> 0x9007
PASS | DMEM Read Disabled -> 0x0
PASS | IMEM Read -> 0x2ae3
PASS | DMEM Read Disabled -> 0x0
PASS | IMEM Read -> 0x5bfc
PASS | DMEM Read Disabled -> 0x0
PASS | IMEM Read -> 0x2e70
PASS | DMEM Read -> 0xxxxx
PASS | IMEM Read -> 0xe338
PASS | DMEM Read Disabled -> 0x0
PASS | IMEM Read -> 0x5a4a
PASS | DMEM Read -> 0xxxxx
PASS | IMEM Read -> 0x2ae3
PASS | DMEM Read Disabled -> 0x0
PASS | IMEM Read -> 0x2ae3
PASS | DMEM Read -> 0x9563
PASS | IMEM Read -> 0xdca6
PASS | DMEM Read Disabled -> 0x0
PASS | IMEM Read -> 0x60db
PASS | DMEM Read Disabled -> 0x0
PASS | IMEM Read -> 0x1ec1
PASS | DMEM Read Disabled -> 0x0
PASS | IMEM Read -> 0x3d3
PASS | DMEM Read Disabled -> 0x0
PASS | IMEM Read -> 0x80ac
PASS | DMEM Read Disabled -> 0x0
PASS | IMEM Read -> 0x79f7
PASS | DMEM Read Disabled -> 0x0
PASS | IMEM Read -> 0x2c36
PASS | DMEM Read Disabled -> 0x0
PASS | IMEM Read -> 0x77a7
PASS | DMEM Read -> 0xxxxx
PASS | IMEM Read -> 0x59f3
PASS | DMEM Read Disabled -> 0x0
PASS | IMEM Read -> 0xe47f
PASS | DMEM Read -> 0x83e1
PASS | IMEM Read -> 0xc6d2
PASS | DMEM Read Disabled -> 0x0
PASS | IMEM Read -> 0x636c
PASS | DMEM Read -> 0x1484
PASS | IMEM Read -> 0x2e45
PASS | DMEM Read Disabled -> 0x0
PASS | IMEM Read -> 0x1c3c
PASS | DMEM Read Disabled -> 0x0
PASS | IMEM Read -> 0xe853
PASS | DMEM Read Disabled -> 0x0
PASS | IMEM Read -> 0x723d
PASS | DMEM Read Disabled -> 0x0
PASS | IMEM Read -> 0x3a12
PASS | DMEM Read Disabled -> 0x0
PASS | IMEM Read -> 0x2e70
PASS | DMEM Read -> 0x3742
PASS | IMEM Read -> 0xfd1
PASS | DMEM Read -> 0xaf50
PASS | IMEM Read -> 0x64d
PASS | DMEM Read Disabled -> 0x0
PASS | IMEM Read -> 0x4499
PASS | DMEM Read -> 0xxxxx
PASS | IMEM Read -> 0xa191
PASS | DMEM Read Disabled -> 0x0
PASS | IMEM Read -> 0x901d
PASS | DMEM Read Disabled -> 0x0
PASS | IMEM Read -> 0x34bb
PASS | DMEM Read Disabled -> 0x0
PASS | IMEM Read -> 0xbb95
PASS | DMEM Read Disabled -> 0x0
PASS | IMEM Read -> 0xffea
PASS | DMEM Read -> 0x5018
PASS | IMEM Read -> 0x7fb1
PASS | DMEM Read Disabled -> 0x0
PASS | IMEM Read -> 0x7cbc
PASS | DMEM Read Disabled -> 0x0
PASS | IMEM Read -> 0xe213
PASS | DMEM Read -> 0x6a6
PASS | IMEM Read -> 0xc1c3
PASS | DMEM Read -> 0x782e
PASS | IMEM Read -> 0x7774
PASS | DMEM Read Disabled -> 0x0
PASS | IMEM Read -> 0xb815
PASS | DMEM Read Disabled -> 0x0
PASS | IMEM Read -> 0xe469
PASS | DMEM Read -> 0xxxxx
PASS | IMEM Read -> 0xa54c
PASS | DMEM Read -> 0x39f
PASS | IMEM Read -> 0xe213
PASS | DMEM Read Disabled -> 0x0
PASS | IMEM Read -> 0xdf5b
PASS | DMEM Read Disabled -> 0x0
PASS | IMEM Read -> 0xa8e8
PASS | DMEM Read Disabled -> 0x0
PASS | IMEM Read -> 0xffea
PASS | DMEM Read -> 0xxxxx
PASS | IMEM Read -> 0xffea
PASS | DMEM Read Disabled -> 0x0
PASS | IMEM Read -> 0x57aa
PASS | DMEM Read Disabled -> 0x0
PASS | IMEM Read -> 0x92a3
PASS | DMEM Read Disabled -> 0x0
PASS | IMEM Read -> 0xa5fc
PASS | DMEM Read Disabled -> 0x0
PASS | IMEM Read -> 0x18b7
PASS | DMEM Read -> 0xxxxx
PASS | IMEM Read -> 0xa55c
PASS | DMEM Read Disabled -> 0x0
PASS | IMEM Read -> 0x808f
PASS | DMEM Read -> 0x4a07
PASS | IMEM Read -> 0x7774
PASS | DMEM Read Disabled -> 0x0
PASS | IMEM Read -> 0x24b8
PASS | DMEM Read Disabled -> 0x0
PASS | IMEM Read -> 0x6e2a
PASS | DMEM Read Disabled -> 0x0
PASS | IMEM Read -> 0x96be
PASS | DMEM Read Disabled -> 0x0
PASS | IMEM Read -> 0x4daf
PASS | DMEM Read Disabled -> 0x0
PASS | IMEM Read -> 0x901a
PASS | DMEM Read Disabled -> 0x0
PASS | IMEM Read -> 0x96ec
PASS | DMEM Read -> 0x638a
PASS | IMEM Read -> 0x29eb
PASS | DMEM Read Disabled -> 0x0
PASS | IMEM Read -> 0xc5b9
PASS | DMEM Read Disabled -> 0x0
PASS | IMEM Read -> 0xfa76
PASS | DMEM Read Disabled -> 0x0
PASS | IMEM Read -> 0x64d
PASS | DMEM Read Disabled -> 0x0
PASS | IMEM Read -> 0x37d
PASS | DMEM Read Disabled -> 0x0
PASS | IMEM Read -> 0x901a
PASS | DMEM Read Disabled -> 0x0
PASS | IMEM Read -> 0x47aa
PASS | DMEM Read Disabled -> 0x0
PASS | IMEM Read -> 0x5636
PASS | DMEM Read Disabled -> 0x0
PASS | IMEM Read -> 0x477c
PASS | DMEM Read -> 0x241e
PASS | IMEM Read -> 0xb815
PASS | DMEM Read -> 0xxxxx
PASS | IMEM Read -> 0xbb95
PASS | DMEM Read -> 0xxxxx
PASS | IMEM Read -> 0xa5fc
PASS | DMEM Read Disabled -> 0x0
PASS | IMEM Read -> 0xd40c
PASS | DMEM Read Disabled -> 0x0
PASS | IMEM Read -> 0x5e7c
PASS | DMEM Read -> 0x3f3a
PASS | IMEM Read -> 0xbe50
PASS | DMEM Read Disabled -> 0x0
PASS | IMEM Read -> 0xa262
PASS | DMEM Read -> 0x5018
PASS | IMEM Read -> 0xcbf1
PASS | DMEM Read -> 0xxxxx
PASS | IMEM Read -> 0x1b56
PASS | DMEM Read -> 0x1cfa
PASS | IMEM Read -> 0x1b56
PASS | DMEM Read Disabled -> 0x0
PASS | IMEM Read -> 0xb4ca
PASS | DMEM Read Disabled -> 0x0
PASS | IMEM Read -> 0xdd2b
PASS | DMEM Read -> 0x782e
PASS | IMEM Read -> 0x3c68
PASS | DMEM Read Disabled -> 0x0
PASS | IMEM Read -> 0xbe50
PASS | DMEM Read Disabled -> 0x0
PASS | IMEM Read -> 0x477c
PASS | DMEM Read Disabled -> 0x0
PASS | IMEM Read -> 0x5f21
PASS | DMEM Read -> 0xb6a2
PASS | IMEM Read -> 0x4794
PASS | DMEM Read -> 0xxxxx
PASS | IMEM Read -> 0xef4
PASS | DMEM Read Disabled -> 0x0
PASS | IMEM Read -> 0x4340
PASS | DMEM Read -> 0xxxxx
PASS | IMEM Read -> 0x66bc
PASS | DMEM Read Disabled -> 0x0
PASS | IMEM Read -> 0xbe50
PASS | DMEM Read -> 0xc5ca
PASS | IMEM Read -> 0x5636
PASS | DMEM Read -> 0x2010
PASS | IMEM Read -> 0x1924
PASS | DMEM Read Disabled -> 0x0
PASS | IMEM Read -> 0xe441
PASS | DMEM Read -> 0x991e
PASS | IMEM Read -> 0x2e70
PASS | DMEM Read Disabled -> 0x0
PASS | IMEM Read -> 0xbda7
PASS | DMEM Read Disabled -> 0x0
PASS | IMEM Read -> 0x5bfc
PASS | DMEM Read Disabled -> 0x0
PASS | IMEM Read -> 0xe624
PASS | DMEM Read -> 0xd64d
PASS | IMEM Read -> 0x433a
PASS | DMEM Read Disabled -> 0x0
PASS | IMEM Read -> 0x24b8
PASS | DMEM Read -> 0xxxxx
PASS | IMEM Read -> 0x265e
PASS | DMEM Read Disabled -> 0x0
PASS | IMEM Read -> 0xcbf1
PASS | DMEM Read Disabled -> 0x0
PASS | IMEM Read -> 0x676d
PASS | DMEM Read -> 0xxxxx
PASS | IMEM Read -> 0x63f9
PASS | DMEM Read -> 0x7394
PASS | IMEM Read -> 0x6e2a
PASS | DMEM Read -> 0xxxxx
PASS | IMEM Read -> 0xa262
PASS | DMEM Read Disabled -> 0x0
PASS | IMEM Read -> 0x5e66
PASS | DMEM Read -> 0x45b6
PASS | IMEM Read -> 0x852a
PASS | DMEM Read -> 0xxxxx
PASS | IMEM Read -> 0xa8e8
PASS | DMEM Read -> 0xdfb2
PASS | IMEM Read -> 0x2f16
PASS | DMEM Read -> 0xxxxx
PASS | IMEM Read -> 0x6da5
PASS | DMEM Read Disabled -> 0x0
PASS | IMEM Read -> 0xfab
PASS | DMEM Read Disabled -> 0x0
PASS | IMEM Read -> 0xa323
PASS | DMEM Read Disabled -> 0x0
PASS | IMEM Read -> 0x66bc
PASS | DMEM Read -> 0xd56e
PASS | IMEM Read -> 0x5e1a
PASS | DMEM Read Disabled -> 0x0
PASS | IMEM Read -> 0xcd6c
PASS | DMEM Read -> 0x7de8
PASS | IMEM Read -> 0x6e2a
PASS | DMEM Read Disabled -> 0x0
PASS | IMEM Read -> 0x63f9
PASS | DMEM Read Disabled -> 0x0
PASS | IMEM Read -> 0x64d
PASS | DMEM Read Disabled -> 0x0
PASS | IMEM Read -> 0x33fd
PASS | DMEM Read Disabled -> 0x0
PASS | IMEM Read -> 0x651d
PASS | DMEM Read Disabled -> 0x0
PASS | IMEM Read -> 0xb69e
PASS | DMEM Read Disabled -> 0x0
PASS | IMEM Read -> 0xbda7
PASS | DMEM Read -> 0x9eb
PASS | IMEM Read -> 0x89c2
PASS | DMEM Read -> 0xxxxx
PASS | IMEM Read -> 0x6f20
PASS | DMEM Read -> 0x18d3
PASS | IMEM Read -> 0x3d3
PASS | DMEM Read Disabled -> 0x0
PASS | IMEM Read -> 0x915b
PASS | DMEM Read Disabled -> 0x0
PASS | IMEM Read -> 0x4794
PASS | DMEM Read Disabled -> 0x0
PASS | IMEM Read -> 0x8f67
PASS | DMEM Read Disabled -> 0x0
PASS | IMEM Read -> 0x915b
PASS | DMEM Read -> 0xb6ed
PASS | IMEM Read -> 0xc47
PASS | DMEM Read -> 0xxxxx
PASS | IMEM Read -> 0xf774
PASS | DMEM Read -> 0xaf50
PASS | IMEM Read -> 0x748a
PASS | DMEM Read Disabled -> 0x0
PASS | IMEM Read -> 0xe842
PASS | DMEM Read Disabled -> 0x0
PASS | IMEM Read -> 0x2566
PASS | DMEM Read Disabled -> 0x0
PASS | IMEM Read -> 0x42ee
PASS | DMEM Read Disabled -> 0x0
PASS | IMEM Read -> 0x700e
PASS | DMEM Read Disabled -> 0x0
PASS | IMEM Read -> 0xa54c
PASS | DMEM Read Disabled -> 0x0
PASS | IMEM Read -> 0x5d6d
PASS | DMEM Read Disabled -> 0x0
PASS | IMEM Read -> 0x477c
PASS | DMEM Read Disabled -> 0x0
PASS | IMEM Read -> 0xb8f2
PASS | DMEM Read Disabled -> 0x0
PASS | IMEM Read -> 0xcebf
PASS | DMEM Read Disabled -> 0x0
PASS | IMEM Read -> 0xf774
PASS | DMEM Read Disabled -> 0x0
PASS | IMEM Read -> 0xe624
PASS | DMEM Read Disabled -> 0x0
PASS | IMEM Read -> 0x2abe
PASS | DMEM Read Disabled -> 0x0
PASS | IMEM Read -> 0x4fc8
PASS | DMEM Read Disabled -> 0x0
PASS | IMEM Read -> 0x6f20
PASS | DMEM Read -> 0x3bf
PASS | IMEM Read -> 0xe624
PASS | DMEM Read Disabled -> 0x0
PASS | IMEM Read -> 0x2cad
PASS | DMEM Read Disabled -> 0x0
PASS | IMEM Read -> 0x9767
PASS | DMEM Read Disabled -> 0x0
PASS | IMEM Read -> 0x1ec1
PASS | DMEM Read Disabled -> 0x0
PASS | IMEM Read -> 0x94e5
PASS | DMEM Read Disabled -> 0x0
PASS | IMEM Read -> 0x989c
PASS | DMEM Read Disabled -> 0x0
PASS | IMEM Read -> 0x525b
PASS | DMEM Read Disabled -> 0x0
PASS | IMEM Read -> 0x5b80
PASS | DMEM Read Disabled -> 0x0
PASS | IMEM Read -> 0x438b
PASS | DMEM Read Disabled -> 0x0
PASS | IMEM Read -> 0x901a
PASS | DMEM Read -> 0xee67
PASS | IMEM Read -> 0xe969
PASS | DMEM Read Disabled -> 0x0
PASS | IMEM Read -> 0x2b1c
PASS | DMEM Read Disabled -> 0x0
PASS | IMEM Read -> 0xcebf
PASS | DMEM Read Disabled -> 0x0
PASS | IMEM Read -> 0x2885
PASS | DMEM Read -> 0xxxxx
PASS | IMEM Read -> 0xfe9d
PASS | DMEM Read -> 0xxxxx
PASS | IMEM Read -> 0x4f12
PASS | DMEM Read Disabled -> 0x0
PASS | IMEM Read -> 0x5d0c
PASS | DMEM Read -> 0x481a
PASS | IMEM Read -> 0xf98d
PASS | DMEM Read Disabled -> 0x0
PASS | IMEM Read -> 0x7068
PASS | DMEM Read -> 0x6442
PASS | IMEM Read -> 0x2e45
PASS | DMEM Read Disabled -> 0x0
PASS | IMEM Read -> 0xe441
PASS | DMEM Read -> 0x277a
PASS | IMEM Read -> 0x651d
PASS | DMEM Read Disabled -> 0x0
PASS | IMEM Read -> 0xc5
PASS | DMEM Read -> 0x6d90
PASS | IMEM Read -> 0xfab
PASS | DMEM Read Disabled -> 0x0
PASS | IMEM Read -> 0x2b1c
PASS | DMEM Read -> 0x6442
PASS | IMEM Read -> 0xb43f
PASS | DMEM Read Disabled -> 0x0
PASS | IMEM Read -> 0x1924
PASS | DMEM Read Disabled -> 0x0
PASS | IMEM Read -> 0x2515
PASS | DMEM Read Disabled -> 0x0
PASS | IMEM Read -> 0xa191
PASS | DMEM Read Disabled -> 0x0
PASS | IMEM Read -> 0x173e
PASS | DMEM Read -> 0x2d1c
PASS | IMEM Read -> 0x5160
PASS | DMEM Read Disabled -> 0x0
PASS | IMEM Read -> 0x2cc8
PASS | DMEM Read Disabled -> 0x0
PASS | IMEM Read -> 0xf33
PASS | DMEM Read Disabled -> 0x0
PASS | IMEM Read -> 0xbf0f
PASS | DMEM Read Disabled -> 0x0
PASS | IMEM Read -> 0x7cbc
PASS | DMEM Read -> 0x3bbd
PASS | IMEM Read -> 0xfaf1
PASS | DMEM Read Disabled -> 0x0
PASS | IMEM Read -> 0x42d4
PASS | DMEM Read Disabled -> 0x0
PASS | IMEM Read -> 0x5a0a
PASS | DMEM Read Disabled -> 0x0
PASS | IMEM Read -> 0x651d
PASS | DMEM Read Disabled -> 0x0
PASS | IMEM Read -> 0x915b
PASS | DMEM Read -> 0x1088
PASS | IMEM Read -> 0x386b
PASS | DMEM Read Disabled -> 0x0
PASS | IMEM Read -> 0x2ae3
PASS | DMEM Read Disabled -> 0x0
PASS | IMEM Read -> 0x42d4
PASS | DMEM Read Disabled -> 0x0
PASS | IMEM Read -> 0x9bfb
PASS | DMEM Read Disabled -> 0x0
PASS | IMEM Read -> 0x891
PASS | DMEM Read Disabled -> 0x0
PASS | IMEM Read -> 0x2cad
PASS | DMEM Read Disabled -> 0x0
PASS | IMEM Read -> 0x7068
PASS | DMEM Read Disabled -> 0x0
PASS | IMEM Read -> 0x80ed
PASS | DMEM Read -> 0xa347
PASS | IMEM Read -> 0x4d4f
PASS | DMEM Read Disabled -> 0x0
PASS | IMEM Read -> 0x7f3d
PASS | DMEM Read -> 0x22ba
PASS | IMEM Read -> 0x2cad
PASS | DMEM Read -> 0xd55
PASS | IMEM Read -> 0x7774
PASS | DMEM Read -> 0xea17
PASS | IMEM Read -> 0x7774
PASS | DMEM Read Disabled -> 0x0
PASS | IMEM Read -> 0xbf0f
PASS | DMEM Read Disabled -> 0x0
PASS | IMEM Read -> 0xbda7
PASS | DMEM Read -> 0xxxxx
PASS | IMEM Read -> 0xc5b9
PASS | DMEM Read Disabled -> 0x0
PASS | IMEM Read -> 0xf8b3
PASS | DMEM Read Disabled -> 0x0
PASS | IMEM Read -> 0xa262
PASS | DMEM Read Disabled -> 0x0
PASS | IMEM Read -> 0x4601
PASS | DMEM Read Disabled -> 0x0
PASS | IMEM Read -> 0x60db
PASS | DMEM Read -> 0xxxxx
PASS | IMEM Read -> 0x245d
PASS | DMEM Read Disabled -> 0x0
PASS | IMEM Read -> 0x891
PASS | DMEM Read Disabled -> 0x0
PASS | IMEM Read -> 0x53f6
PASS | DMEM Read Disabled -> 0x0
PASS | IMEM Read -> 0xfab
PASS | DMEM Read -> 0xf890
PASS | IMEM Read -> 0x5160
PASS | DMEM Read Disabled -> 0x0
PASS | IMEM Read -> 0x901a
PASS | DMEM Read -> 0x562
PASS | IMEM Read -> 0xf98d
PASS | DMEM Read Disabled -> 0x0
PASS | IMEM Read -> 0x5d6d
PASS | DMEM Read -> 0xf121
PASS | IMEM Read -> 0xa191
PASS | DMEM Read Disabled -> 0x0
PASS | IMEM Read -> 0x5e1a
PASS | DMEM Read Disabled -> 0x0
PASS | IMEM Read -> 0xcd6c
PASS | DMEM Read Disabled -> 0x0
PASS | IMEM Read -> 0xcb2c
PASS | DMEM Read Disabled -> 0x0
PASS | IMEM Read -> 0xdd2b
PASS | DMEM Read Disabled -> 0x0
PASS | IMEM Read -> 0xf774
PASS | DMEM Read -> 0xf962
PASS | IMEM Read -> 0x2abe
PASS | DMEM Read Disabled -> 0x0
PASS | IMEM Read -> 0x12b3
PASS | DMEM Read Disabled -> 0x0
PASS | IMEM Read -> 0xa262
PASS | DMEM Read Disabled -> 0x0
PASS | IMEM Read -> 0x3423
PASS | DMEM Read -> 0xxxxx
PASS | IMEM Read -> 0x3423
PASS | DMEM Read -> 0xxxxx
PASS | IMEM Read -> 0x5bfc
PASS | DMEM Read Disabled -> 0x0
PASS | IMEM Read -> 0x59e7
PASS | DMEM Read -> 0xbd36
PASS | IMEM Read -> 0xa5fc
PASS | DMEM Read Disabled -> 0x0
PASS | IMEM Read -> 0xd321
PASS | DMEM Read -> 0xxxxx
PASS | IMEM Read -> 0x2c36
PASS | DMEM Read Disabled -> 0x0
PASS | IMEM Read -> 0x4f2e
PASS | DMEM Read Disabled -> 0x0
PASS | IMEM Read -> 0x4156
PASS | DMEM Read -> 0xxxxx
PASS | IMEM Read -> 0x3423
PASS | DMEM Read -> 0x597c
PASS | IMEM Read -> 0x4d4f
PASS | DMEM Read Disabled -> 0x0
PASS | IMEM Read -> 0xe842
PASS | DMEM Read -> 0xxxxx
PASS | IMEM Read -> 0x12b3
PASS | DMEM Read Disabled -> 0x0
PASS | IMEM Read -> 0xe75b
PASS | DMEM Read Disabled -> 0x0
PASS | IMEM Read -> 0x2cad
PASS | DMEM Read Disabled -> 0x0
PASS | IMEM Read -> 0xf8b3
PASS | DMEM Read Disabled -> 0x0
PASS | IMEM Read -> 0x5a4a
PASS | DMEM Read Disabled -> 0x0
PASS | IMEM Read -> 0x5bfc
PASS | DMEM Read Disabled -> 0x0
PASS | IMEM Read -> 0x2ae3
PASS | DMEM Read Disabled -> 0x0
PASS | IMEM Read -> 0x42ee
PASS | DMEM Read Disabled -> 0x0
PASS | IMEM Read -> 0x34bb
PASS | DMEM Read -> 0xb238
PASS | IMEM Read -> 0x4156
PASS | DMEM Read -> 0x6442
PASS | IMEM Read -> 0x2f16
PASS | DMEM Read Disabled -> 0x0
PASS | IMEM Read -> 0xcbf1
PASS | DMEM Read Disabled -> 0x0
PASS | IMEM Read -> 0xbda7
PASS | DMEM Read -> 0x6b75
PASS | IMEM Read -> 0x1a67
PASS | DMEM Read Disabled -> 0x0
PASS | IMEM Read -> 0x63f9
PASS | DMEM Read -> 0x5a1c
PASS | IMEM Read -> 0x63f9
PASS | DMEM Read Disabled -> 0x0
PASS | IMEM Read -> 0xfd2f
PASS | DMEM Read -> 0x46ab
PASS | IMEM Read -> 0x568c
PASS | DMEM Read Disabled -> 0x0
PASS | IMEM Read -> 0xdf0f
PASS | DMEM Read -> 0x143
PASS | IMEM Read -> 0x89c2
PASS | DMEM Read Disabled -> 0x0
PASS | IMEM Read -> 0x4d4f
PASS | DMEM Read -> 0x9b1a
PASS | IMEM Read -> 0xebf8
PASS | DMEM Read -> 0x3e53
PASS | IMEM Read -> 0xf810
PASS | DMEM Read -> 0xxxxx
PASS | IMEM Read -> 0xe89
PASS | DMEM Read -> 0xxxxx
PASS | IMEM Read -> 0x60db
PASS | DMEM Read Disabled -> 0x0
PASS | IMEM Read -> 0xf774
PASS | DMEM Read Disabled -> 0x0
PASS | IMEM Read -> 0xfd2f
PASS | DMEM Read Disabled -> 0x0
PASS | IMEM Read -> 0xef8f
PASS | DMEM Read Disabled -> 0x0
PASS | IMEM Read -> 0xe624
PASS | DMEM Read -> 0xxxxx
PASS | IMEM Read -> 0xabcd
PASS | DMEM Read Disabled -> 0x0
PASS | IMEM Read -> 0xa738
PASS | DMEM Read Disabled -> 0x0
PASS | IMEM Read -> 0x99f
PASS | DMEM Read Disabled -> 0x0
PASS | IMEM Read -> 0x2e45
PASS | DMEM Read -> 0x6ed9
PASS | IMEM Read -> 0x2bca
PASS | DMEM Read -> 0x8bfd
PASS | IMEM Read -> 0xc5b9
PASS | DMEM Read -> 0xxxxx
PASS | IMEM Read -> 0xcbf1
PASS | DMEM Read Disabled -> 0x0
PASS | IMEM Read -> 0x3e2
PASS | DMEM Read -> 0x277a
PASS | IMEM Read -> 0x723d
PASS | DMEM Read Disabled -> 0x0
PASS | IMEM Read -> 0xe469
PASS | DMEM Read -> 0x8b1f
PASS | IMEM Read -> 0x25f6
PASS | DMEM Read Disabled -> 0x0
PASS | IMEM Read -> 0x1924
PASS | DMEM Read Disabled -> 0x0
PASS | IMEM Read -> 0x5d0c
PASS | DMEM Read -> 0x1cfa
PASS | IMEM Read -> 0x2ea6
PASS | DMEM Read Disabled -> 0x0
PASS | IMEM Read -> 0x2cad
PASS | DMEM Read Disabled -> 0x0
PASS | IMEM Read -> 0x57f6
PASS | DMEM Read Disabled -> 0x0
PASS | IMEM Read -> 0x2885
PASS | DMEM Read -> 0xxxxx
PASS | IMEM Read -> 0x53f6
PASS | DMEM Read -> 0xxxxx
PASS | IMEM Read -> 0xe89
PASS | DMEM Read -> 0x814e
PASS | IMEM Read -> 0x3c68
PASS | DMEM Read Disabled -> 0x0
PASS | IMEM Read -> 0xbacc
PASS | DMEM Read -> 0xecd0
PASS | IMEM Read -> 0x4391
PASS | DMEM Read Disabled -> 0x0
PASS | IMEM Read -> 0xfbe2
PASS | DMEM Read -> 0x7c9d
PASS | IMEM Read -> 0x9278
PASS | DMEM Read Disabled -> 0x0
PASS | IMEM Read -> 0x901d
PASS | DMEM Read Disabled -> 0x0
PASS | IMEM Read -> 0xad9
PASS | DMEM Read Disabled -> 0x0
PASS | IMEM Read -> 0x1924
PASS | DMEM Read -> 0xxxxx
PASS | IMEM Read -> 0x59f3
PASS | DMEM Read Disabled -> 0x0
PASS | IMEM Read -> 0xc606
PASS | DMEM Read Disabled -> 0x0
PASS | IMEM Read -> 0x723d
PASS | DMEM Read Disabled -> 0x0
PASS | IMEM Read -> 0xb746
PASS | DMEM Read Disabled -> 0x0
PASS | IMEM Read -> 0xa22d
PASS | DMEM Read Disabled -> 0x0
PASS | IMEM Read -> 0xa262
PASS | DMEM Read -> 0x870c
PASS | IMEM Read -> 0x4f12
PASS | DMEM Read Disabled -> 0x0
PASS | IMEM Read -> 0x5d0c
PASS | DMEM Read -> 0x30b
PASS | IMEM Read -> 0xb297
PASS | DMEM Read Disabled -> 0x0
PASS | IMEM Read -> 0xc47
PASS | DMEM Read -> 0xxxxx
PASS | IMEM Read -> 0x676d
PASS | DMEM Read -> 0x597c
PASS | IMEM Read -> 0xe338
PASS | DMEM Read Disabled -> 0x0
PASS | IMEM Read -> 0x568c
PASS | DMEM Read -> 0x888d
PASS | IMEM Read -> 0x242
PASS | DMEM Read Disabled -> 0x0
PASS | IMEM Read -> 0x2f16
PASS | DMEM Read Disabled -> 0x0
PASS | IMEM Read -> 0x80ed
PASS | DMEM Read -> 0xxxxx
PASS | IMEM Read -> 0xe842
PASS | DMEM Read -> 0xad9f
PASS | IMEM Read -> 0x1b56
PASS | DMEM Read Disabled -> 0x0
PASS | IMEM Read -> 0x42ee
PASS | DMEM Read -> 0xc3db
PASS | IMEM Read -> 0xb1b8
PASS | DMEM Read Disabled -> 0x0
PASS | IMEM Read -> 0xe213
PASS | DMEM Read Disabled -> 0x0
PASS | IMEM Read -> 0xe47f
PASS | DMEM Read Disabled -> 0x0
PASS | IMEM Read -> 0x265e
PASS | DMEM Read Disabled -> 0x0
PASS | IMEM Read -> 0x25f6
PASS | DMEM Read Disabled -> 0x0
PASS | IMEM Read -> 0x2abe
PASS | DMEM Read Disabled -> 0x0
PASS | IMEM Read -> 0x2ea6
PASS | DMEM Read Disabled -> 0x0
PASS | IMEM Read -> 0xd321
PASS | DMEM Read Disabled -> 0x0
PASS | IMEM Read -> 0xa09d
PASS | DMEM Read Disabled -> 0x0
PASS | IMEM Read -> 0xdf5b
PASS | DMEM Read Disabled -> 0x0
PASS | IMEM Read -> 0xe47f
PASS | DMEM Read Disabled -> 0x0
PASS | IMEM Read -> 0x64d
PASS | DMEM Read Disabled -> 0x0
PASS | IMEM Read -> 0x698f
PASS | DMEM Read -> 0xf21e
PASS | IMEM Read -> 0xa323
PASS | DMEM Read -> 0xb6a2
PASS | IMEM Read -> 0xdd2b
PASS | DMEM Read -> 0x10b
PASS | IMEM Read -> 0xc40a
PASS | DMEM Read Disabled -> 0x0
PASS | IMEM Read -> 0x5e66
PASS | DMEM Read -> 0x9841
PASS | IMEM Read -> 0xc0a0
PASS | DMEM Read -> 0xe2de
PASS | IMEM Read -> 0x5f21
PASS | DMEM Read Disabled -> 0x0
PASS | IMEM Read -> 0x1bba
PASS | DMEM Read Disabled -> 0x0
PASS | IMEM Read -> 0x4f12
PASS | DMEM Read Disabled -> 0x0
PASS | IMEM Read -> 0x9007
PASS | DMEM Read Disabled -> 0x0
PASS | IMEM Read -> 0x7c6d
PASS | DMEM Read Disabled -> 0x0
PASS | IMEM Read -> 0x6da5
PASS | DMEM Read -> 0x4e53
PASS | IMEM Read -> 0xf98d
PASS | DMEM Read Disabled -> 0x0
PASS | IMEM Read -> 0xb505
PASS | DMEM Read Disabled -> 0x0
PASS | IMEM Read -> 0x17db
PASS | DMEM Read Disabled -> 0x0
PASS | IMEM Read -> 0xcd6c
PASS | DMEM Read Disabled -> 0x0
PASS | IMEM Read -> 0x80ac
PASS | DMEM Read Disabled -> 0x0
PASS | IMEM Read -> 0x5a4a
PASS | DMEM Read Disabled -> 0x0
PASS | IMEM Read -> 0x6da5
PASS | DMEM Read -> 0x39d
PASS | IMEM Read -> 0x5a4a
PASS | DMEM Read Disabled -> 0x0
PASS | IMEM Read -> 0x92a3
PASS | DMEM Read Disabled -> 0x0
PASS | IMEM Read -> 0xe842
PASS | DMEM Read Disabled -> 0x0
PASS | IMEM Read -> 0xc6d2
PASS | DMEM Read Disabled -> 0x0
PASS | IMEM Read -> 0x8599
PASS | DMEM Read Disabled -> 0x0
PASS | IMEM Read -> 0xc1c3
PASS | DMEM Read Disabled -> 0x0
PASS | IMEM Read -> 0x9007
PASS | DMEM Read Disabled -> 0x0
PASS | IMEM Read -> 0x80ac
PASS | DMEM Read Disabled -> 0x0
PASS | IMEM Read -> 0x79f7
PASS | DMEM Read Disabled -> 0x0
PASS | IMEM Read -> 0xbacc
PASS | DMEM Read Disabled -> 0x0
PASS | IMEM Read -> 0x1924
PASS | DMEM Read Disabled -> 0x0
PASS | IMEM Read -> 0x8599
PASS | DMEM Read Disabled -> 0x0
PASS | IMEM Read -> 0xcbf1
PASS | DMEM Read Disabled -> 0x0
PASS | IMEM Read -> 0xb815
PASS | DMEM Read -> 0x7ee5
PASS | IMEM Read -> 0xe96d
PASS | DMEM Read Disabled -> 0x0
PASS | IMEM Read -> 0x6d
PASS | DMEM Read Disabled -> 0x0
PASS | IMEM Read -> 0x5f21
PASS | DMEM Read Disabled -> 0x0
PASS | IMEM Read -> 0x100c
PASS | DMEM Read Disabled -> 0x0
PASS | IMEM Read -> 0xd40c
PASS | DMEM Read -> 0x638a
PASS | IMEM Read -> 0xc5b9
PASS | DMEM Read Disabled -> 0x0
PASS | IMEM Read -> 0x5160
PASS | DMEM Read -> 0xb49b
PASS | IMEM Read -> 0xe853
PASS | DMEM Read -> 0x65f5
PASS | IMEM Read -> 0x5d47
PASS | DMEM Read -> 0xbe28
PASS | IMEM Read -> 0x29eb
PASS | DMEM Read Disabled -> 0x0
PASS | IMEM Read -> 0x1c3c
PASS | DMEM Read Disabled -> 0x0
PASS | IMEM Read -> 0x2ae3
PASS | DMEM Read -> 0xxxxx
PASS | IMEM Read -> 0x173e
PASS | DMEM Read Disabled -> 0x0
PASS | IMEM Read -> 0xbb95
PASS | DMEM Read Disabled -> 0x0
PASS | IMEM Read -> 0xebf8
PASS | DMEM Read Disabled -> 0x0
PASS | IMEM Read -> 0x96be
PASS | DMEM Read -> 0xa0ff
PASS | IMEM Read -> 0x5e1a
PASS | DMEM Read Disabled -> 0x0
PASS | IMEM Read -> 0x25f6
PASS | DMEM Read Disabled -> 0x0
PASS | IMEM Read -> 0x60db
PASS | DMEM Read Disabled -> 0x0
PASS | IMEM Read -> 0xe47f
PASS | DMEM Read Disabled -> 0x0
PASS | IMEM Read -> 0x7068
PASS | DMEM Read -> 0x614a
PASS | IMEM Read -> 0xb097
PASS | DMEM Read -> 0xxxxx
PASS | IMEM Read -> 0xbe50
PASS | DMEM Read Disabled -> 0x0
PASS | IMEM Read -> 0x2e45
PASS | DMEM Read Disabled -> 0x0
PASS | IMEM Read -> 0x2cc8
PASS | DMEM Read -> 0xb8a9
PASS | IMEM Read -> 0x901a
PASS | DMEM Read Disabled -> 0x0
PASS | IMEM Read -> 0x6c02
PASS | DMEM Read Disabled -> 0x0
PASS | IMEM Read -> 0xa8e8
PASS | DMEM Read Disabled -> 0x0
PASS | IMEM Read -> 0x808f
PASS | DMEM Read Disabled -> 0x0
PASS | IMEM Read -> 0x5a76
PASS | DMEM Read Disabled -> 0x0
PASS | IMEM Read -> 0xc40a
PASS | DMEM Read Disabled -> 0x0
PASS | IMEM Read -> 0xdf0f
PASS | DMEM Read Disabled -> 0x0
PASS | IMEM Read -> 0x2c36
PASS | DMEM Read -> 0xxxxx
PASS | IMEM Read -> 0xdf5b
PASS | DMEM Read Disabled -> 0x0
PASS | IMEM Read -> 0x9537
PASS | DMEM Read Disabled -> 0x0
PASS | IMEM Read -> 0x5a4a
PASS | DMEM Read Disabled -> 0x0
PASS | IMEM Read -> 0x66bc
PASS | DMEM Read -> 0xxxxx
PASS | IMEM Read -> 0xee77
PASS | DMEM Read -> 0xfcc3
PASS | IMEM Read -> 0xc6ec
PASS | DMEM Read Disabled -> 0x0
PASS | IMEM Read -> 0x9ea3
PASS | DMEM Read Disabled -> 0x0
PASS | IMEM Read -> 0x651d
PASS | DMEM Read -> 0xe9fc
PASS | IMEM Read -> 0x2b2c
PASS | DMEM Read -> 0x143
PASS | IMEM Read -> 0x386b
PASS | DMEM Read Disabled -> 0x0
PASS | IMEM Read -> 0x91b
PASS | DMEM Read Disabled -> 0x0
PASS | IMEM Read -> 0x9026
PASS | DMEM Read Disabled -> 0x0
PASS | IMEM Read -> 0x6f20
PASS | DMEM Read -> 0x1088
PASS | IMEM Read -> 0x9007
PASS | DMEM Read -> 0xxxxx
PASS | IMEM Read -> 0x477c
PASS | DMEM Read Disabled -> 0x0
PASS | IMEM Read -> 0x100c
PASS | DMEM Read -> 0x39f
PASS | IMEM Read -> 0x59e7
PASS | DMEM Read Disabled -> 0x0
PASS | IMEM Read -> 0x7cbc
PASS | DMEM Read Disabled -> 0x0
PASS | IMEM Read -> 0x1a67
PASS | DMEM Read Disabled -> 0x0
PASS | IMEM Read -> 0x8e1f
PASS | DMEM Read Disabled -> 0x0
PASS | IMEM Read -> 0xb4ca
PASS | DMEM Read -> 0xaf0b
PASS | IMEM Read -> 0xa55c
PASS | DMEM Read Disabled -> 0x0
PASS | IMEM Read -> 0xf810
PASS | DMEM Read -> 0x9a94
PASS | IMEM Read -> 0xdd2b
PASS | DMEM Read Disabled -> 0x0
PASS | IMEM Read -> 0xd70
PASS | DMEM Read Disabled -> 0x0
PASS | IMEM Read -> 0xa262
PASS | DMEM Read -> 0x1ae8
PASS | IMEM Read -> 0x6d
PASS | DMEM Read -> 0x9a94
PASS | IMEM Read -> 0xc40a
PASS | DMEM Read Disabled -> 0x0
PASS | IMEM Read -> 0x79f7
PASS | DMEM Read -> 0x7ee5
PASS | IMEM Read -> 0x7068
PASS | DMEM Read Disabled -> 0x0
PASS | IMEM Read -> 0xf98d
PASS | DMEM Read Disabled -> 0x0
PASS | IMEM Read -> 0xcd22
PASS | DMEM Read Disabled -> 0x0
PASS | IMEM Read -> 0x2ae3
PASS | DMEM Read -> 0xcae5
PASS | IMEM Read -> 0x1c4c
PASS | DMEM Read Disabled -> 0x0
PASS | IMEM Read -> 0x8e1f
PASS | DMEM Read -> 0x6d65
PASS | IMEM Read -> 0xf023
PASS | DMEM Read Disabled -> 0x0
PASS | IMEM Read -> 0x6d
PASS | DMEM Read Disabled -> 0x0
PASS | IMEM Read -> 0x1c3c
PASS | DMEM Read Disabled -> 0x0
PASS | IMEM Read -> 0x6c02
PASS | DMEM Read -> 0xad9f
PASS | IMEM Read -> 0x245d
PASS | DMEM Read -> 0xf260
PASS | IMEM Read -> 0x6f20
PASS | DMEM Read -> 0x4a3f
PASS | IMEM Read -> 0xef8f
PASS | DMEM Read Disabled -> 0x0
PASS | IMEM Read -> 0x173e
PASS | DMEM Read -> 0xd64d
PASS | IMEM Read -> 0xf774
PASS | DMEM Read -> 0x6b75
PASS | IMEM Read -> 0xd70
PASS | DMEM Read Disabled -> 0x0
PASS | IMEM Read -> 0x7f3d
PASS | DMEM Read Disabled -> 0x0
PASS | IMEM Read -> 0x4c71
PASS | DMEM Read Disabled -> 0x0
PASS | IMEM Read -> 0x901d
PASS | DMEM Read -> 0xea17
PASS | IMEM Read -> 0x438b
PASS | DMEM Read Disabled -> 0x0
PASS | IMEM Read -> 0x42ee
PASS | DMEM Read Disabled -> 0x0
PASS | IMEM Read -> 0x1b56
PASS | DMEM Read -> 0xxxxx
PASS | IMEM Read -> 0x808f
PASS | DMEM Read Disabled -> 0x0
PASS | IMEM Read -> 0xdf5b
PASS | DMEM Read Disabled -> 0x0
PASS | IMEM Read -> 0x17db
PASS | DMEM Read Disabled -> 0x0
PASS | IMEM Read -> 0x18b7
PASS | DMEM Read -> 0x6b62
PASS | IMEM Read -> 0x1b56
PASS | DMEM Read Disabled -> 0x0
PASS | IMEM Read -> 0x9547
PASS | DMEM Read Disabled -> 0x0
PASS | IMEM Read -> 0xfd2f
PASS | DMEM Read -> 0xxxxx
PASS | IMEM Read -> 0x1913
PASS | DMEM Read -> 0x5bb9
PASS | IMEM Read -> 0x97ed
PASS | DMEM Read -> 0x65f5
PASS | IMEM Read -> 0x89c2
PASS | DMEM Read Disabled -> 0x0
PASS | IMEM Read -> 0x42d4
PASS | DMEM Read -> 0xe6d7
PASS | IMEM Read -> 0x89c2
PASS | DMEM Read -> 0x6882
PASS | IMEM Read -> 0x2515
PASS | DMEM Read -> 0xacce
PASS | IMEM Read -> 0xfe9d
PASS | DMEM Read -> 0xxxxx
PASS | IMEM Read -> 0xa11a
PASS | DMEM Read Disabled -> 0x0
PASS | IMEM Read -> 0x989c
PASS | DMEM Read -> 0xcae5
PASS | IMEM Read -> 0x64d
PASS | DMEM Read Disabled -> 0x0
PASS | IMEM Read -> 0x99f
PASS | DMEM Read -> 0xad9f
PASS | IMEM Read -> 0x852a
PASS | DMEM Read Disabled -> 0x0
PASS | IMEM Read -> 0x4499
PASS | DMEM Read Disabled -> 0x0
PASS | IMEM Read -> 0x9278
PASS | DMEM Read Disabled -> 0x0
PASS | IMEM Read -> 0x6d
PASS | DMEM Read Disabled -> 0x0
PASS | IMEM Read -> 0x915b
PASS | DMEM Read Disabled -> 0x0
PASS | IMEM Read -> 0xb297
PASS | DMEM Read Disabled -> 0x0
PASS | IMEM Read -> 0x510
PASS | DMEM Read -> 0xc726
PASS | IMEM Read -> 0x438b
PASS | DMEM Read -> 0x66ea
PASS | IMEM Read -> 0x915b
PASS | DMEM Read -> 0xxxxx
PASS | IMEM Read -> 0xa09d
PASS | DMEM Read -> 0x65cf
PASS | IMEM Read -> 0xbf0f
PASS | DMEM Read -> 0xb49b
PASS | IMEM Read -> 0x173e
PASS | DMEM Read -> 0x315b
PASS | IMEM Read -> 0x2e45
PASS | DMEM Read Disabled -> 0x0
PASS | IMEM Read -> 0x100c
PASS | DMEM Read Disabled -> 0x0
PASS | IMEM Read -> 0x9537
PASS | DMEM Read Disabled -> 0x0
PASS | IMEM Read -> 0xb4ca
PASS | DMEM Read Disabled -> 0x0
PASS | IMEM Read -> 0x4499
PASS | DMEM Read Disabled -> 0x0
PASS | IMEM Read -> 0x2e45
PASS | DMEM Read Disabled -> 0x0
PASS | IMEM Read -> 0x5d47
PASS | DMEM Read Disabled -> 0x0
PASS | IMEM Read -> 0x7a48
PASS | DMEM Read Disabled -> 0x0
PASS | IMEM Read -> 0x24b8
PASS | DMEM Read Disabled -> 0x0
PASS | IMEM Read -> 0xef8f
PASS | DMEM Read -> 0x2532
PASS | IMEM Read -> 0x94e5
PASS | DMEM Read Disabled -> 0x0
PASS | IMEM Read -> 0xe469
PASS | DMEM Read Disabled -> 0x0
PASS | IMEM Read -> 0xdca6
PASS | DMEM Read -> 0xxxxx
PASS | IMEM Read -> 0x8f67
PASS | DMEM Read -> 0x7a44
PASS | IMEM Read -> 0x5b80
PASS | DMEM Read -> 0x5853
PASS | IMEM Read -> 0xe624
PASS | DMEM Read Disabled -> 0x0
PASS | IMEM Read -> 0x335
PASS | DMEM Read Disabled -> 0x0
PASS | IMEM Read -> 0xa5fc
PASS | DMEM Read Disabled -> 0x0
PASS | IMEM Read -> 0x34bb
PASS | DMEM Read Disabled -> 0x0
PASS | IMEM Read -> 0x57aa
PASS | DMEM Read Disabled -> 0x0
PASS | IMEM Read -> 0x2ae3
PASS | DMEM Read Disabled -> 0x0
PASS | IMEM Read -> 0x477c
PASS | DMEM Read Disabled -> 0x0
PASS | IMEM Read -> 0xe79
PASS | DMEM Read Disabled -> 0x0
PASS | IMEM Read -> 0xcd6c
PASS | DMEM Read Disabled -> 0x0
PASS | IMEM Read -> 0x100c
PASS | DMEM Read -> 0xcd5a
PASS | IMEM Read -> 0xdf0f
PASS | DMEM Read -> 0x4080
PASS | IMEM Read -> 0x2885
PASS | DMEM Read Disabled -> 0x0
PASS | IMEM Read -> 0x4391
PASS | DMEM Read Disabled -> 0x0
PASS | IMEM Read -> 0xd334
PASS | DMEM Read Disabled -> 0x0
PASS | IMEM Read -> 0x2bca
PASS | DMEM Read Disabled -> 0x0
PASS | IMEM Read -> 0x3c68
PASS | DMEM Read Disabled -> 0x0
PASS | IMEM Read -> 0x433a
PASS | DMEM Read Disabled -> 0x0
PASS | IMEM Read -> 0xef8f
PASS | DMEM Read Disabled -> 0x0
PASS | IMEM Read -> 0x9767
PASS | DMEM Read -> 0xxxxx
PASS | IMEM Read -> 0xc440
PASS | DMEM Read Disabled -> 0x0
PASS | IMEM Read -> 0x2bca
PASS | DMEM Read Disabled -> 0x0
PASS | IMEM Read -> 0x39d1
PASS | DMEM Read -> 0x6e8e
PASS | IMEM Read -> 0xffea
PASS | DMEM Read -> 0xd290
PASS | IMEM Read -> 0x66bc
PASS | DMEM Read Disabled -> 0x0
PASS | IMEM Read -> 0xdf5b
PASS | DMEM Read Disabled -> 0x0
PASS | IMEM Read -> 0x1c3c
PASS | DMEM Read Disabled -> 0x0
PASS | IMEM Read -> 0x59e7
PASS | DMEM Read Disabled -> 0x0
PASS | IMEM Read -> 0xfd2f
PASS | DMEM Read Disabled -> 0x0
PASS | IMEM Read -> 0x2f16
PASS | DMEM Read Disabled -> 0x0
PASS | IMEM Read -> 0x7774
PASS | DMEM Read -> 0x50ce
PASS | IMEM Read -> 0x7cbc
PASS | DMEM Read Disabled -> 0x0
PASS | IMEM Read -> 0x9547
PASS | DMEM Read Disabled -> 0x0
PASS | IMEM Read -> 0x2bca
PASS | DMEM Read Disabled -> 0x0
PASS | IMEM Read -> 0xce65
PASS | DMEM Read Disabled -> 0x0
PASS | IMEM Read -> 0xa738
PASS | DMEM Read -> 0x1a05
PASS | IMEM Read -> 0x6e2a
PASS | DMEM Read Disabled -> 0x0
PASS | IMEM Read -> 0x5e7c
PASS | DMEM Read -> 0xxxxx
PASS | IMEM Read -> 0x9767
PASS | DMEM Read Disabled -> 0x0
PASS | IMEM Read -> 0xa5fc
PASS | DMEM Read Disabled -> 0x0
PASS | IMEM Read -> 0x7cbc
PASS | DMEM Read Disabled -> 0x0
PASS | IMEM Read -> 0x3d3
PASS | DMEM Read Disabled -> 0x0
PASS | IMEM Read -> 0xa22d
PASS | DMEM Read Disabled -> 0x0
PASS | IMEM Read -> 0x901d
PASS | DMEM Read Disabled -> 0x0
PASS | IMEM Read -> 0x53f6
PASS | DMEM Read Disabled -> 0x0
PASS | IMEM Read -> 0xfd1
PASS | DMEM Read -> 0x2e07
PASS | IMEM Read -> 0x8b9a
PASS | DMEM Read Disabled -> 0x0
PASS | IMEM Read -> 0xb8f2
PASS | DMEM Read -> 0xb238
PASS | IMEM Read -> 0x24b8
PASS | DMEM Read -> 0x1bfb
PASS | IMEM Read -> 0x29eb
PASS | DMEM Read Disabled -> 0x0
PASS | IMEM Read -> 0x4499
PASS | DMEM Read Disabled -> 0x0
PASS | IMEM Read -> 0x4c71
PASS | DMEM Read Disabled -> 0x0
PASS | IMEM Read -> 0xc6d2
PASS | DMEM Read -> 0xfc5f
PASS | IMEM Read -> 0xc5
PASS | DMEM Read Disabled -> 0x0
PASS | IMEM Read -> 0x2c36
PASS | DMEM Read Disabled -> 0x0
PASS | IMEM Read -> 0xbda7
PASS | DMEM Read Disabled -> 0x0
PASS | IMEM Read -> 0x96be
PASS | DMEM Read Disabled -> 0x0
PASS | IMEM Read -> 0x2f16
PASS | DMEM Read Disabled -> 0x0
PASS | IMEM Read -> 0x8e1f
PASS | DMEM Read Disabled -> 0x0
PASS | IMEM Read -> 0xfd2f
PASS | DMEM Read -> 0x888d
PASS | IMEM Read -> 0x9ea3
PASS | DMEM Read -> 0x97cc
PASS | IMEM Read -> 0xa5fc
PASS | DMEM Read -> 0xxxxx
PASS | IMEM Read -> 0xfd1
PASS | DMEM Read Disabled -> 0x0
PASS | IMEM Read -> 0x5160
PASS | DMEM Read Disabled -> 0x0
PASS | IMEM Read -> 0x901d
PASS | DMEM Read -> 0x6d65
PASS | IMEM Read -> 0xc47
PASS | DMEM Read -> 0xd1d7
PASS | IMEM Read -> 0xb69e
PASS | DMEM Read Disabled -> 0x0
PASS | IMEM Read -> 0xc5
PASS | DMEM Read -> 0x7866
PASS | IMEM Read -> 0x18b7
PASS | DMEM Read Disabled -> 0x0
PASS | IMEM Read -> 0x6f20
PASS | DMEM Read Disabled -> 0x0
PASS | IMEM Read -> 0x390f
PASS | DMEM Read Disabled -> 0x0
PASS | IMEM Read -> 0x173e
PASS | DMEM Read Disabled -> 0x0
PASS | IMEM Read -> 0xa323
PASS | DMEM Read Disabled -> 0x0
PASS | IMEM Read -> 0xc440
PASS | DMEM Read Disabled -> 0x0
PASS | IMEM Read -> 0x3a12
PASS | DMEM Read -> 0x22a1
PASS | IMEM Read -> 0x2ea6
PASS | DMEM Read -> 0xc2
PASS | IMEM Read -> 0xffea
PASS | DMEM Read Disabled -> 0x0
PASS | IMEM Read -> 0xe441
PASS | DMEM Read Disabled -> 0x0
PASS | IMEM Read -> 0x1c3c
PASS | DMEM Read Disabled -> 0x0
PASS | IMEM Read -> 0xe47f
PASS | DMEM Read -> 0x3aa6
PASS | IMEM Read -> 0xe853
PASS | DMEM Read Disabled -> 0x0
PASS | IMEM Read -> 0x848c
PASS | DMEM Read Disabled -> 0x0
PASS | IMEM Read -> 0x6d
PASS | DMEM Read Disabled -> 0x0
PASS | IMEM Read -> 0xfab
PASS | DMEM Read Disabled -> 0x0
PASS | IMEM Read -> 0x1c3c
PASS | DMEM Read -> 0x14a3
PASS | IMEM Read -> 0xe79
PASS | DMEM Read Disabled -> 0x0
PASS | IMEM Read -> 0x723d
PASS | DMEM Read Disabled -> 0x0
PASS | IMEM Read -> 0x3e2
PASS | DMEM Read Disabled -> 0x0
PASS | IMEM Read -> 0xb1b8
PASS | DMEM Read -> 0x6b5c
PASS | IMEM Read -> 0x438b
PASS | DMEM Read -> 0xdab2
PASS | IMEM Read -> 0x7c6d
PASS | DMEM Read Disabled -> 0x0
PASS | IMEM Read -> 0xa5fc
PASS | DMEM Read Disabled -> 0x0
PASS | IMEM Read -> 0x2bca
PASS | DMEM Read Disabled -> 0x0
PASS | IMEM Read -> 0x9767
PASS | DMEM Read -> 0x164e
PASS | IMEM Read -> 0x242
PASS | DMEM Read -> 0x7a44
PASS | IMEM Read -> 0xef4
PASS | DMEM Read Disabled -> 0x0
PASS | IMEM Read -> 0x5b80
PASS | DMEM Read -> 0xxxxx
PASS | IMEM Read -> 0xfbe2
PASS | DMEM Read Disabled -> 0x0
PASS | IMEM Read -> 0x4601
PASS | DMEM Read -> 0xxxxx
PASS | IMEM Read -> 0x2999
PASS | DMEM Read Disabled -> 0x0
PASS | IMEM Read -> 0xa55c
PASS | DMEM Read -> 0xxxxx
PASS | IMEM Read -> 0x91f7
PASS | DMEM Read Disabled -> 0x0
PASS | IMEM Read -> 0x9c8c
PASS | DMEM Read Disabled -> 0x0
PASS | IMEM Read -> 0xbacc
PASS | DMEM Read -> 0xe136
PASS | IMEM Read -> 0x1c45
PASS | DMEM Read -> 0x164e
PASS | IMEM Read -> 0xa22d
PASS | DMEM Read -> 0xxxxx
PASS | IMEM Read -> 0x1c4c
PASS | DMEM Read -> 0x214f
PASS | IMEM Read -> 0xb815
PASS | DMEM Read -> 0xcd5a
PASS | IMEM Read -> 0x2e45
PASS | DMEM Read -> 0x2d1c
PASS | IMEM Read -> 0xe469
PASS | DMEM Read -> 0x30b
PASS | IMEM Read -> 0xfbe2
PASS | DMEM Read Disabled -> 0x0
PASS | IMEM Read -> 0xe89
PASS | DMEM Read Disabled -> 0x0
PASS | IMEM Read -> 0x9bfb
PASS | DMEM Read -> 0x1151
PASS | IMEM Read -> 0x386b
PASS | DMEM Read -> 0xea17
PASS | IMEM Read -> 0x17db
PASS | DMEM Read Disabled -> 0x0
PASS | IMEM Read -> 0x1c3c
PASS | DMEM Read -> 0xxxxx
PASS | IMEM Read -> 0xfab
PASS | DMEM Read -> 0x6b5c
PASS | IMEM Read -> 0xa55c
PASS | DMEM Read Disabled -> 0x0
PASS | IMEM Read -> 0xb1b8
PASS | DMEM Read -> 0x6e8e
PASS | IMEM Read -> 0x5bfc
PASS | DMEM Read Disabled -> 0x0
PASS | IMEM Read -> 0xcc49
PASS | DMEM Read -> 0x5152
PASS | IMEM Read -> 0x80ed
PASS | DMEM Read Disabled -> 0x0
PASS | IMEM Read -> 0x433a
PASS | DMEM Read Disabled -> 0x0
PASS | IMEM Read -> 0x37d
PASS | DMEM Read -> 0xa778
PASS | IMEM Read -> 0x7fb1
PASS | DMEM Read Disabled -> 0x0
PASS | IMEM Read -> 0x5a0a
PASS | DMEM Read Disabled -> 0x0
PASS | IMEM Read -> 0xa323
PASS | DMEM Read Disabled -> 0x0
PASS | IMEM Read -> 0x891
PASS | DMEM Read Disabled -> 0x0
PASS | IMEM Read -> 0x6d
PASS | DMEM Read Disabled -> 0x0
PASS | IMEM Read -> 0x66bc
PASS | DMEM Read Disabled -> 0x0
PASS | IMEM Read -> 0x92a3
PASS | DMEM Read Disabled -> 0x0
PASS | IMEM Read -> 0x4340
PASS | DMEM Read Disabled -> 0x0
PASS | IMEM Read -> 0x2cc8
PASS | DMEM Read Disabled -> 0x0
PASS | IMEM Read -> 0x57aa
PASS | DMEM Read Disabled -> 0x0
PASS | IMEM Read -> 0x5e7c
PASS | DMEM Read Disabled -> 0x0
PASS | IMEM Read -> 0x61cd
PASS | DMEM Read Disabled -> 0x0
PASS | IMEM Read -> 0x5a4a
PASS | DMEM Read Disabled -> 0x0
PASS | IMEM Read -> 0xe89
PASS | DMEM Read -> 0x7ee5
PASS | IMEM Read -> 0x33fd
PASS | DMEM Read Disabled -> 0x0
PASS | IMEM Read -> 0x3e2
PASS | DMEM Read Disabled -> 0x0
PASS | IMEM Read -> 0x57f6
PASS | DMEM Read Disabled -> 0x0
PASS | IMEM Read -> 0xe213
PASS | DMEM Read Disabled -> 0x0
PASS | IMEM Read -> 0x59e7
PASS | DMEM Read Disabled -> 0x0
PASS | IMEM Read -> 0x57aa
PASS | DMEM Read -> 0x939e
PASS | IMEM Read -> 0x91f7
PASS | DMEM Read Disabled -> 0x0
PASS | IMEM Read -> 0xfd1
PASS | DMEM Read -> 0xb238
PASS | IMEM Read -> 0x3c68
PASS | DMEM Read Disabled -> 0x0
PASS | IMEM Read -> 0xd70
PASS | DMEM Read Disabled -> 0x0
PASS | IMEM Read -> 0x4d4f
PASS | DMEM Read Disabled -> 0x0
PASS | IMEM Read -> 0xef4
PASS | DMEM Read Disabled -> 0x0
PASS | IMEM Read -> 0xca4e
PASS | DMEM Read -> 0xe7dc
PASS | IMEM Read -> 0x6da5
PASS | DMEM Read Disabled -> 0x0
PASS | IMEM Read -> 0x6c02
PASS | DMEM Read -> 0xe136
PASS | IMEM Read -> 0x2c36
PASS | DMEM Read Disabled -> 0x0
PASS | IMEM Read -> 0xa5fc
PASS | DMEM Read -> 0x83d
PASS | IMEM Read -> 0xe47f
PASS | DMEM Read -> 0x870c
PASS | IMEM Read -> 0xed88
PASS | DMEM Read Disabled -> 0x0
PASS | IMEM Read -> 0x651d
PASS | DMEM Read Disabled -> 0x0
PASS | IMEM Read -> 0x173e
PASS | DMEM Read Disabled -> 0x0
PASS | IMEM Read -> 0xf023
PASS | DMEM Read Disabled -> 0x0
PASS | IMEM Read -> 0x34bb
PASS | DMEM Read -> 0x3326
PASS | IMEM Read -> 0xc47
PASS | DMEM Read Disabled -> 0x0
PASS | IMEM Read -> 0xb32f
PASS | DMEM Read -> 0xb8e9
PASS | IMEM Read -> 0x25f6
PASS | DMEM Read Disabled -> 0x0
PASS | IMEM Read -> 0x38bf
PASS | DMEM Read Disabled -> 0x0
PASS | IMEM Read -> 0xc1c3
PASS | DMEM Read Disabled -> 0x0
PASS | IMEM Read -> 0x38bf
PASS | DMEM Read Disabled -> 0x0
PASS | IMEM Read -> 0xcd6c
PASS | DMEM Read Disabled -> 0x0
PASS | IMEM Read -> 0xce65
PASS | DMEM Read Disabled -> 0x0
PASS | IMEM Read -> 0xe969
PASS | DMEM Read Disabled -> 0x0
PASS | IMEM Read -> 0x100c
PASS | DMEM Read Disabled -> 0x0
PASS | IMEM Read -> 0xca4e
PASS | DMEM Read Disabled -> 0x0
PASS | IMEM Read -> 0x7c6d
PASS | DMEM Read -> 0xd9cb
PASS | IMEM Read -> 0x2cad
PASS | DMEM Read -> 0x30b
PASS | IMEM Read -> 0xe96d
PASS | DMEM Read Disabled -> 0x0
PASS | IMEM Read -> 0xbf0f
PASS | DMEM Read -> 0xxxxx
PASS | IMEM Read -> 0x5b80
PASS | DMEM Read -> 0x928e
PASS | IMEM Read -> 0x2515
PASS | DMEM Read Disabled -> 0x0
PASS | IMEM Read -> 0x60db
PASS | DMEM Read Disabled -> 0x0
PASS | IMEM Read -> 0xdab4
PASS | DMEM Read Disabled -> 0x0
PASS | IMEM Read -> 0x89c2
PASS | DMEM Read -> 0xfc0
PASS | IMEM Read -> 0x808f
PASS | DMEM Read Disabled -> 0x0
PASS | IMEM Read -> 0x18b7
PASS | DMEM Read -> 0xd56e
PASS | IMEM Read -> 0xb8f2
PASS | DMEM Read -> 0x83fa
PASS | IMEM Read -> 0xe89
PASS | DMEM Read Disabled -> 0x0
PASS | IMEM Read -> 0xe853
PASS | DMEM Read Disabled -> 0x0
PASS | IMEM Read -> 0x2885
PASS | DMEM Read Disabled -> 0x0
PASS | IMEM Read -> 0xef8f
PASS | DMEM Read -> 0x7de8
PASS | IMEM Read -> 0xa323
PASS | DMEM Read Disabled -> 0x0
PASS | IMEM Read -> 0x8e3
PASS | DMEM Read Disabled -> 0x0
PASS | IMEM Read -> 0x1c4c
PASS | DMEM Read Disabled -> 0x0
PASS | IMEM Read -> 0x510
PASS | DMEM Read Disabled -> 0x0
PASS | IMEM Read -> 0xe969
PASS | DMEM Read Disabled -> 0x0
PASS | IMEM Read -> 0xc40a
PASS | DMEM Read Disabled -> 0x0
PASS | IMEM Read -> 0xf023
PASS | DMEM Read -> 0x8735
PASS | IMEM Read -> 0xbacc
PASS | DMEM Read Disabled -> 0x0
PASS | IMEM Read -> 0xd321
PASS | DMEM Read Disabled -> 0x0
PASS | IMEM Read -> 0x9ea3
PASS | DMEM Read -> 0xxxxx
PASS | IMEM Read -> 0xbe18
PASS | DMEM Read Disabled -> 0x0
PASS | IMEM Read -> 0xfe9d
PASS | DMEM Read Disabled -> 0x0
PASS | IMEM Read -> 0xc6ec
PASS | DMEM Read Disabled -> 0x0
PASS | IMEM Read -> 0xe75b
PASS | DMEM Read Disabled -> 0x0
PASS | IMEM Read -> 0xe89
PASS | DMEM Read Disabled -> 0x0
PASS | IMEM Read -> 0x63f9
PASS | DMEM Read Disabled -> 0x0
PASS | IMEM Read -> 0xb69e
PASS | DMEM Read Disabled -> 0x0
PASS | IMEM Read -> 0x8b9a
PASS | DMEM Read Disabled -> 0x0
PASS | IMEM Read -> 0xcd6c
PASS | DMEM Read -> 0xf270
PASS | IMEM Read -> 0x9026
PASS | DMEM Read Disabled -> 0x0
PASS | IMEM Read -> 0xa09d
PASS | DMEM Read Disabled -> 0x0
PASS | IMEM Read -> 0x1bba
PASS | DMEM Read Disabled -> 0x0
PASS | IMEM Read -> 0xfd1
PASS | DMEM Read -> 0x8f71
PASS | IMEM Read -> 0x9bfb
PASS | DMEM Read Disabled -> 0x0
PASS | IMEM Read -> 0xcd22
PASS | DMEM Read Disabled -> 0x0
PASS | IMEM Read -> 0x3e2
PASS | DMEM Read Disabled -> 0x0
PASS | IMEM Read -> 0x3e2
PASS | DMEM Read -> 0xf74e
PASS | IMEM Read -> 0x12b3
PASS | DMEM Read Disabled -> 0x0
PASS | IMEM Read -> 0x38bf
PASS | DMEM Read Disabled -> 0x0
PASS | IMEM Read -> 0x2e70
PASS | DMEM Read Disabled -> 0x0
PASS | IMEM Read -> 0xe213
PASS | DMEM Read Disabled -> 0x0
PASS | IMEM Read -> 0x6c02
PASS | DMEM Read Disabled -> 0x0
PASS | IMEM Read -> 0x97ed
PASS | DMEM Read Disabled -> 0x0
PASS | IMEM Read -> 0xc5b9
PASS | DMEM Read Disabled -> 0x0
PASS | IMEM Read -> 0xc606
PASS | DMEM Read Disabled -> 0x0
PASS | IMEM Read -> 0xd304
PASS | DMEM Read Disabled -> 0x0
PASS | IMEM Read -> 0x3d3
PASS | DMEM Read -> 0x9424
PASS | IMEM Read -> 0xa738
PASS | DMEM Read Disabled -> 0x0
PASS | IMEM Read -> 0x433a
PASS | DMEM Read Disabled -> 0x0
PASS | IMEM Read -> 0x2b2c
PASS | DMEM Read Disabled -> 0x0
PASS | IMEM Read -> 0xf8b3
PASS | DMEM Read Disabled -> 0x0
PASS | IMEM Read -> 0x5160
PASS | DMEM Read -> 0xa8d6
PASS | IMEM Read -> 0xb69e
PASS | DMEM Read -> 0xf890
PASS | IMEM Read -> 0xce65
PASS | DMEM Read Disabled -> 0x0
PASS | IMEM Read -> 0x4499
PASS | DMEM Read Disabled -> 0x0
PASS | IMEM Read -> 0xf33
PASS | DMEM Read Disabled -> 0x0
PASS | IMEM Read -> 0x4499
PASS | DMEM Read Disabled -> 0x0
PASS | IMEM Read -> 0xe853
PASS | DMEM Read Disabled -> 0x0
PASS | IMEM Read -> 0x2e70
PASS | DMEM Read Disabled -> 0x0
PASS | IMEM Read -> 0x901d
PASS | DMEM Read Disabled -> 0x0
PASS | IMEM Read -> 0x2c36
PASS | DMEM Read -> 0xxxxx
PASS | IMEM Read -> 0x39d1
PASS | DMEM Read -> 0xfd62
PASS | IMEM Read -> 0xe842
PASS | DMEM Read -> 0xxxxx
PASS | IMEM Read -> 0xe213
PASS | DMEM Read Disabled -> 0x0
PASS | IMEM Read -> 0x4d4f
PASS | DMEM Read Disabled -> 0x0
PASS | IMEM Read -> 0x2e45
PASS | DMEM Read -> 0x6174
PASS | IMEM Read -> 0x2c36
PASS | DMEM Read Disabled -> 0x0
PASS | IMEM Read -> 0x59f3
PASS | DMEM Read Disabled -> 0x0
PASS | IMEM Read -> 0x989c
PASS | DMEM Read Disabled -> 0x0
PASS | IMEM Read -> 0xdf0f
PASS | DMEM Read -> 0xe14
PASS | IMEM Read -> 0xce65
PASS | DMEM Read Disabled -> 0x0
PASS | IMEM Read -> 0x5a76
PASS | DMEM Read Disabled -> 0x0
PASS | IMEM Read -> 0xca4e
PASS | DMEM Read -> 0xcb67
PASS | IMEM Read -> 0x989c
PASS | DMEM Read Disabled -> 0x0
PASS | IMEM Read -> 0x29eb
PASS | DMEM Read Disabled -> 0x0
PASS | IMEM Read -> 0x891
PASS | DMEM Read -> 0x8cda
PASS | IMEM Read -> 0xc606
PASS | DMEM Read Disabled -> 0x0
PASS | IMEM Read -> 0x7a48
PASS | DMEM Read -> 0x22a1
PASS | IMEM Read -> 0xe842
PASS | DMEM Read Disabled -> 0x0
PASS | IMEM Read -> 0x2566
PASS | DMEM Read -> 0x776b
PASS | IMEM Read -> 0x4d4f
PASS | DMEM Read Disabled -> 0x0
PASS | IMEM Read -> 0xc0a0
PASS | DMEM Read Disabled -> 0x0
PASS | IMEM Read -> 0x3423
PASS | DMEM Read Disabled -> 0x0
PASS | IMEM Read -> 0xa738
PASS | DMEM Read -> 0xcfe7
PASS | IMEM Read -> 0xee77
PASS | DMEM Read -> 0x802f
PASS | IMEM Read -> 0x4f2e
PASS | DMEM Read Disabled -> 0x0
PASS | IMEM Read -> 0x91f7
PASS | DMEM Read -> 0xdddf
PASS | IMEM Read -> 0x9ea3
PASS | DMEM Read Disabled -> 0x0
PASS | IMEM Read -> 0x60db
PASS | DMEM Read Disabled -> 0x0
PASS | IMEM Read -> 0x4601
PASS | DMEM Read -> 0x912b
PASS | IMEM Read -> 0x4601
PASS | DMEM Read Disabled -> 0x0
PASS | IMEM Read -> 0x91b
PASS | DMEM Read Disabled -> 0x0
PASS | IMEM Read -> 0xcd6c
PASS | DMEM Read Disabled -> 0x0
PASS | IMEM Read -> 0x2885
PASS | DMEM Read Disabled -> 0x0
PASS | IMEM Read -> 0x60db
PASS | DMEM Read Disabled -> 0x0
PASS | IMEM Read -> 0xd40c
PASS | DMEM Read -> 0x782e
PASS | IMEM Read -> 0xdd2b
PASS | DMEM Read Disabled -> 0x0
PASS | IMEM Read -> 0x5a76
PASS | DMEM Read Disabled -> 0x0
PASS | IMEM Read -> 0x92a3
PASS | DMEM Read -> 0x2641
PASS | IMEM Read -> 0x8e3
PASS | DMEM Read -> 0x2f12
PASS | IMEM Read -> 0x2b2c
PASS | DMEM Read Disabled -> 0x0
PASS | IMEM Read -> 0xa11a
PASS | DMEM Read Disabled -> 0x0
PASS | IMEM Read -> 0x92a3
PASS | DMEM Read Disabled -> 0x0
PASS | IMEM Read -> 0xe79
PASS | DMEM Read -> 0x6f69
PASS | IMEM Read -> 0x651d
PASS | DMEM Read Disabled -> 0x0
PASS | IMEM Read -> 0x92a3
PASS | DMEM Read Disabled -> 0x0
PASS | IMEM Read -> 0x433a
PASS | DMEM Read -> 0x9d7e
PASS | IMEM Read -> 0x2cc8
PASS | DMEM Read -> 0xa0ff
PASS | IMEM Read -> 0x433a
PASS | DMEM Read Disabled -> 0x0
PASS | IMEM Read -> 0x477c
PASS | DMEM Read Disabled -> 0x0
PASS | IMEM Read -> 0x242
PASS | DMEM Read Disabled -> 0x0
PASS | IMEM Read -> 0x4fc8
PASS | DMEM Read -> 0x2d1c
PASS | IMEM Read -> 0xd40c
PASS | DMEM Read Disabled -> 0x0
PASS | IMEM Read -> 0x63f9
PASS | DMEM Read Disabled -> 0x0
PASS | IMEM Read -> 0x1c4c
PASS | DMEM Read Disabled -> 0x0
PASS | IMEM Read -> 0x4f12
PASS | DMEM Read Disabled -> 0x0
PASS | IMEM Read -> 0x3a12
PASS | DMEM Read Disabled -> 0x0
PASS | IMEM Read -> 0xb097
PASS | DMEM Read Disabled -> 0x0
PASS | IMEM Read -> 0xca9
PASS | DMEM Read Disabled -> 0x0
PASS | IMEM Read -> 0x2515
PASS | DMEM Read Disabled -> 0x0
PASS | IMEM Read -> 0xc440
PASS | DMEM Read -> 0xxxxx
PASS | IMEM Read -> 0x89c2
PASS | DMEM Read -> 0x8bfd
PASS | IMEM Read -> 0x80ac
PASS | DMEM Read Disabled -> 0x0
PASS | IMEM Read -> 0x494f
PASS | DMEM Read Disabled -> 0x0
PASS | IMEM Read -> 0x2cad
PASS | DMEM Read Disabled -> 0x0
PASS | IMEM Read -> 0x5a0a
PASS | DMEM Read -> 0x562
PASS | IMEM Read -> 0x96ec
PASS | DMEM Read Disabled -> 0x0
PASS | IMEM Read -> 0x37d
PASS | DMEM Read Disabled -> 0x0
PASS | IMEM Read -> 0x8341
PASS | DMEM Read Disabled -> 0x0
PASS | IMEM Read -> 0x6da5
PASS | DMEM Read Disabled -> 0x0
PASS | IMEM Read -> 0x29eb
PASS | DMEM Read Disabled -> 0x0
PASS | IMEM Read -> 0x390f
PASS | DMEM Read Disabled -> 0x0
PASS | IMEM Read -> 0x335
PASS | DMEM Read Disabled -> 0x0
PASS | IMEM Read -> 0x700e
PASS | DMEM Read Disabled -> 0x0
PASS | IMEM Read -> 0x891
PASS | DMEM Read -> 0xe626
PASS | IMEM Read -> 0x4d4f
PASS | DMEM Read Disabled -> 0x0
PASS | IMEM Read -> 0xcc49
PASS | DMEM Read -> 0xa0bc
PASS | IMEM Read -> 0x433a
PASS | DMEM Read Disabled -> 0x0
PASS | IMEM Read -> 0x698f
PASS | DMEM Read -> 0x38a5
PASS | IMEM Read -> 0xebf8
PASS | DMEM Read -> 0x3bf
PASS | IMEM Read -> 0x2e70
PASS | DMEM Read -> 0x42d9
PASS | IMEM Read -> 0xc0a0
PASS | DMEM Read -> 0x7311
PASS | IMEM Read -> 0xdf5b
PASS | DMEM Read Disabled -> 0x0
PASS | IMEM Read -> 0xc440
PASS | DMEM Read -> 0x928e
PASS | IMEM Read -> 0xca4e
PASS | DMEM Read -> 0xe8fa
PASS | IMEM Read -> 0xb097
PASS | DMEM Read -> 0x164e
PASS | IMEM Read -> 0x5a0a
PASS | DMEM Read Disabled -> 0x0
PASS | IMEM Read -> 0x47aa
PASS | DMEM Read Disabled -> 0x0
PASS | IMEM Read -> 0x6c02
PASS | DMEM Read -> 0x3492
PASS | IMEM Read -> 0x8e1f
PASS | DMEM Read -> 0x29f2
PASS | IMEM Read -> 0xe469
PASS | DMEM Read Disabled -> 0x0
PASS | IMEM Read -> 0x335
PASS | DMEM Read -> 0xea2b
PASS | IMEM Read -> 0x4f12
PASS | DMEM Read -> 0x9424
PASS | IMEM Read -> 0x7cbc
PASS | DMEM Read Disabled -> 0x0
PASS | IMEM Read -> 0x79f7
PASS | DMEM Read Disabled -> 0x0
PASS | IMEM Read -> 0x6f20
PASS | DMEM Read Disabled -> 0x0
PASS | IMEM Read -> 0x433a
PASS | DMEM Read Disabled -> 0x0
PASS | IMEM Read -> 0x37d
PASS | DMEM Read Disabled -> 0x0
PASS | IMEM Read -> 0x1c45
PASS | DMEM Read -> 0xfc0
PASS | IMEM Read -> 0x494f
PASS | DMEM Read Disabled -> 0x0
PASS | IMEM Read -> 0x2abe
PASS | DMEM Read Disabled -> 0x0
PASS | IMEM Read -> 0x39d1
PASS | DMEM Read -> 0xd2d5
PASS | IMEM Read -> 0xd304
PASS | DMEM Read Disabled -> 0x0
PASS | IMEM Read -> 0xb43f
PASS | DMEM Read Disabled -> 0x0
PASS | IMEM Read -> 0x4d4f
PASS | DMEM Read Disabled -> 0x0
PASS | IMEM Read -> 0x2999
PASS | DMEM Read Disabled -> 0x0
PASS | IMEM Read -> 0xa738
PASS | DMEM Read Disabled -> 0x0
PASS | IMEM Read -> 0x47aa
PASS | DMEM Read Disabled -> 0x0
PASS | IMEM Read -> 0x3a12
PASS | DMEM Read -> 0x5a19
PASS | IMEM Read -> 0xebf8
PASS | DMEM Read Disabled -> 0x0
PASS | IMEM Read -> 0x2f16
PASS | DMEM Read Disabled -> 0x0
PASS | IMEM Read -> 0x39d1
PASS | DMEM Read -> 0xxxxx
PASS | IMEM Read -> 0x9ea3
PASS | DMEM Read -> 0xxxxx
PASS | IMEM Read -> 0xe624
PASS | DMEM Read Disabled -> 0x0
PASS | IMEM Read -> 0x5e7c
PASS | DMEM Read Disabled -> 0x0
PASS | IMEM Read -> 0x5e1a
PASS | DMEM Read Disabled -> 0x0
PASS | IMEM Read -> 0x6126
PASS | DMEM Read Disabled -> 0x0
PASS | IMEM Read -> 0x265e
PASS | DMEM Read Disabled -> 0x0
PASS | IMEM Read -> 0xc1c3
PASS | DMEM Read Disabled -> 0x0
PASS | IMEM Read -> 0xc6d2
PASS | DMEM Read Disabled -> 0x0
PASS | IMEM Read -> 0xc440
PASS | DMEM Read Disabled -> 0x0
PASS | IMEM Read -> 0x2c36
PASS | DMEM Read Disabled -> 0x0
PASS | IMEM Read -> 0xc6ec
PASS | DMEM Read Disabled -> 0x0
PASS | IMEM Read -> 0xa323
PASS | DMEM Read Disabled -> 0x0
PASS | IMEM Read -> 0x3423
PASS | DMEM Read Disabled -> 0x0
PASS | IMEM Read -> 0xa09d
PASS | DMEM Read Disabled -> 0x0
PASS | IMEM Read -> 0xc440
PASS | DMEM Read -> 0xf04e
PASS | IMEM Read -> 0x4156
PASS | DMEM Read Disabled -> 0x0
PASS | IMEM Read -> 0x4601
PASS | DMEM Read Disabled -> 0x0
PASS | IMEM Read -> 0xef4
PASS | DMEM Read Disabled -> 0x0
PASS | IMEM Read -> 0x1ec1
PASS | DMEM Read Disabled -> 0x0
PASS | IMEM Read -> 0xc6d2
PASS | DMEM Read Disabled -> 0x0
PASS | IMEM Read -> 0xb69e
PASS | DMEM Read -> 0xcadb
PASS | IMEM Read -> 0x390f
PASS | DMEM Read Disabled -> 0x0
PASS | IMEM Read -> 0xfd1
PASS | DMEM Read -> 0xb6a2
PASS | IMEM Read -> 0x6c02
PASS | DMEM Read Disabled -> 0x0
PASS | IMEM Read -> 0xd70
PASS | DMEM Read Disabled -> 0x0
PASS | IMEM Read -> 0xa262
PASS | DMEM Read -> 0xc3db
PASS | IMEM Read -> 0xdd2b
PASS | DMEM Read -> 0x7cb4
PASS | IMEM Read -> 0x390f
PASS | DMEM Read Disabled -> 0x0
PASS | IMEM Read -> 0xd8a8
PASS | DMEM Read -> 0x2532
PASS | IMEM Read -> 0x5b80
PASS | DMEM Read Disabled -> 0x0
PASS | IMEM Read -> 0xce65
PASS | DMEM Read Disabled -> 0x0
PASS | IMEM Read -> 0xb43f
PASS | DMEM Read -> 0xdb6c
PASS | IMEM Read -> 0x5f21
PASS | DMEM Read -> 0xd9fd
PASS | IMEM Read -> 0xb32f
PASS | DMEM Read -> 0xcadb
PASS | IMEM Read -> 0xca9
PASS | DMEM Read Disabled -> 0x0
PASS | IMEM Read -> 0x3d3
PASS | DMEM Read -> 0x30b
PASS | IMEM Read -> 0xb815
PASS | DMEM Read -> 0xa8d6
PASS | IMEM Read -> 0xb8f2
PASS | DMEM Read Disabled -> 0x0
PASS | IMEM Read -> 0xe842
PASS | DMEM Read -> 0xd8c0
PASS | IMEM Read -> 0x2515
PASS | DMEM Read -> 0xe6d7
PASS | IMEM Read -> 0xbf0f
PASS | DMEM Read Disabled -> 0x0
PASS | IMEM Read -> 0x53f6
PASS | DMEM Read -> 0x8b1f
PASS | IMEM Read -> 0x5a76
PASS | DMEM Read Disabled -> 0x0
PASS | IMEM Read -> 0x9547
PASS | DMEM Read Disabled -> 0x0
PASS | IMEM Read -> 0x5160
PASS | DMEM Read Disabled -> 0x0
PASS | IMEM Read -> 0x59f3
PASS | DMEM Read Disabled -> 0x0
PASS | IMEM Read -> 0xc47
PASS | DMEM Read Disabled -> 0x0
PASS | IMEM Read -> 0xc40a
PASS | DMEM Read -> 0xf890
PASS | IMEM Read -> 0x901a
PASS | DMEM Read -> 0xf74e
PASS | IMEM Read -> 0x265e
PASS | DMEM Read -> 0x1d32
PASS | IMEM Read -> 0xa8e8
PASS | DMEM Read -> 0xa666
PASS | IMEM Read -> 0x4340
PASS | DMEM Read Disabled -> 0x0
PASS | IMEM Read -> 0x3d3
PASS | DMEM Read -> 0xaf0b
PASS | IMEM Read -> 0x8b9a
PASS | DMEM Read Disabled -> 0x0
PASS | IMEM Read -> 0xbe50
PASS | DMEM Read -> 0x912b
PASS | IMEM Read -> 0x494f
PASS | DMEM Read Disabled -> 0x0
PASS | IMEM Read -> 0x510
PASS | DMEM Read Disabled -> 0x0
PASS | IMEM Read -> 0x5942
PASS | DMEM Read Disabled -> 0x0
PASS | IMEM Read -> 0x848c
PASS | DMEM Read Disabled -> 0x0
PASS | IMEM Read -> 0x59f3
PASS | DMEM Read -> 0xafb7
PASS | IMEM Read -> 0x63f9
PASS | DMEM Read Disabled -> 0x0
PASS | IMEM Read -> 0xc1c3
PASS | DMEM Read Disabled -> 0x0
PASS | IMEM Read -> 0x9278
PASS | DMEM Read -> 0x73f7
PASS | IMEM Read -> 0x5e1a
PASS | DMEM Read Disabled -> 0x0
PASS | IMEM Read -> 0x18b7
PASS | DMEM Read Disabled -> 0x0
PASS | IMEM Read -> 0xb43f
PASS | DMEM Read -> 0xd9fd
PASS | IMEM Read -> 0x25f6
PASS | DMEM Read Disabled -> 0x0
PASS | IMEM Read -> 0x42d4
PASS | DMEM Read -> 0x65f5
PASS | IMEM Read -> 0x1c3c
PASS | DMEM Read Disabled -> 0x0
PASS | IMEM Read -> 0xa22d
PASS | DMEM Read Disabled -> 0x0
PASS | IMEM Read -> 0x4c71
PASS | DMEM Read Disabled -> 0x0
PASS | IMEM Read -> 0xe469
PASS | DMEM Read Disabled -> 0x0
PASS | IMEM Read -> 0x568c
PASS | DMEM Read -> 0x36cf
PASS | IMEM Read -> 0x2abe
PASS | DMEM Read -> 0x830
PASS | IMEM Read -> 0x989c
PASS | DMEM Read -> 0xxxxx
PASS | IMEM Read -> 0x4f12
PASS | DMEM Read -> 0x94fb
PASS | IMEM Read -> 0x92a3
PASS | DMEM Read -> 0xa8b
PASS | IMEM Read -> 0x59f3
PASS | DMEM Read Disabled -> 0x0
PASS | IMEM Read -> 0x3c72
PASS | DMEM Read -> 0x2641
PASS | IMEM Read -> 0x390f
PASS | DMEM Read -> 0xb542
PASS | IMEM Read -> 0x433a
PASS | DMEM Read Disabled -> 0x0
PASS | IMEM Read -> 0x2b2c
PASS | DMEM Read -> 0xb91e
PASS | IMEM Read -> 0xb097
PASS | DMEM Read -> 0x74e
PASS | IMEM Read -> 0xe338
PASS | DMEM Read Disabled -> 0x0
PASS | IMEM Read -> 0xd8a8
PASS | DMEM Read Disabled -> 0x0
PASS | IMEM Read -> 0x5d0c
PASS | DMEM Read -> 0xxxxx
PASS | IMEM Read -> 0x80ac
PASS | DMEM Read Disabled -> 0x0
PASS | IMEM Read -> 0xe853
PASS | DMEM Read Disabled -> 0x0
PASS | IMEM Read -> 0xdf5b
PASS | DMEM Read -> 0xf589
PASS | IMEM Read -> 0xed88
PASS | DMEM Read -> 0x828
PASS | IMEM Read -> 0x2566
PASS | DMEM Read -> 0x469d
PASS | IMEM Read -> 0x8b9a
PASS | DMEM Read -> 0x5f31
PASS | IMEM Read -> 0x24b8
PASS | DMEM Read -> 0x5226
PASS | IMEM Read -> 0xb505
PASS | DMEM Read Disabled -> 0x0
PASS | IMEM Read -> 0x94e5
PASS | DMEM Read Disabled -> 0x0
PASS | IMEM Read -> 0x97ed
PASS | DMEM Read -> 0x6407
PASS | IMEM Read -> 0xdca6
PASS | DMEM Read Disabled -> 0x0
PASS | IMEM Read -> 0x77a7
PASS | DMEM Read Disabled -> 0x0
PASS | IMEM Read -> 0xef8f
PASS | DMEM Read Disabled -> 0x0
PASS | IMEM Read -> 0x24b8
PASS | DMEM Read -> 0x4733
PASS | IMEM Read -> 0x92a3
PASS | DMEM Read Disabled -> 0x0
PASS | IMEM Read -> 0x4340
PASS | DMEM Read Disabled -> 0x0
PASS | IMEM Read -> 0x100c
PASS | DMEM Read -> 0x62c0
PASS | IMEM Read -> 0x2566
PASS | DMEM Read Disabled -> 0x0
PASS | IMEM Read -> 0x63f9
PASS | DMEM Read -> 0x1a05
PASS | IMEM Read -> 0x79f7
PASS | DMEM Read -> 0xxxxx
PASS | IMEM Read -> 0xbb95
PASS | DMEM Read Disabled -> 0x0
PASS | IMEM Read -> 0xd8a8
PASS | DMEM Read -> 0xxxxx
PASS | IMEM Read -> 0x386b
PASS | DMEM Read -> 0xxxxx
PASS | IMEM Read -> 0x7f3d
PASS | DMEM Read Disabled -> 0x0
PASS | IMEM Read -> 0x6e2a
PASS | DMEM Read -> 0x5018
PASS | IMEM Read -> 0xa5fc
PASS | DMEM Read Disabled -> 0x0
PASS | IMEM Read -> 0xf023
PASS | DMEM Read -> 0xd798
PASS | IMEM Read -> 0x2e70
PASS | DMEM Read -> 0x3b0e
PASS | IMEM Read -> 0x901a
PASS | DMEM Read Disabled -> 0x0
PASS | IMEM Read -> 0xdf0f
PASS | DMEM Read Disabled -> 0x0
PASS | IMEM Read -> 0x8599
PASS | DMEM Read Disabled -> 0x0
PASS | IMEM Read -> 0xc5b9
PASS | DMEM Read -> 0x8756
PASS | IMEM Read -> 0xd70
PASS | DMEM Read Disabled -> 0x0
PASS | IMEM Read -> 0x12b3
PASS | DMEM Read Disabled -> 0x0
PASS | IMEM Read -> 0x4499
PASS | DMEM Read -> 0x7bb4
PASS | IMEM Read -> 0xc0a0
PASS | DMEM Read Disabled -> 0x0
PASS | IMEM Read -> 0x1c4c
PASS | DMEM Read Disabled -> 0x0
PASS | IMEM Read -> 0x9c8c
PASS | DMEM Read Disabled -> 0x0
PASS | IMEM Read -> 0x390f
PASS | DMEM Read Disabled -> 0x0
PASS | IMEM Read -> 0x9007
PASS | DMEM Read Disabled -> 0x0
PASS | IMEM Read -> 0xf33
PASS | DMEM Read Disabled -> 0x0
PASS | IMEM Read -> 0x7068
PASS | DMEM Read -> 0x1313
PASS | IMEM Read -> 0x57f6
PASS | DMEM Read Disabled -> 0x0
PASS | IMEM Read -> 0x65ca
PASS | DMEM Read -> 0x7758
PASS | IMEM Read -> 0xcc49
PASS | DMEM Read -> 0x28af
PASS | IMEM Read -> 0x901a
PASS | DMEM Read Disabled -> 0x0
PASS | IMEM Read -> 0xa8e8
PASS | DMEM Read Disabled -> 0x0
PASS | IMEM Read -> 0x7a48
PASS | DMEM Read Disabled -> 0x0
PASS | IMEM Read -> 0x3a12
PASS | DMEM Read Disabled -> 0x0
PASS | IMEM Read -> 0x89c2
PASS | DMEM Read -> 0x38a5
PASS | IMEM Read -> 0xebf8
PASS | DMEM Read Disabled -> 0x0
PASS | IMEM Read -> 0xc606
PASS | DMEM Read Disabled -> 0x0
PASS | IMEM Read -> 0x4601
PASS | DMEM Read -> 0xafa7
PASS | IMEM Read -> 0x8f67
PASS | DMEM Read -> 0xb542
PASS | IMEM Read -> 0xf8b3
PASS | DMEM Read -> 0x3bd6
PASS | IMEM Read -> 0xdf0f
PASS | DMEM Read Disabled -> 0x0
PASS | IMEM Read -> 0x723d
PASS | DMEM Read Disabled -> 0x0
PASS | IMEM Read -> 0x37d
PASS | DMEM Read Disabled -> 0x0
PASS | IMEM Read -> 0xb69e
PASS | DMEM Read Disabled -> 0x0
PASS | IMEM Read -> 0x6126
PASS | DMEM Read Disabled -> 0x0
PASS | IMEM Read -> 0xfbe2
PASS | DMEM Read Disabled -> 0x0
PASS | IMEM Read -> 0xf98d
PASS | DMEM Read Disabled -> 0x0
PASS | IMEM Read -> 0xef8f
PASS | DMEM Read Disabled -> 0x0
PASS | IMEM Read -> 0x901d
PASS | DMEM Read Disabled -> 0x0
PASS | IMEM Read -> 0x8a2b
PASS | DMEM Read Disabled -> 0x0
PASS | IMEM Read -> 0x5e7c
PASS | DMEM Read -> 0xc492
PASS | IMEM Read -> 0xc440
PASS | DMEM Read -> 0x11b1
PASS | IMEM Read -> 0x242
PASS | DMEM Read -> 0xd97
PASS | IMEM Read -> 0xa262
PASS | DMEM Read Disabled -> 0x0
PASS | IMEM Read -> 0xb815
PASS | DMEM Read Disabled -> 0x0
PASS | IMEM Read -> 0xcd22
PASS | DMEM Read Disabled -> 0x0
PASS | IMEM Read -> 0x5d0c
PASS | DMEM Read -> 0x4c73
PASS | IMEM Read -> 0x2566
PASS | DMEM Read Disabled -> 0x0
PASS | IMEM Read -> 0xe338
PASS | DMEM Read -> 0x8e05
PASS | IMEM Read -> 0x18b7
PASS | DMEM Read -> 0xbc80
PASS | IMEM Read -> 0xd304
PASS | DMEM Read -> 0x6f69
PASS | IMEM Read -> 0x4e73
PASS | DMEM Read Disabled -> 0x0
PASS | IMEM Read -> 0x1924
PASS | DMEM Read Disabled -> 0x0
PASS | IMEM Read -> 0x3e2
PASS | DMEM Read -> 0x7bb4
PASS | IMEM Read -> 0xdca6
PASS | DMEM Read Disabled -> 0x0
PASS | IMEM Read -> 0x59f3
PASS | DMEM Read Disabled -> 0x0
PASS | IMEM Read -> 0x8599
PASS | DMEM Read -> 0x4c73
PASS | IMEM Read -> 0x1913
PASS | DMEM Read -> 0x66ea
PASS | IMEM Read -> 0xa8e8
PASS | DMEM Read -> 0xxxxx
PASS | IMEM Read -> 0x4f2e
PASS | DMEM Read -> 0x4f82
PASS | IMEM Read -> 0x25f6
PASS | DMEM Read Disabled -> 0x0
PASS | IMEM Read -> 0xbf0f
PASS | DMEM Read -> 0xe93d
PASS | IMEM Read -> 0x2f16
PASS | DMEM Read Disabled -> 0x0
PASS | IMEM Read -> 0x7774
PASS | DMEM Read Disabled -> 0x0
PASS | IMEM Read -> 0xb8f2
PASS | DMEM Read Disabled -> 0x0
PASS | IMEM Read -> 0xc0a0
PASS | DMEM Read -> 0x1313
PASS | IMEM Read -> 0x510
PASS | DMEM Read Disabled -> 0x0
PASS | IMEM Read -> 0xbb95
PASS | DMEM Read Disabled -> 0x0
PASS | IMEM Read -> 0x3c72
PASS | DMEM Read Disabled -> 0x0
PASS | IMEM Read -> 0x1b56
PASS | DMEM Read -> 0xff4c
PASS | IMEM Read -> 0x31ce
PASS | DMEM Read -> 0xd290
PASS | IMEM Read -> 0x2e45
PASS | DMEM Read Disabled -> 0x0
PASS | IMEM Read -> 0xe96d
PASS | DMEM Read Disabled -> 0x0
PASS | IMEM Read -> 0xc6d2
PASS | DMEM Read -> 0x6b5c
PASS | IMEM Read -> 0xf023
PASS | DMEM Read Disabled -> 0x0
PASS | IMEM Read -> 0x80ac
PASS | DMEM Read Disabled -> 0x0
PASS | IMEM Read -> 0x737e
PASS | DMEM Read Disabled -> 0x0
PASS | IMEM Read -> 0x4f12
PASS | DMEM Read Disabled -> 0x0
PASS | IMEM Read -> 0x25f6
PASS | DMEM Read Disabled -> 0x0
PASS | IMEM Read -> 0x173e
PASS | DMEM Read Disabled -> 0x0
PASS | IMEM Read -> 0x34bb
PASS | DMEM Read Disabled -> 0x0
PASS | IMEM Read -> 0x510
PASS | DMEM Read -> 0x3343
PASS | IMEM Read -> 0xcd22
PASS | DMEM Read Disabled -> 0x0
PASS | IMEM Read -> 0x42d4
PASS | DMEM Read Disabled -> 0x0
PASS | IMEM Read -> 0x2f16
PASS | DMEM Read Disabled -> 0x0
PASS | IMEM Read -> 0xd304
PASS | DMEM Read Disabled -> 0x0
PASS | IMEM Read -> 0xe338
PASS | DMEM Read -> 0x29f2
PASS | IMEM Read -> 0x9278
PASS | DMEM Read Disabled -> 0x0
PASS | IMEM Read -> 0xe89
PASS | DMEM Read Disabled -> 0x0
PASS | IMEM Read -> 0x915b
PASS | DMEM Read Disabled -> 0x0
PASS | IMEM Read -> 0x4fc8
PASS | DMEM Read -> 0xcae5
PASS | IMEM Read -> 0xee77
PASS | DMEM Read Disabled -> 0x0
PASS | IMEM Read -> 0xd304
PASS | DMEM Read Disabled -> 0x0
PASS | IMEM Read -> 0xa55c
PASS | DMEM Read Disabled -> 0x0
PASS | IMEM Read -> 0x7c6d
PASS | DMEM Read Disabled -> 0x0
PASS | IMEM Read -> 0x1bba
PASS | DMEM Read -> 0xfc01
PASS | IMEM Read -> 0x2885
PASS | DMEM Read Disabled -> 0x0
PASS | IMEM Read -> 0xd304
PASS | DMEM Read Disabled -> 0x0
PASS | IMEM Read -> 0x8b9a
PASS | DMEM Read Disabled -> 0x0
PASS | IMEM Read -> 0x89c2
PASS | DMEM Read Disabled -> 0x0
PASS | IMEM Read -> 0xf810
PASS | DMEM Read Disabled -> 0x0
PASS | IMEM Read -> 0x335
PASS | DMEM Read Disabled -> 0x0
PASS | IMEM Read -> 0x9c8c
PASS | DMEM Read Disabled -> 0x0
PASS | IMEM Read -> 0xcc49
PASS | DMEM Read Disabled -> 0x0
PASS | IMEM Read -> 0xe47f
PASS | DMEM Read -> 0x5e37
PASS | IMEM Read -> 0x7f3d
PASS | DMEM Read Disabled -> 0x0
PASS | IMEM Read -> 0x245d
PASS | DMEM Read Disabled -> 0x0
PASS | IMEM Read -> 0xf8b3
PASS | DMEM Read -> 0x6d84
PASS | IMEM Read -> 0xc6d2
PASS | DMEM Read -> 0xdcde
PASS | IMEM Read -> 0x6126
PASS | DMEM Read -> 0x5a19
PASS | IMEM Read -> 0xa191
PASS | DMEM Read Disabled -> 0x0
PASS | IMEM Read -> 0x97ed
PASS | DMEM Read -> 0x9a95
PASS | IMEM Read -> 0x42ee
PASS | DMEM Read Disabled -> 0x0
PASS | IMEM Read -> 0xed88
PASS | DMEM Read -> 0xxxxx
PASS | IMEM Read -> 0x89c2
PASS | DMEM Read -> 0xd97
PASS | IMEM Read -> 0xabcd
PASS | DMEM Read Disabled -> 0x0
PASS | IMEM Read -> 0x100c
PASS | DMEM Read Disabled -> 0x0
PASS | IMEM Read -> 0xb69e
PASS | DMEM Read Disabled -> 0x0
PASS | IMEM Read -> 0xcd6c
PASS | DMEM Read -> 0x562
PASS | IMEM Read -> 0xcebf
PASS | DMEM Read Disabled -> 0x0
PASS | IMEM Read -> 0x6c02
PASS | DMEM Read Disabled -> 0x0
PASS | IMEM Read -> 0xbf0f
PASS | DMEM Read Disabled -> 0x0
PASS | IMEM Read -> 0xe89
PASS | DMEM Read Disabled -> 0x0
PASS | IMEM Read -> 0xa11a
PASS | DMEM Read -> 0xd55
PASS | IMEM Read -> 0xe969
PASS | DMEM Read Disabled -> 0x0
PASS | IMEM Read -> 0x8f67
PASS | DMEM Read Disabled -> 0x0
PASS | IMEM Read -> 0x5e7c
PASS | DMEM Read -> 0x237d
PASS | IMEM Read -> 0x5160
PASS | DMEM Read Disabled -> 0x0
PASS | IMEM Read -> 0x5a4a
PASS | DMEM Read Disabled -> 0x0
PASS | IMEM Read -> 0x1c45
PASS | DMEM Read Disabled -> 0x0
PASS | IMEM Read -> 0xbacc
PASS | DMEM Read -> 0x5ad8
PASS | IMEM Read -> 0x4daf
PASS | DMEM Read Disabled -> 0x0
PASS | IMEM Read -> 0x9bfb
PASS | DMEM Read Disabled -> 0x0
PASS | IMEM Read -> 0x6e2a
PASS | DMEM Read Disabled -> 0x0
PASS | IMEM Read -> 0x5b80
PASS | DMEM Read -> 0xxxxx
PASS | IMEM Read -> 0xa54c
PASS | DMEM Read Disabled -> 0x0
PASS | IMEM Read -> 0x4f12
PASS | DMEM Read Disabled -> 0x0
PASS | IMEM Read -> 0xf98d
PASS | DMEM Read Disabled -> 0x0
PASS | IMEM Read -> 0x6c02
PASS | DMEM Read Disabled -> 0x0
PASS | IMEM Read -> 0xd321
PASS | DMEM Read -> 0xb129
PASS | IMEM Read -> 0xe624
PASS | DMEM Read -> 0xb129
PASS | IMEM Read -> 0xb297
PASS | DMEM Read Disabled -> 0x0
PASS | IMEM Read -> 0xd321
PASS | DMEM Read Disabled -> 0x0
PASS | IMEM Read -> 0xb097
PASS | DMEM Read -> 0x11b1
PASS | IMEM Read -> 0xd70
PASS | DMEM Read -> 0xea2b
PASS | IMEM Read -> 0x2c36
PASS | DMEM Read Disabled -> 0x0
PASS | IMEM Read -> 0x510
PASS | DMEM Read -> 0xdb6c
PASS | IMEM Read -> 0x7f3d
PASS | DMEM Read Disabled -> 0x0
PASS | IMEM Read -> 0xdf0f
PASS | DMEM Read -> 0x9eb
PASS | IMEM Read -> 0x2ea6
PASS | DMEM Read Disabled -> 0x0
PASS | IMEM Read -> 0xf023
PASS | DMEM Read -> 0x29f2
PASS | IMEM Read -> 0xfaf1
PASS | DMEM Read Disabled -> 0x0
PASS | IMEM Read -> 0xd334
PASS | DMEM Read Disabled -> 0x0
PASS | IMEM Read -> 0x5d6d
PASS | DMEM Read -> 0xff4c
PASS | IMEM Read -> 0x42ee
PASS | DMEM Read -> 0xxxxx
PASS | IMEM Read -> 0xb297
PASS | DMEM Read Disabled -> 0x0
PASS | IMEM Read -> 0x438b
PASS | DMEM Read Disabled -> 0x0
PASS | IMEM Read -> 0x91f7
PASS | DMEM Read Disabled -> 0x0
PASS | IMEM Read -> 0xe853
PASS | DMEM Read -> 0xf04e
PASS | IMEM Read -> 0x5bfc
PASS | DMEM Read Disabled -> 0x0
PASS | IMEM Read -> 0x8a2b
PASS | DMEM Read Disabled -> 0x0
PASS | IMEM Read -> 0x698f
PASS | DMEM Read -> 0x7758
PASS | IMEM Read -> 0x80ac
PASS | DMEM Read Disabled -> 0x0
PASS | IMEM Read -> 0xe89
PASS | DMEM Read -> 0xxxxx
PASS | IMEM Read -> 0x5d6d
PASS | DMEM Read Disabled -> 0x0
PASS | IMEM Read -> 0x4601
PASS | DMEM Read -> 0x8670
PASS | IMEM Read -> 0x4f2e
PASS | DMEM Read Disabled -> 0x0
PASS | IMEM Read -> 0x5a4a
PASS | DMEM Read Disabled -> 0x0
PASS | IMEM Read -> 0x852a
PASS | DMEM Read Disabled -> 0x0
PASS | IMEM Read -> 0xcd6c
PASS | DMEM Read Disabled -> 0x0
PASS | IMEM Read -> 0x91b
PASS | DMEM Read Disabled -> 0x0
PASS | IMEM Read -> 0x38bf
PASS | DMEM Read Disabled -> 0x0
PASS | IMEM Read -> 0x5160
PASS | DMEM Read -> 0xxxxx
PASS | IMEM Read -> 0x4c71
PASS | DMEM Read -> 0xxxxx
PASS | IMEM Read -> 0x3e2
PASS | DMEM Read Disabled -> 0x0
PASS | IMEM Read -> 0x9d
PASS | DMEM Read -> 0xb542
PASS | IMEM Read -> 0x38bf
PASS | DMEM Read -> 0x214f
PASS | IMEM Read -> 0x1913
PASS | DMEM Read Disabled -> 0x0
PASS | IMEM Read -> 0x2abe
PASS | DMEM Read Disabled -> 0x0
PASS | IMEM Read -> 0xf774
PASS | DMEM Read Disabled -> 0x0
PASS | IMEM Read -> 0xc47
PASS | DMEM Read Disabled -> 0x0
PASS | IMEM Read -> 0xb097
PASS | DMEM Read Disabled -> 0x0
PASS | IMEM Read -> 0xa11a
PASS | DMEM Read Disabled -> 0x0
PASS | IMEM Read -> 0x4391
PASS | DMEM Read Disabled -> 0x0
PASS | IMEM Read -> 0xce65
PASS | DMEM Read -> 0xea17
PASS | IMEM Read -> 0xb69e
PASS | DMEM Read Disabled -> 0x0
PASS | IMEM Read -> 0xdf0f
PASS | DMEM Read -> 0xfc0
PASS | IMEM Read -> 0xbe50
PASS | DMEM Read Disabled -> 0x0
PASS | IMEM Read -> 0xa54c
PASS | DMEM Read Disabled -> 0x0
PASS | IMEM Read -> 0x42d4
PASS | DMEM Read -> 0xf224
PASS | IMEM Read -> 0x89c2
PASS | DMEM Read Disabled -> 0x0
PASS | IMEM Read -> 0xa262
PASS | DMEM Read Disabled -> 0x0
PASS | IMEM Read -> 0x3e2
PASS | DMEM Read -> 0x66ea
PASS | IMEM Read -> 0xcd6c
PASS | DMEM Read -> 0x8e05
PASS | IMEM Read -> 0x5b80
PASS | DMEM Read Disabled -> 0x0
PASS | IMEM Read -> 0x63f9
PASS | DMEM Read Disabled -> 0x0
PASS | IMEM Read -> 0xe96d
PASS | DMEM Read Disabled -> 0x0
PASS | IMEM Read -> 0xc5b9
PASS | DMEM Read -> 0xf224
PASS | IMEM Read -> 0x57f6
PASS | DMEM Read Disabled -> 0x0
PASS | IMEM Read -> 0x1c4c
PASS | DMEM Read -> 0x8281
PASS | IMEM Read -> 0xe89
PASS | DMEM Read Disabled -> 0x0
PASS | IMEM Read -> 0x4fc8
PASS | DMEM Read -> 0x9d55
PASS | IMEM Read -> 0xf023
PASS | DMEM Read -> 0x6dfb
PASS | IMEM Read -> 0x79f7
PASS | DMEM Read -> 0xxxxx
PASS | IMEM Read -> 0x9bfb
PASS | DMEM Read -> 0xxxxx
PASS | IMEM Read -> 0x748a
PASS | DMEM Read Disabled -> 0x0
PASS | IMEM Read -> 0x510
PASS | DMEM Read Disabled -> 0x0
PASS | IMEM Read -> 0x2c36
PASS | DMEM Read Disabled -> 0x0
PASS | IMEM Read -> 0x42ee
PASS | DMEM Read Disabled -> 0x0
PASS | IMEM Read -> 0xcd22
PASS | DMEM Read Disabled -> 0x0
PASS | IMEM Read -> 0x494f
PASS | DMEM Read Disabled -> 0x0
PASS | IMEM Read -> 0x390f
PASS | DMEM Read Disabled -> 0x0
PASS | IMEM Read -> 0x6c02
PASS | DMEM Read -> 0xxxxx
PASS | IMEM Read -> 0x4f2e
PASS | DMEM Read Disabled -> 0x0
PASS | IMEM Read -> 0xbe50
PASS | DMEM Read Disabled -> 0x0
PASS | IMEM Read -> 0x5942
PASS | DMEM Read -> 0x79e4
PASS | IMEM Read -> 0xdab4
PASS | DMEM Read -> 0x71cf
PASS | IMEM Read -> 0x700e
PASS | DMEM Read -> 0x7c8f
PASS | IMEM Read -> 0x79f7
PASS | DMEM Read Disabled -> 0x0
PASS | IMEM Read -> 0xe469
PASS | DMEM Read -> 0xa0ff
PASS | IMEM Read -> 0xcbf1
PASS | DMEM Read Disabled -> 0x0
PASS | IMEM Read -> 0x2bca
PASS | DMEM Read -> 0xdcda
PASS | IMEM Read -> 0x2ea6
PASS | DMEM Read -> 0xaf0b
PASS | IMEM Read -> 0xdca6
PASS | DMEM Read Disabled -> 0x0
PASS | IMEM Read -> 0xd304
PASS | DMEM Read Disabled -> 0x0
PASS | IMEM Read -> 0x848c
PASS | DMEM Read Disabled -> 0x0
PASS | IMEM Read -> 0x477c
PASS | DMEM Read Disabled -> 0x0
PASS | IMEM Read -> 0x9537
PASS | DMEM Read Disabled -> 0x0
PASS | IMEM Read -> 0x636c
PASS | DMEM Read Disabled -> 0x0
PASS | IMEM Read -> 0x59f3
PASS | DMEM Read Disabled -> 0x0
PASS | IMEM Read -> 0x6e2a
PASS | DMEM Read -> 0xcadb
PASS | IMEM Read -> 0x5d47
PASS | DMEM Read -> 0xf677
PASS | IMEM Read -> 0x2abe
PASS | DMEM Read Disabled -> 0x0
PASS | IMEM Read -> 0xb8f2
PASS | DMEM Read Disabled -> 0x0
PASS | IMEM Read -> 0xd70
PASS | DMEM Read Disabled -> 0x0
PASS | IMEM Read -> 0x9d
PASS | DMEM Read Disabled -> 0x0
PASS | IMEM Read -> 0x723d
PASS | DMEM Read Disabled -> 0x0
PASS | IMEM Read -> 0x12b3
PASS | DMEM Read -> 0x57e6
PASS | IMEM Read -> 0x2f16
PASS | DMEM Read Disabled -> 0x0
PASS | IMEM Read -> 0x1c3c
PASS | DMEM Read Disabled -> 0x0
PASS | IMEM Read -> 0x386b
PASS | DMEM Read Disabled -> 0x0
PASS | IMEM Read -> 0x37d
PASS | DMEM Read Disabled -> 0x0
PASS | IMEM Read -> 0x6c02
PASS | DMEM Read Disabled -> 0x0
PASS | IMEM Read -> 0xe441
PASS | DMEM Read Disabled -> 0x0
PASS | IMEM Read -> 0x891
PASS | DMEM Read -> 0x99d9
PASS | IMEM Read -> 0xb43f
PASS | DMEM Read -> 0xaec5
PASS | IMEM Read -> 0x92a3
PASS | DMEM Read -> 0x2f12
PASS | IMEM Read -> 0xe469
PASS | DMEM Read Disabled -> 0x0
PASS | IMEM Read -> 0x39d1
PASS | DMEM Read Disabled -> 0x0
PASS | IMEM Read -> 0xa738
PASS | DMEM Read Disabled -> 0x0
PASS | IMEM Read -> 0x173e
PASS | DMEM Read -> 0xf8a0
PASS | IMEM Read -> 0xc0a0
PASS | DMEM Read -> 0xc58b
PASS | IMEM Read -> 0xed88
PASS | DMEM Read Disabled -> 0x0
PASS | IMEM Read -> 0x5a4a
PASS | DMEM Read Disabled -> 0x0
PASS | IMEM Read -> 0x1ec1
PASS | DMEM Read -> 0x2265
PASS | IMEM Read -> 0x96be
PASS | DMEM Read Disabled -> 0x0
PASS | IMEM Read -> 0x901a
PASS | DMEM Read Disabled -> 0x0
PASS | IMEM Read -> 0x37d
PASS | DMEM Read Disabled -> 0x0
PASS | IMEM Read -> 0x96ec
PASS | DMEM Read -> 0xe5fc
PASS | IMEM Read -> 0xfd2f
PASS | DMEM Read Disabled -> 0x0
PASS | IMEM Read -> 0xdab4
PASS | DMEM Read Disabled -> 0x0
PASS | IMEM Read -> 0x1913
PASS | DMEM Read Disabled -> 0x0
PASS | IMEM Read -> 0x57aa
PASS | DMEM Read Disabled -> 0x0
PASS | IMEM Read -> 0x6126
PASS | DMEM Read Disabled -> 0x0
PASS | IMEM Read -> 0xca9
PASS | DMEM Read Disabled -> 0x0
PASS | IMEM Read -> 0xa09d
PASS | DMEM Read Disabled -> 0x0
PASS | IMEM Read -> 0xa8e8
PASS | DMEM Read Disabled -> 0x0
PASS | IMEM Read -> 0x94e5
PASS | DMEM Read Disabled -> 0x0
PASS | IMEM Read -> 0xe853
PASS | DMEM Read Disabled -> 0x0
PASS | IMEM Read -> 0xdd2b
PASS | DMEM Read -> 0x5fc7
PASS | IMEM Read -> 0x3e2
PASS | DMEM Read -> 0x2a50
PASS | IMEM Read -> 0xc5
PASS | DMEM Read Disabled -> 0x0
PASS | IMEM Read -> 0x7cbc
PASS | DMEM Read -> 0xfbec
PASS | IMEM Read -> 0xcbf1
PASS | DMEM Read Disabled -> 0x0
PASS | IMEM Read -> 0x9d
PASS | DMEM Read -> 0x59ac
PASS | IMEM Read -> 0x2566
PASS | DMEM Read Disabled -> 0x0
PASS | IMEM Read -> 0x5d0c
PASS | DMEM Read Disabled -> 0x0
PASS | IMEM Read -> 0xd304
PASS | DMEM Read -> 0xf5e
PASS | IMEM Read -> 0x374a
PASS | DMEM Read Disabled -> 0x0
PASS | IMEM Read -> 0xf023
PASS | DMEM Read -> 0x4f82
PASS | IMEM Read -> 0x5f21
PASS | DMEM Read Disabled -> 0x0
PASS | IMEM Read -> 0xa54c
PASS | DMEM Read -> 0xb49b
PASS | IMEM Read -> 0x39d1
PASS | DMEM Read Disabled -> 0x0
PASS | IMEM Read -> 0x7c6d
PASS | DMEM Read -> 0xea2b
PASS | IMEM Read -> 0xca4e
PASS | DMEM Read -> 0x3bd6
PASS | IMEM Read -> 0xa55c
PASS | DMEM Read Disabled -> 0x0
PASS | IMEM Read -> 0x273a
PASS | DMEM Read -> 0xea17
PASS | IMEM Read -> 0xe853
PASS | DMEM Read Disabled -> 0x0
PASS | IMEM Read -> 0x9c8c
PASS | DMEM Read -> 0xcbbb
PASS | IMEM Read -> 0x2a3a
PASS | DMEM Read Disabled -> 0x0
PASS | IMEM Read -> 0xe79
PASS | DMEM Read -> 0xxxxx
PASS | IMEM Read -> 0x99f
PASS | DMEM Read -> 0x19aa
PASS | IMEM Read -> 0xe338
PASS | DMEM Read Disabled -> 0x0
PASS | IMEM Read -> 0xc40a
PASS | DMEM Read -> 0x8281
PASS | IMEM Read -> 0xcbf1
PASS | DMEM Read -> 0x6d84
PASS | IMEM Read -> 0xbda7
PASS | DMEM Read Disabled -> 0x0
PASS | IMEM Read -> 0x79f7
PASS | DMEM Read -> 0xxxxx
PASS | IMEM Read -> 0xb815
PASS | DMEM Read Disabled -> 0x0
PASS | IMEM Read -> 0x92a3
PASS | DMEM Read Disabled -> 0x0
PASS | IMEM Read -> 0x65ca
PASS | DMEM Read Disabled -> 0x0
PASS | IMEM Read -> 0x2999
PASS | DMEM Read Disabled -> 0x0
PASS | IMEM Read -> 0x100c
PASS | DMEM Read Disabled -> 0x0
PASS | IMEM Read -> 0x568c
PASS | DMEM Read Disabled -> 0x0
PASS | IMEM Read -> 0xad9
PASS | DMEM Read Disabled -> 0x0
PASS | IMEM Read -> 0xa323
PASS | DMEM Read Disabled -> 0x0
PASS | IMEM Read -> 0xb43f
PASS | DMEM Read Disabled -> 0x0
PASS | IMEM Read -> 0xdf0f
PASS | DMEM Read -> 0x2265
PASS | IMEM Read -> 0xb69e
PASS | DMEM Read Disabled -> 0x0
PASS | IMEM Read -> 0xef4
PASS | DMEM Read -> 0xf62e
PASS | IMEM Read -> 0x2a3a
PASS | DMEM Read Disabled -> 0x0
PASS | IMEM Read -> 0xa323
PASS | DMEM Read Disabled -> 0x0
PASS | IMEM Read -> 0x2ae3
PASS | DMEM Read Disabled -> 0x0
PASS | IMEM Read -> 0xd304
PASS | DMEM Read Disabled -> 0x0
PASS | IMEM Read -> 0xa262
PASS | DMEM Read -> 0x748
PASS | IMEM Read -> 0x2cc8
PASS | DMEM Read Disabled -> 0x0
PASS | IMEM Read -> 0x5942
PASS | DMEM Read Disabled -> 0x0
PASS | IMEM Read -> 0x433a
PASS | DMEM Read Disabled -> 0x0
PASS | IMEM Read -> 0xe79
PASS | DMEM Read Disabled -> 0x0
PASS | IMEM Read -> 0x7068
PASS | DMEM Read Disabled -> 0x0
PASS | IMEM Read -> 0x1c3c
PASS | DMEM Read Disabled -> 0x0
PASS | IMEM Read -> 0x17db
PASS | DMEM Read Disabled -> 0x0
PASS | IMEM Read -> 0xe213
PASS | DMEM Read -> 0xd6e4
PASS | IMEM Read -> 0x8b9a
PASS | DMEM Read -> 0x814e
PASS | IMEM Read -> 0x2bca
PASS | DMEM Read -> 0xd42f
PASS | IMEM Read -> 0x698f
PASS | DMEM Read Disabled -> 0x0
PASS | IMEM Read -> 0xe75b
PASS | DMEM Read Disabled -> 0x0
PASS | IMEM Read -> 0x2cad
PASS | DMEM Read Disabled -> 0x0
PASS | IMEM Read -> 0x273a
PASS | DMEM Read Disabled -> 0x0
PASS | IMEM Read -> 0xbda7
PASS | DMEM Read -> 0x6dfb
PASS | IMEM Read -> 0x34bb
PASS | DMEM Read -> 0x5331
PASS | IMEM Read -> 0x5636
PASS | DMEM Read Disabled -> 0x0
PASS | IMEM Read -> 0x91b
PASS | DMEM Read Disabled -> 0x0
PASS | IMEM Read -> 0x8599
PASS | DMEM Read Disabled -> 0x0
PASS | IMEM Read -> 0x2b2c
PASS | DMEM Read Disabled -> 0x0
PASS | IMEM Read -> 0xabcd
PASS | DMEM Read Disabled -> 0x0
PASS | IMEM Read -> 0xfd2f
PASS | DMEM Read -> 0x11b1
PASS | IMEM Read -> 0x2bca
PASS | DMEM Read Disabled -> 0x0
PASS | IMEM Read -> 0x66bc
PASS | DMEM Read -> 0xafa7
PASS | IMEM Read -> 0x4f2e
PASS | DMEM Read Disabled -> 0x0
PASS | IMEM Read -> 0xb097
PASS | DMEM Read Disabled -> 0x0
PASS | IMEM Read -> 0x39d1
PASS | DMEM Read -> 0xaf0b
PASS | IMEM Read -> 0x5f21
PASS | DMEM Read -> 0xd42f
PASS | IMEM Read -> 0x5e7c
PASS | DMEM Read Disabled -> 0x0
PASS | IMEM Read -> 0xf023
PASS | DMEM Read Disabled -> 0x0
PASS | IMEM Read -> 0x29eb
PASS | DMEM Read Disabled -> 0x0
PASS | IMEM Read -> 0x386b
PASS | DMEM Read Disabled -> 0x0
PASS | IMEM Read -> 0xfd1
PASS | DMEM Read Disabled -> 0x0
PASS | IMEM Read -> 0x568c
PASS | DMEM Read Disabled -> 0x0
PASS | IMEM Read -> 0x24b8
PASS | DMEM Read Disabled -> 0x0
PASS | IMEM Read -> 0x5d6d
PASS | DMEM Read Disabled -> 0x0
PASS | IMEM Read -> 0x2f16
PASS | DMEM Read Disabled -> 0x0
PASS | IMEM Read -> 0x91f7
PASS | DMEM Read Disabled -> 0x0
PASS | IMEM Read -> 0x5e7c
PASS | DMEM Read Disabled -> 0x0
PASS | IMEM Read -> 0x92a3
PASS | DMEM Read -> 0xf5e
PASS | IMEM Read -> 0x80ed
PASS | DMEM Read Disabled -> 0x0
PASS | IMEM Read -> 0x477c
PASS | DMEM Read Disabled -> 0x0
PASS | IMEM Read -> 0xef8f
PASS | DMEM Read Disabled -> 0x0
PASS | IMEM Read -> 0x42d4
PASS | DMEM Read Disabled -> 0x0
PASS | IMEM Read -> 0xa5fc
PASS | DMEM Read -> 0x814e
PASS | IMEM Read -> 0x477c
PASS | DMEM Read -> 0x4e45
PASS | IMEM Read -> 0x42d4
PASS | DMEM Read Disabled -> 0x0
PASS | IMEM Read -> 0x34bb
PASS | DMEM Read Disabled -> 0x0
PASS | IMEM Read -> 0x242
PASS | DMEM Read Disabled -> 0x0
PASS | IMEM Read -> 0x9547
PASS | DMEM Read Disabled -> 0x0
PASS | IMEM Read -> 0x848c
PASS | DMEM Read -> 0x8334
PASS | IMEM Read -> 0xbda7
PASS | DMEM Read Disabled -> 0x0
PASS | IMEM Read -> 0x9d
PASS | DMEM Read Disabled -> 0x0
PASS | IMEM Read -> 0x5a0a
PASS | DMEM Read -> 0xa0ff
PASS | IMEM Read -> 0x8a2b
PASS | DMEM Read -> 0xxxxx
PASS | IMEM Read -> 0x4e73
PASS | DMEM Read Disabled -> 0x0
PASS | IMEM Read -> 0xe338
PASS | DMEM Read -> 0xf677
PASS | IMEM Read -> 0x4daf
PASS | DMEM Read Disabled -> 0x0
PASS | IMEM Read -> 0x24b8
PASS | DMEM Read Disabled -> 0x0
PASS | IMEM Read -> 0x852a
PASS | DMEM Read Disabled -> 0x0
PASS | IMEM Read -> 0xfe9d
PASS | DMEM Read Disabled -> 0x0
PASS | IMEM Read -> 0xdd2b
PASS | DMEM Read -> 0x8cda
PASS | IMEM Read -> 0x42ee
PASS | DMEM Read Disabled -> 0x0
PASS | IMEM Read -> 0x8e1f
PASS | DMEM Read Disabled -> 0x0
PASS | IMEM Read -> 0xcbf1
PASS | DMEM Read Disabled -> 0x0
PASS | IMEM Read -> 0xfbe2
PASS | DMEM Read Disabled -> 0x0
PASS | IMEM Read -> 0x901a
PASS | DMEM Read Disabled -> 0x0
PASS | IMEM Read -> 0x390f
PASS | DMEM Read Disabled -> 0x0
PASS | IMEM Read -> 0xe79
PASS | DMEM Read -> 0x25c9
PASS | IMEM Read -> 0xbe50
PASS | DMEM Read Disabled -> 0x0
PASS | IMEM Read -> 0xf023
PASS | DMEM Read Disabled -> 0x0
PASS | IMEM Read -> 0x8a2b
PASS | DMEM Read Disabled -> 0x0
PASS | IMEM Read -> 0x80ac
PASS | DMEM Read -> 0x3bd6
PASS | IMEM Read -> 0xb746
PASS | DMEM Read Disabled -> 0x0
PASS | IMEM Read -> 0xb4ca
PASS | DMEM Read Disabled -> 0x0
PASS | IMEM Read -> 0x80ed
PASS | DMEM Read Disabled -> 0x0
PASS | IMEM Read -> 0x8b9a
PASS | DMEM Read Disabled -> 0x0
PASS | IMEM Read -> 0xa22d
PASS | DMEM Read -> 0x7c9d
PASS | IMEM Read -> 0x24b8
PASS | DMEM Read Disabled -> 0x0
PASS | IMEM Read -> 0xc47
PASS | DMEM Read Disabled -> 0x0
PASS | IMEM Read -> 0x8a2b
PASS | DMEM Read -> 0xdaf4
PASS | IMEM Read -> 0x5e7c
PASS | DMEM Read Disabled -> 0x0
PASS | IMEM Read -> 0x915b
PASS | DMEM Read Disabled -> 0x0
PASS | IMEM Read -> 0x2885
PASS | DMEM Read Disabled -> 0x0
PASS | IMEM Read -> 0x9007
PASS | DMEM Read -> 0xea2b
PASS | IMEM Read -> 0xa11a
PASS | DMEM Read Disabled -> 0x0
PASS | IMEM Read -> 0xf774
PASS | DMEM Read Disabled -> 0x0
PASS | IMEM Read -> 0x245d
PASS | DMEM Read Disabled -> 0x0
PASS | IMEM Read -> 0xbf0f
PASS | DMEM Read Disabled -> 0x0
PASS | IMEM Read -> 0xc5b9
PASS | DMEM Read -> 0x9eb
PASS | IMEM Read -> 0x61cd
PASS | DMEM Read Disabled -> 0x0
PASS | IMEM Read -> 0x390f
PASS | DMEM Read Disabled -> 0x0
PASS | IMEM Read -> 0xed88
PASS | DMEM Read Disabled -> 0x0
PASS | IMEM Read -> 0xb32f
PASS | DMEM Read -> 0x4f82
PASS | IMEM Read -> 0x53f6
PASS | DMEM Read Disabled -> 0x0
PASS | IMEM Read -> 0xbda7
PASS | DMEM Read -> 0x1433
PASS | IMEM Read -> 0x525b
PASS | DMEM Read Disabled -> 0x0
PASS | IMEM Read -> 0xbb95
PASS | DMEM Read Disabled -> 0x0
PASS | IMEM Read -> 0x7cbc
PASS | DMEM Read Disabled -> 0x0
PASS | IMEM Read -> 0x6da5
PASS | DMEM Read Disabled -> 0x0
PASS | IMEM Read -> 0xc40a
PASS | DMEM Read Disabled -> 0x0
PASS | IMEM Read -> 0x80ac
PASS | DMEM Read Disabled -> 0x0
PASS | IMEM Read -> 0x891
PASS | DMEM Read -> 0xd286
PASS | IMEM Read -> 0xcd22
PASS | DMEM Read -> 0x953e
PASS | IMEM Read -> 0x100c
PASS | DMEM Read Disabled -> 0x0
PASS | IMEM Read -> 0x5160
PASS | DMEM Read Disabled -> 0x0
PASS | IMEM Read -> 0xc5
PASS | DMEM Read -> 0xxxxx
PASS | IMEM Read -> 0xa5fc
PASS | DMEM Read Disabled -> 0x0
PASS | IMEM Read -> 0xe624
PASS | DMEM Read -> 0x1ae8
PASS | IMEM Read -> 0x8e1f
PASS | DMEM Read Disabled -> 0x0
PASS | IMEM Read -> 0x77a7
PASS | DMEM Read Disabled -> 0x0
PASS | IMEM Read -> 0x7068
PASS | DMEM Read -> 0xdaf4
PASS | IMEM Read -> 0x4e73
PASS | DMEM Read Disabled -> 0x0
PASS | IMEM Read -> 0x1a67
PASS | DMEM Read Disabled -> 0x0
PASS | IMEM Read -> 0x4fc8
PASS | DMEM Read Disabled -> 0x0
PASS | IMEM Read -> 0xbda7
PASS | DMEM Read Disabled -> 0x0
PASS | IMEM Read -> 0x2566
PASS | DMEM Read -> 0xad9f
PASS | IMEM Read -> 0xcbf1
PASS | DMEM Read Disabled -> 0x0
PASS | IMEM Read -> 0x5d6d
PASS | DMEM Read Disabled -> 0x0
PASS | IMEM Read -> 0x4c71
PASS | DMEM Read Disabled -> 0x0
PASS | IMEM Read -> 0x39d1
PASS | DMEM Read Disabled -> 0x0
PASS | IMEM Read -> 0x915b
PASS | DMEM Read Disabled -> 0x0
PASS | IMEM Read -> 0x335
PASS | DMEM Read Disabled -> 0x0
PASS | IMEM Read -> 0x852a
PASS | DMEM Read Disabled -> 0x0
PASS | IMEM Read -> 0xa191
PASS | DMEM Read Disabled -> 0x0
PASS | IMEM Read -> 0x698f
PASS | DMEM Read -> 0x5fc7
PASS | IMEM Read -> 0xb4ca
PASS | DMEM Read Disabled -> 0x0
PASS | IMEM Read -> 0xe47f
PASS | DMEM Read -> 0xafb7
PASS | IMEM Read -> 0x2885
PASS | DMEM Read -> 0x6e92
PASS | IMEM Read -> 0x4fc8
PASS | DMEM Read Disabled -> 0x0
PASS | IMEM Read -> 0xa323
PASS | DMEM Read Disabled -> 0x0
PASS | IMEM Read -> 0x9026
PASS | DMEM Read -> 0xc4fc
PASS | IMEM Read -> 0x4d4f
PASS | DMEM Read Disabled -> 0x0
PASS | IMEM Read -> 0xb69e
PASS | DMEM Read Disabled -> 0x0
PASS | IMEM Read -> 0xdca6
PASS | DMEM Read Disabled -> 0x0
PASS | IMEM Read -> 0xcd6c
PASS | DMEM Read Disabled -> 0x0
PASS | IMEM Read -> 0x4340
PASS | DMEM Read -> 0xxxxx
PASS | IMEM Read -> 0x25f6
PASS | DMEM Read -> 0x1ca3
PASS | IMEM Read -> 0xfaf1
PASS | DMEM Read Disabled -> 0x0
PASS | IMEM Read -> 0x2b2c
PASS | DMEM Read Disabled -> 0x0
PASS | IMEM Read -> 0x37d
PASS | DMEM Read -> 0xcbbb
PASS | IMEM Read -> 0x7f3d
PASS | DMEM Read -> 0x2482
PASS | IMEM Read -> 0xe624
PASS | DMEM Read -> 0x8b1f
PASS | IMEM Read -> 0x4d4f
PASS | DMEM Read Disabled -> 0x0
PASS | IMEM Read -> 0xb1b8
PASS | DMEM Read -> 0x8c0b
PASS | IMEM Read -> 0x2abe
PASS | DMEM Read Disabled -> 0x0
PASS | IMEM Read -> 0xb1b8
PASS | DMEM Read -> 0x3585
PASS | IMEM Read -> 0xc6d2
PASS | DMEM Read Disabled -> 0x0
PASS | IMEM Read -> 0x61cd
PASS | DMEM Read Disabled -> 0x0
PASS | IMEM Read -> 0x4601
PASS | DMEM Read -> 0xa808
PASS | IMEM Read -> 0x8599
PASS | DMEM Read Disabled -> 0x0
PASS | IMEM Read -> 0xb746
PASS | DMEM Read -> 0x2f12
PASS | IMEM Read -> 0xa191
PASS | DMEM Read Disabled -> 0x0
PASS | IMEM Read -> 0xffea
PASS | DMEM Read -> 0x3a44
PASS | IMEM Read -> 0xc1c3
PASS | DMEM Read Disabled -> 0x0
PASS | IMEM Read -> 0x2566
PASS | DMEM Read Disabled -> 0x0
PASS | IMEM Read -> 0x386b
PASS | DMEM Read Disabled -> 0x0
PASS | IMEM Read -> 0x53f6
PASS | DMEM Read Disabled -> 0x0
PASS | IMEM Read -> 0x386b
PASS | DMEM Read Disabled -> 0x0
PASS | IMEM Read -> 0xcb2c
PASS | DMEM Read -> 0xaf0b
PASS | IMEM Read -> 0x636c
PASS | DMEM Read Disabled -> 0x0
PASS | IMEM Read -> 0x31ce
PASS | DMEM Read Disabled -> 0x0
PASS | IMEM Read -> 0x7f3d
PASS | DMEM Read -> 0xbc73
PASS | IMEM Read -> 0x9547
PASS | DMEM Read Disabled -> 0x0
PASS | IMEM Read -> 0x8341
PASS | DMEM Read Disabled -> 0x0
PASS | IMEM Read -> 0xe79
PASS | DMEM Read -> 0xd40
PASS | IMEM Read -> 0xc5b9
PASS | DMEM Read -> 0xf589
PASS | IMEM Read -> 0x63f9
PASS | DMEM Read Disabled -> 0x0
PASS | IMEM Read -> 0xb4ca
PASS | DMEM Read Disabled -> 0x0
PASS | IMEM Read -> 0x99f
PASS | DMEM Read -> 0xe905
PASS | IMEM Read -> 0x2e45
PASS | DMEM Read Disabled -> 0x0
PASS | IMEM Read -> 0xc0a0
PASS | DMEM Read -> 0x32e6
PASS | IMEM Read -> 0x748a
PASS | DMEM Read -> 0x257
PASS | IMEM Read -> 0xc606
PASS | DMEM Read Disabled -> 0x0
PASS | IMEM Read -> 0x7fb1
PASS | DMEM Read Disabled -> 0x0
PASS | IMEM Read -> 0xb1b8
PASS | DMEM Read Disabled -> 0x0
PASS | IMEM Read -> 0xfbe2
PASS | DMEM Read Disabled -> 0x0
PASS | IMEM Read -> 0x9ea3
PASS | DMEM Read -> 0x48c8
PASS | IMEM Read -> 0x96be
PASS | DMEM Read Disabled -> 0x0
PASS | IMEM Read -> 0x5a4a
PASS | DMEM Read -> 0x2eb9
PASS | IMEM Read -> 0xbe50
PASS | DMEM Read Disabled -> 0x0
PASS | IMEM Read -> 0x245d
PASS | DMEM Read Disabled -> 0x0
PASS | IMEM Read -> 0xe89
PASS | DMEM Read Disabled -> 0x0
PASS | IMEM Read -> 0xb746
PASS | DMEM Read Disabled -> 0x0
PASS | IMEM Read -> 0x77a7
PASS | DMEM Read -> 0xa66a
PASS | IMEM Read -> 0x915b
PASS | DMEM Read Disabled -> 0x0
PASS | IMEM Read -> 0x6e2a
PASS | DMEM Read Disabled -> 0x0
PASS | IMEM Read -> 0xd321
PASS | DMEM Read -> 0x5e37
PASS | IMEM Read -> 0x37d
PASS | DMEM Read Disabled -> 0x0
PASS | IMEM Read -> 0xb32f
PASS | DMEM Read Disabled -> 0x0
PASS | IMEM Read -> 0x4391
PASS | DMEM Read Disabled -> 0x0
PASS | IMEM Read -> 0x96ec
PASS | DMEM Read -> 0xe3d2
PASS | IMEM Read -> 0x3c72
PASS | DMEM Read Disabled -> 0x0
PASS | IMEM Read -> 0x9278
PASS | DMEM Read Disabled -> 0x0
PASS | IMEM Read -> 0xbda7
PASS | DMEM Read -> 0x9ae0
PASS | IMEM Read -> 0x1c4c
PASS | DMEM Read Disabled -> 0x0
PASS | IMEM Read -> 0x374a
PASS | DMEM Read Disabled -> 0x0
PASS | IMEM Read -> 0xcebf
PASS | DMEM Read Disabled -> 0x0
PASS | IMEM Read -> 0xe338
PASS | DMEM Read -> 0xb329
PASS | IMEM Read -> 0x173e
PASS | DMEM Read Disabled -> 0x0
PASS | IMEM Read -> 0x2bca
PASS | DMEM Read Disabled -> 0x0
PASS | IMEM Read -> 0x1924
PASS | DMEM Read Disabled -> 0x0
PASS | IMEM Read -> 0x9547
PASS | DMEM Read Disabled -> 0x0
PASS | IMEM Read -> 0x5e66
PASS | DMEM Read Disabled -> 0x0
PASS | IMEM Read -> 0xbe50
PASS | DMEM Read Disabled -> 0x0
PASS | IMEM Read -> 0x2abe
PASS | DMEM Read -> 0x4229
PASS | IMEM Read -> 0x525b
PASS | DMEM Read -> 0xea2b
PASS | IMEM Read -> 0x4499
PASS | DMEM Read Disabled -> 0x0
PASS | IMEM Read -> 0x2e70
PASS | DMEM Read -> 0x814e
PASS | IMEM Read -> 0xc440
PASS | DMEM Read Disabled -> 0x0
PASS | IMEM Read -> 0xfab
PASS | DMEM Read -> 0xc726
PASS | IMEM Read -> 0x9d
PASS | DMEM Read -> 0xcd26
PASS | IMEM Read -> 0x676d
PASS | DMEM Read -> 0x469d
PASS | IMEM Read -> 0xfbe2
PASS | DMEM Read -> 0x59ac
PASS | IMEM Read -> 0x57aa
PASS | DMEM Read -> 0x7c9d
PASS | IMEM Read -> 0x848c
PASS | DMEM Read Disabled -> 0x0
PASS | IMEM Read -> 0xb43f
PASS | DMEM Read -> 0x8cf9
PASS | IMEM Read -> 0xb43f
PASS | DMEM Read Disabled -> 0x0
PASS | IMEM Read -> 0x2e45
PASS | DMEM Read -> 0xc509
PASS | IMEM Read -> 0x510
PASS | DMEM Read Disabled -> 0x0
PASS | IMEM Read -> 0x5e7c
PASS | DMEM Read -> 0x112
PASS | IMEM Read -> 0x53f6
PASS | DMEM Read -> 0xd8a5
PASS | IMEM Read -> 0xa55c
PASS | DMEM Read Disabled -> 0x0
PASS | IMEM Read -> 0xe213
PASS | DMEM Read Disabled -> 0x0
PASS | IMEM Read -> 0x61cd
PASS | DMEM Read Disabled -> 0x0
PASS | IMEM Read -> 0x2a3a
PASS | DMEM Read Disabled -> 0x0
PASS | IMEM Read -> 0xa323
PASS | DMEM Read -> 0x90bb
PASS | IMEM Read -> 0x265e
PASS | DMEM Read -> 0x8b1f
PASS | IMEM Read -> 0x390f
PASS | DMEM Read Disabled -> 0x0
PASS | IMEM Read -> 0x100c
PASS | DMEM Read Disabled -> 0x0
PASS | IMEM Read -> 0xc0a0
PASS | DMEM Read Disabled -> 0x0
PASS | IMEM Read -> 0xb4ca
PASS | DMEM Read -> 0xcae5
PASS | IMEM Read -> 0x852a
PASS | DMEM Read Disabled -> 0x0
PASS | IMEM Read -> 0x6f20
PASS | DMEM Read Disabled -> 0x0
PASS | IMEM Read -> 0xabcd
PASS | DMEM Read Disabled -> 0x0
PASS | IMEM Read -> 0x1c3c
PASS | DMEM Read Disabled -> 0x0
PASS | IMEM Read -> 0x1a67
PASS | DMEM Read Disabled -> 0x0
PASS | IMEM Read -> 0x2e70
PASS | DMEM Read Disabled -> 0x0
PASS | IMEM Read -> 0xb43f
PASS | DMEM Read -> 0xd1d7
PASS | IMEM Read -> 0xb815
PASS | DMEM Read -> 0xf224
PASS | IMEM Read -> 0x3c72
PASS | DMEM Read -> 0x9c3
PASS | IMEM Read -> 0x5a76
PASS | DMEM Read -> 0x109d
PASS | IMEM Read -> 0x60db
PASS | DMEM Read Disabled -> 0x0
PASS | IMEM Read -> 0x99f
PASS | DMEM Read Disabled -> 0x0
PASS | IMEM Read -> 0xe338
PASS | DMEM Read -> 0xbc73
PASS | IMEM Read -> 0x2885
PASS | DMEM Read Disabled -> 0x0
PASS | IMEM Read -> 0xbb95
PASS | DMEM Read Disabled -> 0x0
PASS | IMEM Read -> 0x29eb
PASS | DMEM Read Disabled -> 0x0
PASS | IMEM Read -> 0x89c2
PASS | DMEM Read Disabled -> 0x0
PASS | IMEM Read -> 0xb097
PASS | DMEM Read -> 0xafb7
PASS | IMEM Read -> 0xcb2c
PASS | DMEM Read -> 0xxxxx
PASS | IMEM Read -> 0x5d6d
PASS | DMEM Read Disabled -> 0x0
PASS | IMEM Read -> 0xfbe2
PASS | DMEM Read Disabled -> 0x0
PASS | IMEM Read -> 0x53f6
PASS | DMEM Read Disabled -> 0x0
PASS | IMEM Read -> 0xe75b
PASS | DMEM Read Disabled -> 0x0
PASS | IMEM Read -> 0x99f
PASS | DMEM Read -> 0x8b1f
PASS | IMEM Read -> 0x47aa
PASS | DMEM Read -> 0xbc73
PASS | IMEM Read -> 0x5d47
PASS | DMEM Read Disabled -> 0x0
PASS | IMEM Read -> 0x525b
PASS | DMEM Read -> 0x97b7
PASS | IMEM Read -> 0x100c
PASS | DMEM Read Disabled -> 0x0
PASS | IMEM Read -> 0x698f
PASS | DMEM Read Disabled -> 0x0
PASS | IMEM Read -> 0x57f6
PASS | DMEM Read Disabled -> 0x0
PASS | IMEM Read -> 0xc40a
PASS | DMEM Read -> 0x34d8
PASS | IMEM Read -> 0xf8b3
PASS | DMEM Read Disabled -> 0x0
PASS | IMEM Read -> 0x7f3d
PASS | DMEM Read Disabled -> 0x0
PASS | IMEM Read -> 0xbacc
PASS | DMEM Read Disabled -> 0x0
PASS | IMEM Read -> 0x2ea6
PASS | DMEM Read Disabled -> 0x0
PASS | IMEM Read -> 0xebf8
PASS | DMEM Read Disabled -> 0x0
PASS | IMEM Read -> 0x61cd
PASS | DMEM Read Disabled -> 0x0
PASS | IMEM Read -> 0x5d0c
PASS | DMEM Read Disabled -> 0x0
PASS | IMEM Read -> 0x989c
PASS | DMEM Read -> 0x983b
PASS | IMEM Read -> 0xe213
PASS | DMEM Read Disabled -> 0x0
PASS | IMEM Read -> 0x1b56
PASS | DMEM Read Disabled -> 0x0
PASS | IMEM Read -> 0xe969
PASS | DMEM Read -> 0x5ff1
PASS | IMEM Read -> 0x901d
PASS | DMEM Read Disabled -> 0x0
PASS | IMEM Read -> 0x265e
PASS | DMEM Read Disabled -> 0x0
PASS | IMEM Read -> 0xa11a
PASS | DMEM Read Disabled -> 0x0
PASS | IMEM Read -> 0xf023
PASS | DMEM Read Disabled -> 0x0
PASS | IMEM Read -> 0xa5fc
PASS | DMEM Read -> 0xb7e6
PASS | IMEM Read -> 0x6126
PASS | DMEM Read Disabled -> 0x0
PASS | IMEM Read -> 0x5d0c
PASS | DMEM Read -> 0x638a
PASS | IMEM Read -> 0x34bb
PASS | DMEM Read Disabled -> 0x0
PASS | IMEM Read -> 0xb8f2
PASS | DMEM Read Disabled -> 0x0
PASS | IMEM Read -> 0xb297
PASS | DMEM Read Disabled -> 0x0
PASS | IMEM Read -> 0xa11a
PASS | DMEM Read Disabled -> 0x0
PASS | IMEM Read -> 0x1913
PASS | DMEM Read Disabled -> 0x0
PASS | IMEM Read -> 0xbf0f
PASS | DMEM Read -> 0xxxxx
PASS | IMEM Read -> 0xd40c
PASS | DMEM Read -> 0xxxxx
PASS | IMEM Read -> 0xe469
PASS | DMEM Read -> 0xcd5a
PASS | IMEM Read -> 0x6f20
PASS | DMEM Read Disabled -> 0x0
PASS | IMEM Read -> 0x8e1f
PASS | DMEM Read -> 0xb97f
PASS | IMEM Read -> 0x1a67
PASS | DMEM Read Disabled -> 0x0
PASS | IMEM Read -> 0x7774
PASS | DMEM Read Disabled -> 0x0
PASS | IMEM Read -> 0x9278
PASS | DMEM Read Disabled -> 0x0
PASS | IMEM Read -> 0x1913
PASS | DMEM Read Disabled -> 0x0
PASS | IMEM Read -> 0x2e70
PASS | DMEM Read Disabled -> 0x0
PASS | IMEM Read -> 0xbf0f
PASS | DMEM Read Disabled -> 0x0
PASS | IMEM Read -> 0x2a3a
PASS | DMEM Read Disabled -> 0x0
PASS | IMEM Read -> 0x848c
PASS | DMEM Read -> 0x1ae8
PASS | IMEM Read -> 0x568c
PASS | DMEM Read -> 0x7f86
PASS | IMEM Read -> 0x335
PASS | DMEM Read Disabled -> 0x0
PASS | IMEM Read -> 0x5a4a
PASS | DMEM Read Disabled -> 0x0
PASS | IMEM Read -> 0xe338
PASS | DMEM Read Disabled -> 0x0
PASS | IMEM Read -> 0x4499
PASS | DMEM Read Disabled -> 0x0
PASS | IMEM Read -> 0xbe18
PASS | DMEM Read -> 0xe5fc
PASS | IMEM Read -> 0xee77
PASS | DMEM Read Disabled -> 0x0
PASS | IMEM Read -> 0x1c3c
PASS | DMEM Read -> 0x9c75
PASS | IMEM Read -> 0x7cbc
PASS | DMEM Read Disabled -> 0x0
PASS | IMEM Read -> 0x6126
PASS | DMEM Read Disabled -> 0x0
PASS | IMEM Read -> 0x438b
PASS | DMEM Read Disabled -> 0x0
PASS | IMEM Read -> 0x273a
PASS | DMEM Read Disabled -> 0x0
PASS | IMEM Read -> 0xdf5b
PASS | DMEM Read Disabled -> 0x0
PASS | IMEM Read -> 0x42ee
PASS | DMEM Read -> 0xa725
PASS | IMEM Read -> 0x433a
PASS | DMEM Read Disabled -> 0x0
PASS | IMEM Read -> 0xe213
PASS | DMEM Read -> 0x2637
PASS | IMEM Read -> 0x2ea6
PASS | DMEM Read Disabled -> 0x0
PASS | IMEM Read -> 0x5f21
PASS | DMEM Read Disabled -> 0x0
PASS | IMEM Read -> 0x6c02
PASS | DMEM Read -> 0xe9fc
PASS | IMEM Read -> 0xfbe2
PASS | DMEM Read Disabled -> 0x0
PASS | IMEM Read -> 0xfd1
PASS | DMEM Read Disabled -> 0x0
PASS | IMEM Read -> 0x5a76
PASS | DMEM Read Disabled -> 0x0
PASS | IMEM Read -> 0xe75b
PASS | DMEM Read -> 0xcbbb
PASS | IMEM Read -> 0x4f2e
PASS | DMEM Read Disabled -> 0x0
PASS | IMEM Read -> 0xf98d
PASS | DMEM Read Disabled -> 0x0
PASS | IMEM Read -> 0x292
PASS | DMEM Read -> 0xd70e
PASS | IMEM Read -> 0xbb95
PASS | DMEM Read Disabled -> 0x0
PASS | IMEM Read -> 0x698f
PASS | DMEM Read Disabled -> 0x0
PASS | IMEM Read -> 0xb4ca
PASS | DMEM Read -> 0xe9fc
PASS | IMEM Read -> 0xcd6c
PASS | DMEM Read Disabled -> 0x0
PASS | IMEM Read -> 0x2566
PASS | DMEM Read Disabled -> 0x0
PASS | IMEM Read -> 0xe338
PASS | DMEM Read Disabled -> 0x0
PASS | IMEM Read -> 0x91b
PASS | DMEM Read Disabled -> 0x0
PASS | IMEM Read -> 0x8e3
PASS | DMEM Read Disabled -> 0x0
PASS | IMEM Read -> 0x6e2a
PASS | DMEM Read Disabled -> 0x0
PASS | IMEM Read -> 0xd40c
PASS | DMEM Read -> 0x15e8
PASS | IMEM Read -> 0x8341
PASS | DMEM Read -> 0x112
PASS | IMEM Read -> 0x273a
PASS | DMEM Read Disabled -> 0x0
PASS | IMEM Read -> 0xc606
PASS | DMEM Read Disabled -> 0x0
PASS | IMEM Read -> 0xd70
PASS | DMEM Read Disabled -> 0x0
PASS | IMEM Read -> 0x2ea6
PASS | DMEM Read Disabled -> 0x0
PASS | IMEM Read -> 0xd334
PASS | DMEM Read Disabled -> 0x0
PASS | IMEM Read -> 0x245d
PASS | DMEM Read -> 0x9c3
PASS | IMEM Read -> 0xe96d
PASS | DMEM Read -> 0x71cf
PASS | IMEM Read -> 0x808f
PASS | DMEM Read Disabled -> 0x0
PASS | IMEM Read -> 0x91b
PASS | DMEM Read Disabled -> 0x0
PASS | IMEM Read -> 0x4e73
PASS | DMEM Read Disabled -> 0x0
PASS | IMEM Read -> 0x2e45
PASS | DMEM Read -> 0xe5fc
PASS | IMEM Read -> 0xfab
PASS | DMEM Read -> 0xd6e4
PASS | IMEM Read -> 0x4794
PASS | DMEM Read -> 0x3b0e
PASS | IMEM Read -> 0xe96d
PASS | DMEM Read Disabled -> 0x0
PASS | IMEM Read -> 0x848c
PASS | DMEM Read -> 0xf8a1
PASS | IMEM Read -> 0x335
PASS | DMEM Read Disabled -> 0x0
PASS | IMEM Read -> 0x273a
PASS | DMEM Read Disabled -> 0x0
PASS | IMEM Read -> 0x7068
PASS | DMEM Read -> 0x9c75
PASS | IMEM Read -> 0xe842
PASS | DMEM Read -> 0x73c3
PASS | IMEM Read -> 0x91f7
PASS | DMEM Read Disabled -> 0x0
PASS | IMEM Read -> 0x8341
PASS | DMEM Read Disabled -> 0x0
PASS | IMEM Read -> 0xc6ec
PASS | DMEM Read Disabled -> 0x0
PASS | IMEM Read -> 0xcb2c
PASS | DMEM Read -> 0x1ca3
PASS | IMEM Read -> 0x510
PASS | DMEM Read Disabled -> 0x0
PASS | IMEM Read -> 0x97ed
PASS | DMEM Read -> 0x2532
PASS | IMEM Read -> 0xb4ca
PASS | DMEM Read Disabled -> 0x0
PASS | IMEM Read -> 0x4d4f
PASS | DMEM Read Disabled -> 0x0
PASS | IMEM Read -> 0xb4ca
PASS | DMEM Read Disabled -> 0x0
PASS | IMEM Read -> 0x9547
PASS | DMEM Read -> 0x22a1
PASS | IMEM Read -> 0x1ec1
PASS | DMEM Read Disabled -> 0x0
PASS | IMEM Read -> 0x438b
PASS | DMEM Read Disabled -> 0x0
PASS | IMEM Read -> 0x723d
PASS | DMEM Read Disabled -> 0x0
PASS | IMEM Read -> 0x7068
PASS | DMEM Read -> 0xcd26
PASS | IMEM Read -> 0xc606
PASS | DMEM Read Disabled -> 0x0
PASS | IMEM Read -> 0x852a
PASS | DMEM Read -> 0xa68b
PASS | IMEM Read -> 0x433a
PASS | DMEM Read -> 0x9c3
PASS | IMEM Read -> 0xf023
PASS | DMEM Read -> 0x94ee
PASS | IMEM Read -> 0x748a
PASS | DMEM Read Disabled -> 0x0
PASS | IMEM Read -> 0x748a
PASS | DMEM Read -> 0x270
PASS | IMEM Read -> 0x2a3a
PASS | DMEM Read Disabled -> 0x0
PASS | IMEM Read -> 0xfe9d
PASS | DMEM Read Disabled -> 0x0
PASS | IMEM Read -> 0x9ea3
PASS | DMEM Read Disabled -> 0x0
PASS | IMEM Read -> 0x2b2c
PASS | DMEM Read Disabled -> 0x0
PASS | IMEM Read -> 0x1c3c
PASS | DMEM Read Disabled -> 0x0
PASS | IMEM Read -> 0xe96d
PASS | DMEM Read Disabled -> 0x0
PASS | IMEM Read -> 0xa738
PASS | DMEM Read -> 0xaec5
PASS | IMEM Read -> 0x9bfb
PASS | DMEM Read -> 0x3a95
PASS | IMEM Read -> 0x4601
PASS | DMEM Read Disabled -> 0x0
PASS | IMEM Read -> 0x61cd
PASS | DMEM Read Disabled -> 0x0
PASS | IMEM Read -> 0x4794
PASS | DMEM Read -> 0x776b
PASS | IMEM Read -> 0xa323
PASS | DMEM Read Disabled -> 0x0
PASS | IMEM Read -> 0x4601
PASS | DMEM Read -> 0xb750
PASS | IMEM Read -> 0x4fc8
PASS | DMEM Read Disabled -> 0x0
PASS | IMEM Read -> 0x4391
PASS | DMEM Read -> 0x73f0
PASS | IMEM Read -> 0x12b3
PASS | DMEM Read -> 0xd70e
PASS | IMEM Read -> 0x5a4a
PASS | DMEM Read Disabled -> 0x0
PASS | IMEM Read -> 0x80ed
PASS | DMEM Read Disabled -> 0x0
PASS | IMEM Read -> 0xca4e
PASS | DMEM Read -> 0x5e37
PASS | IMEM Read -> 0xc5b9
PASS | DMEM Read Disabled -> 0x0
PASS | IMEM Read -> 0x8e1f
PASS | DMEM Read Disabled -> 0x0
PASS | IMEM Read -> 0x59e7
PASS | DMEM Read Disabled -> 0x0
PASS | IMEM Read -> 0xe469
PASS | DMEM Read -> 0xea17
PASS | IMEM Read -> 0xd70
PASS | DMEM Read -> 0xd17
PASS | IMEM Read -> 0xdd2b
PASS | DMEM Read Disabled -> 0x0
PASS | IMEM Read -> 0x2a3a
PASS | DMEM Read Disabled -> 0x0
PASS | IMEM Read -> 0xdab4
PASS | DMEM Read Disabled -> 0x0
PASS | IMEM Read -> 0xee77
PASS | DMEM Read -> 0xb97f
PASS | IMEM Read -> 0x61cd
PASS | DMEM Read Disabled -> 0x0
PASS | IMEM Read -> 0x374a
PASS | DMEM Read -> 0xb49b
PASS | IMEM Read -> 0xe338
PASS | DMEM Read -> 0x34d8
PASS | IMEM Read -> 0x4d4f
PASS | DMEM Read -> 0x73b4
PASS | IMEM Read -> 0x4f2e
PASS | DMEM Read Disabled -> 0x0
PASS | IMEM Read -> 0xf8b3
PASS | DMEM Read -> 0x3171
PASS | IMEM Read -> 0xe79
PASS | DMEM Read -> 0xb750
PASS | IMEM Read -> 0xa09d
PASS | DMEM Read -> 0x1feb
PASS | IMEM Read -> 0xa55c
PASS | DMEM Read -> 0xf224
PASS | IMEM Read -> 0x39d1
PASS | DMEM Read Disabled -> 0x0
PASS | IMEM Read -> 0xe47f
PASS | DMEM Read Disabled -> 0x0
PASS | IMEM Read -> 0x4f12
PASS | DMEM Read -> 0x97cc
PASS | IMEM Read -> 0x92a3
PASS | DMEM Read Disabled -> 0x0
PASS | IMEM Read -> 0xcbf1
PASS | DMEM Read Disabled -> 0x0
PASS | IMEM Read -> 0x1c3c
PASS | DMEM Read Disabled -> 0x0
PASS | IMEM Read -> 0x63f9
PASS | DMEM Read -> 0x10b
PASS | IMEM Read -> 0xc606
PASS | DMEM Read -> 0xxxxx
PASS | IMEM Read -> 0x4499
PASS | DMEM Read Disabled -> 0x0
PASS | IMEM Read -> 0x676d
PASS | DMEM Read Disabled -> 0x0
PASS | IMEM Read -> 0x698f
PASS | DMEM Read -> 0x6e48
PASS | IMEM Read -> 0x7c6d
PASS | DMEM Read Disabled -> 0x0
PASS | IMEM Read -> 0x4daf
PASS | DMEM Read Disabled -> 0x0
PASS | IMEM Read -> 0xc47
PASS | DMEM Read Disabled -> 0x0
PASS | IMEM Read -> 0xe213
PASS | DMEM Read Disabled -> 0x0
PASS | IMEM Read -> 0xd304
PASS | DMEM Read Disabled -> 0x0
PASS | IMEM Read -> 0xb815
PASS | DMEM Read Disabled -> 0x0
PASS | IMEM Read -> 0x891
PASS | DMEM Read Disabled -> 0x0
PASS | IMEM Read -> 0x9bfb
PASS | DMEM Read Disabled -> 0x0
PASS | IMEM Read -> 0x2b2c
PASS | DMEM Read Disabled -> 0x0
PASS | IMEM Read -> 0x676d
PASS | DMEM Read -> 0x2532
PASS | IMEM Read -> 0x2b1c
PASS | DMEM Read -> 0x315e
PASS | IMEM Read -> 0xa191
PASS | DMEM Read Disabled -> 0x0
PASS | IMEM Read -> 0x4c71
PASS | DMEM Read -> 0xfc0
PASS | IMEM Read -> 0xe624
PASS | DMEM Read Disabled -> 0x0
PASS | IMEM Read -> 0x9c8c
PASS | DMEM Read Disabled -> 0x0
PASS | IMEM Read -> 0x47aa
PASS | DMEM Read Disabled -> 0x0
PASS | IMEM Read -> 0x477c
PASS | DMEM Read -> 0x6b23
PASS | IMEM Read -> 0x8e1f
PASS | DMEM Read -> 0x59c1
PASS | IMEM Read -> 0x5f21
PASS | DMEM Read Disabled -> 0x0
PASS | IMEM Read -> 0x737e
PASS | DMEM Read -> 0x6f6a
PASS | IMEM Read -> 0x2e70
PASS | DMEM Read Disabled -> 0x0
PASS | IMEM Read -> 0xf8b3
PASS | DMEM Read Disabled -> 0x0
PASS | IMEM Read -> 0xa191
PASS | DMEM Read -> 0xd5e2
PASS | IMEM Read -> 0xd40c
PASS | DMEM Read -> 0x10b
PASS | IMEM Read -> 0xe842
PASS | DMEM Read Disabled -> 0x0
PASS | IMEM Read -> 0x92a3
PASS | DMEM Read -> 0x6688
PASS | IMEM Read -> 0xef8f
PASS | DMEM Read Disabled -> 0x0
PASS | IMEM Read -> 0xc5b9
PASS | DMEM Read Disabled -> 0x0
PASS | IMEM Read -> 0xb43f
PASS | DMEM Read Disabled -> 0x0
PASS | IMEM Read -> 0x477c
PASS | DMEM Read -> 0xd42f
PASS | IMEM Read -> 0x1bba
PASS | DMEM Read -> 0x828
PASS | IMEM Read -> 0xd304
PASS | DMEM Read -> 0xf48f
PASS | IMEM Read -> 0xa11a
PASS | DMEM Read Disabled -> 0x0
PASS | IMEM Read -> 0x7f3d
PASS | DMEM Read Disabled -> 0x0
PASS | IMEM Read -> 0x4daf
PASS | DMEM Read Disabled -> 0x0
PASS | IMEM Read -> 0x5a76
PASS | DMEM Read -> 0xb49b
PASS | IMEM Read -> 0x60db
PASS | DMEM Read Disabled -> 0x0
PASS | IMEM Read -> 0x242
PASS | DMEM Read Disabled -> 0x0
PASS | IMEM Read -> 0x7cbc
PASS | DMEM Read -> 0x10d0
PASS | IMEM Read -> 0x6c02
PASS | DMEM Read Disabled -> 0x0
PASS | IMEM Read -> 0x24b8
PASS | DMEM Read Disabled -> 0x0
PASS | IMEM Read -> 0x57f6
PASS | DMEM Read Disabled -> 0x0
PASS | IMEM Read -> 0xe469
PASS | DMEM Read Disabled -> 0x0
PASS | IMEM Read -> 0xe75b
PASS | DMEM Read -> 0xfa2f
PASS | IMEM Read -> 0xcc49
PASS | DMEM Read -> 0x671
PASS | IMEM Read -> 0xa55c
PASS | DMEM Read Disabled -> 0x0
PASS | IMEM Read -> 0x9007
PASS | DMEM Read -> 0xe9fc
PASS | IMEM Read -> 0xbacc
PASS | DMEM Read -> 0x6e92
PASS | IMEM Read -> 0x4d4f
PASS | DMEM Read Disabled -> 0x0
PASS | IMEM Read -> 0xf8b3
PASS | DMEM Read -> 0x10b
PASS | IMEM Read -> 0x2cc8
PASS | DMEM Read Disabled -> 0x0
PASS | IMEM Read -> 0x852a
PASS | DMEM Read -> 0x17ec
PASS | IMEM Read -> 0xf33
PASS | DMEM Read Disabled -> 0x0
PASS | IMEM Read -> 0x2566
PASS | DMEM Read Disabled -> 0x0
PASS | IMEM Read -> 0xebf8
PASS | DMEM Read Disabled -> 0x0
PASS | IMEM Read -> 0xbe50
PASS | DMEM Read -> 0xcaf5
PASS | IMEM Read -> 0xfe9d
PASS | DMEM Read Disabled -> 0x0
PASS | IMEM Read -> 0x568c
PASS | DMEM Read -> 0x6e48
PASS | IMEM Read -> 0x4391
PASS | DMEM Read Disabled -> 0x0
PASS | IMEM Read -> 0x901d
PASS | DMEM Read -> 0xcd5a
PASS | IMEM Read -> 0x2ae3
PASS | DMEM Read Disabled -> 0x0
PASS | IMEM Read -> 0x4391
PASS | DMEM Read -> 0xcd2b
PASS | IMEM Read -> 0xb32f
PASS | DMEM Read Disabled -> 0x0
PASS | IMEM Read -> 0xd304
PASS | DMEM Read Disabled -> 0x0
PASS | IMEM Read -> 0x4fc8
PASS | DMEM Read Disabled -> 0x0
PASS | IMEM Read -> 0x5a76
PASS | DMEM Read -> 0x485
PASS | IMEM Read -> 0xe842
PASS | DMEM Read Disabled -> 0x0
PASS | IMEM Read -> 0x59e7
PASS | DMEM Read Disabled -> 0x0
PASS | IMEM Read -> 0x7068
PASS | DMEM Read -> 0xae65
PASS | IMEM Read -> 0x4499
PASS | DMEM Read -> 0x38e5
PASS | IMEM Read -> 0xd70
PASS | DMEM Read Disabled -> 0x0
PASS | IMEM Read -> 0xebf8
PASS | DMEM Read -> 0x4fc4
PASS | IMEM Read -> 0x9007
PASS | DMEM Read Disabled -> 0x0
PASS | IMEM Read -> 0x3c72
PASS | DMEM Read -> 0x15e8
PASS | IMEM Read -> 0x1924
PASS | DMEM Read -> 0x8145
PASS | IMEM Read -> 0x100c
PASS | DMEM Read -> 0xffad
PASS | IMEM Read -> 0x8f67
PASS | DMEM Read Disabled -> 0x0
PASS | IMEM Read -> 0xe624
PASS | DMEM Read Disabled -> 0x0
PASS | IMEM Read -> 0x61cd
PASS | DMEM Read -> 0xa808
PASS | IMEM Read -> 0x6126
PASS | DMEM Read -> 0xa125
PASS | IMEM Read -> 0x80ed
PASS | DMEM Read -> 0x44de
PASS | IMEM Read -> 0x39d1
PASS | DMEM Read Disabled -> 0x0
PASS | IMEM Read -> 0xc1c3
PASS | DMEM Read Disabled -> 0x0
PASS | IMEM Read -> 0xc6d2
PASS | DMEM Read -> 0x3beb
PASS | IMEM Read -> 0x335
PASS | DMEM Read -> 0x5f94
PASS | IMEM Read -> 0x7068
PASS | DMEM Read Disabled -> 0x0
PASS | IMEM Read -> 0xc5
PASS | DMEM Read -> 0x6b23
PASS | IMEM Read -> 0xf810
PASS | DMEM Read Disabled -> 0x0
PASS | IMEM Read -> 0xe969
PASS | DMEM Read -> 0xcde6
PASS | IMEM Read -> 0xa5fc
PASS | DMEM Read Disabled -> 0x0
PASS | IMEM Read -> 0xce65
PASS | DMEM Read Disabled -> 0x0
PASS | IMEM Read -> 0xfd1
PASS | DMEM Read Disabled -> 0x0
PASS | IMEM Read -> 0xcd6c
PASS | DMEM Read Disabled -> 0x0
PASS | IMEM Read -> 0x1913
PASS | DMEM Read Disabled -> 0x0
PASS | IMEM Read -> 0xf33
PASS | DMEM Read -> 0xd6ae
PASS | IMEM Read -> 0x5942
PASS | DMEM Read -> 0x52c3
PASS | IMEM Read -> 0x2b1c
PASS | DMEM Read Disabled -> 0x0
PASS | IMEM Read -> 0x748a
PASS | DMEM Read Disabled -> 0x0
PASS | IMEM Read -> 0xf023
PASS | DMEM Read -> 0xfbec
PASS | IMEM Read -> 0xef8f
PASS | DMEM Read Disabled -> 0x0
PASS | IMEM Read -> 0x1a67
PASS | DMEM Read Disabled -> 0x0
PASS | IMEM Read -> 0xa55c
PASS | DMEM Read Disabled -> 0x0
PASS | IMEM Read -> 0x2566
PASS | DMEM Read -> 0x938a
PASS | IMEM Read -> 0xc40a
PASS | DMEM Read Disabled -> 0x0
PASS | IMEM Read -> 0xf8b3
PASS | DMEM Read Disabled -> 0x0
PASS | IMEM Read -> 0x477c
PASS | DMEM Read Disabled -> 0x0
PASS | IMEM Read -> 0xc1c3
PASS | DMEM Read Disabled -> 0x0
PASS | IMEM Read -> 0xc440
PASS | DMEM Read -> 0xcd5a
PASS | IMEM Read -> 0xfab
PASS | DMEM Read Disabled -> 0x0
PASS | IMEM Read -> 0x494f
PASS | DMEM Read Disabled -> 0x0
PASS | IMEM Read -> 0x8f67
PASS | DMEM Read Disabled -> 0x0
PASS | IMEM Read -> 0x7774
PASS | DMEM Read -> 0x22a1
PASS | IMEM Read -> 0xa323
PASS | DMEM Read Disabled -> 0x0
PASS | IMEM Read -> 0x1bba
PASS | DMEM Read Disabled -> 0x0
PASS | IMEM Read -> 0x96be
PASS | DMEM Read Disabled -> 0x0
PASS | IMEM Read -> 0x59f3
PASS | DMEM Read -> 0x308
PASS | IMEM Read -> 0x6d
PASS | DMEM Read -> 0xa035
PASS | IMEM Read -> 0x6126
PASS | DMEM Read Disabled -> 0x0
PASS | IMEM Read -> 0x91f7
PASS | DMEM Read Disabled -> 0x0
PASS | IMEM Read -> 0x57aa
PASS | DMEM Read Disabled -> 0x0
PASS | IMEM Read -> 0x2cc8
PASS | DMEM Read Disabled -> 0x0
PASS | IMEM Read -> 0xca4e
PASS | DMEM Read -> 0xee9e
PASS | IMEM Read -> 0x9537
PASS | DMEM Read -> 0x5a19
PASS | IMEM Read -> 0x4fc8
PASS | DMEM Read -> 0xxxxx
PASS | IMEM Read -> 0x2e70
PASS | DMEM Read -> 0xcb2d
PASS | IMEM Read -> 0xa5fc
PASS | DMEM Read -> 0x9198
PASS | IMEM Read -> 0xc0a0
PASS | DMEM Read Disabled -> 0x0
PASS | IMEM Read -> 0xe338
PASS | DMEM Read Disabled -> 0x0
PASS | IMEM Read -> 0x25f6
PASS | DMEM Read -> 0x9b1a
PASS | IMEM Read -> 0xf98d
PASS | DMEM Read Disabled -> 0x0
PASS | IMEM Read -> 0xa191
PASS | DMEM Read -> 0xf8a1
PASS | IMEM Read -> 0xf33
PASS | DMEM Read Disabled -> 0x0
PASS | IMEM Read -> 0x99f
PASS | DMEM Read -> 0x3081
PASS | IMEM Read -> 0xdf5b
PASS | DMEM Read -> 0x872f
PASS | IMEM Read -> 0x477c
PASS | DMEM Read -> 0xcd72
PASS | IMEM Read -> 0xca9
PASS | DMEM Read Disabled -> 0x0
PASS | IMEM Read -> 0x2bca
PASS | DMEM Read -> 0x6746
PASS | IMEM Read -> 0xd304
PASS | DMEM Read Disabled -> 0x0
PASS | IMEM Read -> 0x8e3
PASS | DMEM Read -> 0xa89f
PASS | IMEM Read -> 0x1c4c
PASS | DMEM Read Disabled -> 0x0
PASS | IMEM Read -> 0x1c4c
PASS | DMEM Read Disabled -> 0x0
PASS | IMEM Read -> 0xc6d2
PASS | DMEM Read -> 0xe3d2
PASS | IMEM Read -> 0x374a
PASS | DMEM Read Disabled -> 0x0
PASS | IMEM Read -> 0xbacc
PASS | DMEM Read Disabled -> 0x0
PASS | IMEM Read -> 0x61cd
PASS | DMEM Read Disabled -> 0x0
PASS | IMEM Read -> 0x1c4c
PASS | DMEM Read Disabled -> 0x0
PASS | IMEM Read -> 0xfa76
PASS | DMEM Read Disabled -> 0x0
PASS | IMEM Read -> 0xebf8
PASS | DMEM Read Disabled -> 0x0
PASS | IMEM Read -> 0xbe18
PASS | DMEM Read Disabled -> 0x0
PASS | IMEM Read -> 0xd334
PASS | DMEM Read -> 0x9ae0
PASS | IMEM Read -> 0x25f6
PASS | DMEM Read Disabled -> 0x0
PASS | IMEM Read -> 0x2b1c
PASS | DMEM Read Disabled -> 0x0
PASS | IMEM Read -> 0x38bf
PASS | DMEM Read -> 0x6903
PASS | IMEM Read -> 0x2cad
PASS | DMEM Read Disabled -> 0x0
PASS | IMEM Read -> 0x2c36
PASS | DMEM Read Disabled -> 0x0
PASS | IMEM Read -> 0x91f7
PASS | DMEM Read -> 0x97cc
PASS | IMEM Read -> 0x6d
PASS | DMEM Read Disabled -> 0x0
PASS | IMEM Read -> 0xed88
PASS | DMEM Read Disabled -> 0x0
PASS | IMEM Read -> 0x891
PASS | DMEM Read -> 0x71cf
PASS | IMEM Read -> 0x9d
PASS | DMEM Read Disabled -> 0x0
PASS | IMEM Read -> 0xb097
PASS | DMEM Read Disabled -> 0x0
PASS | IMEM Read -> 0x433a
PASS | DMEM Read -> 0xa8d6
PASS | IMEM Read -> 0xbe18
PASS | DMEM Read Disabled -> 0x0
PASS | IMEM Read -> 0x2e45
PASS | DMEM Read Disabled -> 0x0
PASS | IMEM Read -> 0x96ec
PASS | DMEM Read Disabled -> 0x0
PASS | IMEM Read -> 0x700e
PASS | DMEM Read Disabled -> 0x0
PASS | IMEM Read -> 0x651d
PASS | DMEM Read -> 0xc8e2
PASS | IMEM Read -> 0x63f9
PASS | DMEM Read Disabled -> 0x0
PASS | IMEM Read -> 0x4f2e
PASS | DMEM Read Disabled -> 0x0
PASS | IMEM Read -> 0x4340
PASS | DMEM Read Disabled -> 0x0
PASS | IMEM Read -> 0x5a4a
PASS | DMEM Read Disabled -> 0x0
PASS | IMEM Read -> 0x700e
PASS | DMEM Read Disabled -> 0x0
PASS | IMEM Read -> 0xa54c
PASS | DMEM Read -> 0x520b
PASS | IMEM Read -> 0x2b2c
PASS | DMEM Read Disabled -> 0x0
PASS | IMEM Read -> 0x4340
PASS | DMEM Read Disabled -> 0x0
PASS | IMEM Read -> 0x61cd
PASS | DMEM Read Disabled -> 0x0
PASS | IMEM Read -> 0x5d47
PASS | DMEM Read -> 0x520b
PASS | IMEM Read -> 0x1c45
PASS | DMEM Read -> 0x66ea
PASS | IMEM Read -> 0xffea
PASS | DMEM Read Disabled -> 0x0
PASS | IMEM Read -> 0xe79
PASS | DMEM Read Disabled -> 0x0
PASS | IMEM Read -> 0xb43f
PASS | DMEM Read Disabled -> 0x0
PASS | IMEM Read -> 0xce65
PASS | DMEM Read Disabled -> 0x0
PASS | IMEM Read -> 0x2515
PASS | DMEM Read Disabled -> 0x0
PASS | IMEM Read -> 0xdca6
PASS | DMEM Read Disabled -> 0x0
PASS | IMEM Read -> 0x3c72
PASS | DMEM Read Disabled -> 0x0
PASS | IMEM Read -> 0x34bb
PASS | DMEM Read Disabled -> 0x0
PASS | IMEM Read -> 0xee77
PASS | DMEM Read Disabled -> 0x0
PASS | IMEM Read -> 0x29eb
PASS | DMEM Read Disabled -> 0x0
PASS | IMEM Read -> 0x5a0a
PASS | DMEM Read Disabled -> 0x0
PASS | IMEM Read -> 0xfab
PASS | DMEM Read Disabled -> 0x0
PASS | IMEM Read -> 0x39d1
PASS | DMEM Read Disabled -> 0x0
PASS | IMEM Read -> 0xe79
PASS | DMEM Read -> 0x10b0
PASS | IMEM Read -> 0x8341
PASS | DMEM Read Disabled -> 0x0
PASS | IMEM Read -> 0x80ed
PASS | DMEM Read Disabled -> 0x0
PASS | IMEM Read -> 0x2bca
PASS | DMEM Read Disabled -> 0x0
PASS | IMEM Read -> 0x4c71
PASS | DMEM Read Disabled -> 0x0
PASS | IMEM Read -> 0x748a
PASS | DMEM Read -> 0xb329
PASS | IMEM Read -> 0xb69e
PASS | DMEM Read Disabled -> 0x0
PASS | IMEM Read -> 0xfab
PASS | DMEM Read Disabled -> 0x0
PASS | IMEM Read -> 0x57f6
PASS | DMEM Read Disabled -> 0x0
PASS | IMEM Read -> 0xe213
PASS | DMEM Read Disabled -> 0x0
PASS | IMEM Read -> 0xe89
PASS | DMEM Read Disabled -> 0x0
PASS | IMEM Read -> 0xa55c
PASS | DMEM Read -> 0x9813
PASS | IMEM Read -> 0x242
PASS | DMEM Read Disabled -> 0x0
PASS | IMEM Read -> 0xe47f
PASS | DMEM Read Disabled -> 0x0
PASS | IMEM Read -> 0xe96d
PASS | DMEM Read Disabled -> 0x0
PASS | IMEM Read -> 0xe75b
PASS | DMEM Read Disabled -> 0x0
PASS | IMEM Read -> 0x510
PASS | DMEM Read Disabled -> 0x0
PASS | IMEM Read -> 0x265e
PASS | DMEM Read -> 0xed52
PASS | IMEM Read -> 0xa738
PASS | DMEM Read Disabled -> 0x0
PASS | IMEM Read -> 0xcebf
PASS | DMEM Read -> 0x315b
PASS | IMEM Read -> 0x737e
PASS | DMEM Read Disabled -> 0x0
PASS | IMEM Read -> 0x386b
PASS | DMEM Read -> 0x520b
PASS | IMEM Read -> 0xabcd
PASS | DMEM Read Disabled -> 0x0
PASS | IMEM Read -> 0x5d6d
PASS | DMEM Read Disabled -> 0x0
PASS | IMEM Read -> 0x525b
PASS | DMEM Read Disabled -> 0x0
PASS | IMEM Read -> 0x77a7
PASS | DMEM Read Disabled -> 0x0
PASS | IMEM Read -> 0x4f2e
PASS | DMEM Read Disabled -> 0x0
PASS | IMEM Read -> 0x5bfc
PASS | DMEM Read Disabled -> 0x0
PASS | IMEM Read -> 0x2e70
PASS | DMEM Read Disabled -> 0x0
PASS | IMEM Read -> 0x24b8
PASS | DMEM Read -> 0x75d5
PASS | IMEM Read -> 0x5160
PASS | DMEM Read Disabled -> 0x0
PASS | IMEM Read -> 0x3c68
PASS | DMEM Read Disabled -> 0x0
PASS | IMEM Read -> 0x4f12
PASS | DMEM Read Disabled -> 0x0
PASS | IMEM Read -> 0x6f20
PASS | DMEM Read -> 0xd70e
PASS | IMEM Read -> 0x676d
PASS | DMEM Read -> 0x10d0
PASS | IMEM Read -> 0xe79
PASS | DMEM Read Disabled -> 0x0
PASS | IMEM Read -> 0xdd2b
PASS | DMEM Read Disabled -> 0x0
PASS | IMEM Read -> 0x4fc8
PASS | DMEM Read Disabled -> 0x0
PASS | IMEM Read -> 0x335
PASS | DMEM Read Disabled -> 0x0
PASS | IMEM Read -> 0x2f16
PASS | DMEM Read Disabled -> 0x0
PASS | IMEM Read -> 0x4f2e
PASS | DMEM Read Disabled -> 0x0
PASS | IMEM Read -> 0x438b
PASS | DMEM Read -> 0xa68b
PASS | IMEM Read -> 0x7f3d
PASS | DMEM Read Disabled -> 0x0
PASS | IMEM Read -> 0xb1b8
PASS | DMEM Read Disabled -> 0x0
PASS | IMEM Read -> 0x5bfc
PASS | DMEM Read Disabled -> 0x0
PASS | IMEM Read -> 0x6126
PASS | DMEM Read Disabled -> 0x0
PASS | IMEM Read -> 0x4601
PASS | DMEM Read -> 0xa125
PASS | IMEM Read -> 0x94e5
PASS | DMEM Read -> 0x7de8
PASS | IMEM Read -> 0xc0a0
PASS | DMEM Read Disabled -> 0x0
PASS | IMEM Read -> 0x808f
PASS | DMEM Read Disabled -> 0x0
PASS | IMEM Read -> 0x245d
PASS | DMEM Read Disabled -> 0x0
PASS | IMEM Read -> 0x292
PASS | DMEM Read Disabled -> 0x0
PASS | IMEM Read -> 0x57aa
PASS | DMEM Read Disabled -> 0x0
PASS | IMEM Read -> 0x4c71
PASS | DMEM Read Disabled -> 0x0
PASS | IMEM Read -> 0x7fb1
PASS | DMEM Read Disabled -> 0x0
PASS | IMEM Read -> 0xfa76
PASS | DMEM Read Disabled -> 0x0
PASS | IMEM Read -> 0xb1b8
PASS | DMEM Read -> 0x4fc4
PASS | IMEM Read -> 0xe469
PASS | DMEM Read Disabled -> 0x0
PASS | IMEM Read -> 0x100c
PASS | DMEM Read Disabled -> 0x0
PASS | IMEM Read -> 0x5942
PASS | DMEM Read -> 0x6fb2
PASS | IMEM Read -> 0x477c
PASS | DMEM Read Disabled -> 0x0
PASS | IMEM Read -> 0x4fc8
PASS | DMEM Read Disabled -> 0x0
PASS | IMEM Read -> 0x66bc
PASS | DMEM Read -> 0x8b4e
PASS | IMEM Read -> 0x8a2b
PASS | DMEM Read Disabled -> 0x0
PASS | IMEM Read -> 0x901a
PASS | DMEM Read -> 0x1a05
PASS | IMEM Read -> 0x374a
PASS | DMEM Read Disabled -> 0x0
PASS | IMEM Read -> 0x335
PASS | DMEM Read Disabled -> 0x0
PASS | IMEM Read -> 0xffea
PASS | DMEM Read -> 0xd70e
PASS | IMEM Read -> 0x42d4
PASS | DMEM Read Disabled -> 0x0
PASS | IMEM Read -> 0x5160
PASS | DMEM Read Disabled -> 0x0
PASS | IMEM Read -> 0x676d
PASS | DMEM Read -> 0xxxxx
PASS | IMEM Read -> 0x25f6
PASS | DMEM Read -> 0x953e
PASS | IMEM Read -> 0x5d0c
PASS | DMEM Read Disabled -> 0x0
PASS | IMEM Read -> 0x8a2b
PASS | DMEM Read -> 0xc217
PASS | IMEM Read -> 0xe96d
PASS | DMEM Read Disabled -> 0x0
PASS | IMEM Read -> 0xd47c
PASS | DMEM Read -> 0x49a3
PASS | IMEM Read -> 0xbacc
PASS | DMEM Read Disabled -> 0x0
PASS | IMEM Read -> 0xd40c
PASS | DMEM Read Disabled -> 0x0
PASS | IMEM Read -> 0xbf0f
PASS | DMEM Read Disabled -> 0x0
PASS | IMEM Read -> 0xa55c
PASS | DMEM Read -> 0x35be
PASS | IMEM Read -> 0xe89
PASS | DMEM Read Disabled -> 0x0
PASS | IMEM Read -> 0x80ac
PASS | DMEM Read Disabled -> 0x0
PASS | IMEM Read -> 0xc5
PASS | DMEM Read -> 0x8334
PASS | IMEM Read -> 0x2b2c
PASS | DMEM Read Disabled -> 0x0
PASS | IMEM Read -> 0x8599
PASS | DMEM Read -> 0x8b4e
PASS | IMEM Read -> 0x53f6
PASS | DMEM Read -> 0xd179
PASS | IMEM Read -> 0x91f7
PASS | DMEM Read Disabled -> 0x0
PASS | IMEM Read -> 0x335
PASS | DMEM Read Disabled -> 0x0
PASS | IMEM Read -> 0x915b
PASS | DMEM Read Disabled -> 0x0
PASS | IMEM Read -> 0xa55c
PASS | DMEM Read Disabled -> 0x0
PASS | IMEM Read -> 0x8e3
PASS | DMEM Read -> 0x64e2
PASS | IMEM Read -> 0x29eb
PASS | DMEM Read Disabled -> 0x0
PASS | IMEM Read -> 0x9547
PASS | DMEM Read Disabled -> 0x0
PASS | IMEM Read -> 0x66bc
PASS | DMEM Read -> 0xfc0
PASS | IMEM Read -> 0x9bfb
PASS | DMEM Read Disabled -> 0x0
PASS | IMEM Read -> 0xe842
PASS | DMEM Read Disabled -> 0x0
PASS | IMEM Read -> 0x808f
PASS | DMEM Read Disabled -> 0x0
PASS | IMEM Read -> 0x915b
PASS | DMEM Read Disabled -> 0x0
PASS | IMEM Read -> 0xb1b8
PASS | DMEM Read Disabled -> 0x0
PASS | IMEM Read -> 0x2ae3
PASS | DMEM Read Disabled -> 0x0
PASS | IMEM Read -> 0xe969
PASS | DMEM Read -> 0x256e
PASS | IMEM Read -> 0x989c
PASS | DMEM Read Disabled -> 0x0
PASS | IMEM Read -> 0xc0a0
PASS | DMEM Read -> 0x6ad
PASS | IMEM Read -> 0x477c
PASS | DMEM Read Disabled -> 0x0
PASS | IMEM Read -> 0xe75b
PASS | DMEM Read Disabled -> 0x0
PASS | IMEM Read -> 0x568c
PASS | DMEM Read Disabled -> 0x0
PASS | IMEM Read -> 0x292
PASS | DMEM Read Disabled -> 0x0
PASS | IMEM Read -> 0x6c02
PASS | DMEM Read Disabled -> 0x0
PASS | IMEM Read -> 0xbe18
PASS | DMEM Read Disabled -> 0x0
PASS | IMEM Read -> 0x4156
PASS | DMEM Read -> 0xa125
PASS | IMEM Read -> 0x2c36
PASS | DMEM Read Disabled -> 0x0
PASS | IMEM Read -> 0x47aa
PASS | DMEM Read Disabled -> 0x0
PASS | IMEM Read -> 0xcd6c
PASS | DMEM Read -> 0x6f0
PASS | IMEM Read -> 0xb297
PASS | DMEM Read Disabled -> 0x0
PASS | IMEM Read -> 0xf98d
PASS | DMEM Read Disabled -> 0x0
PASS | IMEM Read -> 0xfe9d
PASS | DMEM Read Disabled -> 0x0
PASS | IMEM Read -> 0x63f9
PASS | DMEM Read Disabled -> 0x0
PASS | IMEM Read -> 0x2566
PASS | DMEM Read Disabled -> 0x0
PASS | IMEM Read -> 0x9537
PASS | DMEM Read -> 0x5efd
PASS | IMEM Read -> 0xcebf
PASS | DMEM Read -> 0x2256
PASS | IMEM Read -> 0x42d4
PASS | DMEM Read Disabled -> 0x0
PASS | IMEM Read -> 0xef8f
PASS | DMEM Read -> 0xa808
PASS | IMEM Read -> 0xf810
PASS | DMEM Read Disabled -> 0x0
PASS | IMEM Read -> 0x2b2c
PASS | DMEM Read Disabled -> 0x0
PASS | IMEM Read -> 0xe213
PASS | DMEM Read Disabled -> 0x0
PASS | IMEM Read -> 0xc1c3
PASS | DMEM Read -> 0x73c3
PASS | IMEM Read -> 0x1bba
PASS | DMEM Read -> 0x112
PASS | IMEM Read -> 0x94e5
PASS | DMEM Read -> 0x1313
PASS | IMEM Read -> 0xcb2c
PASS | DMEM Read -> 0x3ee6
PASS | IMEM Read -> 0xd47c
PASS | DMEM Read Disabled -> 0x0
PASS | IMEM Read -> 0x2bca
PASS | DMEM Read Disabled -> 0x0
PASS | IMEM Read -> 0x7cbc
PASS | DMEM Read -> 0x6d84
PASS | IMEM Read -> 0xb746
PASS | DMEM Read Disabled -> 0x0
PASS | IMEM Read -> 0x4391
PASS | DMEM Read -> 0x2999
PASS | IMEM Read -> 0x8e3
PASS | DMEM Read -> 0x6fac
PASS | IMEM Read -> 0x5636
PASS | DMEM Read Disabled -> 0x0
PASS | IMEM Read -> 0x4daf
PASS | DMEM Read Disabled -> 0x0
PASS | IMEM Read -> 0x66bc
PASS | DMEM Read Disabled -> 0x0
PASS | IMEM Read -> 0x77a7
PASS | DMEM Read -> 0x7c38
PASS | IMEM Read -> 0x4c71
PASS | DMEM Read -> 0x6d84
PASS | IMEM Read -> 0x79f7
PASS | DMEM Read Disabled -> 0x0
PASS | IMEM Read -> 0xef8f
PASS | DMEM Read -> 0xxxxx
PASS | IMEM Read -> 0xee77
PASS | DMEM Read Disabled -> 0x0
PASS | IMEM Read -> 0x97ed
PASS | DMEM Read Disabled -> 0x0
PASS | IMEM Read -> 0x8b9a
PASS | DMEM Read Disabled -> 0x0
PASS | IMEM Read -> 0x1924
PASS | DMEM Read Disabled -> 0x0
PASS | IMEM Read -> 0x2e70
PASS | DMEM Read -> 0x1313
PASS | IMEM Read -> 0xfbe2
PASS | DMEM Read Disabled -> 0x0
PASS | IMEM Read -> 0xdd2b
PASS | DMEM Read Disabled -> 0x0
PASS | IMEM Read -> 0x9278
PASS | DMEM Read -> 0x7d73
PASS | IMEM Read -> 0xb297
PASS | DMEM Read Disabled -> 0x0
PASS | IMEM Read -> 0x9ea3
PASS | DMEM Read Disabled -> 0x0
PASS | IMEM Read -> 0xfa76
PASS | DMEM Read -> 0x520b
PASS | IMEM Read -> 0x91b
PASS | DMEM Read Disabled -> 0x0
PASS | IMEM Read -> 0xe441
PASS | DMEM Read -> 0x7f1d
PASS | IMEM Read -> 0x6f20
PASS | DMEM Read Disabled -> 0x0
PASS | IMEM Read -> 0x9007
PASS | DMEM Read -> 0x4fc4
PASS | IMEM Read -> 0xf774
PASS | DMEM Read -> 0x2999
PASS | IMEM Read -> 0xa191
PASS | DMEM Read Disabled -> 0x0
PASS | IMEM Read -> 0x525b
PASS | DMEM Read Disabled -> 0x0
PASS | IMEM Read -> 0x335
PASS | DMEM Read Disabled -> 0x0
PASS | IMEM Read -> 0x4d4f
PASS | DMEM Read Disabled -> 0x0
PASS | IMEM Read -> 0x386b
PASS | DMEM Read Disabled -> 0x0
PASS | IMEM Read -> 0x1b56
PASS | DMEM Read Disabled -> 0x0
PASS | IMEM Read -> 0x39d1
PASS | DMEM Read Disabled -> 0x0
PASS | IMEM Read -> 0x292
PASS | DMEM Read Disabled -> 0x0
PASS | IMEM Read -> 0x1c4c
PASS | DMEM Read Disabled -> 0x0
PASS | IMEM Read -> 0x7f3d
PASS | DMEM Read Disabled -> 0x0
PASS | IMEM Read -> 0xee77
PASS | DMEM Read Disabled -> 0x0
PASS | IMEM Read -> 0x2a3a
PASS | DMEM Read Disabled -> 0x0
PASS | IMEM Read -> 0x5bfc
PASS | DMEM Read -> 0x5b4
PASS | IMEM Read -> 0x2f16
PASS | DMEM Read Disabled -> 0x0
PASS | IMEM Read -> 0x390f
PASS | DMEM Read -> 0x33c9
PASS | IMEM Read -> 0x2a3a
PASS | DMEM Read Disabled -> 0x0
PASS | IMEM Read -> 0xbf0f
PASS | DMEM Read Disabled -> 0x0
PASS | IMEM Read -> 0xf98d
PASS | DMEM Read Disabled -> 0x0
PASS | IMEM Read -> 0x273a
PASS | DMEM Read -> 0xc22c
PASS | IMEM Read -> 0x42d4
PASS | DMEM Read -> 0xddcf
PASS | IMEM Read -> 0xef4
PASS | DMEM Read -> 0xf2b4
PASS | IMEM Read -> 0x4fc8
PASS | DMEM Read Disabled -> 0x0
PASS | IMEM Read -> 0x8e1f
PASS | DMEM Read -> 0xd5e2
PASS | IMEM Read -> 0x6d
PASS | DMEM Read Disabled -> 0x0
PASS | IMEM Read -> 0x292
PASS | DMEM Read Disabled -> 0x0
PASS | IMEM Read -> 0x2bca
PASS | DMEM Read -> 0xf830
PASS | IMEM Read -> 0x477c
PASS | DMEM Read Disabled -> 0x0
PASS | IMEM Read -> 0x96be
PASS | DMEM Read Disabled -> 0x0
PASS | IMEM Read -> 0xb43f
PASS | DMEM Read Disabled -> 0x0
PASS | IMEM Read -> 0xbe18
PASS | DMEM Read Disabled -> 0x0
PASS | IMEM Read -> 0xfab
PASS | DMEM Read Disabled -> 0x0
PASS | IMEM Read -> 0xa11a
PASS | DMEM Read -> 0xf8a1
PASS | IMEM Read -> 0x7774
PASS | DMEM Read Disabled -> 0x0
PASS | IMEM Read -> 0xb8f2
PASS | DMEM Read Disabled -> 0x0
PASS | IMEM Read -> 0xc0a0
PASS | DMEM Read Disabled -> 0x0
PASS | IMEM Read -> 0x737e
PASS | DMEM Read Disabled -> 0x0
PASS | IMEM Read -> 0x6da5
PASS | DMEM Read -> 0x5ff1
PASS | IMEM Read -> 0xcd22
PASS | DMEM Read Disabled -> 0x0
PASS | IMEM Read -> 0x2e70
PASS | DMEM Read Disabled -> 0x0
PASS | IMEM Read -> 0x5160
PASS | DMEM Read -> 0x9fad
PASS | IMEM Read -> 0x2515
PASS | DMEM Read Disabled -> 0x0
PASS | IMEM Read -> 0xdf5b
PASS | DMEM Read -> 0x5f50
PASS | IMEM Read -> 0x374a
PASS | DMEM Read Disabled -> 0x0
PASS | IMEM Read -> 0xe213
PASS | DMEM Read Disabled -> 0x0
PASS | IMEM Read -> 0xcc49
PASS | DMEM Read Disabled -> 0x0
PASS | IMEM Read -> 0xa09d
PASS | DMEM Read Disabled -> 0x0
PASS | IMEM Read -> 0xef8f
PASS | DMEM Read -> 0x3beb
PASS | IMEM Read -> 0xfd2f
PASS | DMEM Read Disabled -> 0x0
PASS | IMEM Read -> 0x79f7
PASS | DMEM Read -> 0xd568
PASS | IMEM Read -> 0xe441
PASS | DMEM Read Disabled -> 0x0
PASS | IMEM Read -> 0x12b3
PASS | DMEM Read Disabled -> 0x0
PASS | IMEM Read -> 0x9547
PASS | DMEM Read Disabled -> 0x0
PASS | IMEM Read -> 0x7fb1
PASS | DMEM Read Disabled -> 0x0
PASS | IMEM Read -> 0x92a3
PASS | DMEM Read -> 0xdf0e
PASS | IMEM Read -> 0x2b1c
PASS | DMEM Read -> 0x8188
PASS | IMEM Read -> 0x651d
PASS | DMEM Read Disabled -> 0x0
PASS | IMEM Read -> 0x5e1a
PASS | DMEM Read Disabled -> 0x0
PASS | IMEM Read -> 0x61cd
PASS | DMEM Read Disabled -> 0x0
PASS | IMEM Read -> 0xe75b
PASS | DMEM Read -> 0xd9fd
PASS | IMEM Read -> 0x390f
PASS | DMEM Read Disabled -> 0x0
PASS | IMEM Read -> 0x1bba
PASS | DMEM Read Disabled -> 0x0
PASS | IMEM Read -> 0xa191
PASS | DMEM Read -> 0x6eca
PASS | IMEM Read -> 0x9767
PASS | DMEM Read Disabled -> 0x0
PASS | IMEM Read -> 0x1913
PASS | DMEM Read Disabled -> 0x0
PASS | IMEM Read -> 0x7fb1
PASS | DMEM Read Disabled -> 0x0
PASS | IMEM Read -> 0xb43f
PASS | DMEM Read Disabled -> 0x0
PASS | IMEM Read -> 0xc40a
PASS | DMEM Read Disabled -> 0x0
PASS | IMEM Read -> 0xe853
PASS | DMEM Read Disabled -> 0x0
PASS | IMEM Read -> 0xcd22
PASS | DMEM Read -> 0x1d74
PASS | IMEM Read -> 0xa262
PASS | DMEM Read -> 0x73f0
PASS | IMEM Read -> 0xa11a
PASS | DMEM Read -> 0xa94b
PASS | IMEM Read -> 0x97ed
PASS | DMEM Read Disabled -> 0x0
PASS | IMEM Read -> 0xb297
PASS | DMEM Read Disabled -> 0x0
PASS | IMEM Read -> 0x4340
PASS | DMEM Read Disabled -> 0x0
PASS | IMEM Read -> 0x676d
PASS | DMEM Read -> 0x537e
PASS | IMEM Read -> 0xb815
PASS | DMEM Read -> 0x5a19
PASS | IMEM Read -> 0x2c36
PASS | DMEM Read Disabled -> 0x0
PASS | IMEM Read -> 0xd334
PASS | DMEM Read Disabled -> 0x0
PASS | IMEM Read -> 0x9c8c
PASS | DMEM Read Disabled -> 0x0
PASS | IMEM Read -> 0x2c36
PASS | DMEM Read Disabled -> 0x0
PASS | IMEM Read -> 0xcd6c
PASS | DMEM Read Disabled -> 0x0
PASS | IMEM Read -> 0xbe18
PASS | DMEM Read -> 0xdf35
PASS | IMEM Read -> 0x9026
PASS | DMEM Read Disabled -> 0x0
PASS | IMEM Read -> 0x97ed
PASS | DMEM Read Disabled -> 0x0
PASS | IMEM Read -> 0x7068
PASS | DMEM Read Disabled -> 0x0
PASS | IMEM Read -> 0x2ea6
PASS | DMEM Read Disabled -> 0x0
PASS | IMEM Read -> 0x3c72
PASS | DMEM Read Disabled -> 0x0
PASS | IMEM Read -> 0xe441
PASS | DMEM Read -> 0x3beb
PASS | IMEM Read -> 0xc40a
PASS | DMEM Read -> 0x1e61
PASS | IMEM Read -> 0x91f7
PASS | DMEM Read Disabled -> 0x0
PASS | IMEM Read -> 0xc5
PASS | DMEM Read Disabled -> 0x0
PASS | IMEM Read -> 0x7fb1
PASS | DMEM Read -> 0x8334
PASS | IMEM Read -> 0xbb95
PASS | DMEM Read -> 0x5e8f
PASS | IMEM Read -> 0x335
PASS | DMEM Read Disabled -> 0x0
PASS | IMEM Read -> 0x2999
PASS | DMEM Read Disabled -> 0x0
PASS | IMEM Read -> 0xb4ca
PASS | DMEM Read -> 0xdf35
PASS | IMEM Read -> 0x5a0a
PASS | DMEM Read Disabled -> 0x0
PASS | IMEM Read -> 0x433a
PASS | DMEM Read Disabled -> 0x0
PASS | IMEM Read -> 0xe75b
PASS | DMEM Read Disabled -> 0x0
PASS | IMEM Read -> 0xc1c3
PASS | DMEM Read Disabled -> 0x0
PASS | IMEM Read -> 0xb1b8
PASS | DMEM Read Disabled -> 0x0
PASS | IMEM Read -> 0x901a
PASS | DMEM Read -> 0x671
PASS | IMEM Read -> 0x91b
PASS | DMEM Read Disabled -> 0x0
PASS | IMEM Read -> 0x7fb1
PASS | DMEM Read Disabled -> 0x0
PASS | IMEM Read -> 0xe969
PASS | DMEM Read Disabled -> 0x0
PASS | IMEM Read -> 0xdf0f
PASS | DMEM Read Disabled -> 0x0
PASS | IMEM Read -> 0xe338
PASS | DMEM Read Disabled -> 0x0
PASS | IMEM Read -> 0x9537
PASS | DMEM Read Disabled -> 0x0
PASS | IMEM Read -> 0x79f7
PASS | DMEM Read Disabled -> 0x0
PASS | IMEM Read -> 0xb1b8
PASS | DMEM Read Disabled -> 0x0
PASS | IMEM Read -> 0x65ca
PASS | DMEM Read Disabled -> 0x0
PASS | IMEM Read -> 0x2885
PASS | DMEM Read -> 0xc217
PASS | IMEM Read -> 0x57f6
PASS | DMEM Read Disabled -> 0x0
PASS | IMEM Read -> 0xd304
PASS | DMEM Read -> 0xaed8
PASS | IMEM Read -> 0x4391
PASS | DMEM Read Disabled -> 0x0
PASS | IMEM Read -> 0x1a67
PASS | DMEM Read -> 0x32be
PASS | IMEM Read -> 0x8599
PASS | DMEM Read Disabled -> 0x0
PASS | IMEM Read -> 0x676d
PASS | DMEM Read -> 0x98d8
PASS | IMEM Read -> 0x61cd
PASS | DMEM Read Disabled -> 0x0
PASS | IMEM Read -> 0xf023
PASS | DMEM Read Disabled -> 0x0
PASS | IMEM Read -> 0x24b8
PASS | DMEM Read Disabled -> 0x0
PASS | IMEM Read -> 0x94e5
PASS | DMEM Read Disabled -> 0x0
PASS | IMEM Read -> 0x4391
PASS | DMEM Read -> 0x9eb
PASS | IMEM Read -> 0xa22d
PASS | DMEM Read Disabled -> 0x0
PASS | IMEM Read -> 0xc47
PASS | DMEM Read Disabled -> 0x0
PASS | IMEM Read -> 0xbe18
PASS | DMEM Read Disabled -> 0x0
PASS | IMEM Read -> 0x4794
PASS | DMEM Read Disabled -> 0x0
PASS | IMEM Read -> 0x8b9a
PASS | DMEM Read Disabled -> 0x0
PASS | IMEM Read -> 0x636c
PASS | DMEM Read Disabled -> 0x0
PASS | IMEM Read -> 0xb097
PASS | DMEM Read -> 0x1567
PASS | IMEM Read -> 0xe624
PASS | DMEM Read Disabled -> 0x0
PASS | IMEM Read -> 0x1913
PASS | DMEM Read -> 0x26e
PASS | IMEM Read -> 0x2ea6
PASS | DMEM Read -> 0xa778
PASS | IMEM Read -> 0xa5fc
PASS | DMEM Read Disabled -> 0x0
PASS | IMEM Read -> 0x59e7
PASS | DMEM Read -> 0x112
PASS | IMEM Read -> 0x5b80
PASS | DMEM Read Disabled -> 0x0
PASS | IMEM Read -> 0x42d4
PASS | DMEM Read Disabled -> 0x0
PASS | IMEM Read -> 0xdca6
PASS | DMEM Read Disabled -> 0x0
PASS | IMEM Read -> 0xa11a
PASS | DMEM Read Disabled -> 0x0
PASS | IMEM Read -> 0xcb2c
PASS | DMEM Read Disabled -> 0x0
PASS | IMEM Read -> 0x808f
PASS | DMEM Read Disabled -> 0x0
PASS | IMEM Read -> 0xe89
PASS | DMEM Read Disabled -> 0x0
PASS | IMEM Read -> 0xf33
PASS | DMEM Read Disabled -> 0x0
PASS | IMEM Read -> 0x47aa
PASS | DMEM Read -> 0xc5ca
PASS | IMEM Read -> 0x636c
PASS | DMEM Read Disabled -> 0x0
PASS | IMEM Read -> 0x748a
PASS | DMEM Read Disabled -> 0x0
PASS | IMEM Read -> 0x438b
PASS | DMEM Read Disabled -> 0x0
PASS | IMEM Read -> 0xe853
PASS | DMEM Read Disabled -> 0x0
PASS | IMEM Read -> 0xef4
PASS | DMEM Read Disabled -> 0x0
PASS | IMEM Read -> 0xd40c
PASS | DMEM Read -> 0xa931
PASS | IMEM Read -> 0xe338
PASS | DMEM Read Disabled -> 0x0
PASS | IMEM Read -> 0x96ec
PASS | DMEM Read Disabled -> 0x0
PASS | IMEM Read -> 0x5f21
PASS | DMEM Read Disabled -> 0x0
PASS | IMEM Read -> 0x1a67
PASS | DMEM Read Disabled -> 0x0
PASS | IMEM Read -> 0x2a3a
PASS | DMEM Read Disabled -> 0x0
PASS | IMEM Read -> 0x748a
PASS | DMEM Read Disabled -> 0x0
PASS | IMEM Read -> 0xa191
PASS | DMEM Read Disabled -> 0x0
PASS | IMEM Read -> 0xfab
PASS | DMEM Read Disabled -> 0x0
PASS | IMEM Read -> 0x42ee
PASS | DMEM Read -> 0x32be
PASS | IMEM Read -> 0x5a4a
PASS | DMEM Read -> 0x7cea
PASS | IMEM Read -> 0x335
PASS | DMEM Read Disabled -> 0x0
PASS | IMEM Read -> 0x1bba
PASS | DMEM Read Disabled -> 0x0
PASS | IMEM Read -> 0xa323
PASS | DMEM Read Disabled -> 0x0
PASS | IMEM Read -> 0x510
PASS | DMEM Read -> 0x3081
PASS | IMEM Read -> 0x292
PASS | DMEM Read Disabled -> 0x0
PASS | IMEM Read -> 0x4340
PASS | DMEM Read Disabled -> 0x0
PASS | IMEM Read -> 0x4d4f
PASS | DMEM Read Disabled -> 0x0
PASS | IMEM Read -> 0x92a3
PASS | DMEM Read -> 0xc0d1
PASS | IMEM Read -> 0xbda7
PASS | DMEM Read Disabled -> 0x0
PASS | IMEM Read -> 0x8e1f
PASS | DMEM Read -> 0xc759
PASS | IMEM Read -> 0x24b8
PASS | DMEM Read -> 0x8b1f
PASS | IMEM Read -> 0x25f6
PASS | DMEM Read -> 0x2473
PASS | IMEM Read -> 0x4340
PASS | DMEM Read Disabled -> 0x0
PASS | IMEM Read -> 0x97ed
PASS | DMEM Read Disabled -> 0x0
PASS | IMEM Read -> 0x2999
PASS | DMEM Read Disabled -> 0x0
PASS | IMEM Read -> 0xf8b3
PASS | DMEM Read Disabled -> 0x0
PASS | IMEM Read -> 0xdca6
PASS | DMEM Read Disabled -> 0x0
PASS | IMEM Read -> 0x438b
PASS | DMEM Read -> 0x51b7
PASS | IMEM Read -> 0xc6ec
PASS | DMEM Read Disabled -> 0x0
PASS | IMEM Read -> 0x636c
PASS | DMEM Read -> 0x1916
PASS | IMEM Read -> 0x5b80
PASS | DMEM Read Disabled -> 0x0
PASS | IMEM Read -> 0xe624
PASS | DMEM Read Disabled -> 0x0
PASS | IMEM Read -> 0xd8a8
PASS | DMEM Read -> 0x6fb2
PASS | IMEM Read -> 0xef4
PASS | DMEM Read Disabled -> 0x0
PASS | IMEM Read -> 0x9278
PASS | DMEM Read -> 0xxxxx
PASS | IMEM Read -> 0xd321
PASS | DMEM Read Disabled -> 0x0
PASS | IMEM Read -> 0x53f6
PASS | DMEM Read Disabled -> 0x0
PASS | IMEM Read -> 0xc1c3
PASS | DMEM Read Disabled -> 0x0
PASS | IMEM Read -> 0x477c
PASS | DMEM Read Disabled -> 0x0
PASS | IMEM Read -> 0x80ac
PASS | DMEM Read Disabled -> 0x0
PASS | IMEM Read -> 0xe853
PASS | DMEM Read -> 0x8188
PASS | IMEM Read -> 0x848c
PASS | DMEM Read -> 0x5b4
PASS | IMEM Read -> 0x4391
PASS | DMEM Read Disabled -> 0x0
PASS | IMEM Read -> 0x3c72
PASS | DMEM Read Disabled -> 0x0
PASS | IMEM Read -> 0xca9
PASS | DMEM Read -> 0xa9a9
PASS | IMEM Read -> 0xe75b
PASS | DMEM Read Disabled -> 0x0
PASS | IMEM Read -> 0x438b
PASS | DMEM Read -> 0x6911
PASS | IMEM Read -> 0x53f6
PASS | DMEM Read Disabled -> 0x0
PASS | IMEM Read -> 0x47aa
PASS | DMEM Read Disabled -> 0x0
PASS | IMEM Read -> 0xd304
PASS | DMEM Read Disabled -> 0x0
PASS | IMEM Read -> 0x2ae3
PASS | DMEM Read Disabled -> 0x0
PASS | IMEM Read -> 0x1ec1
PASS | DMEM Read Disabled -> 0x0
PASS | IMEM Read -> 0x1924
PASS | DMEM Read Disabled -> 0x0
PASS | IMEM Read -> 0xa22d
PASS | DMEM Read Disabled -> 0x0
PASS | IMEM Read -> 0x5160
PASS | DMEM Read -> 0xf8a1
PASS | IMEM Read -> 0x2abe
PASS | DMEM Read Disabled -> 0x0
PASS | IMEM Read -> 0x5942
PASS | DMEM Read Disabled -> 0x0
PASS | IMEM Read -> 0x5e7c
PASS | DMEM Read Disabled -> 0x0
PASS | IMEM Read -> 0xfbe2
PASS | DMEM Read Disabled -> 0x0
PASS | IMEM Read -> 0x2885
PASS | DMEM Read -> 0xea17
PASS | IMEM Read -> 0x4e73
PASS | DMEM Read Disabled -> 0x0
PASS | IMEM Read -> 0xbe18
PASS | DMEM Read Disabled -> 0x0
PASS | IMEM Read -> 0xfd2f
PASS | DMEM Read Disabled -> 0x0
PASS | IMEM Read -> 0xad9
PASS | DMEM Read Disabled -> 0x0
PASS | IMEM Read -> 0xb43f
PASS | DMEM Read -> 0x38e5
PASS | IMEM Read -> 0x386b
PASS | DMEM Read Disabled -> 0x0
PASS | IMEM Read -> 0x3c68
PASS | DMEM Read -> 0x8a7
PASS | IMEM Read -> 0x245d
PASS | DMEM Read Disabled -> 0x0
PASS | IMEM Read -> 0x6e2a
PASS | DMEM Read -> 0x5f50
PASS | IMEM Read -> 0xd70
PASS | DMEM Read Disabled -> 0x0
PASS | IMEM Read -> 0xa323
PASS | DMEM Read Disabled -> 0x0
PASS | IMEM Read -> 0xdd2b
PASS | DMEM Read -> 0x44de
PASS | IMEM Read -> 0x6c02
PASS | DMEM Read Disabled -> 0x0
PASS | IMEM Read -> 0x5a4a
PASS | DMEM Read -> 0xdcde
PASS | IMEM Read -> 0x242
PASS | DMEM Read Disabled -> 0x0
PASS | IMEM Read -> 0xf810
PASS | DMEM Read Disabled -> 0x0
PASS | IMEM Read -> 0xee77
PASS | DMEM Read -> 0xa464
PASS | IMEM Read -> 0x2c36
PASS | DMEM Read -> 0x6b23
PASS | IMEM Read -> 0x5d6d
PASS | DMEM Read Disabled -> 0x0
PASS | IMEM Read -> 0x2b1c
PASS | DMEM Read Disabled -> 0x0
PASS | IMEM Read -> 0xe441
PASS | DMEM Read -> 0x3b9
PASS | IMEM Read -> 0x568c
PASS | DMEM Read -> 0x270
PASS | IMEM Read -> 0x7cbc
PASS | DMEM Read Disabled -> 0x0
PASS | IMEM Read -> 0xfaf1
PASS | DMEM Read -> 0xd6ae
PASS | IMEM Read -> 0xa738
PASS | DMEM Read -> 0x776b
PASS | IMEM Read -> 0x6e2a
PASS | DMEM Read Disabled -> 0x0
PASS | IMEM Read -> 0x2cc8
PASS | DMEM Read Disabled -> 0x0
PASS | IMEM Read -> 0x2b1c
PASS | DMEM Read Disabled -> 0x0
PASS | IMEM Read -> 0xcd22
PASS | DMEM Read Disabled -> 0x0
PASS | IMEM Read -> 0x808f
PASS | DMEM Read Disabled -> 0x0
PASS | IMEM Read -> 0x273a
PASS | DMEM Read Disabled -> 0x0
PASS | IMEM Read -> 0xfa76
PASS | DMEM Read Disabled -> 0x0
PASS | IMEM Read -> 0xe969
PASS | DMEM Read -> 0xf910
PASS | IMEM Read -> 0xc6ec
PASS | DMEM Read Disabled -> 0x0
PASS | IMEM Read -> 0xa54c
PASS | DMEM Read Disabled -> 0x0
PASS | IMEM Read -> 0x2b1c
PASS | DMEM Read Disabled -> 0x0
PASS | IMEM Read -> 0x1ec1
PASS | DMEM Read Disabled -> 0x0
PASS | IMEM Read -> 0x39d1
PASS | DMEM Read -> 0xd179
PASS | IMEM Read -> 0x65ca
PASS | DMEM Read Disabled -> 0x0
PASS | IMEM Read -> 0xa262
PASS | DMEM Read Disabled -> 0x0
PASS | IMEM Read -> 0x8e3
PASS | DMEM Read Disabled -> 0x0
PASS | IMEM Read -> 0x2885
PASS | DMEM Read -> 0x5a4a
PASS | IMEM Read -> 0x3c68
PASS | DMEM Read Disabled -> 0x0
PASS | IMEM Read -> 0x4156
PASS | DMEM Read Disabled -> 0x0
PASS | IMEM Read -> 0xbe18
PASS | DMEM Read Disabled -> 0x0
PASS | IMEM Read -> 0x568c
PASS | DMEM Read Disabled -> 0x0
PASS | IMEM Read -> 0x34bb
PASS | DMEM Read -> 0xc759
PASS | IMEM Read -> 0x525b
PASS | DMEM Read Disabled -> 0x0
PASS | IMEM Read -> 0xc6ec
PASS | DMEM Read Disabled -> 0x0
PASS | IMEM Read -> 0x57f6
PASS | DMEM Read Disabled -> 0x0
PASS | IMEM Read -> 0x2b1c
PASS | DMEM Read Disabled -> 0x0
PASS | IMEM Read -> 0x60db
PASS | DMEM Read Disabled -> 0x0
PASS | IMEM Read -> 0x9537
PASS | DMEM Read Disabled -> 0x0
PASS | IMEM Read -> 0x2abe
PASS | DMEM Read Disabled -> 0x0
PASS | IMEM Read -> 0x335
PASS | DMEM Read -> 0xffaa
PASS | IMEM Read -> 0x2cc8
PASS | DMEM Read Disabled -> 0x0
PASS | IMEM Read -> 0xbe50
PASS | DMEM Read Disabled -> 0x0
PASS | IMEM Read -> 0xf98d
PASS | DMEM Read -> 0x5f50
PASS | IMEM Read -> 0xd304
PASS | DMEM Read Disabled -> 0x0
PASS | IMEM Read -> 0x2515
PASS | DMEM Read Disabled -> 0x0
PASS | IMEM Read -> 0xfe9d
PASS | DMEM Read Disabled -> 0x0
PASS | IMEM Read -> 0x4340
PASS | DMEM Read Disabled -> 0x0
PASS | IMEM Read -> 0x915b
PASS | DMEM Read -> 0x3690
PASS | IMEM Read -> 0xcc49
PASS | DMEM Read Disabled -> 0x0
PASS | IMEM Read -> 0xd321
PASS | DMEM Read Disabled -> 0x0
PASS | IMEM Read -> 0x6d
PASS | DMEM Read Disabled -> 0x0
PASS | IMEM Read -> 0x8f67
PASS | DMEM Read Disabled -> 0x0
PASS | IMEM Read -> 0x6e2a
PASS | DMEM Read -> 0xf830
PASS | IMEM Read -> 0xb1b8
PASS | DMEM Read -> 0x64d9
PASS | IMEM Read -> 0x9026
PASS | DMEM Read -> 0xc22c
PASS | IMEM Read -> 0x24b8
PASS | DMEM Read -> 0x5c8f
PASS | IMEM Read -> 0x242
PASS | DMEM Read Disabled -> 0x0
PASS | IMEM Read -> 0x1ec1
PASS | DMEM Read -> 0x5f62
PASS | IMEM Read -> 0xfa76
PASS | DMEM Read -> 0xbc49
PASS | IMEM Read -> 0x2b2c
PASS | DMEM Read -> 0x49a3
PASS | IMEM Read -> 0x3d3
PASS | DMEM Read -> 0x3eae
PASS | IMEM Read -> 0xc6d2
PASS | DMEM Read -> 0x5f50
PASS | IMEM Read -> 0x65ca
PASS | DMEM Read Disabled -> 0x0
PASS | IMEM Read -> 0xe89
PASS | DMEM Read Disabled -> 0x0
PASS | IMEM Read -> 0xf98d
PASS | DMEM Read -> 0x2256
PASS | IMEM Read -> 0x77a7
PASS | DMEM Read -> 0xbabe
PASS | IMEM Read -> 0x38bf
PASS | DMEM Read Disabled -> 0x0
PASS | IMEM Read -> 0xa09d
PASS | DMEM Read Disabled -> 0x0
PASS | IMEM Read -> 0x4156
PASS | DMEM Read -> 0x1e67
PASS | IMEM Read -> 0x891
PASS | DMEM Read -> 0x49a3
PASS | IMEM Read -> 0xdca6
PASS | DMEM Read Disabled -> 0x0
PASS | IMEM Read -> 0x91b
PASS | DMEM Read Disabled -> 0x0
PASS | IMEM Read -> 0x7774
PASS | DMEM Read Disabled -> 0x0
PASS | IMEM Read -> 0x525b
PASS | DMEM Read -> 0x9fad
PASS | IMEM Read -> 0x8341
PASS | DMEM Read -> 0x1389
PASS | IMEM Read -> 0xfd1
PASS | DMEM Read -> 0x1433
PASS | IMEM Read -> 0x4fc8
PASS | DMEM Read -> 0xed52
PASS | IMEM Read -> 0x891
PASS | DMEM Read -> 0xb02c
PASS | IMEM Read -> 0xe75b
PASS | DMEM Read Disabled -> 0x0
PASS | IMEM Read -> 0xc0a0
PASS | DMEM Read Disabled -> 0x0
PASS | IMEM Read -> 0x5e1a
PASS | DMEM Read Disabled -> 0x0
PASS | IMEM Read -> 0x989c
PASS | DMEM Read Disabled -> 0x0
PASS | IMEM Read -> 0x99f
PASS | DMEM Read -> 0xe777
PASS | IMEM Read -> 0x3c72
PASS | DMEM Read -> 0x4100
PASS | IMEM Read -> 0xc6ec
PASS | DMEM Read Disabled -> 0x0
PASS | IMEM Read -> 0x2ae3
PASS | DMEM Read Disabled -> 0x0
PASS | IMEM Read -> 0xe89
PASS | DMEM Read -> 0xa4b6
PASS | IMEM Read -> 0x5a76
PASS | DMEM Read Disabled -> 0x0
PASS | IMEM Read -> 0x39d1
PASS | DMEM Read Disabled -> 0x0
PASS | IMEM Read -> 0x2ae3
PASS | DMEM Read Disabled -> 0x0
PASS | IMEM Read -> 0x64d
PASS | DMEM Read -> 0x5a19
PASS | IMEM Read -> 0x4794
PASS | DMEM Read Disabled -> 0x0
PASS | IMEM Read -> 0xd40c
PASS | DMEM Read Disabled -> 0x0
PASS | IMEM Read -> 0x5bfc
PASS | DMEM Read -> 0xd38a
PASS | IMEM Read -> 0x2566
PASS | DMEM Read -> 0xf854
PASS | IMEM Read -> 0x3e2
PASS | DMEM Read Disabled -> 0x0
PASS | IMEM Read -> 0x723d
PASS | DMEM Read Disabled -> 0x0
PASS | IMEM Read -> 0x676d
PASS | DMEM Read -> 0x5b1c
PASS | IMEM Read -> 0x34bb
PASS | DMEM Read Disabled -> 0x0
PASS | IMEM Read -> 0x273a
PASS | DMEM Read Disabled -> 0x0
PASS | IMEM Read -> 0xef4
PASS | DMEM Read Disabled -> 0x0
PASS | IMEM Read -> 0x5942
PASS | DMEM Read Disabled -> 0x0
PASS | IMEM Read -> 0x59f3
PASS | DMEM Read -> 0xaad5
PASS | IMEM Read -> 0x6f20
PASS | DMEM Read Disabled -> 0x0
PASS | IMEM Read -> 0x42ee
PASS | DMEM Read Disabled -> 0x0
PASS | IMEM Read -> 0x4fc8
PASS | DMEM Read -> 0xxxxx
PASS | IMEM Read -> 0xbb95
PASS | DMEM Read -> 0xd733
PASS | IMEM Read -> 0xfe9d
PASS | DMEM Read Disabled -> 0x0
PASS | IMEM Read -> 0x4340
PASS | DMEM Read Disabled -> 0x0
PASS | IMEM Read -> 0x265e
PASS | DMEM Read Disabled -> 0x0
PASS | IMEM Read -> 0xb1b8
PASS | DMEM Read Disabled -> 0x0
PASS | IMEM Read -> 0x7f3d
PASS | DMEM Read Disabled -> 0x0
PASS | IMEM Read -> 0xfe9d
PASS | DMEM Read Disabled -> 0x0
PASS | IMEM Read -> 0xfe9d
PASS | DMEM Read Disabled -> 0x0
PASS | IMEM Read -> 0xef8f
PASS | DMEM Read -> 0x8188
PASS | IMEM Read -> 0x2ae3
PASS | DMEM Read Disabled -> 0x0
PASS | IMEM Read -> 0xa22d
PASS | DMEM Read Disabled -> 0x0
PASS | IMEM Read -> 0xc1c3
PASS | DMEM Read Disabled -> 0x0
PASS | IMEM Read -> 0x901a
PASS | DMEM Read Disabled -> 0x0
PASS | IMEM Read -> 0x7774
PASS | DMEM Read Disabled -> 0x0
PASS | IMEM Read -> 0x60db
PASS | DMEM Read Disabled -> 0x0
PASS | IMEM Read -> 0x6e2a
PASS | DMEM Read Disabled -> 0x0
PASS | IMEM Read -> 0x66bc
PASS | DMEM Read Disabled -> 0x0
PASS | IMEM Read -> 0xdd2b
PASS | DMEM Read -> 0xaad5
PASS | IMEM Read -> 0xb1b8
PASS | DMEM Read -> 0x256e
PASS | IMEM Read -> 0x63f9
PASS | DMEM Read -> 0x3690
PASS | IMEM Read -> 0x9c8c
PASS | DMEM Read Disabled -> 0x0
PASS | IMEM Read -> 0x386b
PASS | DMEM Read Disabled -> 0x0
PASS | IMEM Read -> 0x1bba
PASS | DMEM Read -> 0x840b
PASS | IMEM Read -> 0x9d
PASS | DMEM Read -> 0xb749
PASS | IMEM Read -> 0xbe50
PASS | DMEM Read Disabled -> 0x0
PASS | IMEM Read -> 0x808f
PASS | DMEM Read Disabled -> 0x0
PASS | IMEM Read -> 0xe441
PASS | DMEM Read Disabled -> 0x0
PASS | IMEM Read -> 0xc6d2
PASS | DMEM Read Disabled -> 0x0
PASS | IMEM Read -> 0xcebf
PASS | DMEM Read -> 0xc1ef
PASS | IMEM Read -> 0xf810
PASS | DMEM Read Disabled -> 0x0
PASS | IMEM Read -> 0x915b
PASS | DMEM Read -> 0xa9a9
PASS | IMEM Read -> 0xdf0f
PASS | DMEM Read -> 0x29e1
PASS | IMEM Read -> 0x510
PASS | DMEM Read Disabled -> 0x0
PASS | IMEM Read -> 0x4156
PASS | DMEM Read Disabled -> 0x0
PASS | IMEM Read -> 0xd304
PASS | DMEM Read -> 0xb749
PASS | IMEM Read -> 0xbb95
PASS | DMEM Read -> 0x5a19
PASS | IMEM Read -> 0xce65
PASS | DMEM Read Disabled -> 0x0
PASS | IMEM Read -> 0x57f6
PASS | DMEM Read Disabled -> 0x0
PASS | IMEM Read -> 0x2885
PASS | DMEM Read Disabled -> 0x0
PASS | IMEM Read -> 0x2f16
PASS | DMEM Read Disabled -> 0x0
PASS | IMEM Read -> 0xcd6c
PASS | DMEM Read -> 0x840b
PASS | IMEM Read -> 0x80ac
PASS | DMEM Read Disabled -> 0x0
PASS | IMEM Read -> 0xee77
PASS | DMEM Read Disabled -> 0x0
PASS | IMEM Read -> 0x2cad
PASS | DMEM Read Disabled -> 0x0
PASS | IMEM Read -> 0x100c
PASS | DMEM Read Disabled -> 0x0
PASS | IMEM Read -> 0x4d4f
PASS | DMEM Read -> 0xxxxx
PASS | IMEM Read -> 0x5942
PASS | DMEM Read -> 0xa9a9
PASS | IMEM Read -> 0x3a12
PASS | DMEM Read Disabled -> 0x0
PASS | IMEM Read -> 0x4e73
PASS | DMEM Read Disabled -> 0x0
PASS | IMEM Read -> 0x1b56
PASS | DMEM Read -> 0x3a44
PASS | IMEM Read -> 0xb746
PASS | DMEM Read -> 0xf910
PASS | IMEM Read -> 0xed88
PASS | DMEM Read Disabled -> 0x0
PASS | IMEM Read -> 0x59f3
PASS | DMEM Read Disabled -> 0x0
PASS | IMEM Read -> 0x8e1f
PASS | DMEM Read Disabled -> 0x0
PASS | IMEM Read -> 0x1b56
PASS | DMEM Read -> 0xee9e
PASS | IMEM Read -> 0x7f3d
PASS | DMEM Read Disabled -> 0x0
PASS | IMEM Read -> 0x7774
PASS | DMEM Read -> 0x55d2
PASS | IMEM Read -> 0x6c02
PASS | DMEM Read Disabled -> 0x0
PASS | IMEM Read -> 0xa09d
PASS | DMEM Read Disabled -> 0x0
PASS | IMEM Read -> 0xc40a
PASS | DMEM Read Disabled -> 0x0
PASS | IMEM Read -> 0x91f7
PASS | DMEM Read -> 0x86ce
PASS | IMEM Read -> 0x42ee
PASS | DMEM Read -> 0x129c
PASS | IMEM Read -> 0x89c2
PASS | DMEM Read Disabled -> 0x0
PASS | IMEM Read -> 0x2f16
PASS | DMEM Read Disabled -> 0x0
PASS | IMEM Read -> 0xbda7
PASS | DMEM Read Disabled -> 0x0
PASS | IMEM Read -> 0x2bca
PASS | DMEM Read -> 0x38e1
PASS | IMEM Read -> 0x3423
PASS | DMEM Read Disabled -> 0x0
PASS | IMEM Read -> 0xd8a8
PASS | DMEM Read -> 0x29e1
PASS | IMEM Read -> 0x5160
PASS | DMEM Read Disabled -> 0x0
PASS | IMEM Read -> 0x7cbc
PASS | DMEM Read -> 0x2dc4
PASS | IMEM Read -> 0x65ca
PASS | DMEM Read Disabled -> 0x0
PASS | IMEM Read -> 0x63f9
PASS | DMEM Read -> 0x129c
PASS | IMEM Read -> 0xc6d2
PASS | DMEM Read Disabled -> 0x0
PASS | IMEM Read -> 0x4391
PASS | DMEM Read Disabled -> 0x0
PASS | IMEM Read -> 0x335
PASS | DMEM Read -> 0x129c
PASS | IMEM Read -> 0x5e7c
PASS | DMEM Read -> 0x5e8f
PASS | IMEM Read -> 0x7c6d
PASS | DMEM Read Disabled -> 0x0
PASS | IMEM Read -> 0x61cd
PASS | DMEM Read -> 0x144a
PASS | IMEM Read -> 0xa11a
PASS | DMEM Read -> 0x9ca6
PASS | IMEM Read -> 0x292
PASS | DMEM Read -> 0xff51
PASS | IMEM Read -> 0x1c4c
PASS | DMEM Read Disabled -> 0x0
PASS | IMEM Read -> 0x2e45
PASS | DMEM Read Disabled -> 0x0
PASS | IMEM Read -> 0xe89
PASS | DMEM Read Disabled -> 0x0
PASS | IMEM Read -> 0xb8f2
PASS | DMEM Read Disabled -> 0x0
PASS | IMEM Read -> 0xe79
PASS | DMEM Read Disabled -> 0x0
PASS | IMEM Read -> 0xfd1
PASS | DMEM Read Disabled -> 0x0
PASS | IMEM Read -> 0xdca6
PASS | DMEM Read Disabled -> 0x0
PASS | IMEM Read -> 0x91f7
PASS | DMEM Read -> 0x840b
PASS | IMEM Read -> 0xb505
PASS | DMEM Read Disabled -> 0x0
PASS | IMEM Read -> 0x374a
PASS | DMEM Read -> 0x9d7e
PASS | IMEM Read -> 0x245d
PASS | DMEM Read -> 0xxxxx
PASS | IMEM Read -> 0x5d47
PASS | DMEM Read Disabled -> 0x0
PASS | IMEM Read -> 0xce65
PASS | DMEM Read Disabled -> 0x0
PASS | IMEM Read -> 0x5d47
PASS | DMEM Read Disabled -> 0x0
PASS | IMEM Read -> 0x6d
PASS | DMEM Read -> 0xxxxx
PASS | IMEM Read -> 0xc440
PASS | DMEM Read Disabled -> 0x0
PASS | IMEM Read -> 0x2b2c
PASS | DMEM Read -> 0x29b4
PASS | IMEM Read -> 0x4d4f
PASS | DMEM Read Disabled -> 0x0
PASS | IMEM Read -> 0x2abe
PASS | DMEM Read -> 0x94ad
PASS | IMEM Read -> 0xa8e8
PASS | DMEM Read -> 0xc217
PASS | IMEM Read -> 0x59e7
PASS | DMEM Read Disabled -> 0x0
PASS | IMEM Read -> 0x8a2b
PASS | DMEM Read Disabled -> 0x0
PASS | IMEM Read -> 0x2e70
PASS | DMEM Read Disabled -> 0x0
PASS | IMEM Read -> 0xa738
PASS | DMEM Read Disabled -> 0x0
PASS | IMEM Read -> 0x808f
PASS | DMEM Read Disabled -> 0x0
PASS | IMEM Read -> 0x7cbc
PASS | DMEM Read -> 0x3eae
PASS | IMEM Read -> 0xcbf1
PASS | DMEM Read Disabled -> 0x0
PASS | IMEM Read -> 0xabcd
PASS | DMEM Read Disabled -> 0x0
PASS | IMEM Read -> 0x915b
PASS | DMEM Read Disabled -> 0x0
PASS | IMEM Read -> 0x676d
PASS | DMEM Read -> 0xea17
PASS | IMEM Read -> 0xef8f
PASS | DMEM Read Disabled -> 0x0
PASS | IMEM Read -> 0xd70
PASS | DMEM Read -> 0xb080
PASS | IMEM Read -> 0x89c2
PASS | DMEM Read -> 0x817a
PASS | IMEM Read -> 0x42ee
PASS | DMEM Read -> 0xb3e3
PASS | IMEM Read -> 0x2566
PASS | DMEM Read Disabled -> 0x0
PASS | IMEM Read -> 0xbacc
PASS | DMEM Read Disabled -> 0x0
PASS | IMEM Read -> 0x2566
PASS | DMEM Read -> 0x6e92
PASS | IMEM Read -> 0x47aa
PASS | DMEM Read Disabled -> 0x0
PASS | IMEM Read -> 0x5d47
PASS | DMEM Read Disabled -> 0x0
PASS | IMEM Read -> 0xe47f
PASS | DMEM Read Disabled -> 0x0
PASS | IMEM Read -> 0x273a
PASS | DMEM Read -> 0x3166
PASS | IMEM Read -> 0xbb95
PASS | DMEM Read -> 0x112
PASS | IMEM Read -> 0xa8e8
PASS | DMEM Read Disabled -> 0x0
PASS | IMEM Read -> 0x8e3
PASS | DMEM Read Disabled -> 0x0
PASS | IMEM Read -> 0x2e45
PASS | DMEM Read -> 0x6911
PASS | IMEM Read -> 0x12b3
PASS | DMEM Read Disabled -> 0x0
PASS | IMEM Read -> 0x9d
PASS | DMEM Read -> 0x5a4a
PASS | IMEM Read -> 0x8b9a
PASS | DMEM Read Disabled -> 0x0
PASS | IMEM Read -> 0x9c8c
PASS | DMEM Read Disabled -> 0x0
PASS | IMEM Read -> 0x989c
PASS | DMEM Read Disabled -> 0x0
PASS | IMEM Read -> 0x31ce
PASS | DMEM Read -> 0x6d84
PASS | IMEM Read -> 0x6f20
PASS | DMEM Read Disabled -> 0x0
PASS | IMEM Read -> 0x60db
PASS | DMEM Read Disabled -> 0x0
PASS | IMEM Read -> 0x77a7
PASS | DMEM Read Disabled -> 0x0
PASS | IMEM Read -> 0x525b
PASS | DMEM Read Disabled -> 0x0
PASS | IMEM Read -> 0x6126
PASS | DMEM Read Disabled -> 0x0
PASS | IMEM Read -> 0x901a
PASS | DMEM Read Disabled -> 0x0
PASS | IMEM Read -> 0xd40c
PASS | DMEM Read Disabled -> 0x0
PASS | IMEM Read -> 0x891
PASS | DMEM Read Disabled -> 0x0
PASS | IMEM Read -> 0xdf0f
PASS | DMEM Read Disabled -> 0x0
PASS | IMEM Read -> 0x2cc8
PASS | DMEM Read Disabled -> 0x0
PASS | IMEM Read -> 0x901d
PASS | DMEM Read Disabled -> 0x0
PASS | IMEM Read -> 0xfaf1
PASS | DMEM Read Disabled -> 0x0
PASS | IMEM Read -> 0x47aa
PASS | DMEM Read -> 0xaed8
PASS | IMEM Read -> 0x96ec
PASS | DMEM Read -> 0x2758
PASS | IMEM Read -> 0x96ec
PASS | DMEM Read Disabled -> 0x0
PASS | IMEM Read -> 0x9278
PASS | DMEM Read -> 0x1549
PASS | IMEM Read -> 0xb815
PASS | DMEM Read -> 0xbc49
PASS | IMEM Read -> 0x97ed
PASS | DMEM Read Disabled -> 0x0
PASS | IMEM Read -> 0x5e66
PASS | DMEM Read -> 0x1f14
PASS | IMEM Read -> 0xee77
PASS | DMEM Read -> 0x6eaa
PASS | IMEM Read -> 0x4f12
PASS | DMEM Read -> 0x537e
PASS | IMEM Read -> 0x61cd
PASS | DMEM Read -> 0x67e7
PASS | IMEM Read -> 0x4d4f
PASS | DMEM Read -> 0x1916
PASS | IMEM Read -> 0x9bfb
PASS | DMEM Read Disabled -> 0x0
PASS | IMEM Read -> 0xa8e8
PASS | DMEM Read Disabled -> 0x0
PASS | IMEM Read -> 0x42d4
PASS | DMEM Read Disabled -> 0x0
PASS | IMEM Read -> 0x7068
PASS | DMEM Read Disabled -> 0x0
PASS | IMEM Read -> 0xe75b
PASS | DMEM Read -> 0xccd8
PASS | IMEM Read -> 0xed88
PASS | DMEM Read -> 0xb088
PASS | IMEM Read -> 0x852a
PASS | DMEM Read -> 0x4d2
PASS | IMEM Read -> 0x38bf
PASS | DMEM Read Disabled -> 0x0
PASS | IMEM Read -> 0xe842
PASS | DMEM Read Disabled -> 0x0
PASS | IMEM Read -> 0xa738
PASS | DMEM Read Disabled -> 0x0
PASS | IMEM Read -> 0xb8f2
PASS | DMEM Read Disabled -> 0x0
PASS | IMEM Read -> 0x852a
PASS | DMEM Read Disabled -> 0x0
PASS | IMEM Read -> 0x4499
PASS | DMEM Read -> 0xf65
PASS | IMEM Read -> 0x42d4
PASS | DMEM Read -> 0xd179
PASS | IMEM Read -> 0x96ec
PASS | DMEM Read Disabled -> 0x0
PASS | IMEM Read -> 0xf8b3
PASS | DMEM Read Disabled -> 0x0
PASS | IMEM Read -> 0x8a2b
PASS | DMEM Read Disabled -> 0x0
PASS | IMEM Read -> 0x77a7
PASS | DMEM Read Disabled -> 0x0
PASS | IMEM Read -> 0xd70
PASS | DMEM Read Disabled -> 0x0
PASS | IMEM Read -> 0xd40c
PASS | DMEM Read Disabled -> 0x0
PASS | IMEM Read -> 0x9007
PASS | DMEM Read Disabled -> 0x0
PASS | IMEM Read -> 0xb815
PASS | DMEM Read -> 0x5710
PASS | IMEM Read -> 0x1913
PASS | DMEM Read Disabled -> 0x0
PASS | IMEM Read -> 0x2a3a
PASS | DMEM Read -> 0x5b4
PASS | IMEM Read -> 0xa191
PASS | DMEM Read Disabled -> 0x0
PASS | IMEM Read -> 0x2ea6
PASS | DMEM Read Disabled -> 0x0
PASS | IMEM Read -> 0xc40a
PASS | DMEM Read -> 0xbdc1
PASS | IMEM Read -> 0xbe50
PASS | DMEM Read -> 0xb7e6
PASS | IMEM Read -> 0x5a4a
PASS | DMEM Read Disabled -> 0x0
PASS | IMEM Read -> 0xce65
PASS | DMEM Read -> 0x1cad
PASS | IMEM Read -> 0xef8f
PASS | DMEM Read Disabled -> 0x0
PASS | IMEM Read -> 0x7c6d
PASS | DMEM Read -> 0xd55f
PASS | IMEM Read -> 0xd321
PASS | DMEM Read Disabled -> 0x0
PASS | IMEM Read -> 0x1c4c
PASS | DMEM Read Disabled -> 0x0
PASS | IMEM Read -> 0xe469
PASS | DMEM Read Disabled -> 0x0
PASS | IMEM Read -> 0x4e73
PASS | DMEM Read Disabled -> 0x0
PASS | IMEM Read -> 0x676d
PASS | DMEM Read Disabled -> 0x0
PASS | IMEM Read -> 0x94e5
PASS | DMEM Read Disabled -> 0x0
PASS | IMEM Read -> 0xdf0f
PASS | DMEM Read Disabled -> 0x0
PASS | IMEM Read -> 0x748a
PASS | DMEM Read -> 0x32be
PASS | IMEM Read -> 0xe79
PASS | DMEM Read -> 0x9d7e
PASS | IMEM Read -> 0x25f6
PASS | DMEM Read -> 0x5521
PASS | IMEM Read -> 0x2abe
PASS | DMEM Read -> 0xcb5e
PASS | IMEM Read -> 0x9007
PASS | DMEM Read Disabled -> 0x0
PASS | IMEM Read -> 0x2b1c
PASS | DMEM Read Disabled -> 0x0
PASS | IMEM Read -> 0xfab
PASS | DMEM Read Disabled -> 0x0
PASS | IMEM Read -> 0x33fd
PASS | DMEM Read Disabled -> 0x0
PASS | IMEM Read -> 0xe469
PASS | DMEM Read Disabled -> 0x0
PASS | IMEM Read -> 0x2566
PASS | DMEM Read -> 0x2af1
PASS | IMEM Read -> 0x57f6
PASS | DMEM Read -> 0x7344
PASS | IMEM Read -> 0x2b1c
PASS | DMEM Read -> 0x9411
PASS | IMEM Read -> 0x242
PASS | DMEM Read Disabled -> 0x0
PASS | IMEM Read -> 0x568c
PASS | DMEM Read Disabled -> 0x0
PASS | IMEM Read -> 0xf33
PASS | DMEM Read -> 0x919f
PASS | IMEM Read -> 0xe969
PASS | DMEM Read Disabled -> 0x0
PASS | IMEM Read -> 0x4daf
PASS | DMEM Read Disabled -> 0x0
PASS | IMEM Read -> 0x1b56
PASS | DMEM Read -> 0xb545
PASS | IMEM Read -> 0xc6ec
PASS | DMEM Read Disabled -> 0x0
PASS | IMEM Read -> 0x3c72
PASS | DMEM Read Disabled -> 0x0
PASS | IMEM Read -> 0x91b
PASS | DMEM Read -> 0xc682
PASS | IMEM Read -> 0x390f
PASS | DMEM Read -> 0x5f62
PASS | IMEM Read -> 0x5f21
PASS | DMEM Read Disabled -> 0x0
PASS | IMEM Read -> 0xd8a8
PASS | DMEM Read Disabled -> 0x0
PASS | IMEM Read -> 0x4fc8
PASS | DMEM Read Disabled -> 0x0
PASS | IMEM Read -> 0x2ea6
PASS | DMEM Read Disabled -> 0x0
PASS | IMEM Read -> 0xd304
PASS | DMEM Read -> 0xxxxx
PASS | IMEM Read -> 0xe842
PASS | DMEM Read Disabled -> 0x0
PASS | IMEM Read -> 0x4794
PASS | DMEM Read Disabled -> 0x0
PASS | IMEM Read -> 0xef8f
PASS | DMEM Read Disabled -> 0x0
PASS | IMEM Read -> 0xf774
PASS | DMEM Read Disabled -> 0x0
PASS | IMEM Read -> 0x568c
PASS | DMEM Read -> 0x20d4
PASS | IMEM Read -> 0xbda7
PASS | DMEM Read -> 0xdfff
PASS | IMEM Read -> 0xa8e8
PASS | DMEM Read -> 0x2758
PASS | IMEM Read -> 0x700e
PASS | DMEM Read Disabled -> 0x0
PASS | IMEM Read -> 0xc0a0
PASS | DMEM Read -> 0x25c9
PASS | IMEM Read -> 0xe79
PASS | DMEM Read -> 0xcf19
PASS | IMEM Read -> 0x57f6
PASS | DMEM Read -> 0xxxxx
PASS | IMEM Read -> 0x5e1a
PASS | DMEM Read Disabled -> 0x0
PASS | IMEM Read -> 0xfe9d
PASS | DMEM Read Disabled -> 0x0
PASS | IMEM Read -> 0x89c2
PASS | DMEM Read Disabled -> 0x0
PASS | IMEM Read -> 0xc40a
PASS | DMEM Read Disabled -> 0x0
PASS | IMEM Read -> 0x7c6d
PASS | DMEM Read -> 0x5710
PASS | IMEM Read -> 0xa09d
PASS | DMEM Read Disabled -> 0x0
PASS | IMEM Read -> 0x65ca
PASS | DMEM Read -> 0x1433
PASS | IMEM Read -> 0x5a76
PASS | DMEM Read -> 0x1601
PASS | IMEM Read -> 0xf810
PASS | DMEM Read Disabled -> 0x0
PASS | IMEM Read -> 0xe624
PASS | DMEM Read Disabled -> 0x0
PASS | IMEM Read -> 0xce65
PASS | DMEM Read Disabled -> 0x0
PASS | IMEM Read -> 0xdf0f
PASS | DMEM Read Disabled -> 0x0
PASS | IMEM Read -> 0x700e
PASS | DMEM Read Disabled -> 0x0
PASS | IMEM Read -> 0xe441
PASS | DMEM Read -> 0x3a00
PASS | IMEM Read -> 0xc40a
PASS | DMEM Read Disabled -> 0x0
PASS | IMEM Read -> 0xce65
PASS | DMEM Read -> 0x5e30
PASS | IMEM Read -> 0x2f16
PASS | DMEM Read -> 0x3b9
PASS | IMEM Read -> 0x265e
PASS | DMEM Read Disabled -> 0x0
PASS | IMEM Read -> 0x891
PASS | DMEM Read Disabled -> 0x0
PASS | IMEM Read -> 0xca9
PASS | DMEM Read Disabled -> 0x0
PASS | IMEM Read -> 0x5a0a
PASS | DMEM Read -> 0xd80a
PASS | IMEM Read -> 0x38bf
PASS | DMEM Read Disabled -> 0x0
PASS | IMEM Read -> 0x64d
PASS | DMEM Read Disabled -> 0x0
PASS | IMEM Read -> 0x901d
PASS | DMEM Read Disabled -> 0x0
PASS | IMEM Read -> 0x6da5
PASS | DMEM Read Disabled -> 0x0
PASS | IMEM Read -> 0x9537
PASS | DMEM Read Disabled -> 0x0
PASS | IMEM Read -> 0x3423
PASS | DMEM Read Disabled -> 0x0
PASS | IMEM Read -> 0x5e1a
PASS | DMEM Read -> 0x1800
PASS | IMEM Read -> 0x9537
PASS | DMEM Read -> 0x2256
PASS | IMEM Read -> 0x6d
PASS | DMEM Read -> 0x574e
PASS | IMEM Read -> 0xdf5b
PASS | DMEM Read Disabled -> 0x0
PASS | IMEM Read -> 0x2b2c
PASS | DMEM Read Disabled -> 0x0
PASS | IMEM Read -> 0x60db
PASS | DMEM Read Disabled -> 0x0
PASS | IMEM Read -> 0xbe18
PASS | DMEM Read -> 0x6911
PASS | IMEM Read -> 0xc0a0
PASS | DMEM Read Disabled -> 0x0
PASS | IMEM Read -> 0xbf0f
PASS | DMEM Read Disabled -> 0x0
PASS | IMEM Read -> 0xd321
PASS | DMEM Read Disabled -> 0x0
PASS | IMEM Read -> 0x18b7
PASS | DMEM Read -> 0xd55f
PASS | IMEM Read -> 0x5e1a
PASS | DMEM Read Disabled -> 0x0
PASS | IMEM Read -> 0x34bb
PASS | DMEM Read Disabled -> 0x0
PASS | IMEM Read -> 0x737e
PASS | DMEM Read Disabled -> 0x0
PASS | IMEM Read -> 0x57aa
PASS | DMEM Read -> 0xf42
PASS | IMEM Read -> 0x7068
PASS | DMEM Read Disabled -> 0x0
PASS | IMEM Read -> 0xb097
PASS | DMEM Read -> 0x5718
PASS | IMEM Read -> 0xed88
PASS | DMEM Read Disabled -> 0x0
PASS | IMEM Read -> 0x737e
PASS | DMEM Read Disabled -> 0x0
PASS | IMEM Read -> 0xf8b3
PASS | DMEM Read -> 0x48c8
PASS | IMEM Read -> 0xb097
PASS | DMEM Read Disabled -> 0x0
PASS | IMEM Read -> 0x9537
PASS | DMEM Read Disabled -> 0x0
PASS | IMEM Read -> 0xf774
PASS | DMEM Read Disabled -> 0x0
PASS | IMEM Read -> 0xfaf1
PASS | DMEM Read Disabled -> 0x0
PASS | IMEM Read -> 0xf810
PASS | DMEM Read Disabled -> 0x0
PASS | IMEM Read -> 0x24b8
PASS | DMEM Read Disabled -> 0x0
PASS | IMEM Read -> 0x7cbc
PASS | DMEM Read Disabled -> 0x0
PASS | IMEM Read -> 0xc6d2
PASS | DMEM Read Disabled -> 0x0
PASS | IMEM Read -> 0xdca6
PASS | DMEM Read Disabled -> 0x0
PASS | IMEM Read -> 0xa5fc
PASS | DMEM Read -> 0xdf35
PASS | IMEM Read -> 0x2e70
PASS | DMEM Read -> 0x3166
PASS | IMEM Read -> 0x2bca
PASS | DMEM Read Disabled -> 0x0
PASS | IMEM Read -> 0x38bf
PASS | DMEM Read Disabled -> 0x0
PASS | IMEM Read -> 0x8e1f
PASS | DMEM Read Disabled -> 0x0
PASS | IMEM Read -> 0x33fd
PASS | DMEM Read Disabled -> 0x0
PASS | IMEM Read -> 0x3d3
PASS | DMEM Read -> 0xbb30
PASS | IMEM Read -> 0x7a48
PASS | DMEM Read Disabled -> 0x0
PASS | IMEM Read -> 0x37d
PASS | DMEM Read Disabled -> 0x0
PASS | IMEM Read -> 0xfa76
PASS | DMEM Read Disabled -> 0x0
PASS | IMEM Read -> 0x2999
PASS | DMEM Read Disabled -> 0x0
PASS | IMEM Read -> 0x77a7
PASS | DMEM Read -> 0x2b1c
PASS | IMEM Read -> 0x1913
PASS | DMEM Read Disabled -> 0x0
PASS | IMEM Read -> 0x4c71
PASS | DMEM Read Disabled -> 0x0
PASS | IMEM Read -> 0xe441
PASS | DMEM Read Disabled -> 0x0
PASS | IMEM Read -> 0x6126
PASS | DMEM Read -> 0xa997
PASS | IMEM Read -> 0xee77
PASS | DMEM Read Disabled -> 0x0
PASS | IMEM Read -> 0x737e
PASS | DMEM Read -> 0xdf35
PASS | IMEM Read -> 0x5d6d
PASS | DMEM Read Disabled -> 0x0
PASS | IMEM Read -> 0xb43f
PASS | DMEM Read Disabled -> 0x0
PASS | IMEM Read -> 0x2999
PASS | DMEM Read Disabled -> 0x0
PASS | IMEM Read -> 0x915b
PASS | DMEM Read -> 0x35fb
PASS | IMEM Read -> 0x636c
PASS | DMEM Read Disabled -> 0x0
PASS | IMEM Read -> 0xe47f
PASS | DMEM Read Disabled -> 0x0
PASS | IMEM Read -> 0x17db
PASS | DMEM Read -> 0x2dd5
PASS | IMEM Read -> 0x748a
PASS | DMEM Read -> 0xc948
PASS | IMEM Read -> 0x1bba
PASS | DMEM Read Disabled -> 0x0
PASS | IMEM Read -> 0x3c72
PASS | DMEM Read Disabled -> 0x0
PASS | IMEM Read -> 0x2c36
PASS | DMEM Read Disabled -> 0x0
PASS | IMEM Read -> 0xbf0f
PASS | DMEM Read -> 0xce8f
PASS | IMEM Read -> 0xfe9d
PASS | DMEM Read -> 0xbdc1
PASS | IMEM Read -> 0x4c71
PASS | DMEM Read Disabled -> 0x0
PASS | IMEM Read -> 0x7068
PASS | DMEM Read -> 0x4578
PASS | IMEM Read -> 0xc6ec
PASS | DMEM Read Disabled -> 0x0
PASS | IMEM Read -> 0xd40c
PASS | DMEM Read -> 0xb92c
PASS | IMEM Read -> 0xb1b8
PASS | DMEM Read Disabled -> 0x0
PASS | IMEM Read -> 0x901d
PASS | DMEM Read Disabled -> 0x0
PASS | IMEM Read -> 0x4f12
PASS | DMEM Read Disabled -> 0x0
PASS | IMEM Read -> 0x65ca
PASS | DMEM Read Disabled -> 0x0
PASS | IMEM Read -> 0xbf0f
PASS | DMEM Read Disabled -> 0x0
PASS | IMEM Read -> 0xa738
PASS | DMEM Read -> 0xba4c
PASS | IMEM Read -> 0x4340
PASS | DMEM Read Disabled -> 0x0
PASS | IMEM Read -> 0xca4e
PASS | DMEM Read Disabled -> 0x0
PASS | IMEM Read -> 0x2b2c
PASS | DMEM Read -> 0x6eaa
PASS | IMEM Read -> 0xbf0f
PASS | DMEM Read -> 0x9113
PASS | IMEM Read -> 0xc1c3
PASS | DMEM Read -> 0xe57e
PASS | IMEM Read -> 0xe89
PASS | DMEM Read Disabled -> 0x0
PASS | IMEM Read -> 0x9bfb
PASS | DMEM Read Disabled -> 0x0
PASS | IMEM Read -> 0x92a3
PASS | DMEM Read -> 0x29b4
PASS | IMEM Read -> 0x2b2c
PASS | DMEM Read -> 0x8e6d
PASS | IMEM Read -> 0x8a2b
PASS | DMEM Read Disabled -> 0x0
PASS | IMEM Read -> 0x79f7
PASS | DMEM Read -> 0x26ba
PASS | IMEM Read -> 0xb746
PASS | DMEM Read Disabled -> 0x0
PASS | IMEM Read -> 0x2999
PASS | DMEM Read -> 0x2b1c
PASS | IMEM Read -> 0xbe50
PASS | DMEM Read Disabled -> 0x0
PASS | IMEM Read -> 0x8f67
PASS | DMEM Read -> 0x511
PASS | IMEM Read -> 0x5a4a
PASS | DMEM Read -> 0xb02c
PASS | IMEM Read -> 0x7f3d
PASS | DMEM Read Disabled -> 0x0
PASS | IMEM Read -> 0x245d
PASS | DMEM Read Disabled -> 0x0
PASS | IMEM Read -> 0x808f
PASS | DMEM Read Disabled -> 0x0
PASS | IMEM Read -> 0x61cd
PASS | DMEM Read Disabled -> 0x0
PASS | IMEM Read -> 0x1b56
PASS | DMEM Read Disabled -> 0x0
PASS | IMEM Read -> 0xbe18
PASS | DMEM Read -> 0x6034
PASS | IMEM Read -> 0x374a
PASS | DMEM Read -> 0xfab7
PASS | IMEM Read -> 0x852a
PASS | DMEM Read Disabled -> 0x0
PASS | IMEM Read -> 0x8e1f
PASS | DMEM Read Disabled -> 0x0
PASS | IMEM Read -> 0x848c
PASS | DMEM Read Disabled -> 0x0
PASS | IMEM Read -> 0xcd22
PASS | DMEM Read Disabled -> 0x0
PASS | IMEM Read -> 0x65ca
PASS | DMEM Read Disabled -> 0x0
PASS | IMEM Read -> 0x17db
PASS | DMEM Read -> 0x1549
PASS | IMEM Read -> 0xc6ec
PASS | DMEM Read Disabled -> 0x0
PASS | IMEM Read -> 0x852a
PASS | DMEM Read -> 0xc217
PASS | IMEM Read -> 0x9767
PASS | DMEM Read -> 0x776b
PASS | IMEM Read -> 0x96be
PASS | DMEM Read Disabled -> 0x0
PASS | IMEM Read -> 0x59f3
PASS | DMEM Read -> 0xad55
PASS | IMEM Read -> 0xe441
PASS | DMEM Read -> 0x6c84
PASS | IMEM Read -> 0xb297
PASS | DMEM Read Disabled -> 0x0
PASS | IMEM Read -> 0x494f
PASS | DMEM Read Disabled -> 0x0
PASS | IMEM Read -> 0x698f
PASS | DMEM Read Disabled -> 0x0
PASS | IMEM Read -> 0x2ea6
PASS | DMEM Read Disabled -> 0x0
PASS | IMEM Read -> 0xca4e
PASS | DMEM Read Disabled -> 0x0
PASS | IMEM Read -> 0xcbf1
PASS | DMEM Read Disabled -> 0x0
PASS | IMEM Read -> 0x2e70
PASS | DMEM Read Disabled -> 0x0
PASS | IMEM Read -> 0x2f16
PASS | DMEM Read -> 0x70e9
PASS | IMEM Read -> 0x5d0c
PASS | DMEM Read Disabled -> 0x0
PASS | IMEM Read -> 0x891
PASS | DMEM Read -> 0xa866
PASS | IMEM Read -> 0x852a
PASS | DMEM Read Disabled -> 0x0
PASS | IMEM Read -> 0x700e
PASS | DMEM Read Disabled -> 0x0
PASS | IMEM Read -> 0x80ed
PASS | DMEM Read Disabled -> 0x0
PASS | IMEM Read -> 0x4340
PASS | DMEM Read -> 0x49d
PASS | IMEM Read -> 0x59f3
PASS | DMEM Read Disabled -> 0x0
PASS | IMEM Read -> 0x173e
PASS | DMEM Read Disabled -> 0x0
PASS | IMEM Read -> 0xa323
PASS | DMEM Read -> 0x776b
PASS | IMEM Read -> 0x2b1c
PASS | DMEM Read -> 0x8e6d
PASS | IMEM Read -> 0x4601
PASS | DMEM Read Disabled -> 0x0
PASS | IMEM Read -> 0x2b2c
PASS | DMEM Read Disabled -> 0x0
PASS | IMEM Read -> 0xfaf1
PASS | DMEM Read Disabled -> 0x0
PASS | IMEM Read -> 0x5d47
PASS | DMEM Read Disabled -> 0x0
PASS | IMEM Read -> 0xf774
PASS | DMEM Read Disabled -> 0x0
PASS | IMEM Read -> 0x7c6d
PASS | DMEM Read Disabled -> 0x0
PASS | IMEM Read -> 0xa191
PASS | DMEM Read -> 0x6729
PASS | IMEM Read -> 0x1a67
PASS | DMEM Read Disabled -> 0x0
PASS | IMEM Read -> 0x698f
PASS | DMEM Read Disabled -> 0x0
PASS | IMEM Read -> 0x18b7
PASS | DMEM Read Disabled -> 0x0
PASS | IMEM Read -> 0x5a76
PASS | DMEM Read Disabled -> 0x0
PASS | IMEM Read -> 0x94e5
PASS | DMEM Read -> 0xfc0
PASS | IMEM Read -> 0xad9
PASS | DMEM Read Disabled -> 0x0
PASS | IMEM Read -> 0x3423
PASS | DMEM Read Disabled -> 0x0
PASS | IMEM Read -> 0xca4e
PASS | DMEM Read Disabled -> 0x0
PASS | IMEM Read -> 0x4794
PASS | DMEM Read Disabled -> 0x0
PASS | IMEM Read -> 0xe96d
PASS | DMEM Read Disabled -> 0x0
PASS | IMEM Read -> 0xf33
PASS | DMEM Read Disabled -> 0x0
PASS | IMEM Read -> 0x8341
PASS | DMEM Read Disabled -> 0x0
PASS | IMEM Read -> 0xc440
PASS | DMEM Read Disabled -> 0x0
PASS | IMEM Read -> 0xf023
PASS | DMEM Read Disabled -> 0x0
PASS | IMEM Read -> 0x4fc8
PASS | DMEM Read Disabled -> 0x0
PASS | IMEM Read -> 0x9767
PASS | DMEM Read -> 0x6de6
PASS | IMEM Read -> 0xc5
PASS | DMEM Read -> 0x2b1c
PASS | IMEM Read -> 0x5e66
PASS | DMEM Read Disabled -> 0x0
PASS | IMEM Read -> 0x1c3c
PASS | DMEM Read Disabled -> 0x0
PASS | IMEM Read -> 0x1c4c
PASS | DMEM Read Disabled -> 0x0
PASS | IMEM Read -> 0xfbe2
PASS | DMEM Read Disabled -> 0x0
PASS | IMEM Read -> 0x89c2
PASS | DMEM Read Disabled -> 0x0
PASS | IMEM Read -> 0x18b7
PASS | DMEM Read -> 0xb7e6
PASS | IMEM Read -> 0x3423
PASS | DMEM Read Disabled -> 0x0
PASS | IMEM Read -> 0xd47c
PASS | DMEM Read Disabled -> 0x0
PASS | IMEM Read -> 0x29eb
PASS | DMEM Read Disabled -> 0x0
PASS | IMEM Read -> 0x59f3
PASS | DMEM Read -> 0x29e1
PASS | IMEM Read -> 0x525b
PASS | DMEM Read Disabled -> 0x0
PASS | IMEM Read -> 0x9026
PASS | DMEM Read Disabled -> 0x0
PASS | IMEM Read -> 0x1c3c
PASS | DMEM Read Disabled -> 0x0
PASS | IMEM Read -> 0x2885
PASS | DMEM Read Disabled -> 0x0
PASS | IMEM Read -> 0x7f3d
PASS | DMEM Read Disabled -> 0x0
PASS | IMEM Read -> 0x42d4
PASS | DMEM Read -> 0xfa1f
PASS | IMEM Read -> 0x2ea6
PASS | DMEM Read Disabled -> 0x0
PASS | IMEM Read -> 0x29eb
PASS | DMEM Read Disabled -> 0x0
PASS | IMEM Read -> 0xa323
PASS | DMEM Read Disabled -> 0x0
PASS | IMEM Read -> 0x9278
PASS | DMEM Read Disabled -> 0x0
PASS | IMEM Read -> 0x65ca
PASS | DMEM Read Disabled -> 0x0
PASS | IMEM Read -> 0xbda7
PASS | DMEM Read -> 0xff7c
PASS | IMEM Read -> 0x891
PASS | DMEM Read Disabled -> 0x0
PASS | IMEM Read -> 0x292
PASS | DMEM Read Disabled -> 0x0
PASS | IMEM Read -> 0xb8f2
PASS | DMEM Read Disabled -> 0x0
PASS | IMEM Read -> 0x6126
PASS | DMEM Read -> 0x51b7
PASS | IMEM Read -> 0x34bb
PASS | DMEM Read -> 0x6d49
PASS | IMEM Read -> 0x2cc8
PASS | DMEM Read -> 0xc22c
PASS | IMEM Read -> 0x374a
PASS | DMEM Read Disabled -> 0x0
PASS | IMEM Read -> 0xcc49
PASS | DMEM Read -> 0xa628
PASS | IMEM Read -> 0xd334
PASS | DMEM Read -> 0x1e67
PASS | IMEM Read -> 0x2b2c
PASS | DMEM Read Disabled -> 0x0
PASS | IMEM Read -> 0x9c8c
PASS | DMEM Read -> 0xd18e
PASS | IMEM Read -> 0x77a7
PASS | DMEM Read Disabled -> 0x0
PASS | IMEM Read -> 0x99f
PASS | DMEM Read Disabled -> 0x0
PASS | IMEM Read -> 0x4601
PASS | DMEM Read Disabled -> 0x0
PASS | IMEM Read -> 0x77a7
PASS | DMEM Read -> 0x2b1c
PASS | IMEM Read -> 0xcd6c
PASS | DMEM Read Disabled -> 0x0
PASS | IMEM Read -> 0xe469
PASS | DMEM Read -> 0xfa1f
PASS | IMEM Read -> 0xc1c3
PASS | DMEM Read -> 0x3beb
PASS | IMEM Read -> 0xc1c3
PASS | DMEM Read Disabled -> 0x0
PASS | IMEM Read -> 0x31ce
PASS | DMEM Read Disabled -> 0x0
PASS | IMEM Read -> 0x8b9a
PASS | DMEM Read -> 0x5718
PASS | IMEM Read -> 0xe624
PASS | DMEM Read Disabled -> 0x0
PASS | IMEM Read -> 0x1a67
PASS | DMEM Read Disabled -> 0x0
PASS | IMEM Read -> 0xa55c
PASS | DMEM Read Disabled -> 0x0
PASS | IMEM Read -> 0x7c6d
PASS | DMEM Read Disabled -> 0x0
PASS | IMEM Read -> 0x4391
PASS | DMEM Read Disabled -> 0x0
PASS | IMEM Read -> 0x2f16
PASS | DMEM Read Disabled -> 0x0
PASS | IMEM Read -> 0xdd2b
PASS | DMEM Read Disabled -> 0x0
PASS | IMEM Read -> 0x1c45
PASS | DMEM Read Disabled -> 0x0
PASS | IMEM Read -> 0xf33
PASS | DMEM Read -> 0xa628
PASS | IMEM Read -> 0xdab4
PASS | DMEM Read Disabled -> 0x0
PASS | IMEM Read -> 0xd47c
PASS | DMEM Read Disabled -> 0x0
PASS | IMEM Read -> 0xa22d
PASS | DMEM Read Disabled -> 0x0
PASS | IMEM Read -> 0xcb2c
PASS | DMEM Read Disabled -> 0x0
PASS | IMEM Read -> 0x2999
PASS | DMEM Read -> 0xddd2
PASS | IMEM Read -> 0x31ce
PASS | DMEM Read Disabled -> 0x0
PASS | IMEM Read -> 0xca4e
PASS | DMEM Read Disabled -> 0x0
PASS | IMEM Read -> 0x2a3a
PASS | DMEM Read Disabled -> 0x0
PASS | IMEM Read -> 0xcebf
PASS | DMEM Read Disabled -> 0x0
PASS | IMEM Read -> 0xca4e
PASS | DMEM Read Disabled -> 0x0
PASS | IMEM Read -> 0x6f20
PASS | DMEM Read Disabled -> 0x0
PASS | IMEM Read -> 0xdf5b
PASS | DMEM Read -> 0x33c9
PASS | IMEM Read -> 0xef8f
PASS | DMEM Read -> 0x817a
PASS | IMEM Read -> 0x5160
PASS | DMEM Read Disabled -> 0x0
PASS | IMEM Read -> 0x57aa
PASS | DMEM Read -> 0xea17
PASS | IMEM Read -> 0xd321
PASS | DMEM Read -> 0x976c
PASS | IMEM Read -> 0x4794
PASS | DMEM Read -> 0xa402
PASS | IMEM Read -> 0x989c
PASS | DMEM Read -> 0xdf0e
PASS | IMEM Read -> 0xef4
PASS | DMEM Read Disabled -> 0x0
PASS | IMEM Read -> 0x25f6
PASS | DMEM Read Disabled -> 0x0
PASS | IMEM Read -> 0x698f
PASS | DMEM Read -> 0x7cea
PASS | IMEM Read -> 0xbe50
PASS | DMEM Read -> 0x42ee
PASS | IMEM Read -> 0x4d4f
PASS | DMEM Read Disabled -> 0x0
PASS | IMEM Read -> 0x2b2c
PASS | DMEM Read Disabled -> 0x0
PASS | IMEM Read -> 0x891
PASS | DMEM Read Disabled -> 0x0
PASS | IMEM Read -> 0x9d
PASS | DMEM Read Disabled -> 0x0
PASS | IMEM Read -> 0x390f
PASS | DMEM Read Disabled -> 0x0
PASS | IMEM Read -> 0xdab4
PASS | DMEM Read -> 0x1779
PASS | IMEM Read -> 0x4156
PASS | DMEM Read Disabled -> 0x0
PASS | IMEM Read -> 0x8f67
PASS | DMEM Read -> 0x817a
PASS | IMEM Read -> 0x9bfb
PASS | DMEM Read Disabled -> 0x0
PASS | IMEM Read -> 0xef4
PASS | DMEM Read -> 0x3081
PASS | IMEM Read -> 0x8341
PASS | DMEM Read Disabled -> 0x0
PASS | IMEM Read -> 0xe213
PASS | DMEM Read -> 0xbdc1
PASS | IMEM Read -> 0xfbe2
PASS | DMEM Read Disabled -> 0x0
PASS | IMEM Read -> 0xa738
PASS | DMEM Read -> 0xd94c
PASS | IMEM Read -> 0xd321
PASS | DMEM Read Disabled -> 0x0
PASS | IMEM Read -> 0xcbf1
PASS | DMEM Read Disabled -> 0x0
PASS | IMEM Read -> 0x173e
PASS | DMEM Read Disabled -> 0x0
PASS | IMEM Read -> 0xb815
PASS | DMEM Read -> 0xa7ae
PASS | IMEM Read -> 0x1a67
PASS | DMEM Read Disabled -> 0x0
PASS | IMEM Read -> 0xbda7
PASS | DMEM Read -> 0xb1b0
PASS | IMEM Read -> 0x1924
PASS | DMEM Read Disabled -> 0x0
PASS | IMEM Read -> 0xd321
PASS | DMEM Read Disabled -> 0x0
PASS | IMEM Read -> 0xbe50
PASS | DMEM Read -> 0xee9e
PASS | IMEM Read -> 0x5e1a
PASS | DMEM Read Disabled -> 0x0
PASS | IMEM Read -> 0xcebf
PASS | DMEM Read Disabled -> 0x0
PASS | IMEM Read -> 0x4fc8
PASS | DMEM Read -> 0xc68f
PASS | IMEM Read -> 0x2e70
PASS | DMEM Read Disabled -> 0x0
PASS | IMEM Read -> 0xb815
PASS | DMEM Read -> 0x10b
PASS | IMEM Read -> 0x4601
PASS | DMEM Read Disabled -> 0x0
PASS | IMEM Read -> 0x2b2c
PASS | DMEM Read Disabled -> 0x0
PASS | IMEM Read -> 0x5f21
PASS | DMEM Read Disabled -> 0x0
PASS | IMEM Read -> 0xe853
PASS | DMEM Read -> 0x1779
PASS | IMEM Read -> 0xdd2b
PASS | DMEM Read Disabled -> 0x0
PASS | IMEM Read -> 0xcd6c
PASS | DMEM Read Disabled -> 0x0
PASS | IMEM Read -> 0x433a
PASS | DMEM Read Disabled -> 0x0
PASS | IMEM Read -> 0x173e
PASS | DMEM Read Disabled -> 0x0
PASS | IMEM Read -> 0x34bb
PASS | DMEM Read Disabled -> 0x0
PASS | IMEM Read -> 0xd70
PASS | DMEM Read -> 0x86ce
PASS | IMEM Read -> 0x61cd
PASS | DMEM Read Disabled -> 0x0
PASS | IMEM Read -> 0xb69e
PASS | DMEM Read -> 0x5710
PASS | IMEM Read -> 0x9537
PASS | DMEM Read Disabled -> 0x0
PASS | IMEM Read -> 0xb746
PASS | DMEM Read Disabled -> 0x0
PASS | IMEM Read -> 0xfbe2
PASS | DMEM Read Disabled -> 0x0
PASS | IMEM Read -> 0xc440
PASS | DMEM Read Disabled -> 0x0
PASS | IMEM Read -> 0xbb95
PASS | DMEM Read Disabled -> 0x0
PASS | IMEM Read -> 0x97ed
PASS | DMEM Read -> 0x511
PASS | IMEM Read -> 0xbe50
PASS | DMEM Read -> 0x7f1d
PASS | IMEM Read -> 0xb4ca
PASS | DMEM Read Disabled -> 0x0
PASS | IMEM Read -> 0xe75b
PASS | DMEM Read Disabled -> 0x0
PASS | IMEM Read -> 0x568c
PASS | DMEM Read -> 0x17d4
PASS | IMEM Read -> 0x3423
PASS | DMEM Read -> 0x5c8f
PASS | IMEM Read -> 0x4794
PASS | DMEM Read -> 0x18d1
PASS | IMEM Read -> 0xcd22
PASS | DMEM Read Disabled -> 0x0
PASS | IMEM Read -> 0x9537
PASS | DMEM Read Disabled -> 0x0
PASS | IMEM Read -> 0x2515
PASS | DMEM Read -> 0xd6f5
PASS | IMEM Read -> 0x100c
PASS | DMEM Read Disabled -> 0x0
PASS | IMEM Read -> 0x4340
PASS | DMEM Read Disabled -> 0x0
PASS | IMEM Read -> 0xe47f
PASS | DMEM Read -> 0x8572
PASS | IMEM Read -> 0x901d
PASS | DMEM Read Disabled -> 0x0
PASS | IMEM Read -> 0xc5b9
PASS | DMEM Read Disabled -> 0x0
PASS | IMEM Read -> 0x5a0a
PASS | DMEM Read -> 0x17d4
PASS | IMEM Read -> 0x852a
PASS | DMEM Read Disabled -> 0x0
PASS | IMEM Read -> 0xca9
PASS | DMEM Read Disabled -> 0x0
PASS | IMEM Read -> 0x676d
PASS | DMEM Read -> 0xa402
PASS | IMEM Read -> 0x59f3
PASS | DMEM Read Disabled -> 0x0
PASS | IMEM Read -> 0x4daf
PASS | DMEM Read -> 0x511
PASS | IMEM Read -> 0xb4ca
PASS | DMEM Read Disabled -> 0x0
PASS | IMEM Read -> 0xe842
PASS | DMEM Read Disabled -> 0x0
PASS | IMEM Read -> 0x4d4f
PASS | DMEM Read -> 0xa94b
PASS | IMEM Read -> 0xbe18
PASS | DMEM Read Disabled -> 0x0
PASS | IMEM Read -> 0x91f7
PASS | DMEM Read Disabled -> 0x0
PASS | IMEM Read -> 0xe75b
PASS | DMEM Read Disabled -> 0x0
PASS | IMEM Read -> 0x1c4c
PASS | DMEM Read -> 0xdaf
PASS | IMEM Read -> 0x273a
PASS | DMEM Read Disabled -> 0x0
PASS | IMEM Read -> 0x636c
PASS | DMEM Read Disabled -> 0x0
PASS | IMEM Read -> 0x8341
PASS | DMEM Read Disabled -> 0x0
PASS | IMEM Read -> 0x5d0c
PASS | DMEM Read Disabled -> 0x0
PASS | IMEM Read -> 0xc5
PASS | DMEM Read Disabled -> 0x0
PASS | IMEM Read -> 0x24b8
PASS | DMEM Read -> 0x1916
PASS | IMEM Read -> 0x89c2
PASS | DMEM Read -> 0x2934
PASS | IMEM Read -> 0x852a
PASS | DMEM Read Disabled -> 0x0
PASS | IMEM Read -> 0x24b8
PASS | DMEM Read Disabled -> 0x0
PASS | IMEM Read -> 0x7a48
PASS | DMEM Read Disabled -> 0x0
PASS | IMEM Read -> 0xdab4
PASS | DMEM Read Disabled -> 0x0
PASS | IMEM Read -> 0x4f12
PASS | DMEM Read Disabled -> 0x0
PASS | IMEM Read -> 0x9278
PASS | DMEM Read Disabled -> 0x0
PASS | IMEM Read -> 0x7068
PASS | DMEM Read Disabled -> 0x0
PASS | IMEM Read -> 0x273a
PASS | DMEM Read -> 0x756b
PASS | IMEM Read -> 0x5a4a
PASS | DMEM Read Disabled -> 0x0
PASS | IMEM Read -> 0x60db
PASS | DMEM Read -> 0x6fb2
PASS | IMEM Read -> 0x568c
PASS | DMEM Read Disabled -> 0x0
PASS | IMEM Read -> 0xb43f
PASS | DMEM Read Disabled -> 0x0
PASS | IMEM Read -> 0x5a76
PASS | DMEM Read -> 0xdfff
PASS | IMEM Read -> 0x4340
PASS | DMEM Read Disabled -> 0x0
PASS | IMEM Read -> 0x24b8
PASS | DMEM Read Disabled -> 0x0
PASS | IMEM Read -> 0x9547
PASS | DMEM Read Disabled -> 0x0
PASS | IMEM Read -> 0x7c6d
PASS | DMEM Read Disabled -> 0x0
PASS | IMEM Read -> 0xa11a
PASS | DMEM Read Disabled -> 0x0
PASS | IMEM Read -> 0x2b1c
PASS | DMEM Read Disabled -> 0x0
PASS | IMEM Read -> 0xc606
PASS | DMEM Read Disabled -> 0x0
PASS | IMEM Read -> 0xe89
PASS | DMEM Read Disabled -> 0x0
PASS | IMEM Read -> 0xf023
PASS | DMEM Read -> 0x2758
PASS | IMEM Read -> 0x636c
PASS | DMEM Read Disabled -> 0x0
PASS | IMEM Read -> 0x5a76
PASS | DMEM Read -> 0x49a3
PASS | IMEM Read -> 0xc1c3
PASS | DMEM Read -> 0xaed8
PASS | IMEM Read -> 0x901d
PASS | DMEM Read Disabled -> 0x0
PASS | IMEM Read -> 0xfd1
PASS | DMEM Read Disabled -> 0x0
PASS | IMEM Read -> 0x7774
PASS | DMEM Read Disabled -> 0x0
PASS | IMEM Read -> 0x7774
PASS | DMEM Read -> 0x4a8d
PASS | IMEM Read -> 0xe47f
PASS | DMEM Read Disabled -> 0x0
PASS | IMEM Read -> 0x494f
PASS | DMEM Read -> 0x2758
PASS | IMEM Read -> 0x525b
PASS | DMEM Read -> 0x2dd5
PASS | IMEM Read -> 0xb505
PASS | DMEM Read Disabled -> 0x0
PASS | IMEM Read -> 0xdab4
PASS | DMEM Read Disabled -> 0x0
PASS | IMEM Read -> 0x47aa
PASS | DMEM Read Disabled -> 0x0
PASS | IMEM Read -> 0x433a
PASS | DMEM Read Disabled -> 0x0
PASS | IMEM Read -> 0xc6d2
PASS | DMEM Read Disabled -> 0x0
PASS | IMEM Read -> 0x4f12
PASS | DMEM Read Disabled -> 0x0
PASS | IMEM Read -> 0x915b
PASS | DMEM Read Disabled -> 0x0
PASS | IMEM Read -> 0xf33
PASS | DMEM Read -> 0xc6e3
PASS | IMEM Read -> 0x2b1c
PASS | DMEM Read Disabled -> 0x0
PASS | IMEM Read -> 0x7a48
PASS | DMEM Read Disabled -> 0x0
PASS | IMEM Read -> 0x4daf
PASS | DMEM Read Disabled -> 0x0
PASS | IMEM Read -> 0x5d0c
PASS | DMEM Read -> 0x8fb2
PASS | IMEM Read -> 0x4794
PASS | DMEM Read Disabled -> 0x0
PASS | IMEM Read -> 0x37d
PASS | DMEM Read Disabled -> 0x0
PASS | IMEM Read -> 0x6e2a
PASS | DMEM Read Disabled -> 0x0
PASS | IMEM Read -> 0x92a3
PASS | DMEM Read Disabled -> 0x0
PASS | IMEM Read -> 0x2ae3
PASS | DMEM Read Disabled -> 0x0
PASS | IMEM Read -> 0xa55c
PASS | DMEM Read Disabled -> 0x0
PASS | IMEM Read -> 0xc6d2
PASS | DMEM Read Disabled -> 0x0
PASS | IMEM Read -> 0x100c
PASS | DMEM Read Disabled -> 0x0
PASS | IMEM Read -> 0x8e1f
PASS | DMEM Read Disabled -> 0x0
PASS | IMEM Read -> 0xe469
PASS | DMEM Read -> 0x3130
PASS | IMEM Read -> 0x1924
PASS | DMEM Read Disabled -> 0x0
PASS | IMEM Read -> 0xc0a0
PASS | DMEM Read Disabled -> 0x0
PASS | IMEM Read -> 0x1b56
PASS | DMEM Read Disabled -> 0x0
PASS | IMEM Read -> 0xe96d
PASS | DMEM Read -> 0x9411
PASS | IMEM Read -> 0x91f7
PASS | DMEM Read Disabled -> 0x0
PASS | IMEM Read -> 0xdf5b
PASS | DMEM Read Disabled -> 0x0
PASS | IMEM Read -> 0x61cd
PASS | DMEM Read Disabled -> 0x0
PASS | IMEM Read -> 0xdca6
PASS | DMEM Read Disabled -> 0x0
PASS | IMEM Read -> 0x91f7
PASS | DMEM Read Disabled -> 0x0
PASS | IMEM Read -> 0x386b
PASS | DMEM Read -> 0x2473
PASS | IMEM Read -> 0xbda7
PASS | DMEM Read Disabled -> 0x0
PASS | IMEM Read -> 0x31ce
PASS | DMEM Read -> 0xc217
PASS | IMEM Read -> 0x64d
PASS | DMEM Read Disabled -> 0x0
PASS | IMEM Read -> 0x6c02
PASS | DMEM Read Disabled -> 0x0
PASS | IMEM Read -> 0x2ae3
PASS | DMEM Read -> 0x9ca6
PASS | IMEM Read -> 0x5636
PASS | DMEM Read Disabled -> 0x0
PASS | IMEM Read -> 0x510
PASS | DMEM Read -> 0x9113
PASS | IMEM Read -> 0x1b56
PASS | DMEM Read Disabled -> 0x0
PASS | IMEM Read -> 0x9278
PASS | DMEM Read -> 0xa402
PASS | IMEM Read -> 0xee77
PASS | DMEM Read Disabled -> 0x0
PASS | IMEM Read -> 0x698f
PASS | DMEM Read Disabled -> 0x0
PASS | IMEM Read -> 0x651d
PASS | DMEM Read Disabled -> 0x0
PASS | IMEM Read -> 0xe338
PASS | DMEM Read Disabled -> 0x0
PASS | IMEM Read -> 0xebf8
PASS | DMEM Read -> 0xa224
PASS | IMEM Read -> 0xebf8
PASS | DMEM Read Disabled -> 0x0
PASS | IMEM Read -> 0xbf0f
PASS | DMEM Read -> 0x1fe
PASS | IMEM Read -> 0xc606
PASS | DMEM Read Disabled -> 0x0
PASS | IMEM Read -> 0xcebf
PASS | DMEM Read Disabled -> 0x0
PASS | IMEM Read -> 0x7774
PASS | DMEM Read Disabled -> 0x0
PASS | IMEM Read -> 0x9026
PASS | DMEM Read Disabled -> 0x0
PASS | IMEM Read -> 0x7a48
PASS | DMEM Read Disabled -> 0x0
PASS | IMEM Read -> 0x31ce
PASS | DMEM Read Disabled -> 0x0
PASS | IMEM Read -> 0x6d
PASS | DMEM Read -> 0x1601
PASS | IMEM Read -> 0x494f
PASS | DMEM Read -> 0xb545
PASS | IMEM Read -> 0xdd2b
PASS | DMEM Read -> 0xf854
PASS | IMEM Read -> 0x1a67
PASS | DMEM Read Disabled -> 0x0
PASS | IMEM Read -> 0x2bca
PASS | DMEM Read Disabled -> 0x0
PASS | IMEM Read -> 0x8f67
PASS | DMEM Read -> 0x8572
PASS | IMEM Read -> 0x57f6
PASS | DMEM Read -> 0x4968
PASS | IMEM Read -> 0xc6ec
PASS | DMEM Read Disabled -> 0x0
PASS | IMEM Read -> 0xf8b3
PASS | DMEM Read Disabled -> 0x0
PASS | IMEM Read -> 0x96be
PASS | DMEM Read -> 0x4d2
PASS | IMEM Read -> 0x92a3
PASS | DMEM Read Disabled -> 0x0
PASS | IMEM Read -> 0xf8b3
PASS | DMEM Read -> 0x1639
PASS | IMEM Read -> 0x64d
PASS | DMEM Read Disabled -> 0x0
PASS | IMEM Read -> 0x698f
PASS | DMEM Read -> 0xf4b1
PASS | IMEM Read -> 0x438b
PASS | DMEM Read -> 0x976c
PASS | IMEM Read -> 0xa323
PASS | DMEM Read Disabled -> 0x0
PASS | IMEM Read -> 0xa191
PASS | DMEM Read Disabled -> 0x0
PASS | IMEM Read -> 0xe469
PASS | DMEM Read Disabled -> 0x0
PASS | IMEM Read -> 0x5e66
PASS | DMEM Read Disabled -> 0x0
PASS | IMEM Read -> 0xf810
PASS | DMEM Read Disabled -> 0x0
PASS | IMEM Read -> 0xe969
PASS | DMEM Read Disabled -> 0x0
PASS | IMEM Read -> 0xf8b3
PASS | DMEM Read Disabled -> 0x0
PASS | IMEM Read -> 0xc1c3
PASS | DMEM Read Disabled -> 0x0
PASS | IMEM Read -> 0x8599
PASS | DMEM Read Disabled -> 0x0
PASS | IMEM Read -> 0x4c71
PASS | DMEM Read Disabled -> 0x0
PASS | IMEM Read -> 0x2885
PASS | DMEM Read Disabled -> 0x0
PASS | IMEM Read -> 0x8599
PASS | DMEM Read -> 0xb92c
PASS | IMEM Read -> 0xffea
PASS | DMEM Read -> 0x6b4
PASS | IMEM Read -> 0x99f
PASS | DMEM Read -> 0xffb3
PASS | IMEM Read -> 0x4601
PASS | DMEM Read Disabled -> 0x0
PASS | IMEM Read -> 0xce65
PASS | DMEM Read -> 0xb088
PASS | IMEM Read -> 0xf023
PASS | DMEM Read Disabled -> 0x0
PASS | IMEM Read -> 0x2b2c
PASS | DMEM Read -> 0x6fb2
PASS | IMEM Read -> 0x4156
PASS | DMEM Read Disabled -> 0x0
PASS | IMEM Read -> 0x7cbc
PASS | DMEM Read Disabled -> 0x0
PASS | IMEM Read -> 0x2cc8
PASS | DMEM Read Disabled -> 0x0
PASS | IMEM Read -> 0x53f6
PASS | DMEM Read Disabled -> 0x0
PASS | IMEM Read -> 0x438b
PASS | DMEM Read Disabled -> 0x0
PASS | IMEM Read -> 0x808f
PASS | DMEM Read Disabled -> 0x0
PASS | IMEM Read -> 0xb69e
PASS | DMEM Read -> 0xd40
PASS | IMEM Read -> 0xc5
PASS | DMEM Read Disabled -> 0x0
PASS | IMEM Read -> 0x4794
PASS | DMEM Read -> 0xff51
PASS | IMEM Read -> 0x60db
PASS | DMEM Read Disabled -> 0x0
PASS | IMEM Read -> 0xb297
PASS | DMEM Read -> 0xb7bc
PASS | IMEM Read -> 0x7cbc
PASS | DMEM Read Disabled -> 0x0
PASS | IMEM Read -> 0x9c8c
PASS | DMEM Read -> 0xb088
PASS | IMEM Read -> 0x9537
PASS | DMEM Read -> 0x1549
PASS | IMEM Read -> 0xa5fc
PASS | DMEM Read Disabled -> 0x0
PASS | IMEM Read -> 0xca4e
PASS | DMEM Read Disabled -> 0x0
PASS | IMEM Read -> 0xb1b8
PASS | DMEM Read -> 0xc682
PASS | IMEM Read -> 0x5f21
PASS | DMEM Read Disabled -> 0x0
PASS | IMEM Read -> 0xfe9d
PASS | DMEM Read Disabled -> 0x0
PASS | IMEM Read -> 0x66bc
PASS | DMEM Read -> 0xf76d
PASS | IMEM Read -> 0x6c02
PASS | DMEM Read -> 0xa712
PASS | IMEM Read -> 0xf774
PASS | DMEM Read -> 0x8efa
PASS | IMEM Read -> 0x9d
PASS | DMEM Read -> 0x52ee
PASS | IMEM Read -> 0x173e
PASS | DMEM Read -> 0xa244
PASS | IMEM Read -> 0x6f20
PASS | DMEM Read Disabled -> 0x0
PASS | IMEM Read -> 0xe842
PASS | DMEM Read Disabled -> 0x0
PASS | IMEM Read -> 0x433a
PASS | DMEM Read Disabled -> 0x0
PASS | IMEM Read -> 0xcd6c
PASS | DMEM Read -> 0xb144
PASS | IMEM Read -> 0x89c2
PASS | DMEM Read Disabled -> 0x0
PASS | IMEM Read -> 0x33fd
PASS | DMEM Read -> 0x47f9
PASS | IMEM Read -> 0xb746
PASS | DMEM Read -> 0x6729
PASS | IMEM Read -> 0x3c72
PASS | DMEM Read -> 0xf4b1
PASS | IMEM Read -> 0x3c72
PASS | DMEM Read Disabled -> 0x0
PASS | IMEM Read -> 0xcd6c
PASS | DMEM Read Disabled -> 0x0
PASS | IMEM Read -> 0x38bf
PASS | DMEM Read Disabled -> 0x0
PASS | IMEM Read -> 0x891
PASS | DMEM Read Disabled -> 0x0
PASS | IMEM Read -> 0xbacc
PASS | DMEM Read -> 0x1639
PASS | IMEM Read -> 0x2ea6
PASS | DMEM Read Disabled -> 0x0
PASS | IMEM Read -> 0xb4ca
PASS | DMEM Read Disabled -> 0x0
PASS | IMEM Read -> 0x7774
PASS | DMEM Read Disabled -> 0x0
PASS | IMEM Read -> 0x2cc8
PASS | DMEM Read -> 0x7465
PASS | IMEM Read -> 0xd70
PASS | DMEM Read -> 0xb3e3
PASS | IMEM Read -> 0x8599
PASS | DMEM Read -> 0xdf35
PASS | IMEM Read -> 0x5e7c
PASS | DMEM Read Disabled -> 0x0
PASS | IMEM Read -> 0x4f2e
PASS | DMEM Read Disabled -> 0x0
PASS | IMEM Read -> 0x1bba
PASS | DMEM Read Disabled -> 0x0
PASS | IMEM Read -> 0xb69e
PASS | DMEM Read -> 0x40d9
PASS | IMEM Read -> 0x8b9a
PASS | DMEM Read Disabled -> 0x0
PASS | IMEM Read -> 0xf023
PASS | DMEM Read Disabled -> 0x0
PASS | IMEM Read -> 0x3c68
PASS | DMEM Read Disabled -> 0x0
PASS | IMEM Read -> 0xe47f
PASS | DMEM Read -> 0x3a72
PASS | IMEM Read -> 0x96ec
PASS | DMEM Read -> 0xf598
PASS | IMEM Read -> 0xa8e8
PASS | DMEM Read Disabled -> 0x0
PASS | IMEM Read -> 0x6c02
PASS | DMEM Read Disabled -> 0x0
PASS | IMEM Read -> 0xd321
PASS | DMEM Read Disabled -> 0x0
PASS | IMEM Read -> 0x510
PASS | DMEM Read Disabled -> 0x0
PASS | IMEM Read -> 0x63f9
PASS | DMEM Read Disabled -> 0x0
PASS | IMEM Read -> 0x31ce
PASS | DMEM Read -> 0xa725
PASS | IMEM Read -> 0x5d6d
PASS | DMEM Read -> 0x6b4
PASS | IMEM Read -> 0x737e
PASS | DMEM Read Disabled -> 0x0
PASS | IMEM Read -> 0x4499
PASS | DMEM Read Disabled -> 0x0
PASS | IMEM Read -> 0x265e
PASS | DMEM Read Disabled -> 0x0
PASS | IMEM Read -> 0xe89
PASS | DMEM Read -> 0x9113
PASS | IMEM Read -> 0x8e1f
PASS | DMEM Read Disabled -> 0x0
PASS | IMEM Read -> 0x4340
PASS | DMEM Read -> 0xdbed
PASS | IMEM Read -> 0xdab4
PASS | DMEM Read Disabled -> 0x0
PASS | IMEM Read -> 0x2566
PASS | DMEM Read -> 0xee9e
PASS | IMEM Read -> 0x525b
PASS | DMEM Read -> 0x8db7
PASS | IMEM Read -> 0x4601
PASS | DMEM Read Disabled -> 0x0
PASS | IMEM Read -> 0x2566
PASS | DMEM Read -> 0x4fc9
PASS | IMEM Read -> 0x2b1c
PASS | DMEM Read Disabled -> 0x0
PASS | IMEM Read -> 0x2cad
PASS | DMEM Read Disabled -> 0x0
PASS | IMEM Read -> 0x9278
PASS | DMEM Read -> 0x6ca
PASS | IMEM Read -> 0xc47
PASS | DMEM Read Disabled -> 0x0
PASS | IMEM Read -> 0x96ec
PASS | DMEM Read -> 0xbbb4
PASS | IMEM Read -> 0xb297
PASS | DMEM Read Disabled -> 0x0
PASS | IMEM Read -> 0x2abe
PASS | DMEM Read Disabled -> 0x0
PASS | IMEM Read -> 0x3a12
PASS | DMEM Read Disabled -> 0x0
PASS | IMEM Read -> 0xa09d
PASS | DMEM Read Disabled -> 0x0
PASS | IMEM Read -> 0x2885
PASS | DMEM Read Disabled -> 0x0
PASS | IMEM Read -> 0x2f16
PASS | DMEM Read -> 0x8b50
PASS | IMEM Read -> 0xc5
PASS | DMEM Read Disabled -> 0x0
PASS | IMEM Read -> 0x77a7
PASS | DMEM Read -> 0x9c40
PASS | IMEM Read -> 0x5a76
PASS | DMEM Read -> 0x9c40
PASS | IMEM Read -> 0x5a76
PASS | DMEM Read Disabled -> 0x0
PASS | IMEM Read -> 0xb505
PASS | DMEM Read Disabled -> 0x0
PASS | IMEM Read -> 0x390f
PASS | DMEM Read -> 0x3830
PASS | IMEM Read -> 0xc440
PASS | DMEM Read Disabled -> 0x0
PASS | IMEM Read -> 0x61cd
PASS | DMEM Read Disabled -> 0x0
PASS | IMEM Read -> 0x97ed
PASS | DMEM Read Disabled -> 0x0
PASS | IMEM Read -> 0x79f7
PASS | DMEM Read -> 0x2a65
PASS | IMEM Read -> 0x265e
PASS | DMEM Read Disabled -> 0x0
PASS | IMEM Read -> 0xffea
PASS | DMEM Read -> 0xc056
PASS | IMEM Read -> 0x2cc8
PASS | DMEM Read Disabled -> 0x0
PASS | IMEM Read -> 0xe469
PASS | DMEM Read -> 0xf38c
PASS | IMEM Read -> 0xc0a0
PASS | DMEM Read -> 0xb02c
PASS | IMEM Read -> 0x47aa
PASS | DMEM Read Disabled -> 0x0
PASS | IMEM Read -> 0xc606
PASS | DMEM Read -> 0xb92c
PASS | IMEM Read -> 0x6c02
PASS | DMEM Read Disabled -> 0x0
PASS | IMEM Read -> 0x1c45
PASS | DMEM Read -> 0x4a8d
PASS | IMEM Read -> 0x848c
PASS | DMEM Read Disabled -> 0x0
PASS | IMEM Read -> 0xa323
PASS | DMEM Read Disabled -> 0x0
PASS | IMEM Read -> 0x3d3
PASS | DMEM Read Disabled -> 0x0
PASS | IMEM Read -> 0x4c71
PASS | DMEM Read Disabled -> 0x0
PASS | IMEM Read -> 0xdd2b
PASS | DMEM Read Disabled -> 0x0
PASS | IMEM Read -> 0x1bba
PASS | DMEM Read Disabled -> 0x0
PASS | IMEM Read -> 0x2f16
PASS | DMEM Read Disabled -> 0x0
PASS | IMEM Read -> 0xd40c
PASS | DMEM Read -> 0x975
PASS | IMEM Read -> 0x92a3
PASS | DMEM Read Disabled -> 0x0
PASS | IMEM Read -> 0xebf8
PASS | DMEM Read Disabled -> 0x0
PASS | IMEM Read -> 0x18b7
PASS | DMEM Read Disabled -> 0x0
PASS | IMEM Read -> 0x8b9a
PASS | DMEM Read -> 0x76b9
PASS | IMEM Read -> 0x99f
PASS | DMEM Read -> 0xb261
PASS | IMEM Read -> 0x7c6d
PASS | DMEM Read Disabled -> 0x0
PASS | IMEM Read -> 0xa191
PASS | DMEM Read Disabled -> 0x0
PASS | IMEM Read -> 0x4601
PASS | DMEM Read -> 0x8fda
PASS | IMEM Read -> 0xcc49
PASS | DMEM Read Disabled -> 0x0
PASS | IMEM Read -> 0x34bb
PASS | DMEM Read Disabled -> 0x0
PASS | IMEM Read -> 0xd321
PASS | DMEM Read -> 0xbd9b
PASS | IMEM Read -> 0x4e73
PASS | DMEM Read -> 0x1e60
PASS | IMEM Read -> 0x1a67
PASS | DMEM Read Disabled -> 0x0
PASS | IMEM Read -> 0xca4e
PASS | DMEM Read Disabled -> 0x0
PASS | IMEM Read -> 0xe96d
PASS | DMEM Read Disabled -> 0x0
PASS | IMEM Read -> 0x57aa
PASS | DMEM Read -> 0xafa7
PASS | IMEM Read -> 0xb8f2
PASS | DMEM Read -> 0x6034
PASS | IMEM Read -> 0xbacc
PASS | DMEM Read -> 0xba50
PASS | IMEM Read -> 0x8a2b
PASS | DMEM Read -> 0x5e30
PASS | IMEM Read -> 0x59f3
PASS | DMEM Read Disabled -> 0x0
PASS | IMEM Read -> 0x698f
PASS | DMEM Read -> 0x7f1d
PASS | IMEM Read -> 0x9d
PASS | DMEM Read Disabled -> 0x0
PASS | IMEM Read -> 0x676d
PASS | DMEM Read -> 0x840b
PASS | IMEM Read -> 0x723d
PASS | DMEM Read Disabled -> 0x0
PASS | IMEM Read -> 0x5d6d
PASS | DMEM Read -> 0xba50
PASS | IMEM Read -> 0x438b
PASS | DMEM Read Disabled -> 0x0
PASS | IMEM Read -> 0x5a4a
PASS | DMEM Read -> 0x66e0
PASS | IMEM Read -> 0x386b
PASS | DMEM Read Disabled -> 0x0
PASS | IMEM Read -> 0xa323
PASS | DMEM Read Disabled -> 0x0
PASS | IMEM Read -> 0xdab4
PASS | DMEM Read Disabled -> 0x0
PASS | IMEM Read -> 0x5a0a
PASS | DMEM Read Disabled -> 0x0
PASS | IMEM Read -> 0x4499
PASS | DMEM Read Disabled -> 0x0
PASS | IMEM Read -> 0x8b9a
PASS | DMEM Read Disabled -> 0x0
PASS | IMEM Read -> 0x9007
PASS | DMEM Read Disabled -> 0x0
PASS | IMEM Read -> 0x4f12
PASS | DMEM Read Disabled -> 0x0
PASS | IMEM Read -> 0xe79
PASS | DMEM Read Disabled -> 0x0
PASS | IMEM Read -> 0x60db
PASS | DMEM Read -> 0x30e8
PASS | IMEM Read -> 0xcd6c
PASS | DMEM Read -> 0x6034
PASS | IMEM Read -> 0xfaf1
PASS | DMEM Read Disabled -> 0x0
PASS | IMEM Read -> 0x7fb1
PASS | DMEM Read Disabled -> 0x0
PASS | IMEM Read -> 0xc1c3
PASS | DMEM Read -> 0x49c7
PASS | IMEM Read -> 0xee77
PASS | DMEM Read -> 0xef13
PASS | IMEM Read -> 0x3a12
PASS | DMEM Read Disabled -> 0x0
PASS | IMEM Read -> 0x96be
PASS | DMEM Read -> 0xf4b1
PASS | IMEM Read -> 0x390f
PASS | DMEM Read Disabled -> 0x0
PASS | IMEM Read -> 0xb097
PASS | DMEM Read Disabled -> 0x0
PASS | IMEM Read -> 0xebf8
PASS | DMEM Read -> 0xccd8
PASS | IMEM Read -> 0x66bc
PASS | DMEM Read Disabled -> 0x0
PASS | IMEM Read -> 0x700e
PASS | DMEM Read Disabled -> 0x0
PASS | IMEM Read -> 0xb297
PASS | DMEM Read -> 0x9e2a
PASS | IMEM Read -> 0xe969
PASS | DMEM Read Disabled -> 0x0
PASS | IMEM Read -> 0x292
PASS | DMEM Read Disabled -> 0x0
PASS | IMEM Read -> 0xcbf1
PASS | DMEM Read Disabled -> 0x0
PASS | IMEM Read -> 0xd304
PASS | DMEM Read -> 0x8072
PASS | IMEM Read -> 0xc606
PASS | DMEM Read Disabled -> 0x0
PASS | IMEM Read -> 0xcbf1
PASS | DMEM Read Disabled -> 0x0
PASS | IMEM Read -> 0x9d
PASS | DMEM Read Disabled -> 0x0
PASS | IMEM Read -> 0x5942
PASS | DMEM Read Disabled -> 0x0
PASS | IMEM Read -> 0x3d3
PASS | DMEM Read -> 0x7c38
PASS | IMEM Read -> 0xc1c3
PASS | DMEM Read -> 0x8b50
PASS | IMEM Read -> 0x4c71
PASS | DMEM Read Disabled -> 0x0
PASS | IMEM Read -> 0x9547
PASS | DMEM Read -> 0x9233
PASS | IMEM Read -> 0x7c6d
PASS | DMEM Read Disabled -> 0x0
PASS | IMEM Read -> 0xc6d2
PASS | DMEM Read Disabled -> 0x0
PASS | IMEM Read -> 0x6c02
PASS | DMEM Read -> 0x50c1
PASS | IMEM Read -> 0x80ac
PASS | DMEM Read Disabled -> 0x0
PASS | IMEM Read -> 0xa55c
PASS | DMEM Read Disabled -> 0x0
PASS | IMEM Read -> 0x335
PASS | DMEM Read -> 0xfc0
PASS | IMEM Read -> 0x848c
PASS | DMEM Read Disabled -> 0x0
PASS | IMEM Read -> 0xbda7
PASS | DMEM Read -> 0x5e30
PASS | IMEM Read -> 0x901d
PASS | DMEM Read -> 0x7c38
PASS | IMEM Read -> 0xd70
PASS | DMEM Read -> 0xbc73
PASS | IMEM Read -> 0xc6ec
PASS | DMEM Read Disabled -> 0x0
PASS | IMEM Read -> 0x651d
PASS | DMEM Read Disabled -> 0x0
PASS | IMEM Read -> 0x374a
PASS | DMEM Read Disabled -> 0x0
PASS | IMEM Read -> 0xb4ca
PASS | DMEM Read Disabled -> 0x0
PASS | IMEM Read -> 0x2885
PASS | DMEM Read Disabled -> 0x0
PASS | IMEM Read -> 0xcebf
PASS | DMEM Read -> 0x6885
PASS | IMEM Read -> 0x5d6d
PASS | DMEM Read Disabled -> 0x0
PASS | IMEM Read -> 0x2cc8
PASS | DMEM Read Disabled -> 0x0
PASS | IMEM Read -> 0xe624
PASS | DMEM Read Disabled -> 0x0
PASS | IMEM Read -> 0x59e7
PASS | DMEM Read Disabled -> 0x0
PASS | IMEM Read -> 0x80ac
PASS | DMEM Read Disabled -> 0x0
PASS | IMEM Read -> 0x8f67
PASS | DMEM Read Disabled -> 0x0
PASS | IMEM Read -> 0xfe9d
PASS | DMEM Read Disabled -> 0x0
PASS | IMEM Read -> 0x89c2
PASS | DMEM Read Disabled -> 0x0
PASS | IMEM Read -> 0xd8a8
PASS | DMEM Read -> 0x49c7
PASS | IMEM Read -> 0x92a3
PASS | DMEM Read Disabled -> 0x0
PASS | IMEM Read -> 0x2c36
PASS | DMEM Read -> 0x609a
PASS | IMEM Read -> 0x2a3a
PASS | DMEM Read Disabled -> 0x0
PASS | IMEM Read -> 0x4f2e
PASS | DMEM Read Disabled -> 0x0
PASS | IMEM Read -> 0xa22d
PASS | DMEM Read -> 0x86ce
PASS | IMEM Read -> 0x848c
PASS | DMEM Read Disabled -> 0x0
PASS | IMEM Read -> 0x989c
PASS | DMEM Read -> 0x5ff6
PASS | IMEM Read -> 0xcebf
PASS | DMEM Read Disabled -> 0x0
PASS | IMEM Read -> 0x6d
PASS | DMEM Read -> 0x626d
PASS | IMEM Read -> 0x2cad
PASS | DMEM Read Disabled -> 0x0
PASS | IMEM Read -> 0x5a4a
PASS | DMEM Read Disabled -> 0x0
PASS | IMEM Read -> 0xe441
PASS | DMEM Read Disabled -> 0x0
PASS | IMEM Read -> 0x4f12
PASS | DMEM Read Disabled -> 0x0
PASS | IMEM Read -> 0xa8e8
PASS | DMEM Read -> 0x4601
PASS | IMEM Read -> 0x386b
PASS | DMEM Read Disabled -> 0x0
PASS | IMEM Read -> 0x7068
PASS | DMEM Read Disabled -> 0x0
PASS | IMEM Read -> 0xe469
PASS | DMEM Read -> 0xa9c8
PASS | IMEM Read -> 0x12b3
PASS | DMEM Read Disabled -> 0x0
PASS | IMEM Read -> 0x31ce
PASS | DMEM Read -> 0x52ee
PASS | IMEM Read -> 0x99f
PASS | DMEM Read Disabled -> 0x0
PASS | IMEM Read -> 0x94e5
PASS | DMEM Read Disabled -> 0x0
PASS | IMEM Read -> 0xc606
PASS | DMEM Read -> 0x7b60
PASS | IMEM Read -> 0xebf8
PASS | DMEM Read -> 0xa9f3
PASS | IMEM Read -> 0xed88
PASS | DMEM Read Disabled -> 0x0
PASS | IMEM Read -> 0x4fc8
PASS | DMEM Read Disabled -> 0x0
PASS | IMEM Read -> 0x9278
PASS | DMEM Read Disabled -> 0x0
PASS | IMEM Read -> 0x8b9a
PASS | DMEM Read -> 0xa7c7
PASS | IMEM Read -> 0x1913
PASS | DMEM Read Disabled -> 0x0
PASS | IMEM Read -> 0x5160
PASS | DMEM Read -> 0x7f1d
PASS | IMEM Read -> 0x1bba
PASS | DMEM Read -> 0x3eae
PASS | IMEM Read -> 0xa5fc
PASS | DMEM Read -> 0x921
PASS | IMEM Read -> 0x852a
PASS | DMEM Read Disabled -> 0x0
PASS | IMEM Read -> 0x6e2a
PASS | DMEM Read Disabled -> 0x0
PASS | IMEM Read -> 0xe624
PASS | DMEM Read Disabled -> 0x0
PASS | IMEM Read -> 0x737e
PASS | DMEM Read Disabled -> 0x0
PASS | IMEM Read -> 0x9d
PASS | DMEM Read Disabled -> 0x0
PASS | IMEM Read -> 0x5f21
PASS | DMEM Read -> 0x8772
PASS | IMEM Read -> 0xb69e
PASS | DMEM Read -> 0x6688
PASS | IMEM Read -> 0x676d
PASS | DMEM Read -> 0xb7e6
PASS | IMEM Read -> 0xc6d2
PASS | DMEM Read Disabled -> 0x0
PASS | IMEM Read -> 0xca4e
PASS | DMEM Read Disabled -> 0x0
PASS | IMEM Read -> 0x852a
PASS | DMEM Read Disabled -> 0x0
PASS | IMEM Read -> 0x2cad
PASS | DMEM Read Disabled -> 0x0
PASS | IMEM Read -> 0x2ae3
PASS | DMEM Read Disabled -> 0x0
PASS | IMEM Read -> 0x96be
PASS | DMEM Read -> 0x458f
PASS | IMEM Read -> 0x7a48
PASS | DMEM Read Disabled -> 0x0
PASS | IMEM Read -> 0xcd6c
PASS | DMEM Read Disabled -> 0x0
PASS | IMEM Read -> 0xe75b
PASS | DMEM Read Disabled -> 0x0
PASS | IMEM Read -> 0x31ce
PASS | DMEM Read Disabled -> 0x0
PASS | IMEM Read -> 0xdd2b
PASS | DMEM Read -> 0xb2ae
PASS | IMEM Read -> 0xe75b
PASS | DMEM Read -> 0x66e0
PASS | IMEM Read -> 0x245d
PASS | DMEM Read -> 0x6ca
PASS | IMEM Read -> 0xb297
PASS | DMEM Read -> 0xbc73
PASS | IMEM Read -> 0x2515
PASS | DMEM Read Disabled -> 0x0
PASS | IMEM Read -> 0x1913
PASS | DMEM Read Disabled -> 0x0
PASS | IMEM Read -> 0xa11a
PASS | DMEM Read -> 0xaec9
PASS | IMEM Read -> 0x4f12
PASS | DMEM Read Disabled -> 0x0
PASS | IMEM Read -> 0x9d
PASS | DMEM Read -> 0xee83
PASS | IMEM Read -> 0xb43f
PASS | DMEM Read Disabled -> 0x0
PASS | IMEM Read -> 0x5d0c
PASS | DMEM Read Disabled -> 0x0
PASS | IMEM Read -> 0xc0a0
PASS | DMEM Read Disabled -> 0x0
PASS | IMEM Read -> 0x5d6d
PASS | DMEM Read -> 0xb7e6
PASS | IMEM Read -> 0x4499
PASS | DMEM Read -> 0x5ff6
PASS | IMEM Read -> 0x4daf
PASS | DMEM Read Disabled -> 0x0
PASS | IMEM Read -> 0xa323
PASS | DMEM Read -> 0xa725
PASS | IMEM Read -> 0xa738
PASS | DMEM Read Disabled -> 0x0
PASS | IMEM Read -> 0x9026
PASS | DMEM Read -> 0x9839
PASS | IMEM Read -> 0x4f2e
PASS | DMEM Read Disabled -> 0x0
PASS | IMEM Read -> 0x9c8c
PASS | DMEM Read Disabled -> 0x0
PASS | IMEM Read -> 0x96be
PASS | DMEM Read Disabled -> 0x0
PASS | IMEM Read -> 0x4601
PASS | DMEM Read Disabled -> 0x0
PASS | IMEM Read -> 0x3a12
PASS | DMEM Read -> 0x5801
PASS | IMEM Read -> 0x79f7
PASS | DMEM Read -> 0xe57e
PASS | IMEM Read -> 0x636c
PASS | DMEM Read Disabled -> 0x0
PASS | IMEM Read -> 0xef8f
PASS | DMEM Read Disabled -> 0x0
PASS | IMEM Read -> 0xb8f2
PASS | DMEM Read Disabled -> 0x0
PASS | IMEM Read -> 0x59e7
PASS | DMEM Read Disabled -> 0x0
PASS | IMEM Read -> 0x748a
PASS | DMEM Read Disabled -> 0x0
PASS | IMEM Read -> 0xf810
PASS | DMEM Read -> 0x9839
PASS | IMEM Read -> 0xb815
PASS | DMEM Read -> 0x817a
PASS | IMEM Read -> 0xdca6
PASS | DMEM Read Disabled -> 0x0
PASS | IMEM Read -> 0xcebf
PASS | DMEM Read Disabled -> 0x0
PASS | IMEM Read -> 0xffea
PASS | DMEM Read Disabled -> 0x0
PASS | IMEM Read -> 0x64d
PASS | DMEM Read Disabled -> 0x0
PASS | IMEM Read -> 0xe853
PASS | DMEM Read Disabled -> 0x0
PASS | IMEM Read -> 0xdca6
PASS | DMEM Read Disabled -> 0x0
PASS | IMEM Read -> 0x96be
PASS | DMEM Read -> 0x6fb2
PASS | IMEM Read -> 0xa191
PASS | DMEM Read -> 0xb61c
PASS | IMEM Read -> 0x4340
PASS | DMEM Read -> 0x1207
PASS | IMEM Read -> 0x24b8
PASS | DMEM Read Disabled -> 0x0
PASS | IMEM Read -> 0xb815
PASS | DMEM Read Disabled -> 0x0
PASS | IMEM Read -> 0xb8f2
PASS | DMEM Read -> 0x1b9
PASS | IMEM Read -> 0xef4
PASS | DMEM Read -> 0x747
PASS | IMEM Read -> 0x53f6
PASS | DMEM Read Disabled -> 0x0
PASS | IMEM Read -> 0x3423
PASS | DMEM Read Disabled -> 0x0
PASS | IMEM Read -> 0x17db
PASS | DMEM Read Disabled -> 0x0
PASS | IMEM Read -> 0xb69e
PASS | DMEM Read -> 0x2414
PASS | IMEM Read -> 0xd321
PASS | DMEM Read Disabled -> 0x0
PASS | IMEM Read -> 0x335
PASS | DMEM Read Disabled -> 0x0
PASS | IMEM Read -> 0xfe9d
PASS | DMEM Read Disabled -> 0x0
PASS | IMEM Read -> 0x374a
PASS | DMEM Read Disabled -> 0x0
PASS | IMEM Read -> 0x8599
PASS | DMEM Read Disabled -> 0x0
PASS | IMEM Read -> 0x525b
PASS | DMEM Read -> 0x59c4
PASS | IMEM Read -> 0xc6ec
PASS | DMEM Read -> 0x4fb7
PASS | IMEM Read -> 0x915b
PASS | DMEM Read -> 0xb02c
PASS | IMEM Read -> 0x63f9
PASS | DMEM Read Disabled -> 0x0
PASS | IMEM Read -> 0xe853
PASS | DMEM Read Disabled -> 0x0
PASS | IMEM Read -> 0x9ea3
PASS | DMEM Read Disabled -> 0x0
PASS | IMEM Read -> 0x8e1f
PASS | DMEM Read Disabled -> 0x0
PASS | IMEM Read -> 0x64d
PASS | DMEM Read -> 0x5337
PASS | IMEM Read -> 0xfab
PASS | DMEM Read Disabled -> 0x0
PASS | IMEM Read -> 0xbf0f
PASS | DMEM Read Disabled -> 0x0
PASS | IMEM Read -> 0x24b8
PASS | DMEM Read -> 0x8572
PASS | IMEM Read -> 0x568c
PASS | DMEM Read -> 0x9ca6
PASS | IMEM Read -> 0x2cc8
PASS | DMEM Read Disabled -> 0x0
PASS | IMEM Read -> 0x7068
PASS | DMEM Read Disabled -> 0x0
PASS | IMEM Read -> 0xbacc
PASS | DMEM Read Disabled -> 0x0
PASS | IMEM Read -> 0x2b1c
PASS | DMEM Read -> 0xb088
PASS | IMEM Read -> 0xc40a
PASS | DMEM Read Disabled -> 0x0
PASS | IMEM Read -> 0x5a76
PASS | DMEM Read -> 0x271c
PASS | IMEM Read -> 0x9d
PASS | DMEM Read -> 0x776b
PASS | IMEM Read -> 0x901d
PASS | DMEM Read Disabled -> 0x0
PASS | IMEM Read -> 0x477c
PASS | DMEM Read Disabled -> 0x0
PASS | IMEM Read -> 0x3d3
PASS | DMEM Read -> 0xceb9
PASS | IMEM Read -> 0x42d4
PASS | DMEM Read -> 0x840b
PASS | IMEM Read -> 0xcc49
PASS | DMEM Read -> 0xe6ab
PASS | IMEM Read -> 0x2999
PASS | DMEM Read -> 0x9e2a
PASS | IMEM Read -> 0xc40a
PASS | DMEM Read Disabled -> 0x0
PASS | IMEM Read -> 0x8a2b
PASS | DMEM Read -> 0x86ce
PASS | IMEM Read -> 0xfd2f
PASS | DMEM Read Disabled -> 0x0
PASS | IMEM Read -> 0xc440
PASS | DMEM Read Disabled -> 0x0
PASS | IMEM Read -> 0xcb2c
PASS | DMEM Read Disabled -> 0x0
PASS | IMEM Read -> 0xbe18
PASS | DMEM Read Disabled -> 0x0
PASS | IMEM Read -> 0x6e2a
PASS | DMEM Read Disabled -> 0x0
PASS | IMEM Read -> 0x4601
PASS | DMEM Read Disabled -> 0x0
PASS | IMEM Read -> 0xfa76
PASS | DMEM Read -> 0x8c7a
PASS | IMEM Read -> 0xe441
PASS | DMEM Read Disabled -> 0x0
PASS | IMEM Read -> 0xc5b9
PASS | DMEM Read -> 0xf598
PASS | IMEM Read -> 0xd334
PASS | DMEM Read -> 0xce8f
PASS | IMEM Read -> 0xad9
PASS | DMEM Read -> 0x86ee
PASS | IMEM Read -> 0xcd6c
PASS | DMEM Read Disabled -> 0x0
PASS | IMEM Read -> 0xfab
PASS | DMEM Read -> 0xa620
PASS | IMEM Read -> 0x96be
PASS | DMEM Read Disabled -> 0x0
PASS | IMEM Read -> 0x31ce
PASS | DMEM Read Disabled -> 0x0
PASS | IMEM Read -> 0x6e2a
PASS | DMEM Read Disabled -> 0x0
PASS | IMEM Read -> 0x438b
PASS | DMEM Read Disabled -> 0x0
PASS | IMEM Read -> 0xf774
PASS | DMEM Read -> 0x8db7
PASS | IMEM Read -> 0x2ea6
PASS | DMEM Read Disabled -> 0x0
PASS | IMEM Read -> 0x2b1c
PASS | DMEM Read -> 0xa3bb
PASS | IMEM Read -> 0x8e3
PASS | DMEM Read Disabled -> 0x0
PASS | IMEM Read -> 0x25f6
PASS | DMEM Read Disabled -> 0x0
PASS | IMEM Read -> 0xa191
PASS | DMEM Read Disabled -> 0x0
PASS | IMEM Read -> 0x636c
PASS | DMEM Read Disabled -> 0x0
PASS | IMEM Read -> 0x915b
PASS | DMEM Read Disabled -> 0x0
PASS | IMEM Read -> 0xfd2f
PASS | DMEM Read Disabled -> 0x0
PASS | IMEM Read -> 0xebf8
PASS | DMEM Read Disabled -> 0x0
PASS | IMEM Read -> 0x66bc
PASS | DMEM Read Disabled -> 0x0
PASS | IMEM Read -> 0x5636
PASS | DMEM Read Disabled -> 0x0
PASS | IMEM Read -> 0xee77
PASS | DMEM Read Disabled -> 0x0
PASS | IMEM Read -> 0x1bba
PASS | DMEM Read -> 0xa04b
PASS | IMEM Read -> 0xfd1
PASS | DMEM Read Disabled -> 0x0
PASS | IMEM Read -> 0x3e2
PASS | DMEM Read Disabled -> 0x0
PASS | IMEM Read -> 0xe969
PASS | DMEM Read Disabled -> 0x0
PASS | IMEM Read -> 0x6da5
PASS | DMEM Read Disabled -> 0x0
PASS | IMEM Read -> 0x3d3
PASS | DMEM Read Disabled -> 0x0
PASS | IMEM Read -> 0x989c
PASS | DMEM Read Disabled -> 0x0
PASS | IMEM Read -> 0x31ce
PASS | DMEM Read -> 0x8b50
PASS | IMEM Read -> 0x1913
PASS | DMEM Read Disabled -> 0x0
PASS | IMEM Read -> 0x5a4a
PASS | DMEM Read Disabled -> 0x0
PASS | IMEM Read -> 0xc40a
PASS | DMEM Read -> 0x4b9f
PASS | IMEM Read -> 0xb32f
PASS | DMEM Read Disabled -> 0x0
PASS | IMEM Read -> 0x8e3
PASS | DMEM Read Disabled -> 0x0
PASS | IMEM Read -> 0xe441
PASS | DMEM Read Disabled -> 0x0
PASS | IMEM Read -> 0xc47
PASS | DMEM Read -> 0xb61c
PASS | IMEM Read -> 0x265e
PASS | DMEM Read Disabled -> 0x0
PASS | IMEM Read -> 0xbacc
PASS | DMEM Read -> 0xbfce
PASS | IMEM Read -> 0x5e66
PASS | DMEM Read Disabled -> 0x0
PASS | IMEM Read -> 0xe75b
PASS | DMEM Read Disabled -> 0x0
PASS | IMEM Read -> 0x915b
PASS | DMEM Read Disabled -> 0x0
PASS | IMEM Read -> 0x37d
PASS | DMEM Read Disabled -> 0x0
PASS | IMEM Read -> 0x700e
PASS | DMEM Read -> 0x458f
PASS | IMEM Read -> 0x374a
PASS | DMEM Read -> 0x49c7
PASS | IMEM Read -> 0x2515
PASS | DMEM Read Disabled -> 0x0
PASS | IMEM Read -> 0x9547
PASS | DMEM Read Disabled -> 0x0
PASS | IMEM Read -> 0x989c
PASS | DMEM Read Disabled -> 0x0
PASS | IMEM Read -> 0x2cc8
PASS | DMEM Read Disabled -> 0x0
PASS | IMEM Read -> 0x7774
PASS | DMEM Read Disabled -> 0x0
PASS | IMEM Read -> 0xc1c3
PASS | DMEM Read Disabled -> 0x0
PASS | IMEM Read -> 0x4daf
PASS | DMEM Read Disabled -> 0x0
PASS | IMEM Read -> 0xca4e
PASS | DMEM Read -> 0x51c1
PASS | IMEM Read -> 0xa8e8
PASS | DMEM Read Disabled -> 0x0
PASS | IMEM Read -> 0xfbe2
PASS | DMEM Read Disabled -> 0x0
PASS | IMEM Read -> 0x61cd
PASS | DMEM Read Disabled -> 0x0
PASS | IMEM Read -> 0xed88
PASS | DMEM Read Disabled -> 0x0
PASS | IMEM Read -> 0x5b80
PASS | DMEM Read -> 0x349f
PASS | IMEM Read -> 0x99f
PASS | DMEM Read Disabled -> 0x0
PASS | IMEM Read -> 0x42d4
PASS | DMEM Read Disabled -> 0x0
PASS | IMEM Read -> 0x173e
PASS | DMEM Read Disabled -> 0x0
PASS | IMEM Read -> 0x510
PASS | DMEM Read Disabled -> 0x0
PASS | IMEM Read -> 0x92a3
PASS | DMEM Read Disabled -> 0x0
PASS | IMEM Read -> 0xcc49
PASS | DMEM Read Disabled -> 0x0
PASS | IMEM Read -> 0x5a4a
PASS | DMEM Read -> 0x537e
PASS | IMEM Read -> 0x915b
PASS | DMEM Read Disabled -> 0x0
PASS | IMEM Read -> 0x42ee
PASS | DMEM Read Disabled -> 0x0
PASS | IMEM Read -> 0xc6d2
PASS | DMEM Read -> 0xf85f
PASS | IMEM Read -> 0x4c71
PASS | DMEM Read Disabled -> 0x0
PASS | IMEM Read -> 0x676d
PASS | DMEM Read -> 0xb5a1
PASS | IMEM Read -> 0xbf0f
PASS | DMEM Read -> 0x6d0b
PASS | IMEM Read -> 0x9ea3
PASS | DMEM Read -> 0x76b9
PASS | IMEM Read -> 0x386b
PASS | DMEM Read Disabled -> 0x0
PASS | IMEM Read -> 0x852a
PASS | DMEM Read -> 0xdab4
PASS | IMEM Read -> 0x61cd
PASS | DMEM Read -> 0x8c7a
PASS | IMEM Read -> 0x65ca
PASS | DMEM Read Disabled -> 0x0
PASS | IMEM Read -> 0x1b56
PASS | DMEM Read Disabled -> 0x0
PASS | IMEM Read -> 0x1ec1
PASS | DMEM Read Disabled -> 0x0
PASS | IMEM Read -> 0xfd1
PASS | DMEM Read -> 0xb5f3
PASS | IMEM Read -> 0x2515
PASS | DMEM Read Disabled -> 0x0
PASS | IMEM Read -> 0x42d4
PASS | DMEM Read Disabled -> 0x0
PASS | IMEM Read -> 0xe969
PASS | DMEM Read Disabled -> 0x0
PASS | IMEM Read -> 0x61cd
PASS | DMEM Read Disabled -> 0x0
PASS | IMEM Read -> 0x9c8c
PASS | DMEM Read Disabled -> 0x0
PASS | IMEM Read -> 0x5942
PASS | DMEM Read Disabled -> 0x0
PASS | IMEM Read -> 0x737e
PASS | DMEM Read Disabled -> 0x0
PASS | IMEM Read -> 0x9026
PASS | DMEM Read -> 0x5b4
PASS | IMEM Read -> 0x100c
PASS | DMEM Read -> 0xb291
PASS | IMEM Read -> 0x3c68
PASS | DMEM Read Disabled -> 0x0
PASS | IMEM Read -> 0x7f3d
PASS | DMEM Read Disabled -> 0x0
PASS | IMEM Read -> 0xcebf
PASS | DMEM Read -> 0x9ca6
PASS | IMEM Read -> 0xa738
PASS | DMEM Read Disabled -> 0x0
PASS | IMEM Read -> 0xb505
PASS | DMEM Read Disabled -> 0x0
PASS | IMEM Read -> 0x38bf
PASS | DMEM Read -> 0xef13
PASS | IMEM Read -> 0x173e
PASS | DMEM Read Disabled -> 0x0
PASS | IMEM Read -> 0x2a3a
PASS | DMEM Read Disabled -> 0x0
PASS | IMEM Read -> 0x5d47
PASS | DMEM Read Disabled -> 0x0
PASS | IMEM Read -> 0xe853
PASS | DMEM Read Disabled -> 0x0
PASS | IMEM Read -> 0x8599
PASS | DMEM Read Disabled -> 0x0
PASS | IMEM Read -> 0x9547
PASS | DMEM Read -> 0x458f
PASS | IMEM Read -> 0x4156
PASS | DMEM Read Disabled -> 0x0
PASS | IMEM Read -> 0xd334
PASS | DMEM Read Disabled -> 0x0
PASS | IMEM Read -> 0x77a7
PASS | DMEM Read -> 0x735e
PASS | IMEM Read -> 0x9007
PASS | DMEM Read -> 0xcd5a
PASS | IMEM Read -> 0xdca6
PASS | DMEM Read Disabled -> 0x0
PASS | IMEM Read -> 0x92a3
PASS | DMEM Read Disabled -> 0x0
PASS | IMEM Read -> 0xb4ca
PASS | DMEM Read Disabled -> 0x0
PASS | IMEM Read -> 0x1c45
PASS | DMEM Read Disabled -> 0x0
PASS | IMEM Read -> 0xa738
PASS | DMEM Read Disabled -> 0x0
PASS | IMEM Read -> 0x510
PASS | DMEM Read -> 0x7446
PASS | IMEM Read -> 0xc5
PASS | DMEM Read -> 0xf30d
PASS | IMEM Read -> 0x7774
PASS | DMEM Read Disabled -> 0x0
PASS | IMEM Read -> 0x5a76
PASS | DMEM Read Disabled -> 0x0
PASS | IMEM Read -> 0x1bba
PASS | DMEM Read Disabled -> 0x0
PASS | IMEM Read -> 0x5e66
PASS | DMEM Read -> 0x10b
PASS | IMEM Read -> 0x92a3
PASS | DMEM Read -> 0x1a2a
PASS | IMEM Read -> 0x477c
PASS | DMEM Read -> 0x1549
PASS | IMEM Read -> 0x37d
PASS | DMEM Read -> 0xef13
PASS | IMEM Read -> 0x59e7
PASS | DMEM Read Disabled -> 0x0
PASS | IMEM Read -> 0xe842
PASS | DMEM Read Disabled -> 0x0
PASS | IMEM Read -> 0x748a
PASS | DMEM Read Disabled -> 0x0
PASS | IMEM Read -> 0x1913
PASS | DMEM Read Disabled -> 0x0
PASS | IMEM Read -> 0xa5fc
PASS | DMEM Read Disabled -> 0x0
PASS | IMEM Read -> 0xa54c
PASS | DMEM Read Disabled -> 0x0
PASS | IMEM Read -> 0x7fb1
PASS | DMEM Read Disabled -> 0x0
PASS | IMEM Read -> 0xf774
PASS | DMEM Read -> 0xc6a6
PASS | IMEM Read -> 0x891
PASS | DMEM Read Disabled -> 0x0
PASS | IMEM Read -> 0xf98d
PASS | DMEM Read -> 0x13a0
PASS | IMEM Read -> 0x4601
PASS | DMEM Read Disabled -> 0x0
PASS | IMEM Read -> 0xa11a
PASS | DMEM Read Disabled -> 0x0
PASS | IMEM Read -> 0x4340
PASS | DMEM Read Disabled -> 0x0
PASS | IMEM Read -> 0xe96d
PASS | DMEM Read Disabled -> 0x0
PASS | IMEM Read -> 0x292
PASS | DMEM Read -> 0x13a0
PASS | IMEM Read -> 0xb32f
PASS | DMEM Read Disabled -> 0x0
PASS | IMEM Read -> 0x568c
PASS | DMEM Read Disabled -> 0x0
PASS | IMEM Read -> 0xdf0f
PASS | DMEM Read Disabled -> 0x0
PASS | IMEM Read -> 0xe469
PASS | DMEM Read -> 0x79cf
PASS | IMEM Read -> 0x737e
PASS | DMEM Read -> 0x86ce
PASS | IMEM Read -> 0xe969
PASS | DMEM Read Disabled -> 0x0
PASS | IMEM Read -> 0xcbf1
PASS | DMEM Read -> 0xc22c
PASS | IMEM Read -> 0x4fc8
PASS | DMEM Read Disabled -> 0x0
PASS | IMEM Read -> 0x2cad
PASS | DMEM Read Disabled -> 0x0
PASS | IMEM Read -> 0x89c2
PASS | DMEM Read -> 0xcf
PASS | IMEM Read -> 0xef4
PASS | DMEM Read Disabled -> 0x0
PASS | IMEM Read -> 0x9d
PASS | DMEM Read Disabled -> 0x0
PASS | IMEM Read -> 0xe79
PASS | DMEM Read -> 0x7404
PASS | IMEM Read -> 0xdf0f
PASS | DMEM Read -> 0xbd16
PASS | IMEM Read -> 0xef4
PASS | DMEM Read -> 0x4627
PASS | IMEM Read -> 0x3d3
PASS | DMEM Read Disabled -> 0x0
PASS | IMEM Read -> 0x1c4c
PASS | DMEM Read -> 0x1ed6
PASS | IMEM Read -> 0xcb2c
PASS | DMEM Read Disabled -> 0x0
PASS | IMEM Read -> 0x4c71
PASS | DMEM Read -> 0x385f
PASS | IMEM Read -> 0x4d4f
PASS | DMEM Read Disabled -> 0x0
PASS | IMEM Read -> 0x173e
PASS | DMEM Read Disabled -> 0x0
PASS | IMEM Read -> 0x4156
PASS | DMEM Read -> 0xef13
PASS | IMEM Read -> 0x8341
PASS | DMEM Read -> 0xc40d
PASS | IMEM Read -> 0x1ec1
PASS | DMEM Read Disabled -> 0x0
PASS | IMEM Read -> 0xa09d
PASS | DMEM Read -> 0x78a6
PASS | IMEM Read -> 0x9278
PASS | DMEM Read Disabled -> 0x0
PASS | IMEM Read -> 0x31ce
PASS | DMEM Read Disabled -> 0x0
PASS | IMEM Read -> 0xe969
PASS | DMEM Read Disabled -> 0x0
PASS | IMEM Read -> 0x1bba
PASS | DMEM Read Disabled -> 0x0
PASS | IMEM Read -> 0x7774
PASS | DMEM Read Disabled -> 0x0
PASS | IMEM Read -> 0xb815
PASS | DMEM Read -> 0x3159
PASS | IMEM Read -> 0xc1c3
PASS | DMEM Read Disabled -> 0x0
PASS | IMEM Read -> 0x568c
PASS | DMEM Read Disabled -> 0x0
PASS | IMEM Read -> 0xcc49
PASS | DMEM Read Disabled -> 0x0
PASS | IMEM Read -> 0x3c68
PASS | DMEM Read -> 0x3738
PASS | IMEM Read -> 0x5a4a
PASS | DMEM Read -> 0x1549
PASS | IMEM Read -> 0xfbe2
PASS | DMEM Read Disabled -> 0x0
PASS | IMEM Read -> 0x5a76
PASS | DMEM Read -> 0xa04b
PASS | IMEM Read -> 0x2b2c
PASS | DMEM Read Disabled -> 0x0
PASS | IMEM Read -> 0x64d
PASS | DMEM Read -> 0x4627
PASS | IMEM Read -> 0x2a3a
PASS | DMEM Read Disabled -> 0x0
PASS | IMEM Read -> 0x292
PASS | DMEM Read Disabled -> 0x0
PASS | IMEM Read -> 0x4499
PASS | DMEM Read -> 0x6ee6
PASS | IMEM Read -> 0x8341
PASS | DMEM Read -> 0xa7c7
PASS | IMEM Read -> 0xe624
PASS | DMEM Read -> 0x4299
PASS | IMEM Read -> 0xe842
PASS | DMEM Read Disabled -> 0x0
PASS | IMEM Read -> 0xb746
PASS | DMEM Read Disabled -> 0x0
PASS | IMEM Read -> 0x5b80
PASS | DMEM Read Disabled -> 0x0
PASS | IMEM Read -> 0x9c8c
PASS | DMEM Read -> 0x4627
PASS | IMEM Read -> 0x438b
PASS | DMEM Read Disabled -> 0x0
PASS | IMEM Read -> 0x2515
PASS | DMEM Read -> 0xb92c
PASS | IMEM Read -> 0x2f16
PASS | DMEM Read -> 0xd1fc
PASS | IMEM Read -> 0x12b3
PASS | DMEM Read -> 0x1889
PASS | IMEM Read -> 0x901a
PASS | DMEM Read Disabled -> 0x0
PASS | IMEM Read -> 0x4e73
PASS | DMEM Read Disabled -> 0x0
PASS | IMEM Read -> 0x91b
PASS | DMEM Read -> 0x458f
PASS | IMEM Read -> 0x4601
PASS | DMEM Read Disabled -> 0x0
PASS | IMEM Read -> 0x1c45
PASS | DMEM Read -> 0x4401
PASS | IMEM Read -> 0xc47
PASS | DMEM Read Disabled -> 0x0
PASS | IMEM Read -> 0xa55c
PASS | DMEM Read Disabled -> 0x0
PASS | IMEM Read -> 0x9547
PASS | DMEM Read Disabled -> 0x0
PASS | IMEM Read -> 0xe338
PASS | DMEM Read -> 0xd115
PASS | IMEM Read -> 0x31ce
PASS | DMEM Read Disabled -> 0x0
PASS | IMEM Read -> 0x57f6
PASS | DMEM Read Disabled -> 0x0
PASS | IMEM Read -> 0xebf8
PASS | DMEM Read Disabled -> 0x0
PASS | IMEM Read -> 0xcd6c
PASS | DMEM Read -> 0xb61c
PASS | IMEM Read -> 0x2b2c
PASS | DMEM Read -> 0x38a1
PASS | IMEM Read -> 0xffea
PASS | DMEM Read Disabled -> 0x0
PASS | IMEM Read -> 0x2c36
PASS | DMEM Read Disabled -> 0x0
PASS | IMEM Read -> 0xf810
PASS | DMEM Read Disabled -> 0x0
PASS | IMEM Read -> 0xa738
PASS | DMEM Read Disabled -> 0x0
PASS | IMEM Read -> 0xa5fc
PASS | DMEM Read Disabled -> 0x0
PASS | IMEM Read -> 0x1b56
PASS | DMEM Read Disabled -> 0x0
PASS | IMEM Read -> 0xcbf1
PASS | DMEM Read -> 0x975
PASS | IMEM Read -> 0xa262
PASS | DMEM Read -> 0x6de6
PASS | IMEM Read -> 0x1a67
PASS | DMEM Read Disabled -> 0x0
PASS | IMEM Read -> 0xe79
PASS | DMEM Read Disabled -> 0x0
PASS | IMEM Read -> 0x91f7
PASS | DMEM Read Disabled -> 0x0
PASS | IMEM Read -> 0x1ec1
PASS | DMEM Read Disabled -> 0x0
PASS | IMEM Read -> 0x8a2b
PASS | DMEM Read Disabled -> 0x0
PASS | IMEM Read -> 0x25f6
PASS | DMEM Read -> 0xd872
PASS | IMEM Read -> 0x245d
PASS | DMEM Read -> 0xf16f
PASS | IMEM Read -> 0x3c68
PASS | DMEM Read Disabled -> 0x0
PASS | IMEM Read -> 0x723d
PASS | DMEM Read -> 0x6596
PASS | IMEM Read -> 0xb1b8
PASS | DMEM Read Disabled -> 0x0
PASS | IMEM Read -> 0x9c8c
PASS | DMEM Read Disabled -> 0x0
PASS | IMEM Read -> 0x64d
PASS | DMEM Read -> 0x7446
PASS | IMEM Read -> 0xe89
PASS | DMEM Read -> 0x1e60
PASS | IMEM Read -> 0xb43f
PASS | DMEM Read Disabled -> 0x0
PASS | IMEM Read -> 0x5d6d
PASS | DMEM Read Disabled -> 0x0
PASS | IMEM Read -> 0xe79
PASS | DMEM Read Disabled -> 0x0
PASS | IMEM Read -> 0xc1c3
PASS | DMEM Read -> 0xd0e
PASS | IMEM Read -> 0x808f
PASS | DMEM Read Disabled -> 0x0
PASS | IMEM Read -> 0xb8f2
PASS | DMEM Read Disabled -> 0x0
PASS | IMEM Read -> 0x245d
PASS | DMEM Read Disabled -> 0x0
PASS | IMEM Read -> 0x39d1
PASS | DMEM Read Disabled -> 0x0
PASS | IMEM Read -> 0x1c45
PASS | DMEM Read Disabled -> 0x0
PASS | IMEM Read -> 0x4f2e
PASS | DMEM Read -> 0x7451
PASS | IMEM Read -> 0x390f
PASS | DMEM Read Disabled -> 0x0
PASS | IMEM Read -> 0x9278
PASS | DMEM Read -> 0xf30d
PASS | IMEM Read -> 0xce65
PASS | DMEM Read Disabled -> 0x0
PASS | IMEM Read -> 0xf774
PASS | DMEM Read Disabled -> 0x0
PASS | IMEM Read -> 0xb746
PASS | DMEM Read -> 0x8e68
PASS | IMEM Read -> 0x5e7c
PASS | DMEM Read Disabled -> 0x0
PASS | IMEM Read -> 0xf33
PASS | DMEM Read -> 0x5f94
PASS | IMEM Read -> 0xc6ec
PASS | DMEM Read -> 0x1ed6
PASS | IMEM Read -> 0xb8f2
PASS | DMEM Read Disabled -> 0x0
PASS | IMEM Read -> 0xd8a8
PASS | DMEM Read -> 0x2d40
PASS | IMEM Read -> 0x5d47
PASS | DMEM Read Disabled -> 0x0
PASS | IMEM Read -> 0x5a4a
PASS | DMEM Read -> 0x887c
PASS | IMEM Read -> 0x2b1c
PASS | DMEM Read Disabled -> 0x0
PASS | IMEM Read -> 0x2f16
PASS | DMEM Read Disabled -> 0x0
PASS | IMEM Read -> 0x4c71
PASS | DMEM Read Disabled -> 0x0
PASS | IMEM Read -> 0xfd1
PASS | DMEM Read Disabled -> 0x0
PASS | IMEM Read -> 0x5f21
PASS | DMEM Read Disabled -> 0x0
PASS | IMEM Read -> 0x5e7c
PASS | DMEM Read -> 0xee9e
PASS | IMEM Read -> 0xfa76
PASS | DMEM Read -> 0x45c4
PASS | IMEM Read -> 0xd47c
PASS | DMEM Read Disabled -> 0x0
PASS | IMEM Read -> 0x5b80
PASS | DMEM Read -> 0x663c
PASS | IMEM Read -> 0x1913
PASS | DMEM Read -> 0x4627
PASS | IMEM Read -> 0x39d1
PASS | DMEM Read Disabled -> 0x0
PASS | IMEM Read -> 0x438b
PASS | DMEM Read -> 0x7635
PASS | IMEM Read -> 0xbe50
PASS | DMEM Read -> 0x507
PASS | IMEM Read -> 0x5bfc
PASS | DMEM Read Disabled -> 0x0
PASS | IMEM Read -> 0xb8f2
PASS | DMEM Read Disabled -> 0x0
PASS | IMEM Read -> 0xe338
PASS | DMEM Read -> 0xc682
PASS | IMEM Read -> 0x2566
PASS | DMEM Read Disabled -> 0x0
PASS | IMEM Read -> 0xd321
PASS | DMEM Read Disabled -> 0x0
PASS | IMEM Read -> 0xd321
PASS | DMEM Read Disabled -> 0x0
PASS | IMEM Read -> 0xcbf1
PASS | DMEM Read -> 0x3a6a
PASS | IMEM Read -> 0x2b2c
PASS | DMEM Read Disabled -> 0x0
PASS | IMEM Read -> 0xf810
PASS | DMEM Read Disabled -> 0x0
PASS | IMEM Read -> 0x9278
PASS | DMEM Read Disabled -> 0x0
PASS | IMEM Read -> 0xbacc
PASS | DMEM Read Disabled -> 0x0
PASS | IMEM Read -> 0x57f6
PASS | DMEM Read -> 0x4299
PASS | IMEM Read -> 0x2e45
PASS | DMEM Read -> 0x9ca6
PASS | IMEM Read -> 0xf810
PASS | DMEM Read Disabled -> 0x0
PASS | IMEM Read -> 0x9278
PASS | DMEM Read Disabled -> 0x0
PASS | IMEM Read -> 0xbf0f
PASS | DMEM Read Disabled -> 0x0
PASS | IMEM Read -> 0x59f3
PASS | DMEM Read -> 0x8072
PASS | IMEM Read -> 0xca4e
PASS | DMEM Read -> 0xdd78
PASS | IMEM Read -> 0x42d4
PASS | DMEM Read -> 0x3a6a
PASS | IMEM Read -> 0x5f21
PASS | DMEM Read Disabled -> 0x0
PASS | IMEM Read -> 0xe441
PASS | DMEM Read Disabled -> 0x0
PASS | IMEM Read -> 0x4391
PASS | DMEM Read Disabled -> 0x0
PASS | IMEM Read -> 0xa323
PASS | DMEM Read Disabled -> 0x0
PASS | IMEM Read -> 0x374a
PASS | DMEM Read -> 0x4968
PASS | IMEM Read -> 0xfa76
PASS | DMEM Read -> 0x7d9f
PASS | IMEM Read -> 0x9d
PASS | DMEM Read Disabled -> 0x0
PASS | IMEM Read -> 0xe842
PASS | DMEM Read Disabled -> 0x0
PASS | IMEM Read -> 0xe624
PASS | DMEM Read Disabled -> 0x0
PASS | IMEM Read -> 0x94e5
PASS | DMEM Read -> 0x8072
PASS | IMEM Read -> 0xb8f2
PASS | DMEM Read -> 0xa244
PASS | IMEM Read -> 0xfab
PASS | DMEM Read -> 0x8bb4
PASS | IMEM Read -> 0x96be
PASS | DMEM Read Disabled -> 0x0
PASS | IMEM Read -> 0x273a
PASS | DMEM Read -> 0xb00
PASS | IMEM Read -> 0x60db
PASS | DMEM Read Disabled -> 0x0
PASS | IMEM Read -> 0x636c
PASS | DMEM Read -> 0xf598
PASS | IMEM Read -> 0x4fc8
PASS | DMEM Read Disabled -> 0x0
PASS | IMEM Read -> 0x2e70
PASS | DMEM Read -> 0xdd78
PASS | IMEM Read -> 0x1924
PASS | DMEM Read Disabled -> 0x0
PASS | IMEM Read -> 0xb8f2
PASS | DMEM Read Disabled -> 0x0
PASS | IMEM Read -> 0x4d4f
PASS | DMEM Read Disabled -> 0x0
PASS | IMEM Read -> 0xc40a
PASS | DMEM Read Disabled -> 0x0
PASS | IMEM Read -> 0xfd2f
PASS | DMEM Read Disabled -> 0x0
PASS | IMEM Read -> 0x2515
PASS | DMEM Read Disabled -> 0x0
PASS | IMEM Read -> 0x2bca
PASS | DMEM Read Disabled -> 0x0
PASS | IMEM Read -> 0x5160
PASS | DMEM Read Disabled -> 0x0
PASS | IMEM Read -> 0x7f3d
PASS | DMEM Read -> 0x9b62
PASS | IMEM Read -> 0x1b56
PASS | DMEM Read -> 0x6fb2
PASS | IMEM Read -> 0x5b80
PASS | DMEM Read Disabled -> 0x0
PASS | IMEM Read -> 0xe213
PASS | DMEM Read Disabled -> 0x0
PASS | IMEM Read -> 0x66bc
PASS | DMEM Read -> 0x4d2
PASS | IMEM Read -> 0x100c
PASS | DMEM Read Disabled -> 0x0
PASS | IMEM Read -> 0x6c02
PASS | DMEM Read Disabled -> 0x0
PASS | IMEM Read -> 0xe469
PASS | DMEM Read Disabled -> 0x0
PASS | IMEM Read -> 0xb815
PASS | DMEM Read Disabled -> 0x0
PASS | IMEM Read -> 0xe853
PASS | DMEM Read Disabled -> 0x0
PASS | IMEM Read -> 0x97ed
PASS | DMEM Read Disabled -> 0x0
PASS | IMEM Read -> 0xc5b9
PASS | DMEM Read Disabled -> 0x0
PASS | IMEM Read -> 0xa738
PASS | DMEM Read Disabled -> 0x0
PASS | IMEM Read -> 0xf810
PASS | DMEM Read -> 0x7451
PASS | IMEM Read -> 0x12b3
PASS | DMEM Read Disabled -> 0x0
PASS | IMEM Read -> 0xb097
PASS | DMEM Read -> 0x5748
PASS | IMEM Read -> 0xc5b9
PASS | DMEM Read Disabled -> 0x0
PASS | IMEM Read -> 0x63f9
PASS | DMEM Read Disabled -> 0x0
PASS | IMEM Read -> 0xc5
PASS | DMEM Read -> 0x2934
PASS | IMEM Read -> 0x25f6
PASS | DMEM Read -> 0xfe9d
PASS | IMEM Read -> 0xd47c
PASS | DMEM Read Disabled -> 0x0
PASS | IMEM Read -> 0xdf0f
PASS | DMEM Read Disabled -> 0x0
PASS | IMEM Read -> 0x242
PASS | DMEM Read Disabled -> 0x0
PASS | IMEM Read -> 0xcebf
PASS | DMEM Read -> 0xb96
PASS | IMEM Read -> 0x1c45
PASS | DMEM Read -> 0x1b73
PASS | IMEM Read -> 0xdf0f
PASS | DMEM Read Disabled -> 0x0
PASS | IMEM Read -> 0x7cbc
PASS | DMEM Read Disabled -> 0x0
PASS | IMEM Read -> 0xd70
PASS | DMEM Read -> 0x735e
PASS | IMEM Read -> 0x60db
PASS | DMEM Read -> 0xb96
PASS | IMEM Read -> 0xb1b8
PASS | DMEM Read Disabled -> 0x0
PASS | IMEM Read -> 0xcbf1
PASS | DMEM Read -> 0x6de6
PASS | IMEM Read -> 0x7fb1
PASS | DMEM Read -> 0xd1d6
PASS | IMEM Read -> 0xad9
PASS | DMEM Read -> 0xe6ca
PASS | IMEM Read -> 0x808f
PASS | DMEM Read Disabled -> 0x0
PASS | IMEM Read -> 0xa191
PASS | DMEM Read -> 0x49c7
PASS | IMEM Read -> 0x61cd
PASS | DMEM Read Disabled -> 0x0
PASS | IMEM Read -> 0x5e7c
PASS | DMEM Read Disabled -> 0x0
PASS | IMEM Read -> 0xb32f
PASS | DMEM Read Disabled -> 0x0
PASS | IMEM Read -> 0x79f7
PASS | DMEM Read -> 0x2cdf
PASS | IMEM Read -> 0x5d0c
PASS | DMEM Read -> 0xca83
PASS | IMEM Read -> 0x80ed
PASS | DMEM Read Disabled -> 0x0
PASS | IMEM Read -> 0x9007
PASS | DMEM Read Disabled -> 0x0
PASS | IMEM Read -> 0xe441
PASS | DMEM Read Disabled -> 0x0
PASS | IMEM Read -> 0x34bb
PASS | DMEM Read -> 0xbd16
PASS | IMEM Read -> 0xf023
PASS | DMEM Read Disabled -> 0x0
PASS | IMEM Read -> 0x6da5
PASS | DMEM Read Disabled -> 0x0
PASS | IMEM Read -> 0x568c
PASS | DMEM Read Disabled -> 0x0
PASS | IMEM Read -> 0x1ec1
PASS | DMEM Read Disabled -> 0x0
PASS | IMEM Read -> 0x4499
PASS | DMEM Read Disabled -> 0x0
PASS | IMEM Read -> 0xa262
PASS | DMEM Read -> 0xdc18
PASS | IMEM Read -> 0xf810
PASS | DMEM Read Disabled -> 0x0
PASS | IMEM Read -> 0x1ec1
PASS | DMEM Read Disabled -> 0x0
PASS | IMEM Read -> 0x2b2c
PASS | DMEM Read Disabled -> 0x0
PASS | IMEM Read -> 0xce65
PASS | DMEM Read Disabled -> 0x0
PASS | IMEM Read -> 0xf98d
PASS | DMEM Read -> 0xf2dc
PASS | IMEM Read -> 0x2b2c
PASS | DMEM Read Disabled -> 0x0
PASS | IMEM Read -> 0x2b2c
PASS | DMEM Read Disabled -> 0x0
PASS | IMEM Read -> 0x848c
PASS | DMEM Read -> 0x5f8a
PASS | IMEM Read -> 0x7fb1
PASS | DMEM Read -> 0xfe9d
PASS | IMEM Read -> 0x494f
PASS | DMEM Read Disabled -> 0x0
PASS | IMEM Read -> 0xc6d2
PASS | DMEM Read Disabled -> 0x0
PASS | IMEM Read -> 0x989c
PASS | DMEM Read Disabled -> 0x0
PASS | IMEM Read -> 0x3a12
PASS | DMEM Read -> 0x2947
PASS | IMEM Read -> 0x265e
PASS | DMEM Read -> 0x5f94
PASS | IMEM Read -> 0x4f2e
PASS | DMEM Read -> 0x6ee6
PASS | IMEM Read -> 0xe969
PASS | DMEM Read Disabled -> 0x0
PASS | IMEM Read -> 0x42d4
PASS | DMEM Read -> 0x62b0
PASS | IMEM Read -> 0x25f6
PASS | DMEM Read Disabled -> 0x0
PASS | IMEM Read -> 0x8341
PASS | DMEM Read -> 0x734a
PASS | IMEM Read -> 0xc1c3
PASS | DMEM Read -> 0x485
PASS | IMEM Read -> 0xa22d
PASS | DMEM Read -> 0x48c8
PASS | IMEM Read -> 0x1924
PASS | DMEM Read -> 0xc6a6
PASS | IMEM Read -> 0x7068
PASS | DMEM Read Disabled -> 0x0
PASS | IMEM Read -> 0xc5b9
PASS | DMEM Read Disabled -> 0x0
PASS | IMEM Read -> 0x66bc
PASS | DMEM Read -> 0xaf24
PASS | IMEM Read -> 0x66bc
PASS | DMEM Read Disabled -> 0x0
PASS | IMEM Read -> 0xa55c
PASS | DMEM Read Disabled -> 0x0
PASS | IMEM Read -> 0xfaf1
PASS | DMEM Read -> 0x1cf8
PASS | IMEM Read -> 0x5d47
PASS | DMEM Read Disabled -> 0x0
PASS | IMEM Read -> 0x4fc8
PASS | DMEM Read Disabled -> 0x0
PASS | IMEM Read -> 0x700e
PASS | DMEM Read Disabled -> 0x0
PASS | IMEM Read -> 0x91f7
PASS | DMEM Read Disabled -> 0x0
PASS | IMEM Read -> 0xbf0f
PASS | DMEM Read -> 0x8b45
PASS | IMEM Read -> 0x5636
PASS | DMEM Read Disabled -> 0x0
PASS | IMEM Read -> 0x2b2c
PASS | DMEM Read Disabled -> 0x0
PASS | IMEM Read -> 0xcbf1
PASS | DMEM Read -> 0xc17d
PASS | IMEM Read -> 0x1c3c
PASS | DMEM Read -> 0x4af9
PASS | IMEM Read -> 0xb746
PASS | DMEM Read Disabled -> 0x0
PASS | IMEM Read -> 0x7c6d
PASS | DMEM Read Disabled -> 0x0
PASS | IMEM Read -> 0x2cc8
PASS | DMEM Read Disabled -> 0x0
PASS | IMEM Read -> 0xcd22
PASS | DMEM Read Disabled -> 0x0
PASS | IMEM Read -> 0x1924
PASS | DMEM Read -> 0xd872
PASS | IMEM Read -> 0xca9
PASS | DMEM Read Disabled -> 0x0
PASS | IMEM Read -> 0x5d0c
PASS | DMEM Read -> 0x5098
PASS | IMEM Read -> 0x61cd
PASS | DMEM Read Disabled -> 0x0
PASS | IMEM Read -> 0xc40a
PASS | DMEM Read -> 0x51c1
PASS | IMEM Read -> 0xa11a
PASS | DMEM Read Disabled -> 0x0
PASS | IMEM Read -> 0x2566
PASS | DMEM Read Disabled -> 0x0
PASS | IMEM Read -> 0x494f
PASS | DMEM Read -> 0x4f18
PASS | IMEM Read -> 0xfab
PASS | DMEM Read -> 0x49f2
PASS | IMEM Read -> 0x9026
PASS | DMEM Read Disabled -> 0x0
PASS | IMEM Read -> 0x273a
PASS | DMEM Read Disabled -> 0x0
PASS | IMEM Read -> 0xed88
PASS | DMEM Read Disabled -> 0x0
PASS | IMEM Read -> 0x5e66
PASS | DMEM Read Disabled -> 0x0
PASS | IMEM Read -> 0x42d4
PASS | DMEM Read Disabled -> 0x0
PASS | IMEM Read -> 0x4f12
PASS | DMEM Read Disabled -> 0x0
PASS | IMEM Read -> 0x7a48
PASS | DMEM Read -> 0x2cdf
PASS | IMEM Read -> 0x5e66
PASS | DMEM Read Disabled -> 0x0
PASS | IMEM Read -> 0x438b
PASS | DMEM Read -> 0x8fb2
PASS | IMEM Read -> 0xd47c
PASS | DMEM Read Disabled -> 0x0
PASS | IMEM Read -> 0x5bfc
PASS | DMEM Read Disabled -> 0x0
PASS | IMEM Read -> 0x8e1f
PASS | DMEM Read Disabled -> 0x0
PASS | IMEM Read -> 0x3d3
PASS | DMEM Read Disabled -> 0x0
PASS | IMEM Read -> 0x57aa
PASS | DMEM Read Disabled -> 0x0
PASS | IMEM Read -> 0x4d4f
PASS | DMEM Read Disabled -> 0x0
PASS | IMEM Read -> 0x5d47
PASS | DMEM Read Disabled -> 0x0
PASS | IMEM Read -> 0x848c
PASS | DMEM Read -> 0x1b73
PASS | IMEM Read -> 0x77a7
PASS | DMEM Read Disabled -> 0x0
PASS | IMEM Read -> 0x9bfb
PASS | DMEM Read -> 0x625a
PASS | IMEM Read -> 0xa262
PASS | DMEM Read Disabled -> 0x0
PASS | IMEM Read -> 0x3e2
PASS | DMEM Read Disabled -> 0x0
PASS | IMEM Read -> 0x477c
PASS | DMEM Read -> 0x6688
PASS | IMEM Read -> 0x494f
PASS | DMEM Read Disabled -> 0x0
PASS | IMEM Read -> 0x4e73
PASS | DMEM Read Disabled -> 0x0
PASS | IMEM Read -> 0x2b1c
PASS | DMEM Read Disabled -> 0x0
PASS | IMEM Read -> 0xb815
PASS | DMEM Read Disabled -> 0x0
PASS | IMEM Read -> 0x7068
PASS | DMEM Read Disabled -> 0x0
PASS | IMEM Read -> 0x2abe
PASS | DMEM Read -> 0xb2f2
PASS | IMEM Read -> 0x1b56
PASS | DMEM Read Disabled -> 0x0
PASS | IMEM Read -> 0x2abe
PASS | DMEM Read Disabled -> 0x0
PASS | IMEM Read -> 0x386b
PASS | DMEM Read Disabled -> 0x0
PASS | IMEM Read -> 0x901a
PASS | DMEM Read Disabled -> 0x0
PASS | IMEM Read -> 0xcbf1
PASS | DMEM Read Disabled -> 0x0
PASS | IMEM Read -> 0x4340
PASS | DMEM Read Disabled -> 0x0
PASS | IMEM Read -> 0xc47
PASS | DMEM Read Disabled -> 0x0
PASS | IMEM Read -> 0xdca6
PASS | DMEM Read Disabled -> 0x0
PASS | IMEM Read -> 0x3e2
PASS | DMEM Read Disabled -> 0x0
PASS | IMEM Read -> 0x66bc
PASS | DMEM Read Disabled -> 0x0
PASS | IMEM Read -> 0xed88
PASS | DMEM Read Disabled -> 0x0
PASS | IMEM Read -> 0x91b
PASS | DMEM Read -> 0x6fb2
PASS | IMEM Read -> 0xdf5b
PASS | DMEM Read Disabled -> 0x0
PASS | IMEM Read -> 0x5a0a
PASS | DMEM Read Disabled -> 0x0
PASS | IMEM Read -> 0x636c
PASS | DMEM Read -> 0x5e30
PASS | IMEM Read -> 0x4daf
PASS | DMEM Read -> 0x55d0
PASS | IMEM Read -> 0x568c
PASS | DMEM Read -> 0xe10
PASS | IMEM Read -> 0x9547
PASS | DMEM Read -> 0x19cb
PASS | IMEM Read -> 0x2a3a
PASS | DMEM Read Disabled -> 0x0
PASS | IMEM Read -> 0x852a
PASS | DMEM Read Disabled -> 0x0
PASS | IMEM Read -> 0x390f
PASS | DMEM Read Disabled -> 0x0
PASS | IMEM Read -> 0x6126
PASS | DMEM Read Disabled -> 0x0
PASS | IMEM Read -> 0x6d
PASS | DMEM Read -> 0xcf56
PASS | IMEM Read -> 0x915b
PASS | DMEM Read Disabled -> 0x0
PASS | IMEM Read -> 0xce65
PASS | DMEM Read -> 0x8fb2
PASS | IMEM Read -> 0xc6ec
PASS | DMEM Read -> 0x69b9
PASS | IMEM Read -> 0xcebf
PASS | DMEM Read Disabled -> 0x0
PASS | IMEM Read -> 0x96ec
PASS | DMEM Read -> 0x9ff9
PASS | IMEM Read -> 0x2515
PASS | DMEM Read -> 0x6ee6
PASS | IMEM Read -> 0x8a2b
PASS | DMEM Read -> 0x6688
PASS | IMEM Read -> 0x173e
PASS | DMEM Read -> 0x5f06
PASS | IMEM Read -> 0xc40a
PASS | DMEM Read Disabled -> 0x0
PASS | IMEM Read -> 0x2ea6
PASS | DMEM Read -> 0xaf13
PASS | IMEM Read -> 0x12b3
PASS | DMEM Read -> 0x5f50
PASS | IMEM Read -> 0x2b2c
PASS | DMEM Read -> 0x9fad
PASS | IMEM Read -> 0x42ee
PASS | DMEM Read -> 0x5f06
PASS | IMEM Read -> 0xf33
PASS | DMEM Read -> 0x5f50
PASS | IMEM Read -> 0x100c
PASS | DMEM Read -> 0x50c9
PASS | IMEM Read -> 0x24b8
PASS | DMEM Read -> 0x91f8
PASS | IMEM Read -> 0x61cd
PASS | DMEM Read -> 0x788f
PASS | IMEM Read -> 0xcd6c
PASS | DMEM Read -> 0x7344
PASS | IMEM Read -> 0xd40c
PASS | DMEM Read -> 0x1d1e
PASS | IMEM Read -> 0xffea
PASS | DMEM Read Disabled -> 0x0
PASS | IMEM Read -> 0x38bf
PASS | DMEM Read -> 0xf598
PASS | IMEM Read -> 0x808f
PASS | DMEM Read -> 0xbd16
PASS | IMEM Read -> 0x3c68
PASS | DMEM Read Disabled -> 0x0
PASS | IMEM Read -> 0x6d
PASS | DMEM Read Disabled -> 0x0
PASS | IMEM Read -> 0xc606
PASS | DMEM Read Disabled -> 0x0
PASS | IMEM Read -> 0xe441
PASS | DMEM Read -> 0x9ff9
PASS | IMEM Read -> 0x8a2b
PASS | DMEM Read Disabled -> 0x0
PASS | IMEM Read -> 0xb43f
PASS | DMEM Read Disabled -> 0x0
PASS | IMEM Read -> 0xe96d
PASS | DMEM Read -> 0x57a9
PASS | IMEM Read -> 0xe213
PASS | DMEM Read -> 0xbad7
PASS | IMEM Read -> 0x2c36
PASS | DMEM Read Disabled -> 0x0
PASS | IMEM Read -> 0x438b
PASS | DMEM Read Disabled -> 0x0
PASS | IMEM Read -> 0xabcd
PASS | DMEM Read -> 0xde
PASS | IMEM Read -> 0x18b7
PASS | DMEM Read -> 0x7344
PASS | IMEM Read -> 0x31ce
PASS | DMEM Read Disabled -> 0x0
PASS | IMEM Read -> 0x651d
PASS | DMEM Read -> 0xa725
PASS | IMEM Read -> 0xf8b3
PASS | DMEM Read -> 0xb96
PASS | IMEM Read -> 0x5f21
PASS | DMEM Read Disabled -> 0x0
PASS | IMEM Read -> 0x3e2
PASS | DMEM Read -> 0x519d
PASS | IMEM Read -> 0xe853
PASS | DMEM Read Disabled -> 0x0
PASS | IMEM Read -> 0x6c02
PASS | DMEM Read Disabled -> 0x0
PASS | IMEM Read -> 0x77a7
PASS | DMEM Read Disabled -> 0x0
PASS | IMEM Read -> 0x2885
PASS | DMEM Read Disabled -> 0x0
PASS | IMEM Read -> 0x24b8
PASS | DMEM Read Disabled -> 0x0
PASS | IMEM Read -> 0x6da5
PASS | DMEM Read -> 0x1d1e
PASS | IMEM Read -> 0x7a48
PASS | DMEM Read Disabled -> 0x0
PASS | IMEM Read -> 0xdd2b
PASS | DMEM Read Disabled -> 0x0
PASS | IMEM Read -> 0x245d
PASS | DMEM Read Disabled -> 0x0
PASS | IMEM Read -> 0x901a
PASS | DMEM Read -> 0x4968
PASS | IMEM Read -> 0x808f
PASS | DMEM Read Disabled -> 0x0
PASS | IMEM Read -> 0x808f
PASS | DMEM Read -> 0xf516
PASS | IMEM Read -> 0x8e3
PASS | DMEM Read -> 0xc63e
PASS | IMEM Read -> 0x2566
PASS | DMEM Read Disabled -> 0x0
PASS | IMEM Read -> 0xe89
PASS | DMEM Read Disabled -> 0x0
PASS | IMEM Read -> 0x2abe
PASS | DMEM Read -> 0xea17
PASS | IMEM Read -> 0x18b7
PASS | DMEM Read -> 0x3cd6
PASS | IMEM Read -> 0x96ec
PASS | DMEM Read -> 0xc63e
PASS | IMEM Read -> 0x2ea6
PASS | DMEM Read -> 0x982f
PASS | IMEM Read -> 0x5d47
PASS | DMEM Read Disabled -> 0x0
PASS | IMEM Read -> 0x4156
PASS | DMEM Read -> 0x1a2a
PASS | IMEM Read -> 0xe96d
PASS | DMEM Read Disabled -> 0x0
PASS | IMEM Read -> 0xcebf
PASS | DMEM Read Disabled -> 0x0
PASS | IMEM Read -> 0xcbf1
PASS | DMEM Read -> 0x62b0
PASS | IMEM Read -> 0x4391
PASS | DMEM Read -> 0x982f
PASS | IMEM Read -> 0x891
PASS | DMEM Read -> 0xc865
PASS | IMEM Read -> 0x5bfc
PASS | DMEM Read Disabled -> 0x0
PASS | IMEM Read -> 0x852a
PASS | DMEM Read Disabled -> 0x0
PASS | IMEM Read -> 0x12b3
PASS | DMEM Read -> 0xb545
PASS | IMEM Read -> 0x77a7
PASS | DMEM Read Disabled -> 0x0
PASS | IMEM Read -> 0x2abe
PASS | DMEM Read -> 0xc85d
PASS | IMEM Read -> 0x5e1a
PASS | DMEM Read Disabled -> 0x0
PASS | IMEM Read -> 0xed88
PASS | DMEM Read -> 0x9363
PASS | IMEM Read -> 0x97ed
PASS | DMEM Read Disabled -> 0x0
PASS | IMEM Read -> 0x8e3
PASS | DMEM Read Disabled -> 0x0
PASS | IMEM Read -> 0x37d
PASS | DMEM Read -> 0x91f8
PASS | IMEM Read -> 0x64d
PASS | DMEM Read Disabled -> 0x0
PASS | IMEM Read -> 0x5e1a
PASS | DMEM Read Disabled -> 0x0
PASS | IMEM Read -> 0x5b80
PASS | DMEM Read Disabled -> 0x0
PASS | IMEM Read -> 0x5e66
PASS | DMEM Read Disabled -> 0x0
PASS | IMEM Read -> 0xe853
PASS | DMEM Read Disabled -> 0x0
PASS | IMEM Read -> 0x6da5
PASS | DMEM Read Disabled -> 0x0
PASS | IMEM Read -> 0x433a
PASS | DMEM Read Disabled -> 0x0
PASS | IMEM Read -> 0x433a
PASS | DMEM Read Disabled -> 0x0
PASS | IMEM Read -> 0x96be
PASS | DMEM Read Disabled -> 0x0
PASS | IMEM Read -> 0xa54c
PASS | DMEM Read -> 0xa725
PASS | IMEM Read -> 0xa11a
PASS | DMEM Read Disabled -> 0x0
PASS | IMEM Read -> 0xe96d
PASS | DMEM Read Disabled -> 0x0
PASS | IMEM Read -> 0x2c36
PASS | DMEM Read -> 0xf598
PASS | IMEM Read -> 0xdab4
PASS | DMEM Read Disabled -> 0x0
PASS | IMEM Read -> 0xe469
PASS | DMEM Read Disabled -> 0x0
PASS | IMEM Read -> 0x91f7
PASS | DMEM Read Disabled -> 0x0
PASS | IMEM Read -> 0xad9
PASS | DMEM Read -> 0xf34b
PASS | IMEM Read -> 0xebf8
PASS | DMEM Read Disabled -> 0x0
PASS | IMEM Read -> 0x8e1f
PASS | DMEM Read Disabled -> 0x0
PASS | IMEM Read -> 0xfd2f
PASS | DMEM Read Disabled -> 0x0
PASS | IMEM Read -> 0x9547
PASS | DMEM Read -> 0x93f1
PASS | IMEM Read -> 0xd40c
PASS | DMEM Read -> 0x17df
PASS | IMEM Read -> 0xb097
PASS | DMEM Read Disabled -> 0x0
PASS | IMEM Read -> 0x9547
PASS | DMEM Read Disabled -> 0x0
PASS | IMEM Read -> 0xc6d2
PASS | DMEM Read -> 0x86ce
PASS | IMEM Read -> 0xc440
PASS | DMEM Read -> 0xd657
PASS | IMEM Read -> 0x4f12
PASS | DMEM Read -> 0x69b9
PASS | IMEM Read -> 0x60db
PASS | DMEM Read Disabled -> 0x0
PASS | IMEM Read -> 0x2ae3
PASS | DMEM Read Disabled -> 0x0
PASS | IMEM Read -> 0x901a
PASS | DMEM Read Disabled -> 0x0
PASS | IMEM Read -> 0x8a2b
PASS | DMEM Read Disabled -> 0x0
PASS | IMEM Read -> 0x3d3
PASS | DMEM Read Disabled -> 0x0
PASS | IMEM Read -> 0xbe18
PASS | DMEM Read Disabled -> 0x0
PASS | IMEM Read -> 0x525b
PASS | DMEM Read -> 0x8eab
PASS | IMEM Read -> 0x989c
PASS | DMEM Read -> 0xe523
PASS | IMEM Read -> 0x4794
PASS | DMEM Read Disabled -> 0x0
PASS | IMEM Read -> 0xa54c
PASS | DMEM Read -> 0x296f
PASS | IMEM Read -> 0x390f
PASS | DMEM Read -> 0x734a
PASS | IMEM Read -> 0x61cd
PASS | DMEM Read Disabled -> 0x0
PASS | IMEM Read -> 0xe79
PASS | DMEM Read Disabled -> 0x0
PASS | IMEM Read -> 0x60db
PASS | DMEM Read Disabled -> 0x0
PASS | IMEM Read -> 0x4391
PASS | DMEM Read -> 0x6ee6
PASS | IMEM Read -> 0x96ec
PASS | DMEM Read -> 0xe10
PASS | IMEM Read -> 0x292
PASS | DMEM Read Disabled -> 0x0
PASS | IMEM Read -> 0xdca6
PASS | DMEM Read Disabled -> 0x0
PASS | IMEM Read -> 0x33fd
PASS | DMEM Read Disabled -> 0x0
PASS | IMEM Read -> 0x3c68
PASS | DMEM Read Disabled -> 0x0
PASS | IMEM Read -> 0xc0a0
PASS | DMEM Read -> 0xaad5
PASS | IMEM Read -> 0xca4e
PASS | DMEM Read -> 0xad88
PASS | IMEM Read -> 0x723d
PASS | DMEM Read -> 0xc6a6
PASS | IMEM Read -> 0xe441
PASS | DMEM Read -> 0x6de6
PASS | IMEM Read -> 0x2b1c
PASS | DMEM Read -> 0xecf7
PASS | IMEM Read -> 0x31ce
PASS | DMEM Read Disabled -> 0x0
PASS | IMEM Read -> 0x8b9a
PASS | DMEM Read Disabled -> 0x0
PASS | IMEM Read -> 0xc40a
PASS | DMEM Read Disabled -> 0x0
PASS | IMEM Read -> 0x42d4
PASS | DMEM Read -> 0x6fb2
PASS | IMEM Read -> 0x9547
PASS | DMEM Read Disabled -> 0x0
PASS | IMEM Read -> 0xe75b
PASS | DMEM Read Disabled -> 0x0
PASS | IMEM Read -> 0xf774
PASS | DMEM Read -> 0x8db7
PASS | IMEM Read -> 0xa8e8
PASS | DMEM Read Disabled -> 0x0
PASS | IMEM Read -> 0x737e
PASS | DMEM Read -> 0xcb5e
PASS | IMEM Read -> 0xdf0f
PASS | DMEM Read Disabled -> 0x0
PASS | IMEM Read -> 0x568c
PASS | DMEM Read -> 0x1e67
PASS | IMEM Read -> 0xe842
PASS | DMEM Read -> 0xf30d
PASS | IMEM Read -> 0xee77
PASS | DMEM Read Disabled -> 0x0
PASS | IMEM Read -> 0xa22d
PASS | DMEM Read Disabled -> 0x0
PASS | IMEM Read -> 0xffea
PASS | DMEM Read Disabled -> 0x0
PASS | IMEM Read -> 0x273a
PASS | DMEM Read Disabled -> 0x0
PASS | IMEM Read -> 0x9026
PASS | DMEM Read -> 0x7ff4
PASS | IMEM Read -> 0x29eb
PASS | DMEM Read Disabled -> 0x0
PASS | IMEM Read -> 0xa22d
PASS | DMEM Read -> 0xb518
PASS | IMEM Read -> 0xef4
PASS | DMEM Read Disabled -> 0x0
PASS | IMEM Read -> 0x1ec1
PASS | DMEM Read -> 0x5e30
PASS | IMEM Read -> 0x4499
PASS | DMEM Read -> 0x4013
PASS | IMEM Read -> 0xad9
PASS | DMEM Read Disabled -> 0x0
PASS | IMEM Read -> 0x2e45
PASS | DMEM Read -> 0xdd78
PASS | IMEM Read -> 0x3c68
PASS | DMEM Read Disabled -> 0x0
PASS | IMEM Read -> 0x7fb1
PASS | DMEM Read -> 0x91f8
PASS | IMEM Read -> 0xe75b
PASS | DMEM Read Disabled -> 0x0
PASS | IMEM Read -> 0xe969
PASS | DMEM Read Disabled -> 0x0
PASS | IMEM Read -> 0xc5
PASS | DMEM Read -> 0x52ee
PASS | IMEM Read -> 0xc0a0
PASS | DMEM Read Disabled -> 0x0
PASS | IMEM Read -> 0x173e
PASS | DMEM Read Disabled -> 0x0
PASS | IMEM Read -> 0x34bb
PASS | DMEM Read -> 0xac53
PASS | IMEM Read -> 0x9547
PASS | DMEM Read Disabled -> 0x0
PASS | IMEM Read -> 0x53f6
PASS | DMEM Read Disabled -> 0x0
PASS | IMEM Read -> 0xfd1
PASS | DMEM Read Disabled -> 0x0
PASS | IMEM Read -> 0x8e3
PASS | DMEM Read Disabled -> 0x0
PASS | IMEM Read -> 0x9537
PASS | DMEM Read -> 0x76f3
PASS | IMEM Read -> 0x96ec
PASS | DMEM Read Disabled -> 0x0
PASS | IMEM Read -> 0x5160
PASS | DMEM Read -> 0x5e30
PASS | IMEM Read -> 0x57aa
PASS | DMEM Read -> 0xbdf9
PASS | IMEM Read -> 0xd40c
PASS | DMEM Read -> 0x5381
PASS | IMEM Read -> 0x9d
PASS | DMEM Read Disabled -> 0x0
PASS | IMEM Read -> 0x8b9a
PASS | DMEM Read Disabled -> 0x0
PASS | IMEM Read -> 0xcd6c
PASS | DMEM Read Disabled -> 0x0
PASS | IMEM Read -> 0xb32f
PASS | DMEM Read -> 0x38f2
PASS | IMEM Read -> 0xbe18
PASS | DMEM Read -> 0xf85f
PASS | IMEM Read -> 0x99f
PASS | DMEM Read -> 0x6fb2
PASS | IMEM Read -> 0xffea
PASS | DMEM Read Disabled -> 0x0
PASS | IMEM Read -> 0x59f3
PASS | DMEM Read Disabled -> 0x0
PASS | IMEM Read -> 0x3e2
PASS | DMEM Read Disabled -> 0x0
PASS | IMEM Read -> 0x6d
PASS | DMEM Read -> 0x6be3
PASS | IMEM Read -> 0x37d
PASS | DMEM Read Disabled -> 0x0
PASS | IMEM Read -> 0xbe50
PASS | DMEM Read -> 0x977d
PASS | IMEM Read -> 0xbe50
PASS | DMEM Read -> 0xb088
PASS | IMEM Read -> 0xdf0f
PASS | DMEM Read -> 0x3beb
PASS | IMEM Read -> 0x5bfc
PASS | DMEM Read -> 0xbaad
PASS | IMEM Read -> 0x92a3
PASS | DMEM Read -> 0x36d1
PASS | IMEM Read -> 0x2abe
PASS | DMEM Read Disabled -> 0x0
PASS | IMEM Read -> 0xe469
PASS | DMEM Read Disabled -> 0x0
PASS | IMEM Read -> 0xd70
PASS | DMEM Read Disabled -> 0x0
PASS | IMEM Read -> 0x66bc
PASS | DMEM Read Disabled -> 0x0
PASS | IMEM Read -> 0xa22d
PASS | DMEM Read Disabled -> 0x0
PASS | IMEM Read -> 0x3e2
PASS | DMEM Read -> 0x4994
PASS | IMEM Read -> 0xcb2c
PASS | DMEM Read Disabled -> 0x0
PASS | IMEM Read -> 0x47aa
PASS | DMEM Read Disabled -> 0x0
PASS | IMEM Read -> 0xb32f
PASS | DMEM Read Disabled -> 0x0
PASS | IMEM Read -> 0x2ae3
PASS | DMEM Read Disabled -> 0x0
PASS | IMEM Read -> 0xd8a8
PASS | DMEM Read Disabled -> 0x0
PASS | IMEM Read -> 0xb69e
PASS | DMEM Read Disabled -> 0x0
PASS | IMEM Read -> 0xca4e
PASS | DMEM Read Disabled -> 0x0
PASS | IMEM Read -> 0x47aa
PASS | DMEM Read -> 0xf516
PASS | IMEM Read -> 0xdf0f
PASS | DMEM Read Disabled -> 0x0
PASS | IMEM Read -> 0x79f7
PASS | DMEM Read -> 0x1e67
PASS | IMEM Read -> 0xa8e8
PASS | DMEM Read Disabled -> 0x0
PASS | IMEM Read -> 0xca4e
PASS | DMEM Read Disabled -> 0x0
PASS | IMEM Read -> 0xb297
PASS | DMEM Read -> 0xe03b
PASS | IMEM Read -> 0xd304
PASS | DMEM Read Disabled -> 0x0
PASS | IMEM Read -> 0x47aa
PASS | DMEM Read -> 0xba50
PASS | IMEM Read -> 0x390f
PASS | DMEM Read -> 0xe10
PASS | IMEM Read -> 0x5bfc
PASS | DMEM Read Disabled -> 0x0
PASS | IMEM Read -> 0x57f6
PASS | DMEM Read Disabled -> 0x0
PASS | IMEM Read -> 0x7a48
PASS | DMEM Read Disabled -> 0x0
PASS | IMEM Read -> 0xe338
PASS | DMEM Read Disabled -> 0x0
PASS | IMEM Read -> 0x891
PASS | DMEM Read Disabled -> 0x0
PASS | IMEM Read -> 0x390f
PASS | DMEM Read Disabled -> 0x0
PASS | IMEM Read -> 0x2566
PASS | DMEM Read Disabled -> 0x0
PASS | IMEM Read -> 0x89c2
PASS | DMEM Read -> 0xcf2f
PASS | IMEM Read -> 0x438b
PASS | DMEM Read Disabled -> 0x0
PASS | IMEM Read -> 0xed88
PASS | DMEM Read Disabled -> 0x0
PASS | IMEM Read -> 0x4d4f
PASS | DMEM Read -> 0xd179
PASS | IMEM Read -> 0x335
PASS | DMEM Read Disabled -> 0x0
PASS | IMEM Read -> 0x8e1f
PASS | DMEM Read -> 0xf0d3
PASS | IMEM Read -> 0xa54c
PASS | DMEM Read -> 0x17df
PASS | IMEM Read -> 0xf98d
PASS | DMEM Read -> 0xa7f
PASS | IMEM Read -> 0x8e3
PASS | DMEM Read Disabled -> 0x0
PASS | IMEM Read -> 0x7f3d
PASS | DMEM Read -> 0x20d4
PASS | IMEM Read -> 0xfa76
PASS | DMEM Read Disabled -> 0x0
PASS | IMEM Read -> 0x25f6
PASS | DMEM Read Disabled -> 0x0
PASS | IMEM Read -> 0x651d
PASS | DMEM Read Disabled -> 0x0
PASS | IMEM Read -> 0xfaf1
PASS | DMEM Read Disabled -> 0x0
PASS | IMEM Read -> 0xf98d
PASS | DMEM Read Disabled -> 0x0
PASS | IMEM Read -> 0xa11a
PASS | DMEM Read Disabled -> 0x0
PASS | IMEM Read -> 0x5d47
PASS | DMEM Read Disabled -> 0x0
PASS | IMEM Read -> 0xcd6c
PASS | DMEM Read Disabled -> 0x0
PASS | IMEM Read -> 0x1bba
PASS | DMEM Read Disabled -> 0x0
PASS | IMEM Read -> 0xa09d
PASS | DMEM Read -> 0x9fad
PASS | IMEM Read -> 0xc5b9
PASS | DMEM Read -> 0xd17f
PASS | IMEM Read -> 0xf33
PASS | DMEM Read Disabled -> 0x0
PASS | IMEM Read -> 0x7cbc
PASS | DMEM Read Disabled -> 0x0
PASS | IMEM Read -> 0xfd1
PASS | DMEM Read Disabled -> 0x0
PASS | IMEM Read -> 0x723d
PASS | DMEM Read Disabled -> 0x0
PASS | IMEM Read -> 0x7c6d
PASS | DMEM Read Disabled -> 0x0
PASS | IMEM Read -> 0x89c2
PASS | DMEM Read -> 0x6be3
PASS | IMEM Read -> 0xf810
PASS | DMEM Read Disabled -> 0x0
PASS | IMEM Read -> 0x77a7
PASS | DMEM Read -> 0x519d
PASS | IMEM Read -> 0x2ea6
PASS | DMEM Read Disabled -> 0x0
PASS | IMEM Read -> 0x7774
PASS | DMEM Read Disabled -> 0x0
PASS | IMEM Read -> 0x3d3
PASS | DMEM Read -> 0x19a6
PASS | IMEM Read -> 0x63f9
PASS | DMEM Read -> 0xb9a4
PASS | IMEM Read -> 0x1a67
PASS | DMEM Read -> 0x3eae
PASS | IMEM Read -> 0xd70
PASS | DMEM Read -> 0x4994
PASS | IMEM Read -> 0xef4
PASS | DMEM Read Disabled -> 0x0
PASS | IMEM Read -> 0x438b
PASS | DMEM Read -> 0x3130
PASS | IMEM Read -> 0x9bfb
PASS | DMEM Read Disabled -> 0x0
PASS | IMEM Read -> 0x2e45
PASS | DMEM Read Disabled -> 0x0
PASS | IMEM Read -> 0x8341
PASS | DMEM Read Disabled -> 0x0
PASS | IMEM Read -> 0xfa76
PASS | DMEM Read Disabled -> 0x0
PASS | IMEM Read -> 0x636c
PASS | DMEM Read Disabled -> 0x0
PASS | IMEM Read -> 0x2999
PASS | DMEM Read Disabled -> 0x0
PASS | IMEM Read -> 0x1c3c
PASS | DMEM Read Disabled -> 0x0
PASS | IMEM Read -> 0xa5fc
PASS | DMEM Read -> 0xd8a9
PASS | IMEM Read -> 0x79f7
PASS | DMEM Read Disabled -> 0x0
PASS | IMEM Read -> 0xc47
PASS | DMEM Read -> 0x6ca
PASS | IMEM Read -> 0x2cc8
PASS | DMEM Read -> 0xaf13
PASS | IMEM Read -> 0x7c6d
PASS | DMEM Read Disabled -> 0x0
PASS | IMEM Read -> 0xc5
PASS | DMEM Read -> 0xea17
PASS | IMEM Read -> 0xa323
PASS | DMEM Read Disabled -> 0x0
PASS | IMEM Read -> 0xa323
PASS | DMEM Read Disabled -> 0x0
PASS | IMEM Read -> 0xa22d
PASS | DMEM Read Disabled -> 0x0
PASS | IMEM Read -> 0x77a7
PASS | DMEM Read -> 0xceb5
PASS | IMEM Read -> 0x1913
PASS | DMEM Read Disabled -> 0x0
PASS | IMEM Read -> 0x9bfb
PASS | DMEM Read Disabled -> 0x0
PASS | IMEM Read -> 0xf810
PASS | DMEM Read Disabled -> 0x0
PASS | IMEM Read -> 0xabcd
PASS | DMEM Read Disabled -> 0x0
PASS | IMEM Read -> 0xbe50
PASS | DMEM Read -> 0xf30d
PASS | IMEM Read -> 0xcebf
PASS | DMEM Read -> 0x53f4
PASS | IMEM Read -> 0x8f67
PASS | DMEM Read -> 0x6de6
PASS | IMEM Read -> 0x173e
PASS | DMEM Read -> 0xc6a6
PASS | IMEM Read -> 0x335
PASS | DMEM Read -> 0x16ed
PASS | IMEM Read -> 0xc6d2
PASS | DMEM Read -> 0xf33e
PASS | IMEM Read -> 0x9c8c
PASS | DMEM Read Disabled -> 0x0
PASS | IMEM Read -> 0x1bba
PASS | DMEM Read Disabled -> 0x0
PASS | IMEM Read -> 0x2c36
PASS | DMEM Read Disabled -> 0x0
PASS | IMEM Read -> 0xdca6
PASS | DMEM Read Disabled -> 0x0
PASS | IMEM Read -> 0xf810
PASS | DMEM Read Disabled -> 0x0
PASS | IMEM Read -> 0x25f6
PASS | DMEM Read Disabled -> 0x0
PASS | IMEM Read -> 0x7068
PASS | DMEM Read -> 0x7824
PASS | IMEM Read -> 0x5a76
PASS | DMEM Read -> 0x17df
PASS | IMEM Read -> 0xa262
PASS | DMEM Read Disabled -> 0x0
PASS | IMEM Read -> 0x477c
PASS | DMEM Read Disabled -> 0x0
PASS | IMEM Read -> 0x2b1c
PASS | DMEM Read Disabled -> 0x0
PASS | IMEM Read -> 0xf023
PASS | DMEM Read Disabled -> 0x0
PASS | IMEM Read -> 0x2f16
PASS | DMEM Read -> 0x3eae
PASS | IMEM Read -> 0x2515
PASS | DMEM Read Disabled -> 0x0
PASS | IMEM Read -> 0x2885
PASS | DMEM Read -> 0x1b73
PASS | IMEM Read -> 0xc1c3
PASS | DMEM Read -> 0xe10
PASS | IMEM Read -> 0xa738
PASS | DMEM Read Disabled -> 0x0
PASS | IMEM Read -> 0x79f7
PASS | DMEM Read -> 0xb545
PASS | IMEM Read -> 0x2abe
PASS | DMEM Read -> 0x1872
PASS | IMEM Read -> 0x848c
PASS | DMEM Read Disabled -> 0x0
PASS | IMEM Read -> 0x636c
PASS | DMEM Read Disabled -> 0x0
PASS | IMEM Read -> 0x808f
PASS | DMEM Read -> 0x746c
PASS | IMEM Read -> 0xe213
PASS | DMEM Read Disabled -> 0x0
PASS | IMEM Read -> 0x5636
PASS | DMEM Read Disabled -> 0x0
PASS | IMEM Read -> 0xc0a0
PASS | DMEM Read -> 0x4fab
PASS | IMEM Read -> 0x4f12
PASS | DMEM Read Disabled -> 0x0
PASS | IMEM Read -> 0x6126
PASS | DMEM Read Disabled -> 0x0
PASS | IMEM Read -> 0x53f6
PASS | DMEM Read Disabled -> 0x0
PASS | IMEM Read -> 0xabcd
PASS | DMEM Read Disabled -> 0x0
PASS | IMEM Read -> 0x2e70
PASS | DMEM Read -> 0x6a59
PASS | IMEM Read -> 0x7f3d
PASS | DMEM Read Disabled -> 0x0
PASS | IMEM Read -> 0x4d4f
PASS | DMEM Read Disabled -> 0x0
PASS | IMEM Read -> 0xf774
PASS | DMEM Read Disabled -> 0x0
PASS | IMEM Read -> 0x2c36
PASS | DMEM Read Disabled -> 0x0
PASS | IMEM Read -> 0x92a3
PASS | DMEM Read -> 0xc63e
PASS | IMEM Read -> 0x2e45
PASS | DMEM Read Disabled -> 0x0
PASS | IMEM Read -> 0xdab4
PASS | DMEM Read -> 0xa183
PASS | IMEM Read -> 0x4601
PASS | DMEM Read Disabled -> 0x0
PASS | IMEM Read -> 0xe96d
PASS | DMEM Read Disabled -> 0x0
PASS | IMEM Read -> 0x4391
PASS | DMEM Read Disabled -> 0x0
PASS | IMEM Read -> 0x5a76
PASS | DMEM Read -> 0x5f94
PASS | IMEM Read -> 0x852a
PASS | DMEM Read -> 0x16ed
PASS | IMEM Read -> 0x748a
PASS | DMEM Read Disabled -> 0x0
PASS | IMEM Read -> 0x9bfb
PASS | DMEM Read -> 0xb9a4
PASS | IMEM Read -> 0xdab4
PASS | DMEM Read -> 0x788f
PASS | IMEM Read -> 0xe969
PASS | DMEM Read Disabled -> 0x0
PASS | IMEM Read -> 0xc6d2
PASS | DMEM Read Disabled -> 0x0
PASS | IMEM Read -> 0x2515
PASS | DMEM Read -> 0x1639
PASS | IMEM Read -> 0x42d4
PASS | DMEM Read Disabled -> 0x0
PASS | IMEM Read -> 0x1c45
PASS | DMEM Read -> 0x4299
PASS | IMEM Read -> 0x4f12
PASS | DMEM Read Disabled -> 0x0
PASS | IMEM Read -> 0x651d
PASS | DMEM Read -> 0xc63e
PASS | IMEM Read -> 0xd40c
PASS | DMEM Read Disabled -> 0x0
PASS | IMEM Read -> 0xf774
PASS | DMEM Read -> 0x6de6
PASS | IMEM Read -> 0xb746
PASS | DMEM Read -> 0x2e2c
PASS | IMEM Read -> 0x173e
PASS | DMEM Read Disabled -> 0x0
PASS | IMEM Read -> 0x901d
PASS | DMEM Read -> 0xc6a6
PASS | IMEM Read -> 0x5a4a
PASS | DMEM Read -> 0xc40d
PASS | IMEM Read -> 0xc5b9
PASS | DMEM Read Disabled -> 0x0
PASS | IMEM Read -> 0x7c6d
PASS | DMEM Read Disabled -> 0x0
PASS | IMEM Read -> 0xa8e8
PASS | DMEM Read Disabled -> 0x0
PASS | IMEM Read -> 0x5a76
PASS | DMEM Read Disabled -> 0x0
PASS | IMEM Read -> 0xfe9d
PASS | DMEM Read Disabled -> 0x0
PASS | IMEM Read -> 0x34bb
PASS | DMEM Read Disabled -> 0x0
PASS | IMEM Read -> 0xf98d
PASS | DMEM Read Disabled -> 0x0
PASS | IMEM Read -> 0x2515
PASS | DMEM Read -> 0x4013
PASS | IMEM Read -> 0x4d4f
PASS | DMEM Read -> 0xe1ba
PASS | IMEM Read -> 0x7fb1
PASS | DMEM Read Disabled -> 0x0
PASS | IMEM Read -> 0x737e
PASS | DMEM Read -> 0xd8a9
PASS | IMEM Read -> 0x173e
PASS | DMEM Read Disabled -> 0x0
PASS | IMEM Read -> 0xf33
PASS | DMEM Read -> 0x2d40
PASS | IMEM Read -> 0x808f
PASS | DMEM Read Disabled -> 0x0
PASS | IMEM Read -> 0xc606
PASS | DMEM Read -> 0xf8e8
PASS | IMEM Read -> 0x808f
PASS | DMEM Read -> 0xb6d3
PASS | IMEM Read -> 0xe213
PASS | DMEM Read -> 0x485
PASS | IMEM Read -> 0xa323
PASS | DMEM Read -> 0x3130
PASS | IMEM Read -> 0x2cad
PASS | DMEM Read -> 0x2473
PASS | IMEM Read -> 0x5a4a
PASS | DMEM Read -> 0x2b5a
PASS | IMEM Read -> 0xa323
PASS | DMEM Read Disabled -> 0x0
PASS | IMEM Read -> 0x53f6
PASS | DMEM Read Disabled -> 0x0
PASS | IMEM Read -> 0x2c36
PASS | DMEM Read Disabled -> 0x0
PASS | IMEM Read -> 0x6da5
PASS | DMEM Read Disabled -> 0x0
PASS | IMEM Read -> 0x568c
PASS | DMEM Read Disabled -> 0x0
PASS | IMEM Read -> 0xb297
PASS | DMEM Read -> 0xe10
PASS | IMEM Read -> 0x7f3d
PASS | DMEM Read -> 0x991c
PASS | IMEM Read -> 0x891
PASS | DMEM Read Disabled -> 0x0
PASS | IMEM Read -> 0x292
PASS | DMEM Read -> 0x1872
PASS | IMEM Read -> 0x38bf
PASS | DMEM Read Disabled -> 0x0
PASS | IMEM Read -> 0x5bfc
PASS | DMEM Read -> 0x82ab
PASS | IMEM Read -> 0x25f6
PASS | DMEM Read Disabled -> 0x0
PASS | IMEM Read -> 0xc5b9
PASS | DMEM Read Disabled -> 0x0
PASS | IMEM Read -> 0x9026
PASS | DMEM Read Disabled -> 0x0
PASS | IMEM Read -> 0x4daf
PASS | DMEM Read Disabled -> 0x0
PASS | IMEM Read -> 0xdf5b
PASS | DMEM Read Disabled -> 0x0
PASS | IMEM Read -> 0xb8f2
PASS | DMEM Read -> 0xfe35
PASS | IMEM Read -> 0x25f6
PASS | DMEM Read -> 0x1950
PASS | IMEM Read -> 0xcd6c
PASS | DMEM Read -> 0x8c8f
PASS | IMEM Read -> 0x39d1
PASS | DMEM Read Disabled -> 0x0
PASS | IMEM Read -> 0xee77
PASS | DMEM Read Disabled -> 0x0
PASS | IMEM Read -> 0xc606
PASS | DMEM Read Disabled -> 0x0
PASS | IMEM Read -> 0x91b
PASS | DMEM Read Disabled -> 0x0
PASS | IMEM Read -> 0x7068
PASS | DMEM Read Disabled -> 0x0
PASS | IMEM Read -> 0x7fb1
PASS | DMEM Read Disabled -> 0x0
PASS | IMEM Read -> 0x9d
PASS | DMEM Read -> 0x2e2c
PASS | IMEM Read -> 0x4f2e
PASS | DMEM Read -> 0x6030
PASS | IMEM Read -> 0x17db
PASS | DMEM Read Disabled -> 0x0
PASS | IMEM Read -> 0x748a
PASS | DMEM Read Disabled -> 0x0
PASS | IMEM Read -> 0x2e45
PASS | DMEM Read Disabled -> 0x0
PASS | IMEM Read -> 0x6da5
PASS | DMEM Read Disabled -> 0x0
PASS | IMEM Read -> 0x8341
PASS | DMEM Read Disabled -> 0x0
PASS | IMEM Read -> 0xbb95
PASS | DMEM Read Disabled -> 0x0
PASS | IMEM Read -> 0x6e2a
PASS | DMEM Read Disabled -> 0x0
PASS | IMEM Read -> 0x2bca
PASS | DMEM Read Disabled -> 0x0
PASS | IMEM Read -> 0x3423
PASS | DMEM Read Disabled -> 0x0
PASS | IMEM Read -> 0x9d
PASS | DMEM Read -> 0xb088
PASS | IMEM Read -> 0xa09d
PASS | DMEM Read Disabled -> 0x0
PASS | IMEM Read -> 0x97ed
PASS | DMEM Read Disabled -> 0x0
PASS | IMEM Read -> 0x4fc8
PASS | DMEM Read -> 0xb2f2
PASS | IMEM Read -> 0xe75b
PASS | DMEM Read Disabled -> 0x0
PASS | IMEM Read -> 0xf98d
PASS | DMEM Read -> 0xd0e4
PASS | IMEM Read -> 0x99f
PASS | DMEM Read Disabled -> 0x0
PASS | IMEM Read -> 0x901d
PASS | DMEM Read -> 0x7243
PASS | IMEM Read -> 0x61cd
PASS | DMEM Read Disabled -> 0x0
PASS | IMEM Read -> 0x386b
PASS | DMEM Read -> 0x478a
PASS | IMEM Read -> 0x3a12
PASS | DMEM Read Disabled -> 0x0
PASS | IMEM Read -> 0x901d
PASS | DMEM Read -> 0xa725
PASS | IMEM Read -> 0xcb2c
PASS | DMEM Read Disabled -> 0x0
PASS | IMEM Read -> 0xa11a
PASS | DMEM Read Disabled -> 0x0
PASS | IMEM Read -> 0xfe9d
PASS | DMEM Read Disabled -> 0x0
PASS | IMEM Read -> 0x1c45
PASS | DMEM Read Disabled -> 0x0
PASS | IMEM Read -> 0xc40a
PASS | DMEM Read -> 0xb00
PASS | IMEM Read -> 0x3e2
PASS | DMEM Read -> 0x3ad5
PASS | IMEM Read -> 0xb43f
PASS | DMEM Read Disabled -> 0x0
PASS | IMEM Read -> 0x4daf
PASS | DMEM Read Disabled -> 0x0
PASS | IMEM Read -> 0xabcd
PASS | DMEM Read Disabled -> 0x0
PASS | IMEM Read -> 0xe969
PASS | DMEM Read Disabled -> 0x0
PASS | IMEM Read -> 0x66bc
PASS | DMEM Read Disabled -> 0x0
PASS | IMEM Read -> 0x8e3
PASS | DMEM Read Disabled -> 0x0
PASS | IMEM Read -> 0x5a76
PASS | DMEM Read Disabled -> 0x0
PASS | IMEM Read -> 0x100c
PASS | DMEM Read Disabled -> 0x0
PASS | IMEM Read -> 0x63f9
PASS | DMEM Read Disabled -> 0x0
PASS | IMEM Read -> 0x335
PASS | DMEM Read Disabled -> 0x0
PASS | IMEM Read -> 0xebf8
PASS | DMEM Read Disabled -> 0x0
PASS | IMEM Read -> 0xe338
PASS | DMEM Read -> 0xcf4a
PASS | IMEM Read -> 0x651d
PASS | DMEM Read -> 0x1e60
PASS | IMEM Read -> 0x17db
PASS | DMEM Read Disabled -> 0x0
PASS | IMEM Read -> 0xdf0f
PASS | DMEM Read Disabled -> 0x0
PASS | IMEM Read -> 0xa323
PASS | DMEM Read Disabled -> 0x0
PASS | IMEM Read -> 0xf774
PASS | DMEM Read Disabled -> 0x0
PASS | IMEM Read -> 0xebf8
PASS | DMEM Read -> 0x3ad5
PASS | IMEM Read -> 0x37d
PASS | DMEM Read -> 0x4994
PASS | IMEM Read -> 0xb43f
PASS | DMEM Read -> 0xd179
PASS | IMEM Read -> 0x7f3d
PASS | DMEM Read -> 0xc40d
PASS | IMEM Read -> 0x9ea3
PASS | DMEM Read Disabled -> 0x0
PASS | IMEM Read -> 0x39d1
PASS | DMEM Read Disabled -> 0x0
PASS | IMEM Read -> 0x1924
PASS | DMEM Read -> 0xbc49
PASS | IMEM Read -> 0x96ec
PASS | DMEM Read Disabled -> 0x0
PASS | IMEM Read -> 0x99f
PASS | DMEM Read Disabled -> 0x0
PASS | IMEM Read -> 0x37d
PASS | DMEM Read -> 0xac2f
PASS | IMEM Read -> 0xffea
PASS | DMEM Read -> 0x49c7
PASS | IMEM Read -> 0x901d
PASS | DMEM Read Disabled -> 0x0
PASS | IMEM Read -> 0xf810
PASS | DMEM Read Disabled -> 0x0
PASS | IMEM Read -> 0x96be
PASS | DMEM Read Disabled -> 0x0
PASS | IMEM Read -> 0xc6ec
PASS | DMEM Read Disabled -> 0x0
PASS | IMEM Read -> 0x242
PASS | DMEM Read Disabled -> 0x0
PASS | IMEM Read -> 0x39d1
PASS | DMEM Read Disabled -> 0x0
PASS | IMEM Read -> 0x901d
PASS | DMEM Read -> 0x8f1a
PASS | IMEM Read -> 0x4340
PASS | DMEM Read Disabled -> 0x0
PASS | IMEM Read -> 0x2ea6
PASS | DMEM Read -> 0xd71b
PASS | IMEM Read -> 0xc0a0
PASS | DMEM Read Disabled -> 0x0
PASS | IMEM Read -> 0x901a
PASS | DMEM Read -> 0x485
PASS | IMEM Read -> 0xf98d
PASS | DMEM Read -> 0x40d9
PASS | IMEM Read -> 0x65ca
PASS | DMEM Read Disabled -> 0x0
PASS | IMEM Read -> 0x42ee
PASS | DMEM Read Disabled -> 0x0
PASS | IMEM Read -> 0x34bb
PASS | DMEM Read -> 0x3010
PASS | IMEM Read -> 0x2ea6
PASS | DMEM Read -> 0x2d04
PASS | IMEM Read -> 0x374a
PASS | DMEM Read Disabled -> 0x0
PASS | IMEM Read -> 0x4340
PASS | DMEM Read Disabled -> 0x0
PASS | IMEM Read -> 0x9026
PASS | DMEM Read -> 0xfe9d
PASS | IMEM Read -> 0x3a12
PASS | DMEM Read Disabled -> 0x0
PASS | IMEM Read -> 0x1b56
PASS | DMEM Read -> 0xb518
PASS | IMEM Read -> 0x96be
PASS | DMEM Read Disabled -> 0x0
PASS | IMEM Read -> 0x37d
PASS | DMEM Read -> 0xf516
PASS | IMEM Read -> 0x748a
PASS | DMEM Read -> 0x1e60
PASS | IMEM Read -> 0x265e
PASS | DMEM Read Disabled -> 0x0
PASS | IMEM Read -> 0xe624
PASS | DMEM Read Disabled -> 0x0
PASS | IMEM Read -> 0x77a7
PASS | DMEM Read Disabled -> 0x0
PASS | IMEM Read -> 0x96be
PASS | DMEM Read -> 0x4fab
PASS | IMEM Read -> 0xf8b3
PASS | DMEM Read Disabled -> 0x0
PASS | IMEM Read -> 0x92a3
PASS | DMEM Read Disabled -> 0x0
PASS | IMEM Read -> 0xf774
PASS | DMEM Read Disabled -> 0x0
PASS | IMEM Read -> 0x77a7
PASS | DMEM Read Disabled -> 0x0
PASS | IMEM Read -> 0xabcd
PASS | DMEM Read -> 0xd1a2
PASS | IMEM Read -> 0x3e2
PASS | DMEM Read -> 0xa7f
PASS | IMEM Read -> 0x80ed
PASS | DMEM Read -> 0xc6a6
PASS | IMEM Read -> 0xa8e8
PASS | DMEM Read -> 0x7344
PASS | IMEM Read -> 0x9537
PASS | DMEM Read -> 0x837e
PASS | IMEM Read -> 0xc6d2
PASS | DMEM Read Disabled -> 0x0
PASS | IMEM Read -> 0x77a7
PASS | DMEM Read -> 0x2e2c
PASS | IMEM Read -> 0xe853
PASS | DMEM Read Disabled -> 0x0
PASS | IMEM Read -> 0x9537
PASS | DMEM Read Disabled -> 0x0
PASS | IMEM Read -> 0x8f67
PASS | DMEM Read Disabled -> 0x0
PASS | IMEM Read -> 0x7a48
PASS | DMEM Read Disabled -> 0x0
PASS | IMEM Read -> 0xe47f
PASS | DMEM Read Disabled -> 0x0
PASS | IMEM Read -> 0x77a7
PASS | DMEM Read -> 0x7d9f
PASS | IMEM Read -> 0x848c
PASS | DMEM Read Disabled -> 0x0
PASS | IMEM Read -> 0x80ed
PASS | DMEM Read Disabled -> 0x0
PASS | IMEM Read -> 0xdca6
PASS | DMEM Read -> 0x1d1e
PASS | IMEM Read -> 0x9007
PASS | DMEM Read Disabled -> 0x0
PASS | IMEM Read -> 0x60db
PASS | DMEM Read Disabled -> 0x0
PASS | IMEM Read -> 0xc5
PASS | DMEM Read Disabled -> 0x0
PASS | IMEM Read -> 0xce65
PASS | DMEM Read Disabled -> 0x0
PASS | IMEM Read -> 0x89c2
PASS | DMEM Read Disabled -> 0x0
PASS | IMEM Read -> 0xe441
PASS | DMEM Read Disabled -> 0x0
PASS | IMEM Read -> 0xf8b3
PASS | DMEM Read Disabled -> 0x0
PASS | IMEM Read -> 0x4f2e
PASS | DMEM Read -> 0xdb9d
PASS | IMEM Read -> 0xabcd
PASS | DMEM Read Disabled -> 0x0
PASS | IMEM Read -> 0xbda7
PASS | DMEM Read -> 0xba50
PASS | IMEM Read -> 0x2f16
PASS | DMEM Read -> 0x55
PASS | IMEM Read -> 0x97ed
PASS | DMEM Read -> 0xbc49
PASS | IMEM Read -> 0xe969
PASS | DMEM Read Disabled -> 0x0
PASS | IMEM Read -> 0xe853
PASS | DMEM Read Disabled -> 0x0
PASS | IMEM Read -> 0xdab4
PASS | DMEM Read -> 0xa7f
PASS | IMEM Read -> 0xe75b
PASS | DMEM Read Disabled -> 0x0
PASS | IMEM Read -> 0x6da5
PASS | DMEM Read Disabled -> 0x0
PASS | IMEM Read -> 0x6da5
PASS | DMEM Read -> 0x4038
PASS | IMEM Read -> 0x2cc8
PASS | DMEM Read -> 0xdd85
PASS | IMEM Read -> 0xf023
PASS | DMEM Read -> 0x5f94
PASS | IMEM Read -> 0xf33
PASS | DMEM Read Disabled -> 0x0
PASS | IMEM Read -> 0xc6ec
PASS | DMEM Read Disabled -> 0x0
PASS | IMEM Read -> 0xdab4
PASS | DMEM Read Disabled -> 0x0
PASS | IMEM Read -> 0x7a48
PASS | DMEM Read Disabled -> 0x0
PASS | IMEM Read -> 0xd304
PASS | DMEM Read Disabled -> 0x0
PASS | IMEM Read -> 0xbe50
PASS | DMEM Read Disabled -> 0x0
PASS | IMEM Read -> 0x64d
PASS | DMEM Read Disabled -> 0x0
PASS | IMEM Read -> 0xe853
PASS | DMEM Read Disabled -> 0x0
PASS | IMEM Read -> 0x4fc8
PASS | DMEM Read Disabled -> 0x0
PASS | IMEM Read -> 0xe624
PASS | DMEM Read -> 0x8db7
PASS | IMEM Read -> 0xcb2c
PASS | DMEM Read -> 0x8f1a
PASS | IMEM Read -> 0x9d
PASS | DMEM Read -> 0x10b
PASS | IMEM Read -> 0x5d47
PASS | DMEM Read -> 0x734a
PASS | IMEM Read -> 0x901a
PASS | DMEM Read Disabled -> 0x0
PASS | IMEM Read -> 0x1c4c
PASS | DMEM Read Disabled -> 0x0
PASS | IMEM Read -> 0xca9
PASS | DMEM Read Disabled -> 0x0
PASS | IMEM Read -> 0x8e1f
PASS | DMEM Read Disabled -> 0x0
PASS | IMEM Read -> 0x5a0a
PASS | DMEM Read -> 0xb2f
PASS | IMEM Read -> 0x2b1c
PASS | DMEM Read Disabled -> 0x0
PASS | IMEM Read -> 0xfd2f
PASS | DMEM Read Disabled -> 0x0
PASS | IMEM Read -> 0xe842
PASS | DMEM Read Disabled -> 0x0
PASS | IMEM Read -> 0x8a2b
PASS | DMEM Read Disabled -> 0x0
PASS | IMEM Read -> 0x9ea3
PASS | DMEM Read Disabled -> 0x0
PASS | IMEM Read -> 0xd8a8
PASS | DMEM Read Disabled -> 0x0
PASS | IMEM Read -> 0xfbe2
PASS | DMEM Read -> 0x8d95
PASS | IMEM Read -> 0xe75b
PASS | DMEM Read Disabled -> 0x0
PASS | IMEM Read -> 0xfe9d
PASS | DMEM Read Disabled -> 0x0
PASS | IMEM Read -> 0xc6ec
PASS | DMEM Read Disabled -> 0x0
PASS | IMEM Read -> 0xf33
PASS | DMEM Read -> 0xdd64
PASS | IMEM Read -> 0xcb2c
PASS | DMEM Read -> 0x45cf
PASS | IMEM Read -> 0x5160
PASS | DMEM Read -> 0xe57e
PASS | IMEM Read -> 0xc5
PASS | DMEM Read Disabled -> 0x0
PASS | IMEM Read -> 0x989c
PASS | DMEM Read Disabled -> 0x0
PASS | IMEM Read -> 0x39d1
PASS | DMEM Read -> 0xba50
PASS | IMEM Read -> 0xbe18
PASS | DMEM Read -> 0x98ad
PASS | IMEM Read -> 0x1a67
PASS | DMEM Read Disabled -> 0x0
PASS | IMEM Read -> 0xfa76
PASS | DMEM Read Disabled -> 0x0
PASS | IMEM Read -> 0x2cc8
PASS | DMEM Read -> 0x68b4
PASS | IMEM Read -> 0xbb95
PASS | DMEM Read Disabled -> 0x0
PASS | IMEM Read -> 0x96be
PASS | DMEM Read -> 0x19a6
PASS | IMEM Read -> 0x7cbc
PASS | DMEM Read -> 0xb9a4
PASS | IMEM Read -> 0x39d1
PASS | DMEM Read Disabled -> 0x0
PASS | IMEM Read -> 0xcd6c
PASS | DMEM Read Disabled -> 0x0
PASS | IMEM Read -> 0x1b56
PASS | DMEM Read -> 0x8eab
PASS | IMEM Read -> 0x96ec
PASS | DMEM Read -> 0xa36f
PASS | IMEM Read -> 0xd70
PASS | DMEM Read Disabled -> 0x0
PASS | IMEM Read -> 0xfaf1
PASS | DMEM Read Disabled -> 0x0
PASS | IMEM Read -> 0x1c4c
PASS | DMEM Read Disabled -> 0x0
PASS | IMEM Read -> 0x510
PASS | DMEM Read -> 0x9ff9
PASS | IMEM Read -> 0x636c
PASS | DMEM Read Disabled -> 0x0
PASS | IMEM Read -> 0x5160
PASS | DMEM Read Disabled -> 0x0
PASS | IMEM Read -> 0xd334
PASS | DMEM Read -> 0x846f
PASS | IMEM Read -> 0xb746
PASS | DMEM Read -> 0x8ad4
PASS | IMEM Read -> 0x1ec1
PASS | DMEM Read Disabled -> 0x0
PASS | IMEM Read -> 0x5e1a
PASS | DMEM Read Disabled -> 0x0
PASS | IMEM Read -> 0x636c
PASS | DMEM Read -> 0xfc7a
PASS | IMEM Read -> 0xcd22
PASS | DMEM Read Disabled -> 0x0
PASS | IMEM Read -> 0x38bf
PASS | DMEM Read -> 0xafa7
PASS | IMEM Read -> 0x3423
PASS | DMEM Read Disabled -> 0x0
PASS | IMEM Read -> 0x5a76
PASS | DMEM Read Disabled -> 0x0
PASS | IMEM Read -> 0xfd1
PASS | DMEM Read Disabled -> 0x0
PASS | IMEM Read -> 0xce65
PASS | DMEM Read Disabled -> 0x0
PASS | IMEM Read -> 0xfa76
PASS | DMEM Read -> 0x45cf
PASS | IMEM Read -> 0x96be
PASS | DMEM Read -> 0x32b5
PASS | IMEM Read -> 0x651d
PASS | DMEM Read -> 0x8db7
PASS | IMEM Read -> 0xce65
PASS | DMEM Read -> 0xcd3c
PASS | IMEM Read -> 0xf774
PASS | DMEM Read -> 0x977d
PASS | IMEM Read -> 0x91f7
PASS | DMEM Read Disabled -> 0x0
PASS | IMEM Read -> 0x568c
PASS | DMEM Read -> 0x5098
PASS | IMEM Read -> 0x91f7
PASS | DMEM Read Disabled -> 0x0
PASS | IMEM Read -> 0x91b
PASS | DMEM Read Disabled -> 0x0
PASS | IMEM Read -> 0xe969
PASS | DMEM Read Disabled -> 0x0
PASS | IMEM Read -> 0x737e
PASS | DMEM Read Disabled -> 0x0
PASS | IMEM Read -> 0x66bc
PASS | DMEM Read Disabled -> 0x0
PASS | IMEM Read -> 0xb746
PASS | DMEM Read Disabled -> 0x0
PASS | IMEM Read -> 0x9537
PASS | DMEM Read -> 0xcd3c
PASS | IMEM Read -> 0xebf8
PASS | DMEM Read Disabled -> 0x0
PASS | IMEM Read -> 0x848c
PASS | DMEM Read -> 0xfe35
PASS | IMEM Read -> 0xb1b8
PASS | DMEM Read Disabled -> 0x0
PASS | IMEM Read -> 0x2ae3
PASS | DMEM Read Disabled -> 0x0
PASS | IMEM Read -> 0x65ca
PASS | DMEM Read Disabled -> 0x0
PASS | IMEM Read -> 0x65ca
PASS | DMEM Read Disabled -> 0x0
PASS | IMEM Read -> 0x438b
PASS | DMEM Read Disabled -> 0x0
PASS | IMEM Read -> 0x4340
PASS | DMEM Read -> 0x32b5
PASS | IMEM Read -> 0x748a
PASS | DMEM Read Disabled -> 0x0
PASS | IMEM Read -> 0xe96d
PASS | DMEM Read Disabled -> 0x0
PASS | IMEM Read -> 0x9d
PASS | DMEM Read Disabled -> 0x0
PASS | IMEM Read -> 0xd47c
PASS | DMEM Read Disabled -> 0x0
PASS | IMEM Read -> 0x4794
PASS | DMEM Read Disabled -> 0x0
PASS | IMEM Read -> 0xa262
PASS | DMEM Read Disabled -> 0x0
PASS | IMEM Read -> 0x2b2c
PASS | DMEM Read Disabled -> 0x0
PASS | IMEM Read -> 0x57aa
PASS | DMEM Read Disabled -> 0x0
PASS | IMEM Read -> 0x77a7
PASS | DMEM Read Disabled -> 0x0
PASS | IMEM Read -> 0x245d
PASS | DMEM Read Disabled -> 0x0
PASS | IMEM Read -> 0x61cd
PASS | DMEM Read Disabled -> 0x0
PASS | IMEM Read -> 0x2b2c
PASS | DMEM Read Disabled -> 0x0
PASS | IMEM Read -> 0xe969
PASS | DMEM Read -> 0xd17f
PASS | IMEM Read -> 0x4c71
PASS | DMEM Read Disabled -> 0x0
PASS | IMEM Read -> 0xa5fc
PASS | DMEM Read -> 0x156a
PASS | IMEM Read -> 0x9c8c
PASS | DMEM Read -> 0x8c8f
PASS | IMEM Read -> 0x2999
PASS | DMEM Read Disabled -> 0x0
PASS | IMEM Read -> 0xe842
PASS | DMEM Read -> 0xfe7f
PASS | IMEM Read -> 0x4f12
PASS | DMEM Read -> 0x49c7
PASS | IMEM Read -> 0x2515
PASS | DMEM Read Disabled -> 0x0
PASS | IMEM Read -> 0xb69e
PASS | DMEM Read -> 0xd0e4
PASS | IMEM Read -> 0x33fd
PASS | DMEM Read Disabled -> 0x0
PASS | IMEM Read -> 0xb69e
PASS | DMEM Read -> 0x7ff4
PASS | IMEM Read -> 0xe75b
PASS | DMEM Read -> 0xfe9d
PASS | IMEM Read -> 0xa191
PASS | DMEM Read Disabled -> 0x0
PASS | IMEM Read -> 0x91f7
PASS | DMEM Read Disabled -> 0x0
PASS | IMEM Read -> 0x2885
PASS | DMEM Read Disabled -> 0x0
PASS | IMEM Read -> 0x4391
PASS | DMEM Read Disabled -> 0x0
PASS | IMEM Read -> 0x5a76
PASS | DMEM Read Disabled -> 0x0
PASS | IMEM Read -> 0x24b8
PASS | DMEM Read Disabled -> 0x0
PASS | IMEM Read -> 0x852a
PASS | DMEM Read Disabled -> 0x0
PASS | IMEM Read -> 0x5b80
PASS | DMEM Read -> 0x473f
PASS | IMEM Read -> 0xc606
PASS | DMEM Read Disabled -> 0x0
PASS | IMEM Read -> 0x438b
PASS | DMEM Read -> 0xba46
PASS | IMEM Read -> 0xa738
PASS | DMEM Read Disabled -> 0x0
PASS | IMEM Read -> 0xa323
PASS | DMEM Read Disabled -> 0x0
PASS | IMEM Read -> 0xf774
PASS | DMEM Read Disabled -> 0x0
PASS | IMEM Read -> 0x8e3
PASS | DMEM Read Disabled -> 0x0
PASS | IMEM Read -> 0xbe50
PASS | DMEM Read Disabled -> 0x0
PASS | IMEM Read -> 0xef4
PASS | DMEM Read Disabled -> 0x0
PASS | IMEM Read -> 0x1913
PASS | DMEM Read Disabled -> 0x0
PASS | IMEM Read -> 0xd334
PASS | DMEM Read Disabled -> 0x0
PASS | IMEM Read -> 0x8a2b
PASS | DMEM Read Disabled -> 0x0
PASS | IMEM Read -> 0xc47
PASS | DMEM Read Disabled -> 0x0
PASS | IMEM Read -> 0x1924
PASS | DMEM Read Disabled -> 0x0
PASS | IMEM Read -> 0x7cbc
PASS | DMEM Read Disabled -> 0x0
PASS | IMEM Read -> 0xbe18
PASS | DMEM Read -> 0xb2f
PASS | IMEM Read -> 0x96ec
PASS | DMEM Read Disabled -> 0x0
PASS | IMEM Read -> 0x24b8
PASS | DMEM Read Disabled -> 0x0
PASS | IMEM Read -> 0x61cd
PASS | DMEM Read Disabled -> 0x0
PASS | IMEM Read -> 0xb43f
PASS | DMEM Read -> 0xd83a
PASS | IMEM Read -> 0x91f7
PASS | DMEM Read Disabled -> 0x0
PASS | IMEM Read -> 0xa09d
PASS | DMEM Read -> 0xe28d
PASS | IMEM Read -> 0xb505
PASS | DMEM Read Disabled -> 0x0
PASS | IMEM Read -> 0xc5
PASS | DMEM Read Disabled -> 0x0
PASS | IMEM Read -> 0xabcd
PASS | DMEM Read -> 0xac2f
PASS | IMEM Read -> 0x17db
PASS | DMEM Read Disabled -> 0x0
PASS | IMEM Read -> 0x9547
PASS | DMEM Read -> 0x45cf
PASS | IMEM Read -> 0x57aa
PASS | DMEM Read Disabled -> 0x0
PASS | IMEM Read -> 0xc0a0
PASS | DMEM Read Disabled -> 0x0
PASS | IMEM Read -> 0xa11a
PASS | DMEM Read Disabled -> 0x0
PASS | IMEM Read -> 0xe969
PASS | DMEM Read Disabled -> 0x0
PASS | IMEM Read -> 0xfe9d
PASS | DMEM Read Disabled -> 0x0
PASS | IMEM Read -> 0xd47c
PASS | DMEM Read -> 0x5875
PASS | IMEM Read -> 0x2ae3
PASS | DMEM Read Disabled -> 0x0
PASS | IMEM Read -> 0x6c02
PASS | DMEM Read Disabled -> 0x0
PASS | IMEM Read -> 0x1913
PASS | DMEM Read -> 0x7ea7
PASS | IMEM Read -> 0x901a
PASS | DMEM Read Disabled -> 0x0
PASS | IMEM Read -> 0xe89
PASS | DMEM Read Disabled -> 0x0
PASS | IMEM Read -> 0xc6d2
PASS | DMEM Read Disabled -> 0x0
PASS | IMEM Read -> 0x99f
PASS | DMEM Read Disabled -> 0x0
PASS | IMEM Read -> 0x80ac
PASS | DMEM Read -> 0xa36f
PASS | IMEM Read -> 0x525b
PASS | DMEM Read -> 0x7274
PASS | IMEM Read -> 0x63f9
PASS | DMEM Read Disabled -> 0x0
PASS | IMEM Read -> 0x96be
PASS | DMEM Read Disabled -> 0x0
PASS | IMEM Read -> 0x7774
PASS | DMEM Read Disabled -> 0x0
PASS | IMEM Read -> 0x5d47
PASS | DMEM Read Disabled -> 0x0
PASS | IMEM Read -> 0xd334
PASS | DMEM Read Disabled -> 0x0
PASS | IMEM Read -> 0x1913
PASS | DMEM Read -> 0x29e5
PASS | IMEM Read -> 0xdd2b
PASS | DMEM Read Disabled -> 0x0
PASS | IMEM Read -> 0x25f6
PASS | DMEM Read Disabled -> 0x0
PASS | IMEM Read -> 0x723d
PASS | DMEM Read Disabled -> 0x0
PASS | IMEM Read -> 0xb32f
PASS | DMEM Read -> 0xccc
PASS | IMEM Read -> 0xcc49
PASS | DMEM Read -> 0x17df
PASS | IMEM Read -> 0xdab4
PASS | DMEM Read Disabled -> 0x0
PASS | IMEM Read -> 0x80ed
PASS | DMEM Read Disabled -> 0x0
PASS | IMEM Read -> 0xd8a8
PASS | DMEM Read -> 0xea17
PASS | IMEM Read -> 0xa55c
PASS | DMEM Read -> 0x45cf
PASS | IMEM Read -> 0xbf0f
PASS | DMEM Read Disabled -> 0x0
PASS | IMEM Read -> 0x1b56
PASS | DMEM Read -> 0x163c
PASS | IMEM Read -> 0x5bfc
PASS | DMEM Read -> 0x5718
PASS | IMEM Read -> 0x4fc8
PASS | DMEM Read Disabled -> 0x0
PASS | IMEM Read -> 0x5bfc
PASS | DMEM Read -> 0xdd85
PASS | IMEM Read -> 0x494f
PASS | DMEM Read Disabled -> 0x0
PASS | IMEM Read -> 0xe842
PASS | DMEM Read -> 0xd94
PASS | IMEM Read -> 0x9278
PASS | DMEM Read Disabled -> 0x0
PASS | IMEM Read -> 0x700e
PASS | DMEM Read -> 0x6cad
PASS | IMEM Read -> 0x676d
PASS | DMEM Read -> 0x907f
PASS | IMEM Read -> 0x4f2e
PASS | DMEM Read Disabled -> 0x0
PASS | IMEM Read -> 0x64d
PASS | DMEM Read Disabled -> 0x0
PASS | IMEM Read -> 0x915b
PASS | DMEM Read -> 0x9f90
PASS | IMEM Read -> 0x5942
PASS | DMEM Read -> 0xc40d
PASS | IMEM Read -> 0x852a
PASS | DMEM Read -> 0x70ba
PASS | IMEM Read -> 0x9537
PASS | DMEM Read -> 0x7b01
PASS | IMEM Read -> 0xa22d
PASS | DMEM Read Disabled -> 0x0
PASS | IMEM Read -> 0xb8f2
PASS | DMEM Read -> 0x7486
PASS | IMEM Read -> 0x2a3a
PASS | DMEM Read Disabled -> 0x0
PASS | IMEM Read -> 0x5f21
PASS | DMEM Read Disabled -> 0x0
PASS | IMEM Read -> 0x59f3
PASS | DMEM Read Disabled -> 0x0
PASS | IMEM Read -> 0x96be
PASS | DMEM Read Disabled -> 0x0
PASS | IMEM Read -> 0xbf0f
PASS | DMEM Read Disabled -> 0x0
PASS | IMEM Read -> 0xd334
PASS | DMEM Read Disabled -> 0x0
PASS | IMEM Read -> 0xb32f
PASS | DMEM Read -> 0x1889
PASS | IMEM Read -> 0xe89
PASS | DMEM Read -> 0xac2f
PASS | IMEM Read -> 0x61cd
PASS | DMEM Read -> 0xf4b1
PASS | IMEM Read -> 0x57f6
PASS | DMEM Read Disabled -> 0x0
PASS | IMEM Read -> 0xe441
PASS | DMEM Read Disabled -> 0x0
PASS | IMEM Read -> 0x59f3
PASS | DMEM Read -> 0xef8b
PASS | IMEM Read -> 0xa54c
PASS | DMEM Read Disabled -> 0x0
PASS | IMEM Read -> 0xb297
PASS | DMEM Read -> 0x633f
PASS | IMEM Read -> 0xffea
PASS | DMEM Read Disabled -> 0x0
PASS | IMEM Read -> 0x525b
PASS | DMEM Read -> 0xb2f2
PASS | IMEM Read -> 0x5d6d
PASS | DMEM Read -> 0xd872
PASS | IMEM Read -> 0x2ae3
PASS | DMEM Read Disabled -> 0x0
PASS | IMEM Read -> 0x29eb
PASS | DMEM Read Disabled -> 0x0
PASS | IMEM Read -> 0x2515
PASS | DMEM Read -> 0x443c
PASS | IMEM Read -> 0xb505
PASS | DMEM Read -> 0x9d0f
PASS | IMEM Read -> 0x1913
PASS | DMEM Read -> 0x68b4
PASS | IMEM Read -> 0xc6d2
PASS | DMEM Read Disabled -> 0x0
PASS | IMEM Read -> 0xb097
PASS | DMEM Read Disabled -> 0x0
PASS | IMEM Read -> 0xe75b
PASS | DMEM Read Disabled -> 0x0
PASS | IMEM Read -> 0xbe18
PASS | DMEM Read Disabled -> 0x0
PASS | IMEM Read -> 0x91f7
PASS | DMEM Read -> 0x1be1
PASS | IMEM Read -> 0xca9
PASS | DMEM Read -> 0x2a30
PASS | IMEM Read -> 0x96be
PASS | DMEM Read Disabled -> 0x0
PASS | IMEM Read -> 0x989c
PASS | DMEM Read -> 0xfc0
PASS | IMEM Read -> 0xc40a
PASS | DMEM Read Disabled -> 0x0
PASS | IMEM Read -> 0x3423
PASS | DMEM Read -> 0x6ee0
PASS | IMEM Read -> 0x12b3
PASS | DMEM Read -> 0xef8b
PASS | IMEM Read -> 0xc47
PASS | DMEM Read -> 0x83f0
PASS | IMEM Read -> 0x2566
PASS | DMEM Read -> 0x3010
PASS | IMEM Read -> 0x5e7c
PASS | DMEM Read Disabled -> 0x0
PASS | IMEM Read -> 0xfbe2
PASS | DMEM Read Disabled -> 0x0
PASS | IMEM Read -> 0x2ae3
PASS | DMEM Read Disabled -> 0x0
PASS | IMEM Read -> 0xb746
PASS | DMEM Read Disabled -> 0x0
PASS | IMEM Read -> 0x12b3
PASS | DMEM Read -> 0xa9a
PASS | IMEM Read -> 0x57f6
PASS | DMEM Read -> 0xe18b
PASS | IMEM Read -> 0x2bca
PASS | DMEM Read -> 0x5a39
PASS | IMEM Read -> 0x8b9a
PASS | DMEM Read Disabled -> 0x0
PASS | IMEM Read -> 0xef8f
PASS | DMEM Read Disabled -> 0x0
PASS | IMEM Read -> 0x2b2c
PASS | DMEM Read -> 0x6030
PASS | IMEM Read -> 0xd8a8
PASS | DMEM Read Disabled -> 0x0
PASS | IMEM Read -> 0x96ec
PASS | DMEM Read Disabled -> 0x0
PASS | IMEM Read -> 0x1bba
PASS | DMEM Read -> 0x6ee0
PASS | IMEM Read -> 0x245d
PASS | DMEM Read -> 0x5f94
PASS | IMEM Read -> 0x63f9
PASS | DMEM Read Disabled -> 0x0
PASS | IMEM Read -> 0x64d
PASS | DMEM Read Disabled -> 0x0
PASS | IMEM Read -> 0x7fb1
PASS | DMEM Read Disabled -> 0x0
PASS | IMEM Read -> 0x5e66
PASS | DMEM Read Disabled -> 0x0
PASS | IMEM Read -> 0x6d
PASS | DMEM Read -> 0x1f0a
PASS | IMEM Read -> 0x8341
PASS | DMEM Read Disabled -> 0x0
PASS | IMEM Read -> 0x63f9
PASS | DMEM Read Disabled -> 0x0
PASS | IMEM Read -> 0x65ca
PASS | DMEM Read Disabled -> 0x0
PASS | IMEM Read -> 0x2f16
PASS | DMEM Read -> 0xf38c
PASS | IMEM Read -> 0xad9
PASS | DMEM Read -> 0xe77a
PASS | IMEM Read -> 0x3a12
PASS | DMEM Read -> 0x310a
PASS | IMEM Read -> 0x9ea3
PASS | DMEM Read Disabled -> 0x0
PASS | IMEM Read -> 0x374a
PASS | DMEM Read -> 0x5718
PASS | IMEM Read -> 0x848c
PASS | DMEM Read Disabled -> 0x0
PASS | IMEM Read -> 0x4340
PASS | DMEM Read Disabled -> 0x0
PASS | IMEM Read -> 0xbda7
PASS | DMEM Read Disabled -> 0x0
PASS | IMEM Read -> 0x808f
PASS | DMEM Read -> 0x1623
PASS | IMEM Read -> 0x433a
PASS | DMEM Read Disabled -> 0x0
PASS | IMEM Read -> 0x292
PASS | DMEM Read -> 0xbc49
PASS | IMEM Read -> 0xbe50
PASS | DMEM Read Disabled -> 0x0
PASS | IMEM Read -> 0x9ea3
PASS | DMEM Read Disabled -> 0x0
PASS | IMEM Read -> 0x1924
PASS | DMEM Read -> 0x49f2
PASS | IMEM Read -> 0xd8a8
PASS | DMEM Read Disabled -> 0x0
PASS | IMEM Read -> 0xb297
PASS | DMEM Read Disabled -> 0x0
PASS | IMEM Read -> 0x1913
PASS | DMEM Read -> 0x443c
PASS | IMEM Read -> 0x17db
PASS | DMEM Read Disabled -> 0x0
PASS | IMEM Read -> 0x34bb
PASS | DMEM Read Disabled -> 0x0
PASS | IMEM Read -> 0xb4ca
PASS | DMEM Read Disabled -> 0x0
PASS | IMEM Read -> 0xa323
PASS | DMEM Read Disabled -> 0x0
PASS | IMEM Read -> 0x4f2e
PASS | DMEM Read Disabled -> 0x0
PASS | IMEM Read -> 0x273a
PASS | DMEM Read Disabled -> 0x0
PASS | IMEM Read -> 0x723d
PASS | DMEM Read Disabled -> 0x0
PASS | IMEM Read -> 0x18b7
PASS | DMEM Read -> 0xb9a4
PASS | IMEM Read -> 0x7fb1
PASS | DMEM Read -> 0xe28d
PASS | IMEM Read -> 0x64d
PASS | DMEM Read -> 0xd83a
PASS | IMEM Read -> 0xef4
PASS | DMEM Read -> 0x3a6a
PASS | IMEM Read -> 0xa738
PASS | DMEM Read Disabled -> 0x0
PASS | IMEM Read -> 0xa22d
PASS | DMEM Read Disabled -> 0x0
PASS | IMEM Read -> 0xb815
PASS | DMEM Read -> 0xbc27
PASS | IMEM Read -> 0x1c4c
PASS | DMEM Read Disabled -> 0x0
PASS | IMEM Read -> 0x4340
PASS | DMEM Read -> 0x8fb2
PASS | IMEM Read -> 0x42ee
PASS | DMEM Read Disabled -> 0x0
PASS | IMEM Read -> 0xbb95
PASS | DMEM Read Disabled -> 0x0
PASS | IMEM Read -> 0x374a
PASS | DMEM Read -> 0x5ec1
PASS | IMEM Read -> 0xfa76
PASS | DMEM Read Disabled -> 0x0
PASS | IMEM Read -> 0x1c3c
PASS | DMEM Read -> 0x3f5e
PASS | IMEM Read -> 0xca4e
PASS | DMEM Read -> 0x500
PASS | IMEM Read -> 0xabcd
PASS | DMEM Read Disabled -> 0x0
PASS | IMEM Read -> 0xe338
PASS | DMEM Read Disabled -> 0x0
PASS | IMEM Read -> 0x4499
PASS | DMEM Read Disabled -> 0x0
PASS | IMEM Read -> 0x4794
PASS | DMEM Read -> 0x846f
PASS | IMEM Read -> 0x5a0a
PASS | DMEM Read Disabled -> 0x0
PASS | IMEM Read -> 0xb815
PASS | DMEM Read -> 0x49f2
PASS | IMEM Read -> 0x63f9
PASS | DMEM Read Disabled -> 0x0
PASS | IMEM Read -> 0x2bca
PASS | DMEM Read Disabled -> 0x0
PASS | IMEM Read -> 0xc5
PASS | DMEM Read Disabled -> 0x0
PASS | IMEM Read -> 0x64d
PASS | DMEM Read -> 0x8db7
PASS | IMEM Read -> 0x2b2c
PASS | DMEM Read Disabled -> 0x0
PASS | IMEM Read -> 0xe338
PASS | DMEM Read Disabled -> 0x0
PASS | IMEM Read -> 0x5e66
PASS | DMEM Read -> 0xac2f
PASS | IMEM Read -> 0x9767
PASS | DMEM Read Disabled -> 0x0
PASS | IMEM Read -> 0xcc49
PASS | DMEM Read Disabled -> 0x0
PASS | IMEM Read -> 0xb43f
PASS | DMEM Read Disabled -> 0x0
PASS | IMEM Read -> 0x8e3
PASS | DMEM Read -> 0x91f8
PASS | IMEM Read -> 0xe89
PASS | DMEM Read Disabled -> 0x0
PASS | IMEM Read -> 0x63f9
PASS | DMEM Read Disabled -> 0x0
PASS | IMEM Read -> 0xe469
PASS | DMEM Read -> 0xd17f
PASS | IMEM Read -> 0xce65
PASS | DMEM Read -> 0xeb3c
PASS | IMEM Read -> 0xe842
PASS | DMEM Read Disabled -> 0x0
PASS | IMEM Read -> 0xc1c3
PASS | DMEM Read Disabled -> 0x0
PASS | IMEM Read -> 0xdd2b
PASS | DMEM Read Disabled -> 0x0
PASS | IMEM Read -> 0xfd1
PASS | DMEM Read -> 0xa1d2
PASS | IMEM Read -> 0x9026
PASS | DMEM Read Disabled -> 0x0
PASS | IMEM Read -> 0x57aa
PASS | DMEM Read -> 0x8f1a
PASS | IMEM Read -> 0x510
PASS | DMEM Read Disabled -> 0x0
PASS | IMEM Read -> 0x66bc
PASS | DMEM Read Disabled -> 0x0
PASS | IMEM Read -> 0xb32f
PASS | DMEM Read -> 0x846f
PASS | IMEM Read -> 0x2566
PASS | DMEM Read Disabled -> 0x0
PASS | IMEM Read -> 0x6c02
PASS | DMEM Read Disabled -> 0x0
PASS | IMEM Read -> 0xb815
PASS | DMEM Read Disabled -> 0x0
PASS | IMEM Read -> 0x6e2a
PASS | DMEM Read Disabled -> 0x0
PASS | IMEM Read -> 0xa5fc
PASS | DMEM Read Disabled -> 0x0
PASS | IMEM Read -> 0xcc49
PASS | DMEM Read Disabled -> 0x0
PASS | IMEM Read -> 0xf33
PASS | DMEM Read Disabled -> 0x0
PASS | IMEM Read -> 0x65ca
PASS | DMEM Read Disabled -> 0x0
PASS | IMEM Read -> 0xf33
PASS | DMEM Read Disabled -> 0x0
PASS | IMEM Read -> 0x8341
PASS | DMEM Read Disabled -> 0x0
PASS | IMEM Read -> 0xc1c3
PASS | DMEM Read Disabled -> 0x0
PASS | IMEM Read -> 0x5bfc
PASS | DMEM Read Disabled -> 0x0
PASS | IMEM Read -> 0x2999
PASS | DMEM Read Disabled -> 0x0
PASS | IMEM Read -> 0x9026
PASS | DMEM Read Disabled -> 0x0
PASS | IMEM Read -> 0xe969
PASS | DMEM Read Disabled -> 0x0
PASS | IMEM Read -> 0x2b2c
PASS | DMEM Read -> 0x3a9c
PASS | IMEM Read -> 0xabcd
PASS | DMEM Read Disabled -> 0x0
PASS | IMEM Read -> 0x6e2a
PASS | DMEM Read Disabled -> 0x0
PASS | IMEM Read -> 0x4156
PASS | DMEM Read -> 0x7a7
PASS | IMEM Read -> 0x7774
PASS | DMEM Read -> 0xecb2
PASS | IMEM Read -> 0x94e5
PASS | DMEM Read Disabled -> 0x0
PASS | IMEM Read -> 0x2c36
PASS | DMEM Read Disabled -> 0x0
PASS | IMEM Read -> 0x6c02
PASS | DMEM Read Disabled -> 0x0
PASS | IMEM Read -> 0xe96d
PASS | DMEM Read -> 0x633f
PASS | IMEM Read -> 0x3c72
PASS | DMEM Read -> 0xbfd1
PASS | IMEM Read -> 0xbe50
PASS | DMEM Read -> 0x5597
PASS | IMEM Read -> 0x5942
PASS | DMEM Read -> 0x1889
PASS | IMEM Read -> 0x4601
PASS | DMEM Read Disabled -> 0x0
PASS | IMEM Read -> 0xd8a8
PASS | DMEM Read Disabled -> 0x0
PASS | IMEM Read -> 0x2cc8
PASS | DMEM Read Disabled -> 0x0
PASS | IMEM Read -> 0xce65
PASS | DMEM Read Disabled -> 0x0
PASS | IMEM Read -> 0x901a
PASS | DMEM Read Disabled -> 0x0
PASS | IMEM Read -> 0x80ac
PASS | DMEM Read -> 0x9d0f
PASS | IMEM Read -> 0x9d
PASS | DMEM Read -> 0x2947
PASS | IMEM Read -> 0x4e73
PASS | DMEM Read Disabled -> 0x0
PASS | IMEM Read -> 0xa323
PASS | DMEM Read -> 0xe57e
PASS | IMEM Read -> 0x5a4a
PASS | DMEM Read -> 0xfb83
PASS | IMEM Read -> 0xa8e8
PASS | DMEM Read Disabled -> 0x0
PASS | IMEM Read -> 0x66bc
PASS | DMEM Read -> 0x1f0a
PASS | IMEM Read -> 0x2515
PASS | DMEM Read Disabled -> 0x0
PASS | IMEM Read -> 0x2bca
PASS | DMEM Read -> 0x17df
PASS | IMEM Read -> 0x2f16
PASS | DMEM Read Disabled -> 0x0
PASS | IMEM Read -> 0x4f2e
PASS | DMEM Read Disabled -> 0x0
PASS | IMEM Read -> 0x477c
PASS | DMEM Read -> 0xba46
PASS | IMEM Read -> 0x47aa
PASS | DMEM Read -> 0xd8ca
PASS | IMEM Read -> 0xd304
PASS | DMEM Read Disabled -> 0x0
PASS | IMEM Read -> 0x39d1
PASS | DMEM Read Disabled -> 0x0
PASS | IMEM Read -> 0x2999
PASS | DMEM Read Disabled -> 0x0
PASS | IMEM Read -> 0x510
PASS | DMEM Read Disabled -> 0x0
PASS | IMEM Read -> 0xb097
PASS | DMEM Read Disabled -> 0x0
PASS | IMEM Read -> 0xe47f
PASS | DMEM Read Disabled -> 0x0
PASS | IMEM Read -> 0xfaf1
PASS | DMEM Read -> 0x663c
PASS | IMEM Read -> 0x96ec
PASS | DMEM Read Disabled -> 0x0
PASS | IMEM Read -> 0x9bfb
PASS | DMEM Read -> 0x5718
PASS | IMEM Read -> 0xc40a
PASS | DMEM Read Disabled -> 0x0
PASS | IMEM Read -> 0xe75b
PASS | DMEM Read -> 0x6fb2
PASS | IMEM Read -> 0xb505
PASS | DMEM Read -> 0x663c
PASS | IMEM Read -> 0xd47c
PASS | DMEM Read Disabled -> 0x0
PASS | IMEM Read -> 0x6e2a
PASS | DMEM Read -> 0xa9a
PASS | IMEM Read -> 0xdd2b
PASS | DMEM Read Disabled -> 0x0
PASS | IMEM Read -> 0x2ea6
PASS | DMEM Read -> 0xceb5
PASS | IMEM Read -> 0x37d
PASS | DMEM Read Disabled -> 0x0
PASS | IMEM Read -> 0x4daf
PASS | DMEM Read Disabled -> 0x0
PASS | IMEM Read -> 0x5e7c
PASS | DMEM Read -> 0xf516
PASS | IMEM Read -> 0xb815
PASS | DMEM Read Disabled -> 0x0
PASS | IMEM Read -> 0x42d4
PASS | DMEM Read Disabled -> 0x0
PASS | IMEM Read -> 0x5160
PASS | DMEM Read Disabled -> 0x0
PASS | IMEM Read -> 0x39d1
PASS | DMEM Read Disabled -> 0x0
PASS | IMEM Read -> 0xe89
PASS | DMEM Read Disabled -> 0x0
PASS | IMEM Read -> 0x438b
PASS | DMEM Read Disabled -> 0x0
PASS | IMEM Read -> 0xffea
PASS | DMEM Read Disabled -> 0x0
PASS | IMEM Read -> 0x4fc8
PASS | DMEM Read Disabled -> 0x0
PASS | IMEM Read -> 0x8e1f
PASS | DMEM Read Disabled -> 0x0
PASS | IMEM Read -> 0x2c36
PASS | DMEM Read Disabled -> 0x0
PASS | IMEM Read -> 0xc606
PASS | DMEM Read -> 0x1872
PASS | IMEM Read -> 0x6c02
PASS | DMEM Read Disabled -> 0x0
PASS | IMEM Read -> 0x39d1
PASS | DMEM Read Disabled -> 0x0
PASS | IMEM Read -> 0x848c
PASS | DMEM Read -> 0x344a
PASS | IMEM Read -> 0x636c
PASS | DMEM Read -> 0xecb2
PASS | IMEM Read -> 0xdab4
PASS | DMEM Read -> 0x6fb2
PASS | IMEM Read -> 0xc606
PASS | DMEM Read -> 0xad88
PASS | IMEM Read -> 0x9026
PASS | DMEM Read Disabled -> 0x0
PASS | IMEM Read -> 0xa09d
PASS | DMEM Read Disabled -> 0x0
PASS | IMEM Read -> 0xcd6c
PASS | DMEM Read -> 0xf26b
PASS | IMEM Read -> 0x1ec1
PASS | DMEM Read Disabled -> 0x0
PASS | IMEM Read -> 0x265e
PASS | DMEM Read Disabled -> 0x0
PASS | IMEM Read -> 0xbb95
PASS | DMEM Read Disabled -> 0x0
PASS | IMEM Read -> 0xd304
PASS | DMEM Read -> 0x7446
PASS | IMEM Read -> 0xa22d
PASS | DMEM Read Disabled -> 0x0
PASS | IMEM Read -> 0x24b8
PASS | DMEM Read Disabled -> 0x0
PASS | IMEM Read -> 0x676d
PASS | DMEM Read Disabled -> 0x0
PASS | IMEM Read -> 0x698f
PASS | DMEM Read Disabled -> 0x0
PASS | IMEM Read -> 0x4f12
PASS | DMEM Read Disabled -> 0x0
PASS | IMEM Read -> 0xfd1
PASS | DMEM Read Disabled -> 0x0
PASS | IMEM Read -> 0x5d0c
PASS | DMEM Read Disabled -> 0x0
PASS | IMEM Read -> 0xa09d
PASS | DMEM Read Disabled -> 0x0
PASS | IMEM Read -> 0x2f16
PASS | DMEM Read -> 0x5d3f
PASS | IMEM Read -> 0xfe9d
PASS | DMEM Read Disabled -> 0x0
PASS | IMEM Read -> 0x2b1c
PASS | DMEM Read Disabled -> 0x0
PASS | IMEM Read -> 0xef8f
PASS | DMEM Read -> 0xf516
PASS | IMEM Read -> 0x25f6
PASS | DMEM Read -> 0xf516
PASS | IMEM Read -> 0x8a2b
PASS | DMEM Read Disabled -> 0x0
PASS | IMEM Read -> 0xdca6
PASS | DMEM Read -> 0x9ff0
PASS | IMEM Read -> 0xfbe2
PASS | DMEM Read Disabled -> 0x0
PASS | IMEM Read -> 0xcb2c
PASS | DMEM Read Disabled -> 0x0
PASS | IMEM Read -> 0x5e66
PASS | DMEM Read -> 0xa36f
PASS | IMEM Read -> 0x386b
PASS | DMEM Read Disabled -> 0x0
PASS | IMEM Read -> 0x8e1f
PASS | DMEM Read Disabled -> 0x0
PASS | IMEM Read -> 0x4156
PASS | DMEM Read Disabled -> 0x0
PASS | IMEM Read -> 0x9d
PASS | DMEM Read -> 0x3c12
PASS | IMEM Read -> 0xe338
PASS | DMEM Read -> 0x3010
PASS | IMEM Read -> 0xef8f
PASS | DMEM Read Disabled -> 0x0
PASS | IMEM Read -> 0xebf8
PASS | DMEM Read Disabled -> 0x0
PASS | IMEM Read -> 0xd334
PASS | DMEM Read Disabled -> 0x0
PASS | IMEM Read -> 0x698f
PASS | DMEM Read -> 0x2b6a
PASS | IMEM Read -> 0xf98d
PASS | DMEM Read Disabled -> 0x0
PASS | IMEM Read -> 0x94e5
PASS | DMEM Read Disabled -> 0x0
PASS | IMEM Read -> 0x374a
PASS | DMEM Read Disabled -> 0x0
PASS | IMEM Read -> 0x7fb1
PASS | DMEM Read Disabled -> 0x0
PASS | IMEM Read -> 0xe75b
PASS | DMEM Read Disabled -> 0x0
PASS | IMEM Read -> 0x5e66
PASS | DMEM Read Disabled -> 0x0
PASS | IMEM Read -> 0xe969
PASS | DMEM Read -> 0x47ff
PASS | IMEM Read -> 0xfaf1
PASS | DMEM Read Disabled -> 0x0
PASS | IMEM Read -> 0x2bca
PASS | DMEM Read -> 0x307f
PASS | IMEM Read -> 0x4794
PASS | DMEM Read Disabled -> 0x0
PASS | IMEM Read -> 0x9767
PASS | DMEM Read -> 0xbfd1
PASS | IMEM Read -> 0x1c3c
PASS | DMEM Read Disabled -> 0x0
PASS | IMEM Read -> 0x273a
PASS | DMEM Read Disabled -> 0x0
PASS | IMEM Read -> 0xbda7
PASS | DMEM Read -> 0x1e67
PASS | IMEM Read -> 0x1c45
PASS | DMEM Read Disabled -> 0x0
PASS | IMEM Read -> 0x8e1f
PASS | DMEM Read -> 0xe73
PASS | IMEM Read -> 0x17db
PASS | DMEM Read Disabled -> 0x0
PASS | IMEM Read -> 0xb32f
PASS | DMEM Read -> 0xe1ba
PASS | IMEM Read -> 0x5a0a
PASS | DMEM Read -> 0xdb65
PASS | IMEM Read -> 0xd304
PASS | DMEM Read -> 0xecaa
PASS | IMEM Read -> 0xb69e
PASS | DMEM Read Disabled -> 0x0
PASS | IMEM Read -> 0xee77
PASS | DMEM Read Disabled -> 0x0
PASS | IMEM Read -> 0xfab
PASS | DMEM Read Disabled -> 0x0
PASS | IMEM Read -> 0xe96d
PASS | DMEM Read -> 0x7471
PASS | IMEM Read -> 0xe213
PASS | DMEM Read Disabled -> 0x0
PASS | IMEM Read -> 0xb32f
PASS | DMEM Read Disabled -> 0x0
PASS | IMEM Read -> 0x96ec
PASS | DMEM Read -> 0x8b9a
PASS | IMEM Read -> 0xb097
PASS | DMEM Read Disabled -> 0x0
PASS | IMEM Read -> 0x4156
PASS | DMEM Read Disabled -> 0x0
PASS | IMEM Read -> 0x8599
PASS | DMEM Read Disabled -> 0x0
PASS | IMEM Read -> 0xf023
PASS | DMEM Read -> 0xcc7f
PASS | IMEM Read -> 0x63f9
PASS | DMEM Read -> 0x6688
PASS | IMEM Read -> 0xdd2b
PASS | DMEM Read Disabled -> 0x0
PASS | IMEM Read -> 0xca4e
PASS | DMEM Read Disabled -> 0x0
PASS | IMEM Read -> 0xa09d
PASS | DMEM Read Disabled -> 0x0
PASS | IMEM Read -> 0x8f67
PASS | DMEM Read Disabled -> 0x0
PASS | IMEM Read -> 0xe213
PASS | DMEM Read -> 0x6a9e
PASS | IMEM Read -> 0x53f6
PASS | DMEM Read -> 0xdcb9
PASS | IMEM Read -> 0x3423
PASS | DMEM Read Disabled -> 0x0
PASS | IMEM Read -> 0x3a12
PASS | DMEM Read Disabled -> 0x0
PASS | IMEM Read -> 0x9c8c
PASS | DMEM Read -> 0x6fab
PASS | IMEM Read -> 0x9d
PASS | DMEM Read -> 0x8d95
PASS | IMEM Read -> 0x8e1f
PASS | DMEM Read Disabled -> 0x0
PASS | IMEM Read -> 0x6d
PASS | DMEM Read Disabled -> 0x0
PASS | IMEM Read -> 0x4499
PASS | DMEM Read Disabled -> 0x0
PASS | IMEM Read -> 0xc6ec
PASS | DMEM Read -> 0x32b5
PASS | IMEM Read -> 0xe79
PASS | DMEM Read Disabled -> 0x0
PASS | IMEM Read -> 0x292
PASS | DMEM Read -> 0xcd4d
PASS | IMEM Read -> 0x2f16
PASS | DMEM Read Disabled -> 0x0
PASS | IMEM Read -> 0xe47f
PASS | DMEM Read Disabled -> 0x0
PASS | IMEM Read -> 0x5160
PASS | DMEM Read Disabled -> 0x0
PASS | IMEM Read -> 0x2a3a
PASS | DMEM Read Disabled -> 0x0
PASS | IMEM Read -> 0xb815
PASS | DMEM Read Disabled -> 0x0
PASS | IMEM Read -> 0x2e45
PASS | DMEM Read Disabled -> 0x0
PASS | IMEM Read -> 0xb1b8
PASS | DMEM Read -> 0xdfa4
PASS | IMEM Read -> 0xa191
PASS | DMEM Read Disabled -> 0x0
PASS | IMEM Read -> 0xd334
PASS | DMEM Read -> 0xf679
PASS | IMEM Read -> 0x65ca
PASS | DMEM Read -> 0x7824
PASS | IMEM Read -> 0x2ea6
PASS | DMEM Read Disabled -> 0x0
PASS | IMEM Read -> 0xfd1
PASS | DMEM Read -> 0x7ff4
PASS | IMEM Read -> 0x7fb1
PASS | DMEM Read -> 0x7ff4
PASS | IMEM Read -> 0xc40a
PASS | DMEM Read Disabled -> 0x0
PASS | IMEM Read -> 0xcc49
PASS | DMEM Read -> 0x6763
PASS | IMEM Read -> 0x94e5
PASS | DMEM Read Disabled -> 0x0
PASS | IMEM Read -> 0x2999
PASS | DMEM Read Disabled -> 0x0
PASS | IMEM Read -> 0xd8a8
PASS | DMEM Read Disabled -> 0x0
PASS | IMEM Read -> 0x8f67
PASS | DMEM Read Disabled -> 0x0
PASS | IMEM Read -> 0x7068
PASS | DMEM Read Disabled -> 0x0
PASS | IMEM Read -> 0x7774
PASS | DMEM Read Disabled -> 0x0
PASS | IMEM Read -> 0x9c8c
PASS | DMEM Read -> 0x9ff9
PASS | IMEM Read -> 0x7f3d
PASS | DMEM Read Disabled -> 0x0
PASS | IMEM Read -> 0x989c
PASS | DMEM Read Disabled -> 0x0
PASS | IMEM Read -> 0x9537
PASS | DMEM Read Disabled -> 0x0
PASS | IMEM Read -> 0xdf0f
PASS | DMEM Read Disabled -> 0x0
PASS | IMEM Read -> 0x25f6
PASS | DMEM Read Disabled -> 0x0
PASS | IMEM Read -> 0x42ee
PASS | DMEM Read -> 0x8af1
PASS | IMEM Read -> 0x2b2c
PASS | DMEM Read Disabled -> 0x0
PASS | IMEM Read -> 0xb43f
PASS | DMEM Read -> 0xe6be
PASS | IMEM Read -> 0xfaf1
PASS | DMEM Read Disabled -> 0x0
PASS | IMEM Read -> 0x5d47
PASS | DMEM Read -> 0x557b
PASS | IMEM Read -> 0x4794
PASS | DMEM Read Disabled -> 0x0
PASS | IMEM Read -> 0xe89
PASS | DMEM Read Disabled -> 0x0
PASS | IMEM Read -> 0x433a
PASS | DMEM Read -> 0x5875
PASS | IMEM Read -> 0x1b56
PASS | DMEM Read -> 0x5f94
PASS | IMEM Read -> 0x5942
PASS | DMEM Read Disabled -> 0x0
PASS | IMEM Read -> 0x9bfb
PASS | DMEM Read -> 0x2e3b
PASS | IMEM Read -> 0x901d
PASS | DMEM Read Disabled -> 0x0
PASS | IMEM Read -> 0x25f6
PASS | DMEM Read -> 0xa1d2
PASS | IMEM Read -> 0xf8b3
PASS | DMEM Read -> 0x210f
PASS | IMEM Read -> 0x37d
PASS | DMEM Read -> 0xb93e
PASS | IMEM Read -> 0xffea
PASS | DMEM Read Disabled -> 0x0
PASS | IMEM Read -> 0x4f2e
PASS | DMEM Read Disabled -> 0x0
PASS | IMEM Read -> 0xe842
PASS | DMEM Read Disabled -> 0x0
PASS | IMEM Read -> 0xdca6
PASS | DMEM Read Disabled -> 0x0
PASS | IMEM Read -> 0xcd22
PASS | DMEM Read -> 0x266c
PASS | IMEM Read -> 0x6e2a
PASS | DMEM Read Disabled -> 0x0
PASS | IMEM Read -> 0x64d
PASS | DMEM Read -> 0x7824
PASS | IMEM Read -> 0x4f2e
PASS | DMEM Read Disabled -> 0x0
PASS | IMEM Read -> 0x808f
PASS | DMEM Read Disabled -> 0x0
PASS | IMEM Read -> 0x59f3
PASS | DMEM Read -> 0x3c12
PASS | IMEM Read -> 0x96ec
PASS | DMEM Read Disabled -> 0x0
PASS | IMEM Read -> 0xdf5b
PASS | DMEM Read -> 0x5d3f
PASS | IMEM Read -> 0xcbf1
PASS | DMEM Read Disabled -> 0x0
PASS | IMEM Read -> 0x7fb1
PASS | DMEM Read Disabled -> 0x0
PASS | IMEM Read -> 0x7774
PASS | DMEM Read Disabled -> 0x0
PASS | IMEM Read -> 0x100c
PASS | DMEM Read Disabled -> 0x0
PASS | IMEM Read -> 0x6f20
PASS | DMEM Read -> 0xb7a3
PASS | IMEM Read -> 0xd304
PASS | DMEM Read -> 0x5f94
PASS | IMEM Read -> 0x335
PASS | DMEM Read Disabled -> 0x0
PASS | IMEM Read -> 0xbda7
PASS | DMEM Read Disabled -> 0x0
PASS | IMEM Read -> 0x5b80
PASS | DMEM Read -> 0x9d0f
PASS | IMEM Read -> 0x9007
PASS | DMEM Read -> 0xdd78
PASS | IMEM Read -> 0xef8f
PASS | DMEM Read Disabled -> 0x0
PASS | IMEM Read -> 0xad9
PASS | DMEM Read Disabled -> 0x0
PASS | IMEM Read -> 0x1c3c
PASS | DMEM Read Disabled -> 0x0
PASS | IMEM Read -> 0x173e
PASS | DMEM Read Disabled -> 0x0
PASS | IMEM Read -> 0x2ae3
PASS | DMEM Read Disabled -> 0x0
PASS | IMEM Read -> 0x3c68
PASS | DMEM Read -> 0x20b8
PASS | IMEM Read -> 0xabcd
PASS | DMEM Read Disabled -> 0x0
PASS | IMEM Read -> 0xe969
PASS | DMEM Read -> 0x3c12
PASS | IMEM Read -> 0x5d6d
PASS | DMEM Read Disabled -> 0x0
PASS | IMEM Read -> 0x9537
PASS | DMEM Read Disabled -> 0x0
PASS | IMEM Read -> 0xcb2c
PASS | DMEM Read Disabled -> 0x0
PASS | IMEM Read -> 0x4d4f
PASS | DMEM Read Disabled -> 0x0
PASS | IMEM Read -> 0x9ea3
PASS | DMEM Read Disabled -> 0x0
PASS | IMEM Read -> 0x4156
PASS | DMEM Read Disabled -> 0x0
PASS | IMEM Read -> 0xb4ca
PASS | DMEM Read -> 0x6688
PASS | IMEM Read -> 0x852a
PASS | DMEM Read -> 0x5945
PASS | IMEM Read -> 0x386b
PASS | DMEM Read Disabled -> 0x0
PASS | IMEM Read -> 0x265e
PASS | DMEM Read Disabled -> 0x0
PASS | IMEM Read -> 0x852a
PASS | DMEM Read -> 0x788
PASS | IMEM Read -> 0xe75b
PASS | DMEM Read -> 0x1e88
PASS | IMEM Read -> 0x9d
PASS | DMEM Read -> 0x32b5
PASS | IMEM Read -> 0xfaf1
PASS | DMEM Read -> 0xfb83
PASS | IMEM Read -> 0x901a
PASS | DMEM Read -> 0x9036
PASS | IMEM Read -> 0x510
PASS | DMEM Read -> 0xd17f
PASS | IMEM Read -> 0xc0a0
PASS | DMEM Read Disabled -> 0x0
PASS | IMEM Read -> 0x676d
PASS | DMEM Read Disabled -> 0x0
PASS | IMEM Read -> 0xef4
PASS | DMEM Read Disabled -> 0x0
PASS | IMEM Read -> 0x1c45
PASS | DMEM Read Disabled -> 0x0
PASS | IMEM Read -> 0x8e1f
PASS | DMEM Read Disabled -> 0x0
PASS | IMEM Read -> 0xce65
PASS | DMEM Read Disabled -> 0x0
PASS | IMEM Read -> 0xe79
PASS | DMEM Read Disabled -> 0x0
PASS | IMEM Read -> 0xa191
PASS | DMEM Read Disabled -> 0x0
PASS | IMEM Read -> 0x477c
PASS | DMEM Read Disabled -> 0x0
PASS | IMEM Read -> 0x5a0a
PASS | DMEM Read Disabled -> 0x0
PASS | IMEM Read -> 0x2515
PASS | DMEM Read -> 0x8db7
PASS | IMEM Read -> 0x6d
PASS | DMEM Read Disabled -> 0x0
PASS | IMEM Read -> 0x3c68
PASS | DMEM Read Disabled -> 0x0
PASS | IMEM Read -> 0x3a12
PASS | DMEM Read Disabled -> 0x0
PASS | IMEM Read -> 0x2b2c
PASS | DMEM Read Disabled -> 0x0
PASS | IMEM Read -> 0x9278
PASS | DMEM Read Disabled -> 0x0
PASS | IMEM Read -> 0xf774
PASS | DMEM Read -> 0x6cc9
PASS | IMEM Read -> 0x5160
PASS | DMEM Read Disabled -> 0x0
PASS | IMEM Read -> 0xbb95
PASS | DMEM Read Disabled -> 0x0
PASS | IMEM Read -> 0x6d
PASS | DMEM Read Disabled -> 0x0
PASS | IMEM Read -> 0xa55c
PASS | DMEM Read Disabled -> 0x0
PASS | IMEM Read -> 0x5bfc
PASS | DMEM Read Disabled -> 0x0
PASS | IMEM Read -> 0x8e1f
PASS | DMEM Read -> 0xefa1
PASS | IMEM Read -> 0xa11a
PASS | DMEM Read -> 0x6a9e
PASS | IMEM Read -> 0x891
PASS | DMEM Read Disabled -> 0x0
PASS | IMEM Read -> 0x2cc8
PASS | DMEM Read Disabled -> 0x0
PASS | IMEM Read -> 0xbb95
PASS | DMEM Read Disabled -> 0x0
PASS | IMEM Read -> 0x1c3c
PASS | DMEM Read Disabled -> 0x0
PASS | IMEM Read -> 0x4c71
PASS | DMEM Read Disabled -> 0x0
PASS | IMEM Read -> 0xca4e
PASS | DMEM Read Disabled -> 0x0
PASS | IMEM Read -> 0x7fb1
PASS | DMEM Read -> 0x6688
PASS | IMEM Read -> 0x5e66
PASS | DMEM Read Disabled -> 0x0
PASS | IMEM Read -> 0xd321
PASS | DMEM Read -> 0xb8b8
PASS | IMEM Read -> 0xfd2f
PASS | DMEM Read Disabled -> 0x0
PASS | IMEM Read -> 0x96ec
PASS | DMEM Read -> 0xc548
PASS | IMEM Read -> 0x1a67
PASS | DMEM Read -> 0x310a
PASS | IMEM Read -> 0xb097
PASS | DMEM Read Disabled -> 0x0
PASS | IMEM Read -> 0x676d
PASS | DMEM Read -> 0xb8b8
PASS | IMEM Read -> 0x723d
PASS | DMEM Read Disabled -> 0x0
PASS | IMEM Read -> 0x4794
PASS | DMEM Read Disabled -> 0x0
PASS | IMEM Read -> 0xe79
PASS | DMEM Read Disabled -> 0x0
PASS | IMEM Read -> 0x25f6
PASS | DMEM Read Disabled -> 0x0
PASS | IMEM Read -> 0xe842
PASS | DMEM Read Disabled -> 0x0
PASS | IMEM Read -> 0xa323
PASS | DMEM Read Disabled -> 0x0
PASS | IMEM Read -> 0x3423
PASS | DMEM Read Disabled -> 0x0
PASS | IMEM Read -> 0xb43f
PASS | DMEM Read -> 0x3a6a
PASS | IMEM Read -> 0xb815
PASS | DMEM Read Disabled -> 0x0
PASS | IMEM Read -> 0xa22d
PASS | DMEM Read -> 0x1f0a
PASS | IMEM Read -> 0x77a7
PASS | DMEM Read Disabled -> 0x0
PASS | IMEM Read -> 0x96ec
PASS | DMEM Read -> 0xa2a9
PASS | IMEM Read -> 0xc1c3
PASS | DMEM Read Disabled -> 0x0
PASS | IMEM Read -> 0x8341
PASS | DMEM Read Disabled -> 0x0
PASS | IMEM Read -> 0x91b
PASS | DMEM Read Disabled -> 0x0
PASS | IMEM Read -> 0x4340
PASS | DMEM Read Disabled -> 0x0
PASS | IMEM Read -> 0x438b
PASS | DMEM Read Disabled -> 0x0
PASS | IMEM Read -> 0x4499
PASS | DMEM Read -> 0xefa1
PASS | IMEM Read -> 0x525b
PASS | DMEM Read -> 0xd06c
PASS | IMEM Read -> 0x24b8
PASS | DMEM Read Disabled -> 0x0
PASS | IMEM Read -> 0x808f
PASS | DMEM Read -> 0x6688
PASS | IMEM Read -> 0x2e45
PASS | DMEM Read Disabled -> 0x0
PASS | IMEM Read -> 0x7fb1
PASS | DMEM Read Disabled -> 0x0
PASS | IMEM Read -> 0x2566
PASS | DMEM Read Disabled -> 0x0
PASS | IMEM Read -> 0x5d6d
PASS | DMEM Read Disabled -> 0x0
PASS | IMEM Read -> 0xf810
PASS | DMEM Read -> 0x3b97
PASS | IMEM Read -> 0xed88
PASS | DMEM Read Disabled -> 0x0
PASS | IMEM Read -> 0x59e7
PASS | DMEM Read Disabled -> 0x0
PASS | IMEM Read -> 0x5b80
PASS | DMEM Read -> 0x7344
PASS | IMEM Read -> 0xb4ca
PASS | DMEM Read Disabled -> 0x0
PASS | IMEM Read -> 0x6e2a
PASS | DMEM Read Disabled -> 0x0
PASS | IMEM Read -> 0xfbe2
PASS | DMEM Read -> 0x6fb2
PASS | IMEM Read -> 0x651d
PASS | DMEM Read Disabled -> 0x0
PASS | IMEM Read -> 0xb297
PASS | DMEM Read Disabled -> 0x0
PASS | IMEM Read -> 0xcbf1
PASS | DMEM Read -> 0x8147
PASS | IMEM Read -> 0x1bba
PASS | DMEM Read Disabled -> 0x0
PASS | IMEM Read -> 0x4601
PASS | DMEM Read Disabled -> 0x0
PASS | IMEM Read -> 0xe89
PASS | DMEM Read Disabled -> 0x0
PASS | IMEM Read -> 0x7068
PASS | DMEM Read Disabled -> 0x0
PASS | IMEM Read -> 0x80ed
PASS | DMEM Read Disabled -> 0x0
PASS | IMEM Read -> 0x433a
PASS | DMEM Read Disabled -> 0x0
PASS | IMEM Read -> 0xc6ec
PASS | DMEM Read Disabled -> 0x0
PASS | IMEM Read -> 0xb4ca
PASS | DMEM Read -> 0xdf6c
PASS | IMEM Read -> 0x1b56
PASS | DMEM Read Disabled -> 0x0
PASS | IMEM Read -> 0xa8e8
PASS | DMEM Read -> 0x1be1
PASS | IMEM Read -> 0x65ca
PASS | DMEM Read -> 0xe03b
PASS | IMEM Read -> 0xb69e
PASS | DMEM Read Disabled -> 0x0
PASS | IMEM Read -> 0x59e7
PASS | DMEM Read -> 0x36b2
PASS | IMEM Read -> 0xc440
PASS | DMEM Read Disabled -> 0x0
PASS | IMEM Read -> 0x438b
PASS | DMEM Read Disabled -> 0x0
PASS | IMEM Read -> 0x891
PASS | DMEM Read -> 0xa183
PASS | IMEM Read -> 0x5d47
PASS | DMEM Read Disabled -> 0x0
PASS | IMEM Read -> 0x7f3d
PASS | DMEM Read Disabled -> 0x0
PASS | IMEM Read -> 0x79f7
PASS | DMEM Read Disabled -> 0x0
PASS | IMEM Read -> 0x901a
PASS | DMEM Read Disabled -> 0x0
PASS | IMEM Read -> 0x2999
PASS | DMEM Read Disabled -> 0x0
PASS | IMEM Read -> 0xfbe2
PASS | DMEM Read Disabled -> 0x0
PASS | IMEM Read -> 0x438b
PASS | DMEM Read Disabled -> 0x0
PASS | IMEM Read -> 0x64d
PASS | DMEM Read -> 0xf679
PASS | IMEM Read -> 0x7f3d
PASS | DMEM Read Disabled -> 0x0
PASS | IMEM Read -> 0x173e
PASS | DMEM Read Disabled -> 0x0
PASS | IMEM Read -> 0x808f
PASS | DMEM Read Disabled -> 0x0
PASS | IMEM Read -> 0x2b2c
PASS | DMEM Read -> 0x53c4
PASS | IMEM Read -> 0x636c
PASS | DMEM Read -> 0x5d3f
PASS | IMEM Read -> 0xb4ca
PASS | DMEM Read Disabled -> 0x0
PASS | IMEM Read -> 0x8e3
PASS | DMEM Read Disabled -> 0x0
PASS | IMEM Read -> 0x989c
PASS | DMEM Read -> 0xb738
PASS | IMEM Read -> 0x748a
PASS | DMEM Read Disabled -> 0x0
PASS | IMEM Read -> 0x5d6d
PASS | DMEM Read Disabled -> 0x0
PASS | IMEM Read -> 0x737e
PASS | DMEM Read Disabled -> 0x0
PASS | IMEM Read -> 0x4f12
PASS | DMEM Read -> 0x83e
PASS | IMEM Read -> 0x2ea6
PASS | DMEM Read -> 0x1be1
PASS | IMEM Read -> 0x57aa
PASS | DMEM Read -> 0x5a39
PASS | IMEM Read -> 0xfe9d
PASS | DMEM Read Disabled -> 0x0
PASS | IMEM Read -> 0x6da5
PASS | DMEM Read -> 0xccc
PASS | IMEM Read -> 0xabcd
PASS | DMEM Read Disabled -> 0x0
PASS | IMEM Read -> 0xdf5b
PASS | DMEM Read -> 0x6a9e
PASS | IMEM Read -> 0xca4e
PASS | DMEM Read Disabled -> 0x0
PASS | IMEM Read -> 0x9ea3
PASS | DMEM Read Disabled -> 0x0
PASS | IMEM Read -> 0x915b
PASS | DMEM Read Disabled -> 0x0
PASS | IMEM Read -> 0xe338
PASS | DMEM Read Disabled -> 0x0
PASS | IMEM Read -> 0x5160
PASS | DMEM Read -> 0x1be1
PASS | IMEM Read -> 0x2abe
PASS | DMEM Read -> 0xf162
PASS | IMEM Read -> 0xffea
PASS | DMEM Read Disabled -> 0x0
PASS | IMEM Read -> 0x5a4a
PASS | DMEM Read Disabled -> 0x0
PASS | IMEM Read -> 0x5d47
PASS | DMEM Read -> 0x9ff9
PASS | IMEM Read -> 0x61cd
PASS | DMEM Read Disabled -> 0x0
PASS | IMEM Read -> 0xf8b3
PASS | DMEM Read -> 0xbd9c
PASS | IMEM Read -> 0x8e1f
PASS | DMEM Read Disabled -> 0x0
PASS | IMEM Read -> 0x438b
PASS | DMEM Read Disabled -> 0x0
PASS | IMEM Read -> 0x66bc
PASS | DMEM Read -> 0xe4ff
PASS | IMEM Read -> 0x66bc
PASS | DMEM Read Disabled -> 0x0
PASS | IMEM Read -> 0x525b
PASS | DMEM Read Disabled -> 0x0
PASS | IMEM Read -> 0x989c
PASS | DMEM Read -> 0xac2f
PASS | IMEM Read -> 0x2a3a
PASS | DMEM Read -> 0xd1c8
PASS | IMEM Read -> 0x265e
PASS | DMEM Read -> 0xb8b8
PASS | IMEM Read -> 0x5d0c
PASS | DMEM Read Disabled -> 0x0
PASS | IMEM Read -> 0xe624
PASS | DMEM Read -> 0x9279
PASS | IMEM Read -> 0x9537
PASS | DMEM Read Disabled -> 0x0
PASS | IMEM Read -> 0x3d3
PASS | DMEM Read Disabled -> 0x0
PASS | IMEM Read -> 0xa11a
PASS | DMEM Read Disabled -> 0x0
PASS | IMEM Read -> 0xca9
PASS | DMEM Read -> 0xcf4a
PASS | IMEM Read -> 0x91f7
PASS | DMEM Read Disabled -> 0x0
PASS | IMEM Read -> 0x8341
PASS | DMEM Read Disabled -> 0x0
PASS | IMEM Read -> 0x525b
PASS | DMEM Read -> 0x2d48
PASS | IMEM Read -> 0xa11a
PASS | DMEM Read -> 0x3bf3
PASS | IMEM Read -> 0x9767
PASS | DMEM Read Disabled -> 0x0
PASS | IMEM Read -> 0x4d4f
PASS | DMEM Read Disabled -> 0x0
PASS | IMEM Read -> 0x242
PASS | DMEM Read Disabled -> 0x0
PASS | IMEM Read -> 0xabcd
PASS | DMEM Read Disabled -> 0x0
PASS | IMEM Read -> 0x3423
PASS | DMEM Read -> 0x428b
PASS | IMEM Read -> 0x53f6
PASS | DMEM Read Disabled -> 0x0
PASS | IMEM Read -> 0x89c2
PASS | DMEM Read Disabled -> 0x0
PASS | IMEM Read -> 0xabcd
PASS | DMEM Read -> 0x907f
PASS | IMEM Read -> 0x38bf
PASS | DMEM Read Disabled -> 0x0
PASS | IMEM Read -> 0x96ec
PASS | DMEM Read Disabled -> 0x0
PASS | IMEM Read -> 0x5d6d
PASS | DMEM Read Disabled -> 0x0
PASS | IMEM Read -> 0x9537
PASS | DMEM Read Disabled -> 0x0
PASS | IMEM Read -> 0x568c
PASS | DMEM Read Disabled -> 0x0
PASS | IMEM Read -> 0x2e70
PASS | DMEM Read -> 0xbd9c
PASS | IMEM Read -> 0x5e66
PASS | DMEM Read -> 0x6a46
PASS | IMEM Read -> 0xcebf
PASS | DMEM Read Disabled -> 0x0
PASS | IMEM Read -> 0x53f6
PASS | DMEM Read Disabled -> 0x0
PASS | IMEM Read -> 0x7c6d
PASS | DMEM Read Disabled -> 0x0
PASS | IMEM Read -> 0x5d47
PASS | DMEM Read Disabled -> 0x0
PASS | IMEM Read -> 0x5f21
PASS | DMEM Read Disabled -> 0x0
PASS | IMEM Read -> 0xf33
PASS | DMEM Read Disabled -> 0x0
PASS | IMEM Read -> 0xb505
PASS | DMEM Read Disabled -> 0x0
PASS | IMEM Read -> 0xfa76
PASS | DMEM Read Disabled -> 0x0
PASS | IMEM Read -> 0x4e73
PASS | DMEM Read Disabled -> 0x0
PASS | IMEM Read -> 0xe441
PASS | DMEM Read -> 0xdd64
PASS | IMEM Read -> 0x91f7
PASS | DMEM Read Disabled -> 0x0
PASS | IMEM Read -> 0x7fb1
PASS | DMEM Read Disabled -> 0x0
PASS | IMEM Read -> 0xe853
PASS | DMEM Read -> 0x9b7
PASS | IMEM Read -> 0xd47c
PASS | DMEM Read -> 0x51c1
PASS | IMEM Read -> 0xc6d2
PASS | DMEM Read -> 0x500e
PASS | IMEM Read -> 0xb32f
PASS | DMEM Read -> 0x4336
PASS | IMEM Read -> 0x2515
PASS | DMEM Read Disabled -> 0x0
PASS | IMEM Read -> 0x9537
PASS | DMEM Read Disabled -> 0x0
PASS | IMEM Read -> 0x2885
PASS | DMEM Read Disabled -> 0x0
PASS | IMEM Read -> 0x3c68
PASS | DMEM Read Disabled -> 0x0
PASS | IMEM Read -> 0x510
PASS | DMEM Read Disabled -> 0x0
PASS | IMEM Read -> 0x245d
PASS | DMEM Read -> 0xc40d
PASS | IMEM Read -> 0x8341
PASS | DMEM Read Disabled -> 0x0
PASS | IMEM Read -> 0x7fb1
PASS | DMEM Read -> 0xb1db
PASS | IMEM Read -> 0x5a76
PASS | DMEM Read -> 0x8147
PASS | IMEM Read -> 0x89c2
PASS | DMEM Read Disabled -> 0x0
PASS | IMEM Read -> 0x173e
PASS | DMEM Read -> 0x9097
PASS | IMEM Read -> 0xb32f
PASS | DMEM Read -> 0x3bf3
PASS | IMEM Read -> 0x4601
PASS | DMEM Read -> 0x35e7
PASS | IMEM Read -> 0xb097
PASS | DMEM Read Disabled -> 0x0
PASS | IMEM Read -> 0xef4
PASS | DMEM Read Disabled -> 0x0
PASS | IMEM Read -> 0x12b3
PASS | DMEM Read Disabled -> 0x0
PASS | IMEM Read -> 0xcd22
PASS | DMEM Read Disabled -> 0x0
PASS | IMEM Read -> 0xe89
PASS | DMEM Read Disabled -> 0x0
PASS | IMEM Read -> 0x265e
PASS | DMEM Read Disabled -> 0x0
PASS | IMEM Read -> 0x61cd
PASS | DMEM Read Disabled -> 0x0
PASS | IMEM Read -> 0x3c68
PASS | DMEM Read -> 0x7486
PASS | IMEM Read -> 0x9537
PASS | DMEM Read -> 0xccc
PASS | IMEM Read -> 0x5d0c
PASS | DMEM Read Disabled -> 0x0
PASS | IMEM Read -> 0x433a
PASS | DMEM Read -> 0x9213
PASS | IMEM Read -> 0xe441
PASS | DMEM Read Disabled -> 0x0
PASS | IMEM Read -> 0x60db
PASS | DMEM Read Disabled -> 0x0
PASS | IMEM Read -> 0xca9
PASS | DMEM Read Disabled -> 0x0
PASS | IMEM Read -> 0x1ec1
PASS | DMEM Read -> 0xd06c
PASS | IMEM Read -> 0xe842
PASS | DMEM Read Disabled -> 0x0
PASS | IMEM Read -> 0x700e
PASS | DMEM Read -> 0xbd9c
PASS | IMEM Read -> 0xd70
PASS | DMEM Read Disabled -> 0x0
PASS | IMEM Read -> 0x59f3
PASS | DMEM Read -> 0x4038
PASS | IMEM Read -> 0x1ec1
PASS | DMEM Read Disabled -> 0x0
PASS | IMEM Read -> 0x99f
PASS | DMEM Read Disabled -> 0x0
PASS | IMEM Read -> 0x2cc8
PASS | DMEM Read -> 0x6793
PASS | IMEM Read -> 0xd40c
PASS | DMEM Read Disabled -> 0x0
PASS | IMEM Read -> 0x2515
PASS | DMEM Read Disabled -> 0x0
PASS | IMEM Read -> 0x7774
PASS | DMEM Read Disabled -> 0x0
PASS | IMEM Read -> 0x96ec
PASS | DMEM Read -> 0x633f
PASS | IMEM Read -> 0x57aa
PASS | DMEM Read Disabled -> 0x0
PASS | IMEM Read -> 0x4daf
PASS | DMEM Read -> 0x47ff
PASS | IMEM Read -> 0x9bfb
PASS | DMEM Read Disabled -> 0x0
PASS | IMEM Read -> 0x335
PASS | DMEM Read Disabled -> 0x0
PASS | IMEM Read -> 0x5942
PASS | DMEM Read Disabled -> 0x0
PASS | IMEM Read -> 0xd8a8
PASS | DMEM Read Disabled -> 0x0
PASS | IMEM Read -> 0x8e3
PASS | DMEM Read -> 0x9b7
PASS | IMEM Read -> 0xad9
PASS | DMEM Read Disabled -> 0x0
PASS | IMEM Read -> 0xdf5b
PASS | DMEM Read Disabled -> 0x0
PASS | IMEM Read -> 0x8a2b
PASS | DMEM Read Disabled -> 0x0
PASS | IMEM Read -> 0x59e7
PASS | DMEM Read -> 0xba84
PASS | IMEM Read -> 0xa738
PASS | DMEM Read Disabled -> 0x0
PASS | IMEM Read -> 0x1c4c
PASS | DMEM Read Disabled -> 0x0
PASS | IMEM Read -> 0x53f6
PASS | DMEM Read Disabled -> 0x0
PASS | IMEM Read -> 0x8599
PASS | DMEM Read Disabled -> 0x0
PASS | IMEM Read -> 0xbf0f
PASS | DMEM Read Disabled -> 0x0
PASS | IMEM Read -> 0xfab
PASS | DMEM Read Disabled -> 0x0
PASS | IMEM Read -> 0x7cbc
PASS | DMEM Read Disabled -> 0x0
PASS | IMEM Read -> 0x9026
PASS | DMEM Read Disabled -> 0x0
PASS | IMEM Read -> 0x8e3
PASS | DMEM Read Disabled -> 0x0
PASS | IMEM Read -> 0x245d
PASS | DMEM Read Disabled -> 0x0
PASS | IMEM Read -> 0xca9
PASS | DMEM Read Disabled -> 0x0
PASS | IMEM Read -> 0xc606
PASS | DMEM Read Disabled -> 0x0
PASS | IMEM Read -> 0x92a3
PASS | DMEM Read -> 0xc281
PASS | IMEM Read -> 0x66bc
PASS | DMEM Read Disabled -> 0x0
PASS | IMEM Read -> 0x3a12
PASS | DMEM Read Disabled -> 0x0
PASS | IMEM Read -> 0x33fd
PASS | DMEM Read Disabled -> 0x0
PASS | IMEM Read -> 0x2ea6
PASS | DMEM Read Disabled -> 0x0
PASS | IMEM Read -> 0x3c68
PASS | DMEM Read Disabled -> 0x0
PASS | IMEM Read -> 0x808f
PASS | DMEM Read Disabled -> 0x0
PASS | IMEM Read -> 0x7068
PASS | DMEM Read Disabled -> 0x0
PASS | IMEM Read -> 0x1c3c
PASS | DMEM Read -> 0x5a98
PASS | IMEM Read -> 0x2b2c
PASS | DMEM Read Disabled -> 0x0
PASS | IMEM Read -> 0xc40a
PASS | DMEM Read Disabled -> 0x0
PASS | IMEM Read -> 0xcb2c
PASS | DMEM Read Disabled -> 0x0
PASS | IMEM Read -> 0x57aa
PASS | DMEM Read Disabled -> 0x0
PASS | IMEM Read -> 0xa8e8
PASS | DMEM Read Disabled -> 0x0
PASS | IMEM Read -> 0x5a76
PASS | DMEM Read -> 0x2e3b
PASS | IMEM Read -> 0x5e1a
PASS | DMEM Read Disabled -> 0x0
PASS | IMEM Read -> 0x9547
PASS | DMEM Read Disabled -> 0x0
PASS | IMEM Read -> 0x242
PASS | DMEM Read -> 0xdd85
PASS | IMEM Read -> 0x242
PASS | DMEM Read -> 0x5f8a
PASS | IMEM Read -> 0x79f7
PASS | DMEM Read -> 0x600c
PASS | IMEM Read -> 0x7cbc
PASS | DMEM Read -> 0x163c
PASS | IMEM Read -> 0x2566
PASS | DMEM Read Disabled -> 0x0
PASS | IMEM Read -> 0x8a2b
PASS | DMEM Read Disabled -> 0x0
PASS | IMEM Read -> 0x808f
PASS | DMEM Read Disabled -> 0x0
PASS | IMEM Read -> 0xb815
PASS | DMEM Read Disabled -> 0x0
PASS | IMEM Read -> 0x6c02
PASS | DMEM Read Disabled -> 0x0
PASS | IMEM Read -> 0x100c
PASS | DMEM Read -> 0x3320
PASS | IMEM Read -> 0x700e
PASS | DMEM Read Disabled -> 0x0
PASS | IMEM Read -> 0x4e73
PASS | DMEM Read Disabled -> 0x0
PASS | IMEM Read -> 0x3423
PASS | DMEM Read Disabled -> 0x0
PASS | IMEM Read -> 0x53f6
PASS | DMEM Read Disabled -> 0x0
PASS | IMEM Read -> 0x748a
PASS | DMEM Read -> 0xa25
PASS | IMEM Read -> 0x525b
PASS | DMEM Read Disabled -> 0x0
PASS | IMEM Read -> 0xc606
PASS | DMEM Read Disabled -> 0x0
PASS | IMEM Read -> 0xf023
PASS | DMEM Read Disabled -> 0x0
PASS | IMEM Read -> 0xdf5b
PASS | DMEM Read -> 0xf4cb
PASS | IMEM Read -> 0x8e1f
PASS | DMEM Read Disabled -> 0x0
PASS | IMEM Read -> 0x173e
PASS | DMEM Read Disabled -> 0x0
PASS | IMEM Read -> 0x29eb
PASS | DMEM Read Disabled -> 0x0
PASS | IMEM Read -> 0x4d4f
PASS | DMEM Read Disabled -> 0x0
PASS | IMEM Read -> 0x525b
PASS | DMEM Read -> 0xf975
PASS | IMEM Read -> 0x9547
PASS | DMEM Read Disabled -> 0x0
PASS | IMEM Read -> 0xd304
PASS | DMEM Read Disabled -> 0x0
PASS | IMEM Read -> 0xcd22
PASS | DMEM Read -> 0xbd40
PASS | IMEM Read -> 0xc40a
PASS | DMEM Read Disabled -> 0x0
PASS | IMEM Read -> 0x2c36
PASS | DMEM Read -> 0x2080
PASS | IMEM Read -> 0xef8f
PASS | DMEM Read Disabled -> 0x0
PASS | IMEM Read -> 0xbe18
PASS | DMEM Read Disabled -> 0x0
PASS | IMEM Read -> 0x63f9
PASS | DMEM Read Disabled -> 0x0
PASS | IMEM Read -> 0x3a12
PASS | DMEM Read Disabled -> 0x0
PASS | IMEM Read -> 0x7774
PASS | DMEM Read -> 0xd83a
PASS | IMEM Read -> 0x808f
PASS | DMEM Read -> 0xa314
PASS | IMEM Read -> 0xdd2b
PASS | DMEM Read Disabled -> 0x0
PASS | IMEM Read -> 0xd321
PASS | DMEM Read Disabled -> 0x0
PASS | IMEM Read -> 0x433a
PASS | DMEM Read Disabled -> 0x0
PASS | IMEM Read -> 0x2b2c
PASS | DMEM Read -> 0xb4d1
PASS | IMEM Read -> 0x1ec1
PASS | DMEM Read -> 0x10b
PASS | IMEM Read -> 0x8599
PASS | DMEM Read -> 0x5e72
PASS | IMEM Read -> 0xa5fc
PASS | DMEM Read Disabled -> 0x0
PASS | IMEM Read -> 0x748a
PASS | DMEM Read -> 0xcf4a
PASS | IMEM Read -> 0x4794
PASS | DMEM Read -> 0x6763
PASS | IMEM Read -> 0x636c
PASS | DMEM Read Disabled -> 0x0
PASS | IMEM Read -> 0x89c2
PASS | DMEM Read Disabled -> 0x0
PASS | IMEM Read -> 0x5e66
PASS | DMEM Read Disabled -> 0x0
PASS | IMEM Read -> 0x89c2
PASS | DMEM Read Disabled -> 0x0
PASS | IMEM Read -> 0x5942
PASS | DMEM Read -> 0xb738
PASS | IMEM Read -> 0x2ae3
PASS | DMEM Read -> 0xfc7a
PASS | IMEM Read -> 0x7cbc
PASS | DMEM Read Disabled -> 0x0
PASS | IMEM Read -> 0xa8e8
PASS | DMEM Read Disabled -> 0x0
PASS | IMEM Read -> 0xe96d
PASS | DMEM Read -> 0xba50
PASS | IMEM Read -> 0x12b3
PASS | DMEM Read -> 0x4336
PASS | IMEM Read -> 0x737e
PASS | DMEM Read Disabled -> 0x0
PASS | IMEM Read -> 0x97ed
PASS | DMEM Read Disabled -> 0x0
PASS | IMEM Read -> 0xe75b
PASS | DMEM Read -> 0x38c6
PASS | IMEM Read -> 0x9767
PASS | DMEM Read Disabled -> 0x0
PASS | IMEM Read -> 0x61cd
PASS | DMEM Read -> 0x7471
PASS | IMEM Read -> 0x5e7c
PASS | DMEM Read Disabled -> 0x0
PASS | IMEM Read -> 0xc606
PASS | DMEM Read -> 0xcd1a
PASS | IMEM Read -> 0x8a2b
PASS | DMEM Read Disabled -> 0x0
PASS | IMEM Read -> 0x37d
PASS | DMEM Read -> 0x3b16
PASS | IMEM Read -> 0x2bca
PASS | DMEM Read -> 0xcf56
PASS | IMEM Read -> 0x5e7c
PASS | DMEM Read -> 0xa213
PASS | IMEM Read -> 0x97ed
PASS | DMEM Read Disabled -> 0x0
PASS | IMEM Read -> 0x8a2b
PASS | DMEM Read -> 0x7471
PASS | IMEM Read -> 0xf810
PASS | DMEM Read Disabled -> 0x0
PASS | IMEM Read -> 0x2ae3
PASS | DMEM Read Disabled -> 0x0
PASS | IMEM Read -> 0xfab
PASS | DMEM Read Disabled -> 0x0
PASS | IMEM Read -> 0xcbf1
PASS | DMEM Read -> 0xcf4a
PASS | IMEM Read -> 0x6f20
PASS | DMEM Read -> 0x500e
PASS | IMEM Read -> 0x3a12
PASS | DMEM Read Disabled -> 0x0
PASS | IMEM Read -> 0xc47
PASS | DMEM Read -> 0xcd3c
PASS | IMEM Read -> 0xffea
PASS | DMEM Read -> 0x837e
PASS | IMEM Read -> 0x42ee
PASS | DMEM Read Disabled -> 0x0
PASS | IMEM Read -> 0x525b
PASS | DMEM Read -> 0xf3a6
PASS | IMEM Read -> 0xb43f
PASS | DMEM Read Disabled -> 0x0
PASS | IMEM Read -> 0xfab
PASS | DMEM Read -> 0x45bd
PASS | IMEM Read -> 0x477c
PASS | DMEM Read Disabled -> 0x0
PASS | IMEM Read -> 0x4fc8
PASS | DMEM Read Disabled -> 0x0
PASS | IMEM Read -> 0x5a4a
PASS | DMEM Read Disabled -> 0x0
PASS | IMEM Read -> 0x59f3
PASS | DMEM Read Disabled -> 0x0
PASS | IMEM Read -> 0x723d
PASS | DMEM Read -> 0xbe3d
PASS | IMEM Read -> 0x915b
PASS | DMEM Read Disabled -> 0x0
PASS | IMEM Read -> 0x808f
PASS | DMEM Read Disabled -> 0x0
PASS | IMEM Read -> 0x4fc8
PASS | DMEM Read Disabled -> 0x0
PASS | IMEM Read -> 0xbe18
PASS | DMEM Read -> 0x45cf
PASS | IMEM Read -> 0x4794
PASS | DMEM Read Disabled -> 0x0
PASS | IMEM Read -> 0xed88
PASS | DMEM Read -> 0xbb81
PASS | IMEM Read -> 0xb4ca
PASS | DMEM Read Disabled -> 0x0
PASS | IMEM Read -> 0xcb2c
PASS | DMEM Read Disabled -> 0x0
PASS | IMEM Read -> 0x698f
PASS | DMEM Read Disabled -> 0x0
PASS | IMEM Read -> 0x374a
PASS | DMEM Read Disabled -> 0x0
PASS | IMEM Read -> 0x242
PASS | DMEM Read Disabled -> 0x0
PASS | IMEM Read -> 0xb097
PASS | DMEM Read Disabled -> 0x0
PASS | IMEM Read -> 0x1bba
PASS | DMEM Read Disabled -> 0x0
PASS | IMEM Read -> 0x8b9a
PASS | DMEM Read Disabled -> 0x0
PASS | IMEM Read -> 0x9537
PASS | DMEM Read Disabled -> 0x0
PASS | IMEM Read -> 0x915b
PASS | DMEM Read -> 0xb1db
PASS | IMEM Read -> 0x89c2
PASS | DMEM Read Disabled -> 0x0
PASS | IMEM Read -> 0xfab
PASS | DMEM Read -> 0x6517
PASS | IMEM Read -> 0x4391
PASS | DMEM Read Disabled -> 0x0
PASS | IMEM Read -> 0x9007
PASS | DMEM Read Disabled -> 0x0
PASS | IMEM Read -> 0x510
PASS | DMEM Read -> 0xbd40
PASS | IMEM Read -> 0x4f12
PASS | DMEM Read Disabled -> 0x0
PASS | IMEM Read -> 0xd304
PASS | DMEM Read -> 0x4d63
PASS | IMEM Read -> 0x9d
PASS | DMEM Read -> 0x1950
PASS | IMEM Read -> 0x737e
PASS | DMEM Read Disabled -> 0x0
PASS | IMEM Read -> 0x9c8c
PASS | DMEM Read -> 0xe99b
PASS | IMEM Read -> 0x63f9
PASS | DMEM Read -> 0x4b0b
PASS | IMEM Read -> 0xb297
PASS | DMEM Read Disabled -> 0x0
PASS | IMEM Read -> 0xc40a
PASS | DMEM Read -> 0x266c
PASS | IMEM Read -> 0xc1c3
PASS | DMEM Read Disabled -> 0x0
PASS | IMEM Read -> 0xef8f
PASS | DMEM Read Disabled -> 0x0
PASS | IMEM Read -> 0x64d
PASS | DMEM Read -> 0x9d0f
PASS | IMEM Read -> 0x64d
PASS | DMEM Read Disabled -> 0x0
PASS | IMEM Read -> 0x60db
PASS | DMEM Read -> 0x9279
PASS | IMEM Read -> 0x94e5
PASS | DMEM Read Disabled -> 0x0
PASS | IMEM Read -> 0x42d4
PASS | DMEM Read Disabled -> 0x0
PASS | IMEM Read -> 0x42ee
PASS | DMEM Read Disabled -> 0x0
PASS | IMEM Read -> 0xf33
PASS | DMEM Read Disabled -> 0x0
PASS | IMEM Read -> 0x1c4c
PASS | DMEM Read -> 0x240c
PASS | IMEM Read -> 0xbe18
PASS | DMEM Read -> 0xc42c
PASS | IMEM Read -> 0x1a67
PASS | DMEM Read Disabled -> 0x0
PASS | IMEM Read -> 0xb815
PASS | DMEM Read Disabled -> 0x0
PASS | IMEM Read -> 0x848c
PASS | DMEM Read Disabled -> 0x0
PASS | IMEM Read -> 0x8599
PASS | DMEM Read Disabled -> 0x0
PASS | IMEM Read -> 0x4c71
PASS | DMEM Read Disabled -> 0x0
PASS | IMEM Read -> 0xe842
PASS | DMEM Read Disabled -> 0x0
PASS | IMEM Read -> 0x7068
PASS | DMEM Read -> 0x47ff
PASS | IMEM Read -> 0x94e5
PASS | DMEM Read -> 0x51c1
PASS | IMEM Read -> 0x2f16
PASS | DMEM Read Disabled -> 0x0
PASS | IMEM Read -> 0xfa76
PASS | DMEM Read Disabled -> 0x0
PASS | IMEM Read -> 0x3a12
PASS | DMEM Read -> 0x7194
PASS | IMEM Read -> 0x5a0a
PASS | DMEM Read Disabled -> 0x0
PASS | IMEM Read -> 0x5d0c
PASS | DMEM Read -> 0x335a
PASS | IMEM Read -> 0xbda7
PASS | DMEM Read -> 0x2947
PASS | IMEM Read -> 0xed88
PASS | DMEM Read Disabled -> 0x0
PASS | IMEM Read -> 0x4499
PASS | DMEM Read Disabled -> 0x0
PASS | IMEM Read -> 0x9537
PASS | DMEM Read -> 0x6cc9
PASS | IMEM Read -> 0x3d3
PASS | DMEM Read -> 0x500e
PASS | IMEM Read -> 0xb43f
PASS | DMEM Read -> 0x7a95
PASS | IMEM Read -> 0xebf8
PASS | DMEM Read -> 0xea83
PASS | IMEM Read -> 0x65ca
PASS | DMEM Read Disabled -> 0x0
PASS | IMEM Read -> 0x42d4
PASS | DMEM Read Disabled -> 0x0
PASS | IMEM Read -> 0x8f67
PASS | DMEM Read -> 0xdb65
PASS | IMEM Read -> 0x31ce
PASS | DMEM Read Disabled -> 0x0
PASS | IMEM Read -> 0x3423
PASS | DMEM Read Disabled -> 0x0
PASS | IMEM Read -> 0xfe9d
PASS | DMEM Read Disabled -> 0x0
PASS | IMEM Read -> 0xa738
PASS | DMEM Read Disabled -> 0x0
PASS | IMEM Read -> 0xfaf1
PASS | DMEM Read Disabled -> 0x0
PASS | IMEM Read -> 0xf774
PASS | DMEM Read -> 0xc281
PASS | IMEM Read -> 0xf8b3
PASS | DMEM Read -> 0x5f50
PASS | IMEM Read -> 0x25f6
PASS | DMEM Read Disabled -> 0x0
PASS | IMEM Read -> 0x8e3
PASS | DMEM Read Disabled -> 0x0
PASS | IMEM Read -> 0xad9
PASS | DMEM Read Disabled -> 0x0
PASS | IMEM Read -> 0x91f7
PASS | DMEM Read -> 0xee11
PASS | IMEM Read -> 0x8e1f
PASS | DMEM Read -> 0x812e
PASS | IMEM Read -> 0x4f12
PASS | DMEM Read -> 0x19d0
PASS | IMEM Read -> 0xe969
PASS | DMEM Read Disabled -> 0x0
PASS | IMEM Read -> 0x748a
PASS | DMEM Read Disabled -> 0x0
PASS | IMEM Read -> 0xf98d
PASS | DMEM Read -> 0x2b6a
PASS | IMEM Read -> 0xca4e
PASS | DMEM Read -> 0x265b
PASS | IMEM Read -> 0x6e2a
PASS | DMEM Read Disabled -> 0x0
PASS | IMEM Read -> 0x8e1f
PASS | DMEM Read -> 0x50fd
PASS | IMEM Read -> 0x4156
PASS | DMEM Read Disabled -> 0x0
PASS | IMEM Read -> 0x2c36
PASS | DMEM Read Disabled -> 0x0
PASS | IMEM Read -> 0x438b
PASS | DMEM Read -> 0x289
PASS | IMEM Read -> 0x292
PASS | DMEM Read Disabled -> 0x0
PASS | IMEM Read -> 0x265e
PASS | DMEM Read Disabled -> 0x0
PASS | IMEM Read -> 0xd321
PASS | DMEM Read -> 0xdd42
PASS | IMEM Read -> 0x91b
PASS | DMEM Read Disabled -> 0x0
PASS | IMEM Read -> 0xabcd
PASS | DMEM Read -> 0x4a36
PASS | IMEM Read -> 0x1ec1
PASS | DMEM Read Disabled -> 0x0
PASS | IMEM Read -> 0xfab
PASS | DMEM Read Disabled -> 0x0
PASS | IMEM Read -> 0x265e
PASS | DMEM Read Disabled -> 0x0
PASS | IMEM Read -> 0xa5fc
PASS | DMEM Read Disabled -> 0x0
PASS | IMEM Read -> 0x848c
PASS | DMEM Read -> 0xc8c8
PASS | IMEM Read -> 0x2e45
PASS | DMEM Read Disabled -> 0x0
PASS | IMEM Read -> 0x2b1c
PASS | DMEM Read -> 0x977d
PASS | IMEM Read -> 0x33fd
PASS | DMEM Read Disabled -> 0x0
PASS | IMEM Read -> 0x1c3c
PASS | DMEM Read Disabled -> 0x0
PASS | IMEM Read -> 0x723d
PASS | DMEM Read -> 0x663c
PASS | IMEM Read -> 0x91b
PASS | DMEM Read -> 0xdd85
PASS | IMEM Read -> 0x698f
PASS | DMEM Read -> 0x4646
PASS | IMEM Read -> 0x91f7
PASS | DMEM Read Disabled -> 0x0
PASS | IMEM Read -> 0x3e2
PASS | DMEM Read -> 0x1fb4
PASS | IMEM Read -> 0x4daf
PASS | DMEM Read -> 0xf694
PASS | IMEM Read -> 0x1c3c
PASS | DMEM Read Disabled -> 0x0
PASS | IMEM Read -> 0xb297
PASS | DMEM Read Disabled -> 0x0
PASS | IMEM Read -> 0x636c
PASS | DMEM Read -> 0x5618
PASS | IMEM Read -> 0xca9
PASS | DMEM Read Disabled -> 0x0
PASS | IMEM Read -> 0xe853
PASS | DMEM Read Disabled -> 0x0
PASS | IMEM Read -> 0x5d6d
PASS | DMEM Read -> 0x9213
PASS | IMEM Read -> 0x9278
PASS | DMEM Read -> 0x2d04
PASS | IMEM Read -> 0x4601
PASS | DMEM Read Disabled -> 0x0
PASS | IMEM Read -> 0x6da5
PASS | DMEM Read Disabled -> 0x0
PASS | IMEM Read -> 0xb69e
PASS | DMEM Read Disabled -> 0x0
PASS | IMEM Read -> 0x34bb
PASS | DMEM Read Disabled -> 0x0
PASS | IMEM Read -> 0x1c3c
PASS | DMEM Read Disabled -> 0x0
PASS | IMEM Read -> 0xb746
PASS | DMEM Read Disabled -> 0x0
PASS | IMEM Read -> 0x3423
PASS | DMEM Read Disabled -> 0x0
PASS | IMEM Read -> 0x4156
PASS | DMEM Read Disabled -> 0x0
PASS | IMEM Read -> 0x5e7c
PASS | DMEM Read -> 0xd5e5
PASS | IMEM Read -> 0x5a4a
PASS | DMEM Read -> 0xcf56
PASS | IMEM Read -> 0xffea
PASS | DMEM Read Disabled -> 0x0
PASS | IMEM Read -> 0x2a3a
PASS | DMEM Read -> 0xed55
PASS | IMEM Read -> 0x96be
PASS | DMEM Read -> 0xde39
PASS | IMEM Read -> 0xe213
PASS | DMEM Read Disabled -> 0x0
PASS | IMEM Read -> 0x4f2e
PASS | DMEM Read -> 0xcf2f
PASS | IMEM Read -> 0x17db
PASS | DMEM Read Disabled -> 0x0
PASS | IMEM Read -> 0x4daf
PASS | DMEM Read Disabled -> 0x0
PASS | IMEM Read -> 0x852a
PASS | DMEM Read Disabled -> 0x0
PASS | IMEM Read -> 0x848c
PASS | DMEM Read -> 0xcd3c
PASS | IMEM Read -> 0xcebf
PASS | DMEM Read Disabled -> 0x0
PASS | IMEM Read -> 0xbb95
PASS | DMEM Read -> 0xec0e
PASS | IMEM Read -> 0x5942
PASS | DMEM Read Disabled -> 0x0
PASS | IMEM Read -> 0xef4
PASS | DMEM Read Disabled -> 0x0
PASS | IMEM Read -> 0x245d
PASS | DMEM Read -> 0xb4d1
PASS | IMEM Read -> 0x292
PASS | DMEM Read Disabled -> 0x0
PASS | IMEM Read -> 0x8b9a
PASS | DMEM Read Disabled -> 0x0
PASS | IMEM Read -> 0xe96d
PASS | DMEM Read Disabled -> 0x0
PASS | IMEM Read -> 0xf98d
PASS | DMEM Read -> 0xdc18
PASS | IMEM Read -> 0x5a4a
PASS | DMEM Read -> 0x61af
PASS | IMEM Read -> 0x42d4
PASS | DMEM Read Disabled -> 0x0
PASS | IMEM Read -> 0x42ee
PASS | DMEM Read Disabled -> 0x0
PASS | IMEM Read -> 0x477c
PASS | DMEM Read Disabled -> 0x0
PASS | IMEM Read -> 0x60db
PASS | DMEM Read Disabled -> 0x0
PASS | IMEM Read -> 0xa11a
PASS | DMEM Read Disabled -> 0x0
PASS | IMEM Read -> 0x2e70
PASS | DMEM Read Disabled -> 0x0
PASS | IMEM Read -> 0xe338
PASS | DMEM Read Disabled -> 0x0
PASS | IMEM Read -> 0x2515
PASS | DMEM Read -> 0xac2f
PASS | IMEM Read -> 0x5a0a
PASS | DMEM Read -> 0xd870
PASS | IMEM Read -> 0xe79
PASS | DMEM Read -> 0x692c
PASS | IMEM Read -> 0x568c
PASS | DMEM Read Disabled -> 0x0
PASS | IMEM Read -> 0xa262
PASS | DMEM Read Disabled -> 0x0
PASS | IMEM Read -> 0x242
PASS | DMEM Read Disabled -> 0x0
PASS | IMEM Read -> 0x12b3
PASS | DMEM Read -> 0x10b4
PASS | IMEM Read -> 0xe213
PASS | DMEM Read Disabled -> 0x0
PASS | IMEM Read -> 0xabcd
PASS | DMEM Read Disabled -> 0x0
PASS | IMEM Read -> 0x700e
PASS | DMEM Read -> 0x2726
PASS | IMEM Read -> 0x7f3d
PASS | DMEM Read -> 0xbce1
PASS | IMEM Read -> 0xbe18
PASS | DMEM Read -> 0xf7f0
PASS | IMEM Read -> 0x5a76
PASS | DMEM Read Disabled -> 0x0
PASS | IMEM Read -> 0xc5
PASS | DMEM Read Disabled -> 0x0
PASS | IMEM Read -> 0x5a76
PASS | DMEM Read Disabled -> 0x0
PASS | IMEM Read -> 0x3e2
PASS | DMEM Read Disabled -> 0x0
PASS | IMEM Read -> 0x6e2a
PASS | DMEM Read -> 0xd94
PASS | IMEM Read -> 0x96be
PASS | DMEM Read Disabled -> 0x0
PASS | IMEM Read -> 0x7774
PASS | DMEM Read Disabled -> 0x0
PASS | IMEM Read -> 0x9537
PASS | DMEM Read -> 0xcc7f
PASS | IMEM Read -> 0xb32f
PASS | DMEM Read -> 0xa25
PASS | IMEM Read -> 0x38bf
PASS | DMEM Read Disabled -> 0x0
PASS | IMEM Read -> 0xee77
PASS | DMEM Read -> 0x5618
PASS | IMEM Read -> 0xa09d
PASS | DMEM Read Disabled -> 0x0
PASS | IMEM Read -> 0x2cc8
PASS | DMEM Read Disabled -> 0x0
PASS | IMEM Read -> 0x4601
PASS | DMEM Read -> 0xee11
PASS | IMEM Read -> 0x1b56
PASS | DMEM Read Disabled -> 0x0
PASS | IMEM Read -> 0xcd22
PASS | DMEM Read Disabled -> 0x0
PASS | IMEM Read -> 0x9026
PASS | DMEM Read -> 0x72bf
PASS | IMEM Read -> 0x3423
PASS | DMEM Read Disabled -> 0x0
PASS | IMEM Read -> 0xb505
PASS | DMEM Read Disabled -> 0x0
PASS | IMEM Read -> 0x9ea3
PASS | DMEM Read Disabled -> 0x0
PASS | IMEM Read -> 0x494f
PASS | DMEM Read -> 0xe1ba
PASS | IMEM Read -> 0xc47
PASS | DMEM Read -> 0xb93e
PASS | IMEM Read -> 0xd321
PASS | DMEM Read Disabled -> 0x0
PASS | IMEM Read -> 0x723d
PASS | DMEM Read -> 0xd21
PASS | IMEM Read -> 0x1913
PASS | DMEM Read Disabled -> 0x0
PASS | IMEM Read -> 0x91f7
PASS | DMEM Read Disabled -> 0x0
PASS | IMEM Read -> 0x9026
PASS | DMEM Read -> 0xa1bd
PASS | IMEM Read -> 0x65ca
PASS | DMEM Read -> 0x6ee0
PASS | IMEM Read -> 0xfaf1
PASS | DMEM Read Disabled -> 0x0
PASS | IMEM Read -> 0xef4
PASS | DMEM Read -> 0xee11
PASS | IMEM Read -> 0x6f20
PASS | DMEM Read -> 0x9b7
PASS | IMEM Read -> 0xb32f
PASS | DMEM Read Disabled -> 0x0
PASS | IMEM Read -> 0xa738
PASS | DMEM Read -> 0xa25
PASS | IMEM Read -> 0x651d
PASS | DMEM Read Disabled -> 0x0
PASS | IMEM Read -> 0x3c68
PASS | DMEM Read Disabled -> 0x0
PASS | IMEM Read -> 0xbda7
PASS | DMEM Read Disabled -> 0x0
PASS | IMEM Read -> 0x79f7
PASS | DMEM Read Disabled -> 0x0
PASS | IMEM Read -> 0xd321
PASS | DMEM Read Disabled -> 0x0
PASS | IMEM Read -> 0x335
PASS | DMEM Read Disabled -> 0x0
PASS | IMEM Read -> 0x60db
PASS | DMEM Read -> 0xafa7
PASS | IMEM Read -> 0x17db
PASS | DMEM Read Disabled -> 0x0
PASS | IMEM Read -> 0x9537
PASS | DMEM Read Disabled -> 0x0
PASS | IMEM Read -> 0x42ee
PASS | DMEM Read Disabled -> 0x0
PASS | IMEM Read -> 0xe441
PASS | DMEM Read Disabled -> 0x0
PASS | IMEM Read -> 0x6126
PASS | DMEM Read -> 0x8b2e
PASS | IMEM Read -> 0xca9
PASS | DMEM Read -> 0xbfd1
PASS | IMEM Read -> 0xa8e8
PASS | DMEM Read Disabled -> 0x0
PASS | IMEM Read -> 0x9026
PASS | DMEM Read Disabled -> 0x0
PASS | IMEM Read -> 0x698f
PASS | DMEM Read Disabled -> 0x0
PASS | IMEM Read -> 0x4391
PASS | DMEM Read Disabled -> 0x0
PASS | IMEM Read -> 0xcbf1
PASS | DMEM Read -> 0xceb5
PASS | IMEM Read -> 0xe338
PASS | DMEM Read Disabled -> 0x0
PASS | IMEM Read -> 0x65ca
PASS | DMEM Read Disabled -> 0x0
PASS | IMEM Read -> 0x31ce
PASS | DMEM Read Disabled -> 0x0
PASS | IMEM Read -> 0x5e66
PASS | DMEM Read Disabled -> 0x0
PASS | IMEM Read -> 0x57aa
PASS | DMEM Read Disabled -> 0x0
PASS | IMEM Read -> 0xe75b
PASS | DMEM Read Disabled -> 0x0
PASS | IMEM Read -> 0x39d1
PASS | DMEM Read Disabled -> 0x0
PASS | IMEM Read -> 0x9007
PASS | DMEM Read Disabled -> 0x0
PASS | IMEM Read -> 0x29eb
PASS | DMEM Read Disabled -> 0x0
PASS | IMEM Read -> 0xd8a8
PASS | DMEM Read Disabled -> 0x0
PASS | IMEM Read -> 0xca4e
PASS | DMEM Read -> 0xc7d2
PASS | IMEM Read -> 0x510
PASS | DMEM Read -> 0xdcc6
PASS | IMEM Read -> 0x5bfc
PASS | DMEM Read -> 0x5cf1
PASS | IMEM Read -> 0xb097
PASS | DMEM Read Disabled -> 0x0
PASS | IMEM Read -> 0x96ec
PASS | DMEM Read -> 0x3f5e
PASS | IMEM Read -> 0x79f7
PASS | DMEM Read Disabled -> 0x0
PASS | IMEM Read -> 0x7f3d
PASS | DMEM Read -> 0xbe3d
PASS | IMEM Read -> 0x2ae3
PASS | DMEM Read -> 0xf694
PASS | IMEM Read -> 0x59f3
PASS | DMEM Read Disabled -> 0x0
PASS | IMEM Read -> 0xe75b
PASS | DMEM Read Disabled -> 0x0
PASS | IMEM Read -> 0xe96d
PASS | DMEM Read Disabled -> 0x0
PASS | IMEM Read -> 0x3d3
PASS | DMEM Read Disabled -> 0x0
PASS | IMEM Read -> 0x4499
PASS | DMEM Read Disabled -> 0x0
PASS | IMEM Read -> 0x2ae3
PASS | DMEM Read Disabled -> 0x0
PASS | IMEM Read -> 0x4c71
PASS | DMEM Read Disabled -> 0x0
PASS | IMEM Read -> 0xd304
PASS | DMEM Read -> 0x5de0
PASS | IMEM Read -> 0x2f16
PASS | DMEM Read Disabled -> 0x0
PASS | IMEM Read -> 0x66bc
PASS | DMEM Read Disabled -> 0x0
PASS | IMEM Read -> 0xce65
PASS | DMEM Read Disabled -> 0x0
PASS | IMEM Read -> 0x63f9
PASS | DMEM Read -> 0xdcc6
PASS | IMEM Read -> 0x91f7
PASS | DMEM Read Disabled -> 0x0
PASS | IMEM Read -> 0x1c4c
PASS | DMEM Read -> 0xea83
PASS | IMEM Read -> 0xb746
PASS | DMEM Read Disabled -> 0x0
PASS | IMEM Read -> 0x5e66
PASS | DMEM Read -> 0x414f
PASS | IMEM Read -> 0xb32f
PASS | DMEM Read Disabled -> 0x0
PASS | IMEM Read -> 0xffea
PASS | DMEM Read Disabled -> 0x0
PASS | IMEM Read -> 0x2cc8
PASS | DMEM Read Disabled -> 0x0
PASS | IMEM Read -> 0x1b56
PASS | DMEM Read Disabled -> 0x0
PASS | IMEM Read -> 0x3e2
PASS | DMEM Read -> 0x3c12
PASS | IMEM Read -> 0x848c
PASS | DMEM Read Disabled -> 0x0
PASS | IMEM Read -> 0x5bfc
PASS | DMEM Read -> 0xb93e
PASS | IMEM Read -> 0x9767
PASS | DMEM Read -> 0xa29c
PASS | IMEM Read -> 0x5e66
PASS | DMEM Read -> 0x4d63
PASS | IMEM Read -> 0x848c
PASS | DMEM Read Disabled -> 0x0
PASS | IMEM Read -> 0x808f
PASS | DMEM Read Disabled -> 0x0
PASS | IMEM Read -> 0xc0a0
PASS | DMEM Read -> 0xac2f
PASS | IMEM Read -> 0x433a
PASS | DMEM Read Disabled -> 0x0
PASS | IMEM Read -> 0xa738
PASS | DMEM Read Disabled -> 0x0
PASS | IMEM Read -> 0xf023
PASS | DMEM Read -> 0x7682
PASS | IMEM Read -> 0xa09d
PASS | DMEM Read Disabled -> 0x0
PASS | IMEM Read -> 0xdd2b
PASS | DMEM Read Disabled -> 0x0
PASS | IMEM Read -> 0x9c8c
PASS | DMEM Read -> 0x72bf
PASS | IMEM Read -> 0x2e45
PASS | DMEM Read Disabled -> 0x0
PASS | IMEM Read -> 0xc440
PASS | DMEM Read -> 0x2b6a
PASS | IMEM Read -> 0x173e
PASS | DMEM Read Disabled -> 0x0
PASS | IMEM Read -> 0xa5fc
PASS | DMEM Read Disabled -> 0x0
PASS | IMEM Read -> 0x4601
PASS | DMEM Read -> 0x9ff9
PASS | IMEM Read -> 0x4c71
PASS | DMEM Read Disabled -> 0x0
PASS | IMEM Read -> 0xa11a
PASS | DMEM Read Disabled -> 0x0
PASS | IMEM Read -> 0x2bca
PASS | DMEM Read -> 0x692c
PASS | IMEM Read -> 0x891
PASS | DMEM Read Disabled -> 0x0
PASS | IMEM Read -> 0x59f3
PASS | DMEM Read Disabled -> 0x0
PASS | IMEM Read -> 0x568c
PASS | DMEM Read Disabled -> 0x0
PASS | IMEM Read -> 0x2abe
PASS | DMEM Read Disabled -> 0x0
PASS | IMEM Read -> 0xc40a
PASS | DMEM Read -> 0xea83
PASS | IMEM Read -> 0x5a76
PASS | DMEM Read Disabled -> 0x0
PASS | IMEM Read -> 0x1c45
PASS | DMEM Read Disabled -> 0x0
PASS | IMEM Read -> 0x59e7
PASS | DMEM Read -> 0x6ee0
PASS | IMEM Read -> 0x2cc8
PASS | DMEM Read Disabled -> 0x0
PASS | IMEM Read -> 0x5e1a
PASS | DMEM Read Disabled -> 0x0
PASS | IMEM Read -> 0x97ed
PASS | DMEM Read -> 0x3320
PASS | IMEM Read -> 0xfd2f
PASS | DMEM Read -> 0x72bf
PASS | IMEM Read -> 0x989c
PASS | DMEM Read -> 0x5958
PASS | IMEM Read -> 0x2abe
PASS | DMEM Read Disabled -> 0x0
PASS | IMEM Read -> 0x5f21
PASS | DMEM Read Disabled -> 0x0
PASS | IMEM Read -> 0xdd2b
PASS | DMEM Read -> 0x4d41
PASS | IMEM Read -> 0x9d
PASS | DMEM Read Disabled -> 0x0
PASS | IMEM Read -> 0x6da5
PASS | DMEM Read Disabled -> 0x0
PASS | IMEM Read -> 0x568c
PASS | DMEM Read Disabled -> 0x0
PASS | IMEM Read -> 0x5a4a
PASS | DMEM Read Disabled -> 0x0
PASS | IMEM Read -> 0x901d
PASS | DMEM Read Disabled -> 0x0
PASS | IMEM Read -> 0x494f
PASS | DMEM Read Disabled -> 0x0
PASS | IMEM Read -> 0x39d1
PASS | DMEM Read -> 0xb97d
PASS | IMEM Read -> 0x9007
PASS | DMEM Read -> 0x6efc
PASS | IMEM Read -> 0x4391
PASS | DMEM Read Disabled -> 0x0
PASS | IMEM Read -> 0x9537
PASS | DMEM Read Disabled -> 0x0
PASS | IMEM Read -> 0xc6d2
PASS | DMEM Read Disabled -> 0x0
PASS | IMEM Read -> 0xfa76
PASS | DMEM Read Disabled -> 0x0
PASS | IMEM Read -> 0x8e1f
PASS | DMEM Read Disabled -> 0x0
PASS | IMEM Read -> 0xa09d
PASS | DMEM Read -> 0x7a95
PASS | IMEM Read -> 0x5b80
PASS | DMEM Read Disabled -> 0x0
PASS | IMEM Read -> 0x5e1a
PASS | DMEM Read Disabled -> 0x0
PASS | IMEM Read -> 0x42ee
PASS | DMEM Read Disabled -> 0x0
PASS | IMEM Read -> 0x80ac
PASS | DMEM Read -> 0xa183
PASS | IMEM Read -> 0x8e3
PASS | DMEM Read -> 0xfbaa
PASS | IMEM Read -> 0x1c3c
PASS | DMEM Read Disabled -> 0x0
PASS | IMEM Read -> 0x374a
PASS | DMEM Read Disabled -> 0x0
PASS | IMEM Read -> 0xd47c
PASS | DMEM Read Disabled -> 0x0
PASS | IMEM Read -> 0xc606
PASS | DMEM Read Disabled -> 0x0
PASS | IMEM Read -> 0x568c
PASS | DMEM Read Disabled -> 0x0
PASS | IMEM Read -> 0x5d0c
PASS | DMEM Read -> 0x512b
PASS | IMEM Read -> 0x89c2
PASS | DMEM Read Disabled -> 0x0
PASS | IMEM Read -> 0x57aa
PASS | DMEM Read -> 0xbb81
PASS | IMEM Read -> 0xdca6
PASS | DMEM Read -> 0xc281
PASS | IMEM Read -> 0xdca6
PASS | DMEM Read Disabled -> 0x0
PASS | IMEM Read -> 0xa191
PASS | DMEM Read Disabled -> 0x0
PASS | IMEM Read -> 0x2a3a
PASS | DMEM Read Disabled -> 0x0
PASS | IMEM Read -> 0x17db
PASS | DMEM Read Disabled -> 0x0
PASS | IMEM Read -> 0x723d
PASS | DMEM Read Disabled -> 0x0
PASS | IMEM Read -> 0x7774
PASS | DMEM Read -> 0x907f
PASS | IMEM Read -> 0x57aa
PASS | DMEM Read Disabled -> 0x0
PASS | IMEM Read -> 0x57f6
PASS | DMEM Read -> 0x600c
PASS | IMEM Read -> 0xb505
PASS | DMEM Read Disabled -> 0x0
PASS | IMEM Read -> 0xf33
PASS | DMEM Read Disabled -> 0x0
PASS | IMEM Read -> 0x433a
PASS | DMEM Read Disabled -> 0x0
PASS | IMEM Read -> 0xe969
PASS | DMEM Read Disabled -> 0x0
PASS | IMEM Read -> 0xb297
PASS | DMEM Read Disabled -> 0x0
PASS | IMEM Read -> 0x2999
PASS | DMEM Read -> 0xde39
PASS | IMEM Read -> 0x568c
PASS | DMEM Read Disabled -> 0x0
PASS | IMEM Read -> 0x245d
PASS | DMEM Read Disabled -> 0x0
PASS | IMEM Read -> 0xcd6c
PASS | DMEM Read -> 0x9d38
PASS | IMEM Read -> 0xef8f
PASS | DMEM Read -> 0x3f5e
PASS | IMEM Read -> 0xc6d2
PASS | DMEM Read Disabled -> 0x0
PASS | IMEM Read -> 0x94e5
PASS | DMEM Read -> 0x2021
PASS | IMEM Read -> 0x1a67
PASS | DMEM Read Disabled -> 0x0
PASS | IMEM Read -> 0x901a
PASS | DMEM Read -> 0xfa54
PASS | IMEM Read -> 0x77a7
PASS | DMEM Read Disabled -> 0x0
PASS | IMEM Read -> 0xbb95
PASS | DMEM Read -> 0xb93e
PASS | IMEM Read -> 0xd70
PASS | DMEM Read Disabled -> 0x0
PASS | IMEM Read -> 0x1924
PASS | DMEM Read Disabled -> 0x0
PASS | IMEM Read -> 0xd334
PASS | DMEM Read Disabled -> 0x0
PASS | IMEM Read -> 0x97ed
PASS | DMEM Read Disabled -> 0x0
PASS | IMEM Read -> 0x1c45
PASS | DMEM Read Disabled -> 0x0
PASS | IMEM Read -> 0xcebf
PASS | DMEM Read -> 0x6763
PASS | IMEM Read -> 0x8599
PASS | DMEM Read Disabled -> 0x0
PASS | IMEM Read -> 0x7774
PASS | DMEM Read -> 0xea83
PASS | IMEM Read -> 0x1c4c
PASS | DMEM Read Disabled -> 0x0
PASS | IMEM Read -> 0x2f16
PASS | DMEM Read Disabled -> 0x0
PASS | IMEM Read -> 0xfab
PASS | DMEM Read Disabled -> 0x0
PASS | IMEM Read -> 0xdf5b
PASS | DMEM Read Disabled -> 0x0
PASS | IMEM Read -> 0x1bba
PASS | DMEM Read -> 0x8f87
PASS | IMEM Read -> 0xb1b8
PASS | DMEM Read Disabled -> 0x0
PASS | IMEM Read -> 0x37d
PASS | DMEM Read Disabled -> 0x0
PASS | IMEM Read -> 0x848c
PASS | DMEM Read -> 0xa213
PASS | IMEM Read -> 0x494f
PASS | DMEM Read Disabled -> 0x0
PASS | IMEM Read -> 0x63f9
PASS | DMEM Read -> 0x9b7
PASS | IMEM Read -> 0xee77
PASS | DMEM Read -> 0x82ab
PASS | IMEM Read -> 0x5bfc
PASS | DMEM Read -> 0xa183
PASS | IMEM Read -> 0xd47c
PASS | DMEM Read Disabled -> 0x0
PASS | IMEM Read -> 0xcbf1
PASS | DMEM Read Disabled -> 0x0
PASS | IMEM Read -> 0x242
PASS | DMEM Read Disabled -> 0x0
PASS | IMEM Read -> 0x3c72
PASS | DMEM Read -> 0x27d8
PASS | IMEM Read -> 0x265e
PASS | DMEM Read Disabled -> 0x0
PASS | IMEM Read -> 0xad9
PASS | DMEM Read Disabled -> 0x0
PASS | IMEM Read -> 0xfbe2
PASS | DMEM Read Disabled -> 0x0
PASS | IMEM Read -> 0x5a0a
PASS | DMEM Read Disabled -> 0x0
PASS | IMEM Read -> 0xcd22
PASS | DMEM Read -> 0x21e0
PASS | IMEM Read -> 0x9278
PASS | DMEM Read Disabled -> 0x0
PASS | IMEM Read -> 0x37d
PASS | DMEM Read Disabled -> 0x0
PASS | IMEM Read -> 0x852a
PASS | DMEM Read Disabled -> 0x0
PASS | IMEM Read -> 0x8341
PASS | DMEM Read Disabled -> 0x0
PASS | IMEM Read -> 0x3423
PASS | DMEM Read Disabled -> 0x0
PASS | IMEM Read -> 0xe75b
PASS | DMEM Read -> 0x3bf3
PASS | IMEM Read -> 0x18b7
PASS | DMEM Read -> 0x96c9
PASS | IMEM Read -> 0xb815
PASS | DMEM Read -> 0x692c
PASS | IMEM Read -> 0x4d4f
PASS | DMEM Read -> 0xcd1a
PASS | IMEM Read -> 0x4c71
PASS | DMEM Read -> 0x977d
PASS | IMEM Read -> 0x96ec
PASS | DMEM Read Disabled -> 0x0
PASS | IMEM Read -> 0xfaf1
PASS | DMEM Read Disabled -> 0x0
PASS | IMEM Read -> 0x374a
PASS | DMEM Read Disabled -> 0x0
PASS | IMEM Read -> 0x891
PASS | DMEM Read Disabled -> 0x0
PASS | IMEM Read -> 0xed88
PASS | DMEM Read Disabled -> 0x0
PASS | IMEM Read -> 0xfbe2
PASS | DMEM Read Disabled -> 0x0
PASS | IMEM Read -> 0x4f12
PASS | DMEM Read Disabled -> 0x0
PASS | IMEM Read -> 0x4c71
PASS | DMEM Read Disabled -> 0x0
PASS | IMEM Read -> 0xd334
PASS | DMEM Read Disabled -> 0x0
PASS | IMEM Read -> 0x568c
PASS | DMEM Read -> 0x3f5e
PASS | IMEM Read -> 0x80ed
PASS | DMEM Read -> 0x2021
PASS | IMEM Read -> 0x92a3
PASS | DMEM Read Disabled -> 0x0
PASS | IMEM Read -> 0x2ea6
PASS | DMEM Read -> 0x89a8
PASS | IMEM Read -> 0xef4
PASS | DMEM Read Disabled -> 0x0
PASS | IMEM Read -> 0xcb2c
PASS | DMEM Read Disabled -> 0x0
PASS | IMEM Read -> 0x2999
PASS | DMEM Read Disabled -> 0x0
PASS | IMEM Read -> 0xf33
PASS | DMEM Read Disabled -> 0x0
PASS | IMEM Read -> 0xfd1
PASS | DMEM Read Disabled -> 0x0
PASS | IMEM Read -> 0x1bba
PASS | DMEM Read -> 0x3cb9
PASS | IMEM Read -> 0x2ae3
PASS | DMEM Read -> 0x53c4
PASS | IMEM Read -> 0xb815
PASS | DMEM Read Disabled -> 0x0
PASS | IMEM Read -> 0xcc49
PASS | DMEM Read Disabled -> 0x0
PASS | IMEM Read -> 0x1c45
PASS | DMEM Read Disabled -> 0x0
PASS | IMEM Read -> 0x8e3
PASS | DMEM Read Disabled -> 0x0
PASS | IMEM Read -> 0x4794
PASS | DMEM Read Disabled -> 0x0
PASS | IMEM Read -> 0x4daf
PASS | DMEM Read -> 0x5dc0
PASS | IMEM Read -> 0xa22d
PASS | DMEM Read Disabled -> 0x0
PASS | IMEM Read -> 0xfa76
PASS | DMEM Read Disabled -> 0x0
PASS | IMEM Read -> 0xdca6
PASS | DMEM Read Disabled -> 0x0
PASS | IMEM Read -> 0x2cc8
PASS | DMEM Read -> 0xa1d5
PASS | IMEM Read -> 0x1bba
PASS | DMEM Read Disabled -> 0x0
PASS | IMEM Read -> 0x676d
PASS | DMEM Read -> 0xc0f1
PASS | IMEM Read -> 0x91b
PASS | DMEM Read Disabled -> 0x0
PASS | IMEM Read -> 0x676d
PASS | DMEM Read Disabled -> 0x0
PASS | IMEM Read -> 0xfd1
PASS | DMEM Read -> 0xdaff
PASS | IMEM Read -> 0x2ea6
PASS | DMEM Read -> 0x1902
PASS | IMEM Read -> 0x2e45
PASS | DMEM Read -> 0xba21
PASS | IMEM Read -> 0xf8b3
PASS | DMEM Read Disabled -> 0x0
PASS | IMEM Read -> 0xe624
PASS | DMEM Read Disabled -> 0x0
PASS | IMEM Read -> 0x1913
PASS | DMEM Read Disabled -> 0x0
PASS | IMEM Read -> 0xa323
PASS | DMEM Read Disabled -> 0x0
PASS | IMEM Read -> 0xcc49
PASS | DMEM Read -> 0x8f3a
PASS | IMEM Read -> 0xc606
PASS | DMEM Read Disabled -> 0x0
PASS | IMEM Read -> 0x8599
PASS | DMEM Read -> 0x9b7
PASS | IMEM Read -> 0x1ec1
PASS | DMEM Read Disabled -> 0x0
PASS | IMEM Read -> 0x29eb
PASS | DMEM Read Disabled -> 0x0
PASS | IMEM Read -> 0xfbe2
PASS | DMEM Read Disabled -> 0x0
PASS | IMEM Read -> 0x676d
PASS | DMEM Read Disabled -> 0x0
PASS | IMEM Read -> 0x8341
PASS | DMEM Read -> 0x4bb9
PASS | IMEM Read -> 0xdd2b
PASS | DMEM Read Disabled -> 0x0
PASS | IMEM Read -> 0xa8e8
PASS | DMEM Read Disabled -> 0x0
PASS | IMEM Read -> 0x5a4a
PASS | DMEM Read Disabled -> 0x0
PASS | IMEM Read -> 0x5d0c
PASS | DMEM Read -> 0xb6d
PASS | IMEM Read -> 0xd70
PASS | DMEM Read Disabled -> 0x0
PASS | IMEM Read -> 0x24b8
PASS | DMEM Read Disabled -> 0x0
PASS | IMEM Read -> 0xd304
PASS | DMEM Read Disabled -> 0x0
PASS | IMEM Read -> 0xfaf1
PASS | DMEM Read Disabled -> 0x0
PASS | IMEM Read -> 0x7fb1
PASS | DMEM Read -> 0xec0e
PASS | IMEM Read -> 0x17db
PASS | DMEM Read Disabled -> 0x0
PASS | IMEM Read -> 0x173e
PASS | DMEM Read -> 0x9213
PASS | IMEM Read -> 0x5942
PASS | DMEM Read -> 0x2080
PASS | IMEM Read -> 0xa54c
PASS | DMEM Read -> 0x89c1
PASS | IMEM Read -> 0x2cc8
PASS | DMEM Read -> 0x6a46
PASS | IMEM Read -> 0x2ae3
PASS | DMEM Read -> 0xdaff
PASS | IMEM Read -> 0x4794
PASS | DMEM Read Disabled -> 0x0
PASS | IMEM Read -> 0x5a76
PASS | DMEM Read Disabled -> 0x0
PASS | IMEM Read -> 0xe969
PASS | DMEM Read Disabled -> 0x0
PASS | IMEM Read -> 0xd321
PASS | DMEM Read -> 0x18e7
PASS | IMEM Read -> 0xc47
PASS | DMEM Read Disabled -> 0x0
PASS | IMEM Read -> 0x61cd
PASS | DMEM Read Disabled -> 0x0
PASS | IMEM Read -> 0xc1c3
PASS | DMEM Read Disabled -> 0x0
PASS | IMEM Read -> 0x8599
PASS | DMEM Read -> 0x7af9
PASS | IMEM Read -> 0xb8f2
PASS | DMEM Read Disabled -> 0x0
PASS | IMEM Read -> 0xabcd
PASS | DMEM Read Disabled -> 0x0
PASS | IMEM Read -> 0x5e1a
PASS | DMEM Read Disabled -> 0x0
PASS | IMEM Read -> 0xd321
PASS | DMEM Read Disabled -> 0x0
PASS | IMEM Read -> 0xc606
PASS | DMEM Read Disabled -> 0x0
PASS | IMEM Read -> 0x3d3
PASS | DMEM Read Disabled -> 0x0
PASS | IMEM Read -> 0x97ed
PASS | DMEM Read Disabled -> 0x0
PASS | IMEM Read -> 0x5160
PASS | DMEM Read Disabled -> 0x0
PASS | IMEM Read -> 0x5d0c
PASS | DMEM Read -> 0xe50e
PASS | IMEM Read -> 0x63f9
PASS | DMEM Read -> 0xb4d1
PASS | IMEM Read -> 0xb8f2
PASS | DMEM Read Disabled -> 0x0
PASS | IMEM Read -> 0x5a4a
PASS | DMEM Read Disabled -> 0x0
PASS | IMEM Read -> 0x3e2
PASS | DMEM Read Disabled -> 0x0
PASS | IMEM Read -> 0xb297
PASS | DMEM Read Disabled -> 0x0
PASS | IMEM Read -> 0xbda7
PASS | DMEM Read Disabled -> 0x0
PASS | IMEM Read -> 0xbf0f
PASS | DMEM Read Disabled -> 0x0
PASS | IMEM Read -> 0x5a76
PASS | DMEM Read Disabled -> 0x0
PASS | IMEM Read -> 0x245d
PASS | DMEM Read -> 0xd872
PASS | IMEM Read -> 0x9537
PASS | DMEM Read Disabled -> 0x0
PASS | IMEM Read -> 0x29eb
PASS | DMEM Read Disabled -> 0x0
PASS | IMEM Read -> 0x59f3
PASS | DMEM Read Disabled -> 0x0
PASS | IMEM Read -> 0xbda7
PASS | DMEM Read Disabled -> 0x0
PASS | IMEM Read -> 0x92a3
PASS | DMEM Read -> 0x83fe
PASS | IMEM Read -> 0xe624
PASS | DMEM Read Disabled -> 0x0
PASS | IMEM Read -> 0x3c72
PASS | DMEM Read Disabled -> 0x0
PASS | IMEM Read -> 0xe213
PASS | DMEM Read Disabled -> 0x0
PASS | IMEM Read -> 0x808f
PASS | DMEM Read -> 0x4a74
PASS | IMEM Read -> 0xb32f
PASS | DMEM Read Disabled -> 0x0
PASS | IMEM Read -> 0xc5
PASS | DMEM Read -> 0x163c
PASS | IMEM Read -> 0x8341
PASS | DMEM Read Disabled -> 0x0
PASS | IMEM Read -> 0xabcd
PASS | DMEM Read Disabled -> 0x0
PASS | IMEM Read -> 0x477c
PASS | DMEM Read -> 0x9b7
PASS | IMEM Read -> 0x808f
PASS | DMEM Read -> 0xceb5
PASS | IMEM Read -> 0xe47f
PASS | DMEM Read Disabled -> 0x0
PASS | IMEM Read -> 0x3a12
PASS | DMEM Read -> 0x9213
PASS | IMEM Read -> 0x9537
PASS | DMEM Read Disabled -> 0x0
PASS | IMEM Read -> 0xf023
PASS | DMEM Read -> 0x3b97
PASS | IMEM Read -> 0x57f6
PASS | DMEM Read Disabled -> 0x0
PASS | IMEM Read -> 0xcd6c
PASS | DMEM Read -> 0xd075
PASS | IMEM Read -> 0x8341
PASS | DMEM Read -> 0x51b6
PASS | IMEM Read -> 0xf810
PASS | DMEM Read Disabled -> 0x0
PASS | IMEM Read -> 0x59f3
PASS | DMEM Read -> 0x3320
PASS | IMEM Read -> 0xcd22
PASS | DMEM Read -> 0x75ce
PASS | IMEM Read -> 0xa262
PASS | DMEM Read Disabled -> 0x0
PASS | IMEM Read -> 0xcd22
PASS | DMEM Read -> 0x240c
PASS | IMEM Read -> 0x698f
PASS | DMEM Read -> 0xf0d0
PASS | IMEM Read -> 0xfa76
PASS | DMEM Read Disabled -> 0x0
PASS | IMEM Read -> 0x7774
PASS | DMEM Read -> 0x9036
PASS | IMEM Read -> 0xa11a
PASS | DMEM Read Disabled -> 0x0
PASS | IMEM Read -> 0xe853
PASS | DMEM Read -> 0xe8cf
PASS | IMEM Read -> 0xa191
PASS | DMEM Read -> 0x7471
PASS | IMEM Read -> 0x2cad
PASS | DMEM Read Disabled -> 0x0
PASS | IMEM Read -> 0x59e7
PASS | DMEM Read -> 0xec0e
PASS | IMEM Read -> 0x5d0c
PASS | DMEM Read Disabled -> 0x0
PASS | IMEM Read -> 0xca9
PASS | DMEM Read -> 0x83fe
PASS | IMEM Read -> 0x37d
PASS | DMEM Read Disabled -> 0x0
PASS | IMEM Read -> 0x79f7
PASS | DMEM Read Disabled -> 0x0
PASS | IMEM Read -> 0x901d
PASS | DMEM Read Disabled -> 0x0
PASS | IMEM Read -> 0x96be
PASS | DMEM Read Disabled -> 0x0
PASS | IMEM Read -> 0xdd2b
PASS | DMEM Read Disabled -> 0x0
PASS | IMEM Read -> 0x89c2
PASS | DMEM Read Disabled -> 0x0
PASS | IMEM Read -> 0xe213
PASS | DMEM Read Disabled -> 0x0
PASS | IMEM Read -> 0xcd6c
PASS | DMEM Read -> 0x2b8f
PASS | IMEM Read -> 0x64d
PASS | DMEM Read Disabled -> 0x0
PASS | IMEM Read -> 0x9537
PASS | DMEM Read Disabled -> 0x0
PASS | IMEM Read -> 0xabcd
PASS | DMEM Read -> 0x2080
PASS | IMEM Read -> 0x7a48
PASS | DMEM Read -> 0x9fc9
PASS | IMEM Read -> 0x1c45
PASS | DMEM Read Disabled -> 0x0
PASS | IMEM Read -> 0x6d
PASS | DMEM Read -> 0xbb80
PASS | IMEM Read -> 0x65ca
PASS | DMEM Read Disabled -> 0x0
PASS | IMEM Read -> 0xbe18
PASS | DMEM Read Disabled -> 0x0
PASS | IMEM Read -> 0xe441
PASS | DMEM Read Disabled -> 0x0
PASS | IMEM Read -> 0xed88
PASS | DMEM Read Disabled -> 0x0
PASS | IMEM Read -> 0x3a12
PASS | DMEM Read -> 0x453
PASS | IMEM Read -> 0x9c8c
PASS | DMEM Read Disabled -> 0x0
PASS | IMEM Read -> 0x5942
PASS | DMEM Read -> 0x939e
PASS | IMEM Read -> 0xcd6c
PASS | DMEM Read Disabled -> 0x0
PASS | IMEM Read -> 0x1b56
PASS | DMEM Read -> 0xc567
PASS | IMEM Read -> 0x2566
PASS | DMEM Read -> 0x4a74
PASS | IMEM Read -> 0x1913
PASS | DMEM Read Disabled -> 0x0
PASS | IMEM Read -> 0xa09d
PASS | DMEM Read Disabled -> 0x0
PASS | IMEM Read -> 0x2ae3
PASS | DMEM Read -> 0xf6df
PASS | IMEM Read -> 0xb505
PASS | DMEM Read Disabled -> 0x0
PASS | IMEM Read -> 0xabcd
PASS | DMEM Read Disabled -> 0x0
PASS | IMEM Read -> 0x1a67
PASS | DMEM Read Disabled -> 0x0
PASS | IMEM Read -> 0x901d
PASS | DMEM Read -> 0xc46e
PASS | IMEM Read -> 0xe842
PASS | DMEM Read Disabled -> 0x0
PASS | IMEM Read -> 0xee77
PASS | DMEM Read -> 0x5478
PASS | IMEM Read -> 0xabcd
PASS | DMEM Read Disabled -> 0x0
PASS | IMEM Read -> 0xd47c
PASS | DMEM Read Disabled -> 0x0
PASS | IMEM Read -> 0x4f12
PASS | DMEM Read -> 0x3cb9
PASS | IMEM Read -> 0x77a7
PASS | DMEM Read Disabled -> 0x0
PASS | IMEM Read -> 0xf810
PASS | DMEM Read -> 0xde39
PASS | IMEM Read -> 0xb69e
PASS | DMEM Read Disabled -> 0x0
PASS | IMEM Read -> 0x1c4c
PASS | DMEM Read Disabled -> 0x0
PASS | IMEM Read -> 0x2cad
PASS | DMEM Read Disabled -> 0x0
PASS | IMEM Read -> 0xbb95
PASS | DMEM Read -> 0xd585
PASS | IMEM Read -> 0xef8f
PASS | DMEM Read Disabled -> 0x0
PASS | IMEM Read -> 0xbda7
PASS | DMEM Read Disabled -> 0x0
PASS | IMEM Read -> 0x568c
PASS | DMEM Read Disabled -> 0x0
PASS | IMEM Read -> 0x510
PASS | DMEM Read Disabled -> 0x0
PASS | IMEM Read -> 0xd47c
PASS | DMEM Read Disabled -> 0x0
PASS | IMEM Read -> 0x59f3
PASS | DMEM Read -> 0x83e
PASS | IMEM Read -> 0x4f12
PASS | DMEM Read -> 0x596f
PASS | IMEM Read -> 0x748a
PASS | DMEM Read -> 0x1381
PASS | IMEM Read -> 0x7cbc
PASS | DMEM Read Disabled -> 0x0
PASS | IMEM Read -> 0xdf5b
PASS | DMEM Read Disabled -> 0x0
PASS | IMEM Read -> 0x852a
PASS | DMEM Read -> 0x8f89
PASS | IMEM Read -> 0xe89
PASS | DMEM Read Disabled -> 0x0
PASS | IMEM Read -> 0xcebf
PASS | DMEM Read Disabled -> 0x0
PASS | IMEM Read -> 0xad9
PASS | DMEM Read Disabled -> 0x0
PASS | IMEM Read -> 0x8599
PASS | DMEM Read Disabled -> 0x0
PASS | IMEM Read -> 0x5a76
PASS | DMEM Read Disabled -> 0x0
PASS | IMEM Read -> 0x242
PASS | DMEM Read -> 0xe3c2
PASS | IMEM Read -> 0x7c6d
PASS | DMEM Read Disabled -> 0x0
PASS | IMEM Read -> 0x901a
PASS | DMEM Read Disabled -> 0x0
PASS | IMEM Read -> 0x651d
PASS | DMEM Read Disabled -> 0x0
PASS | IMEM Read -> 0x7cbc
PASS | DMEM Read Disabled -> 0x0
PASS | IMEM Read -> 0x37d
PASS | DMEM Read Disabled -> 0x0
PASS | IMEM Read -> 0x9547
PASS | DMEM Read Disabled -> 0x0
PASS | IMEM Read -> 0xb097
PASS | DMEM Read -> 0x3320
PASS | IMEM Read -> 0x96ec
PASS | DMEM Read -> 0x8f2b
PASS | IMEM Read -> 0xb097
PASS | DMEM Read Disabled -> 0x0
PASS | IMEM Read -> 0xfd1
PASS | DMEM Read -> 0xf949
PASS | IMEM Read -> 0xabcd
PASS | DMEM Read Disabled -> 0x0
PASS | IMEM Read -> 0x1b56
PASS | DMEM Read -> 0x663c
PASS | IMEM Read -> 0xd70
PASS | DMEM Read Disabled -> 0x0
PASS | IMEM Read -> 0xf774
PASS | DMEM Read Disabled -> 0x0
PASS | IMEM Read -> 0x2cc8
PASS | DMEM Read Disabled -> 0x0
PASS | IMEM Read -> 0x273a
PASS | DMEM Read -> 0x3fcb
PASS | IMEM Read -> 0x3c72
PASS | DMEM Read Disabled -> 0x0
PASS | IMEM Read -> 0xee77
PASS | DMEM Read Disabled -> 0x0
PASS | IMEM Read -> 0x53f6
PASS | DMEM Read -> 0xb651
PASS | IMEM Read -> 0x7068
PASS | DMEM Read Disabled -> 0x0
PASS | IMEM Read -> 0x4daf
PASS | DMEM Read Disabled -> 0x0
PASS | IMEM Read -> 0x5a0a
PASS | DMEM Read Disabled -> 0x0
PASS | IMEM Read -> 0xdf5b
PASS | DMEM Read Disabled -> 0x0
PASS | IMEM Read -> 0x568c
PASS | DMEM Read -> 0xd30c
PASS | IMEM Read -> 0x737e
PASS | DMEM Read -> 0x8e49
PASS | IMEM Read -> 0x510
PASS | DMEM Read Disabled -> 0x0
PASS | IMEM Read -> 0xfbe2
PASS | DMEM Read Disabled -> 0x0
PASS | IMEM Read -> 0x1c3c
PASS | DMEM Read -> 0x3f5e
PASS | IMEM Read -> 0xf023
PASS | DMEM Read Disabled -> 0x0
PASS | IMEM Read -> 0xc5b9
PASS | DMEM Read -> 0x448f
PASS | IMEM Read -> 0x6126
PASS | DMEM Read Disabled -> 0x0
PASS | IMEM Read -> 0x7c6d
PASS | DMEM Read Disabled -> 0x0
PASS | IMEM Read -> 0xa323
PASS | DMEM Read Disabled -> 0x0
PASS | IMEM Read -> 0xb505
PASS | DMEM Read Disabled -> 0x0
PASS | IMEM Read -> 0x5a76
PASS | DMEM Read Disabled -> 0x0
PASS | IMEM Read -> 0xa55c
PASS | DMEM Read Disabled -> 0x0
PASS | IMEM Read -> 0x5636
PASS | DMEM Read Disabled -> 0x0
PASS | IMEM Read -> 0x901a
PASS | DMEM Read Disabled -> 0x0
PASS | IMEM Read -> 0xdab4
PASS | DMEM Read Disabled -> 0x0
PASS | IMEM Read -> 0xcebf
PASS | DMEM Read Disabled -> 0x0
PASS | IMEM Read -> 0x4499
PASS | DMEM Read Disabled -> 0x0
PASS | IMEM Read -> 0xb505
PASS | DMEM Read Disabled -> 0x0
PASS | IMEM Read -> 0x89c2
PASS | DMEM Read Disabled -> 0x0
PASS | IMEM Read -> 0x2515
PASS | DMEM Read -> 0x2b85
PASS | IMEM Read -> 0x848c
PASS | DMEM Read Disabled -> 0x0
PASS | IMEM Read -> 0xe441
PASS | DMEM Read -> 0x2b6a
PASS | IMEM Read -> 0x4daf
PASS | DMEM Read -> 0x9142
PASS | IMEM Read -> 0xe969
PASS | DMEM Read -> 0xefa1
PASS | IMEM Read -> 0xdf5b
PASS | DMEM Read Disabled -> 0x0
PASS | IMEM Read -> 0x4601
PASS | DMEM Read Disabled -> 0x0
PASS | IMEM Read -> 0x39d1
PASS | DMEM Read Disabled -> 0x0
PASS | IMEM Read -> 0x2cad
PASS | DMEM Read Disabled -> 0x0
PASS | IMEM Read -> 0x9278
PASS | DMEM Read Disabled -> 0x0
PASS | IMEM Read -> 0x80ed
PASS | DMEM Read -> 0x2080
PASS | IMEM Read -> 0x4340
PASS | DMEM Read Disabled -> 0x0
PASS | IMEM Read -> 0xd321
PASS | DMEM Read Disabled -> 0x0
PASS | IMEM Read -> 0x676d
PASS | DMEM Read Disabled -> 0x0
PASS | IMEM Read -> 0x2b1c
PASS | DMEM Read Disabled -> 0x0
PASS | IMEM Read -> 0x80ed
PASS | DMEM Read Disabled -> 0x0
PASS | IMEM Read -> 0xe969
PASS | DMEM Read Disabled -> 0x0
PASS | IMEM Read -> 0x5d47
PASS | DMEM Read Disabled -> 0x0
PASS | IMEM Read -> 0x8f67
PASS | DMEM Read Disabled -> 0x0
PASS | IMEM Read -> 0x91b
PASS | DMEM Read Disabled -> 0x0
PASS | IMEM Read -> 0xa09d
PASS | DMEM Read -> 0xb8d0
PASS | IMEM Read -> 0x91b
PASS | DMEM Read -> 0xb00
PASS | IMEM Read -> 0xfbe2
PASS | DMEM Read Disabled -> 0x0
PASS | IMEM Read -> 0xa323
PASS | DMEM Read Disabled -> 0x0
PASS | IMEM Read -> 0xa55c
PASS | DMEM Read Disabled -> 0x0
PASS | IMEM Read -> 0x5d47
PASS | DMEM Read Disabled -> 0x0
PASS | IMEM Read -> 0xd8a8
PASS | DMEM Read Disabled -> 0x0
PASS | IMEM Read -> 0x59e7
PASS | DMEM Read Disabled -> 0x0
PASS | IMEM Read -> 0xf33
PASS | DMEM Read Disabled -> 0x0
PASS | IMEM Read -> 0x57f6
PASS | DMEM Read -> 0x8f2b
PASS | IMEM Read -> 0xcc49
PASS | DMEM Read Disabled -> 0x0
PASS | IMEM Read -> 0x96ec
PASS | DMEM Read -> 0x9f19
PASS | IMEM Read -> 0x8e1f
PASS | DMEM Read Disabled -> 0x0
PASS | IMEM Read -> 0x39d1
PASS | DMEM Read Disabled -> 0x0
PASS | IMEM Read -> 0x808f
PASS | DMEM Read Disabled -> 0x0
PASS | IMEM Read -> 0xe75b
PASS | DMEM Read -> 0x721d
PASS | IMEM Read -> 0x59f3
PASS | DMEM Read Disabled -> 0x0
PASS | IMEM Read -> 0x2a3a
PASS | DMEM Read Disabled -> 0x0
PASS | IMEM Read -> 0x91b
PASS | DMEM Read Disabled -> 0x0
PASS | IMEM Read -> 0x510
PASS | DMEM Read Disabled -> 0x0
PASS | IMEM Read -> 0x99f
PASS | DMEM Read Disabled -> 0x0
PASS | IMEM Read -> 0x2515
PASS | DMEM Read Disabled -> 0x0
PASS | IMEM Read -> 0x510
PASS | DMEM Read Disabled -> 0x0
PASS | IMEM Read -> 0xbb95
PASS | DMEM Read -> 0x596f
PASS | IMEM Read -> 0xf774
PASS | DMEM Read Disabled -> 0x0
PASS | IMEM Read -> 0x5bfc
PASS | DMEM Read -> 0xf857
PASS | IMEM Read -> 0x33fd
PASS | DMEM Read Disabled -> 0x0
PASS | IMEM Read -> 0x2ea6
PASS | DMEM Read Disabled -> 0x0
PASS | IMEM Read -> 0x3a12
PASS | DMEM Read Disabled -> 0x0
PASS | IMEM Read -> 0x568c
PASS | DMEM Read -> 0x8e49
PASS | IMEM Read -> 0x438b
PASS | DMEM Read -> 0x7308
PASS | IMEM Read -> 0xce65
PASS | DMEM Read Disabled -> 0x0
PASS | IMEM Read -> 0x53f6
PASS | DMEM Read -> 0x4a36
PASS | IMEM Read -> 0x17db
PASS | DMEM Read -> 0x10e8
PASS | IMEM Read -> 0x24b8
PASS | DMEM Read -> 0x9700
PASS | IMEM Read -> 0x1c3c
PASS | DMEM Read Disabled -> 0x0
PASS | IMEM Read -> 0x4340
PASS | DMEM Read Disabled -> 0x0
PASS | IMEM Read -> 0x79f7
PASS | DMEM Read -> 0xe8cf
PASS | IMEM Read -> 0x79f7
PASS | DMEM Read -> 0xed2f
PASS | IMEM Read -> 0x7068
PASS | DMEM Read Disabled -> 0x0
PASS | IMEM Read -> 0x4fc8
PASS | DMEM Read Disabled -> 0x0
PASS | IMEM Read -> 0x5a0a
PASS | DMEM Read Disabled -> 0x0
PASS | IMEM Read -> 0xed88
PASS | DMEM Read Disabled -> 0x0
PASS | IMEM Read -> 0x9ea3
PASS | DMEM Read Disabled -> 0x0
PASS | IMEM Read -> 0x2885
PASS | DMEM Read -> 0x7194
PASS | IMEM Read -> 0xa738
PASS | DMEM Read -> 0xb4d1
PASS | IMEM Read -> 0xe89
PASS | DMEM Read Disabled -> 0x0
PASS | IMEM Read -> 0xbf0f
PASS | DMEM Read Disabled -> 0x0
PASS | IMEM Read -> 0xfab
PASS | DMEM Read Disabled -> 0x0
PASS | IMEM Read -> 0x25f6
PASS | DMEM Read -> 0x51b6
PASS | IMEM Read -> 0x80ed
PASS | DMEM Read -> 0xd075
PASS | IMEM Read -> 0x64d
PASS | DMEM Read Disabled -> 0x0
PASS | IMEM Read -> 0x9026
PASS | DMEM Read -> 0xe8cf
PASS | IMEM Read -> 0x2515
PASS | DMEM Read Disabled -> 0x0
PASS | IMEM Read -> 0x12b3
PASS | DMEM Read Disabled -> 0x0
PASS | IMEM Read -> 0xbb95
PASS | DMEM Read Disabled -> 0x0
PASS | IMEM Read -> 0x8e3
PASS | DMEM Read -> 0xa71c
PASS | IMEM Read -> 0x1b56
PASS | DMEM Read -> 0x1950
PASS | IMEM Read -> 0x4391
PASS | DMEM Read Disabled -> 0x0
PASS | IMEM Read -> 0xf8b3
PASS | DMEM Read -> 0xa8de
PASS | IMEM Read -> 0xf774
PASS | DMEM Read Disabled -> 0x0
PASS | IMEM Read -> 0xcd6c
PASS | DMEM Read -> 0x941a
PASS | IMEM Read -> 0x80ac
PASS | DMEM Read Disabled -> 0x0
PASS | IMEM Read -> 0x3c68
PASS | DMEM Read Disabled -> 0x0
PASS | IMEM Read -> 0xe469
PASS | DMEM Read -> 0x674a
PASS | IMEM Read -> 0x568c
PASS | DMEM Read Disabled -> 0x0
PASS | IMEM Read -> 0xd321
PASS | DMEM Read Disabled -> 0x0
PASS | IMEM Read -> 0x273a
PASS | DMEM Read Disabled -> 0x0
PASS | IMEM Read -> 0x3c72
PASS | DMEM Read Disabled -> 0x0
PASS | IMEM Read -> 0xc5b9
PASS | DMEM Read Disabled -> 0x0
PASS | IMEM Read -> 0xc6ec
PASS | DMEM Read -> 0xe772
PASS | IMEM Read -> 0x848c
PASS | DMEM Read Disabled -> 0x0
PASS | IMEM Read -> 0xdca6
PASS | DMEM Read Disabled -> 0x0
PASS | IMEM Read -> 0x91b
PASS | DMEM Read Disabled -> 0x0
PASS | IMEM Read -> 0x651d
PASS | DMEM Read Disabled -> 0x0
PASS | IMEM Read -> 0xe89
PASS | DMEM Read -> 0x663c
PASS | IMEM Read -> 0x1c3c
PASS | DMEM Read -> 0x6763
PASS | IMEM Read -> 0xca9
PASS | DMEM Read Disabled -> 0x0
PASS | IMEM Read -> 0xfd2f
PASS | DMEM Read -> 0x8f89
PASS | IMEM Read -> 0xad9
PASS | DMEM Read Disabled -> 0x0
PASS | IMEM Read -> 0xd321
PASS | DMEM Read Disabled -> 0x0
PASS | IMEM Read -> 0x39d1
PASS | DMEM Read Disabled -> 0x0
PASS | IMEM Read -> 0x2885
PASS | DMEM Read Disabled -> 0x0
PASS | IMEM Read -> 0x37d
PASS | DMEM Read -> 0x2d04
PASS | IMEM Read -> 0x4499
PASS | DMEM Read Disabled -> 0x0
PASS | IMEM Read -> 0x9537
PASS | DMEM Read -> 0x1dea
PASS | IMEM Read -> 0xd304
PASS | DMEM Read Disabled -> 0x0
PASS | IMEM Read -> 0xe89
PASS | DMEM Read Disabled -> 0x0
PASS | IMEM Read -> 0x9026
PASS | DMEM Read Disabled -> 0x0
PASS | IMEM Read -> 0x6da5
PASS | DMEM Read Disabled -> 0x0
PASS | IMEM Read -> 0x94e5
PASS | DMEM Read -> 0x2fd4
PASS | IMEM Read -> 0x4601
PASS | DMEM Read Disabled -> 0x0
PASS | IMEM Read -> 0x6e2a
PASS | DMEM Read Disabled -> 0x0
PASS | IMEM Read -> 0x38bf
PASS | DMEM Read -> 0x59d1
PASS | IMEM Read -> 0xb32f
PASS | DMEM Read Disabled -> 0x0
PASS | IMEM Read -> 0xfbe2
PASS | DMEM Read Disabled -> 0x0
PASS | IMEM Read -> 0x59e7
PASS | DMEM Read -> 0x603
PASS | IMEM Read -> 0x852a
PASS | DMEM Read -> 0x812e
PASS | IMEM Read -> 0x6c02
PASS | DMEM Read Disabled -> 0x0
PASS | IMEM Read -> 0x245d
PASS | DMEM Read Disabled -> 0x0
PASS | IMEM Read -> 0x1c45
PASS | DMEM Read Disabled -> 0x0
PASS | IMEM Read -> 0x63f9
PASS | DMEM Read Disabled -> 0x0
PASS | IMEM Read -> 0x510
PASS | DMEM Read -> 0x7194
PASS | IMEM Read -> 0xbda7
PASS | DMEM Read Disabled -> 0x0
PASS | IMEM Read -> 0x292
PASS | DMEM Read Disabled -> 0x0
PASS | IMEM Read -> 0x91f7
PASS | DMEM Read Disabled -> 0x0
PASS | IMEM Read -> 0x2b1c
PASS | DMEM Read Disabled -> 0x0
PASS | IMEM Read -> 0xc47
PASS | DMEM Read -> 0xcf2f
PASS | IMEM Read -> 0x173e
PASS | DMEM Read Disabled -> 0x0
PASS | IMEM Read -> 0xb746
PASS | DMEM Read Disabled -> 0x0
PASS | IMEM Read -> 0x8f67
PASS | DMEM Read -> 0x2b8f
PASS | IMEM Read -> 0xbda7
PASS | DMEM Read Disabled -> 0x0
PASS | IMEM Read -> 0x59e7
PASS | DMEM Read Disabled -> 0x0
PASS | IMEM Read -> 0xe969
PASS | DMEM Read -> 0x59d1
PASS | IMEM Read -> 0x8599
PASS | DMEM Read Disabled -> 0x0
PASS | IMEM Read -> 0x25f6
PASS | DMEM Read Disabled -> 0x0
PASS | IMEM Read -> 0x3423
PASS | DMEM Read Disabled -> 0x0
PASS | IMEM Read -> 0x25f6
PASS | DMEM Read Disabled -> 0x0
PASS | IMEM Read -> 0x386b
PASS | DMEM Read -> 0x2bf4
PASS | IMEM Read -> 0xca4e
PASS | DMEM Read Disabled -> 0x0
PASS | IMEM Read -> 0x2c36
PASS | DMEM Read Disabled -> 0x0
PASS | IMEM Read -> 0xc47
PASS | DMEM Read Disabled -> 0x0
PASS | IMEM Read -> 0x64d
PASS | DMEM Read Disabled -> 0x0
PASS | IMEM Read -> 0x2a3a
PASS | DMEM Read Disabled -> 0x0
PASS | IMEM Read -> 0x245d
PASS | DMEM Read Disabled -> 0x0
PASS | IMEM Read -> 0x9007
PASS | DMEM Read -> 0x6686
PASS | IMEM Read -> 0x3d3
PASS | DMEM Read Disabled -> 0x0
PASS | IMEM Read -> 0x7c6d
PASS | DMEM Read Disabled -> 0x0
PASS | IMEM Read -> 0x8e3
PASS | DMEM Read Disabled -> 0x0
PASS | IMEM Read -> 0x9278
PASS | DMEM Read Disabled -> 0x0
PASS | IMEM Read -> 0x901a
PASS | DMEM Read -> 0x941a
PASS | IMEM Read -> 0xf774
PASS | DMEM Read -> 0xc7f5
PASS | IMEM Read -> 0xca9
PASS | DMEM Read Disabled -> 0x0
PASS | IMEM Read -> 0xf774
PASS | DMEM Read Disabled -> 0x0
PASS | IMEM Read -> 0x3d3
PASS | DMEM Read -> 0xf975
PASS | IMEM Read -> 0x2cc8
PASS | DMEM Read Disabled -> 0x0
PASS | IMEM Read -> 0xc1c3
PASS | DMEM Read Disabled -> 0x0
PASS | IMEM Read -> 0x6e2a
PASS | DMEM Read -> 0x41fa
PASS | IMEM Read -> 0xe624
PASS | DMEM Read -> 0x2d04
PASS | IMEM Read -> 0xe89
PASS | DMEM Read Disabled -> 0x0
PASS | IMEM Read -> 0xbe18
PASS | DMEM Read Disabled -> 0x0
PASS | IMEM Read -> 0x42ee
PASS | DMEM Read Disabled -> 0x0
PASS | IMEM Read -> 0x265e
PASS | DMEM Read Disabled -> 0x0
PASS | IMEM Read -> 0xc0a0
PASS | DMEM Read Disabled -> 0x0
PASS | IMEM Read -> 0x59e7
PASS | DMEM Read Disabled -> 0x0
PASS | IMEM Read -> 0xbda7
PASS | DMEM Read -> 0xa71c
PASS | IMEM Read -> 0x2abe
PASS | DMEM Read Disabled -> 0x0
PASS | IMEM Read -> 0xfa76
PASS | DMEM Read Disabled -> 0x0
PASS | IMEM Read -> 0x3c68
PASS | DMEM Read Disabled -> 0x0
PASS | IMEM Read -> 0x4499
PASS | DMEM Read -> 0x8f89
PASS | IMEM Read -> 0xc606
PASS | DMEM Read Disabled -> 0x0
PASS | IMEM Read -> 0xb32f
PASS | DMEM Read Disabled -> 0x0
PASS | IMEM Read -> 0x2bca
PASS | DMEM Read -> 0x240c
PASS | IMEM Read -> 0x292
PASS | DMEM Read Disabled -> 0x0
PASS | IMEM Read -> 0xa11a
PASS | DMEM Read Disabled -> 0x0
PASS | IMEM Read -> 0x4601
PASS | DMEM Read Disabled -> 0x0
PASS | IMEM Read -> 0x96ec
PASS | DMEM Read Disabled -> 0x0
PASS | IMEM Read -> 0x6da5
PASS | DMEM Read -> 0x10b4
PASS | IMEM Read -> 0xa09d
PASS | DMEM Read -> 0xd585
PASS | IMEM Read -> 0x245d
PASS | DMEM Read Disabled -> 0x0
PASS | IMEM Read -> 0xc0a0
PASS | DMEM Read -> 0x1e88
PASS | IMEM Read -> 0x31ce
PASS | DMEM Read Disabled -> 0x0
PASS | IMEM Read -> 0xb4ca
PASS | DMEM Read Disabled -> 0x0
PASS | IMEM Read -> 0x438b
PASS | DMEM Read Disabled -> 0x0
PASS | IMEM Read -> 0xcb2c
PASS | DMEM Read -> 0x51b6
PASS | IMEM Read -> 0x698f
PASS | DMEM Read Disabled -> 0x0
PASS | IMEM Read -> 0x47aa
PASS | DMEM Read Disabled -> 0x0
PASS | IMEM Read -> 0xa11a
PASS | DMEM Read Disabled -> 0x0
PASS | IMEM Read -> 0x1ec1
PASS | DMEM Read -> 0x4b9b
PASS | IMEM Read -> 0x1c4c
PASS | DMEM Read -> 0x9279
PASS | IMEM Read -> 0xc6d2
PASS | DMEM Read Disabled -> 0x0
PASS | IMEM Read -> 0x31ce
PASS | DMEM Read Disabled -> 0x0
PASS | IMEM Read -> 0x5bfc
PASS | DMEM Read Disabled -> 0x0
PASS | IMEM Read -> 0x273a
PASS | DMEM Read Disabled -> 0x0
PASS | IMEM Read -> 0x24b8
PASS | DMEM Read Disabled -> 0x0
PASS | IMEM Read -> 0xd321
PASS | DMEM Read Disabled -> 0x0
PASS | IMEM Read -> 0x2c36
PASS | DMEM Read Disabled -> 0x0
PASS | IMEM Read -> 0xa5fc
PASS | DMEM Read Disabled -> 0x0
PASS | IMEM Read -> 0xef4
PASS | DMEM Read Disabled -> 0x0
PASS | IMEM Read -> 0x242
PASS | DMEM Read Disabled -> 0x0
PASS | IMEM Read -> 0xcd6c
PASS | DMEM Read -> 0xb89b
PASS | IMEM Read -> 0x4d4f
PASS | DMEM Read Disabled -> 0x0
PASS | IMEM Read -> 0x335
PASS | DMEM Read -> 0x1f0a
PASS | IMEM Read -> 0xcb2c
PASS | DMEM Read Disabled -> 0x0
PASS | IMEM Read -> 0x1c3c
PASS | DMEM Read Disabled -> 0x0
PASS | IMEM Read -> 0x2e45
PASS | DMEM Read Disabled -> 0x0
PASS | IMEM Read -> 0x5b80
PASS | DMEM Read Disabled -> 0x0
PASS | IMEM Read -> 0xa5fc
PASS | DMEM Read -> 0x2473
PASS | IMEM Read -> 0x5a76
PASS | DMEM Read Disabled -> 0x0
PASS | IMEM Read -> 0x8599
PASS | DMEM Read -> 0x9213
PASS | IMEM Read -> 0x5f21
PASS | DMEM Read Disabled -> 0x0
PASS | IMEM Read -> 0x6da5
PASS | DMEM Read Disabled -> 0x0
PASS | IMEM Read -> 0x64d
PASS | DMEM Read Disabled -> 0x0
PASS | IMEM Read -> 0x989c
PASS | DMEM Read -> 0xd30c
PASS | IMEM Read -> 0x91b
PASS | DMEM Read Disabled -> 0x0
PASS | IMEM Read -> 0xe441
PASS | DMEM Read -> 0x9279
PASS | IMEM Read -> 0x99f
PASS | DMEM Read Disabled -> 0x0
PASS | IMEM Read -> 0x8e3
PASS | DMEM Read Disabled -> 0x0
PASS | IMEM Read -> 0x53f6
PASS | DMEM Read -> 0xfc7a
PASS | IMEM Read -> 0x525b
PASS | DMEM Read -> 0xd948
PASS | IMEM Read -> 0x438b
PASS | DMEM Read Disabled -> 0x0
PASS | IMEM Read -> 0xe853
PASS | DMEM Read Disabled -> 0x0
PASS | IMEM Read -> 0x3c68
PASS | DMEM Read Disabled -> 0x0
PASS | IMEM Read -> 0x698f
PASS | DMEM Read Disabled -> 0x0
PASS | IMEM Read -> 0x737e
PASS | DMEM Read -> 0xbc25
PASS | IMEM Read -> 0x4d4f
PASS | DMEM Read Disabled -> 0x0
PASS | IMEM Read -> 0xdf5b
PASS | DMEM Read Disabled -> 0x0
PASS | IMEM Read -> 0x3a12
PASS | DMEM Read Disabled -> 0x0
PASS | IMEM Read -> 0x77a7
PASS | DMEM Read -> 0x5cc5
PASS | IMEM Read -> 0xdab4
PASS | DMEM Read Disabled -> 0x0
PASS | IMEM Read -> 0x38bf
PASS | DMEM Read -> 0xa12f
PASS | IMEM Read -> 0x9bfb
PASS | DMEM Read -> 0x83fe
PASS | IMEM Read -> 0x5e1a
PASS | DMEM Read -> 0x5f50
PASS | IMEM Read -> 0x1913
PASS | DMEM Read -> 0x3c12
PASS | IMEM Read -> 0x6d
PASS | DMEM Read Disabled -> 0x0
PASS | IMEM Read -> 0xa191
PASS | DMEM Read -> 0xd1c8
PASS | IMEM Read -> 0xcb2c
PASS | DMEM Read -> 0x5b9e
PASS | IMEM Read -> 0x3e2
PASS | DMEM Read -> 0x72bf
PASS | IMEM Read -> 0x2cad
PASS | DMEM Read -> 0x8f73
PASS | IMEM Read -> 0x96ec
PASS | DMEM Read -> 0xe1de
PASS | IMEM Read -> 0x5d6d
PASS | DMEM Read Disabled -> 0x0
PASS | IMEM Read -> 0xca4e
PASS | DMEM Read Disabled -> 0x0
PASS | IMEM Read -> 0x1ec1
PASS | DMEM Read Disabled -> 0x0
PASS | IMEM Read -> 0xe842
PASS | DMEM Read Disabled -> 0x0
PASS | IMEM Read -> 0x59f3
PASS | DMEM Read -> 0x2b73
PASS | IMEM Read -> 0x18b7
PASS | DMEM Read Disabled -> 0x0
PASS | IMEM Read -> 0xcebf
PASS | DMEM Read Disabled -> 0x0
PASS | IMEM Read -> 0x901d
PASS | DMEM Read Disabled -> 0x0
PASS | IMEM Read -> 0x2999
PASS | DMEM Read Disabled -> 0x0
PASS | IMEM Read -> 0xe969
PASS | DMEM Read Disabled -> 0x0
PASS | IMEM Read -> 0x4d4f
PASS | DMEM Read Disabled -> 0x0
PASS | IMEM Read -> 0x9278
PASS | DMEM Read Disabled -> 0x0
PASS | IMEM Read -> 0x53f6
PASS | DMEM Read Disabled -> 0x0
PASS | IMEM Read -> 0x245d
PASS | DMEM Read Disabled -> 0x0
PASS | IMEM Read -> 0xa54c
PASS | DMEM Read -> 0x977f
PASS | IMEM Read -> 0xe338
PASS | DMEM Read -> 0xbd71
PASS | IMEM Read -> 0x6c02
PASS | DMEM Read Disabled -> 0x0
PASS | IMEM Read -> 0x335
PASS | DMEM Read Disabled -> 0x0
PASS | IMEM Read -> 0x9c8c
PASS | DMEM Read Disabled -> 0x0
PASS | IMEM Read -> 0x891
PASS | DMEM Read Disabled -> 0x0
PASS | IMEM Read -> 0xb097
PASS | DMEM Read Disabled -> 0x0
PASS | IMEM Read -> 0x89c2
PASS | DMEM Read Disabled -> 0x0
PASS | IMEM Read -> 0x80ed
PASS | DMEM Read Disabled -> 0x0
PASS | IMEM Read -> 0xa09d
PASS | DMEM Read Disabled -> 0x0
PASS | IMEM Read -> 0x89c2
PASS | DMEM Read Disabled -> 0x0
PASS | IMEM Read -> 0xca4e
PASS | DMEM Read Disabled -> 0x0
PASS | IMEM Read -> 0x245d
PASS | DMEM Read -> 0x8178
PASS | IMEM Read -> 0x5d6d
PASS | DMEM Read -> 0x512b
PASS | IMEM Read -> 0xfaf1
PASS | DMEM Read Disabled -> 0x0
PASS | IMEM Read -> 0xb32f
PASS | DMEM Read Disabled -> 0x0
PASS | IMEM Read -> 0x9bfb
PASS | DMEM Read Disabled -> 0x0
PASS | IMEM Read -> 0x17db
PASS | DMEM Read Disabled -> 0x0
PASS | IMEM Read -> 0x5636
PASS | DMEM Read Disabled -> 0x0
PASS | IMEM Read -> 0xa55c
PASS | DMEM Read -> 0xb651
PASS | IMEM Read -> 0x39d1
PASS | DMEM Read -> 0xe8cf
PASS | IMEM Read -> 0x79f7
PASS | DMEM Read -> 0xfc69
PASS | IMEM Read -> 0x292
PASS | DMEM Read -> 0xb89b
PASS | IMEM Read -> 0x59f3
PASS | DMEM Read Disabled -> 0x0
PASS | IMEM Read -> 0xbb95
PASS | DMEM Read -> 0x41fa
PASS | IMEM Read -> 0x1a67
PASS | DMEM Read Disabled -> 0x0
PASS | IMEM Read -> 0x9ea3
PASS | DMEM Read -> 0xedc8
PASS | IMEM Read -> 0xe79
PASS | DMEM Read Disabled -> 0x0
PASS | IMEM Read -> 0x79f7
PASS | DMEM Read Disabled -> 0x0
PASS | IMEM Read -> 0xe441
PASS | DMEM Read Disabled -> 0x0
PASS | IMEM Read -> 0x723d
PASS | DMEM Read Disabled -> 0x0
PASS | IMEM Read -> 0x4d4f
PASS | DMEM Read -> 0x8b2e
PASS | IMEM Read -> 0xa11a
PASS | DMEM Read -> 0xd1c8
PASS | IMEM Read -> 0xfa76
PASS | DMEM Read Disabled -> 0x0
PASS | IMEM Read -> 0x8599
PASS | DMEM Read -> 0xc42c
PASS | IMEM Read -> 0xa738
PASS | DMEM Read Disabled -> 0x0
PASS | IMEM Read -> 0x3c72
PASS | DMEM Read Disabled -> 0x0
PASS | IMEM Read -> 0x494f
PASS | DMEM Read Disabled -> 0x0
PASS | IMEM Read -> 0x2e70
PASS | DMEM Read -> 0x939e
PASS | IMEM Read -> 0x1b56
PASS | DMEM Read Disabled -> 0x0
PASS | IMEM Read -> 0xbacc
PASS | DMEM Read -> 0x6ca
PASS | IMEM Read -> 0x53f6
PASS | DMEM Read Disabled -> 0x0
PASS | IMEM Read -> 0x808f
PASS | DMEM Read Disabled -> 0x0
PASS | IMEM Read -> 0x77a7
PASS | DMEM Read Disabled -> 0x0
PASS | IMEM Read -> 0x4794
PASS | DMEM Read Disabled -> 0x0
PASS | IMEM Read -> 0x64d
PASS | DMEM Read Disabled -> 0x0
PASS | IMEM Read -> 0x2cad
PASS | DMEM Read Disabled -> 0x0
PASS | IMEM Read -> 0x92a3
PASS | DMEM Read Disabled -> 0x0
PASS | IMEM Read -> 0xe842
PASS | DMEM Read -> 0xb00
PASS | IMEM Read -> 0xca9
PASS | DMEM Read -> 0x2021
PASS | IMEM Read -> 0x1c45
PASS | DMEM Read Disabled -> 0x0
PASS | IMEM Read -> 0x676d
PASS | DMEM Read Disabled -> 0x0
PASS | IMEM Read -> 0x5e7c
PASS | DMEM Read Disabled -> 0x0
PASS | IMEM Read -> 0x63f9
PASS | DMEM Read Disabled -> 0x0
PASS | IMEM Read -> 0x57f6
PASS | DMEM Read Disabled -> 0x0
PASS | IMEM Read -> 0xcd6c
PASS | DMEM Read -> 0xac4f
PASS | IMEM Read -> 0x335
PASS | DMEM Read Disabled -> 0x0
PASS | IMEM Read -> 0x700e
PASS | DMEM Read -> 0x4630
PASS | IMEM Read -> 0x2cc8
PASS | DMEM Read Disabled -> 0x0
PASS | IMEM Read -> 0x2e45
PASS | DMEM Read Disabled -> 0x0
PASS | IMEM Read -> 0xe75b
PASS | DMEM Read Disabled -> 0x0
PASS | IMEM Read -> 0xb43f
PASS | DMEM Read -> 0x3d0f
PASS | IMEM Read -> 0x335
PASS | DMEM Read -> 0x281a
PASS | IMEM Read -> 0xa54c
PASS | DMEM Read -> 0xd6b0
PASS | IMEM Read -> 0xa55c
PASS | DMEM Read Disabled -> 0x0
PASS | IMEM Read -> 0x63f9
PASS | DMEM Read Disabled -> 0x0
PASS | IMEM Read -> 0x636c
PASS | DMEM Read -> 0x5e4e
PASS | IMEM Read -> 0x1c3c
PASS | DMEM Read Disabled -> 0x0
PASS | IMEM Read -> 0xc5b9
PASS | DMEM Read -> 0x8f87
PASS | IMEM Read -> 0x17db
PASS | DMEM Read Disabled -> 0x0
PASS | IMEM Read -> 0x4f12
PASS | DMEM Read -> 0x5478
PASS | IMEM Read -> 0x63f9
PASS | DMEM Read Disabled -> 0x0
PASS | IMEM Read -> 0xe213
PASS | DMEM Read Disabled -> 0x0
PASS | IMEM Read -> 0xa191
PASS | DMEM Read Disabled -> 0x0
PASS | IMEM Read -> 0x6126
PASS | DMEM Read -> 0x615a
PASS | IMEM Read -> 0x6e2a
PASS | DMEM Read Disabled -> 0x0
PASS | IMEM Read -> 0x80ed
PASS | DMEM Read Disabled -> 0x0
PASS | IMEM Read -> 0x5b80
PASS | DMEM Read Disabled -> 0x0
PASS | IMEM Read -> 0xd321
PASS | DMEM Read -> 0x2fd4
PASS | IMEM Read -> 0x9c8c
PASS | DMEM Read Disabled -> 0x0
PASS | IMEM Read -> 0xabcd
PASS | DMEM Read Disabled -> 0x0
PASS | IMEM Read -> 0x1a67
PASS | DMEM Read Disabled -> 0x0
PASS | IMEM Read -> 0xcd22
PASS | DMEM Read -> 0x721d
PASS | IMEM Read -> 0xfe9d
PASS | DMEM Read -> 0x29dd
PASS | IMEM Read -> 0x6da5
PASS | DMEM Read Disabled -> 0x0
PASS | IMEM Read -> 0x61cd
PASS | DMEM Read Disabled -> 0x0
PASS | IMEM Read -> 0xe213
PASS | DMEM Read -> 0x9279
PASS | IMEM Read -> 0x61cd
PASS | DMEM Read Disabled -> 0x0
PASS | IMEM Read -> 0x9ea3
PASS | DMEM Read Disabled -> 0x0
PASS | IMEM Read -> 0x477c
PASS | DMEM Read Disabled -> 0x0
PASS | IMEM Read -> 0x1a67
PASS | DMEM Read -> 0x13c7
PASS | IMEM Read -> 0x2cc8
PASS | DMEM Read Disabled -> 0x0
PASS | IMEM Read -> 0x8b9a
PASS | DMEM Read -> 0xacd2
PASS | IMEM Read -> 0xfd2f
PASS | DMEM Read -> 0x18e7
PASS | IMEM Read -> 0x96be
PASS | DMEM Read Disabled -> 0x0
PASS | IMEM Read -> 0xfbe2
PASS | DMEM Read Disabled -> 0x0
PASS | IMEM Read -> 0xd304
PASS | DMEM Read Disabled -> 0x0
PASS | IMEM Read -> 0xe89
PASS | DMEM Read Disabled -> 0x0
PASS | IMEM Read -> 0xb8f2
PASS | DMEM Read Disabled -> 0x0
PASS | IMEM Read -> 0x25f6
PASS | DMEM Read -> 0xb9d5
PASS | IMEM Read -> 0xd321
PASS | DMEM Read Disabled -> 0x0
PASS | IMEM Read -> 0x2ea6
PASS | DMEM Read Disabled -> 0x0
PASS | IMEM Read -> 0x89c2
PASS | DMEM Read Disabled -> 0x0
PASS | IMEM Read -> 0x1913
PASS | DMEM Read -> 0xe13
PASS | IMEM Read -> 0xe624
PASS | DMEM Read Disabled -> 0x0
PASS | IMEM Read -> 0xfa76
PASS | DMEM Read Disabled -> 0x0
PASS | IMEM Read -> 0xca4e
PASS | DMEM Read Disabled -> 0x0
PASS | IMEM Read -> 0xbe50
PASS | DMEM Read Disabled -> 0x0
PASS | IMEM Read -> 0x4794
PASS | DMEM Read Disabled -> 0x0
PASS | IMEM Read -> 0x37d
PASS | DMEM Read Disabled -> 0x0
PASS | IMEM Read -> 0x7cbc
PASS | DMEM Read Disabled -> 0x0
PASS | IMEM Read -> 0x737e
PASS | DMEM Read Disabled -> 0x0
PASS | IMEM Read -> 0x47aa
PASS | DMEM Read -> 0x8dca
PASS | IMEM Read -> 0x8341
PASS | DMEM Read Disabled -> 0x0
PASS | IMEM Read -> 0xb43f
PASS | DMEM Read Disabled -> 0x0
PASS | IMEM Read -> 0x1bba
PASS | DMEM Read -> 0x29dd
PASS | IMEM Read -> 0xbda7
PASS | DMEM Read -> 0xe77a
PASS | IMEM Read -> 0x2885
PASS | DMEM Read Disabled -> 0x0
PASS | IMEM Read -> 0xf98d
PASS | DMEM Read Disabled -> 0x0
PASS | IMEM Read -> 0x8f67
PASS | DMEM Read Disabled -> 0x0
PASS | IMEM Read -> 0xfab
PASS | DMEM Read -> 0xe9a6
PASS | IMEM Read -> 0xca9
PASS | DMEM Read Disabled -> 0x0
PASS | IMEM Read -> 0xe96d
PASS | DMEM Read -> 0xa236
PASS | IMEM Read -> 0xc5
PASS | DMEM Read Disabled -> 0x0
PASS | IMEM Read -> 0x63f9
PASS | DMEM Read -> 0xdd42
PASS | IMEM Read -> 0x5e66
PASS | DMEM Read Disabled -> 0x0
PASS | IMEM Read -> 0x66bc
PASS | DMEM Read Disabled -> 0x0
PASS | IMEM Read -> 0x2a3a
PASS | DMEM Read Disabled -> 0x0
PASS | IMEM Read -> 0xa09d
PASS | DMEM Read Disabled -> 0x0
PASS | IMEM Read -> 0x18b7
PASS | DMEM Read Disabled -> 0x0
PASS | IMEM Read -> 0x636c
PASS | DMEM Read Disabled -> 0x0
PASS | IMEM Read -> 0xbacc
PASS | DMEM Read Disabled -> 0x0
PASS | IMEM Read -> 0x2e45
PASS | DMEM Read Disabled -> 0x0
PASS | IMEM Read -> 0x96be
PASS | DMEM Read -> 0xfc7a
PASS | IMEM Read -> 0x8e3
PASS | DMEM Read Disabled -> 0x0
PASS | IMEM Read -> 0x17db
PASS | DMEM Read Disabled -> 0x0
PASS | IMEM Read -> 0x2ea6
PASS | DMEM Read Disabled -> 0x0
PASS | IMEM Read -> 0x901d
PASS | DMEM Read Disabled -> 0x0
PASS | IMEM Read -> 0x2e70
PASS | DMEM Read -> 0x6a46
PASS | IMEM Read -> 0xc6d2
PASS | DMEM Read -> 0xa77f
PASS | IMEM Read -> 0xa11a
PASS | DMEM Read -> 0x4a0d
PASS | IMEM Read -> 0xcd6c
PASS | DMEM Read -> 0xc527
PASS | IMEM Read -> 0x3c72
PASS | DMEM Read -> 0x3aca
PASS | IMEM Read -> 0xdab4
PASS | DMEM Read Disabled -> 0x0
PASS | IMEM Read -> 0x2b2c
PASS | DMEM Read -> 0xb00
PASS | IMEM Read -> 0x676d
PASS | DMEM Read Disabled -> 0x0
PASS | IMEM Read -> 0xc0a0
PASS | DMEM Read -> 0xee31
PASS | IMEM Read -> 0xc40a
PASS | DMEM Read -> 0xa12f
PASS | IMEM Read -> 0x39d1
PASS | DMEM Read -> 0x3898
PASS | IMEM Read -> 0xd70
PASS | DMEM Read -> 0x29dd
PASS | IMEM Read -> 0x1bba
PASS | DMEM Read Disabled -> 0x0
PASS | IMEM Read -> 0x9d
PASS | DMEM Read Disabled -> 0x0
PASS | IMEM Read -> 0xc40a
PASS | DMEM Read Disabled -> 0x0
PASS | IMEM Read -> 0x525b
PASS | DMEM Read -> 0x197f
PASS | IMEM Read -> 0xdf5b
PASS | DMEM Read Disabled -> 0x0
PASS | IMEM Read -> 0xa262
PASS | DMEM Read Disabled -> 0x0
PASS | IMEM Read -> 0x2566
PASS | DMEM Read -> 0x5b3f
PASS | IMEM Read -> 0xe89
PASS | DMEM Read -> 0x10e8
PASS | IMEM Read -> 0x2cc8
PASS | DMEM Read Disabled -> 0x0
PASS | IMEM Read -> 0xcd6c
PASS | DMEM Read -> 0x3c12
PASS | IMEM Read -> 0x96be
PASS | DMEM Read Disabled -> 0x0
PASS | IMEM Read -> 0xabcd
PASS | DMEM Read -> 0xf955
PASS | IMEM Read -> 0xcd22
PASS | DMEM Read Disabled -> 0x0
PASS | IMEM Read -> 0x7f3d
PASS | DMEM Read -> 0x6793
PASS | IMEM Read -> 0x9d
PASS | DMEM Read Disabled -> 0x0
PASS | IMEM Read -> 0x53f6
PASS | DMEM Read Disabled -> 0x0
PASS | IMEM Read -> 0x1c3c
PASS | DMEM Read Disabled -> 0x0
PASS | IMEM Read -> 0x2e70
PASS | DMEM Read -> 0x3b16
PASS | IMEM Read -> 0x9c8c
PASS | DMEM Read -> 0x9036
PASS | IMEM Read -> 0xb4ca
PASS | DMEM Read -> 0x4ef2
PASS | IMEM Read -> 0xef8f
PASS | DMEM Read -> 0x2502
PASS | IMEM Read -> 0x1924
PASS | DMEM Read Disabled -> 0x0
PASS | IMEM Read -> 0x7a48
PASS | DMEM Read Disabled -> 0x0
PASS | IMEM Read -> 0x6c02
PASS | DMEM Read Disabled -> 0x0
PASS | IMEM Read -> 0x651d
PASS | DMEM Read -> 0x4a0d
PASS | IMEM Read -> 0x8a2b
PASS | DMEM Read Disabled -> 0x0
PASS | IMEM Read -> 0x29eb
PASS | DMEM Read Disabled -> 0x0
PASS | IMEM Read -> 0x7a48
PASS | DMEM Read -> 0x603
PASS | IMEM Read -> 0xa323
PASS | DMEM Read Disabled -> 0x0
PASS | IMEM Read -> 0x737e
PASS | DMEM Read Disabled -> 0x0
PASS | IMEM Read -> 0xfd2f
PASS | DMEM Read Disabled -> 0x0
PASS | IMEM Read -> 0x6e2a
PASS | DMEM Read -> 0x4e3f
PASS | IMEM Read -> 0x66bc
PASS | DMEM Read Disabled -> 0x0
PASS | IMEM Read -> 0x700e
PASS | DMEM Read -> 0xda2f
PASS | IMEM Read -> 0x8e3
PASS | DMEM Read Disabled -> 0x0
PASS | IMEM Read -> 0x9026
PASS | DMEM Read Disabled -> 0x0
PASS | IMEM Read -> 0x510
PASS | DMEM Read -> 0xaf90
PASS | IMEM Read -> 0xe96d
PASS | DMEM Read Disabled -> 0x0
PASS | IMEM Read -> 0xa54c
PASS | DMEM Read -> 0x72a9
PASS | IMEM Read -> 0x9c8c
PASS | DMEM Read -> 0x2d04
PASS | IMEM Read -> 0x477c
PASS | DMEM Read Disabled -> 0x0
PASS | IMEM Read -> 0x94e5
PASS | DMEM Read Disabled -> 0x0
PASS | IMEM Read -> 0x33fd
PASS | DMEM Read Disabled -> 0x0
PASS | IMEM Read -> 0x700e
PASS | DMEM Read -> 0xa1d5
PASS | IMEM Read -> 0x60db
PASS | DMEM Read -> 0x5cc5
PASS | IMEM Read -> 0xa22d
PASS | DMEM Read -> 0x873b
PASS | IMEM Read -> 0xb097
PASS | DMEM Read -> 0xaa23
PASS | IMEM Read -> 0x9767
PASS | DMEM Read Disabled -> 0x0
PASS | IMEM Read -> 0xc5b9
PASS | DMEM Read -> 0xc49a
PASS | IMEM Read -> 0x7fb1
PASS | DMEM Read -> 0x8f5b
PASS | IMEM Read -> 0x92a3
PASS | DMEM Read Disabled -> 0x0
PASS | IMEM Read -> 0x173e
PASS | DMEM Read Disabled -> 0x0
PASS | IMEM Read -> 0xbda7
PASS | DMEM Read -> 0x7ce
PASS | IMEM Read -> 0xe96d
PASS | DMEM Read -> 0x9dd8
PASS | IMEM Read -> 0x636c
PASS | DMEM Read Disabled -> 0x0
PASS | IMEM Read -> 0xd47c
PASS | DMEM Read Disabled -> 0x0
PASS | IMEM Read -> 0xb32f
PASS | DMEM Read Disabled -> 0x0
PASS | IMEM Read -> 0xc6d2
PASS | DMEM Read Disabled -> 0x0
PASS | IMEM Read -> 0x9c8c
PASS | DMEM Read Disabled -> 0x0
PASS | IMEM Read -> 0x4391
PASS | DMEM Read Disabled -> 0x0
PASS | IMEM Read -> 0xfd1
PASS | DMEM Read Disabled -> 0x0
PASS | IMEM Read -> 0x4fc8
PASS | DMEM Read Disabled -> 0x0
PASS | IMEM Read -> 0xc5
PASS | DMEM Read Disabled -> 0x0
PASS | IMEM Read -> 0x7fb1
PASS | DMEM Read Disabled -> 0x0
PASS | IMEM Read -> 0x64d
PASS | DMEM Read Disabled -> 0x0
PASS | IMEM Read -> 0x59f3
PASS | DMEM Read Disabled -> 0x0
PASS | IMEM Read -> 0x4e73
PASS | DMEM Read Disabled -> 0x0
PASS | IMEM Read -> 0x808f
PASS | DMEM Read Disabled -> 0x0
PASS | IMEM Read -> 0x4c71
PASS | DMEM Read Disabled -> 0x0
PASS | IMEM Read -> 0x2b2c
PASS | DMEM Read Disabled -> 0x0
PASS | IMEM Read -> 0xc40a
PASS | DMEM Read -> 0x4c73
PASS | IMEM Read -> 0x1ec1
PASS | DMEM Read Disabled -> 0x0
PASS | IMEM Read -> 0x4340
PASS | DMEM Read -> 0xacd2
PASS | IMEM Read -> 0xfe9d
PASS | DMEM Read -> 0xed2f
PASS | IMEM Read -> 0xc0a0
PASS | DMEM Read Disabled -> 0x0
PASS | IMEM Read -> 0xa323
PASS | DMEM Read Disabled -> 0x0
PASS | IMEM Read -> 0x374a
PASS | DMEM Read Disabled -> 0x0
PASS | IMEM Read -> 0xe441
PASS | DMEM Read Disabled -> 0x0
PASS | IMEM Read -> 0xcd22
PASS | DMEM Read Disabled -> 0x0
PASS | IMEM Read -> 0x25f6
PASS | DMEM Read Disabled -> 0x0
PASS | IMEM Read -> 0x748a
PASS | DMEM Read -> 0x4a36
PASS | IMEM Read -> 0x808f
PASS | DMEM Read Disabled -> 0x0
PASS | IMEM Read -> 0x64d
PASS | DMEM Read Disabled -> 0x0
PASS | IMEM Read -> 0xfbe2
PASS | DMEM Read Disabled -> 0x0
PASS | IMEM Read -> 0xe842
PASS | DMEM Read -> 0x9fc9
PASS | IMEM Read -> 0xef8f
PASS | DMEM Read Disabled -> 0x0
PASS | IMEM Read -> 0xb297
PASS | DMEM Read Disabled -> 0x0
PASS | IMEM Read -> 0x808f
PASS | DMEM Read Disabled -> 0x0
PASS | IMEM Read -> 0x7f3d
PASS | DMEM Read Disabled -> 0x0
PASS | IMEM Read -> 0x748a
PASS | DMEM Read -> 0x5ac
PASS | IMEM Read -> 0xdd2b
PASS | DMEM Read -> 0x8dca
PASS | IMEM Read -> 0xe624
PASS | DMEM Read Disabled -> 0x0
PASS | IMEM Read -> 0x3a12
PASS | DMEM Read Disabled -> 0x0
PASS | IMEM Read -> 0x8599
PASS | DMEM Read -> 0xe1de
PASS | IMEM Read -> 0x8341
PASS | DMEM Read Disabled -> 0x0
PASS | IMEM Read -> 0x510
PASS | DMEM Read -> 0xa1d5
PASS | IMEM Read -> 0x901d
PASS | DMEM Read Disabled -> 0x0
PASS | IMEM Read -> 0xe89
PASS | DMEM Read -> 0x12ec
PASS | IMEM Read -> 0x9278
PASS | DMEM Read -> 0x48e8
PASS | IMEM Read -> 0xb746
PASS | DMEM Read -> 0xd6f4
PASS | IMEM Read -> 0x100c
PASS | DMEM Read Disabled -> 0x0
PASS | IMEM Read -> 0x5e7c
PASS | DMEM Read Disabled -> 0x0
PASS | IMEM Read -> 0x6126
PASS | DMEM Read Disabled -> 0x0
PASS | IMEM Read -> 0x8341
PASS | DMEM Read -> 0xd6b0
PASS | IMEM Read -> 0xa191
PASS | DMEM Read Disabled -> 0x0
PASS | IMEM Read -> 0x2885
PASS | DMEM Read Disabled -> 0x0
PASS | IMEM Read -> 0x12b3
PASS | DMEM Read Disabled -> 0x0
PASS | IMEM Read -> 0x2885
PASS | DMEM Read -> 0x285
PASS | IMEM Read -> 0xcb2c
PASS | DMEM Read Disabled -> 0x0
PASS | IMEM Read -> 0xa5fc
PASS | DMEM Read -> 0x304c
PASS | IMEM Read -> 0x510
PASS | DMEM Read Disabled -> 0x0
PASS | IMEM Read -> 0xfaf1
PASS | DMEM Read Disabled -> 0x0
PASS | IMEM Read -> 0x7774
PASS | DMEM Read -> 0x82ab
PASS | IMEM Read -> 0x5942
PASS | DMEM Read Disabled -> 0x0
PASS | IMEM Read -> 0x5f21
PASS | DMEM Read -> 0xf98b
PASS | IMEM Read -> 0x34bb
PASS | DMEM Read -> 0x939e
PASS | IMEM Read -> 0x100c
PASS | DMEM Read -> 0x5478
PASS | IMEM Read -> 0xd47c
PASS | DMEM Read -> 0xfcea
PASS | IMEM Read -> 0x390f
PASS | DMEM Read Disabled -> 0x0
PASS | IMEM Read -> 0x5d47
PASS | DMEM Read -> 0x453
PASS | IMEM Read -> 0xcd6c
PASS | DMEM Read Disabled -> 0x0
PASS | IMEM Read -> 0xe89
PASS | DMEM Read -> 0x8835
PASS | IMEM Read -> 0x4f12
PASS | DMEM Read -> 0x5cc5
PASS | IMEM Read -> 0x9278
PASS | DMEM Read Disabled -> 0x0
PASS | IMEM Read -> 0x852a
PASS | DMEM Read Disabled -> 0x0
PASS | IMEM Read -> 0xcd6c
PASS | DMEM Read Disabled -> 0x0
PASS | IMEM Read -> 0x5d0c
PASS | DMEM Read Disabled -> 0x0
PASS | IMEM Read -> 0x25f6
PASS | DMEM Read Disabled -> 0x0
PASS | IMEM Read -> 0x2b1c
PASS | DMEM Read Disabled -> 0x0
PASS | IMEM Read -> 0x2566
PASS | DMEM Read -> 0x4a0d
PASS | IMEM Read -> 0xef8f
PASS | DMEM Read Disabled -> 0x0
PASS | IMEM Read -> 0x3d3
PASS | DMEM Read Disabled -> 0x0
PASS | IMEM Read -> 0x636c
PASS | DMEM Read -> 0x717
PASS | IMEM Read -> 0xe75b
PASS | DMEM Read Disabled -> 0x0
PASS | IMEM Read -> 0xd321
PASS | DMEM Read Disabled -> 0x0
PASS | IMEM Read -> 0xd304
PASS | DMEM Read Disabled -> 0x0
PASS | IMEM Read -> 0xad9
PASS | DMEM Read -> 0x3aca
PASS | IMEM Read -> 0x34bb
PASS | DMEM Read Disabled -> 0x0
PASS | IMEM Read -> 0xd321
PASS | DMEM Read Disabled -> 0x0
PASS | IMEM Read -> 0x510
PASS | DMEM Read -> 0x9d38
PASS | IMEM Read -> 0x29eb
PASS | DMEM Read Disabled -> 0x0
PASS | IMEM Read -> 0xc606
PASS | DMEM Read Disabled -> 0x0
PASS | IMEM Read -> 0x494f
PASS | DMEM Read Disabled -> 0x0
PASS | IMEM Read -> 0x852a
PASS | DMEM Read -> 0x8f73
PASS | IMEM Read -> 0x510
PASS | DMEM Read -> 0xbc0b
PASS | IMEM Read -> 0xb8f2
PASS | DMEM Read -> 0xb132
PASS | IMEM Read -> 0xa5fc
PASS | DMEM Read Disabled -> 0x0
PASS | IMEM Read -> 0x94e5
PASS | DMEM Read Disabled -> 0x0
PASS | IMEM Read -> 0x4499
PASS | DMEM Read Disabled -> 0x0
PASS | IMEM Read -> 0x5d0c
PASS | DMEM Read -> 0x48e8
PASS | IMEM Read -> 0x748a
PASS | DMEM Read Disabled -> 0x0
PASS | IMEM Read -> 0xbe18
PASS | DMEM Read Disabled -> 0x0
PASS | IMEM Read -> 0xcebf
PASS | DMEM Read -> 0xe8cf
PASS | IMEM Read -> 0x848c
PASS | DMEM Read Disabled -> 0x0
PASS | IMEM Read -> 0x5636
PASS | DMEM Read Disabled -> 0x0
PASS | IMEM Read -> 0x2ae3
PASS | DMEM Read -> 0x5478
PASS | IMEM Read -> 0x4c71
PASS | DMEM Read Disabled -> 0x0
PASS | IMEM Read -> 0x891
PASS | DMEM Read Disabled -> 0x0
PASS | IMEM Read -> 0x5e1a
PASS | DMEM Read -> 0x44b0
PASS | IMEM Read -> 0x94e5
PASS | DMEM Read Disabled -> 0x0
PASS | IMEM Read -> 0x9767
PASS | DMEM Read Disabled -> 0x0
PASS | IMEM Read -> 0x848c
PASS | DMEM Read Disabled -> 0x0
PASS | IMEM Read -> 0x9767
PASS | DMEM Read Disabled -> 0x0
PASS | IMEM Read -> 0x4f2e
PASS | DMEM Read Disabled -> 0x0
PASS | IMEM Read -> 0xbb95
PASS | DMEM Read -> 0xc5ee
PASS | IMEM Read -> 0x6e2a
PASS | DMEM Read -> 0x3b97
PASS | IMEM Read -> 0x37d
PASS | DMEM Read Disabled -> 0x0
PASS | IMEM Read -> 0x12b3
PASS | DMEM Read -> 0x9212
PASS | IMEM Read -> 0x2bca
PASS | DMEM Read Disabled -> 0x0
PASS | IMEM Read -> 0x91f7
PASS | DMEM Read -> 0x939e
PASS | IMEM Read -> 0x92a3
PASS | DMEM Read -> 0x8d7f
PASS | IMEM Read -> 0x335
PASS | DMEM Read -> 0x48e8
PASS | IMEM Read -> 0x5a4a
PASS | DMEM Read Disabled -> 0x0
PASS | IMEM Read -> 0x4601
PASS | DMEM Read Disabled -> 0x0
PASS | IMEM Read -> 0x4daf
PASS | DMEM Read Disabled -> 0x0
PASS | IMEM Read -> 0x3e2
PASS | DMEM Read Disabled -> 0x0
PASS | IMEM Read -> 0x9026
PASS | DMEM Read Disabled -> 0x0
PASS | IMEM Read -> 0x2e70
PASS | DMEM Read Disabled -> 0x0
PASS | IMEM Read -> 0xbacc
PASS | DMEM Read Disabled -> 0x0
PASS | IMEM Read -> 0xa323
PASS | DMEM Read Disabled -> 0x0
PASS | IMEM Read -> 0x29eb
PASS | DMEM Read -> 0x8b2e
PASS | IMEM Read -> 0xf8b3
PASS | DMEM Read Disabled -> 0x0
PASS | IMEM Read -> 0x4391
PASS | DMEM Read -> 0xceb5
PASS | IMEM Read -> 0x59f3
PASS | DMEM Read Disabled -> 0x0
PASS | IMEM Read -> 0x8e3
PASS | DMEM Read Disabled -> 0x0
PASS | IMEM Read -> 0xe624
PASS | DMEM Read Disabled -> 0x0
PASS | IMEM Read -> 0x510
PASS | DMEM Read Disabled -> 0x0
PASS | IMEM Read -> 0x6d
PASS | DMEM Read Disabled -> 0x0
PASS | IMEM Read -> 0x5d0c
PASS | DMEM Read -> 0xf74c
PASS | IMEM Read -> 0x8599
PASS | DMEM Read Disabled -> 0x0
PASS | IMEM Read -> 0xc6d2
PASS | DMEM Read Disabled -> 0x0
PASS | IMEM Read -> 0x8a2b
PASS | DMEM Read -> 0x2bf4
PASS | IMEM Read -> 0xbacc
PASS | DMEM Read Disabled -> 0x0
PASS | IMEM Read -> 0x3d3
PASS | DMEM Read -> 0x4327
PASS | IMEM Read -> 0xc0a0
PASS | DMEM Read -> 0xa1d5
PASS | IMEM Read -> 0xa262
PASS | DMEM Read -> 0xcf56
PASS | IMEM Read -> 0x29eb
PASS | DMEM Read -> 0x944c
PASS | IMEM Read -> 0x63f9
PASS | DMEM Read Disabled -> 0x0
PASS | IMEM Read -> 0x737e
PASS | DMEM Read -> 0x1633
PASS | IMEM Read -> 0xe213
PASS | DMEM Read Disabled -> 0x0
PASS | IMEM Read -> 0xb32f
PASS | DMEM Read Disabled -> 0x0
PASS | IMEM Read -> 0x1924
PASS | DMEM Read Disabled -> 0x0
PASS | IMEM Read -> 0x698f
PASS | DMEM Read -> 0x2b73
PASS | IMEM Read -> 0x915b
PASS | DMEM Read Disabled -> 0x0
PASS | IMEM Read -> 0xa262
PASS | DMEM Read Disabled -> 0x0
PASS | IMEM Read -> 0x6c02
PASS | DMEM Read -> 0x674a
PASS | IMEM Read -> 0x42d4
PASS | DMEM Read Disabled -> 0x0
PASS | IMEM Read -> 0xb097
PASS | DMEM Read Disabled -> 0x0
PASS | IMEM Read -> 0x42ee
PASS | DMEM Read -> 0x9036
PASS | IMEM Read -> 0xb43f
PASS | DMEM Read -> 0x5f9e
PASS | IMEM Read -> 0x5d6d
PASS | DMEM Read -> 0xe44a
PASS | IMEM Read -> 0x66bc
PASS | DMEM Read Disabled -> 0x0
PASS | IMEM Read -> 0x42d4
PASS | DMEM Read Disabled -> 0x0
PASS | IMEM Read -> 0xf810
PASS | DMEM Read -> 0x8f73
PASS | IMEM Read -> 0x433a
PASS | DMEM Read Disabled -> 0x0
PASS | IMEM Read -> 0x47aa
PASS | DMEM Read Disabled -> 0x0
PASS | IMEM Read -> 0xdf5b
PASS | DMEM Read Disabled -> 0x0
PASS | IMEM Read -> 0xcb2c
PASS | DMEM Read Disabled -> 0x0
PASS | IMEM Read -> 0x1c3c
PASS | DMEM Read Disabled -> 0x0
PASS | IMEM Read -> 0xe89
PASS | DMEM Read Disabled -> 0x0
PASS | IMEM Read -> 0x4f12
PASS | DMEM Read -> 0x2d04
PASS | IMEM Read -> 0xe969
PASS | DMEM Read -> 0xf955
PASS | IMEM Read -> 0xa22d
PASS | DMEM Read -> 0x4a0d
PASS | IMEM Read -> 0xdab4
PASS | DMEM Read Disabled -> 0x0
PASS | IMEM Read -> 0xf98d
PASS | DMEM Read Disabled -> 0x0
PASS | IMEM Read -> 0x2999
PASS | DMEM Read Disabled -> 0x0
PASS | IMEM Read -> 0x5a0a
PASS | DMEM Read Disabled -> 0x0
PASS | IMEM Read -> 0x96be
PASS | DMEM Read Disabled -> 0x0
PASS | IMEM Read -> 0x4499
PASS | DMEM Read Disabled -> 0x0
PASS | IMEM Read -> 0x8341
PASS | DMEM Read Disabled -> 0x0
PASS | IMEM Read -> 0xe213
PASS | DMEM Read Disabled -> 0x0
PASS | IMEM Read -> 0xfbe2
PASS | DMEM Read Disabled -> 0x0
PASS | IMEM Read -> 0x848c
PASS | DMEM Read Disabled -> 0x0
PASS | IMEM Read -> 0x989c
PASS | DMEM Read -> 0x8172
PASS | IMEM Read -> 0x1b56
PASS | DMEM Read -> 0x10b4
PASS | IMEM Read -> 0xa8e8
PASS | DMEM Read -> 0xc45b
PASS | IMEM Read -> 0x4c71
PASS | DMEM Read Disabled -> 0x0
PASS | IMEM Read -> 0x1c3c
PASS | DMEM Read Disabled -> 0x0
PASS | IMEM Read -> 0x42d4
PASS | DMEM Read Disabled -> 0x0
PASS | IMEM Read -> 0x18b7
PASS | DMEM Read Disabled -> 0x0
PASS | IMEM Read -> 0x386b
PASS | DMEM Read -> 0xaa23
PASS | IMEM Read -> 0x18b7
PASS | DMEM Read -> 0xfc69
PASS | IMEM Read -> 0x265e
PASS | DMEM Read -> 0xef91
PASS | IMEM Read -> 0x59e7
PASS | DMEM Read -> 0xac59
PASS | IMEM Read -> 0x5f21
PASS | DMEM Read Disabled -> 0x0
PASS | IMEM Read -> 0x92a3
PASS | DMEM Read -> 0xa77f
PASS | IMEM Read -> 0x34bb
PASS | DMEM Read Disabled -> 0x0
PASS | IMEM Read -> 0x63f9
PASS | DMEM Read -> 0xd9d1
PASS | IMEM Read -> 0x438b
PASS | DMEM Read -> 0xc527
PASS | IMEM Read -> 0x2c36
PASS | DMEM Read Disabled -> 0x0
PASS | IMEM Read -> 0x848c
PASS | DMEM Read Disabled -> 0x0
PASS | IMEM Read -> 0xbf0f
PASS | DMEM Read -> 0x21e0
PASS | IMEM Read -> 0x9ea3
PASS | DMEM Read -> 0x8123
PASS | IMEM Read -> 0xa55c
PASS | DMEM Read Disabled -> 0x0
PASS | IMEM Read -> 0x5a0a
PASS | DMEM Read -> 0x197f
PASS | IMEM Read -> 0xc40a
PASS | DMEM Read -> 0xee11
PASS | IMEM Read -> 0xa8e8
PASS | DMEM Read Disabled -> 0x0
PASS | IMEM Read -> 0x3c68
PASS | DMEM Read Disabled -> 0x0
PASS | IMEM Read -> 0xb297
PASS | DMEM Read -> 0xf5cc
PASS | IMEM Read -> 0xb69e
PASS | DMEM Read -> 0xac59
PASS | IMEM Read -> 0x2b2c
PASS | DMEM Read -> 0x8f89
PASS | IMEM Read -> 0x91b
PASS | DMEM Read Disabled -> 0x0
PASS | IMEM Read -> 0x4f2e
PASS | DMEM Read Disabled -> 0x0
PASS | IMEM Read -> 0x4156
PASS | DMEM Read Disabled -> 0x0
PASS | IMEM Read -> 0x94e5
PASS | DMEM Read Disabled -> 0x0
PASS | IMEM Read -> 0xed88
PASS | DMEM Read Disabled -> 0x0
PASS | IMEM Read -> 0x6126
PASS | DMEM Read -> 0x45da
PASS | IMEM Read -> 0x80ac
PASS | DMEM Read Disabled -> 0x0
PASS | IMEM Read -> 0x9547
PASS | DMEM Read Disabled -> 0x0
PASS | IMEM Read -> 0x4c71
PASS | DMEM Read Disabled -> 0x0
PASS | IMEM Read -> 0xcc49
PASS | DMEM Read Disabled -> 0x0
PASS | IMEM Read -> 0x94e5
PASS | DMEM Read Disabled -> 0x0
PASS | IMEM Read -> 0x9ea3
PASS | DMEM Read -> 0xb236
PASS | IMEM Read -> 0x265e
PASS | DMEM Read Disabled -> 0x0
PASS | IMEM Read -> 0x4daf
PASS | DMEM Read Disabled -> 0x0
PASS | IMEM Read -> 0x568c
PASS | DMEM Read Disabled -> 0x0
PASS | IMEM Read -> 0x5d6d
PASS | DMEM Read -> 0xc168
PASS | IMEM Read -> 0x31ce
PASS | DMEM Read Disabled -> 0x0
PASS | IMEM Read -> 0x901d
PASS | DMEM Read Disabled -> 0x0
PASS | IMEM Read -> 0x1b56
PASS | DMEM Read Disabled -> 0x0
PASS | IMEM Read -> 0xb69e
PASS | DMEM Read Disabled -> 0x0
PASS | IMEM Read -> 0xcebf
PASS | DMEM Read -> 0x9a0d
PASS | IMEM Read -> 0x7068
PASS | DMEM Read -> 0xa52b
PASS | IMEM Read -> 0x3d3
PASS | DMEM Read -> 0xe1de
PASS | IMEM Read -> 0x1b56
PASS | DMEM Read Disabled -> 0x0
PASS | IMEM Read -> 0x4f12
PASS | DMEM Read -> 0x7ff4
PASS | IMEM Read -> 0x4499
PASS | DMEM Read Disabled -> 0x0
PASS | IMEM Read -> 0x66bc
PASS | DMEM Read Disabled -> 0x0
PASS | IMEM Read -> 0x1b56
PASS | DMEM Read Disabled -> 0x0
PASS | IMEM Read -> 0x38bf
PASS | DMEM Read Disabled -> 0x0
PASS | IMEM Read -> 0x9ea3
PASS | DMEM Read Disabled -> 0x0
PASS | IMEM Read -> 0x79f7
PASS | DMEM Read -> 0x9dd8
PASS | IMEM Read -> 0x7c6d
PASS | DMEM Read Disabled -> 0x0
PASS | IMEM Read -> 0x9767
PASS | DMEM Read -> 0xa71c
PASS | IMEM Read -> 0x24b8
PASS | DMEM Read Disabled -> 0x0
PASS | IMEM Read -> 0xdf0f
PASS | DMEM Read Disabled -> 0x0
PASS | IMEM Read -> 0x3c68
PASS | DMEM Read -> 0x8f89
PASS | IMEM Read -> 0x5f21
PASS | DMEM Read Disabled -> 0x0
PASS | IMEM Read -> 0x25f6
PASS | DMEM Read Disabled -> 0x0
PASS | IMEM Read -> 0x39d1
PASS | DMEM Read Disabled -> 0x0
PASS | IMEM Read -> 0x9c8c
PASS | DMEM Read Disabled -> 0x0
PASS | IMEM Read -> 0x273a
PASS | DMEM Read Disabled -> 0x0
PASS | IMEM Read -> 0xe338
PASS | DMEM Read -> 0x944c
PASS | IMEM Read -> 0x4d4f
PASS | DMEM Read Disabled -> 0x0
PASS | IMEM Read -> 0x3d3
PASS | DMEM Read Disabled -> 0x0
PASS | IMEM Read -> 0x2cad
PASS | DMEM Read -> 0x144c
PASS | IMEM Read -> 0xb505
PASS | DMEM Read Disabled -> 0x0
PASS | IMEM Read -> 0x29eb
PASS | DMEM Read Disabled -> 0x0
PASS | IMEM Read -> 0xf33
PASS | DMEM Read Disabled -> 0x0
PASS | IMEM Read -> 0xe969
PASS | DMEM Read Disabled -> 0x0
PASS | IMEM Read -> 0xfe9d
PASS | DMEM Read -> 0x2d04
PASS | IMEM Read -> 0xc5
PASS | DMEM Read Disabled -> 0x0
PASS | IMEM Read -> 0x477c
PASS | DMEM Read Disabled -> 0x0
PASS | IMEM Read -> 0x4e73
PASS | DMEM Read -> 0x1d06
PASS | IMEM Read -> 0x63f9
PASS | DMEM Read -> 0x5340
PASS | IMEM Read -> 0xd40c
PASS | DMEM Read -> 0x1789
PASS | IMEM Read -> 0xb8f2
PASS | DMEM Read Disabled -> 0x0
PASS | IMEM Read -> 0x2a3a
PASS | DMEM Read Disabled -> 0x0
PASS | IMEM Read -> 0x9d
PASS | DMEM Read Disabled -> 0x0
PASS | IMEM Read -> 0x6d
PASS | DMEM Read Disabled -> 0x0
PASS | IMEM Read -> 0xe338
PASS | DMEM Read Disabled -> 0x0
PASS | IMEM Read -> 0x66bc
PASS | DMEM Read Disabled -> 0x0
PASS | IMEM Read -> 0xe853
PASS | DMEM Read -> 0x6413
PASS | IMEM Read -> 0xdca6
PASS | DMEM Read -> 0x5dfc
PASS | IMEM Read -> 0xdf0f
PASS | DMEM Read -> 0x869c
PASS | IMEM Read -> 0xc6d2
PASS | DMEM Read Disabled -> 0x0
PASS | IMEM Read -> 0x5942
PASS | DMEM Read Disabled -> 0x0
PASS | IMEM Read -> 0x18b7
PASS | DMEM Read Disabled -> 0x0
PASS | IMEM Read -> 0x477c
PASS | DMEM Read Disabled -> 0x0
PASS | IMEM Read -> 0xef8f
PASS | DMEM Read -> 0xf5cc
PASS | IMEM Read -> 0xa8e8
PASS | DMEM Read Disabled -> 0x0
PASS | IMEM Read -> 0xc606
PASS | DMEM Read Disabled -> 0x0
PASS | IMEM Read -> 0xb8f2
PASS | DMEM Read Disabled -> 0x0
PASS | IMEM Read -> 0x5a76
PASS | DMEM Read Disabled -> 0x0
PASS | IMEM Read -> 0xb815
PASS | DMEM Read Disabled -> 0x0
PASS | IMEM Read -> 0xcd22
PASS | DMEM Read Disabled -> 0x0
PASS | IMEM Read -> 0x9007
PASS | DMEM Read -> 0x29dd
PASS | IMEM Read -> 0xf810
PASS | DMEM Read -> 0x51c0
PASS | IMEM Read -> 0x723d
PASS | DMEM Read Disabled -> 0x0
PASS | IMEM Read -> 0x5e7c
PASS | DMEM Read Disabled -> 0x0
PASS | IMEM Read -> 0x9547
PASS | DMEM Read -> 0x3797
PASS | IMEM Read -> 0x91f7
PASS | DMEM Read Disabled -> 0x0
PASS | IMEM Read -> 0xed88
PASS | DMEM Read Disabled -> 0x0
PASS | IMEM Read -> 0x1b56
PASS | DMEM Read Disabled -> 0x0
PASS | IMEM Read -> 0x3c68
PASS | DMEM Read -> 0x9d38
PASS | IMEM Read -> 0xb505
PASS | DMEM Read Disabled -> 0x0
PASS | IMEM Read -> 0x6f20
PASS | DMEM Read Disabled -> 0x0
PASS | IMEM Read -> 0xd40c
PASS | DMEM Read Disabled -> 0x0
PASS | IMEM Read -> 0xd8a8
PASS | DMEM Read Disabled -> 0x0
PASS | IMEM Read -> 0x245d
PASS | DMEM Read Disabled -> 0x0
PASS | IMEM Read -> 0xb097
PASS | DMEM Read Disabled -> 0x0
PASS | IMEM Read -> 0x5bfc
PASS | DMEM Read -> 0xee31
PASS | IMEM Read -> 0x2bca
PASS | DMEM Read -> 0xcc36
PASS | IMEM Read -> 0x4391
PASS | DMEM Read Disabled -> 0x0
PASS | IMEM Read -> 0x96ec
PASS | DMEM Read -> 0x2473
PASS | IMEM Read -> 0x374a
PASS | DMEM Read Disabled -> 0x0
PASS | IMEM Read -> 0xdca6
PASS | DMEM Read Disabled -> 0x0
PASS | IMEM Read -> 0x91b
PASS | DMEM Read -> 0xee11
PASS | IMEM Read -> 0x6c02
PASS | DMEM Read Disabled -> 0x0
PASS | IMEM Read -> 0x2bca
PASS | DMEM Read -> 0xde4d
PASS | IMEM Read -> 0x80ac
PASS | DMEM Read -> 0x83fe
PASS | IMEM Read -> 0x96be
PASS | DMEM Read Disabled -> 0x0
PASS | IMEM Read -> 0x18b7
PASS | DMEM Read Disabled -> 0x0
PASS | IMEM Read -> 0x2cad
PASS | DMEM Read -> 0x663c
PASS | IMEM Read -> 0x1b56
PASS | DMEM Read Disabled -> 0x0
PASS | IMEM Read -> 0xe624
PASS | DMEM Read -> 0x197f
PASS | IMEM Read -> 0xed88
PASS | DMEM Read Disabled -> 0x0
PASS | IMEM Read -> 0xd304
PASS | DMEM Read -> 0x2b8f
PASS | IMEM Read -> 0x4391
PASS | DMEM Read Disabled -> 0x0
PASS | IMEM Read -> 0xef4
PASS | DMEM Read -> 0x1045
PASS | IMEM Read -> 0x12b3
PASS | DMEM Read Disabled -> 0x0
PASS | IMEM Read -> 0xe853
PASS | DMEM Read -> 0xd6b0
PASS | IMEM Read -> 0xfe9d
PASS | DMEM Read Disabled -> 0x0
PASS | IMEM Read -> 0xe75b
PASS | DMEM Read Disabled -> 0x0
PASS | IMEM Read -> 0x3d3
PASS | DMEM Read -> 0xaf93
PASS | IMEM Read -> 0xa262
PASS | DMEM Read -> 0x4a0d
PASS | IMEM Read -> 0x92a3
PASS | DMEM Read -> 0x8e49
PASS | IMEM Read -> 0xe853
PASS | DMEM Read Disabled -> 0x0
PASS | IMEM Read -> 0x96ec
PASS | DMEM Read Disabled -> 0x0
PASS | IMEM Read -> 0x292
PASS | DMEM Read Disabled -> 0x0
PASS | IMEM Read -> 0x24b8
PASS | DMEM Read Disabled -> 0x0
PASS | IMEM Read -> 0xcd22
PASS | DMEM Read Disabled -> 0x0
PASS | IMEM Read -> 0x2999
PASS | DMEM Read Disabled -> 0x0
PASS | IMEM Read -> 0x33fd
PASS | DMEM Read Disabled -> 0x0
PASS | IMEM Read -> 0xe89
PASS | DMEM Read -> 0x48e8
PASS | IMEM Read -> 0xbb95
PASS | DMEM Read Disabled -> 0x0
PASS | IMEM Read -> 0xa191
PASS | DMEM Read Disabled -> 0x0
PASS | IMEM Read -> 0x748a
PASS | DMEM Read -> 0xbc32
PASS | IMEM Read -> 0xca9
PASS | DMEM Read Disabled -> 0x0
PASS | IMEM Read -> 0xe89
PASS | DMEM Read Disabled -> 0x0
PASS | IMEM Read -> 0xf023
PASS | DMEM Read Disabled -> 0x0
PASS | IMEM Read -> 0xc440
PASS | DMEM Read Disabled -> 0x0
PASS | IMEM Read -> 0xb297
PASS | DMEM Read Disabled -> 0x0
PASS | IMEM Read -> 0x1c45
PASS | DMEM Read -> 0x21e0
PASS | IMEM Read -> 0xf98d
PASS | DMEM Read -> 0x32fa
PASS | IMEM Read -> 0x510
PASS | DMEM Read Disabled -> 0x0
PASS | IMEM Read -> 0xb43f
PASS | DMEM Read Disabled -> 0x0
PASS | IMEM Read -> 0x9d
PASS | DMEM Read Disabled -> 0x0
PASS | IMEM Read -> 0x8e1f
PASS | DMEM Read -> 0x5dfc
PASS | IMEM Read -> 0x5d6d
PASS | DMEM Read Disabled -> 0x0
PASS | IMEM Read -> 0x5e1a
PASS | DMEM Read -> 0x5520
PASS | IMEM Read -> 0x89c2
PASS | DMEM Read -> 0x873b
PASS | IMEM Read -> 0x94e5
PASS | DMEM Read Disabled -> 0x0
PASS | IMEM Read -> 0x3d3
PASS | DMEM Read Disabled -> 0x0
PASS | IMEM Read -> 0xb1b8
PASS | DMEM Read Disabled -> 0x0
PASS | IMEM Read -> 0x66bc
PASS | DMEM Read -> 0xd87b
PASS | IMEM Read -> 0xc5b9
PASS | DMEM Read Disabled -> 0x0
PASS | IMEM Read -> 0x2f16
PASS | DMEM Read Disabled -> 0x0
PASS | IMEM Read -> 0x651d
PASS | DMEM Read Disabled -> 0x0
PASS | IMEM Read -> 0x91f7
PASS | DMEM Read Disabled -> 0x0
PASS | IMEM Read -> 0x676d
PASS | DMEM Read Disabled -> 0x0
PASS | IMEM Read -> 0xb297
PASS | DMEM Read Disabled -> 0x0
PASS | IMEM Read -> 0x2e45
PASS | DMEM Read -> 0xd6f4
PASS | IMEM Read -> 0xb097
PASS | DMEM Read Disabled -> 0x0
PASS | IMEM Read -> 0x3c68
PASS | DMEM Read Disabled -> 0x0
PASS | IMEM Read -> 0xcb2c
PASS | DMEM Read -> 0x9d06
PASS | IMEM Read -> 0x808f
PASS | DMEM Read Disabled -> 0x0
PASS | IMEM Read -> 0xd70
PASS | DMEM Read Disabled -> 0x0
PASS | IMEM Read -> 0xa5fc
PASS | DMEM Read -> 0xc829
PASS | IMEM Read -> 0xe338
PASS | DMEM Read Disabled -> 0x0
PASS | IMEM Read -> 0xce65
PASS | DMEM Read -> 0x5b5a
PASS | IMEM Read -> 0x9bfb
PASS | DMEM Read Disabled -> 0x0
PASS | IMEM Read -> 0xe969
PASS | DMEM Read Disabled -> 0x0
PASS | IMEM Read -> 0x8599
PASS | DMEM Read Disabled -> 0x0
PASS | IMEM Read -> 0xa54c
PASS | DMEM Read Disabled -> 0x0
PASS | IMEM Read -> 0xabcd
PASS | DMEM Read -> 0x6686
PASS | IMEM Read -> 0xa8e8
PASS | DMEM Read Disabled -> 0x0
PASS | IMEM Read -> 0xd321
PASS | DMEM Read -> 0x8dca
PASS | IMEM Read -> 0x5e1a
PASS | DMEM Read Disabled -> 0x0
PASS | IMEM Read -> 0x4601
PASS | DMEM Read Disabled -> 0x0
PASS | IMEM Read -> 0xe624
PASS | DMEM Read Disabled -> 0x0
PASS | IMEM Read -> 0xc606
PASS | DMEM Read Disabled -> 0x0
PASS | IMEM Read -> 0x7a48
PASS | DMEM Read Disabled -> 0x0
PASS | IMEM Read -> 0xb746
PASS | DMEM Read Disabled -> 0x0
PASS | IMEM Read -> 0x94e5
PASS | DMEM Read Disabled -> 0x0
PASS | IMEM Read -> 0x390f
PASS | DMEM Read Disabled -> 0x0
PASS | IMEM Read -> 0x9ea3
PASS | DMEM Read Disabled -> 0x0
PASS | IMEM Read -> 0x245d
PASS | DMEM Read Disabled -> 0x0
PASS | IMEM Read -> 0xb297
PASS | DMEM Read Disabled -> 0x0
PASS | IMEM Read -> 0x989c
PASS | DMEM Read Disabled -> 0x0
PASS | IMEM Read -> 0x24b8
PASS | DMEM Read Disabled -> 0x0
PASS | IMEM Read -> 0x2b1c
PASS | DMEM Read Disabled -> 0x0
PASS | IMEM Read -> 0x1c3c
PASS | DMEM Read -> 0x7fc8
PASS | IMEM Read -> 0x2999
PASS | DMEM Read Disabled -> 0x0
PASS | IMEM Read -> 0x5d47
PASS | DMEM Read -> 0x6793
PASS | IMEM Read -> 0x737e
PASS | DMEM Read Disabled -> 0x0
PASS | IMEM Read -> 0x2ae3
PASS | DMEM Read Disabled -> 0x0
PASS | IMEM Read -> 0xd8a8
PASS | DMEM Read Disabled -> 0x0
PASS | IMEM Read -> 0x2bca
PASS | DMEM Read Disabled -> 0x0
PASS | IMEM Read -> 0x723d
PASS | DMEM Read Disabled -> 0x0
PASS | IMEM Read -> 0x2b2c
PASS | DMEM Read -> 0xd353
PASS | IMEM Read -> 0x891
PASS | DMEM Read Disabled -> 0x0
PASS | IMEM Read -> 0x9ea3
PASS | DMEM Read -> 0xcbd
PASS | IMEM Read -> 0x94e5
PASS | DMEM Read -> 0xb89b
PASS | IMEM Read -> 0x89c2
PASS | DMEM Read Disabled -> 0x0
PASS | IMEM Read -> 0x97ed
PASS | DMEM Read -> 0x1789
PASS | IMEM Read -> 0xdca6
PASS | DMEM Read Disabled -> 0x0
PASS | IMEM Read -> 0xce65
PASS | DMEM Read Disabled -> 0x0
PASS | IMEM Read -> 0xdca6
PASS | DMEM Read Disabled -> 0x0
PASS | IMEM Read -> 0xa09d
PASS | DMEM Read Disabled -> 0x0
PASS | IMEM Read -> 0x4794
PASS | DMEM Read -> 0xfcea
PASS | IMEM Read -> 0xe969
PASS | DMEM Read Disabled -> 0x0
PASS | IMEM Read -> 0x989c
PASS | DMEM Read -> 0x73b
PASS | IMEM Read -> 0xb4ca
PASS | DMEM Read Disabled -> 0x0
PASS | IMEM Read -> 0x59e7
PASS | DMEM Read -> 0xd294
PASS | IMEM Read -> 0x1924
PASS | DMEM Read -> 0x17f3
PASS | IMEM Read -> 0x5d0c
PASS | DMEM Read Disabled -> 0x0
PASS | IMEM Read -> 0xe969
PASS | DMEM Read Disabled -> 0x0
PASS | IMEM Read -> 0x438b
PASS | DMEM Read Disabled -> 0x0
PASS | IMEM Read -> 0xe441
PASS | DMEM Read Disabled -> 0x0
PASS | IMEM Read -> 0x42ee
PASS | DMEM Read Disabled -> 0x0
PASS | IMEM Read -> 0xe75b
PASS | DMEM Read Disabled -> 0x0
PASS | IMEM Read -> 0x723d
PASS | DMEM Read Disabled -> 0x0
PASS | IMEM Read -> 0x37d
PASS | DMEM Read Disabled -> 0x0
PASS | IMEM Read -> 0x9d
PASS | DMEM Read Disabled -> 0x0
PASS | IMEM Read -> 0x2c36
PASS | DMEM Read Disabled -> 0x0
PASS | IMEM Read -> 0xca4e
PASS | DMEM Read Disabled -> 0x0
PASS | IMEM Read -> 0x723d
PASS | DMEM Read Disabled -> 0x0
PASS | IMEM Read -> 0xa5fc
PASS | DMEM Read Disabled -> 0x0
PASS | IMEM Read -> 0xfd1
PASS | DMEM Read -> 0x7fc8
PASS | IMEM Read -> 0xa738
PASS | DMEM Read Disabled -> 0x0
PASS | IMEM Read -> 0x37d
PASS | DMEM Read -> 0x7a9e
PASS | IMEM Read -> 0x24b8
PASS | DMEM Read -> 0x869c
PASS | IMEM Read -> 0xb505
PASS | DMEM Read Disabled -> 0x0
PASS | IMEM Read -> 0x4d4f
PASS | DMEM Read -> 0xf949
PASS | IMEM Read -> 0xb505
PASS | DMEM Read -> 0xf4f2
PASS | IMEM Read -> 0x63f9
PASS | DMEM Read -> 0x3501
PASS | IMEM Read -> 0x273a
PASS | DMEM Read Disabled -> 0x0
PASS | IMEM Read -> 0xe213
PASS | DMEM Read Disabled -> 0x0
PASS | IMEM Read -> 0x57f6
PASS | DMEM Read Disabled -> 0x0
PASS | IMEM Read -> 0x9c8c
PASS | DMEM Read Disabled -> 0x0
PASS | IMEM Read -> 0x6d
PASS | DMEM Read Disabled -> 0x0
PASS | IMEM Read -> 0xd8a8
PASS | DMEM Read Disabled -> 0x0
PASS | IMEM Read -> 0x1ec1
PASS | DMEM Read Disabled -> 0x0
PASS | IMEM Read -> 0xf33
PASS | DMEM Read -> 0x944c
PASS | IMEM Read -> 0xb8f2
PASS | DMEM Read -> 0x48e8
PASS | IMEM Read -> 0x59e7
PASS | DMEM Read Disabled -> 0x0
PASS | IMEM Read -> 0x7774
PASS | DMEM Read -> 0xa52b
PASS | IMEM Read -> 0x1c3c
PASS | DMEM Read Disabled -> 0x0
PASS | IMEM Read -> 0x8599
PASS | DMEM Read Disabled -> 0x0
PASS | IMEM Read -> 0xb8f2
PASS | DMEM Read -> 0x3501
PASS | IMEM Read -> 0x2515
PASS | DMEM Read -> 0x8b40
PASS | IMEM Read -> 0xfa76
PASS | DMEM Read -> 0x8c6e
PASS | IMEM Read -> 0x390f
PASS | DMEM Read Disabled -> 0x0
PASS | IMEM Read -> 0x4391
PASS | DMEM Read -> 0x8b2e
PASS | IMEM Read -> 0xa191
PASS | DMEM Read Disabled -> 0x0
PASS | IMEM Read -> 0xc0a0
PASS | DMEM Read Disabled -> 0x0
PASS | IMEM Read -> 0xbb95
PASS | DMEM Read Disabled -> 0x0
PASS | IMEM Read -> 0x374a
PASS | DMEM Read Disabled -> 0x0
PASS | IMEM Read -> 0x2abe
PASS | DMEM Read -> 0x674e
PASS | IMEM Read -> 0xe853
PASS | DMEM Read Disabled -> 0x0
PASS | IMEM Read -> 0xe624
PASS | DMEM Read Disabled -> 0x0
PASS | IMEM Read -> 0xc6d2
PASS | DMEM Read Disabled -> 0x0
PASS | IMEM Read -> 0x65ca
PASS | DMEM Read Disabled -> 0x0
PASS | IMEM Read -> 0xce65
PASS | DMEM Read Disabled -> 0x0
PASS | IMEM Read -> 0x173e
PASS | DMEM Read Disabled -> 0x0
PASS | IMEM Read -> 0xfd2f
PASS | DMEM Read Disabled -> 0x0
PASS | IMEM Read -> 0x723d
PASS | DMEM Read Disabled -> 0x0
PASS | IMEM Read -> 0xf810
PASS | DMEM Read -> 0xbc0b
PASS | IMEM Read -> 0x29eb
PASS | DMEM Read -> 0x3b97
PASS | IMEM Read -> 0x568c
PASS | DMEM Read Disabled -> 0x0
PASS | IMEM Read -> 0xf98d
PASS | DMEM Read Disabled -> 0x0
PASS | IMEM Read -> 0x4f12
PASS | DMEM Read Disabled -> 0x0
PASS | IMEM Read -> 0x4601
PASS | DMEM Read -> 0x4d06
PASS | IMEM Read -> 0x17db
PASS | DMEM Read Disabled -> 0x0
PASS | IMEM Read -> 0x91b
PASS | DMEM Read Disabled -> 0x0
PASS | IMEM Read -> 0xe96d
PASS | DMEM Read -> 0xd90c
PASS | IMEM Read -> 0x2b1c
PASS | DMEM Read Disabled -> 0x0
PASS | IMEM Read -> 0x748a
PASS | DMEM Read Disabled -> 0x0
PASS | IMEM Read -> 0x97ed
PASS | DMEM Read -> 0x5dfc
PASS | IMEM Read -> 0x9537
PASS | DMEM Read Disabled -> 0x0
PASS | IMEM Read -> 0x8b9a
PASS | DMEM Read Disabled -> 0x0
PASS | IMEM Read -> 0xfd1
PASS | DMEM Read -> 0x9941
PASS | IMEM Read -> 0x698f
PASS | DMEM Read Disabled -> 0x0
PASS | IMEM Read -> 0x17db
PASS | DMEM Read Disabled -> 0x0
PASS | IMEM Read -> 0x3423
PASS | DMEM Read Disabled -> 0x0
PASS | IMEM Read -> 0x3c68
PASS | DMEM Read -> 0x1e88
PASS | IMEM Read -> 0x651d
PASS | DMEM Read -> 0xd3c4
PASS | IMEM Read -> 0x723d
PASS | DMEM Read Disabled -> 0x0
PASS | IMEM Read -> 0xc5b9
PASS | DMEM Read -> 0x8c83
PASS | IMEM Read -> 0x700e
PASS | DMEM Read Disabled -> 0x0
PASS | IMEM Read -> 0x901a
PASS | DMEM Read Disabled -> 0x0
PASS | IMEM Read -> 0xed88
PASS | DMEM Read Disabled -> 0x0
PASS | IMEM Read -> 0x852a
PASS | DMEM Read Disabled -> 0x0
PASS | IMEM Read -> 0xc40a
PASS | DMEM Read -> 0x5dfc
PASS | IMEM Read -> 0x8341
PASS | DMEM Read -> 0x769d
PASS | IMEM Read -> 0x891
PASS | DMEM Read Disabled -> 0x0
PASS | IMEM Read -> 0xe47f
PASS | DMEM Read Disabled -> 0x0
PASS | IMEM Read -> 0xf023
PASS | DMEM Read Disabled -> 0x0
PASS | IMEM Read -> 0xe47f
PASS | DMEM Read -> 0x144c
PASS | IMEM Read -> 0x59e7
PASS | DMEM Read -> 0xf45f
PASS | IMEM Read -> 0x2b1c
PASS | DMEM Read -> 0xd294
PASS | IMEM Read -> 0xb746
PASS | DMEM Read Disabled -> 0x0
PASS | IMEM Read -> 0x2b2c
PASS | DMEM Read Disabled -> 0x0
PASS | IMEM Read -> 0x698f
PASS | DMEM Read -> 0xf4f2
PASS | IMEM Read -> 0x1924
PASS | DMEM Read -> 0x33d0
PASS | IMEM Read -> 0x17db
PASS | DMEM Read Disabled -> 0x0
PASS | IMEM Read -> 0xa09d
PASS | DMEM Read -> 0x32be
PASS | IMEM Read -> 0x12b3
PASS | DMEM Read Disabled -> 0x0
PASS | IMEM Read -> 0x25f6
PASS | DMEM Read Disabled -> 0x0
PASS | IMEM Read -> 0xfd1
PASS | DMEM Read Disabled -> 0x0
PASS | IMEM Read -> 0x4d4f
PASS | DMEM Read Disabled -> 0x0
PASS | IMEM Read -> 0x7f3d
PASS | DMEM Read Disabled -> 0x0
PASS | IMEM Read -> 0x31ce
PASS | DMEM Read -> 0x1e88
PASS | IMEM Read -> 0x4391
PASS | DMEM Read Disabled -> 0x0
PASS | IMEM Read -> 0xe79
PASS | DMEM Read Disabled -> 0x0
PASS | IMEM Read -> 0x7a48
PASS | DMEM Read Disabled -> 0x0
PASS | IMEM Read -> 0x901d
PASS | DMEM Read -> 0x9493
PASS | IMEM Read -> 0x9bfb
PASS | DMEM Read Disabled -> 0x0
PASS | IMEM Read -> 0x494f
PASS | DMEM Read Disabled -> 0x0
PASS | IMEM Read -> 0x477c
PASS | DMEM Read Disabled -> 0x0
PASS | IMEM Read -> 0x60db
PASS | DMEM Read Disabled -> 0x0
PASS | IMEM Read -> 0xb097
PASS | DMEM Read -> 0x383c
PASS | IMEM Read -> 0xe96d
PASS | DMEM Read -> 0x7a9e
PASS | IMEM Read -> 0x891
PASS | DMEM Read Disabled -> 0x0
PASS | IMEM Read -> 0xfe9d
PASS | DMEM Read Disabled -> 0x0
PASS | IMEM Read -> 0x438b
PASS | DMEM Read Disabled -> 0x0
PASS | IMEM Read -> 0x7774
PASS | DMEM Read Disabled -> 0x0
PASS | IMEM Read -> 0x9547
PASS | DMEM Read Disabled -> 0x0
PASS | IMEM Read -> 0x47aa
PASS | DMEM Read -> 0xe9a6
PASS | IMEM Read -> 0xb8f2
PASS | DMEM Read -> 0x2473
PASS | IMEM Read -> 0x5a0a
PASS | DMEM Read Disabled -> 0x0
PASS | IMEM Read -> 0x66bc
PASS | DMEM Read -> 0xe79a
PASS | IMEM Read -> 0x433a
PASS | DMEM Read Disabled -> 0x0
PASS | IMEM Read -> 0x173e
PASS | DMEM Read Disabled -> 0x0
PASS | IMEM Read -> 0xca9
PASS | DMEM Read Disabled -> 0x0
PASS | IMEM Read -> 0x5636
PASS | DMEM Read -> 0xd314
PASS | IMEM Read -> 0x5bfc
PASS | DMEM Read -> 0xd30c
PASS | IMEM Read -> 0x4601
PASS | DMEM Read Disabled -> 0x0
PASS | IMEM Read -> 0xcd6c
PASS | DMEM Read Disabled -> 0x0
PASS | IMEM Read -> 0x77a7
PASS | DMEM Read Disabled -> 0x0
PASS | IMEM Read -> 0xdf0f
PASS | DMEM Read Disabled -> 0x0
PASS | IMEM Read -> 0x7f3d
PASS | DMEM Read Disabled -> 0x0
PASS | IMEM Read -> 0xe79
PASS | DMEM Read Disabled -> 0x0
PASS | IMEM Read -> 0x8e3
PASS | DMEM Read -> 0x674e
PASS | IMEM Read -> 0x60db
PASS | DMEM Read Disabled -> 0x0
PASS | IMEM Read -> 0x2b1c
PASS | DMEM Read Disabled -> 0x0
PASS | IMEM Read -> 0xc6ec
PASS | DMEM Read -> 0x144c
PASS | IMEM Read -> 0xe441
PASS | DMEM Read Disabled -> 0x0
PASS | IMEM Read -> 0xe89
PASS | DMEM Read Disabled -> 0x0
PASS | IMEM Read -> 0xa8e8
PASS | DMEM Read Disabled -> 0x0
PASS | IMEM Read -> 0x901a
PASS | DMEM Read -> 0xb86e
PASS | IMEM Read -> 0x5d0c
PASS | DMEM Read -> 0xf74c
PASS | IMEM Read -> 0xcebf
PASS | DMEM Read Disabled -> 0x0
PASS | IMEM Read -> 0x5e7c
PASS | DMEM Read Disabled -> 0x0
PASS | IMEM Read -> 0x38bf
PASS | DMEM Read -> 0x83db
PASS | IMEM Read -> 0x4601
PASS | DMEM Read Disabled -> 0x0
PASS | IMEM Read -> 0x96be
PASS | DMEM Read Disabled -> 0x0
PASS | IMEM Read -> 0x2bca
PASS | DMEM Read -> 0x492f
PASS | IMEM Read -> 0x6d
PASS | DMEM Read -> 0x18e7
PASS | IMEM Read -> 0xf8b3
PASS | DMEM Read Disabled -> 0x0
PASS | IMEM Read -> 0x79f7
PASS | DMEM Read Disabled -> 0x0
PASS | IMEM Read -> 0xad9
PASS | DMEM Read Disabled -> 0x0
PASS | IMEM Read -> 0x4794
PASS | DMEM Read Disabled -> 0x0
PASS | IMEM Read -> 0x748a
PASS | DMEM Read -> 0x45da
PASS | IMEM Read -> 0x8e3
PASS | DMEM Read Disabled -> 0x0
PASS | IMEM Read -> 0xb1b8
PASS | DMEM Read Disabled -> 0x0
PASS | IMEM Read -> 0x1b56
PASS | DMEM Read Disabled -> 0x0
PASS | IMEM Read -> 0xb32f
PASS | DMEM Read -> 0x9493
PASS | IMEM Read -> 0x59e7
PASS | DMEM Read Disabled -> 0x0
PASS | IMEM Read -> 0xe96d
PASS | DMEM Read -> 0xa26a
PASS | IMEM Read -> 0x9278
PASS | DMEM Read -> 0xd0f4
PASS | IMEM Read -> 0x848c
PASS | DMEM Read Disabled -> 0x0
PASS | IMEM Read -> 0x2ea6
PASS | DMEM Read Disabled -> 0x0
PASS | IMEM Read -> 0x3c72
PASS | DMEM Read Disabled -> 0x0
PASS | IMEM Read -> 0x2e45
PASS | DMEM Read Disabled -> 0x0
PASS | IMEM Read -> 0x96ec
PASS | DMEM Read Disabled -> 0x0
PASS | IMEM Read -> 0x737e
PASS | DMEM Read Disabled -> 0x0
PASS | IMEM Read -> 0x8e3
PASS | DMEM Read Disabled -> 0x0
PASS | IMEM Read -> 0xc5b9
PASS | DMEM Read -> 0xdcc6
PASS | IMEM Read -> 0xf33
PASS | DMEM Read Disabled -> 0x0
PASS | IMEM Read -> 0xf023
PASS | DMEM Read Disabled -> 0x0
PASS | IMEM Read -> 0xed88
PASS | DMEM Read -> 0xcf56
PASS | IMEM Read -> 0x4499
PASS | DMEM Read -> 0x33d0
PASS | IMEM Read -> 0x2cad
PASS | DMEM Read Disabled -> 0x0
PASS | IMEM Read -> 0x3423
PASS | DMEM Read -> 0x3bd9
PASS | IMEM Read -> 0x433a
PASS | DMEM Read Disabled -> 0x0
PASS | IMEM Read -> 0x1c45
PASS | DMEM Read -> 0xd471
PASS | IMEM Read -> 0x77a7
PASS | DMEM Read Disabled -> 0x0
PASS | IMEM Read -> 0xa191
PASS | DMEM Read Disabled -> 0x0
PASS | IMEM Read -> 0x4f2e
PASS | DMEM Read Disabled -> 0x0
PASS | IMEM Read -> 0x6126
PASS | DMEM Read Disabled -> 0x0
PASS | IMEM Read -> 0xe96d
PASS | DMEM Read Disabled -> 0x0
PASS | IMEM Read -> 0xfe9d
PASS | DMEM Read Disabled -> 0x0
PASS | IMEM Read -> 0x915b
PASS | DMEM Read Disabled -> 0x0
PASS | IMEM Read -> 0x29eb
PASS | DMEM Read -> 0x2fd4
PASS | IMEM Read -> 0x4794
PASS | DMEM Read Disabled -> 0x0
PASS | IMEM Read -> 0xb4ca
PASS | DMEM Read Disabled -> 0x0
PASS | IMEM Read -> 0x1a67
PASS | DMEM Read Disabled -> 0x0
PASS | IMEM Read -> 0x5636
PASS | DMEM Read -> 0x6abc
PASS | IMEM Read -> 0x698f
PASS | DMEM Read -> 0x1fbf
PASS | IMEM Read -> 0x265e
PASS | DMEM Read Disabled -> 0x0
PASS | IMEM Read -> 0xee77
PASS | DMEM Read Disabled -> 0x0
PASS | IMEM Read -> 0x38bf
PASS | DMEM Read -> 0xecd0
PASS | IMEM Read -> 0x5a76
PASS | DMEM Read Disabled -> 0x0
PASS | IMEM Read -> 0x386b
PASS | DMEM Read Disabled -> 0x0
PASS | IMEM Read -> 0x9767
PASS | DMEM Read -> 0x3a0e
PASS | IMEM Read -> 0x6e2a
PASS | DMEM Read -> 0x29dd
PASS | IMEM Read -> 0x60db
PASS | DMEM Read -> 0xea1d
PASS | IMEM Read -> 0x4f2e
PASS | DMEM Read Disabled -> 0x0
PASS | IMEM Read -> 0xcd6c
PASS | DMEM Read -> 0x3ef5
PASS | IMEM Read -> 0xb1b8
PASS | DMEM Read Disabled -> 0x0
PASS | IMEM Read -> 0x57aa
PASS | DMEM Read Disabled -> 0x0
PASS | IMEM Read -> 0x33fd
PASS | DMEM Read Disabled -> 0x0
PASS | IMEM Read -> 0xa11a
PASS | DMEM Read -> 0x55a
PASS | IMEM Read -> 0x5d0c
PASS | DMEM Read Disabled -> 0x0
PASS | IMEM Read -> 0xbacc
PASS | DMEM Read Disabled -> 0x0
PASS | IMEM Read -> 0xb8f2
PASS | DMEM Read Disabled -> 0x0
PASS | IMEM Read -> 0xc47
PASS | DMEM Read Disabled -> 0x0
PASS | IMEM Read -> 0xe853
PASS | DMEM Read -> 0x747c
PASS | IMEM Read -> 0x5b80
PASS | DMEM Read Disabled -> 0x0
PASS | IMEM Read -> 0x4499
PASS | DMEM Read Disabled -> 0x0
PASS | IMEM Read -> 0x24b8
PASS | DMEM Read Disabled -> 0x0
PASS | IMEM Read -> 0x6f20
PASS | DMEM Read Disabled -> 0x0
PASS | IMEM Read -> 0x5bfc
PASS | DMEM Read -> 0x1863
PASS | IMEM Read -> 0x3e2
PASS | DMEM Read Disabled -> 0x0
PASS | IMEM Read -> 0xcd22
PASS | DMEM Read Disabled -> 0x0
PASS | IMEM Read -> 0xbda7
PASS | DMEM Read Disabled -> 0x0
PASS | IMEM Read -> 0x848c
PASS | DMEM Read Disabled -> 0x0
PASS | IMEM Read -> 0xfe9d
PASS | DMEM Read Disabled -> 0x0
PASS | IMEM Read -> 0xa55c
PASS | DMEM Read Disabled -> 0x0
PASS | IMEM Read -> 0xe969
PASS | DMEM Read Disabled -> 0x0
PASS | IMEM Read -> 0xe89
PASS | DMEM Read -> 0x6413
PASS | IMEM Read -> 0xf98d
PASS | DMEM Read -> 0x73b
PASS | IMEM Read -> 0xb4ca
PASS | DMEM Read Disabled -> 0x0
PASS | IMEM Read -> 0x8b9a
PASS | DMEM Read Disabled -> 0x0
PASS | IMEM Read -> 0x2515
PASS | DMEM Read -> 0x5478
PASS | IMEM Read -> 0xa55c
PASS | DMEM Read Disabled -> 0x0
PASS | IMEM Read -> 0xce65
PASS | DMEM Read Disabled -> 0x0
PASS | IMEM Read -> 0xb8f2
PASS | DMEM Read Disabled -> 0x0
PASS | IMEM Read -> 0x915b
PASS | DMEM Read Disabled -> 0x0
PASS | IMEM Read -> 0x53f6
PASS | DMEM Read Disabled -> 0x0
PASS | IMEM Read -> 0x37d
PASS | DMEM Read Disabled -> 0x0
PASS | IMEM Read -> 0x8a2b
PASS | DMEM Read -> 0x512b
PASS | IMEM Read -> 0xf810
PASS | DMEM Read Disabled -> 0x0
PASS | IMEM Read -> 0x7068
PASS | DMEM Read -> 0x4912
PASS | IMEM Read -> 0x37d
PASS | DMEM Read Disabled -> 0x0
PASS | IMEM Read -> 0x901d
PASS | DMEM Read Disabled -> 0x0
PASS | IMEM Read -> 0xa262
PASS | DMEM Read -> 0x95c6
PASS | IMEM Read -> 0x60db
PASS | DMEM Read Disabled -> 0x0
PASS | IMEM Read -> 0x5636
PASS | DMEM Read Disabled -> 0x0
PASS | IMEM Read -> 0xdd2b
PASS | DMEM Read -> 0xad4
PASS | IMEM Read -> 0x7fb1
PASS | DMEM Read Disabled -> 0x0
PASS | IMEM Read -> 0x7f3d
PASS | DMEM Read Disabled -> 0x0
PASS | IMEM Read -> 0x8f67
PASS | DMEM Read Disabled -> 0x0
PASS | IMEM Read -> 0xa11a
PASS | DMEM Read -> 0x7a8d
PASS | IMEM Read -> 0xdca6
PASS | DMEM Read Disabled -> 0x0
PASS | IMEM Read -> 0xdd2b
PASS | DMEM Read Disabled -> 0x0
PASS | IMEM Read -> 0x80ac
PASS | DMEM Read Disabled -> 0x0
PASS | IMEM Read -> 0xe47f
PASS | DMEM Read -> 0xaa23
PASS | IMEM Read -> 0xebf8
PASS | DMEM Read -> 0xc1c4
PASS | IMEM Read -> 0xfe9d
PASS | DMEM Read -> 0x51c0
PASS | IMEM Read -> 0x97ed
PASS | DMEM Read -> 0x3aec
PASS | IMEM Read -> 0x96ec
PASS | DMEM Read Disabled -> 0x0
PASS | IMEM Read -> 0xdf5b
PASS | DMEM Read -> 0xf955
PASS | IMEM Read -> 0x2566
PASS | DMEM Read -> 0xa1ae
PASS | IMEM Read -> 0xf023
PASS | DMEM Read -> 0xf5cc
PASS | IMEM Read -> 0xb815
PASS | DMEM Read Disabled -> 0x0
PASS | IMEM Read -> 0xcb2c
PASS | DMEM Read -> 0x33e
PASS | IMEM Read -> 0x4d4f
PASS | DMEM Read Disabled -> 0x0
PASS | IMEM Read -> 0x374a
PASS | DMEM Read Disabled -> 0x0
PASS | IMEM Read -> 0xc606
PASS | DMEM Read Disabled -> 0x0
PASS | IMEM Read -> 0x676d
PASS | DMEM Read Disabled -> 0x0
PASS | IMEM Read -> 0x2885
PASS | DMEM Read Disabled -> 0x0
PASS | IMEM Read -> 0xca4e
PASS | DMEM Read Disabled -> 0x0
PASS | IMEM Read -> 0x9c8c
PASS | DMEM Read -> 0xa42c
PASS | IMEM Read -> 0x636c
PASS | DMEM Read -> 0x21e0
PASS | IMEM Read -> 0x4f12
PASS | DMEM Read Disabled -> 0x0
PASS | IMEM Read -> 0x3a12
PASS | DMEM Read Disabled -> 0x0
PASS | IMEM Read -> 0x5bfc
PASS | DMEM Read Disabled -> 0x0
PASS | IMEM Read -> 0x4f12
PASS | DMEM Read -> 0x5c42
PASS | IMEM Read -> 0x8599
PASS | DMEM Read -> 0x1b01
PASS | IMEM Read -> 0xfe9d
PASS | DMEM Read Disabled -> 0x0
PASS | IMEM Read -> 0x57aa
PASS | DMEM Read -> 0x2b8a
PASS | IMEM Read -> 0x852a
PASS | DMEM Read -> 0x460b
PASS | IMEM Read -> 0xb4ca
PASS | DMEM Read Disabled -> 0x0
PASS | IMEM Read -> 0xa54c
PASS | DMEM Read Disabled -> 0x0
PASS | IMEM Read -> 0x676d
PASS | DMEM Read Disabled -> 0x0
PASS | IMEM Read -> 0x7a48
PASS | DMEM Read Disabled -> 0x0
PASS | IMEM Read -> 0xdf0f
PASS | DMEM Read Disabled -> 0x0
PASS | IMEM Read -> 0xce65
PASS | DMEM Read Disabled -> 0x0
PASS | IMEM Read -> 0xdf0f
PASS | DMEM Read -> 0xc45b
PASS | IMEM Read -> 0xc606
PASS | DMEM Read -> 0x663c
PASS | IMEM Read -> 0xce65
PASS | DMEM Read Disabled -> 0x0
PASS | IMEM Read -> 0x12b3
PASS | DMEM Read -> 0x5478
PASS | IMEM Read -> 0x1ec1
PASS | DMEM Read Disabled -> 0x0
PASS | IMEM Read -> 0xc606
PASS | DMEM Read Disabled -> 0x0
PASS | IMEM Read -> 0x12b3
PASS | DMEM Read Disabled -> 0x0
PASS | IMEM Read -> 0x808f
PASS | DMEM Read Disabled -> 0x0
PASS | IMEM Read -> 0x9537
PASS | DMEM Read -> 0x9941
PASS | IMEM Read -> 0x1924
PASS | DMEM Read -> 0x4292
PASS | IMEM Read -> 0x42d4
PASS | DMEM Read Disabled -> 0x0
PASS | IMEM Read -> 0xa11a
PASS | DMEM Read Disabled -> 0x0
PASS | IMEM Read -> 0x2abe
PASS | DMEM Read Disabled -> 0x0
PASS | IMEM Read -> 0x9bfb
PASS | DMEM Read -> 0x6413
PASS | IMEM Read -> 0x2bca
PASS | DMEM Read Disabled -> 0x0
PASS | IMEM Read -> 0x94e5
PASS | DMEM Read -> 0xefee
PASS | IMEM Read -> 0xb746
PASS | DMEM Read Disabled -> 0x0
PASS | IMEM Read -> 0x2c36
PASS | DMEM Read Disabled -> 0x0
PASS | IMEM Read -> 0xd40c
PASS | DMEM Read Disabled -> 0x0
PASS | IMEM Read -> 0x1c45
PASS | DMEM Read Disabled -> 0x0
PASS | IMEM Read -> 0x6c02
PASS | DMEM Read -> 0xe09e
PASS | IMEM Read -> 0xcd6c
PASS | DMEM Read Disabled -> 0x0
PASS | IMEM Read -> 0xe624
PASS | DMEM Read -> 0x3bd9
PASS | IMEM Read -> 0x3c68
PASS | DMEM Read Disabled -> 0x0
PASS | IMEM Read -> 0xffea
PASS | DMEM Read Disabled -> 0x0
PASS | IMEM Read -> 0x292
PASS | DMEM Read -> 0x6abc
PASS | IMEM Read -> 0x5d0c
PASS | DMEM Read -> 0x8234
PASS | IMEM Read -> 0x60db
PASS | DMEM Read -> 0x941
PASS | IMEM Read -> 0xe89
PASS | DMEM Read Disabled -> 0x0
PASS | IMEM Read -> 0x4156
PASS | DMEM Read Disabled -> 0x0
PASS | IMEM Read -> 0xc606
PASS | DMEM Read Disabled -> 0x0
PASS | IMEM Read -> 0xb746
PASS | DMEM Read Disabled -> 0x0
PASS | IMEM Read -> 0x4391
PASS | DMEM Read Disabled -> 0x0
PASS | IMEM Read -> 0x989c
PASS | DMEM Read Disabled -> 0x0
PASS | IMEM Read -> 0xb746
PASS | DMEM Read Disabled -> 0x0
PASS | IMEM Read -> 0x4f12
PASS | DMEM Read Disabled -> 0x0
PASS | IMEM Read -> 0x5636
PASS | DMEM Read -> 0x917c
PASS | IMEM Read -> 0x6d
PASS | DMEM Read Disabled -> 0x0
PASS | IMEM Read -> 0x273a
PASS | DMEM Read -> 0xe772
PASS | IMEM Read -> 0xef8f
PASS | DMEM Read -> 0x747c
PASS | IMEM Read -> 0x5d47
PASS | DMEM Read Disabled -> 0x0
PASS | IMEM Read -> 0xed88
PASS | DMEM Read -> 0x825e
PASS | IMEM Read -> 0xe624
PASS | DMEM Read Disabled -> 0x0
PASS | IMEM Read -> 0x5b80
PASS | DMEM Read Disabled -> 0x0
PASS | IMEM Read -> 0xe624
PASS | DMEM Read Disabled -> 0x0
PASS | IMEM Read -> 0xa191
PASS | DMEM Read Disabled -> 0x0
PASS | IMEM Read -> 0xbe18
PASS | DMEM Read Disabled -> 0x0
PASS | IMEM Read -> 0xe89
PASS | DMEM Read Disabled -> 0x0
PASS | IMEM Read -> 0x7068
PASS | DMEM Read Disabled -> 0x0
PASS | IMEM Read -> 0xf774
PASS | DMEM Read -> 0x8e7f
PASS | IMEM Read -> 0x100c
PASS | DMEM Read -> 0x2597
PASS | IMEM Read -> 0x7068
PASS | DMEM Read Disabled -> 0x0
PASS | IMEM Read -> 0x18b7
PASS | DMEM Read -> 0x330d
PASS | IMEM Read -> 0x2885
PASS | DMEM Read Disabled -> 0x0
PASS | IMEM Read -> 0x698f
PASS | DMEM Read Disabled -> 0x0
PASS | IMEM Read -> 0xa8e8
PASS | DMEM Read Disabled -> 0x0
PASS | IMEM Read -> 0x1c3c
PASS | DMEM Read Disabled -> 0x0
PASS | IMEM Read -> 0x7a48
PASS | DMEM Read -> 0x6d70
PASS | IMEM Read -> 0x2cad
PASS | DMEM Read Disabled -> 0x0
PASS | IMEM Read -> 0x42ee
PASS | DMEM Read Disabled -> 0x0
PASS | IMEM Read -> 0xe624
PASS | DMEM Read -> 0x9212
PASS | IMEM Read -> 0x7068
PASS | DMEM Read Disabled -> 0x0
PASS | IMEM Read -> 0x7fb1
PASS | DMEM Read Disabled -> 0x0
PASS | IMEM Read -> 0x4499
PASS | DMEM Read -> 0x8c6e
PASS | IMEM Read -> 0x8a2b
PASS | DMEM Read Disabled -> 0x0
PASS | IMEM Read -> 0xc606
PASS | DMEM Read Disabled -> 0x0
PASS | IMEM Read -> 0x510
PASS | DMEM Read Disabled -> 0x0
PASS | IMEM Read -> 0x2f16
PASS | DMEM Read Disabled -> 0x0
PASS | IMEM Read -> 0xd321
PASS | DMEM Read -> 0xa236
PASS | IMEM Read -> 0xebf8
PASS | DMEM Read Disabled -> 0x0
PASS | IMEM Read -> 0x79f7
PASS | DMEM Read Disabled -> 0x0
PASS | IMEM Read -> 0x2b2c
PASS | DMEM Read Disabled -> 0x0
PASS | IMEM Read -> 0x3c68
PASS | DMEM Read Disabled -> 0x0
PASS | IMEM Read -> 0xd321
PASS | DMEM Read Disabled -> 0x0
PASS | IMEM Read -> 0x34bb
PASS | DMEM Read Disabled -> 0x0
PASS | IMEM Read -> 0x1924
PASS | DMEM Read -> 0xd9d1
PASS | IMEM Read -> 0x5942
PASS | DMEM Read -> 0x8b85
PASS | IMEM Read -> 0x63f9
PASS | DMEM Read -> 0x3bbb
PASS | IMEM Read -> 0xe96d
PASS | DMEM Read -> 0xfa21
PASS | IMEM Read -> 0xbda7
PASS | DMEM Read Disabled -> 0x0
PASS | IMEM Read -> 0xee77
PASS | DMEM Read Disabled -> 0x0
PASS | IMEM Read -> 0xb4ca
PASS | DMEM Read Disabled -> 0x0
PASS | IMEM Read -> 0xbe50
PASS | DMEM Read -> 0xceb5
PASS | IMEM Read -> 0xc47
PASS | DMEM Read -> 0x51b6
PASS | IMEM Read -> 0x6f20
PASS | DMEM Read -> 0xb06c
PASS | IMEM Read -> 0x91f7
PASS | DMEM Read Disabled -> 0x0
PASS | IMEM Read -> 0x7c6d
PASS | DMEM Read -> 0x9036
PASS | IMEM Read -> 0x79f7
PASS | DMEM Read Disabled -> 0x0
PASS | IMEM Read -> 0x2e70
PASS | DMEM Read Disabled -> 0x0
PASS | IMEM Read -> 0x42ee
PASS | DMEM Read Disabled -> 0x0
PASS | IMEM Read -> 0x8341
PASS | DMEM Read -> 0x1045
PASS | IMEM Read -> 0xd321
PASS | DMEM Read Disabled -> 0x0
PASS | IMEM Read -> 0xe441
PASS | DMEM Read Disabled -> 0x0
PASS | IMEM Read -> 0xa191
PASS | DMEM Read Disabled -> 0x0
PASS | IMEM Read -> 0x3a12
PASS | DMEM Read -> 0x6679
PASS | IMEM Read -> 0x700e
PASS | DMEM Read Disabled -> 0x0
PASS | IMEM Read -> 0x2bca
PASS | DMEM Read Disabled -> 0x0
PASS | IMEM Read -> 0xa262
PASS | DMEM Read -> 0x600c
PASS | IMEM Read -> 0x2e45
PASS | DMEM Read Disabled -> 0x0
PASS | IMEM Read -> 0xa22d
PASS | DMEM Read -> 0xd61f
PASS | IMEM Read -> 0x173e
PASS | DMEM Read Disabled -> 0x0
PASS | IMEM Read -> 0x2b1c
PASS | DMEM Read Disabled -> 0x0
PASS | IMEM Read -> 0x39d1
PASS | DMEM Read -> 0x3024
PASS | IMEM Read -> 0x5a76
PASS | DMEM Read Disabled -> 0x0
PASS | IMEM Read -> 0xf774
PASS | DMEM Read Disabled -> 0x0
PASS | IMEM Read -> 0xa738
PASS | DMEM Read Disabled -> 0x0
PASS | IMEM Read -> 0xa191
PASS | DMEM Read Disabled -> 0x0
PASS | IMEM Read -> 0xdca6
PASS | DMEM Read Disabled -> 0x0
PASS | IMEM Read -> 0x2e45
PASS | DMEM Read Disabled -> 0x0
PASS | IMEM Read -> 0x2ae3
PASS | DMEM Read Disabled -> 0x0
PASS | IMEM Read -> 0xa11a
PASS | DMEM Read Disabled -> 0x0
PASS | IMEM Read -> 0x1924
PASS | DMEM Read Disabled -> 0x0
PASS | IMEM Read -> 0x4499
PASS | DMEM Read -> 0x3aec
PASS | IMEM Read -> 0x4d4f
PASS | DMEM Read Disabled -> 0x0
PASS | IMEM Read -> 0x390f
PASS | DMEM Read -> 0x8236
PASS | IMEM Read -> 0xc40a
PASS | DMEM Read Disabled -> 0x0
PASS | IMEM Read -> 0xb1b8
PASS | DMEM Read -> 0x603
PASS | IMEM Read -> 0xe469
PASS | DMEM Read Disabled -> 0x0
PASS | IMEM Read -> 0x4156
PASS | DMEM Read -> 0x83df
PASS | IMEM Read -> 0x6e2a
PASS | DMEM Read -> 0x2193
PASS | IMEM Read -> 0xe213
PASS | DMEM Read Disabled -> 0x0
PASS | IMEM Read -> 0xe469
PASS | DMEM Read -> 0x8ab2
PASS | IMEM Read -> 0xfd2f
PASS | DMEM Read -> 0x2d50
PASS | IMEM Read -> 0xc440
PASS | DMEM Read Disabled -> 0x0
PASS | IMEM Read -> 0x891
PASS | DMEM Read -> 0x8f87
PASS | IMEM Read -> 0x8f67
PASS | DMEM Read Disabled -> 0x0
PASS | IMEM Read -> 0x273a
PASS | DMEM Read -> 0xf98b
PASS | IMEM Read -> 0xc606
PASS | DMEM Read Disabled -> 0x0
PASS | IMEM Read -> 0x8341
PASS | DMEM Read -> 0x7ce
PASS | IMEM Read -> 0x4601
PASS | DMEM Read Disabled -> 0x0
PASS | IMEM Read -> 0x34bb
PASS | DMEM Read -> 0x1045
PASS | IMEM Read -> 0xa8e8
PASS | DMEM Read Disabled -> 0x0
PASS | IMEM Read -> 0xd8a8
PASS | DMEM Read Disabled -> 0x0
PASS | IMEM Read -> 0x901a
PASS | DMEM Read Disabled -> 0x0
PASS | IMEM Read -> 0x1c45
PASS | DMEM Read Disabled -> 0x0
PASS | IMEM Read -> 0x901a
PASS | DMEM Read Disabled -> 0x0
PASS | IMEM Read -> 0x79f7
PASS | DMEM Read Disabled -> 0x0
PASS | IMEM Read -> 0xed88
PASS | DMEM Read Disabled -> 0x0
PASS | IMEM Read -> 0x5160
PASS | DMEM Read Disabled -> 0x0
PASS | IMEM Read -> 0x5bfc
PASS | DMEM Read Disabled -> 0x0
PASS | IMEM Read -> 0x4e73
PASS | DMEM Read -> 0xf5cc
PASS | IMEM Read -> 0x9ea3
PASS | DMEM Read Disabled -> 0x0
PASS | IMEM Read -> 0x9d
PASS | DMEM Read Disabled -> 0x0
PASS | IMEM Read -> 0x4601
PASS | DMEM Read Disabled -> 0x0
PASS | IMEM Read -> 0x1c3c
PASS | DMEM Read Disabled -> 0x0
PASS | IMEM Read -> 0x273a
PASS | DMEM Read Disabled -> 0x0
PASS | IMEM Read -> 0xb815
PASS | DMEM Read Disabled -> 0x0
PASS | IMEM Read -> 0x9026
PASS | DMEM Read Disabled -> 0x0
PASS | IMEM Read -> 0xa262
PASS | DMEM Read Disabled -> 0x0
PASS | IMEM Read -> 0xbacc
PASS | DMEM Read -> 0x2193
PASS | IMEM Read -> 0x723d
PASS | DMEM Read Disabled -> 0x0
PASS | IMEM Read -> 0x4fc8
PASS | DMEM Read -> 0xb3ed
PASS | IMEM Read -> 0x494f
PASS | DMEM Read Disabled -> 0x0
PASS | IMEM Read -> 0x242
PASS | DMEM Read -> 0x8f87
PASS | IMEM Read -> 0x1ec1
PASS | DMEM Read Disabled -> 0x0
PASS | IMEM Read -> 0xf810
PASS | DMEM Read Disabled -> 0x0
PASS | IMEM Read -> 0x525b
PASS | DMEM Read -> 0x5029
PASS | IMEM Read -> 0x5636
PASS | DMEM Read Disabled -> 0x0
PASS | IMEM Read -> 0x9bfb
PASS | DMEM Read Disabled -> 0x0
PASS | IMEM Read -> 0x80ac
PASS | DMEM Read Disabled -> 0x0
PASS | IMEM Read -> 0x4794
PASS | DMEM Read Disabled -> 0x0
PASS | IMEM Read -> 0xb297
PASS | DMEM Read Disabled -> 0x0
PASS | IMEM Read -> 0x9278
PASS | DMEM Read -> 0x83e0
PASS | IMEM Read -> 0xd70
PASS | DMEM Read Disabled -> 0x0
PASS | IMEM Read -> 0xb4ca
PASS | DMEM Read -> 0x46a6
PASS | IMEM Read -> 0x698f
PASS | DMEM Read Disabled -> 0x0
PASS | IMEM Read -> 0xb815
PASS | DMEM Read Disabled -> 0x0
PASS | IMEM Read -> 0xbe18
PASS | DMEM Read Disabled -> 0x0
PASS | IMEM Read -> 0xad9
PASS | DMEM Read Disabled -> 0x0
PASS | IMEM Read -> 0x5d0c
PASS | DMEM Read -> 0x4742
PASS | IMEM Read -> 0xd334
PASS | DMEM Read -> 0xbde8
PASS | IMEM Read -> 0xfa76
PASS | DMEM Read Disabled -> 0x0
PASS | IMEM Read -> 0xb815
PASS | DMEM Read Disabled -> 0x0
PASS | IMEM Read -> 0x494f
PASS | DMEM Read Disabled -> 0x0
PASS | IMEM Read -> 0xb43f
PASS | DMEM Read Disabled -> 0x0
PASS | IMEM Read -> 0x33fd
PASS | DMEM Read Disabled -> 0x0
PASS | IMEM Read -> 0x4daf
PASS | DMEM Read Disabled -> 0x0
PASS | IMEM Read -> 0x8a2b
PASS | DMEM Read Disabled -> 0x0
PASS | IMEM Read -> 0x100c
PASS | DMEM Read -> 0xecd0
PASS | IMEM Read -> 0x79f7
PASS | DMEM Read -> 0x42d3
PASS | IMEM Read -> 0xc47
PASS | DMEM Read Disabled -> 0x0
PASS | IMEM Read -> 0x2885
PASS | DMEM Read Disabled -> 0x0
PASS | IMEM Read -> 0x2515
PASS | DMEM Read Disabled -> 0x0
PASS | IMEM Read -> 0x5942
PASS | DMEM Read -> 0xd90c
PASS | IMEM Read -> 0x3d3
PASS | DMEM Read Disabled -> 0x0
PASS | IMEM Read -> 0x53f6
PASS | DMEM Read Disabled -> 0x0
PASS | IMEM Read -> 0xa738
PASS | DMEM Read Disabled -> 0x0
PASS | IMEM Read -> 0x4f12
PASS | DMEM Read -> 0x4b9b
PASS | IMEM Read -> 0x698f
PASS | DMEM Read -> 0xf4f2
PASS | IMEM Read -> 0x700e
PASS | DMEM Read Disabled -> 0x0
PASS | IMEM Read -> 0x4d4f
PASS | DMEM Read Disabled -> 0x0
PASS | IMEM Read -> 0xe853
PASS | DMEM Read Disabled -> 0x0
PASS | IMEM Read -> 0x901d
PASS | DMEM Read -> 0xd132
PASS | IMEM Read -> 0xd40c
PASS | DMEM Read Disabled -> 0x0
PASS | IMEM Read -> 0xfbe2
PASS | DMEM Read Disabled -> 0x0
PASS | IMEM Read -> 0xc440
PASS | DMEM Read -> 0x5933
PASS | IMEM Read -> 0xb297
PASS | DMEM Read Disabled -> 0x0
PASS | IMEM Read -> 0x8e3
PASS | DMEM Read -> 0xa462
PASS | IMEM Read -> 0x5f21
PASS | DMEM Read -> 0x6965
PASS | IMEM Read -> 0x29eb
PASS | DMEM Read -> 0xcbbe
PASS | IMEM Read -> 0xe441
PASS | DMEM Read Disabled -> 0x0
PASS | IMEM Read -> 0x273a
PASS | DMEM Read -> 0x773a
PASS | IMEM Read -> 0xee77
PASS | DMEM Read Disabled -> 0x0
PASS | IMEM Read -> 0xe338
PASS | DMEM Read -> 0x2a6d
PASS | IMEM Read -> 0xe853
PASS | DMEM Read -> 0xbc0b
PASS | IMEM Read -> 0xdab4
PASS | DMEM Read Disabled -> 0x0
PASS | IMEM Read -> 0x636c
PASS | DMEM Read Disabled -> 0x0
PASS | IMEM Read -> 0x47aa
PASS | DMEM Read Disabled -> 0x0
PASS | IMEM Read -> 0x4d4f
PASS | DMEM Read -> 0x95c6
PASS | IMEM Read -> 0xbb95
PASS | DMEM Read -> 0x615a
PASS | IMEM Read -> 0x2cad
PASS | DMEM Read -> 0xa236
PASS | IMEM Read -> 0x5d47
PASS | DMEM Read -> 0xb09
PASS | IMEM Read -> 0xc0a0
PASS | DMEM Read -> 0x42d3
PASS | IMEM Read -> 0x8341
PASS | DMEM Read Disabled -> 0x0
PASS | IMEM Read -> 0x390f
PASS | DMEM Read Disabled -> 0x0
PASS | IMEM Read -> 0xa738
PASS | DMEM Read Disabled -> 0x0
PASS | IMEM Read -> 0xc1c3
PASS | DMEM Read Disabled -> 0x0
PASS | IMEM Read -> 0x6e2a
PASS | DMEM Read Disabled -> 0x0
PASS | IMEM Read -> 0xe853
PASS | DMEM Read Disabled -> 0x0
PASS | IMEM Read -> 0x34bb
PASS | DMEM Read Disabled -> 0x0
PASS | IMEM Read -> 0xa323
PASS | DMEM Read -> 0x6ee9
PASS | IMEM Read -> 0x97ed
PASS | DMEM Read -> 0xe44a
PASS | IMEM Read -> 0x2999
PASS | DMEM Read Disabled -> 0x0
PASS | IMEM Read -> 0x3d3
PASS | DMEM Read -> 0x9941
PASS | IMEM Read -> 0x31ce
PASS | DMEM Read Disabled -> 0x0
PASS | IMEM Read -> 0x2ae3
PASS | DMEM Read Disabled -> 0x0
PASS | IMEM Read -> 0xbacc
PASS | DMEM Read -> 0x8236
PASS | IMEM Read -> 0x29eb
PASS | DMEM Read Disabled -> 0x0
PASS | IMEM Read -> 0xa738
PASS | DMEM Read Disabled -> 0x0
PASS | IMEM Read -> 0xb8f2
PASS | DMEM Read Disabled -> 0x0
PASS | IMEM Read -> 0x7fb1
PASS | DMEM Read Disabled -> 0x0
PASS | IMEM Read -> 0x61cd
PASS | DMEM Read -> 0x243b
PASS | IMEM Read -> 0x989c
PASS | DMEM Read Disabled -> 0x0
PASS | IMEM Read -> 0xf33
PASS | DMEM Read Disabled -> 0x0
PASS | IMEM Read -> 0x4794
PASS | DMEM Read -> 0x7a95
PASS | IMEM Read -> 0xe89
PASS | DMEM Read Disabled -> 0x0
PASS | IMEM Read -> 0x97ed
PASS | DMEM Read Disabled -> 0x0
PASS | IMEM Read -> 0xfd2f
PASS | DMEM Read -> 0xd6b3
PASS | IMEM Read -> 0xcd22
PASS | DMEM Read -> 0x603
PASS | IMEM Read -> 0x4d4f
PASS | DMEM Read Disabled -> 0x0
PASS | IMEM Read -> 0x808f
PASS | DMEM Read Disabled -> 0x0
PASS | IMEM Read -> 0xe624
PASS | DMEM Read Disabled -> 0x0
PASS | IMEM Read -> 0xca9
PASS | DMEM Read -> 0xed09
PASS | IMEM Read -> 0xb4ca
PASS | DMEM Read Disabled -> 0x0
PASS | IMEM Read -> 0x737e
PASS | DMEM Read Disabled -> 0x0
PASS | IMEM Read -> 0x5e66
PASS | DMEM Read Disabled -> 0x0
PASS | IMEM Read -> 0x5942
PASS | DMEM Read -> 0xfc69
PASS | IMEM Read -> 0xe469
PASS | DMEM Read Disabled -> 0x0
PASS | IMEM Read -> 0x1bba
PASS | DMEM Read Disabled -> 0x0
PASS | IMEM Read -> 0x9d
PASS | DMEM Read -> 0x74a5
PASS | IMEM Read -> 0x2a3a
PASS | DMEM Read -> 0x2d50
PASS | IMEM Read -> 0x29eb
PASS | DMEM Read -> 0x95c6
PASS | IMEM Read -> 0x1913
PASS | DMEM Read -> 0x21e0
PASS | IMEM Read -> 0xb297
PASS | DMEM Read -> 0x21e0
PASS | IMEM Read -> 0xdf5b
PASS | DMEM Read Disabled -> 0x0
PASS | IMEM Read -> 0xce65
PASS | DMEM Read Disabled -> 0x0
PASS | IMEM Read -> 0x5d47
PASS | DMEM Read Disabled -> 0x0
PASS | IMEM Read -> 0x2ae3
PASS | DMEM Read Disabled -> 0x0
PASS | IMEM Read -> 0xd334
PASS | DMEM Read Disabled -> 0x0
PASS | IMEM Read -> 0x4daf
PASS | DMEM Read -> 0x5b3f
PASS | IMEM Read -> 0xfd2f
PASS | DMEM Read Disabled -> 0x0
PASS | IMEM Read -> 0x59f3
PASS | DMEM Read Disabled -> 0x0
PASS | IMEM Read -> 0x96ec
PASS | DMEM Read Disabled -> 0x0
PASS | IMEM Read -> 0xffea
PASS | DMEM Read -> 0xfb4e
PASS | IMEM Read -> 0x1c4c
PASS | DMEM Read Disabled -> 0x0
PASS | IMEM Read -> 0x7f3d
PASS | DMEM Read Disabled -> 0x0
PASS | IMEM Read -> 0x292
PASS | DMEM Read -> 0xab1d
PASS | IMEM Read -> 0x2cc8
PASS | DMEM Read Disabled -> 0x0
PASS | IMEM Read -> 0xfe9d
PASS | DMEM Read Disabled -> 0x0
PASS | IMEM Read -> 0x91b
PASS | DMEM Read Disabled -> 0x0
PASS | IMEM Read -> 0x6126
PASS | DMEM Read Disabled -> 0x0
PASS | IMEM Read -> 0x265e
PASS | DMEM Read -> 0x3ef5
PASS | IMEM Read -> 0x25f6
PASS | DMEM Read Disabled -> 0x0
PASS | IMEM Read -> 0xf023
PASS | DMEM Read Disabled -> 0x0
PASS | IMEM Read -> 0x8f67
PASS | DMEM Read Disabled -> 0x0
PASS | IMEM Read -> 0x4d4f
PASS | DMEM Read -> 0xefa1
PASS | IMEM Read -> 0xb097
PASS | DMEM Read -> 0xb243
PASS | IMEM Read -> 0x5bfc
PASS | DMEM Read Disabled -> 0x0
PASS | IMEM Read -> 0x7c6d
PASS | DMEM Read Disabled -> 0x0
PASS | IMEM Read -> 0xd321
PASS | DMEM Read Disabled -> 0x0
PASS | IMEM Read -> 0x96ec
PASS | DMEM Read Disabled -> 0x0
PASS | IMEM Read -> 0xf023
PASS | DMEM Read -> 0xbd02
PASS | IMEM Read -> 0x676d
PASS | DMEM Read Disabled -> 0x0
PASS | IMEM Read -> 0x64d
PASS | DMEM Read Disabled -> 0x0
PASS | IMEM Read -> 0x9d
PASS | DMEM Read Disabled -> 0x0
PASS | IMEM Read -> 0x5a4a
PASS | DMEM Read Disabled -> 0x0
PASS | IMEM Read -> 0x9767
PASS | DMEM Read -> 0xc25c
PASS | IMEM Read -> 0x292
PASS | DMEM Read Disabled -> 0x0
PASS | IMEM Read -> 0x9ea3
PASS | DMEM Read Disabled -> 0x0
PASS | IMEM Read -> 0x5d47
PASS | DMEM Read Disabled -> 0x0
PASS | IMEM Read -> 0xfbe2
PASS | DMEM Read -> 0x8b85
PASS | IMEM Read -> 0x6c02
PASS | DMEM Read Disabled -> 0x0
PASS | IMEM Read -> 0xe213
PASS | DMEM Read -> 0xc25c
PASS | IMEM Read -> 0xc6ec
PASS | DMEM Read Disabled -> 0x0
PASS | IMEM Read -> 0xa323
PASS | DMEM Read Disabled -> 0x0
PASS | IMEM Read -> 0x808f
PASS | DMEM Read -> 0x10b4
PASS | IMEM Read -> 0xf774
PASS | DMEM Read -> 0x674e
PASS | IMEM Read -> 0x477c
PASS | DMEM Read Disabled -> 0x0
PASS | IMEM Read -> 0x8e1f
PASS | DMEM Read -> 0x747c
PASS | IMEM Read -> 0xa262
PASS | DMEM Read -> 0x4eb
PASS | IMEM Read -> 0x5160
PASS | DMEM Read -> 0xc9d
PASS | IMEM Read -> 0x8b9a
PASS | DMEM Read Disabled -> 0x0
PASS | IMEM Read -> 0xca9
PASS | DMEM Read Disabled -> 0x0
PASS | IMEM Read -> 0xcc49
PASS | DMEM Read -> 0xb06c
PASS | IMEM Read -> 0xb746
PASS | DMEM Read Disabled -> 0x0
PASS | IMEM Read -> 0xe969
PASS | DMEM Read Disabled -> 0x0
PASS | IMEM Read -> 0x2999
PASS | DMEM Read -> 0xaa9f
PASS | IMEM Read -> 0x25f6
PASS | DMEM Read -> 0x3ef5
PASS | IMEM Read -> 0x63f9
PASS | DMEM Read Disabled -> 0x0
PASS | IMEM Read -> 0x292
PASS | DMEM Read Disabled -> 0x0
PASS | IMEM Read -> 0x1c3c
PASS | DMEM Read Disabled -> 0x0
PASS | IMEM Read -> 0x89c2
PASS | DMEM Read Disabled -> 0x0
PASS | IMEM Read -> 0x38bf
PASS | DMEM Read Disabled -> 0x0
PASS | IMEM Read -> 0x39d1
PASS | DMEM Read Disabled -> 0x0
PASS | IMEM Read -> 0x5d47
PASS | DMEM Read Disabled -> 0x0
PASS | IMEM Read -> 0xef4
PASS | DMEM Read Disabled -> 0x0
PASS | IMEM Read -> 0x2f16
PASS | DMEM Read Disabled -> 0x0
PASS | IMEM Read -> 0xdf0f
PASS | DMEM Read Disabled -> 0x0
PASS | IMEM Read -> 0xc440
PASS | DMEM Read Disabled -> 0x0
PASS | IMEM Read -> 0x438b
PASS | DMEM Read -> 0xb399
PASS | IMEM Read -> 0xca4e
PASS | DMEM Read Disabled -> 0x0
PASS | IMEM Read -> 0xe469
PASS | DMEM Read Disabled -> 0x0
PASS | IMEM Read -> 0x39d1
PASS | DMEM Read -> 0xee31
PASS | IMEM Read -> 0x5e1a
PASS | DMEM Read Disabled -> 0x0
PASS | IMEM Read -> 0x265e
PASS | DMEM Read Disabled -> 0x0
PASS | IMEM Read -> 0xc606
PASS | DMEM Read Disabled -> 0x0
PASS | IMEM Read -> 0xe842
PASS | DMEM Read Disabled -> 0x0
PASS | IMEM Read -> 0xd304
PASS | DMEM Read Disabled -> 0x0
PASS | IMEM Read -> 0xbe50
PASS | DMEM Read Disabled -> 0x0
PASS | IMEM Read -> 0x245d
PASS | DMEM Read Disabled -> 0x0
PASS | IMEM Read -> 0xc5
PASS | DMEM Read -> 0x65e2
PASS | IMEM Read -> 0x5a0a
PASS | DMEM Read Disabled -> 0x0
PASS | IMEM Read -> 0x3e2
PASS | DMEM Read -> 0x9970
PASS | IMEM Read -> 0x4391
PASS | DMEM Read -> 0xcbd3
PASS | IMEM Read -> 0xe79
PASS | DMEM Read -> 0xb292
PASS | IMEM Read -> 0x4340
PASS | DMEM Read Disabled -> 0x0
PASS | IMEM Read -> 0xef4
PASS | DMEM Read Disabled -> 0x0
PASS | IMEM Read -> 0x4e73
PASS | DMEM Read -> 0x6ee9
PASS | IMEM Read -> 0x2cad
PASS | DMEM Read Disabled -> 0x0
PASS | IMEM Read -> 0x1ec1
PASS | DMEM Read Disabled -> 0x0
PASS | IMEM Read -> 0x2bca
PASS | DMEM Read Disabled -> 0x0
PASS | IMEM Read -> 0x386b
PASS | DMEM Read Disabled -> 0x0
PASS | IMEM Read -> 0x9026
PASS | DMEM Read Disabled -> 0x0
PASS | IMEM Read -> 0x477c
PASS | DMEM Read Disabled -> 0x0
PASS | IMEM Read -> 0x8f67
PASS | DMEM Read Disabled -> 0x0
PASS | IMEM Read -> 0xcc49
PASS | DMEM Read -> 0x4742
PASS | IMEM Read -> 0x901d
PASS | DMEM Read Disabled -> 0x0
PASS | IMEM Read -> 0x7cbc
PASS | DMEM Read Disabled -> 0x0
PASS | IMEM Read -> 0xbe18
PASS | DMEM Read Disabled -> 0x0
PASS | IMEM Read -> 0xcd22
PASS | DMEM Read Disabled -> 0x0
PASS | IMEM Read -> 0x2ae3
PASS | DMEM Read Disabled -> 0x0
PASS | IMEM Read -> 0x5f21
PASS | DMEM Read Disabled -> 0x0
PASS | IMEM Read -> 0x4daf
PASS | DMEM Read Disabled -> 0x0
PASS | IMEM Read -> 0x676d
PASS | DMEM Read Disabled -> 0x0
PASS | IMEM Read -> 0xbe18
PASS | DMEM Read -> 0x2021
PASS | IMEM Read -> 0x8a2b
PASS | DMEM Read -> 0x6647
PASS | IMEM Read -> 0x245d
PASS | DMEM Read Disabled -> 0x0
PASS | IMEM Read -> 0x96be
PASS | DMEM Read -> 0xfcea
PASS | IMEM Read -> 0xffea
PASS | DMEM Read Disabled -> 0x0
PASS | IMEM Read -> 0xf98d
PASS | DMEM Read Disabled -> 0x0
PASS | IMEM Read -> 0xfa76
PASS | DMEM Read Disabled -> 0x0
PASS | IMEM Read -> 0x2b1c
PASS | DMEM Read -> 0x471a
PASS | IMEM Read -> 0x915b
PASS | DMEM Read -> 0x1b3c
PASS | IMEM Read -> 0xb43f
PASS | DMEM Read Disabled -> 0x0
PASS | IMEM Read -> 0x8e1f
PASS | DMEM Read Disabled -> 0x0
PASS | IMEM Read -> 0xe969
PASS | DMEM Read Disabled -> 0x0
PASS | IMEM Read -> 0x8a2b
PASS | DMEM Read -> 0x615a
PASS | IMEM Read -> 0x59e7
PASS | DMEM Read Disabled -> 0x0
PASS | IMEM Read -> 0x17db
PASS | DMEM Read -> 0xa3e1
PASS | IMEM Read -> 0x42ee
PASS | DMEM Read Disabled -> 0x0
PASS | IMEM Read -> 0x2cad
PASS | DMEM Read Disabled -> 0x0
PASS | IMEM Read -> 0x2ae3
PASS | DMEM Read Disabled -> 0x0
PASS | IMEM Read -> 0x7774
PASS | DMEM Read Disabled -> 0x0
PASS | IMEM Read -> 0x9767
PASS | DMEM Read Disabled -> 0x0
PASS | IMEM Read -> 0xdd2b
PASS | DMEM Read Disabled -> 0x0
PASS | IMEM Read -> 0x42d4
PASS | DMEM Read Disabled -> 0x0
PASS | IMEM Read -> 0x438b
PASS | DMEM Read Disabled -> 0x0
PASS | IMEM Read -> 0x42d4
PASS | DMEM Read Disabled -> 0x0
PASS | IMEM Read -> 0x390f
PASS | DMEM Read -> 0x72ab
PASS | IMEM Read -> 0x748a
PASS | DMEM Read -> 0x566a
PASS | IMEM Read -> 0xe441
PASS | DMEM Read -> 0xc53
PASS | IMEM Read -> 0x4daf
PASS | DMEM Read Disabled -> 0x0
PASS | IMEM Read -> 0xf33
PASS | DMEM Read Disabled -> 0x0
PASS | IMEM Read -> 0x94e5
PASS | DMEM Read Disabled -> 0x0
PASS | IMEM Read -> 0x37d
PASS | DMEM Read Disabled -> 0x0
PASS | IMEM Read -> 0x4e73
PASS | DMEM Read -> 0x2473
PASS | IMEM Read -> 0xd70
PASS | DMEM Read -> 0xe9a6
PASS | IMEM Read -> 0x5d6d
PASS | DMEM Read -> 0xbd02
PASS | IMEM Read -> 0xe441
PASS | DMEM Read Disabled -> 0x0
PASS | IMEM Read -> 0x29eb
PASS | DMEM Read Disabled -> 0x0
PASS | IMEM Read -> 0x568c
PASS | DMEM Read -> 0x9d17
PASS | IMEM Read -> 0xb69e
PASS | DMEM Read -> 0x81
PASS | IMEM Read -> 0x6c02
PASS | DMEM Read Disabled -> 0x0
PASS | IMEM Read -> 0xb297
PASS | DMEM Read Disabled -> 0x0
PASS | IMEM Read -> 0x8341
PASS | DMEM Read -> 0x687a
PASS | IMEM Read -> 0xb4ca
PASS | DMEM Read -> 0x5b3f
PASS | IMEM Read -> 0xb69e
PASS | DMEM Read Disabled -> 0x0
PASS | IMEM Read -> 0x1924
PASS | DMEM Read Disabled -> 0x0
PASS | IMEM Read -> 0x2abe
PASS | DMEM Read -> 0x2193
PASS | IMEM Read -> 0xcd22
PASS | DMEM Read Disabled -> 0x0
PASS | IMEM Read -> 0x3423
PASS | DMEM Read Disabled -> 0x0
PASS | IMEM Read -> 0x915b
PASS | DMEM Read Disabled -> 0x0
PASS | IMEM Read -> 0x5d47
PASS | DMEM Read -> 0x1b8c
PASS | IMEM Read -> 0xbb95
PASS | DMEM Read -> 0x1ae9
PASS | IMEM Read -> 0xc5b9
PASS | DMEM Read Disabled -> 0x0
PASS | IMEM Read -> 0x5e66
PASS | DMEM Read Disabled -> 0x0
PASS | IMEM Read -> 0x1b56
PASS | DMEM Read -> 0x383c
PASS | IMEM Read -> 0x2bca
PASS | DMEM Read Disabled -> 0x0
PASS | IMEM Read -> 0x24b8
PASS | DMEM Read -> 0x18e7
PASS | IMEM Read -> 0xd8a8
PASS | DMEM Read Disabled -> 0x0
PASS | IMEM Read -> 0x4499
PASS | DMEM Read Disabled -> 0x0
PASS | IMEM Read -> 0x1c4c
PASS | DMEM Read -> 0xee31
PASS | IMEM Read -> 0xe79
PASS | DMEM Read -> 0x18e7
PASS | IMEM Read -> 0x2bca
PASS | DMEM Read Disabled -> 0x0
PASS | IMEM Read -> 0x390f
PASS | DMEM Read -> 0xa77f
PASS | IMEM Read -> 0x915b
PASS | DMEM Read Disabled -> 0x0
PASS | IMEM Read -> 0xb815
PASS | DMEM Read Disabled -> 0x0
PASS | IMEM Read -> 0xf774
PASS | DMEM Read -> 0x6311
PASS | IMEM Read -> 0xbf0f
PASS | DMEM Read -> 0x4d5c
PASS | IMEM Read -> 0xf33
PASS | DMEM Read Disabled -> 0x0
PASS | IMEM Read -> 0x31ce
PASS | DMEM Read Disabled -> 0x0
PASS | IMEM Read -> 0x292
PASS | DMEM Read Disabled -> 0x0
PASS | IMEM Read -> 0x6d
PASS | DMEM Read -> 0xb06c
PASS | IMEM Read -> 0x65ca
PASS | DMEM Read -> 0xe772
PASS | IMEM Read -> 0xa09d
PASS | DMEM Read Disabled -> 0x0
PASS | IMEM Read -> 0x66bc
PASS | DMEM Read Disabled -> 0x0
PASS | IMEM Read -> 0x31ce
PASS | DMEM Read Disabled -> 0x0
PASS | IMEM Read -> 0xb32f
PASS | DMEM Read -> 0xd38c
PASS | IMEM Read -> 0x6c02
PASS | DMEM Read -> 0x6965
PASS | IMEM Read -> 0xdca6
PASS | DMEM Read Disabled -> 0x0
PASS | IMEM Read -> 0x5e66
PASS | DMEM Read -> 0x6df4
PASS | IMEM Read -> 0xa09d
PASS | DMEM Read Disabled -> 0x0
PASS | IMEM Read -> 0xcbf1
PASS | DMEM Read -> 0x9636
PASS | IMEM Read -> 0x737e
PASS | DMEM Read Disabled -> 0x0
PASS | IMEM Read -> 0x5e66
PASS | DMEM Read -> 0x4912
PASS | IMEM Read -> 0xbacc
PASS | DMEM Read Disabled -> 0x0
PASS | IMEM Read -> 0xbe18
PASS | DMEM Read -> 0x6647
PASS | IMEM Read -> 0xcc49
PASS | DMEM Read Disabled -> 0x0
PASS | IMEM Read -> 0x1c4c
PASS | DMEM Read Disabled -> 0x0
PASS | IMEM Read -> 0x9537
PASS | DMEM Read Disabled -> 0x0
PASS | IMEM Read -> 0xad9
PASS | DMEM Read -> 0xfc69
PASS | IMEM Read -> 0xe842
PASS | DMEM Read Disabled -> 0x0
PASS | IMEM Read -> 0x676d
PASS | DMEM Read -> 0xfb4e
PASS | IMEM Read -> 0xdd2b
PASS | DMEM Read Disabled -> 0x0
PASS | IMEM Read -> 0xb8f2
PASS | DMEM Read -> 0xe9a6
PASS | IMEM Read -> 0x4d4f
PASS | DMEM Read Disabled -> 0x0
PASS | IMEM Read -> 0x6e2a
PASS | DMEM Read Disabled -> 0x0
PASS | IMEM Read -> 0xb4ca
PASS | DMEM Read -> 0x9636
PASS | IMEM Read -> 0x2566
PASS | DMEM Read -> 0xd870
PASS | IMEM Read -> 0xf33
PASS | DMEM Read Disabled -> 0x0
PASS | IMEM Read -> 0x901d
PASS | DMEM Read Disabled -> 0x0
PASS | IMEM Read -> 0x5d47
PASS | DMEM Read Disabled -> 0x0
PASS | IMEM Read -> 0xa323
PASS | DMEM Read -> 0x4b9b
PASS | IMEM Read -> 0xfbe2
PASS | DMEM Read Disabled -> 0x0
PASS | IMEM Read -> 0xcb2c
PASS | DMEM Read Disabled -> 0x0
PASS | IMEM Read -> 0xdd2b
PASS | DMEM Read Disabled -> 0x0
PASS | IMEM Read -> 0x8599
PASS | DMEM Read Disabled -> 0x0
PASS | IMEM Read -> 0xbacc
PASS | DMEM Read Disabled -> 0x0
PASS | IMEM Read -> 0x59f3
PASS | DMEM Read Disabled -> 0x0
PASS | IMEM Read -> 0x5b80
PASS | DMEM Read Disabled -> 0x0
PASS | IMEM Read -> 0xb43f
PASS | DMEM Read Disabled -> 0x0
PASS | IMEM Read -> 0x8b9a
PASS | DMEM Read Disabled -> 0x0
PASS | IMEM Read -> 0x1b56
PASS | DMEM Read Disabled -> 0x0
PASS | IMEM Read -> 0x386b
PASS | DMEM Read Disabled -> 0x0
PASS | IMEM Read -> 0x31ce
PASS | DMEM Read -> 0xfb4e
PASS | IMEM Read -> 0x4c71
PASS | DMEM Read Disabled -> 0x0
PASS | IMEM Read -> 0x676d
PASS | DMEM Read Disabled -> 0x0
PASS | IMEM Read -> 0xee77
PASS | DMEM Read -> 0xdf34
PASS | IMEM Read -> 0xa8e8
PASS | DMEM Read Disabled -> 0x0
PASS | IMEM Read -> 0xe624
PASS | DMEM Read Disabled -> 0x0
PASS | IMEM Read -> 0xdd2b
PASS | DMEM Read -> 0xd870
PASS | IMEM Read -> 0xe47f
PASS | DMEM Read -> 0x492f
PASS | IMEM Read -> 0xc5b9
PASS | DMEM Read -> 0xe9a6
PASS | IMEM Read -> 0x525b
PASS | DMEM Read Disabled -> 0x0
PASS | IMEM Read -> 0xc6d2
PASS | DMEM Read Disabled -> 0x0
PASS | IMEM Read -> 0x1a67
PASS | DMEM Read Disabled -> 0x0
PASS | IMEM Read -> 0x374a
PASS | DMEM Read Disabled -> 0x0
PASS | IMEM Read -> 0x4391
PASS | DMEM Read Disabled -> 0x0
PASS | IMEM Read -> 0x9767
PASS | DMEM Read Disabled -> 0x0
PASS | IMEM Read -> 0x57aa
PASS | DMEM Read -> 0x3bbb
PASS | IMEM Read -> 0x9547
PASS | DMEM Read -> 0xc25c
PASS | IMEM Read -> 0x5f21
PASS | DMEM Read -> 0x2141
PASS | IMEM Read -> 0x2f16
PASS | DMEM Read Disabled -> 0x0
PASS | IMEM Read -> 0xa22d
PASS | DMEM Read Disabled -> 0x0
PASS | IMEM Read -> 0x3a12
PASS | DMEM Read Disabled -> 0x0
PASS | IMEM Read -> 0xe441
PASS | DMEM Read Disabled -> 0x0
PASS | IMEM Read -> 0x438b
PASS | DMEM Read -> 0x83e0
PASS | IMEM Read -> 0xbb95
PASS | DMEM Read Disabled -> 0x0
PASS | IMEM Read -> 0xc0a0
PASS | DMEM Read -> 0x18d9
PASS | IMEM Read -> 0x2ae3
PASS | DMEM Read Disabled -> 0x0
PASS | IMEM Read -> 0xf98d
PASS | DMEM Read -> 0xee31
PASS | IMEM Read -> 0x2cc8
PASS | DMEM Read Disabled -> 0x0
PASS | IMEM Read -> 0x477c
PASS | DMEM Read -> 0x609
PASS | IMEM Read -> 0x676d
PASS | DMEM Read Disabled -> 0x0
PASS | IMEM Read -> 0x265e
PASS | DMEM Read Disabled -> 0x0
PASS | IMEM Read -> 0xcb2c
PASS | DMEM Read Disabled -> 0x0
PASS | IMEM Read -> 0xbf0f
PASS | DMEM Read Disabled -> 0x0
PASS | IMEM Read -> 0xca9
PASS | DMEM Read Disabled -> 0x0
PASS | IMEM Read -> 0xca4e
PASS | DMEM Read -> 0xaaaa
PASS | IMEM Read -> 0x8a2b
PASS | DMEM Read Disabled -> 0x0
PASS | IMEM Read -> 0xf33
PASS | DMEM Read Disabled -> 0x0
PASS | IMEM Read -> 0x5e7c
PASS | DMEM Read Disabled -> 0x0
PASS | IMEM Read -> 0x245d
PASS | DMEM Read -> 0xb06c
PASS | IMEM Read -> 0x4f12
PASS | DMEM Read -> 0x8fa4
PASS | IMEM Read -> 0x7cbc
PASS | DMEM Read Disabled -> 0x0
PASS | IMEM Read -> 0xb69e
PASS | DMEM Read -> 0xd471
PASS | IMEM Read -> 0xe213
PASS | DMEM Read -> 0x683e
PASS | IMEM Read -> 0xe441
PASS | DMEM Read Disabled -> 0x0
PASS | IMEM Read -> 0x2abe
PASS | DMEM Read Disabled -> 0x0
PASS | IMEM Read -> 0xb8f2
PASS | DMEM Read Disabled -> 0x0
PASS | IMEM Read -> 0xd47c
PASS | DMEM Read Disabled -> 0x0
PASS | IMEM Read -> 0x5b80
PASS | DMEM Read Disabled -> 0x0
PASS | IMEM Read -> 0xdca6
PASS | DMEM Read Disabled -> 0x0
PASS | IMEM Read -> 0xa8e8
PASS | DMEM Read Disabled -> 0x0
PASS | IMEM Read -> 0x5636
PASS | DMEM Read Disabled -> 0x0
PASS | IMEM Read -> 0x5d0c
PASS | DMEM Read -> 0xbf34
PASS | IMEM Read -> 0xb43f
PASS | DMEM Read Disabled -> 0x0
PASS | IMEM Read -> 0x852a
PASS | DMEM Read Disabled -> 0x0
PASS | IMEM Read -> 0xb297
PASS | DMEM Read -> 0xb39f
PASS | IMEM Read -> 0x2abe
PASS | DMEM Read Disabled -> 0x0
PASS | IMEM Read -> 0x2f16
PASS | DMEM Read Disabled -> 0x0
PASS | IMEM Read -> 0x25f6
PASS | DMEM Read -> 0xe8cf
PASS | IMEM Read -> 0xa22d
PASS | DMEM Read -> 0x6413
PASS | IMEM Read -> 0xffea
PASS | DMEM Read -> 0x2a36
PASS | IMEM Read -> 0x525b
PASS | DMEM Read Disabled -> 0x0
PASS | IMEM Read -> 0x2c36
PASS | DMEM Read Disabled -> 0x0
PASS | IMEM Read -> 0x9bfb
PASS | DMEM Read Disabled -> 0x0
PASS | IMEM Read -> 0xb8f2
PASS | DMEM Read Disabled -> 0x0
PASS | IMEM Read -> 0x24b8
PASS | DMEM Read Disabled -> 0x0
PASS | IMEM Read -> 0xa55c
PASS | DMEM Read -> 0x8fa4
PASS | IMEM Read -> 0xb8f2
PASS | DMEM Read Disabled -> 0x0
PASS | IMEM Read -> 0x2ae3
PASS | DMEM Read Disabled -> 0x0
PASS | IMEM Read -> 0x5bfc
PASS | DMEM Read Disabled -> 0x0
PASS | IMEM Read -> 0xa55c
PASS | DMEM Read Disabled -> 0x0
PASS | IMEM Read -> 0x1b56
PASS | DMEM Read Disabled -> 0x0
PASS | IMEM Read -> 0xb815
PASS | DMEM Read Disabled -> 0x0
PASS | IMEM Read -> 0xdf5b
PASS | DMEM Read Disabled -> 0x0
PASS | IMEM Read -> 0x4601
PASS | DMEM Read Disabled -> 0x0
PASS | IMEM Read -> 0x9278
PASS | DMEM Read Disabled -> 0x0
PASS | IMEM Read -> 0xbacc
PASS | DMEM Read -> 0x2deb
PASS | IMEM Read -> 0x3c72
PASS | DMEM Read -> 0x5a10
PASS | IMEM Read -> 0x91b
PASS | DMEM Read Disabled -> 0x0
PASS | IMEM Read -> 0x61cd
PASS | DMEM Read Disabled -> 0x0
PASS | IMEM Read -> 0x9026
PASS | DMEM Read Disabled -> 0x0
PASS | IMEM Read -> 0xbf0f
PASS | DMEM Read -> 0x1393
PASS | IMEM Read -> 0x3423
PASS | DMEM Read Disabled -> 0x0
PASS | IMEM Read -> 0x63f9
PASS | DMEM Read Disabled -> 0x0
PASS | IMEM Read -> 0x748a
PASS | DMEM Read Disabled -> 0x0
PASS | IMEM Read -> 0x3a12
PASS | DMEM Read Disabled -> 0x0
PASS | IMEM Read -> 0x5a4a
PASS | DMEM Read Disabled -> 0x0
PASS | IMEM Read -> 0x24b8
PASS | DMEM Read Disabled -> 0x0
PASS | IMEM Read -> 0x34bb
PASS | DMEM Read Disabled -> 0x0
PASS | IMEM Read -> 0x8f67
PASS | DMEM Read Disabled -> 0x0
PASS | IMEM Read -> 0x2b2c
PASS | DMEM Read -> 0xc181
PASS | IMEM Read -> 0x80ed
PASS | DMEM Read Disabled -> 0x0
PASS | IMEM Read -> 0x438b
PASS | DMEM Read Disabled -> 0x0
PASS | IMEM Read -> 0x7774
PASS | DMEM Read -> 0x9b0e
PASS | IMEM Read -> 0x6da5
PASS | DMEM Read -> 0x6bd2
PASS | IMEM Read -> 0x9007
PASS | DMEM Read Disabled -> 0x0
PASS | IMEM Read -> 0x568c
PASS | DMEM Read Disabled -> 0x0
PASS | IMEM Read -> 0xb1b8
PASS | DMEM Read -> 0xd50f
PASS | IMEM Read -> 0x5a4a
PASS | DMEM Read Disabled -> 0x0
PASS | IMEM Read -> 0x1ec1
PASS | DMEM Read -> 0xa384
PASS | IMEM Read -> 0xd334
PASS | DMEM Read -> 0xbd02
PASS | IMEM Read -> 0x2566
PASS | DMEM Read -> 0x6ee9
PASS | IMEM Read -> 0x4f2e
PASS | DMEM Read Disabled -> 0x0
PASS | IMEM Read -> 0x2b1c
PASS | DMEM Read Disabled -> 0x0
PASS | IMEM Read -> 0xca9
PASS | DMEM Read -> 0x2879
PASS | IMEM Read -> 0xc6ec
PASS | DMEM Read -> 0xb06c
PASS | IMEM Read -> 0x5d47
PASS | DMEM Read -> 0xb09
PASS | IMEM Read -> 0x9026
PASS | DMEM Read Disabled -> 0x0
PASS | IMEM Read -> 0xe853
PASS | DMEM Read Disabled -> 0x0
PASS | IMEM Read -> 0x3e2
PASS | DMEM Read -> 0xb292
PASS | IMEM Read -> 0x9d
PASS | DMEM Read Disabled -> 0x0
PASS | IMEM Read -> 0x8b9a
PASS | DMEM Read -> 0x9b0e
PASS | IMEM Read -> 0x1913
PASS | DMEM Read Disabled -> 0x0
PASS | IMEM Read -> 0x173e
PASS | DMEM Read -> 0x7455
PASS | IMEM Read -> 0xa55c
PASS | DMEM Read Disabled -> 0x0
PASS | IMEM Read -> 0x2bca
PASS | DMEM Read -> 0xb39f
PASS | IMEM Read -> 0x901d
PASS | DMEM Read Disabled -> 0x0
PASS | IMEM Read -> 0xe842
PASS | DMEM Read Disabled -> 0x0
PASS | IMEM Read -> 0xffea
PASS | DMEM Read Disabled -> 0x0
PASS | IMEM Read -> 0xd40c
PASS | DMEM Read -> 0xd8cc
PASS | IMEM Read -> 0x5e1a
PASS | DMEM Read -> 0xd132
PASS | IMEM Read -> 0x97ed
PASS | DMEM Read Disabled -> 0x0
PASS | IMEM Read -> 0x9ea3
PASS | DMEM Read -> 0xfc69
PASS | IMEM Read -> 0x8a2b
PASS | DMEM Read Disabled -> 0x0
PASS | IMEM Read -> 0x1bba
PASS | DMEM Read Disabled -> 0x0
PASS | IMEM Read -> 0x9278
PASS | DMEM Read -> 0xd90c
PASS | IMEM Read -> 0x34bb
PASS | DMEM Read Disabled -> 0x0
PASS | IMEM Read -> 0x568c
PASS | DMEM Read Disabled -> 0x0
PASS | IMEM Read -> 0x8599
PASS | DMEM Read Disabled -> 0x0
PASS | IMEM Read -> 0xcb2c
PASS | DMEM Read -> 0xa7c6
PASS | IMEM Read -> 0x5e1a
PASS | DMEM Read -> 0x2d50
PASS | IMEM Read -> 0xa09d
PASS | DMEM Read Disabled -> 0x0
PASS | IMEM Read -> 0x173e
PASS | DMEM Read -> 0x33e4
PASS | IMEM Read -> 0x2515
PASS | DMEM Read -> 0x4fb5
PASS | IMEM Read -> 0x9278
PASS | DMEM Read Disabled -> 0x0
PASS | IMEM Read -> 0x852a
PASS | DMEM Read Disabled -> 0x0
PASS | IMEM Read -> 0xb32f
PASS | DMEM Read Disabled -> 0x0
PASS | IMEM Read -> 0xa323
PASS | DMEM Read Disabled -> 0x0
PASS | IMEM Read -> 0x6e2a
PASS | DMEM Read -> 0x62e8
PASS | IMEM Read -> 0x2ea6
PASS | DMEM Read -> 0xb06c
PASS | IMEM Read -> 0xdd2b
PASS | DMEM Read -> 0xbfa7
PASS | IMEM Read -> 0x4391
PASS | DMEM Read -> 0x37db
PASS | IMEM Read -> 0x5a4a
PASS | DMEM Read Disabled -> 0x0
PASS | IMEM Read -> 0xbda7
PASS | DMEM Read Disabled -> 0x0
PASS | IMEM Read -> 0x61cd
PASS | DMEM Read Disabled -> 0x0
PASS | IMEM Read -> 0x2ae3
PASS | DMEM Read -> 0xacf1
PASS | IMEM Read -> 0x915b
PASS | DMEM Read Disabled -> 0x0
PASS | IMEM Read -> 0x97ed
PASS | DMEM Read Disabled -> 0x0
PASS | IMEM Read -> 0x2a3a
PASS | DMEM Read -> 0xd9d1
PASS | IMEM Read -> 0x5f21
PASS | DMEM Read Disabled -> 0x0
PASS | IMEM Read -> 0xef8f
PASS | DMEM Read Disabled -> 0x0
PASS | IMEM Read -> 0x9ea3
PASS | DMEM Read Disabled -> 0x0
PASS | IMEM Read -> 0x7cbc
PASS | DMEM Read Disabled -> 0x0
PASS | IMEM Read -> 0x651d
PASS | DMEM Read -> 0x471b
PASS | IMEM Read -> 0x2cc8
PASS | DMEM Read Disabled -> 0x0
PASS | IMEM Read -> 0x510
PASS | DMEM Read Disabled -> 0x0
PASS | IMEM Read -> 0x7068
PASS | DMEM Read -> 0x3ef5
PASS | IMEM Read -> 0x5b80
PASS | DMEM Read Disabled -> 0x0
PASS | IMEM Read -> 0x12b3
PASS | DMEM Read -> 0x512b
PASS | IMEM Read -> 0x7774
PASS | DMEM Read -> 0xf5cc
PASS | IMEM Read -> 0xef4
PASS | DMEM Read -> 0x10b4
PASS | IMEM Read -> 0x245d
PASS | DMEM Read Disabled -> 0x0
PASS | IMEM Read -> 0x3c68
PASS | DMEM Read -> 0x7a8d
PASS | IMEM Read -> 0x66bc
PASS | DMEM Read Disabled -> 0x0
PASS | IMEM Read -> 0xb69e
PASS | DMEM Read -> 0xd50f
PASS | IMEM Read -> 0x57f6
PASS | DMEM Read Disabled -> 0x0
PASS | IMEM Read -> 0x2abe
PASS | DMEM Read -> 0xd38c
PASS | IMEM Read -> 0xb505
PASS | DMEM Read Disabled -> 0x0
PASS | IMEM Read -> 0xf98d
PASS | DMEM Read Disabled -> 0x0
PASS | IMEM Read -> 0x5b80
PASS | DMEM Read Disabled -> 0x0
PASS | IMEM Read -> 0x8341
PASS | DMEM Read Disabled -> 0x0
PASS | IMEM Read -> 0x2f16
PASS | DMEM Read Disabled -> 0x0
PASS | IMEM Read -> 0xdf0f
PASS | DMEM Read Disabled -> 0x0
PASS | IMEM Read -> 0x1c4c
PASS | DMEM Read Disabled -> 0x0
PASS | IMEM Read -> 0x525b
PASS | DMEM Read Disabled -> 0x0
PASS | IMEM Read -> 0xbb95
PASS | DMEM Read -> 0x1d38
PASS | IMEM Read -> 0x1924
PASS | DMEM Read -> 0xade
PASS | IMEM Read -> 0x7774
PASS | DMEM Read -> 0x9457
PASS | IMEM Read -> 0x737e
PASS | DMEM Read -> 0x683e
PASS | IMEM Read -> 0xe469
PASS | DMEM Read Disabled -> 0x0
PASS | IMEM Read -> 0x4391
PASS | DMEM Read -> 0xc7c2
PASS | IMEM Read -> 0x1c45
PASS | DMEM Read -> 0xade
PASS | IMEM Read -> 0x5b80
PASS | DMEM Read Disabled -> 0x0
PASS | IMEM Read -> 0x31ce
PASS | DMEM Read -> 0xc361
PASS | IMEM Read -> 0x92a3
PASS | DMEM Read Disabled -> 0x0
PASS | IMEM Read -> 0xc47
PASS | DMEM Read Disabled -> 0x0
PASS | IMEM Read -> 0xe89
PASS | DMEM Read Disabled -> 0x0
PASS | IMEM Read -> 0xbe50
PASS | DMEM Read -> 0xe9a6
PASS | IMEM Read -> 0x2ae3
PASS | DMEM Read Disabled -> 0x0
PASS | IMEM Read -> 0xc40a
PASS | DMEM Read Disabled -> 0x0
PASS | IMEM Read -> 0x79f7
PASS | DMEM Read -> 0x37db
PASS | IMEM Read -> 0xfa76
PASS | DMEM Read -> 0x8b85
PASS | IMEM Read -> 0x29eb
PASS | DMEM Read Disabled -> 0x0
PASS | IMEM Read -> 0x242
PASS | DMEM Read -> 0x45da
PASS | IMEM Read -> 0x4c71
PASS | DMEM Read -> 0x7ce
PASS | IMEM Read -> 0x2566
PASS | DMEM Read -> 0xc09e
PASS | IMEM Read -> 0x1ec1
PASS | DMEM Read -> 0xc361
PASS | IMEM Read -> 0xcd6c
PASS | DMEM Read -> 0x5520
PASS | IMEM Read -> 0xfa76
PASS | DMEM Read Disabled -> 0x0
PASS | IMEM Read -> 0x292
PASS | DMEM Read Disabled -> 0x0
PASS | IMEM Read -> 0x8e3
PASS | DMEM Read Disabled -> 0x0
PASS | IMEM Read -> 0xb43f
PASS | DMEM Read Disabled -> 0x0
PASS | IMEM Read -> 0x748a
PASS | DMEM Read -> 0x269f
PASS | IMEM Read -> 0x737e
PASS | DMEM Read -> 0x8183
PASS | IMEM Read -> 0x9bfb
PASS | DMEM Read -> 0x4fb5
PASS | IMEM Read -> 0xa22d
PASS | DMEM Read Disabled -> 0x0
PASS | IMEM Read -> 0xef8f
PASS | DMEM Read Disabled -> 0x0
PASS | IMEM Read -> 0xfd2f
PASS | DMEM Read Disabled -> 0x0
PASS | IMEM Read -> 0x5e1a
PASS | DMEM Read -> 0xbde8
PASS | IMEM Read -> 0x9ea3
PASS | DMEM Read -> 0x767f
PASS | IMEM Read -> 0xcd22
PASS | DMEM Read Disabled -> 0x0
PASS | IMEM Read -> 0x438b
PASS | DMEM Read -> 0x6647
PASS | IMEM Read -> 0xc1c3
PASS | DMEM Read Disabled -> 0x0
PASS | IMEM Read -> 0xbe50
PASS | DMEM Read Disabled -> 0x0
PASS | IMEM Read -> 0x9547
PASS | DMEM Read -> 0x3826
PASS | IMEM Read -> 0x1ec1
PASS | DMEM Read Disabled -> 0x0
PASS | IMEM Read -> 0x53f6
PASS | DMEM Read Disabled -> 0x0
PASS | IMEM Read -> 0xa11a
PASS | DMEM Read Disabled -> 0x0
PASS | IMEM Read -> 0xfbe2
PASS | DMEM Read -> 0x8bbe
PASS | IMEM Read -> 0x891
PASS | DMEM Read -> 0x24ae
PASS | IMEM Read -> 0x568c
PASS | DMEM Read Disabled -> 0x0
PASS | IMEM Read -> 0x7f3d
PASS | DMEM Read Disabled -> 0x0
PASS | IMEM Read -> 0x8599
PASS | DMEM Read Disabled -> 0x0
PASS | IMEM Read -> 0x9547
PASS | DMEM Read Disabled -> 0x0
PASS | IMEM Read -> 0x245d
PASS | DMEM Read Disabled -> 0x0
PASS | IMEM Read -> 0x8341
PASS | DMEM Read -> 0x8b2e
PASS | IMEM Read -> 0xe47f
PASS | DMEM Read -> 0x1b6d
PASS | IMEM Read -> 0xed88
PASS | DMEM Read Disabled -> 0x0
PASS | IMEM Read -> 0x9537
PASS | DMEM Read -> 0xc45b
PASS | IMEM Read -> 0xd321
PASS | DMEM Read Disabled -> 0x0
PASS | IMEM Read -> 0x1924
PASS | DMEM Read Disabled -> 0x0
PASS | IMEM Read -> 0x7c6d
PASS | DMEM Read -> 0x6965
PASS | IMEM Read -> 0x2e45
PASS | DMEM Read Disabled -> 0x0
PASS | IMEM Read -> 0x3e2
PASS | DMEM Read -> 0x6965
PASS | IMEM Read -> 0x698f
PASS | DMEM Read Disabled -> 0x0
PASS | IMEM Read -> 0x65ca
PASS | DMEM Read Disabled -> 0x0
PASS | IMEM Read -> 0xf023
PASS | DMEM Read Disabled -> 0x0
PASS | IMEM Read -> 0xe853
PASS | DMEM Read -> 0xd132
PASS | IMEM Read -> 0x9d
PASS | DMEM Read -> 0x51c0
PASS | IMEM Read -> 0x18b7
PASS | DMEM Read Disabled -> 0x0
PASS | IMEM Read -> 0x42d4
PASS | DMEM Read Disabled -> 0x0
PASS | IMEM Read -> 0xcc49
PASS | DMEM Read Disabled -> 0x0
PASS | IMEM Read -> 0x5a4a
PASS | DMEM Read Disabled -> 0x0
PASS | IMEM Read -> 0xe79
PASS | DMEM Read Disabled -> 0x0
PASS | IMEM Read -> 0x852a
PASS | DMEM Read Disabled -> 0x0
PASS | IMEM Read -> 0x42ee
PASS | DMEM Read Disabled -> 0x0
PASS | IMEM Read -> 0xf774
PASS | DMEM Read Disabled -> 0x0
PASS | IMEM Read -> 0x9ea3
PASS | DMEM Read -> 0x77a5
PASS | IMEM Read -> 0x651d
PASS | DMEM Read Disabled -> 0x0
PASS | IMEM Read -> 0x100c
PASS | DMEM Read -> 0x5933
PASS | IMEM Read -> 0x5942
PASS | DMEM Read -> 0x2d50
PASS | IMEM Read -> 0xfd2f
PASS | DMEM Read -> 0x45da
PASS | IMEM Read -> 0x5f21
PASS | DMEM Read Disabled -> 0x0
PASS | IMEM Read -> 0xbe50
PASS | DMEM Read Disabled -> 0x0
PASS | IMEM Read -> 0xbda7
PASS | DMEM Read Disabled -> 0x0
PASS | IMEM Read -> 0xfbe2
PASS | DMEM Read Disabled -> 0x0
PASS | IMEM Read -> 0xa8e8
PASS | DMEM Read -> 0x5b3f
PASS | IMEM Read -> 0xa54c
PASS | DMEM Read Disabled -> 0x0
PASS | IMEM Read -> 0x33fd
PASS | DMEM Read -> 0xc829
PASS | IMEM Read -> 0x42d4
PASS | DMEM Read -> 0x3605
PASS | IMEM Read -> 0x6d
PASS | DMEM Read -> 0x3aec
PASS | IMEM Read -> 0x38bf
PASS | DMEM Read Disabled -> 0x0
PASS | IMEM Read -> 0x374a
PASS | DMEM Read -> 0x10b4
PASS | IMEM Read -> 0x5d6d
PASS | DMEM Read Disabled -> 0x0
PASS | IMEM Read -> 0x7f3d
PASS | DMEM Read -> 0x269f
PASS | IMEM Read -> 0xad9
PASS | DMEM Read -> 0xed09
PASS | IMEM Read -> 0xe842
PASS | DMEM Read Disabled -> 0x0
PASS | IMEM Read -> 0x9547
PASS | DMEM Read -> 0xc0d6
PASS | IMEM Read -> 0xe79
PASS | DMEM Read -> 0xa389
PASS | IMEM Read -> 0x2b2c
PASS | DMEM Read -> 0x4b2d
PASS | IMEM Read -> 0x59f3
PASS | DMEM Read Disabled -> 0x0
PASS | IMEM Read -> 0x9278
PASS | DMEM Read Disabled -> 0x0
PASS | IMEM Read -> 0xb32f
PASS | DMEM Read -> 0xd9d1
PASS | IMEM Read -> 0x525b
PASS | DMEM Read -> 0xd870
PASS | IMEM Read -> 0x7c6d
PASS | DMEM Read -> 0xe772
PASS | IMEM Read -> 0xca4e
PASS | DMEM Read Disabled -> 0x0
PASS | IMEM Read -> 0x8599
PASS | DMEM Read -> 0x240b
PASS | IMEM Read -> 0x7c6d
PASS | DMEM Read Disabled -> 0x0
PASS | IMEM Read -> 0x2f16
PASS | DMEM Read Disabled -> 0x0
PASS | IMEM Read -> 0x24b8
PASS | DMEM Read -> 0x2597
PASS | IMEM Read -> 0x4340
PASS | DMEM Read -> 0x6285
PASS | IMEM Read -> 0xe213
PASS | DMEM Read -> 0xdd18
PASS | IMEM Read -> 0xcb2c
PASS | DMEM Read Disabled -> 0x0
PASS | IMEM Read -> 0xf810
PASS | DMEM Read -> 0x621b
PASS | IMEM Read -> 0xa738
PASS | DMEM Read -> 0x95c6
PASS | IMEM Read -> 0x1ec1
PASS | DMEM Read Disabled -> 0x0
PASS | IMEM Read -> 0x4d4f
PASS | DMEM Read -> 0xdcc6
PASS | IMEM Read -> 0x1b56
PASS | DMEM Read Disabled -> 0x0
PASS | IMEM Read -> 0x891
PASS | DMEM Read Disabled -> 0x0
PASS | IMEM Read -> 0x3d3
PASS | DMEM Read Disabled -> 0x0
PASS | IMEM Read -> 0x7c6d
PASS | DMEM Read Disabled -> 0x0
PASS | IMEM Read -> 0xc5
PASS | DMEM Read Disabled -> 0x0
PASS | IMEM Read -> 0x5e1a
PASS | DMEM Read Disabled -> 0x0
PASS | IMEM Read -> 0x2abe
PASS | DMEM Read -> 0x383c
PASS | IMEM Read -> 0x9bfb
PASS | DMEM Read -> 0x2a36
PASS | IMEM Read -> 0xebf8
PASS | DMEM Read Disabled -> 0x0
PASS | IMEM Read -> 0x4e73
PASS | DMEM Read -> 0xbbe4
PASS | IMEM Read -> 0x1ec1
PASS | DMEM Read Disabled -> 0x0
PASS | IMEM Read -> 0x723d
PASS | DMEM Read -> 0xaeb4
PASS | IMEM Read -> 0xcd6c
PASS | DMEM Read Disabled -> 0x0
PASS | IMEM Read -> 0x80ed
PASS | DMEM Read -> 0xc00a
PASS | IMEM Read -> 0xb69e
PASS | DMEM Read -> 0x917c
PASS | IMEM Read -> 0xf810
PASS | DMEM Read -> 0x4759
PASS | IMEM Read -> 0xb43f
PASS | DMEM Read Disabled -> 0x0
PASS | IMEM Read -> 0x96be
PASS | DMEM Read Disabled -> 0x0
PASS | IMEM Read -> 0xe213
PASS | DMEM Read Disabled -> 0x0
PASS | IMEM Read -> 0x57aa
PASS | DMEM Read -> 0xd8cc
PASS | IMEM Read -> 0xd70
PASS | DMEM Read Disabled -> 0x0
PASS | IMEM Read -> 0x89c2
PASS | DMEM Read Disabled -> 0x0
PASS | IMEM Read -> 0xe969
PASS | DMEM Read -> 0xd132
PASS | IMEM Read -> 0x94e5
PASS | DMEM Read Disabled -> 0x0
PASS | IMEM Read -> 0x47aa
PASS | DMEM Read Disabled -> 0x0
PASS | IMEM Read -> 0x5a0a
PASS | DMEM Read Disabled -> 0x0
PASS | IMEM Read -> 0xf774
PASS | DMEM Read Disabled -> 0x0
PASS | IMEM Read -> 0xfd2f
PASS | DMEM Read Disabled -> 0x0
PASS | IMEM Read -> 0x386b
PASS | DMEM Read -> 0x8183
PASS | IMEM Read -> 0x33fd
PASS | DMEM Read -> 0xe09e
PASS | IMEM Read -> 0x2515
PASS | DMEM Read -> 0x1863
PASS | IMEM Read -> 0xb32f
PASS | DMEM Read -> 0x6421
PASS | IMEM Read -> 0x3c72
PASS | DMEM Read Disabled -> 0x0
PASS | IMEM Read -> 0xdf0f
PASS | DMEM Read -> 0x10b4
PASS | IMEM Read -> 0x37d
PASS | DMEM Read Disabled -> 0x0
PASS | IMEM Read -> 0x2515
PASS | DMEM Read Disabled -> 0x0
PASS | IMEM Read -> 0x2b1c
PASS | DMEM Read -> 0xbbe4
PASS | IMEM Read -> 0x438b
PASS | DMEM Read -> 0xc00a
PASS | IMEM Read -> 0x9767
PASS | DMEM Read Disabled -> 0x0
PASS | IMEM Read -> 0x89c2
PASS | DMEM Read -> 0xb11f
PASS | IMEM Read -> 0x4601
PASS | DMEM Read -> 0x85d4
PASS | IMEM Read -> 0x3423
PASS | DMEM Read Disabled -> 0x0
PASS | IMEM Read -> 0xcb2c
PASS | DMEM Read -> 0x74a5
PASS | IMEM Read -> 0xe338
PASS | DMEM Read Disabled -> 0x0
PASS | IMEM Read -> 0x2abe
PASS | DMEM Read Disabled -> 0x0
PASS | IMEM Read -> 0x6f20
PASS | DMEM Read -> 0x566a
PASS | IMEM Read -> 0x3423
PASS | DMEM Read Disabled -> 0x0
PASS | IMEM Read -> 0x2885
PASS | DMEM Read Disabled -> 0x0
PASS | IMEM Read -> 0x4156
PASS | DMEM Read -> 0xbf07
PASS | IMEM Read -> 0xabcd
PASS | DMEM Read Disabled -> 0x0
PASS | IMEM Read -> 0x2bca
PASS | DMEM Read Disabled -> 0x0
PASS | IMEM Read -> 0x65ca
PASS | DMEM Read Disabled -> 0x0
PASS | IMEM Read -> 0x2515
PASS | DMEM Read -> 0x46c
PASS | IMEM Read -> 0xc40a
PASS | DMEM Read -> 0x48bf
PASS | IMEM Read -> 0xa323
PASS | DMEM Read Disabled -> 0x0
PASS | IMEM Read -> 0x989c
PASS | DMEM Read Disabled -> 0x0
PASS | IMEM Read -> 0xc6ec
PASS | DMEM Read Disabled -> 0x0
PASS | IMEM Read -> 0x59e7
PASS | DMEM Read Disabled -> 0x0
PASS | IMEM Read -> 0xbe18
PASS | DMEM Read -> 0x9e9
PASS | IMEM Read -> 0x42d4
PASS | DMEM Read Disabled -> 0x0
PASS | IMEM Read -> 0x1b56
PASS | DMEM Read -> 0xfa21
PASS | IMEM Read -> 0xcc49
PASS | DMEM Read Disabled -> 0x0
PASS | IMEM Read -> 0x2b1c
PASS | DMEM Read Disabled -> 0x0
PASS | IMEM Read -> 0xef8f
PASS | DMEM Read Disabled -> 0x0
PASS | IMEM Read -> 0xc5b9
PASS | DMEM Read Disabled -> 0x0
PASS | IMEM Read -> 0x25f6
PASS | DMEM Read Disabled -> 0x0
PASS | IMEM Read -> 0x5636
PASS | DMEM Read Disabled -> 0x0
PASS | IMEM Read -> 0x5636
PASS | DMEM Read Disabled -> 0x0
PASS | IMEM Read -> 0xb8f2
PASS | DMEM Read -> 0xbe51
PASS | IMEM Read -> 0x477c
PASS | DMEM Read Disabled -> 0x0
PASS | IMEM Read -> 0xc606
PASS | DMEM Read -> 0x2879
PASS | IMEM Read -> 0xa8e8
PASS | DMEM Read Disabled -> 0x0
PASS | IMEM Read -> 0x59f3
PASS | DMEM Read Disabled -> 0x0
PASS | IMEM Read -> 0xad9
PASS | DMEM Read Disabled -> 0x0
PASS | IMEM Read -> 0x12b3
PASS | DMEM Read -> 0x4b63
PASS | IMEM Read -> 0xed88
PASS | DMEM Read -> 0x95c6
PASS | IMEM Read -> 0x9767
PASS | DMEM Read -> 0x8b85
PASS | IMEM Read -> 0x2b2c
PASS | DMEM Read Disabled -> 0x0
PASS | IMEM Read -> 0x5d47
PASS | DMEM Read -> 0x1393
PASS | IMEM Read -> 0x7c6d
PASS | DMEM Read Disabled -> 0x0
PASS | IMEM Read -> 0x9026
PASS | DMEM Read Disabled -> 0x0
PASS | IMEM Read -> 0x6d
PASS | DMEM Read -> 0xbe51
PASS | IMEM Read -> 0x4daf
PASS | DMEM Read -> 0x7998
PASS | IMEM Read -> 0x525b
PASS | DMEM Read Disabled -> 0x0
PASS | IMEM Read -> 0x9767
PASS | DMEM Read Disabled -> 0x0
PASS | IMEM Read -> 0xa738
PASS | DMEM Read -> 0xc96a
PASS | IMEM Read -> 0xf774
PASS | DMEM Read Disabled -> 0x0
PASS | IMEM Read -> 0x47aa
PASS | DMEM Read Disabled -> 0x0
PASS | IMEM Read -> 0xbda7
PASS | DMEM Read Disabled -> 0x0
PASS | IMEM Read -> 0xa191
PASS | DMEM Read Disabled -> 0x0
PASS | IMEM Read -> 0xa09d
PASS | DMEM Read -> 0x1b8c
PASS | IMEM Read -> 0x24b8
PASS | DMEM Read Disabled -> 0x0
PASS | IMEM Read -> 0x59f3
PASS | DMEM Read -> 0x13e3
PASS | IMEM Read -> 0xfd2f
PASS | DMEM Read Disabled -> 0x0
PASS | IMEM Read -> 0xd334
PASS | DMEM Read Disabled -> 0x0
PASS | IMEM Read -> 0x6f20
PASS | DMEM Read Disabled -> 0x0
PASS | IMEM Read -> 0x5d47
PASS | DMEM Read -> 0x6bd2
PASS | IMEM Read -> 0x265e
PASS | DMEM Read -> 0x793d
PASS | IMEM Read -> 0xdd2b
PASS | DMEM Read Disabled -> 0x0
PASS | IMEM Read -> 0xfe9d
PASS | DMEM Read -> 0xad8c
PASS | IMEM Read -> 0xe213
PASS | DMEM Read Disabled -> 0x0
PASS | IMEM Read -> 0x2e45
PASS | DMEM Read Disabled -> 0x0
PASS | IMEM Read -> 0x47aa
PASS | DMEM Read -> 0xec61
PASS | IMEM Read -> 0x37d
PASS | DMEM Read Disabled -> 0x0
PASS | IMEM Read -> 0x6c02
PASS | DMEM Read Disabled -> 0x0
PASS | IMEM Read -> 0xb815
PASS | DMEM Read Disabled -> 0x0
PASS | IMEM Read -> 0xdca6
PASS | DMEM Read Disabled -> 0x0
PASS | IMEM Read -> 0xa54c
PASS | DMEM Read -> 0xfc69
PASS | IMEM Read -> 0x2cad
PASS | DMEM Read -> 0xe204
PASS | IMEM Read -> 0xc1c3
PASS | DMEM Read -> 0xc96a
PASS | IMEM Read -> 0x65ca
PASS | DMEM Read Disabled -> 0x0
PASS | IMEM Read -> 0x1924
PASS | DMEM Read -> 0x5f6a
PASS | IMEM Read -> 0x80ed
PASS | DMEM Read -> 0x18e7
PASS | IMEM Read -> 0xe969
PASS | DMEM Read -> 0x8b85
PASS | IMEM Read -> 0x901d
PASS | DMEM Read -> 0xb09
PASS | IMEM Read -> 0x2c36
PASS | DMEM Read Disabled -> 0x0
PASS | IMEM Read -> 0x494f
PASS | DMEM Read -> 0x77a5
PASS | IMEM Read -> 0x7cbc
PASS | DMEM Read -> 0xed09
PASS | IMEM Read -> 0x5bfc
PASS | DMEM Read Disabled -> 0x0
PASS | IMEM Read -> 0x47aa
PASS | DMEM Read -> 0xfe4a
PASS | IMEM Read -> 0xf023
PASS | DMEM Read Disabled -> 0x0
PASS | IMEM Read -> 0x5e66
PASS | DMEM Read Disabled -> 0x0
PASS | IMEM Read -> 0xc606
PASS | DMEM Read -> 0xc8f
PASS | IMEM Read -> 0xb32f
PASS | DMEM Read Disabled -> 0x0
PASS | IMEM Read -> 0xa191
PASS | DMEM Read Disabled -> 0x0
PASS | IMEM Read -> 0xa11a
PASS | DMEM Read -> 0xbfa7
PASS | IMEM Read -> 0x9d
PASS | DMEM Read Disabled -> 0x0
PASS | IMEM Read -> 0x97ed
PASS | DMEM Read Disabled -> 0x0
PASS | IMEM Read -> 0xa262
PASS | DMEM Read Disabled -> 0x0
PASS | IMEM Read -> 0x891
PASS | DMEM Read -> 0x767f
PASS | IMEM Read -> 0x494f
PASS | DMEM Read -> 0x6bd2
PASS | IMEM Read -> 0x915b
PASS | DMEM Read Disabled -> 0x0
PASS | IMEM Read -> 0xfd2f
PASS | DMEM Read Disabled -> 0x0
PASS | IMEM Read -> 0x9767
PASS | DMEM Read Disabled -> 0x0
PASS | IMEM Read -> 0x61cd
PASS | DMEM Read Disabled -> 0x0
PASS | IMEM Read -> 0xe89
PASS | DMEM Read -> 0xa6e9
PASS | IMEM Read -> 0xa262
PASS | DMEM Read Disabled -> 0x0
PASS | IMEM Read -> 0xbe18
PASS | DMEM Read -> 0x45aa
PASS | IMEM Read -> 0x4fc8
PASS | DMEM Read Disabled -> 0x0
PASS | IMEM Read -> 0x6d
PASS | DMEM Read -> 0x2d50
PASS | IMEM Read -> 0x5d0c
PASS | DMEM Read Disabled -> 0x0
PASS | IMEM Read -> 0x37d
PASS | DMEM Read Disabled -> 0x0
PASS | IMEM Read -> 0xe75b
PASS | DMEM Read Disabled -> 0x0
PASS | IMEM Read -> 0x2f16
PASS | DMEM Read -> 0x9b0e
PASS | IMEM Read -> 0x7fb1
PASS | DMEM Read Disabled -> 0x0
PASS | IMEM Read -> 0x5bfc
PASS | DMEM Read Disabled -> 0x0
PASS | IMEM Read -> 0xe47f
PASS | DMEM Read Disabled -> 0x0
PASS | IMEM Read -> 0xb4ca
PASS | DMEM Read -> 0x5f6a
PASS | IMEM Read -> 0x2e70
PASS | DMEM Read -> 0xe09e
PASS | IMEM Read -> 0x92a3
PASS | DMEM Read Disabled -> 0x0
PASS | IMEM Read -> 0x80ac
PASS | DMEM Read Disabled -> 0x0
PASS | IMEM Read -> 0x477c
PASS | DMEM Read Disabled -> 0x0
PASS | IMEM Read -> 0x245d
PASS | DMEM Read Disabled -> 0x0
PASS | IMEM Read -> 0xb815
PASS | DMEM Read Disabled -> 0x0
PASS | IMEM Read -> 0xe853
PASS | DMEM Read Disabled -> 0x0
PASS | IMEM Read -> 0xef4
PASS | DMEM Read Disabled -> 0x0
PASS | IMEM Read -> 0x3d3
PASS | DMEM Read Disabled -> 0x0
PASS | IMEM Read -> 0x3e2
PASS | DMEM Read -> 0x6bd2
PASS | IMEM Read -> 0x2c36
PASS | DMEM Read -> 0xe09e
PASS | IMEM Read -> 0xa09d
PASS | DMEM Read Disabled -> 0x0
PASS | IMEM Read -> 0x1ec1
PASS | DMEM Read -> 0xfe4a
PASS | IMEM Read -> 0x89c2
PASS | DMEM Read Disabled -> 0x0
PASS | IMEM Read -> 0xd8a8
PASS | DMEM Read -> 0xd50
PASS | IMEM Read -> 0x2cad
PASS | DMEM Read Disabled -> 0x0
PASS | IMEM Read -> 0x9547
PASS | DMEM Read Disabled -> 0x0
PASS | IMEM Read -> 0x2ae3
PASS | DMEM Read -> 0xa42c
PASS | IMEM Read -> 0xbe18
PASS | DMEM Read -> 0x5876
PASS | IMEM Read -> 0x77a7
PASS | DMEM Read Disabled -> 0x0
PASS | IMEM Read -> 0xfbe2
PASS | DMEM Read -> 0xaeb4
PASS | IMEM Read -> 0xf810
PASS | DMEM Read Disabled -> 0x0
PASS | IMEM Read -> 0x4340
PASS | DMEM Read Disabled -> 0x0
PASS | IMEM Read -> 0x386b
PASS | DMEM Read Disabled -> 0x0
PASS | IMEM Read -> 0x4f12
PASS | DMEM Read Disabled -> 0x0
PASS | IMEM Read -> 0xbe50
PASS | DMEM Read Disabled -> 0x0
PASS | IMEM Read -> 0x433a
PASS | DMEM Read Disabled -> 0x0
PASS | IMEM Read -> 0xa5fc
PASS | DMEM Read Disabled -> 0x0
PASS | IMEM Read -> 0x1c4c
PASS | DMEM Read Disabled -> 0x0
PASS | IMEM Read -> 0xdab4
PASS | DMEM Read Disabled -> 0x0
PASS | IMEM Read -> 0x8599
PASS | DMEM Read Disabled -> 0x0
PASS | IMEM Read -> 0x9026
PASS | DMEM Read -> 0x3aec
PASS | IMEM Read -> 0x901d
PASS | DMEM Read -> 0xc0d6
PASS | IMEM Read -> 0xcebf
PASS | DMEM Read Disabled -> 0x0
PASS | IMEM Read -> 0xef8f
PASS | DMEM Read Disabled -> 0x0
PASS | IMEM Read -> 0xffea
PASS | DMEM Read Disabled -> 0x0
PASS | IMEM Read -> 0xc40a
PASS | DMEM Read Disabled -> 0x0
PASS | IMEM Read -> 0xc440
PASS | DMEM Read -> 0xaaaa
PASS | IMEM Read -> 0xcebf
PASS | DMEM Read Disabled -> 0x0
PASS | IMEM Read -> 0xce65
PASS | DMEM Read Disabled -> 0x0
PASS | IMEM Read -> 0xfbe2
PASS | DMEM Read Disabled -> 0x0
PASS | IMEM Read -> 0xa262
PASS | DMEM Read Disabled -> 0x0
PASS | IMEM Read -> 0x2e70
PASS | DMEM Read -> 0x7ce
PASS | IMEM Read -> 0x9007
PASS | DMEM Read Disabled -> 0x0
PASS | IMEM Read -> 0x1bba
PASS | DMEM Read Disabled -> 0x0
PASS | IMEM Read -> 0x915b
PASS | DMEM Read Disabled -> 0x0
PASS | IMEM Read -> 0x3c72
PASS | DMEM Read Disabled -> 0x0
PASS | IMEM Read -> 0x2e45
PASS | DMEM Read Disabled -> 0x0
PASS | IMEM Read -> 0x2ea6
PASS | DMEM Read Disabled -> 0x0
PASS | IMEM Read -> 0xfe9d
PASS | DMEM Read Disabled -> 0x0
PASS | IMEM Read -> 0x2cc8
PASS | DMEM Read Disabled -> 0x0
PASS | IMEM Read -> 0x698f
PASS | DMEM Read Disabled -> 0x0
PASS | IMEM Read -> 0x8e1f
PASS | DMEM Read Disabled -> 0x0
PASS | IMEM Read -> 0x848c
PASS | DMEM Read Disabled -> 0x0
PASS | IMEM Read -> 0x7c6d
PASS | DMEM Read Disabled -> 0x0
PASS | IMEM Read -> 0xca9
PASS | DMEM Read -> 0x621b
PASS | IMEM Read -> 0x17db
PASS | DMEM Read -> 0xd63a
PASS | IMEM Read -> 0x4e73
PASS | DMEM Read Disabled -> 0x0
PASS | IMEM Read -> 0xa262
PASS | DMEM Read -> 0x928c
PASS | IMEM Read -> 0x6e2a
PASS | DMEM Read Disabled -> 0x0
PASS | IMEM Read -> 0x2e70
PASS | DMEM Read Disabled -> 0x0
PASS | IMEM Read -> 0x8b9a
PASS | DMEM Read Disabled -> 0x0
PASS | IMEM Read -> 0xbacc
PASS | DMEM Read Disabled -> 0x0
PASS | IMEM Read -> 0xb505
PASS | DMEM Read Disabled -> 0x0
PASS | IMEM Read -> 0x1bba
PASS | DMEM Read Disabled -> 0x0
PASS | IMEM Read -> 0x7068
PASS | DMEM Read Disabled -> 0x0
PASS | IMEM Read -> 0xca4e
PASS | DMEM Read -> 0x5340
PASS | IMEM Read -> 0x265e
PASS | DMEM Read Disabled -> 0x0
PASS | IMEM Read -> 0x96ec
PASS | DMEM Read Disabled -> 0x0
PASS | IMEM Read -> 0xe441
PASS | DMEM Read -> 0x3c53
PASS | IMEM Read -> 0x24b8
PASS | DMEM Read Disabled -> 0x0
PASS | IMEM Read -> 0x494f
PASS | DMEM Read -> 0x15c5
PASS | IMEM Read -> 0x5d0c
PASS | DMEM Read -> 0xab7b
PASS | IMEM Read -> 0xf8b3
PASS | DMEM Read Disabled -> 0x0
PASS | IMEM Read -> 0x915b
PASS | DMEM Read -> 0xa384
PASS | IMEM Read -> 0x698f
PASS | DMEM Read Disabled -> 0x0
PASS | IMEM Read -> 0xc5b9
PASS | DMEM Read -> 0xbcd3
PASS | IMEM Read -> 0x7c6d
PASS | DMEM Read -> 0x29dd
PASS | IMEM Read -> 0xfe9d
PASS | DMEM Read -> 0x1f20
PASS | IMEM Read -> 0x808f
PASS | DMEM Read Disabled -> 0x0
PASS | IMEM Read -> 0xb097
PASS | DMEM Read Disabled -> 0x0
PASS | IMEM Read -> 0xfe9d
PASS | DMEM Read Disabled -> 0x0
PASS | IMEM Read -> 0xbf0f
PASS | DMEM Read Disabled -> 0x0
PASS | IMEM Read -> 0x808f
PASS | DMEM Read Disabled -> 0x0
PASS | IMEM Read -> 0x2ea6
PASS | DMEM Read -> 0x49
PASS | IMEM Read -> 0x494f
PASS | DMEM Read Disabled -> 0x0
PASS | IMEM Read -> 0xcd22
PASS | DMEM Read Disabled -> 0x0
PASS | IMEM Read -> 0xa22d
PASS | DMEM Read Disabled -> 0x0
PASS | IMEM Read -> 0x9278
PASS | DMEM Read -> 0x37db
PASS | IMEM Read -> 0xfe9d
PASS | DMEM Read Disabled -> 0x0
PASS | IMEM Read -> 0xb746
PASS | DMEM Read -> 0x928c
PASS | IMEM Read -> 0xb43f
PASS | DMEM Read Disabled -> 0x0
PASS | IMEM Read -> 0x2cc8
PASS | DMEM Read Disabled -> 0x0
PASS | IMEM Read -> 0xad9
PASS | DMEM Read Disabled -> 0x0
PASS | IMEM Read -> 0x4391
PASS | DMEM Read -> 0xc91e
PASS | IMEM Read -> 0xfd1
PASS | DMEM Read Disabled -> 0x0
PASS | IMEM Read -> 0x9c8c
PASS | DMEM Read -> 0xa521
PASS | IMEM Read -> 0x6d
PASS | DMEM Read Disabled -> 0x0
PASS | IMEM Read -> 0x173e
PASS | DMEM Read Disabled -> 0x0
PASS | IMEM Read -> 0x64d
PASS | DMEM Read Disabled -> 0x0
PASS | IMEM Read -> 0xa54c
PASS | DMEM Read Disabled -> 0x0
PASS | IMEM Read -> 0xc6d2
PASS | DMEM Read Disabled -> 0x0
PASS | IMEM Read -> 0x292
PASS | DMEM Read Disabled -> 0x0
PASS | IMEM Read -> 0x989c
PASS | DMEM Read Disabled -> 0x0
PASS | IMEM Read -> 0x4daf
PASS | DMEM Read -> 0xa85c
PASS | IMEM Read -> 0x6126
PASS | DMEM Read -> 0x9e9
PASS | IMEM Read -> 0x96ec
PASS | DMEM Read -> 0x3605
PASS | IMEM Read -> 0x2e70
PASS | DMEM Read Disabled -> 0x0
PASS | IMEM Read -> 0x4601
PASS | DMEM Read -> 0x229f
PASS | IMEM Read -> 0xa55c
PASS | DMEM Read Disabled -> 0x0
PASS | IMEM Read -> 0x374a
PASS | DMEM Read Disabled -> 0x0
PASS | IMEM Read -> 0x7fb1
PASS | DMEM Read -> 0x454
PASS | IMEM Read -> 0x8341
PASS | DMEM Read Disabled -> 0x0
PASS | IMEM Read -> 0x5b80
PASS | DMEM Read Disabled -> 0x0
PASS | IMEM Read -> 0x8b9a
PASS | DMEM Read Disabled -> 0x0
PASS | IMEM Read -> 0x17db
PASS | DMEM Read -> 0x69a5
PASS | IMEM Read -> 0x12b3
PASS | DMEM Read Disabled -> 0x0
PASS | IMEM Read -> 0x53f6
PASS | DMEM Read Disabled -> 0x0
PASS | IMEM Read -> 0x8e1f
PASS | DMEM Read Disabled -> 0x0
PASS | IMEM Read -> 0xdf5b
PASS | DMEM Read -> 0x54fc
PASS | IMEM Read -> 0x2bca
PASS | DMEM Read Disabled -> 0x0
PASS | IMEM Read -> 0xb297
PASS | DMEM Read Disabled -> 0x0
PASS | IMEM Read -> 0xc0a0
PASS | DMEM Read Disabled -> 0x0
PASS | IMEM Read -> 0x80ed
PASS | DMEM Read Disabled -> 0x0
PASS | IMEM Read -> 0x700e
PASS | DMEM Read -> 0x609
PASS | IMEM Read -> 0x2cc8
PASS | DMEM Read Disabled -> 0x0
PASS | IMEM Read -> 0xdd2b
PASS | DMEM Read -> 0x1fe4
PASS | IMEM Read -> 0x915b
PASS | DMEM Read -> 0xecd0
PASS | IMEM Read -> 0xca4e
PASS | DMEM Read -> 0x15e1
PASS | IMEM Read -> 0x1b56
PASS | DMEM Read Disabled -> 0x0
PASS | IMEM Read -> 0x4340
PASS | DMEM Read Disabled -> 0x0
PASS | IMEM Read -> 0x5d47
PASS | DMEM Read Disabled -> 0x0
PASS | IMEM Read -> 0x9007
PASS | DMEM Read -> 0x6ee9
PASS | IMEM Read -> 0x4f12
PASS | DMEM Read Disabled -> 0x0
PASS | IMEM Read -> 0x17db
PASS | DMEM Read Disabled -> 0x0
PASS | IMEM Read -> 0x7774
PASS | DMEM Read -> 0x825e
PASS | IMEM Read -> 0xe338
PASS | DMEM Read Disabled -> 0x0
PASS | IMEM Read -> 0x7a48
PASS | DMEM Read Disabled -> 0x0
PASS | IMEM Read -> 0x3e2
PASS | DMEM Read Disabled -> 0x0
PASS | IMEM Read -> 0xd70
PASS | DMEM Read -> 0x6965
PASS | IMEM Read -> 0x9767
PASS | DMEM Read Disabled -> 0x0
PASS | IMEM Read -> 0x2cc8
PASS | DMEM Read -> 0x736a
PASS | IMEM Read -> 0x9d
PASS | DMEM Read Disabled -> 0x0
PASS | IMEM Read -> 0x5e7c
PASS | DMEM Read Disabled -> 0x0
PASS | IMEM Read -> 0xabcd
PASS | DMEM Read Disabled -> 0x0
PASS | IMEM Read -> 0xbb95
PASS | DMEM Read Disabled -> 0x0
PASS | IMEM Read -> 0x2a3a
PASS | DMEM Read Disabled -> 0x0
PASS | IMEM Read -> 0x2a3a
PASS | DMEM Read Disabled -> 0x0
PASS | IMEM Read -> 0x8e1f
PASS | DMEM Read Disabled -> 0x0
PASS | IMEM Read -> 0xf98d
PASS | DMEM Read Disabled -> 0x0
PASS | IMEM Read -> 0xe79
PASS | DMEM Read -> 0x62e8
PASS | IMEM Read -> 0x2515
PASS | DMEM Read Disabled -> 0x0
PASS | IMEM Read -> 0xa22d
PASS | DMEM Read Disabled -> 0x0
PASS | IMEM Read -> 0xed88
PASS | DMEM Read Disabled -> 0x0
PASS | IMEM Read -> 0x3d3
PASS | DMEM Read Disabled -> 0x0
PASS | IMEM Read -> 0x8a2b
PASS | DMEM Read -> 0x2936
PASS | IMEM Read -> 0x1b56
PASS | DMEM Read -> 0x2141
PASS | IMEM Read -> 0xc40a
PASS | DMEM Read Disabled -> 0x0
PASS | IMEM Read -> 0x91b
PASS | DMEM Read Disabled -> 0x0
PASS | IMEM Read -> 0x7c6d
PASS | DMEM Read -> 0xc511
PASS | IMEM Read -> 0x852a
PASS | DMEM Read Disabled -> 0x0
PASS | IMEM Read -> 0x7774
PASS | DMEM Read Disabled -> 0x0
PASS | IMEM Read -> 0xa5fc
PASS | DMEM Read -> 0xd995
PASS | IMEM Read -> 0xa262
PASS | DMEM Read Disabled -> 0x0
PASS | IMEM Read -> 0x42ee
PASS | DMEM Read Disabled -> 0x0
PASS | IMEM Read -> 0x91b
PASS | DMEM Read -> 0x10b4
PASS | IMEM Read -> 0x7774
PASS | DMEM Read Disabled -> 0x0
PASS | IMEM Read -> 0x7fb1
PASS | DMEM Read Disabled -> 0x0
PASS | IMEM Read -> 0xdab4
PASS | DMEM Read Disabled -> 0x0
PASS | IMEM Read -> 0x39d1
PASS | DMEM Read -> 0x8d7f
PASS | IMEM Read -> 0xcb2c
PASS | DMEM Read Disabled -> 0x0
PASS | IMEM Read -> 0xf33
PASS | DMEM Read -> 0x6311
PASS | IMEM Read -> 0x18b7
PASS | DMEM Read Disabled -> 0x0
PASS | IMEM Read -> 0xa11a
PASS | DMEM Read Disabled -> 0x0
PASS | IMEM Read -> 0x12b3
PASS | DMEM Read -> 0xf704
PASS | IMEM Read -> 0x8f67
PASS | DMEM Read -> 0x103
PASS | IMEM Read -> 0x29eb
PASS | DMEM Read -> 0x8e7f
PASS | IMEM Read -> 0x3c72
PASS | DMEM Read -> 0x928c
PASS | IMEM Read -> 0xd40c
PASS | DMEM Read -> 0x2597
PASS | IMEM Read -> 0x29eb
PASS | DMEM Read -> 0xe772
PASS | IMEM Read -> 0x59e7
PASS | DMEM Read Disabled -> 0x0
PASS | IMEM Read -> 0xb4ca
PASS | DMEM Read Disabled -> 0x0
PASS | IMEM Read -> 0xef4
PASS | DMEM Read Disabled -> 0x0
PASS | IMEM Read -> 0xf774
PASS | DMEM Read Disabled -> 0x0
PASS | IMEM Read -> 0x66bc
PASS | DMEM Read Disabled -> 0x0
PASS | IMEM Read -> 0x494f
PASS | DMEM Read Disabled -> 0x0
PASS | IMEM Read -> 0x18b7
PASS | DMEM Read Disabled -> 0x0
PASS | IMEM Read -> 0xe624
PASS | DMEM Read Disabled -> 0x0
PASS | IMEM Read -> 0x494f
PASS | DMEM Read Disabled -> 0x0
PASS | IMEM Read -> 0x636c
PASS | DMEM Read -> 0xa209
PASS | IMEM Read -> 0xdf5b
PASS | DMEM Read -> 0xa86b
PASS | IMEM Read -> 0xbda7
PASS | DMEM Read -> 0xe1cd
PASS | IMEM Read -> 0xa8e8
PASS | DMEM Read Disabled -> 0x0
PASS | IMEM Read -> 0x4e73
PASS | DMEM Read Disabled -> 0x0
PASS | IMEM Read -> 0x8b9a
PASS | DMEM Read Disabled -> 0x0
PASS | IMEM Read -> 0x4d4f
PASS | DMEM Read -> 0x51f0
PASS | IMEM Read -> 0xcb2c
PASS | DMEM Read Disabled -> 0x0
PASS | IMEM Read -> 0x57f6
PASS | DMEM Read Disabled -> 0x0
PASS | IMEM Read -> 0x2e45
PASS | DMEM Read Disabled -> 0x0
PASS | IMEM Read -> 0x9026
PASS | DMEM Read Disabled -> 0x0
PASS | IMEM Read -> 0xef4
PASS | DMEM Read -> 0x8b2e
PASS | IMEM Read -> 0xdf5b
PASS | DMEM Read Disabled -> 0x0
PASS | IMEM Read -> 0xe969
PASS | DMEM Read -> 0xed09
PASS | IMEM Read -> 0x7c6d
PASS | DMEM Read -> 0x2a6d
PASS | IMEM Read -> 0x2ae3
PASS | DMEM Read Disabled -> 0x0
PASS | IMEM Read -> 0x4156
PASS | DMEM Read Disabled -> 0x0
PASS | IMEM Read -> 0x2885
PASS | DMEM Read Disabled -> 0x0
PASS | IMEM Read -> 0x2b2c
PASS | DMEM Read Disabled -> 0x0
PASS | IMEM Read -> 0x1ec1
PASS | DMEM Read Disabled -> 0x0
PASS | IMEM Read -> 0xd321
PASS | DMEM Read Disabled -> 0x0
PASS | IMEM Read -> 0x33fd
PASS | DMEM Read Disabled -> 0x0
PASS | IMEM Read -> 0x2515
PASS | DMEM Read Disabled -> 0x0
PASS | IMEM Read -> 0x1bba
PASS | DMEM Read Disabled -> 0x0
PASS | IMEM Read -> 0x3423
PASS | DMEM Read Disabled -> 0x0
PASS | IMEM Read -> 0x47aa
PASS | DMEM Read Disabled -> 0x0
PASS | IMEM Read -> 0x91f7
PASS | DMEM Read Disabled -> 0x0
PASS | IMEM Read -> 0x1bba
PASS | DMEM Read Disabled -> 0x0
PASS | IMEM Read -> 0xfab
PASS | DMEM Read Disabled -> 0x0
PASS | IMEM Read -> 0x7774
PASS | DMEM Read Disabled -> 0x0
PASS | IMEM Read -> 0x65ca
PASS | DMEM Read Disabled -> 0x0
PASS | IMEM Read -> 0xe47f
PASS | DMEM Read Disabled -> 0x0
PASS | IMEM Read -> 0x4156
PASS | DMEM Read Disabled -> 0x0
PASS | IMEM Read -> 0xf33
PASS | DMEM Read -> 0xcee6
PASS | IMEM Read -> 0x737e
PASS | DMEM Read Disabled -> 0x0
PASS | IMEM Read -> 0x6f20
PASS | DMEM Read Disabled -> 0x0
PASS | IMEM Read -> 0x2b2c
PASS | DMEM Read Disabled -> 0x0
PASS | IMEM Read -> 0xf774
PASS | DMEM Read -> 0x7455
PASS | IMEM Read -> 0xc440
PASS | DMEM Read -> 0x120e
PASS | IMEM Read -> 0x1ec1
PASS | DMEM Read Disabled -> 0x0
PASS | IMEM Read -> 0xffea
PASS | DMEM Read -> 0x944c
PASS | IMEM Read -> 0x7774
PASS | DMEM Read Disabled -> 0x0
PASS | IMEM Read -> 0x477c
PASS | DMEM Read Disabled -> 0x0
PASS | IMEM Read -> 0xa191
PASS | DMEM Read -> 0xbff3
PASS | IMEM Read -> 0x94e5
PASS | DMEM Read Disabled -> 0x0
PASS | IMEM Read -> 0xa5fc
PASS | DMEM Read Disabled -> 0x0
PASS | IMEM Read -> 0xce65
PASS | DMEM Read Disabled -> 0x0
PASS | IMEM Read -> 0x9278
PASS | DMEM Read Disabled -> 0x0
PASS | IMEM Read -> 0x9c8c
PASS | DMEM Read Disabled -> 0x0
PASS | IMEM Read -> 0xa191
PASS | DMEM Read -> 0xcec8
PASS | IMEM Read -> 0x25f6
PASS | DMEM Read Disabled -> 0x0
PASS | IMEM Read -> 0xe441
PASS | DMEM Read Disabled -> 0x0
PASS | IMEM Read -> 0xed88
PASS | DMEM Read Disabled -> 0x0
PASS | IMEM Read -> 0x4f2e
PASS | DMEM Read -> 0x2e3e
PASS | IMEM Read -> 0x80ed
PASS | DMEM Read -> 0x609
PASS | IMEM Read -> 0x852a
PASS | DMEM Read Disabled -> 0x0
PASS | IMEM Read -> 0x2566
PASS | DMEM Read Disabled -> 0x0
PASS | IMEM Read -> 0x8f67
PASS | DMEM Read Disabled -> 0x0
PASS | IMEM Read -> 0x5160
PASS | DMEM Read Disabled -> 0x0
PASS | IMEM Read -> 0x245d
PASS | DMEM Read Disabled -> 0x0
PASS | IMEM Read -> 0xbacc
PASS | DMEM Read Disabled -> 0x0
PASS | IMEM Read -> 0x2999
PASS | DMEM Read -> 0x1fe4
PASS | IMEM Read -> 0x4340
PASS | DMEM Read Disabled -> 0x0
PASS | IMEM Read -> 0x7a48
PASS | DMEM Read Disabled -> 0x0
PASS | IMEM Read -> 0xa11a
PASS | DMEM Read Disabled -> 0x0
PASS | IMEM Read -> 0x5d6d
PASS | DMEM Read -> 0x621b
PASS | IMEM Read -> 0x1a67
PASS | DMEM Read -> 0x15e1
PASS | IMEM Read -> 0x273a
PASS | DMEM Read Disabled -> 0x0
PASS | IMEM Read -> 0x31ce
PASS | DMEM Read -> 0x6965
PASS | IMEM Read -> 0x37d
PASS | DMEM Read Disabled -> 0x0
PASS | IMEM Read -> 0xbe50
PASS | DMEM Read Disabled -> 0x0
PASS | IMEM Read -> 0xfbe2
PASS | DMEM Read Disabled -> 0x0
PASS | IMEM Read -> 0x9547
PASS | DMEM Read -> 0x370d
PASS | IMEM Read -> 0xe213
PASS | DMEM Read Disabled -> 0x0
PASS | IMEM Read -> 0x66bc
PASS | DMEM Read Disabled -> 0x0
PASS | IMEM Read -> 0x7fb1
PASS | DMEM Read -> 0x6686
PASS | IMEM Read -> 0x1913
PASS | DMEM Read -> 0xbde8
PASS | IMEM Read -> 0x3423
PASS | DMEM Read Disabled -> 0x0
PASS | IMEM Read -> 0xa5fc
PASS | DMEM Read Disabled -> 0x0
PASS | IMEM Read -> 0x79f7
PASS | DMEM Read Disabled -> 0x0
PASS | IMEM Read -> 0x60db
PASS | DMEM Read -> 0x6944
PASS | IMEM Read -> 0x9ea3
PASS | DMEM Read -> 0x24ae
PASS | IMEM Read -> 0x848c
PASS | DMEM Read Disabled -> 0x0
PASS | IMEM Read -> 0x5a0a
PASS | DMEM Read -> 0x8d7f
PASS | IMEM Read -> 0x438b
PASS | DMEM Read Disabled -> 0x0
PASS | IMEM Read -> 0x4156
PASS | DMEM Read Disabled -> 0x0
PASS | IMEM Read -> 0x97ed
PASS | DMEM Read Disabled -> 0x0
PASS | IMEM Read -> 0x737e
PASS | DMEM Read Disabled -> 0x0
PASS | IMEM Read -> 0x4fc8
PASS | DMEM Read Disabled -> 0x0
PASS | IMEM Read -> 0xfa76
PASS | DMEM Read Disabled -> 0x0
PASS | IMEM Read -> 0xcebf
PASS | DMEM Read Disabled -> 0x0
PASS | IMEM Read -> 0xf774
PASS | DMEM Read -> 0xbff3
PASS | IMEM Read -> 0x1924
PASS | DMEM Read Disabled -> 0x0
PASS | IMEM Read -> 0xdf5b
PASS | DMEM Read Disabled -> 0x0
PASS | IMEM Read -> 0x47aa
PASS | DMEM Read -> 0x312b
PASS | IMEM Read -> 0xd304
PASS | DMEM Read Disabled -> 0x0
PASS | IMEM Read -> 0x8f67
PASS | DMEM Read Disabled -> 0x0
PASS | IMEM Read -> 0xdca6
PASS | DMEM Read Disabled -> 0x0
PASS | IMEM Read -> 0xa262
PASS | DMEM Read -> 0x917c
PASS | IMEM Read -> 0x386b
PASS | DMEM Read -> 0x3605
PASS | IMEM Read -> 0xcc49
PASS | DMEM Read Disabled -> 0x0
PASS | IMEM Read -> 0xcb2c
PASS | DMEM Read -> 0x45da
PASS | IMEM Read -> 0x80ac
PASS | DMEM Read Disabled -> 0x0
PASS | IMEM Read -> 0xe441
PASS | DMEM Read Disabled -> 0x0
PASS | IMEM Read -> 0x5f21
PASS | DMEM Read Disabled -> 0x0
PASS | IMEM Read -> 0x8599
PASS | DMEM Read Disabled -> 0x0
PASS | IMEM Read -> 0xb746
PASS | DMEM Read -> 0x2249
PASS | IMEM Read -> 0x3c68
PASS | DMEM Read Disabled -> 0x0
PASS | IMEM Read -> 0xd47c
PASS | DMEM Read Disabled -> 0x0
PASS | IMEM Read -> 0x5160
PASS | DMEM Read -> 0x5c42
PASS | IMEM Read -> 0xc0a0
PASS | DMEM Read Disabled -> 0x0
PASS | IMEM Read -> 0x1b56
PASS | DMEM Read Disabled -> 0x0
PASS | IMEM Read -> 0x374a
PASS | DMEM Read Disabled -> 0x0
PASS | IMEM Read -> 0xa54c
PASS | DMEM Read Disabled -> 0x0
PASS | IMEM Read -> 0x2f16
PASS | DMEM Read Disabled -> 0x0
PASS | IMEM Read -> 0x748a
PASS | DMEM Read Disabled -> 0x0
PASS | IMEM Read -> 0xd321
PASS | DMEM Read Disabled -> 0x0
PASS | IMEM Read -> 0x33fd
PASS | DMEM Read -> 0xa521
PASS | IMEM Read -> 0x374a
PASS | DMEM Read -> 0x156e
PASS | IMEM Read -> 0xb815
PASS | DMEM Read -> 0x4dd
PASS | IMEM Read -> 0xe79
PASS | DMEM Read -> 0x2acb
PASS | IMEM Read -> 0x7a48
PASS | DMEM Read -> 0x9e9
PASS | IMEM Read -> 0x7a48
PASS | DMEM Read -> 0xfdb0
PASS | IMEM Read -> 0xfa76
PASS | DMEM Read Disabled -> 0x0
PASS | IMEM Read -> 0x5e66
PASS | DMEM Read Disabled -> 0x0
PASS | IMEM Read -> 0x77a7
PASS | DMEM Read Disabled -> 0x0
PASS | IMEM Read -> 0x89c2
PASS | DMEM Read Disabled -> 0x0
PASS | IMEM Read -> 0x2e45
PASS | DMEM Read Disabled -> 0x0
PASS | IMEM Read -> 0xb1b8
PASS | DMEM Read Disabled -> 0x0
PASS | IMEM Read -> 0xcc49
PASS | DMEM Read -> 0x28d3
PASS | IMEM Read -> 0x5d0c
PASS | DMEM Read -> 0x736a
PASS | IMEM Read -> 0x6126
PASS | DMEM Read -> 0xa209
PASS | IMEM Read -> 0xb43f
PASS | DMEM Read Disabled -> 0x0
PASS | IMEM Read -> 0x3423
PASS | DMEM Read Disabled -> 0x0
PASS | IMEM Read -> 0x25f6
PASS | DMEM Read Disabled -> 0x0
PASS | IMEM Read -> 0x1a67
PASS | DMEM Read -> 0x85d4
PASS | IMEM Read -> 0x3c68
PASS | DMEM Read -> 0x6647
PASS | IMEM Read -> 0x12b3
PASS | DMEM Read Disabled -> 0x0
PASS | IMEM Read -> 0xed88
PASS | DMEM Read Disabled -> 0x0
PASS | IMEM Read -> 0x6126
PASS | DMEM Read Disabled -> 0x0
PASS | IMEM Read -> 0xd321
PASS | DMEM Read -> 0xa86b
PASS | IMEM Read -> 0xbacc
PASS | DMEM Read Disabled -> 0x0
PASS | IMEM Read -> 0x42d4
PASS | DMEM Read -> 0x94c3
PASS | IMEM Read -> 0xe47f
PASS | DMEM Read Disabled -> 0x0
PASS | IMEM Read -> 0xe441
PASS | DMEM Read Disabled -> 0x0
PASS | IMEM Read -> 0x5a76
PASS | DMEM Read Disabled -> 0x0
PASS | IMEM Read -> 0x2b2c
PASS | DMEM Read Disabled -> 0x0
PASS | IMEM Read -> 0xfa76
PASS | DMEM Read Disabled -> 0x0
PASS | IMEM Read -> 0xfd1
PASS | DMEM Read Disabled -> 0x0
PASS | IMEM Read -> 0x9026
PASS | DMEM Read -> 0xdf67
PASS | IMEM Read -> 0x5e7c
PASS | DMEM Read Disabled -> 0x0
PASS | IMEM Read -> 0x4e73
PASS | DMEM Read Disabled -> 0x0
PASS | IMEM Read -> 0xa738
PASS | DMEM Read Disabled -> 0x0
PASS | IMEM Read -> 0x9007
PASS | DMEM Read Disabled -> 0x0
PASS | IMEM Read -> 0xf98d
PASS | DMEM Read -> 0x2e3e
PASS | IMEM Read -> 0x5bfc
PASS | DMEM Read -> 0xdf67
PASS | IMEM Read -> 0x8599
PASS | DMEM Read Disabled -> 0x0
PASS | IMEM Read -> 0x989c
PASS | DMEM Read Disabled -> 0x0
PASS | IMEM Read -> 0x676d
PASS | DMEM Read -> 0x9125
PASS | IMEM Read -> 0xee77
PASS | DMEM Read -> 0xcdf7
PASS | IMEM Read -> 0xad9
PASS | DMEM Read Disabled -> 0x0
PASS | IMEM Read -> 0x2e45
PASS | DMEM Read -> 0xc25c
PASS | IMEM Read -> 0xdca6
PASS | DMEM Read Disabled -> 0x0
PASS | IMEM Read -> 0x7f3d
PASS | DMEM Read Disabled -> 0x0
PASS | IMEM Read -> 0x100c
PASS | DMEM Read Disabled -> 0x0
PASS | IMEM Read -> 0x63f9
PASS | DMEM Read Disabled -> 0x0
PASS | IMEM Read -> 0xffea
PASS | DMEM Read Disabled -> 0x0
PASS | IMEM Read -> 0xd40c
PASS | DMEM Read Disabled -> 0x0
PASS | IMEM Read -> 0x59f3
PASS | DMEM Read Disabled -> 0x0
PASS | IMEM Read -> 0x2ae3
PASS | DMEM Read Disabled -> 0x0
PASS | IMEM Read -> 0x3e2
PASS | DMEM Read -> 0x94e0
PASS | IMEM Read -> 0xa738
PASS | DMEM Read -> 0x3781
PASS | IMEM Read -> 0xe79
PASS | DMEM Read Disabled -> 0x0
PASS | IMEM Read -> 0x9bfb
PASS | DMEM Read -> 0x9cad
PASS | IMEM Read -> 0x38bf
PASS | DMEM Read Disabled -> 0x0
PASS | IMEM Read -> 0x1c45
PASS | DMEM Read -> 0x5809
PASS | IMEM Read -> 0x3c68
PASS | DMEM Read Disabled -> 0x0
PASS | IMEM Read -> 0xe338
PASS | DMEM Read Disabled -> 0x0
PASS | IMEM Read -> 0x7f3d
PASS | DMEM Read Disabled -> 0x0
PASS | IMEM Read -> 0x6d
PASS | DMEM Read -> 0x2acb
PASS | IMEM Read -> 0x1bba
PASS | DMEM Read Disabled -> 0x0
PASS | IMEM Read -> 0xb097
PASS | DMEM Read Disabled -> 0x0
PASS | IMEM Read -> 0x5942
PASS | DMEM Read -> 0xb24f
PASS | IMEM Read -> 0x8599
PASS | DMEM Read Disabled -> 0x0
PASS | IMEM Read -> 0xcb2c
PASS | DMEM Read Disabled -> 0x0
PASS | IMEM Read -> 0x33fd
PASS | DMEM Read -> 0xb7dd
PASS | IMEM Read -> 0xabcd
PASS | DMEM Read Disabled -> 0x0
PASS | IMEM Read -> 0x8e3
PASS | DMEM Read Disabled -> 0x0
PASS | IMEM Read -> 0x891
PASS | DMEM Read Disabled -> 0x0
PASS | IMEM Read -> 0x748a
PASS | DMEM Read Disabled -> 0x0
PASS | IMEM Read -> 0xa11a
PASS | DMEM Read -> 0xbbe4
PASS | IMEM Read -> 0xd334
PASS | DMEM Read Disabled -> 0x0
PASS | IMEM Read -> 0xb32f
PASS | DMEM Read -> 0x453c
PASS | IMEM Read -> 0x96be
PASS | DMEM Read Disabled -> 0x0
PASS | IMEM Read -> 0xc1c3
PASS | DMEM Read -> 0x4912
PASS | IMEM Read -> 0x79f7
PASS | DMEM Read -> 0xbc57
PASS | IMEM Read -> 0x9767
PASS | DMEM Read Disabled -> 0x0
PASS | IMEM Read -> 0x5e66
PASS | DMEM Read Disabled -> 0x0
PASS | IMEM Read -> 0x97ed
PASS | DMEM Read Disabled -> 0x0
PASS | IMEM Read -> 0xa11a
PASS | DMEM Read -> 0xc829
PASS | IMEM Read -> 0x8341
PASS | DMEM Read Disabled -> 0x0
PASS | IMEM Read -> 0x1924
PASS | DMEM Read Disabled -> 0x0
PASS | IMEM Read -> 0xbda7
PASS | DMEM Read Disabled -> 0x0
PASS | IMEM Read -> 0xa54c
PASS | DMEM Read Disabled -> 0x0
PASS | IMEM Read -> 0xf774
PASS | DMEM Read -> 0xc96a
PASS | IMEM Read -> 0x2a3a
PASS | DMEM Read Disabled -> 0x0
PASS | IMEM Read -> 0xe213
PASS | DMEM Read Disabled -> 0x0
PASS | IMEM Read -> 0xcebf
PASS | DMEM Read Disabled -> 0x0
PASS | IMEM Read -> 0xc1c3
PASS | DMEM Read Disabled -> 0x0
PASS | IMEM Read -> 0x80ac
PASS | DMEM Read Disabled -> 0x0
PASS | IMEM Read -> 0x47aa
PASS | DMEM Read Disabled -> 0x0
PASS | IMEM Read -> 0x39d1
PASS | DMEM Read -> 0x1393
PASS | IMEM Read -> 0x63f9
PASS | DMEM Read Disabled -> 0x0
PASS | IMEM Read -> 0xc6d2
PASS | DMEM Read Disabled -> 0x0
PASS | IMEM Read -> 0x6d
PASS | DMEM Read -> 0xdf67
PASS | IMEM Read -> 0x61cd
PASS | DMEM Read Disabled -> 0x0
PASS | IMEM Read -> 0x9bfb
PASS | DMEM Read Disabled -> 0x0
PASS | IMEM Read -> 0xbda7
PASS | DMEM Read Disabled -> 0x0
PASS | IMEM Read -> 0x4499
PASS | DMEM Read Disabled -> 0x0
PASS | IMEM Read -> 0x9026
PASS | DMEM Read -> 0x917c
PASS | IMEM Read -> 0x9547
PASS | DMEM Read Disabled -> 0x0
PASS | IMEM Read -> 0xcbf1
PASS | DMEM Read Disabled -> 0x0
PASS | IMEM Read -> 0x2ae3
PASS | DMEM Read Disabled -> 0x0
PASS | IMEM Read -> 0x4601
PASS | DMEM Read Disabled -> 0x0
PASS | IMEM Read -> 0x438b
PASS | DMEM Read Disabled -> 0x0
PASS | IMEM Read -> 0x9537
PASS | DMEM Read Disabled -> 0x0
PASS | IMEM Read -> 0x676d
PASS | DMEM Read -> 0x8d7f
PASS | IMEM Read -> 0x57f6
PASS | DMEM Read -> 0x9f48
PASS | IMEM Read -> 0xce65
PASS | DMEM Read Disabled -> 0x0
PASS | IMEM Read -> 0x42ee
PASS | DMEM Read Disabled -> 0x0
PASS | IMEM Read -> 0x7cbc
PASS | DMEM Read Disabled -> 0x0
PASS | IMEM Read -> 0x265e
PASS | DMEM Read -> 0xfcea
PASS | IMEM Read -> 0xa262
PASS | DMEM Read -> 0xc086
PASS | IMEM Read -> 0x5636
PASS | DMEM Read -> 0x229f
PASS | IMEM Read -> 0xc0a0
PASS | DMEM Read Disabled -> 0x0
PASS | IMEM Read -> 0x245d
PASS | DMEM Read -> 0xfb4e
PASS | IMEM Read -> 0x808f
PASS | DMEM Read Disabled -> 0x0
PASS | IMEM Read -> 0x24b8
PASS | DMEM Read -> 0x6846
PASS | IMEM Read -> 0xe79
PASS | DMEM Read Disabled -> 0x0
PASS | IMEM Read -> 0xa11a
PASS | DMEM Read Disabled -> 0x0
PASS | IMEM Read -> 0x57aa
PASS | DMEM Read Disabled -> 0x0
PASS | IMEM Read -> 0x24b8
PASS | DMEM Read Disabled -> 0x0
PASS | IMEM Read -> 0x2bca
PASS | DMEM Read Disabled -> 0x0
PASS | IMEM Read -> 0x9ea3
PASS | DMEM Read -> 0x955d
PASS | IMEM Read -> 0x8a2b
PASS | DMEM Read Disabled -> 0x0
PASS | IMEM Read -> 0x33fd
PASS | DMEM Read Disabled -> 0x0
PASS | IMEM Read -> 0xc47
PASS | DMEM Read -> 0xf383
PASS | IMEM Read -> 0x438b
PASS | DMEM Read -> 0x90bb
PASS | IMEM Read -> 0x737e
PASS | DMEM Read -> 0xc5bc
PASS | IMEM Read -> 0xd47c
PASS | DMEM Read Disabled -> 0x0
PASS | IMEM Read -> 0xad9
PASS | DMEM Read Disabled -> 0x0
PASS | IMEM Read -> 0xb32f
PASS | DMEM Read Disabled -> 0x0
PASS | IMEM Read -> 0x8e1f
PASS | DMEM Read -> 0x312b
PASS | IMEM Read -> 0x3c72
PASS | DMEM Read Disabled -> 0x0
PASS | IMEM Read -> 0x173e
PASS | DMEM Read Disabled -> 0x0
PASS | IMEM Read -> 0x245d
PASS | DMEM Read Disabled -> 0x0
PASS | IMEM Read -> 0xffea
PASS | DMEM Read -> 0xd5b2
PASS | IMEM Read -> 0x97ed
PASS | DMEM Read Disabled -> 0x0
PASS | IMEM Read -> 0x3c68
PASS | DMEM Read Disabled -> 0x0
PASS | IMEM Read -> 0xd321
PASS | DMEM Read -> 0x944c
PASS | IMEM Read -> 0xe624
PASS | DMEM Read Disabled -> 0x0
PASS | IMEM Read -> 0xb815
PASS | DMEM Read Disabled -> 0x0
PASS | IMEM Read -> 0xe969
PASS | DMEM Read Disabled -> 0x0
PASS | IMEM Read -> 0x47aa
PASS | DMEM Read -> 0x5480
PASS | IMEM Read -> 0xf810
PASS | DMEM Read Disabled -> 0x0
PASS | IMEM Read -> 0x97ed
PASS | DMEM Read Disabled -> 0x0
PASS | IMEM Read -> 0x676d
PASS | DMEM Read Disabled -> 0x0
PASS | IMEM Read -> 0xdf5b
PASS | DMEM Read Disabled -> 0x0
PASS | IMEM Read -> 0xdf5b
PASS | DMEM Read Disabled -> 0x0
PASS | IMEM Read -> 0xe89
PASS | DMEM Read Disabled -> 0x0
PASS | IMEM Read -> 0x2c36
PASS | DMEM Read Disabled -> 0x0
PASS | IMEM Read -> 0xb43f
PASS | DMEM Read -> 0xfcea
PASS | IMEM Read -> 0xf774
PASS | DMEM Read -> 0xc942
PASS | IMEM Read -> 0xb8f2
PASS | DMEM Read Disabled -> 0x0
PASS | IMEM Read -> 0xb69e
PASS | DMEM Read Disabled -> 0x0
PASS | IMEM Read -> 0x6f20
PASS | DMEM Read Disabled -> 0x0
PASS | IMEM Read -> 0x700e
PASS | DMEM Read -> 0x65e2
PASS | IMEM Read -> 0x477c
PASS | DMEM Read -> 0x7455
PASS | IMEM Read -> 0xd8a8
PASS | DMEM Read Disabled -> 0x0
PASS | IMEM Read -> 0x5f21
PASS | DMEM Read Disabled -> 0x0
PASS | IMEM Read -> 0xd304
PASS | DMEM Read Disabled -> 0x0
PASS | IMEM Read -> 0x5d47
PASS | DMEM Read Disabled -> 0x0
PASS | IMEM Read -> 0x91f7
PASS | DMEM Read Disabled -> 0x0
PASS | IMEM Read -> 0xffea
PASS | DMEM Read Disabled -> 0x0
PASS | IMEM Read -> 0xe842
PASS | DMEM Read -> 0x864b
PASS | IMEM Read -> 0x1b56
PASS | DMEM Read Disabled -> 0x0
PASS | IMEM Read -> 0x1bba
PASS | DMEM Read -> 0x58da
PASS | IMEM Read -> 0x33fd
PASS | DMEM Read -> 0xfebd
PASS | IMEM Read -> 0xe469
PASS | DMEM Read Disabled -> 0x0
PASS | IMEM Read -> 0x510
PASS | DMEM Read Disabled -> 0x0
PASS | IMEM Read -> 0x698f
PASS | DMEM Read -> 0xe979
PASS | IMEM Read -> 0x65ca
PASS | DMEM Read Disabled -> 0x0
PASS | IMEM Read -> 0xb746
PASS | DMEM Read Disabled -> 0x0
PASS | IMEM Read -> 0x700e
PASS | DMEM Read -> 0xfb7f
PASS | IMEM Read -> 0xd334
PASS | DMEM Read Disabled -> 0x0
PASS | IMEM Read -> 0xa323
PASS | DMEM Read Disabled -> 0x0
PASS | IMEM Read -> 0xe79
PASS | DMEM Read Disabled -> 0x0
PASS | IMEM Read -> 0x2e70
PASS | DMEM Read Disabled -> 0x0
PASS | IMEM Read -> 0xca9
PASS | DMEM Read Disabled -> 0x0
PASS | IMEM Read -> 0x4f12
PASS | DMEM Read Disabled -> 0x0
PASS | IMEM Read -> 0x433a
PASS | DMEM Read Disabled -> 0x0
PASS | IMEM Read -> 0x33fd
PASS | DMEM Read Disabled -> 0x0
PASS | IMEM Read -> 0x92a3
PASS | DMEM Read Disabled -> 0x0
PASS | IMEM Read -> 0xb1b8
PASS | DMEM Read Disabled -> 0x0
PASS | IMEM Read -> 0x18b7
PASS | DMEM Read Disabled -> 0x0
PASS | IMEM Read -> 0x335
PASS | DMEM Read Disabled -> 0x0
PASS | IMEM Read -> 0x7a48
PASS | DMEM Read Disabled -> 0x0
PASS | IMEM Read -> 0xa22d
PASS | DMEM Read Disabled -> 0x0
PASS | IMEM Read -> 0xb4ca
PASS | DMEM Read Disabled -> 0x0
PASS | IMEM Read -> 0x38bf
PASS | DMEM Read -> 0x4fed
PASS | IMEM Read -> 0xef4
PASS | DMEM Read -> 0xc086
PASS | IMEM Read -> 0x1c3c
PASS | DMEM Read -> 0x4f1c
PASS | IMEM Read -> 0x852a
PASS | DMEM Read Disabled -> 0x0
PASS | IMEM Read -> 0xa191
PASS | DMEM Read Disabled -> 0x0
PASS | IMEM Read -> 0xd334
PASS | DMEM Read Disabled -> 0x0
PASS | IMEM Read -> 0x292
PASS | DMEM Read Disabled -> 0x0
PASS | IMEM Read -> 0x99f
PASS | DMEM Read Disabled -> 0x0
PASS | IMEM Read -> 0xa8e8
PASS | DMEM Read -> 0x5b3f
PASS | IMEM Read -> 0xa262
PASS | DMEM Read Disabled -> 0x0
PASS | IMEM Read -> 0x4d4f
PASS | DMEM Read Disabled -> 0x0
PASS | IMEM Read -> 0x79f7
PASS | DMEM Read Disabled -> 0x0
PASS | IMEM Read -> 0xb746
PASS | DMEM Read Disabled -> 0x0
PASS | IMEM Read -> 0xb297
PASS | DMEM Read -> 0xe5c8
PASS | IMEM Read -> 0xbda7
PASS | DMEM Read Disabled -> 0x0
PASS | IMEM Read -> 0x79f7
PASS | DMEM Read Disabled -> 0x0
PASS | IMEM Read -> 0xc6ec
PASS | DMEM Read Disabled -> 0x0
PASS | IMEM Read -> 0x477c
PASS | DMEM Read Disabled -> 0x0
PASS | IMEM Read -> 0x31ce
PASS | DMEM Read Disabled -> 0x0
PASS | IMEM Read -> 0x2ae3
PASS | DMEM Read Disabled -> 0x0
PASS | IMEM Read -> 0xe79
PASS | DMEM Read Disabled -> 0x0
PASS | IMEM Read -> 0xb1b8
PASS | DMEM Read Disabled -> 0x0
PASS | IMEM Read -> 0x100c
PASS | DMEM Read Disabled -> 0x0
PASS | IMEM Read -> 0x5160
PASS | DMEM Read Disabled -> 0x0
PASS | IMEM Read -> 0xd334
PASS | DMEM Read -> 0xef06
PASS | IMEM Read -> 0x6c02
PASS | DMEM Read Disabled -> 0x0
PASS | IMEM Read -> 0x737e
PASS | DMEM Read -> 0xb7dd
PASS | IMEM Read -> 0x9d
PASS | DMEM Read Disabled -> 0x0
PASS | IMEM Read -> 0xb746
PASS | DMEM Read Disabled -> 0x0
PASS | IMEM Read -> 0x1913
PASS | DMEM Read -> 0x3135
PASS | IMEM Read -> 0x273a
PASS | DMEM Read Disabled -> 0x0
PASS | IMEM Read -> 0xe47f
PASS | DMEM Read Disabled -> 0x0
PASS | IMEM Read -> 0xa8e8
PASS | DMEM Read -> 0xb8
PASS | IMEM Read -> 0xe79
PASS | DMEM Read Disabled -> 0x0
PASS | IMEM Read -> 0x2ae3
PASS | DMEM Read Disabled -> 0x0
PASS | IMEM Read -> 0xb297
PASS | DMEM Read Disabled -> 0x0
PASS | IMEM Read -> 0xcbf1
PASS | DMEM Read Disabled -> 0x0
PASS | IMEM Read -> 0xa55c
PASS | DMEM Read Disabled -> 0x0
PASS | IMEM Read -> 0xfa76
PASS | DMEM Read Disabled -> 0x0
PASS | IMEM Read -> 0xcb2c
PASS | DMEM Read -> 0xf94d
PASS | IMEM Read -> 0x4f2e
PASS | DMEM Read -> 0x5520
PASS | IMEM Read -> 0x47aa
PASS | DMEM Read -> 0x9125
PASS | IMEM Read -> 0x92a3
PASS | DMEM Read -> 0xb29a
PASS | IMEM Read -> 0xad9
PASS | DMEM Read -> 0x14b5
PASS | IMEM Read -> 0x2a3a
PASS | DMEM Read Disabled -> 0x0
PASS | IMEM Read -> 0xcc49
PASS | DMEM Read Disabled -> 0x0
PASS | IMEM Read -> 0xe89
PASS | DMEM Read Disabled -> 0x0
PASS | IMEM Read -> 0xc1c3
PASS | DMEM Read Disabled -> 0x0
PASS | IMEM Read -> 0x80ac
PASS | DMEM Read Disabled -> 0x0
PASS | IMEM Read -> 0x273a
PASS | DMEM Read Disabled -> 0x0
PASS | IMEM Read -> 0xcd6c
PASS | DMEM Read -> 0x2249
PASS | IMEM Read -> 0x8f67
PASS | DMEM Read -> 0xbbe4
PASS | IMEM Read -> 0xdf0f
PASS | DMEM Read -> 0x5520
PASS | IMEM Read -> 0xe47f
PASS | DMEM Read Disabled -> 0x0
PASS | IMEM Read -> 0x2a3a
PASS | DMEM Read -> 0xc660
PASS | IMEM Read -> 0x2e45
PASS | DMEM Read -> 0x229f
PASS | IMEM Read -> 0xee77
PASS | DMEM Read Disabled -> 0x0
PASS | IMEM Read -> 0x2515
PASS | DMEM Read Disabled -> 0x0
PASS | IMEM Read -> 0x97ed
PASS | DMEM Read Disabled -> 0x0
PASS | IMEM Read -> 0x568c
PASS | DMEM Read Disabled -> 0x0
PASS | IMEM Read -> 0x57f6
PASS | DMEM Read -> 0x240b
PASS | IMEM Read -> 0x1ec1
PASS | DMEM Read -> 0x2a6d
PASS | IMEM Read -> 0x891
PASS | DMEM Read Disabled -> 0x0
PASS | IMEM Read -> 0x9026
PASS | DMEM Read Disabled -> 0x0
PASS | IMEM Read -> 0x9007
PASS | DMEM Read Disabled -> 0x0
PASS | IMEM Read -> 0x848c
PASS | DMEM Read Disabled -> 0x0
PASS | IMEM Read -> 0xa8e8
PASS | DMEM Read Disabled -> 0x0
PASS | IMEM Read -> 0xb69e
PASS | DMEM Read Disabled -> 0x0
PASS | IMEM Read -> 0xb505
PASS | DMEM Read -> 0x5520
PASS | IMEM Read -> 0xc5b9
PASS | DMEM Read -> 0xcdd7
PASS | IMEM Read -> 0xebf8
PASS | DMEM Read Disabled -> 0x0
PASS | IMEM Read -> 0xf8b3
PASS | DMEM Read -> 0xe902
PASS | IMEM Read -> 0xdf5b
PASS | DMEM Read -> 0x6245
PASS | IMEM Read -> 0x2abe
PASS | DMEM Read Disabled -> 0x0
PASS | IMEM Read -> 0xd321
PASS | DMEM Read Disabled -> 0x0
PASS | IMEM Read -> 0x901a
PASS | DMEM Read -> 0x917
PASS | IMEM Read -> 0x7fb1
PASS | DMEM Read Disabled -> 0x0
PASS | IMEM Read -> 0x6c02
PASS | DMEM Read Disabled -> 0x0
PASS | IMEM Read -> 0x2885
PASS | DMEM Read -> 0x723c
PASS | IMEM Read -> 0xed88
PASS | DMEM Read Disabled -> 0x0
PASS | IMEM Read -> 0xb8f2
PASS | DMEM Read -> 0x117b
PASS | IMEM Read -> 0x8341
PASS | DMEM Read -> 0x77a5
PASS | IMEM Read -> 0xb1b8
PASS | DMEM Read Disabled -> 0x0
PASS | IMEM Read -> 0xbacc
PASS | DMEM Read Disabled -> 0x0
PASS | IMEM Read -> 0x63f9
PASS | DMEM Read Disabled -> 0x0
PASS | IMEM Read -> 0xb8f2
PASS | DMEM Read Disabled -> 0x0
PASS | IMEM Read -> 0x6126
PASS | DMEM Read Disabled -> 0x0
PASS | IMEM Read -> 0x5e1a
PASS | DMEM Read -> 0x3135
PASS | IMEM Read -> 0x100c
PASS | DMEM Read Disabled -> 0x0
PASS | IMEM Read -> 0x91f7
PASS | DMEM Read Disabled -> 0x0
PASS | IMEM Read -> 0x2b2c
PASS | DMEM Read Disabled -> 0x0
PASS | IMEM Read -> 0x901a
PASS | DMEM Read Disabled -> 0x0
PASS | IMEM Read -> 0x33fd
PASS | DMEM Read Disabled -> 0x0
PASS | IMEM Read -> 0x525b
PASS | DMEM Read -> 0xc829
PASS | IMEM Read -> 0x17db
PASS | DMEM Read Disabled -> 0x0
PASS | IMEM Read -> 0x7f3d
PASS | DMEM Read Disabled -> 0x0
PASS | IMEM Read -> 0x17db
PASS | DMEM Read Disabled -> 0x0
PASS | IMEM Read -> 0xc1c3
PASS | DMEM Read -> 0xc5ae
PASS | IMEM Read -> 0xf810
PASS | DMEM Read Disabled -> 0x0
PASS | IMEM Read -> 0x4f12
PASS | DMEM Read Disabled -> 0x0
PASS | IMEM Read -> 0x42ee
PASS | DMEM Read Disabled -> 0x0
PASS | IMEM Read -> 0xf98d
PASS | DMEM Read Disabled -> 0x0
PASS | IMEM Read -> 0x38bf
PASS | DMEM Read Disabled -> 0x0
PASS | IMEM Read -> 0xa54c
PASS | DMEM Read -> 0xccff
PASS | IMEM Read -> 0x6126
PASS | DMEM Read Disabled -> 0x0
PASS | IMEM Read -> 0xe213
PASS | DMEM Read Disabled -> 0x0
PASS | IMEM Read -> 0xe624
PASS | DMEM Read Disabled -> 0x0
PASS | IMEM Read -> 0xca9
PASS | DMEM Read -> 0xd132
PASS | IMEM Read -> 0x65ca
PASS | DMEM Read -> 0xcdf7
PASS | IMEM Read -> 0x4fc8
PASS | DMEM Read -> 0x153b
PASS | IMEM Read -> 0x2b1c
PASS | DMEM Read Disabled -> 0x0
PASS | IMEM Read -> 0xc5b9
PASS | DMEM Read Disabled -> 0x0
PASS | IMEM Read -> 0xb815
PASS | DMEM Read Disabled -> 0x0
PASS | IMEM Read -> 0x7774
PASS | DMEM Read -> 0xa521
PASS | IMEM Read -> 0xca9
PASS | DMEM Read Disabled -> 0x0
PASS | IMEM Read -> 0x91f7
PASS | DMEM Read Disabled -> 0x0
PASS | IMEM Read -> 0x651d
PASS | DMEM Read Disabled -> 0x0
PASS | IMEM Read -> 0xe624
PASS | DMEM Read Disabled -> 0x0
PASS | IMEM Read -> 0x9767
PASS | DMEM Read Disabled -> 0x0
PASS | IMEM Read -> 0x8b9a
PASS | DMEM Read Disabled -> 0x0
PASS | IMEM Read -> 0xdf0f
PASS | DMEM Read -> 0x5bc5
PASS | IMEM Read -> 0xb815
PASS | DMEM Read -> 0x7e75
PASS | IMEM Read -> 0x4daf
PASS | DMEM Read Disabled -> 0x0
PASS | IMEM Read -> 0x38bf
PASS | DMEM Read -> 0x2e39
PASS | IMEM Read -> 0x676d
PASS | DMEM Read Disabled -> 0x0
PASS | IMEM Read -> 0xf33
PASS | DMEM Read Disabled -> 0x0
PASS | IMEM Read -> 0x1913
PASS | DMEM Read Disabled -> 0x0
PASS | IMEM Read -> 0xfd2f
PASS | DMEM Read Disabled -> 0x0
PASS | IMEM Read -> 0x18b7
PASS | DMEM Read Disabled -> 0x0
PASS | IMEM Read -> 0xfd2f
PASS | DMEM Read Disabled -> 0x0
PASS | IMEM Read -> 0x4794
PASS | DMEM Read Disabled -> 0x0
PASS | IMEM Read -> 0x80ac
PASS | DMEM Read Disabled -> 0x0
PASS | IMEM Read -> 0x5160
PASS | DMEM Read Disabled -> 0x0
PASS | IMEM Read -> 0xcd22
PASS | DMEM Read Disabled -> 0x0
PASS | IMEM Read -> 0x723d
PASS | DMEM Read Disabled -> 0x0
PASS | IMEM Read -> 0x4fc8
PASS | DMEM Read -> 0x4727
PASS | IMEM Read -> 0x2abe
PASS | DMEM Read -> 0xada0
PASS | IMEM Read -> 0x2cc8
PASS | DMEM Read Disabled -> 0x0
PASS | IMEM Read -> 0xa8e8
PASS | DMEM Read Disabled -> 0x0
PASS | IMEM Read -> 0xfe9d
PASS | DMEM Read Disabled -> 0x0
PASS | IMEM Read -> 0x848c
PASS | DMEM Read Disabled -> 0x0
PASS | IMEM Read -> 0x1b56
PASS | DMEM Read -> 0x192d
PASS | IMEM Read -> 0xcbf1
PASS | DMEM Read -> 0xa42c
PASS | IMEM Read -> 0xf98d
PASS | DMEM Read Disabled -> 0x0
PASS | IMEM Read -> 0x438b
PASS | DMEM Read Disabled -> 0x0
PASS | IMEM Read -> 0xf810
PASS | DMEM Read Disabled -> 0x0
PASS | IMEM Read -> 0x1b56
PASS | DMEM Read Disabled -> 0x0
PASS | IMEM Read -> 0xca9
PASS | DMEM Read -> 0xfc7a
PASS | IMEM Read -> 0x390f
PASS | DMEM Read Disabled -> 0x0
PASS | IMEM Read -> 0x386b
PASS | DMEM Read Disabled -> 0x0
PASS | IMEM Read -> 0xb43f
PASS | DMEM Read Disabled -> 0x0
PASS | IMEM Read -> 0x89c2
PASS | DMEM Read -> 0x56dd
PASS | IMEM Read -> 0xcd22
PASS | DMEM Read Disabled -> 0x0
PASS | IMEM Read -> 0xa11a
PASS | DMEM Read -> 0x4f1c
PASS | IMEM Read -> 0xa5fc
PASS | DMEM Read Disabled -> 0x0
PASS | IMEM Read -> 0x6d
PASS | DMEM Read Disabled -> 0x0
PASS | IMEM Read -> 0x5e7c
PASS | DMEM Read Disabled -> 0x0
PASS | IMEM Read -> 0xe441
PASS | DMEM Read Disabled -> 0x0
PASS | IMEM Read -> 0x2cc8
PASS | DMEM Read Disabled -> 0x0
PASS | IMEM Read -> 0xd8a8
PASS | DMEM Read Disabled -> 0x0
PASS | IMEM Read -> 0x2f16
PASS | DMEM Read Disabled -> 0x0
PASS | IMEM Read -> 0x57aa
PASS | DMEM Read -> 0x2acb
PASS | IMEM Read -> 0xb69e
PASS | DMEM Read -> 0x2e3e
PASS | IMEM Read -> 0x568c
PASS | DMEM Read Disabled -> 0x0
PASS | IMEM Read -> 0x12b3
PASS | DMEM Read -> 0xc96a
PASS | IMEM Read -> 0x3423
PASS | DMEM Read Disabled -> 0x0
PASS | IMEM Read -> 0x525b
PASS | DMEM Read -> 0x62e8
PASS | IMEM Read -> 0x4340
PASS | DMEM Read Disabled -> 0x0
PASS | IMEM Read -> 0x94e5
PASS | DMEM Read Disabled -> 0x0
PASS | IMEM Read -> 0x42d4
PASS | DMEM Read Disabled -> 0x0
PASS | IMEM Read -> 0x1ec1
PASS | DMEM Read Disabled -> 0x0
PASS | IMEM Read -> 0xf023
PASS | DMEM Read -> 0xad8c
PASS | IMEM Read -> 0x2999
PASS | DMEM Read Disabled -> 0x0
PASS | IMEM Read -> 0x1924
PASS | DMEM Read Disabled -> 0x0
PASS | IMEM Read -> 0x568c
PASS | DMEM Read Disabled -> 0x0
PASS | IMEM Read -> 0x245d
PASS | DMEM Read -> 0xc942
PASS | IMEM Read -> 0x61cd
PASS | DMEM Read Disabled -> 0x0
PASS | IMEM Read -> 0x77a7
PASS | DMEM Read Disabled -> 0x0
PASS | IMEM Read -> 0x3423
PASS | DMEM Read -> 0x425e
PASS | IMEM Read -> 0xb32f
PASS | DMEM Read Disabled -> 0x0
PASS | IMEM Read -> 0x4499
PASS | DMEM Read Disabled -> 0x0
PASS | IMEM Read -> 0xd334
PASS | DMEM Read -> 0x1393
PASS | IMEM Read -> 0x8e1f
PASS | DMEM Read -> 0x6d32
PASS | IMEM Read -> 0xd40c
PASS | DMEM Read Disabled -> 0x0
PASS | IMEM Read -> 0x5e66
PASS | DMEM Read Disabled -> 0x0
PASS | IMEM Read -> 0xc440
PASS | DMEM Read Disabled -> 0x0
PASS | IMEM Read -> 0xb4ca
PASS | DMEM Read Disabled -> 0x0
PASS | IMEM Read -> 0x8e3
PASS | DMEM Read Disabled -> 0x0
PASS | IMEM Read -> 0xbda7
PASS | DMEM Read Disabled -> 0x0
PASS | IMEM Read -> 0xa738
PASS | DMEM Read Disabled -> 0x0
PASS | IMEM Read -> 0x5d6d
PASS | DMEM Read Disabled -> 0x0
PASS | IMEM Read -> 0x5942
PASS | DMEM Read Disabled -> 0x0
PASS | IMEM Read -> 0x173e
PASS | DMEM Read -> 0x5809
PASS | IMEM Read -> 0x77a7
PASS | DMEM Read Disabled -> 0x0
PASS | IMEM Read -> 0x5d0c
PASS | DMEM Read -> 0xf97b
PASS | IMEM Read -> 0x9d
PASS | DMEM Read Disabled -> 0x0
PASS | IMEM Read -> 0xdf0f
PASS | DMEM Read -> 0x795a
PASS | IMEM Read -> 0x80ed
PASS | DMEM Read Disabled -> 0x0
PASS | IMEM Read -> 0x24b8
PASS | DMEM Read Disabled -> 0x0
PASS | IMEM Read -> 0xe469
PASS | DMEM Read Disabled -> 0x0
PASS | IMEM Read -> 0xb097
PASS | DMEM Read -> 0xd132
PASS | IMEM Read -> 0x989c
PASS | DMEM Read -> 0x4ca
PASS | IMEM Read -> 0x7774
PASS | DMEM Read -> 0xde7e
PASS | IMEM Read -> 0x1913
PASS | DMEM Read Disabled -> 0x0
PASS | IMEM Read -> 0x525b
PASS | DMEM Read Disabled -> 0x0
PASS | IMEM Read -> 0x568c
PASS | DMEM Read Disabled -> 0x0
PASS | IMEM Read -> 0xe853
PASS | DMEM Read Disabled -> 0x0
PASS | IMEM Read -> 0xc6d2
PASS | DMEM Read Disabled -> 0x0
PASS | IMEM Read -> 0xbacc
PASS | DMEM Read Disabled -> 0x0
PASS | IMEM Read -> 0x4fc8
PASS | DMEM Read -> 0x917
PASS | IMEM Read -> 0xe338
PASS | DMEM Read Disabled -> 0x0
PASS | IMEM Read -> 0x9ea3
PASS | DMEM Read Disabled -> 0x0
PASS | IMEM Read -> 0xa22d
PASS | DMEM Read Disabled -> 0x0
PASS | IMEM Read -> 0x2e70
PASS | DMEM Read Disabled -> 0x0
PASS | IMEM Read -> 0xca4e
PASS | DMEM Read -> 0x5c42
PASS | IMEM Read -> 0x748a
PASS | DMEM Read Disabled -> 0x0
PASS | IMEM Read -> 0x47aa
PASS | DMEM Read -> 0x453c
PASS | IMEM Read -> 0x1a67
PASS | DMEM Read Disabled -> 0x0
PASS | IMEM Read -> 0x8341
PASS | DMEM Read -> 0x16bf
PASS | IMEM Read -> 0x2b1c
PASS | DMEM Read Disabled -> 0x0
PASS | IMEM Read -> 0x9767
PASS | DMEM Read Disabled -> 0x0
PASS | IMEM Read -> 0x4daf
PASS | DMEM Read -> 0x58da
PASS | IMEM Read -> 0x38bf
PASS | DMEM Read Disabled -> 0x0
PASS | IMEM Read -> 0x79f7
PASS | DMEM Read -> 0xd114
PASS | IMEM Read -> 0x5e7c
PASS | DMEM Read Disabled -> 0x0
PASS | IMEM Read -> 0x6c02
PASS | DMEM Read -> 0xc511
PASS | IMEM Read -> 0xc6d2
PASS | DMEM Read Disabled -> 0x0
PASS | IMEM Read -> 0x66bc
PASS | DMEM Read Disabled -> 0x0
PASS | IMEM Read -> 0xe969
PASS | DMEM Read Disabled -> 0x0
PASS | IMEM Read -> 0x7c6d
PASS | DMEM Read Disabled -> 0x0
PASS | IMEM Read -> 0x80ed
PASS | DMEM Read Disabled -> 0x0
PASS | IMEM Read -> 0x2f16
PASS | DMEM Read Disabled -> 0x0
PASS | IMEM Read -> 0xb505
PASS | DMEM Read Disabled -> 0x0
PASS | IMEM Read -> 0x66bc
PASS | DMEM Read -> 0x9b88
PASS | IMEM Read -> 0x9ea3
PASS | DMEM Read Disabled -> 0x0
PASS | IMEM Read -> 0x47aa
PASS | DMEM Read Disabled -> 0x0
PASS | IMEM Read -> 0x2ea6
PASS | DMEM Read Disabled -> 0x0
PASS | IMEM Read -> 0x4daf
PASS | DMEM Read -> 0x7ce
PASS | IMEM Read -> 0x4daf
PASS | DMEM Read Disabled -> 0x0
PASS | IMEM Read -> 0x5d6d
PASS | DMEM Read Disabled -> 0x0
PASS | IMEM Read -> 0xabcd
PASS | DMEM Read Disabled -> 0x0
PASS | IMEM Read -> 0x33fd
PASS | DMEM Read -> 0xac35
PASS | IMEM Read -> 0xe89
PASS | DMEM Read Disabled -> 0x0
PASS | IMEM Read -> 0x1913
PASS | DMEM Read Disabled -> 0x0
PASS | IMEM Read -> 0x2885
PASS | DMEM Read -> 0x1f9a
PASS | IMEM Read -> 0x8e3
PASS | DMEM Read -> 0xde7e
PASS | IMEM Read -> 0x390f
PASS | DMEM Read Disabled -> 0x0
PASS | IMEM Read -> 0xfa76
PASS | DMEM Read -> 0x793d
PASS | IMEM Read -> 0x9007
PASS | DMEM Read Disabled -> 0x0
PASS | IMEM Read -> 0x92a3
PASS | DMEM Read -> 0x6093
PASS | IMEM Read -> 0xc6ec
PASS | DMEM Read Disabled -> 0x0
PASS | IMEM Read -> 0x66bc
PASS | DMEM Read Disabled -> 0x0
PASS | IMEM Read -> 0xa11a
PASS | DMEM Read Disabled -> 0x0
PASS | IMEM Read -> 0x698f
PASS | DMEM Read Disabled -> 0x0
PASS | IMEM Read -> 0xfd1
PASS | DMEM Read Disabled -> 0x0
PASS | IMEM Read -> 0x2cad
PASS | DMEM Read -> 0xad8c
PASS | IMEM Read -> 0xe338
PASS | DMEM Read Disabled -> 0x0
PASS | IMEM Read -> 0x47aa
PASS | DMEM Read Disabled -> 0x0
PASS | IMEM Read -> 0x173e
PASS | DMEM Read Disabled -> 0x0
PASS | IMEM Read -> 0x494f
PASS | DMEM Read Disabled -> 0x0
PASS | IMEM Read -> 0x92a3
PASS | DMEM Read Disabled -> 0x0
PASS | IMEM Read -> 0x18b7
PASS | DMEM Read -> 0x2a6d
PASS | IMEM Read -> 0xc5b9
PASS | DMEM Read -> 0x808
PASS | IMEM Read -> 0x7cbc
PASS | DMEM Read Disabled -> 0x0
PASS | IMEM Read -> 0x2b2c
PASS | DMEM Read Disabled -> 0x0
PASS | IMEM Read -> 0x6e2a
PASS | DMEM Read Disabled -> 0x0
PASS | IMEM Read -> 0x6126
PASS | DMEM Read -> 0xacb2
PASS | IMEM Read -> 0x5a0a
PASS | DMEM Read -> 0xc0d
PASS | IMEM Read -> 0xce65
PASS | DMEM Read Disabled -> 0x0
PASS | IMEM Read -> 0xc0a0
PASS | DMEM Read Disabled -> 0x0
PASS | IMEM Read -> 0xdd2b
PASS | DMEM Read Disabled -> 0x0
PASS | IMEM Read -> 0x80ed
PASS | DMEM Read -> 0x740c
PASS | IMEM Read -> 0xcc49
PASS | DMEM Read -> 0xa4c8
PASS | IMEM Read -> 0xf98d
PASS | DMEM Read Disabled -> 0x0
PASS | IMEM Read -> 0x5d47
PASS | DMEM Read Disabled -> 0x0
PASS | IMEM Read -> 0xe213
PASS | DMEM Read Disabled -> 0x0
PASS | IMEM Read -> 0x2ea6
PASS | DMEM Read Disabled -> 0x0
PASS | IMEM Read -> 0x273a
PASS | DMEM Read Disabled -> 0x0
PASS | IMEM Read -> 0x1ec1
PASS | DMEM Read -> 0x7e75
PASS | IMEM Read -> 0x2515
PASS | DMEM Read -> 0x27b2
PASS | IMEM Read -> 0xc40a
PASS | DMEM Read Disabled -> 0x0
PASS | IMEM Read -> 0x99f
PASS | DMEM Read -> 0x9125
PASS | IMEM Read -> 0x5e66
PASS | DMEM Read Disabled -> 0x0
PASS | IMEM Read -> 0x1a67
PASS | DMEM Read Disabled -> 0x0
PASS | IMEM Read -> 0xdca6
PASS | DMEM Read Disabled -> 0x0
PASS | IMEM Read -> 0xe842
PASS | DMEM Read -> 0x4e30
PASS | IMEM Read -> 0xe79
PASS | DMEM Read -> 0x42bd
PASS | IMEM Read -> 0x477c
PASS | DMEM Read Disabled -> 0x0
PASS | IMEM Read -> 0xa738
PASS | DMEM Read Disabled -> 0x0
PASS | IMEM Read -> 0xf774
PASS | DMEM Read Disabled -> 0x0
PASS | IMEM Read -> 0x57aa
PASS | DMEM Read Disabled -> 0x0
PASS | IMEM Read -> 0x245d
PASS | DMEM Read -> 0x7ff8
PASS | IMEM Read -> 0x242
PASS | DMEM Read -> 0x93cb
PASS | IMEM Read -> 0xc1c3
PASS | DMEM Read Disabled -> 0x0
PASS | IMEM Read -> 0x636c
PASS | DMEM Read Disabled -> 0x0
PASS | IMEM Read -> 0xce65
PASS | DMEM Read -> 0x2a6d
PASS | IMEM Read -> 0x848c
PASS | DMEM Read Disabled -> 0x0
PASS | IMEM Read -> 0x1ec1
PASS | DMEM Read Disabled -> 0x0
PASS | IMEM Read -> 0x2885
PASS | DMEM Read -> 0x3cc1
PASS | IMEM Read -> 0xcebf
PASS | DMEM Read Disabled -> 0x0
PASS | IMEM Read -> 0xf774
PASS | DMEM Read -> 0x17d0
PASS | IMEM Read -> 0xf774
PASS | DMEM Read Disabled -> 0x0
PASS | IMEM Read -> 0x7068
PASS | DMEM Read Disabled -> 0x0
PASS | IMEM Read -> 0xabcd
PASS | DMEM Read Disabled -> 0x0
PASS | IMEM Read -> 0x7c6d
PASS | DMEM Read -> 0x455a
PASS | IMEM Read -> 0x676d
PASS | DMEM Read Disabled -> 0x0
PASS | IMEM Read -> 0xfab
PASS | DMEM Read Disabled -> 0x0
PASS | IMEM Read -> 0xfd2f
PASS | DMEM Read -> 0xded
PASS | IMEM Read -> 0xf33
PASS | DMEM Read Disabled -> 0x0
PASS | IMEM Read -> 0x273a
PASS | DMEM Read Disabled -> 0x0
PASS | IMEM Read -> 0x901d
PASS | DMEM Read Disabled -> 0x0
PASS | IMEM Read -> 0xcebf
PASS | DMEM Read Disabled -> 0x0
PASS | IMEM Read -> 0x989c
PASS | DMEM Read Disabled -> 0x0
PASS | IMEM Read -> 0xf33
PASS | DMEM Read Disabled -> 0x0
PASS | IMEM Read -> 0x96ec
PASS | DMEM Read Disabled -> 0x0
PASS | IMEM Read -> 0x374a
PASS | DMEM Read Disabled -> 0x0
PASS | IMEM Read -> 0x1924
PASS | DMEM Read Disabled -> 0x0
PASS | IMEM Read -> 0xc47
PASS | DMEM Read Disabled -> 0x0
PASS | IMEM Read -> 0x9278
PASS | DMEM Read Disabled -> 0x0
PASS | IMEM Read -> 0x2999
PASS | DMEM Read -> 0xc6fe
PASS | IMEM Read -> 0xa11a
PASS | DMEM Read Disabled -> 0x0
PASS | IMEM Read -> 0x6da5
PASS | DMEM Read Disabled -> 0x0
PASS | IMEM Read -> 0x91b
PASS | DMEM Read -> 0x5d5e
PASS | IMEM Read -> 0x9547
PASS | DMEM Read Disabled -> 0x0
PASS | IMEM Read -> 0x5e66
PASS | DMEM Read -> 0x504b
PASS | IMEM Read -> 0x8f67
PASS | DMEM Read Disabled -> 0x0
PASS | IMEM Read -> 0xdca6
PASS | DMEM Read Disabled -> 0x0
PASS | IMEM Read -> 0x99f
PASS | DMEM Read Disabled -> 0x0
PASS | IMEM Read -> 0x2b1c
PASS | DMEM Read Disabled -> 0x0
PASS | IMEM Read -> 0xdf0f
PASS | DMEM Read Disabled -> 0x0
PASS | IMEM Read -> 0xd70
PASS | DMEM Read -> 0x4c81
PASS | IMEM Read -> 0x2515
PASS | DMEM Read Disabled -> 0x0
PASS | IMEM Read -> 0xfbe2
PASS | DMEM Read -> 0x1e2c
PASS | IMEM Read -> 0xcd6c
PASS | DMEM Read Disabled -> 0x0
PASS | IMEM Read -> 0x1b56
PASS | DMEM Read Disabled -> 0x0
PASS | IMEM Read -> 0xc40a
PASS | DMEM Read -> 0x8913
PASS | IMEM Read -> 0xdf5b
PASS | DMEM Read Disabled -> 0x0
PASS | IMEM Read -> 0xe338
PASS | DMEM Read Disabled -> 0x0
PASS | IMEM Read -> 0xf774
PASS | DMEM Read Disabled -> 0x0
PASS | IMEM Read -> 0x92a3
PASS | DMEM Read Disabled -> 0x0
PASS | IMEM Read -> 0x651d
PASS | DMEM Read Disabled -> 0x0
PASS | IMEM Read -> 0x57f6
PASS | DMEM Read Disabled -> 0x0
PASS | IMEM Read -> 0xfe9d
PASS | DMEM Read Disabled -> 0x0
PASS | IMEM Read -> 0x2885
PASS | DMEM Read Disabled -> 0x0
PASS | IMEM Read -> 0xe89
PASS | DMEM Read Disabled -> 0x0
PASS | IMEM Read -> 0x2f16
PASS | DMEM Read -> 0xc99e
PASS | IMEM Read -> 0x265e
PASS | DMEM Read Disabled -> 0x0
PASS | IMEM Read -> 0x4499
PASS | DMEM Read Disabled -> 0x0
PASS | IMEM Read -> 0xd334
PASS | DMEM Read -> 0xbe6c
PASS | IMEM Read -> 0x9026
PASS | DMEM Read Disabled -> 0x0
PASS | IMEM Read -> 0xf8b3
PASS | DMEM Read Disabled -> 0x0
PASS | IMEM Read -> 0x9767
PASS | DMEM Read Disabled -> 0x0
PASS | IMEM Read -> 0xe75b
PASS | DMEM Read Disabled -> 0x0
PASS | IMEM Read -> 0x25f6
PASS | DMEM Read Disabled -> 0x0
PASS | IMEM Read -> 0x34bb
PASS | DMEM Read -> 0x4816
PASS | IMEM Read -> 0x6d
PASS | DMEM Read -> 0xfe4a
PASS | IMEM Read -> 0x96ec
PASS | DMEM Read Disabled -> 0x0
PASS | IMEM Read -> 0x2ae3
PASS | DMEM Read -> 0x8520
PASS | IMEM Read -> 0x80ed
PASS | DMEM Read -> 0x1fe4
PASS | IMEM Read -> 0xa8e8
PASS | DMEM Read Disabled -> 0x0
PASS | IMEM Read -> 0xb32f
PASS | DMEM Read Disabled -> 0x0
PASS | IMEM Read -> 0x510
PASS | DMEM Read Disabled -> 0x0
PASS | IMEM Read -> 0x97ed
PASS | DMEM Read Disabled -> 0x0
PASS | IMEM Read -> 0x4fc8
PASS | DMEM Read Disabled -> 0x0
PASS | IMEM Read -> 0x2999
PASS | DMEM Read Disabled -> 0x0
PASS | IMEM Read -> 0xbe18
PASS | DMEM Read Disabled -> 0x0
PASS | IMEM Read -> 0x7068
PASS | DMEM Read Disabled -> 0x0
PASS | IMEM Read -> 0xa09d
PASS | DMEM Read Disabled -> 0x0
PASS | IMEM Read -> 0x65ca
PASS | DMEM Read Disabled -> 0x0
PASS | IMEM Read -> 0x80ac
PASS | DMEM Read Disabled -> 0x0
PASS | IMEM Read -> 0xad9
PASS | DMEM Read -> 0x1561
PASS | IMEM Read -> 0xfd1
PASS | DMEM Read -> 0xd251
PASS | IMEM Read -> 0x5e66
PASS | DMEM Read -> 0x818b
PASS | IMEM Read -> 0x242
PASS | DMEM Read Disabled -> 0x0
PASS | IMEM Read -> 0xa323
PASS | DMEM Read Disabled -> 0x0
PASS | IMEM Read -> 0x676d
PASS | DMEM Read -> 0x34f6
PASS | IMEM Read -> 0xdf5b
PASS | DMEM Read Disabled -> 0x0
PASS | IMEM Read -> 0xbe50
PASS | DMEM Read Disabled -> 0x0
PASS | IMEM Read -> 0x100c
PASS | DMEM Read Disabled -> 0x0
PASS | IMEM Read -> 0xbe50
PASS | DMEM Read Disabled -> 0x0
PASS | IMEM Read -> 0xb32f
PASS | DMEM Read Disabled -> 0x0
PASS | IMEM Read -> 0x390f
PASS | DMEM Read -> 0x74a5
PASS | IMEM Read -> 0x9bfb
PASS | DMEM Read -> 0xc25c
PASS | IMEM Read -> 0x9bfb
PASS | DMEM Read Disabled -> 0x0
PASS | IMEM Read -> 0xa8e8
PASS | DMEM Read Disabled -> 0x0
PASS | IMEM Read -> 0xa09d
PASS | DMEM Read Disabled -> 0x0
PASS | IMEM Read -> 0xb505
PASS | DMEM Read Disabled -> 0x0
PASS | IMEM Read -> 0x292
PASS | DMEM Read Disabled -> 0x0
PASS | IMEM Read -> 0x915b
PASS | DMEM Read -> 0xdf67
PASS | IMEM Read -> 0x901d
PASS | DMEM Read -> 0x6c2e
PASS | IMEM Read -> 0x242
PASS | DMEM Read Disabled -> 0x0
PASS | IMEM Read -> 0x723d
PASS | DMEM Read Disabled -> 0x0
PASS | IMEM Read -> 0x9d
PASS | DMEM Read -> 0xf94d
PASS | IMEM Read -> 0xb1b8
PASS | DMEM Read Disabled -> 0x0
PASS | IMEM Read -> 0x9c8c
PASS | DMEM Read Disabled -> 0x0
PASS | IMEM Read -> 0x6f20
PASS | DMEM Read Disabled -> 0x0
PASS | IMEM Read -> 0x335
PASS | DMEM Read -> 0x2f5b
PASS | IMEM Read -> 0x66bc
PASS | DMEM Read Disabled -> 0x0
PASS | IMEM Read -> 0x79f7
PASS | DMEM Read Disabled -> 0x0
PASS | IMEM Read -> 0x53f6
PASS | DMEM Read -> 0x27b2
PASS | IMEM Read -> 0x80ac
PASS | DMEM Read Disabled -> 0x0
PASS | IMEM Read -> 0xb505
PASS | DMEM Read -> 0x917c
PASS | IMEM Read -> 0xb097
PASS | DMEM Read -> 0xacab
PASS | IMEM Read -> 0x848c
PASS | DMEM Read Disabled -> 0x0
PASS | IMEM Read -> 0xb097
PASS | DMEM Read Disabled -> 0x0
PASS | IMEM Read -> 0x5942
PASS | DMEM Read Disabled -> 0x0
PASS | IMEM Read -> 0x477c
PASS | DMEM Read -> 0xc099
PASS | IMEM Read -> 0x17db
PASS | DMEM Read -> 0x6245
PASS | IMEM Read -> 0xe469
PASS | DMEM Read Disabled -> 0x0
PASS | IMEM Read -> 0xc606
PASS | DMEM Read -> 0x2c75
PASS | IMEM Read -> 0xdca6
PASS | DMEM Read Disabled -> 0x0
PASS | IMEM Read -> 0x9bfb
PASS | DMEM Read Disabled -> 0x0
PASS | IMEM Read -> 0x1ec1
PASS | DMEM Read -> 0x34c
PASS | IMEM Read -> 0x5e1a
PASS | DMEM Read Disabled -> 0x0
PASS | IMEM Read -> 0x386b
PASS | DMEM Read -> 0xfc82
PASS | IMEM Read -> 0x3d3
PASS | DMEM Read Disabled -> 0x0
PASS | IMEM Read -> 0x53f6
PASS | DMEM Read Disabled -> 0x0
PASS | IMEM Read -> 0x891
PASS | DMEM Read Disabled -> 0x0
PASS | IMEM Read -> 0x2cc8
PASS | DMEM Read -> 0x1393
PASS | IMEM Read -> 0x651d
PASS | DMEM Read Disabled -> 0x0
PASS | IMEM Read -> 0x4340
PASS | DMEM Read Disabled -> 0x0
PASS | IMEM Read -> 0xa738
PASS | DMEM Read -> 0xef35
PASS | IMEM Read -> 0xe96d
PASS | DMEM Read Disabled -> 0x0
PASS | IMEM Read -> 0x2a3a
PASS | DMEM Read -> 0xdb4b
PASS | IMEM Read -> 0xd334
PASS | DMEM Read Disabled -> 0x0
PASS | IMEM Read -> 0x651d
PASS | DMEM Read -> 0xd251
PASS | IMEM Read -> 0xb4ca
PASS | DMEM Read -> 0x4abd
PASS | IMEM Read -> 0x438b
PASS | DMEM Read Disabled -> 0x0
PASS | IMEM Read -> 0x2f16
PASS | DMEM Read -> 0x4c26
PASS | IMEM Read -> 0x7774
PASS | DMEM Read Disabled -> 0x0
PASS | IMEM Read -> 0x7fb1
PASS | DMEM Read Disabled -> 0x0
PASS | IMEM Read -> 0x79f7
PASS | DMEM Read Disabled -> 0x0
PASS | IMEM Read -> 0x9007
PASS | DMEM Read Disabled -> 0x0
PASS | IMEM Read -> 0x53f6
PASS | DMEM Read -> 0xd760
PASS | IMEM Read -> 0x1c45
PASS | DMEM Read -> 0xcdf8
PASS | IMEM Read -> 0x1ec1
PASS | DMEM Read Disabled -> 0x0
PASS | IMEM Read -> 0x6c02
PASS | DMEM Read Disabled -> 0x0
PASS | IMEM Read -> 0x6126
PASS | DMEM Read Disabled -> 0x0
PASS | IMEM Read -> 0x2566
PASS | DMEM Read -> 0x7e75
PASS | IMEM Read -> 0xc5
PASS | DMEM Read Disabled -> 0x0
PASS | IMEM Read -> 0x33fd
PASS | DMEM Read -> 0x9b88
PASS | IMEM Read -> 0x47aa
PASS | DMEM Read -> 0xe4ee
PASS | IMEM Read -> 0x80ac
PASS | DMEM Read Disabled -> 0x0
PASS | IMEM Read -> 0x8f67
PASS | DMEM Read Disabled -> 0x0
PASS | IMEM Read -> 0x18b7
PASS | DMEM Read Disabled -> 0x0
PASS | IMEM Read -> 0xc1c3
PASS | DMEM Read Disabled -> 0x0
PASS | IMEM Read -> 0xb4ca
PASS | DMEM Read Disabled -> 0x0
PASS | IMEM Read -> 0xa09d
PASS | DMEM Read Disabled -> 0x0
PASS | IMEM Read -> 0x24b8
PASS | DMEM Read Disabled -> 0x0
PASS | IMEM Read -> 0x47aa
PASS | DMEM Read -> 0xc96a
PASS | IMEM Read -> 0xcc49
PASS | DMEM Read Disabled -> 0x0
PASS | IMEM Read -> 0x80ed
PASS | DMEM Read Disabled -> 0x0
PASS | IMEM Read -> 0xb1b8
PASS | DMEM Read Disabled -> 0x0
PASS | IMEM Read -> 0x438b
PASS | DMEM Read Disabled -> 0x0
PASS | IMEM Read -> 0x7cbc
PASS | DMEM Read -> 0x4ca
PASS | IMEM Read -> 0x1c4c
PASS | DMEM Read -> 0xb5e7
PASS | IMEM Read -> 0xad9
PASS | DMEM Read -> 0x555d
PASS | IMEM Read -> 0x2c36
PASS | DMEM Read Disabled -> 0x0
PASS | IMEM Read -> 0xd70
PASS | DMEM Read -> 0x6647
PASS | IMEM Read -> 0xf774
PASS | DMEM Read -> 0x6fa
PASS | IMEM Read -> 0x7a48
PASS | DMEM Read Disabled -> 0x0
PASS | IMEM Read -> 0x59f3
PASS | DMEM Read Disabled -> 0x0
PASS | IMEM Read -> 0xcd22
PASS | DMEM Read -> 0x4d40
PASS | IMEM Read -> 0xe469
PASS | DMEM Read Disabled -> 0x0
PASS | IMEM Read -> 0x2a3a
PASS | DMEM Read Disabled -> 0x0
PASS | IMEM Read -> 0x390f
PASS | DMEM Read -> 0x1adf
PASS | IMEM Read -> 0xbacc
PASS | DMEM Read -> 0x69a5
PASS | IMEM Read -> 0x9767
PASS | DMEM Read -> 0xc96b
PASS | IMEM Read -> 0xc440
PASS | DMEM Read Disabled -> 0x0
PASS | IMEM Read -> 0xd8a8
PASS | DMEM Read Disabled -> 0x0
PASS | IMEM Read -> 0x4d4f
PASS | DMEM Read Disabled -> 0x0
PASS | IMEM Read -> 0xe213
PASS | DMEM Read Disabled -> 0x0
PASS | IMEM Read -> 0xc6ec
PASS | DMEM Read Disabled -> 0x0
PASS | IMEM Read -> 0xb8f2
PASS | DMEM Read -> 0xac35
PASS | IMEM Read -> 0xe75b
PASS | DMEM Read Disabled -> 0x0
PASS | IMEM Read -> 0x17db
PASS | DMEM Read Disabled -> 0x0
PASS | IMEM Read -> 0x37d
PASS | DMEM Read Disabled -> 0x0
PASS | IMEM Read -> 0x915b
PASS | DMEM Read Disabled -> 0x0
PASS | IMEM Read -> 0x477c
PASS | DMEM Read Disabled -> 0x0
PASS | IMEM Read -> 0x3c72
PASS | DMEM Read Disabled -> 0x0
PASS | IMEM Read -> 0x1ec1
PASS | DMEM Read Disabled -> 0x0
PASS | IMEM Read -> 0x5d47
PASS | DMEM Read Disabled -> 0x0
PASS | IMEM Read -> 0xabcd
PASS | DMEM Read -> 0x259c
PASS | IMEM Read -> 0x737e
PASS | DMEM Read Disabled -> 0x0
PASS | IMEM Read -> 0x91f7
PASS | DMEM Read Disabled -> 0x0
PASS | IMEM Read -> 0x2f16
PASS | DMEM Read Disabled -> 0x0
PASS | IMEM Read -> 0x6c02
PASS | DMEM Read Disabled -> 0x0
PASS | IMEM Read -> 0xb1b8
PASS | DMEM Read Disabled -> 0x0
PASS | IMEM Read -> 0x2c36
PASS | DMEM Read Disabled -> 0x0
PASS | IMEM Read -> 0x748a
PASS | DMEM Read Disabled -> 0x0
PASS | IMEM Read -> 0x24b8
PASS | DMEM Read -> 0x917c
PASS | IMEM Read -> 0x2bca
PASS | DMEM Read Disabled -> 0x0
PASS | IMEM Read -> 0x39d1
PASS | DMEM Read Disabled -> 0x0
PASS | IMEM Read -> 0x1913
PASS | DMEM Read Disabled -> 0x0
PASS | IMEM Read -> 0xcebf
PASS | DMEM Read -> 0x1adf
PASS | IMEM Read -> 0x9c8c
PASS | DMEM Read -> 0xfb7f
PASS | IMEM Read -> 0x636c
PASS | DMEM Read Disabled -> 0x0
PASS | IMEM Read -> 0x3c72
PASS | DMEM Read Disabled -> 0x0
PASS | IMEM Read -> 0xbacc
PASS | DMEM Read Disabled -> 0x0
PASS | IMEM Read -> 0x4499
PASS | DMEM Read Disabled -> 0x0
PASS | IMEM Read -> 0x2999
PASS | DMEM Read -> 0x3aec
PASS | IMEM Read -> 0xd304
PASS | DMEM Read -> 0xd9e2
PASS | IMEM Read -> 0xd40c
PASS | DMEM Read Disabled -> 0x0
PASS | IMEM Read -> 0x12b3
PASS | DMEM Read -> 0x7823
PASS | IMEM Read -> 0x4156
PASS | DMEM Read Disabled -> 0x0
PASS | IMEM Read -> 0x42d4
PASS | DMEM Read -> 0xb29a
PASS | IMEM Read -> 0x4156
PASS | DMEM Read Disabled -> 0x0
PASS | IMEM Read -> 0xad9
PASS | DMEM Read -> 0x2e3e
PASS | IMEM Read -> 0xe96d
PASS | DMEM Read Disabled -> 0x0
PASS | IMEM Read -> 0x525b
PASS | DMEM Read -> 0x2819
PASS | IMEM Read -> 0x6c02
PASS | DMEM Read Disabled -> 0x0
PASS | IMEM Read -> 0xd47c
PASS | DMEM Read -> 0x1fe4
PASS | IMEM Read -> 0x4e73
PASS | DMEM Read -> 0xe979
PASS | IMEM Read -> 0x59f3
PASS | DMEM Read Disabled -> 0x0
PASS | IMEM Read -> 0x12b3
PASS | DMEM Read Disabled -> 0x0
PASS | IMEM Read -> 0x64d
PASS | DMEM Read -> 0xded
PASS | IMEM Read -> 0x9767
PASS | DMEM Read Disabled -> 0x0
PASS | IMEM Read -> 0xa5fc
PASS | DMEM Read Disabled -> 0x0
PASS | IMEM Read -> 0xd304
PASS | DMEM Read -> 0x7d52
PASS | IMEM Read -> 0x3c68
PASS | DMEM Read -> 0x71e5
PASS | IMEM Read -> 0x6d
PASS | DMEM Read -> 0xc74d
PASS | IMEM Read -> 0x25f6
PASS | DMEM Read Disabled -> 0x0
PASS | IMEM Read -> 0x7a48
PASS | DMEM Read Disabled -> 0x0
PASS | IMEM Read -> 0x97ed
PASS | DMEM Read Disabled -> 0x0
PASS | IMEM Read -> 0x4d4f
PASS | DMEM Read Disabled -> 0x0
PASS | IMEM Read -> 0xa8e8
PASS | DMEM Read -> 0x18d9
PASS | IMEM Read -> 0x335
PASS | DMEM Read -> 0xbe51
PASS | IMEM Read -> 0x651d
PASS | DMEM Read Disabled -> 0x0
PASS | IMEM Read -> 0x1c3c
PASS | DMEM Read -> 0x7e75
PASS | IMEM Read -> 0x100c
PASS | DMEM Read Disabled -> 0x0
PASS | IMEM Read -> 0x7c6d
PASS | DMEM Read Disabled -> 0x0
PASS | IMEM Read -> 0x3d3
PASS | DMEM Read -> 0xbe6c
PASS | IMEM Read -> 0x42d4
PASS | DMEM Read Disabled -> 0x0
PASS | IMEM Read -> 0xc40a
PASS | DMEM Read -> 0xb7b3
PASS | IMEM Read -> 0xbe18
PASS | DMEM Read -> 0x740c
PASS | IMEM Read -> 0x17db
PASS | DMEM Read Disabled -> 0x0
PASS | IMEM Read -> 0x1bba
PASS | DMEM Read Disabled -> 0x0
PASS | IMEM Read -> 0x34bb
PASS | DMEM Read Disabled -> 0x0
PASS | IMEM Read -> 0x335
PASS | DMEM Read -> 0xd995
PASS | IMEM Read -> 0xbf0f
PASS | DMEM Read Disabled -> 0x0
PASS | IMEM Read -> 0x494f
PASS | DMEM Read -> 0x6093
PASS | IMEM Read -> 0xf8b3
PASS | DMEM Read -> 0xc84e
PASS | IMEM Read -> 0xcebf
PASS | DMEM Read Disabled -> 0x0
PASS | IMEM Read -> 0x477c
PASS | DMEM Read Disabled -> 0x0
PASS | IMEM Read -> 0x8341
PASS | DMEM Read Disabled -> 0x0
PASS | IMEM Read -> 0xf810
PASS | DMEM Read Disabled -> 0x0
PASS | IMEM Read -> 0x1c45
PASS | DMEM Read Disabled -> 0x0
PASS | IMEM Read -> 0x2a3a
PASS | DMEM Read Disabled -> 0x0
PASS | IMEM Read -> 0xc6ec
PASS | DMEM Read Disabled -> 0x0
PASS | IMEM Read -> 0x292
PASS | DMEM Read -> 0xcfc0
PASS | IMEM Read -> 0x2b2c
PASS | DMEM Read Disabled -> 0x0
PASS | IMEM Read -> 0x89c2
PASS | DMEM Read Disabled -> 0x0
PASS | IMEM Read -> 0x7a48
PASS | DMEM Read Disabled -> 0x0
PASS | IMEM Read -> 0x17db
PASS | DMEM Read Disabled -> 0x0
PASS | IMEM Read -> 0x915b
PASS | DMEM Read Disabled -> 0x0
PASS | IMEM Read -> 0x891
PASS | DMEM Read Disabled -> 0x0
PASS | IMEM Read -> 0x2cc8
PASS | DMEM Read -> 0xcfc0
PASS | IMEM Read -> 0xee77
PASS | DMEM Read Disabled -> 0x0
PASS | IMEM Read -> 0xe853
PASS | DMEM Read Disabled -> 0x0
PASS | IMEM Read -> 0xffea
PASS | DMEM Read Disabled -> 0x0
PASS | IMEM Read -> 0x1913
PASS | DMEM Read Disabled -> 0x0
PASS | IMEM Read -> 0x723d
PASS | DMEM Read Disabled -> 0x0
PASS | IMEM Read -> 0x9c8c
PASS | DMEM Read -> 0x4727
PASS | IMEM Read -> 0xa54c
PASS | DMEM Read -> 0x2c75
PASS | IMEM Read -> 0x494f
PASS | DMEM Read Disabled -> 0x0
PASS | IMEM Read -> 0x386b
PASS | DMEM Read -> 0xefee
PASS | IMEM Read -> 0x7cbc
PASS | DMEM Read Disabled -> 0x0
PASS | IMEM Read -> 0xe47f
PASS | DMEM Read Disabled -> 0x0
PASS | IMEM Read -> 0x4499
PASS | DMEM Read -> 0x1c46
PASS | IMEM Read -> 0x8f67
PASS | DMEM Read Disabled -> 0x0
PASS | IMEM Read -> 0x390f
PASS | DMEM Read Disabled -> 0x0
PASS | IMEM Read -> 0x6d
PASS | DMEM Read -> 0xf74f
PASS | IMEM Read -> 0x59e7
PASS | DMEM Read Disabled -> 0x0
PASS | IMEM Read -> 0x4d4f
PASS | DMEM Read -> 0x9c76
PASS | IMEM Read -> 0x9d
PASS | DMEM Read Disabled -> 0x0
PASS | IMEM Read -> 0xd304
PASS | DMEM Read Disabled -> 0x0
PASS | IMEM Read -> 0xbda7
PASS | DMEM Read -> 0x34c
PASS | IMEM Read -> 0x39d1
PASS | DMEM Read Disabled -> 0x0
PASS | IMEM Read -> 0xc6ec
PASS | DMEM Read Disabled -> 0x0
PASS | IMEM Read -> 0x42ee
PASS | DMEM Read Disabled -> 0x0
PASS | IMEM Read -> 0xc606
PASS | DMEM Read Disabled -> 0x0
PASS | IMEM Read -> 0x2ae3
PASS | DMEM Read -> 0xccf7
PASS | IMEM Read -> 0xabcd
PASS | DMEM Read -> 0x2dea
PASS | IMEM Read -> 0xe469
PASS | DMEM Read Disabled -> 0x0
PASS | IMEM Read -> 0xcc49
PASS | DMEM Read Disabled -> 0x0
PASS | IMEM Read -> 0x17db
PASS | DMEM Read Disabled -> 0x0
PASS | IMEM Read -> 0x37d
PASS | DMEM Read Disabled -> 0x0
PASS | IMEM Read -> 0x8f67
PASS | DMEM Read Disabled -> 0x0
PASS | IMEM Read -> 0x2cc8
PASS | DMEM Read Disabled -> 0x0
PASS | IMEM Read -> 0x63f9
PASS | DMEM Read Disabled -> 0x0
PASS | IMEM Read -> 0xd8a8
PASS | DMEM Read Disabled -> 0x0
PASS | IMEM Read -> 0x5d47
PASS | DMEM Read -> 0x818b
PASS | IMEM Read -> 0xf33
PASS | DMEM Read Disabled -> 0x0
PASS | IMEM Read -> 0xfbe2
PASS | DMEM Read -> 0x65e2
PASS | IMEM Read -> 0x3c68
PASS | DMEM Read Disabled -> 0x0
PASS | IMEM Read -> 0xcd22
PASS | DMEM Read -> 0xc829
PASS | IMEM Read -> 0x8e3
PASS | DMEM Read Disabled -> 0x0
PASS | IMEM Read -> 0xca4e
PASS | DMEM Read Disabled -> 0x0
PASS | IMEM Read -> 0x5d6d
PASS | DMEM Read Disabled -> 0x0
PASS | IMEM Read -> 0xb815
PASS | DMEM Read -> 0xb4e5
PASS | IMEM Read -> 0x4f2e
PASS | DMEM Read Disabled -> 0x0
PASS | IMEM Read -> 0x433a
PASS | DMEM Read -> 0x3aec
PASS | IMEM Read -> 0x9278
PASS | DMEM Read Disabled -> 0x0
PASS | IMEM Read -> 0x9278
PASS | DMEM Read -> 0x6fa
PASS | IMEM Read -> 0x25f6
PASS | DMEM Read -> 0xf383
PASS | IMEM Read -> 0x8b9a
PASS | DMEM Read -> 0xc84e
PASS | IMEM Read -> 0x29eb
PASS | DMEM Read Disabled -> 0x0
PASS | IMEM Read -> 0x100c
PASS | DMEM Read -> 0x58da
PASS | IMEM Read -> 0x5e66
PASS | DMEM Read Disabled -> 0x0
PASS | IMEM Read -> 0x676d
PASS | DMEM Read -> 0x916e
PASS | IMEM Read -> 0x24b8
PASS | DMEM Read -> 0x1d1a
PASS | IMEM Read -> 0x5a0a
PASS | DMEM Read Disabled -> 0x0
PASS | IMEM Read -> 0x8e3
PASS | DMEM Read Disabled -> 0x0
PASS | IMEM Read -> 0xfbe2
PASS | DMEM Read Disabled -> 0x0
PASS | IMEM Read -> 0xa323
PASS | DMEM Read -> 0xaa4f
PASS | IMEM Read -> 0x4f12
PASS | DMEM Read Disabled -> 0x0
PASS | IMEM Read -> 0xc0a0
PASS | DMEM Read -> 0xe6a0
PASS | IMEM Read -> 0xc440
PASS | DMEM Read -> 0x6c2e
PASS | IMEM Read -> 0x5942
PASS | DMEM Read -> 0x4abd
PASS | IMEM Read -> 0xcb2c
PASS | DMEM Read Disabled -> 0x0
PASS | IMEM Read -> 0xe79
PASS | DMEM Read Disabled -> 0x0
PASS | IMEM Read -> 0x1a67
PASS | DMEM Read Disabled -> 0x0
PASS | IMEM Read -> 0xf023
PASS | DMEM Read Disabled -> 0x0
PASS | IMEM Read -> 0xb1b8
PASS | DMEM Read -> 0xc7af
PASS | IMEM Read -> 0x2b2c
PASS | DMEM Read Disabled -> 0x0
PASS | IMEM Read -> 0xcd22
PASS | DMEM Read -> 0xbf34
PASS | IMEM Read -> 0x92a3
PASS | DMEM Read Disabled -> 0x0
PASS | IMEM Read -> 0xcbf1
PASS | DMEM Read Disabled -> 0x0
PASS | IMEM Read -> 0x18b7
PASS | DMEM Read -> 0x723c
PASS | IMEM Read -> 0x1c3c
PASS | DMEM Read Disabled -> 0x0
PASS | IMEM Read -> 0xef8f
PASS | DMEM Read Disabled -> 0x0
PASS | IMEM Read -> 0x2bca
PASS | DMEM Read Disabled -> 0x0
PASS | IMEM Read -> 0x9537
PASS | DMEM Read -> 0xb43f
PASS | IMEM Read -> 0xd47c
PASS | DMEM Read Disabled -> 0x0
PASS | IMEM Read -> 0x989c
PASS | DMEM Read -> 0x795a
PASS | IMEM Read -> 0xe47f
PASS | DMEM Read Disabled -> 0x0
PASS | IMEM Read -> 0x29eb
PASS | DMEM Read Disabled -> 0x0
PASS | IMEM Read -> 0xcebf
PASS | DMEM Read -> 0xc637
PASS | IMEM Read -> 0xd47c
PASS | DMEM Read Disabled -> 0x0
PASS | IMEM Read -> 0xffea
PASS | DMEM Read Disabled -> 0x0
PASS | IMEM Read -> 0xa54c
PASS | DMEM Read Disabled -> 0x0
PASS | IMEM Read -> 0x57f6
PASS | DMEM Read Disabled -> 0x0
PASS | IMEM Read -> 0x5e66
PASS | DMEM Read Disabled -> 0x0
PASS | IMEM Read -> 0x80ed
PASS | DMEM Read -> 0x6093
PASS | IMEM Read -> 0x6da5
PASS | DMEM Read -> 0x917
PASS | IMEM Read -> 0x433a
PASS | DMEM Read Disabled -> 0x0
PASS | IMEM Read -> 0xd304
PASS | DMEM Read Disabled -> 0x0
PASS | IMEM Read -> 0xb8f2
PASS | DMEM Read Disabled -> 0x0
PASS | IMEM Read -> 0xfbe2
PASS | DMEM Read Disabled -> 0x0
PASS | IMEM Read -> 0x9c8c
PASS | DMEM Read -> 0x22d5
PASS | IMEM Read -> 0x9278
PASS | DMEM Read Disabled -> 0x0
PASS | IMEM Read -> 0xfbe2
PASS | DMEM Read Disabled -> 0x0
PASS | IMEM Read -> 0x2a3a
PASS | DMEM Read Disabled -> 0x0
PASS | IMEM Read -> 0x4f12
PASS | DMEM Read Disabled -> 0x0
PASS | IMEM Read -> 0x568c
PASS | DMEM Read -> 0xed09
PASS | IMEM Read -> 0x4f12
PASS | DMEM Read -> 0xbe51
PASS | IMEM Read -> 0xfa76
PASS | DMEM Read -> 0x928c
PASS | IMEM Read -> 0x5a4a
PASS | DMEM Read -> 0x864b
PASS | IMEM Read -> 0x4c71
PASS | DMEM Read Disabled -> 0x0
PASS | IMEM Read -> 0xad9
PASS | DMEM Read -> 0xc172
PASS | IMEM Read -> 0xa09d
PASS | DMEM Read -> 0x42bd
PASS | IMEM Read -> 0xcebf
PASS | DMEM Read Disabled -> 0x0
PASS | IMEM Read -> 0xcd22
PASS | DMEM Read -> 0x6244
PASS | IMEM Read -> 0x2b2c
PASS | DMEM Read -> 0x4d40
PASS | IMEM Read -> 0x242
PASS | DMEM Read Disabled -> 0x0
PASS | IMEM Read -> 0xe853
PASS | DMEM Read Disabled -> 0x0
PASS | IMEM Read -> 0x651d
PASS | DMEM Read -> 0x6647
PASS | IMEM Read -> 0x245d
PASS | DMEM Read Disabled -> 0x0
PASS | IMEM Read -> 0xbacc
PASS | DMEM Read Disabled -> 0x0
PASS | IMEM Read -> 0x8341
PASS | DMEM Read Disabled -> 0x0
PASS | IMEM Read -> 0x1ec1
PASS | DMEM Read Disabled -> 0x0
PASS | IMEM Read -> 0xb1b8
PASS | DMEM Read Disabled -> 0x0
PASS | IMEM Read -> 0x852a
PASS | DMEM Read -> 0xe237
PASS | IMEM Read -> 0x5f21
PASS | DMEM Read Disabled -> 0x0
PASS | IMEM Read -> 0xcbf1
PASS | DMEM Read Disabled -> 0x0
PASS | IMEM Read -> 0xd321
PASS | DMEM Read -> 0xbeee
PASS | IMEM Read -> 0xa5fc
PASS | DMEM Read -> 0x8a85
PASS | IMEM Read -> 0x915b
PASS | DMEM Read Disabled -> 0x0
PASS | IMEM Read -> 0xca4e
PASS | DMEM Read Disabled -> 0x0
PASS | IMEM Read -> 0x8341
PASS | DMEM Read -> 0x71e5
PASS | IMEM Read -> 0x390f
PASS | DMEM Read Disabled -> 0x0
PASS | IMEM Read -> 0x7a48
PASS | DMEM Read -> 0x9a8c
PASS | IMEM Read -> 0x390f
PASS | DMEM Read -> 0x99e0
PASS | IMEM Read -> 0xa5fc
PASS | DMEM Read Disabled -> 0x0
PASS | IMEM Read -> 0x91b
PASS | DMEM Read -> 0xf74f
PASS | IMEM Read -> 0x8e3
PASS | DMEM Read Disabled -> 0x0
PASS | IMEM Read -> 0x8e1f
PASS | DMEM Read Disabled -> 0x0
PASS | IMEM Read -> 0x7068
PASS | DMEM Read Disabled -> 0x0
PASS | IMEM Read -> 0x4c71
PASS | DMEM Read Disabled -> 0x0
PASS | IMEM Read -> 0x6d
PASS | DMEM Read Disabled -> 0x0
PASS | IMEM Read -> 0x9d
PASS | DMEM Read -> 0x9446
PASS | IMEM Read -> 0xcd22
PASS | DMEM Read -> 0xcada
PASS | IMEM Read -> 0x57f6
PASS | DMEM Read Disabled -> 0x0
PASS | IMEM Read -> 0x651d
PASS | DMEM Read Disabled -> 0x0
PASS | IMEM Read -> 0x438b
PASS | DMEM Read Disabled -> 0x0
PASS | IMEM Read -> 0x5bfc
PASS | DMEM Read Disabled -> 0x0
PASS | IMEM Read -> 0x6d
PASS | DMEM Read Disabled -> 0x0
PASS | IMEM Read -> 0x4c71
PASS | DMEM Read Disabled -> 0x0
PASS | IMEM Read -> 0x4340
PASS | DMEM Read Disabled -> 0x0
PASS | IMEM Read -> 0x7068
PASS | DMEM Read -> 0xad8c
PASS | IMEM Read -> 0xdf5b
PASS | DMEM Read Disabled -> 0x0
PASS | IMEM Read -> 0xb505
PASS | DMEM Read -> 0x8adc
PASS | IMEM Read -> 0xdca6
PASS | DMEM Read -> 0x723c
PASS | IMEM Read -> 0xb505
PASS | DMEM Read -> 0x4727
PASS | IMEM Read -> 0x7c6d
PASS | DMEM Read Disabled -> 0x0
PASS | IMEM Read -> 0x92a3
PASS | DMEM Read Disabled -> 0x0
PASS | IMEM Read -> 0x4601
PASS | DMEM Read -> 0x1561
PASS | IMEM Read -> 0x9ea3
PASS | DMEM Read Disabled -> 0x0
PASS | IMEM Read -> 0x5e66
PASS | DMEM Read Disabled -> 0x0
PASS | IMEM Read -> 0x698f
PASS | DMEM Read Disabled -> 0x0
PASS | IMEM Read -> 0x53f6
PASS | DMEM Read Disabled -> 0x0
PASS | IMEM Read -> 0xfe9d
PASS | DMEM Read -> 0xa022
PASS | IMEM Read -> 0x8a2b
PASS | DMEM Read Disabled -> 0x0
PASS | IMEM Read -> 0x57aa
PASS | DMEM Read Disabled -> 0x0
PASS | IMEM Read -> 0x390f
PASS | DMEM Read Disabled -> 0x0
PASS | IMEM Read -> 0xcd6c
PASS | DMEM Read Disabled -> 0x0
PASS | IMEM Read -> 0xb32f
PASS | DMEM Read Disabled -> 0x0
PASS | IMEM Read -> 0x7a48
PASS | DMEM Read -> 0x603
PASS | IMEM Read -> 0x901d
PASS | DMEM Read Disabled -> 0x0
PASS | IMEM Read -> 0x37d
PASS | DMEM Read Disabled -> 0x0
PASS | IMEM Read -> 0xfd1
PASS | DMEM Read Disabled -> 0x0
PASS | IMEM Read -> 0xd40c
PASS | DMEM Read Disabled -> 0x0
PASS | IMEM Read -> 0xb4ca
PASS | DMEM Read Disabled -> 0x0
PASS | IMEM Read -> 0x9537
PASS | DMEM Read Disabled -> 0x0
PASS | IMEM Read -> 0x4f12
PASS | DMEM Read Disabled -> 0x0
PASS | IMEM Read -> 0xcd22
PASS | DMEM Read -> 0xdf67
PASS | IMEM Read -> 0x34bb
PASS | DMEM Read -> 0x5134
PASS | IMEM Read -> 0x5bfc
PASS | DMEM Read Disabled -> 0x0
PASS | IMEM Read -> 0x698f
PASS | DMEM Read Disabled -> 0x0
PASS | IMEM Read -> 0x100c
PASS | DMEM Read Disabled -> 0x0
PASS | IMEM Read -> 0x568c
PASS | DMEM Read Disabled -> 0x0
PASS | IMEM Read -> 0x89c2
PASS | DMEM Read Disabled -> 0x0
PASS | IMEM Read -> 0x79f7
PASS | DMEM Read Disabled -> 0x0
PASS | IMEM Read -> 0x173e
PASS | DMEM Read Disabled -> 0x0
PASS | IMEM Read -> 0xcc49
PASS | DMEM Read -> 0x7873
PASS | IMEM Read -> 0x5f21
PASS | DMEM Read -> 0xfb6b
PASS | IMEM Read -> 0x59f3
PASS | DMEM Read -> 0x512b
PASS | IMEM Read -> 0xdca6
PASS | DMEM Read Disabled -> 0x0
PASS | IMEM Read -> 0x433a
PASS | DMEM Read -> 0x1f9a
PASS | IMEM Read -> 0xa323
PASS | DMEM Read -> 0xa7c6
PASS | IMEM Read -> 0xcebf
PASS | DMEM Read Disabled -> 0x0
PASS | IMEM Read -> 0xf774
PASS | DMEM Read Disabled -> 0x0
PASS | IMEM Read -> 0x7f3d
PASS | DMEM Read Disabled -> 0x0
PASS | IMEM Read -> 0x8e1f
PASS | DMEM Read Disabled -> 0x0
PASS | IMEM Read -> 0x42ee
PASS | DMEM Read Disabled -> 0x0
PASS | IMEM Read -> 0x7fb1
PASS | DMEM Read Disabled -> 0x0
PASS | IMEM Read -> 0xebf8
PASS | DMEM Read Disabled -> 0x0
PASS | IMEM Read -> 0x39d1
PASS | DMEM Read Disabled -> 0x0
PASS | IMEM Read -> 0xbb95
PASS | DMEM Read -> 0x2819
PASS | IMEM Read -> 0x7fb1
PASS | DMEM Read Disabled -> 0x0
PASS | IMEM Read -> 0x723d
PASS | DMEM Read Disabled -> 0x0
PASS | IMEM Read -> 0x9c8c
PASS | DMEM Read Disabled -> 0x0
PASS | IMEM Read -> 0xa54c
PASS | DMEM Read -> 0xa1d0
PASS | IMEM Read -> 0x3c72
PASS | DMEM Read -> 0xa1d0
PASS | IMEM Read -> 0x1b56
PASS | DMEM Read -> 0x9b88
PASS | IMEM Read -> 0x5f21
PASS | DMEM Read -> 0x2c09
PASS | IMEM Read -> 0x29eb
PASS | DMEM Read Disabled -> 0x0
PASS | IMEM Read -> 0x2885
PASS | DMEM Read Disabled -> 0x0
PASS | IMEM Read -> 0x1c45
PASS | DMEM Read Disabled -> 0x0
PASS | IMEM Read -> 0x477c
PASS | DMEM Read Disabled -> 0x0
PASS | IMEM Read -> 0x6e2a
PASS | DMEM Read Disabled -> 0x0
PASS | IMEM Read -> 0xc1c3
PASS | DMEM Read Disabled -> 0x0
PASS | IMEM Read -> 0xa323
PASS | DMEM Read Disabled -> 0x0
PASS | IMEM Read -> 0xcc49
PASS | DMEM Read Disabled -> 0x0
PASS | IMEM Read -> 0x1913
PASS | DMEM Read Disabled -> 0x0
PASS | IMEM Read -> 0xffea
PASS | DMEM Read -> 0xd251
PASS | IMEM Read -> 0x3c72
PASS | DMEM Read Disabled -> 0x0
PASS | IMEM Read -> 0x723d
PASS | DMEM Read -> 0xe848
PASS | IMEM Read -> 0x5a76
PASS | DMEM Read Disabled -> 0x0
PASS | IMEM Read -> 0x5160
PASS | DMEM Read Disabled -> 0x0
PASS | IMEM Read -> 0xa191
PASS | DMEM Read Disabled -> 0x0
PASS | IMEM Read -> 0x374a
PASS | DMEM Read Disabled -> 0x0
PASS | IMEM Read -> 0x4601
PASS | DMEM Read Disabled -> 0x0
PASS | IMEM Read -> 0x477c
PASS | DMEM Read -> 0xaeb4
PASS | IMEM Read -> 0x1c45
PASS | DMEM Read -> 0x1393
PASS | IMEM Read -> 0x1c4c
PASS | DMEM Read Disabled -> 0x0
PASS | IMEM Read -> 0x3c68
PASS | DMEM Read Disabled -> 0x0
PASS | IMEM Read -> 0xa323
PASS | DMEM Read -> 0x8a95
PASS | IMEM Read -> 0xc5
PASS | DMEM Read -> 0x9a8c
PASS | IMEM Read -> 0x91b
PASS | DMEM Read Disabled -> 0x0
PASS | IMEM Read -> 0x4340
PASS | DMEM Read Disabled -> 0x0
PASS | IMEM Read -> 0xbe50
PASS | DMEM Read Disabled -> 0x0
PASS | IMEM Read -> 0x2566
PASS | DMEM Read Disabled -> 0x0
PASS | IMEM Read -> 0x6126
PASS | DMEM Read Disabled -> 0x0
PASS | IMEM Read -> 0x292
PASS | DMEM Read -> 0xde95
PASS | IMEM Read -> 0x80ac
PASS | DMEM Read Disabled -> 0x0
PASS | IMEM Read -> 0x96ec
PASS | DMEM Read Disabled -> 0x0
PASS | IMEM Read -> 0xbe50
PASS | DMEM Read Disabled -> 0x0
PASS | IMEM Read -> 0x9d
PASS | DMEM Read Disabled -> 0x0
PASS | IMEM Read -> 0x525b
PASS | DMEM Read -> 0x3d18
PASS | IMEM Read -> 0x4156
PASS | DMEM Read Disabled -> 0x0
PASS | IMEM Read -> 0x12b3
PASS | DMEM Read -> 0xd103
PASS | IMEM Read -> 0x7f3d
PASS | DMEM Read Disabled -> 0x0
PASS | IMEM Read -> 0xe79
PASS | DMEM Read Disabled -> 0x0
PASS | IMEM Read -> 0x676d
PASS | DMEM Read Disabled -> 0x0
PASS | IMEM Read -> 0x34bb
PASS | DMEM Read Disabled -> 0x0
PASS | IMEM Read -> 0x5d0c
PASS | DMEM Read Disabled -> 0x0
PASS | IMEM Read -> 0x4f2e
PASS | DMEM Read -> 0x63eb
PASS | IMEM Read -> 0x42d4
PASS | DMEM Read -> 0xc2f0
PASS | IMEM Read -> 0x723d
PASS | DMEM Read -> 0x8a88
PASS | IMEM Read -> 0x7774
PASS | DMEM Read Disabled -> 0x0
PASS | IMEM Read -> 0xb505
PASS | DMEM Read -> 0xb43f
PASS | IMEM Read -> 0x34bb
PASS | DMEM Read Disabled -> 0x0
PASS | IMEM Read -> 0xb69e
PASS | DMEM Read Disabled -> 0x0
PASS | IMEM Read -> 0xfab
PASS | DMEM Read -> 0x4fd2
PASS | IMEM Read -> 0x37d
PASS | DMEM Read -> 0xc7af
PASS | IMEM Read -> 0xb43f
PASS | DMEM Read Disabled -> 0x0
PASS | IMEM Read -> 0x433a
PASS | DMEM Read -> 0xded
PASS | IMEM Read -> 0xf023
PASS | DMEM Read Disabled -> 0x0
PASS | IMEM Read -> 0xe969
PASS | DMEM Read Disabled -> 0x0
PASS | IMEM Read -> 0x1ec1
PASS | DMEM Read -> 0xc07d
PASS | IMEM Read -> 0x386b
PASS | DMEM Read Disabled -> 0x0
PASS | IMEM Read -> 0x374a
PASS | DMEM Read Disabled -> 0x0
PASS | IMEM Read -> 0x94e5
PASS | DMEM Read Disabled -> 0x0
PASS | IMEM Read -> 0x891
PASS | DMEM Read Disabled -> 0x0
PASS | IMEM Read -> 0x4499
PASS | DMEM Read Disabled -> 0x0
PASS | IMEM Read -> 0x9767
PASS | DMEM Read -> 0x1c46
PASS | IMEM Read -> 0x1b56
PASS | DMEM Read -> 0x916e
PASS | IMEM Read -> 0x3d3
PASS | DMEM Read -> 0x6e67
PASS | IMEM Read -> 0x438b
PASS | DMEM Read Disabled -> 0x0
PASS | IMEM Read -> 0x89c2
PASS | DMEM Read Disabled -> 0x0
PASS | IMEM Read -> 0x5a0a
PASS | DMEM Read Disabled -> 0x0
PASS | IMEM Read -> 0xee77
PASS | DMEM Read Disabled -> 0x0
PASS | IMEM Read -> 0x97ed
PASS | DMEM Read Disabled -> 0x0
PASS | IMEM Read -> 0x335
PASS | DMEM Read Disabled -> 0x0
PASS | IMEM Read -> 0xfaf1
PASS | DMEM Read Disabled -> 0x0
PASS | IMEM Read -> 0xb746
PASS | DMEM Read -> 0xfa1d
PASS | IMEM Read -> 0x374a
PASS | DMEM Read -> 0x740c
PASS | IMEM Read -> 0x25f6
PASS | DMEM Read Disabled -> 0x0
PASS | IMEM Read -> 0xa09d
PASS | DMEM Read Disabled -> 0x0
PASS | IMEM Read -> 0x4499
PASS | DMEM Read -> 0xfcea
PASS | IMEM Read -> 0xfa76
PASS | DMEM Read Disabled -> 0x0
PASS | IMEM Read -> 0xcd6c
PASS | DMEM Read Disabled -> 0x0
PASS | IMEM Read -> 0xa323
PASS | DMEM Read Disabled -> 0x0
PASS | IMEM Read -> 0xa262
PASS | DMEM Read Disabled -> 0x0
PASS | IMEM Read -> 0x9bfb
PASS | DMEM Read -> 0x719
PASS | IMEM Read -> 0x92a3
PASS | DMEM Read Disabled -> 0x0
PASS | IMEM Read -> 0x737e
PASS | DMEM Read Disabled -> 0x0
PASS | IMEM Read -> 0x97ed
PASS | DMEM Read -> 0x8a95
PASS | IMEM Read -> 0xd304
PASS | DMEM Read Disabled -> 0x0
PASS | IMEM Read -> 0xb505
PASS | DMEM Read Disabled -> 0x0
PASS | IMEM Read -> 0x2885
PASS | DMEM Read Disabled -> 0x0
PASS | IMEM Read -> 0xb43f
PASS | DMEM Read -> 0xf941
PASS | IMEM Read -> 0x8e3
PASS | DMEM Read Disabled -> 0x0
PASS | IMEM Read -> 0xf774
PASS | DMEM Read Disabled -> 0x0
PASS | IMEM Read -> 0x6d
PASS | DMEM Read -> 0x2438
PASS | IMEM Read -> 0xcb2c
PASS | DMEM Read Disabled -> 0x0
PASS | IMEM Read -> 0x9278
PASS | DMEM Read -> 0x52ec
PASS | IMEM Read -> 0xfaf1
PASS | DMEM Read Disabled -> 0x0
PASS | IMEM Read -> 0x2c36
PASS | DMEM Read Disabled -> 0x0
PASS | IMEM Read -> 0x1bba
PASS | DMEM Read Disabled -> 0x0
PASS | IMEM Read -> 0x8341
PASS | DMEM Read -> 0x710
PASS | IMEM Read -> 0x5d0c
PASS | DMEM Read Disabled -> 0x0
PASS | IMEM Read -> 0x2566
PASS | DMEM Read Disabled -> 0x0
PASS | IMEM Read -> 0x636c
PASS | DMEM Read -> 0x1561
PASS | IMEM Read -> 0x2566
PASS | DMEM Read Disabled -> 0x0
PASS | IMEM Read -> 0x390f
PASS | DMEM Read -> 0x7a9b
PASS | IMEM Read -> 0x5e1a
PASS | DMEM Read Disabled -> 0x0
PASS | IMEM Read -> 0x7774
PASS | DMEM Read Disabled -> 0x0
PASS | IMEM Read -> 0x3e2
PASS | DMEM Read Disabled -> 0x0
PASS | IMEM Read -> 0x5b80
PASS | DMEM Read -> 0x8a85
PASS | IMEM Read -> 0xe853
PASS | DMEM Read Disabled -> 0x0
PASS | IMEM Read -> 0xf98d
PASS | DMEM Read Disabled -> 0x0
PASS | IMEM Read -> 0x2515
PASS | DMEM Read Disabled -> 0x0
PASS | IMEM Read -> 0x42ee
PASS | DMEM Read -> 0x719
PASS | IMEM Read -> 0xfbe2
PASS | DMEM Read -> 0x82da
PASS | IMEM Read -> 0xcebf
PASS | DMEM Read Disabled -> 0x0
PASS | IMEM Read -> 0xc6d2
PASS | DMEM Read Disabled -> 0x0
PASS | IMEM Read -> 0xfbe2
PASS | DMEM Read Disabled -> 0x0
PASS | IMEM Read -> 0x433a
PASS | DMEM Read -> 0xb4e5
PASS | IMEM Read -> 0xe969
PASS | DMEM Read Disabled -> 0x0
PASS | IMEM Read -> 0x1c3c
PASS | DMEM Read Disabled -> 0x0
PASS | IMEM Read -> 0xf774
PASS | DMEM Read -> 0x9e9
PASS | IMEM Read -> 0x1924
PASS | DMEM Read -> 0x2dea
PASS | IMEM Read -> 0xa54c
PASS | DMEM Read -> 0xff3d
PASS | IMEM Read -> 0x92a3
PASS | DMEM Read Disabled -> 0x0
PASS | IMEM Read -> 0xbe50
PASS | DMEM Read Disabled -> 0x0
PASS | IMEM Read -> 0x5bfc
PASS | DMEM Read -> 0xb0f0
PASS | IMEM Read -> 0xef4
PASS | DMEM Read Disabled -> 0x0
PASS | IMEM Read -> 0x5e66
PASS | DMEM Read Disabled -> 0x0
PASS | IMEM Read -> 0xf810
PASS | DMEM Read Disabled -> 0x0
PASS | IMEM Read -> 0xf8b3
PASS | DMEM Read -> 0xc84e
PASS | IMEM Read -> 0x42ee
PASS | DMEM Read Disabled -> 0x0
PASS | IMEM Read -> 0x80ed
PASS | DMEM Read Disabled -> 0x0
PASS | IMEM Read -> 0x2bca
PASS | DMEM Read -> 0xad9e
PASS | IMEM Read -> 0xca9
PASS | DMEM Read -> 0xf383
PASS | IMEM Read -> 0x91f7
PASS | DMEM Read -> 0x5134
PASS | IMEM Read -> 0xe624
PASS | DMEM Read Disabled -> 0x0
PASS | IMEM Read -> 0x5a0a
PASS | DMEM Read -> 0x710
PASS | IMEM Read -> 0xf810
PASS | DMEM Read Disabled -> 0x0
PASS | IMEM Read -> 0x7a48
PASS | DMEM Read -> 0x719
PASS | IMEM Read -> 0x7774
PASS | DMEM Read Disabled -> 0x0
PASS | IMEM Read -> 0x9ea3
PASS | DMEM Read Disabled -> 0x0
PASS | IMEM Read -> 0xa8e8
PASS | DMEM Read Disabled -> 0x0
PASS | IMEM Read -> 0xbe18
PASS | DMEM Read -> 0xc25c
PASS | IMEM Read -> 0x12b3
PASS | DMEM Read Disabled -> 0x0
PASS | IMEM Read -> 0xe469
PASS | DMEM Read -> 0xf6fb

=== SUMMARY ===
Passed: 20000
Failed: 0
