=== REG_FILE UNIT TEST REPORT ===
PASS | Read RS1 | addr=4 -> data=0x0
PASS | Read RS2 | addr=1 -> data=0x0
PASS | Read RS1 | addr=5 -> data=0x0
PASS | Read RS2 | addr=2 -> data=0x0
PASS | Read RS1 | addr=5 -> data=0x0
PASS | Read RS2 | addr=4 -> data=0x0
PASS | Read RS1 | addr=5 -> data=0x0
PASS | Read RS2 | addr=7 -> data=0x5663
PASS | Read RS1 | addr=0 -> data=0x0
PASS | Read RS2 | addr=5 -> data=0x0
PASS | Read RS1 | addr=3 -> data=0x0
PASS | Read RS2 | addr=2 -> data=0x0
PASS | Read RS1 | addr=6 -> data=0x0
PASS | Read RS2 | addr=3 -> data=0x0
PASS | Read RS1 | addr=2 -> data=0x0
PASS | Read RS2 | addr=6 -> data=0x0
PASS | Read RS1 | addr=2 -> data=0x618a
PASS | Read RS2 | addr=4 -> data=0x0
PASS | Read RS1 | addr=0 -> data=0x0
PASS | Read RS2 | addr=1 -> data=0x24c6
PASS | Read RS1 | addr=4 -> data=0x0
PASS | Read RS2 | addr=2 -> data=0x618a
PASS | Read RS1 | addr=3 -> data=0x0
PASS | Read RS2 | addr=2 -> data=0x618a
PASS | Read RS1 | addr=2 -> data=0x618a
PASS | Read RS2 | addr=4 -> data=0x0
PASS | Read RS1 | addr=7 -> data=0x4b15
PASS | Read RS2 | addr=4 -> data=0x0
PASS | Read RS1 | addr=7 -> data=0x4b15
PASS | Read RS2 | addr=1 -> data=0x24c6
PASS | Read RS1 | addr=7 -> data=0x7e
PASS | Read RS2 | addr=5 -> data=0x72cf
PASS | Read RS1 | addr=7 -> data=0x8878
PASS | Read RS2 | addr=3 -> data=0x3789
PASS | Read RS1 | addr=7 -> data=0x8878
PASS | Read RS2 | addr=2 -> data=0x618a
PASS | Read RS1 | addr=2 -> data=0x618a
PASS | Read RS2 | addr=6 -> data=0x0
PASS | Read RS1 | addr=7 -> data=0xb4a3
PASS | Read RS2 | addr=4 -> data=0x0
PASS | Read RS1 | addr=1 -> data=0x24c6
PASS | Read RS2 | addr=5 -> data=0x72cf
PASS | Read RS1 | addr=1 -> data=0x24c6
PASS | Read RS2 | addr=4 -> data=0x0
PASS | Read RS1 | addr=4 -> data=0x0
PASS | Read RS2 | addr=2 -> data=0x618a
PASS | Read RS1 | addr=7 -> data=0xb665
PASS | Read RS2 | addr=2 -> data=0x618a
PASS | Read RS1 | addr=4 -> data=0x0
PASS | Read RS2 | addr=3 -> data=0x3789
PASS | Read RS1 | addr=1 -> data=0x24c6
PASS | Read RS2 | addr=5 -> data=0x72cf
PASS | Read RS1 | addr=6 -> data=0x8a38
PASS | Read RS2 | addr=4 -> data=0x0
PASS | Read RS1 | addr=0 -> data=0x0
PASS | Read RS2 | addr=5 -> data=0x72cf
PASS | Read RS1 | addr=5 -> data=0x72cf
PASS | Read RS2 | addr=1 -> data=0x24c6
PASS | Read RS1 | addr=6 -> data=0x8a38
PASS | Read RS2 | addr=0 -> data=0x0
PASS | Read RS1 | addr=5 -> data=0x72cf
PASS | Read RS2 | addr=2 -> data=0x618a
PASS | Read RS1 | addr=6 -> data=0x8a38
PASS | Read RS2 | addr=6 -> data=0x8a38
PASS | Read RS1 | addr=6 -> data=0x8a38
PASS | Read RS2 | addr=3 -> data=0x3789
PASS | Read RS1 | addr=7 -> data=0x9650
PASS | Read RS2 | addr=1 -> data=0x24c6
PASS | Read RS1 | addr=1 -> data=0x24c6
PASS | Read RS2 | addr=1 -> data=0x24c6
PASS | Read RS1 | addr=4 -> data=0x0
PASS | Read RS2 | addr=2 -> data=0x618a
PASS | Read RS1 | addr=6 -> data=0x8a38
PASS | Read RS2 | addr=6 -> data=0x8a38
PASS | Read RS1 | addr=6 -> data=0x8a38
PASS | Read RS2 | addr=0 -> data=0x0
PASS | Read RS1 | addr=3 -> data=0x3789
PASS | Read RS2 | addr=7 -> data=0x80a8
PASS | Read RS1 | addr=2 -> data=0x618a
PASS | Read RS2 | addr=4 -> data=0x0
PASS | Read RS1 | addr=2 -> data=0x618a
PASS | Read RS2 | addr=5 -> data=0x72cf
PASS | Read RS1 | addr=1 -> data=0x24c6
PASS | Read RS2 | addr=6 -> data=0x8a38
PASS | Read RS1 | addr=6 -> data=0x8a38
PASS | Read RS2 | addr=5 -> data=0x72cf
PASS | Read RS1 | addr=3 -> data=0x3789
PASS | Read RS2 | addr=2 -> data=0x618a
PASS | Read RS1 | addr=6 -> data=0x8a38
PASS | Read RS2 | addr=5 -> data=0x72cf
PASS | Read RS1 | addr=1 -> data=0x24c6
PASS | Read RS2 | addr=3 -> data=0x3789
PASS | Read RS1 | addr=2 -> data=0x618a
PASS | Read RS2 | addr=4 -> data=0x9d18
PASS | Read RS1 | addr=1 -> data=0xf2b
PASS | Read RS2 | addr=5 -> data=0x72cf
PASS | Read RS1 | addr=7 -> data=0x1e0b
PASS | Read RS2 | addr=1 -> data=0xf2b
PASS | Read RS1 | addr=4 -> data=0x9d18
PASS | Read RS2 | addr=2 -> data=0x618a
PASS | Read RS1 | addr=3 -> data=0x3789
PASS | Read RS2 | addr=5 -> data=0x72cf
PASS | Read RS1 | addr=7 -> data=0xbbdb
PASS | Read RS2 | addr=1 -> data=0xf2b
PASS | Read RS1 | addr=1 -> data=0xf2b
PASS | Read RS2 | addr=2 -> data=0x2045
PASS | Read RS1 | addr=2 -> data=0x2045
PASS | Read RS2 | addr=6 -> data=0x8a38
PASS | Read RS1 | addr=0 -> data=0x0
PASS | Read RS2 | addr=0 -> data=0x0
PASS | Read RS1 | addr=4 -> data=0x9d18
PASS | Read RS2 | addr=1 -> data=0xf2b
PASS | Read RS1 | addr=5 -> data=0x72cf
PASS | Read RS2 | addr=1 -> data=0xf2b
PASS | Read RS1 | addr=5 -> data=0xe25a
PASS | Read RS2 | addr=1 -> data=0xf2b
PASS | Read RS1 | addr=4 -> data=0x9d18
PASS | Read RS2 | addr=1 -> data=0xf2b
PASS | Read RS1 | addr=4 -> data=0x9d18
PASS | Read RS2 | addr=5 -> data=0xe25a
PASS | Read RS1 | addr=5 -> data=0xe25a
PASS | Read RS2 | addr=5 -> data=0xe25a
PASS | Read RS1 | addr=3 -> data=0xe5b6
PASS | Read RS2 | addr=7 -> data=0x29e3
PASS | Read RS1 | addr=4 -> data=0x9d18
PASS | Read RS2 | addr=5 -> data=0xe25a
PASS | Read RS1 | addr=5 -> data=0xe25a
PASS | Read RS2 | addr=2 -> data=0x2045
PASS | Read RS1 | addr=7 -> data=0x29e3
PASS | Read RS2 | addr=2 -> data=0x2045
PASS | Read RS1 | addr=2 -> data=0x2045
PASS | Read RS2 | addr=3 -> data=0xe5b6
PASS | Read RS1 | addr=1 -> data=0xf2b
PASS | Read RS2 | addr=4 -> data=0x9d18
PASS | Read RS1 | addr=6 -> data=0x8a38
PASS | Read RS2 | addr=1 -> data=0xf2b
PASS | Read RS1 | addr=7 -> data=0xffe8
PASS | Read RS2 | addr=2 -> data=0x2045
PASS | Read RS1 | addr=4 -> data=0x9d18
PASS | Read RS2 | addr=3 -> data=0xe5b6
PASS | Read RS1 | addr=4 -> data=0x9d18
PASS | Read RS2 | addr=7 -> data=0x65c9
PASS | Read RS1 | addr=1 -> data=0xf2b
PASS | Read RS2 | addr=0 -> data=0x0
PASS | Read RS1 | addr=0 -> data=0x0
PASS | Read RS2 | addr=5 -> data=0xe25a
PASS | Read RS1 | addr=2 -> data=0x2045
PASS | Read RS2 | addr=2 -> data=0x2045
PASS | Read RS1 | addr=3 -> data=0xe5b6
PASS | Read RS2 | addr=6 -> data=0x8a38
PASS | Read RS1 | addr=4 -> data=0x6f93
PASS | Read RS2 | addr=1 -> data=0xf2b
PASS | Read RS1 | addr=1 -> data=0xf2b
PASS | Read RS2 | addr=7 -> data=0x7c00
PASS | Read RS1 | addr=0 -> data=0x0
PASS | Read RS2 | addr=7 -> data=0x5a30
PASS | Read RS1 | addr=4 -> data=0x6f93
PASS | Read RS2 | addr=7 -> data=0xade9
PASS | Read RS1 | addr=3 -> data=0xe5b6
PASS | Read RS2 | addr=0 -> data=0x0
PASS | Read RS1 | addr=6 -> data=0x8a38
PASS | Read RS2 | addr=7 -> data=0xade9
PASS | Read RS1 | addr=1 -> data=0xf2b
PASS | Read RS2 | addr=5 -> data=0xe25a
PASS | Read RS1 | addr=4 -> data=0x6f93
PASS | Read RS2 | addr=1 -> data=0xf2b
PASS | Read RS1 | addr=5 -> data=0xe25a
PASS | Read RS2 | addr=0 -> data=0x0
PASS | Read RS1 | addr=5 -> data=0xe25a
PASS | Read RS2 | addr=6 -> data=0x4d60
PASS | Read RS1 | addr=3 -> data=0xe5b6
PASS | Read RS2 | addr=7 -> data=0xdb9
PASS | Read RS1 | addr=5 -> data=0xe25a
PASS | Read RS2 | addr=1 -> data=0xf2b
PASS | Read RS1 | addr=2 -> data=0x58d8
PASS | Read RS2 | addr=4 -> data=0x6f93
PASS | Read RS1 | addr=5 -> data=0xe25a
PASS | Read RS2 | addr=1 -> data=0xf2b
PASS | Read RS1 | addr=0 -> data=0x0
PASS | Read RS2 | addr=6 -> data=0x4d60
PASS | Read RS1 | addr=0 -> data=0x0
PASS | Read RS2 | addr=3 -> data=0xe5b6
PASS | Read RS1 | addr=3 -> data=0xe5b6
PASS | Read RS2 | addr=1 -> data=0xf2b
PASS | Read RS1 | addr=4 -> data=0x6f93
PASS | Read RS2 | addr=6 -> data=0x4d60
PASS | Read RS1 | addr=4 -> data=0x6f93
PASS | Read RS2 | addr=5 -> data=0xe25a
PASS | Read RS1 | addr=5 -> data=0xe25a
PASS | Read RS2 | addr=6 -> data=0x4d60
PASS | Read RS1 | addr=7 -> data=0xdc59
PASS | Read RS2 | addr=0 -> data=0x0
PASS | Read RS1 | addr=0 -> data=0x0
PASS | Read RS2 | addr=5 -> data=0xe25a
PASS | Read RS1 | addr=4 -> data=0x6f93
PASS | Read RS2 | addr=0 -> data=0x0
PASS | Read RS1 | addr=5 -> data=0xe25a
PASS | Read RS2 | addr=5 -> data=0xe25a
PASS | Read RS1 | addr=0 -> data=0x0
PASS | Read RS2 | addr=6 -> data=0x4d60
PASS | Read RS1 | addr=5 -> data=0xa63
PASS | Read RS2 | addr=7 -> data=0xb46
PASS | Read RS1 | addr=0 -> data=0x0
PASS | Read RS2 | addr=6 -> data=0x4d60
PASS | Read RS1 | addr=3 -> data=0xe5b6
PASS | Read RS2 | addr=0 -> data=0x0
PASS | Read RS1 | addr=3 -> data=0xe5b6
PASS | Read RS2 | addr=4 -> data=0x6f93
PASS | Read RS1 | addr=6 -> data=0x4d60
PASS | Read RS2 | addr=3 -> data=0xe5b6
PASS | Read RS1 | addr=2 -> data=0x58d8
PASS | Read RS2 | addr=0 -> data=0x0
PASS | Read RS1 | addr=2 -> data=0x58d8
PASS | Read RS2 | addr=4 -> data=0x6f93
PASS | Read RS1 | addr=2 -> data=0x58d8
PASS | Read RS2 | addr=1 -> data=0xfdc3
PASS | Read RS1 | addr=5 -> data=0xa63
PASS | Read RS2 | addr=7 -> data=0x4b1b
PASS | Read RS1 | addr=2 -> data=0x58d8
PASS | Read RS2 | addr=4 -> data=0x6f93
PASS | Read RS1 | addr=4 -> data=0x6f93
PASS | Read RS2 | addr=6 -> data=0x4d60
PASS | Read RS1 | addr=1 -> data=0xfdc3
PASS | Read RS2 | addr=3 -> data=0xe5b6
PASS | Read RS1 | addr=3 -> data=0xe5b6
PASS | Read RS2 | addr=5 -> data=0xa63
PASS | Read RS1 | addr=3 -> data=0xe5b6
PASS | Read RS2 | addr=6 -> data=0x4d60
PASS | Read RS1 | addr=6 -> data=0x4d60
PASS | Read RS2 | addr=1 -> data=0xe28f
PASS | Read RS1 | addr=4 -> data=0x6f93
PASS | Read RS2 | addr=2 -> data=0x58d8
PASS | Read RS1 | addr=5 -> data=0x537
PASS | Read RS2 | addr=6 -> data=0x4d60
PASS | Read RS1 | addr=2 -> data=0x58d8
PASS | Read RS2 | addr=0 -> data=0x0
PASS | Read RS1 | addr=3 -> data=0xe5b6
PASS | Read RS2 | addr=3 -> data=0xe5b6
PASS | Read RS1 | addr=6 -> data=0x4d60
PASS | Read RS2 | addr=4 -> data=0x6f93
PASS | Read RS1 | addr=5 -> data=0x74b9
PASS | Read RS2 | addr=1 -> data=0xe28f
PASS | Read RS1 | addr=6 -> data=0x4d60
PASS | Read RS2 | addr=4 -> data=0x6f93
PASS | Read RS1 | addr=4 -> data=0x6f93
PASS | Read RS2 | addr=0 -> data=0x0
PASS | Read RS1 | addr=1 -> data=0xe28f
PASS | Read RS2 | addr=3 -> data=0xe5b6
PASS | Read RS1 | addr=5 -> data=0x74b9
PASS | Read RS2 | addr=0 -> data=0x0
PASS | Read RS1 | addr=5 -> data=0x74b9
PASS | Read RS2 | addr=5 -> data=0x74b9
PASS | Read RS1 | addr=3 -> data=0xe5b6
PASS | Read RS2 | addr=3 -> data=0xe5b6
PASS | Read RS1 | addr=7 -> data=0x5558
PASS | Read RS2 | addr=3 -> data=0xe5b6
PASS | Read RS1 | addr=7 -> data=0x5558
PASS | Read RS2 | addr=2 -> data=0x58d8
PASS | Read RS1 | addr=0 -> data=0x0
PASS | Read RS2 | addr=5 -> data=0x74b9
PASS | Read RS1 | addr=0 -> data=0x0
PASS | Read RS2 | addr=0 -> data=0x0
PASS | Read RS1 | addr=6 -> data=0x4d60
PASS | Read RS2 | addr=4 -> data=0x6f93
PASS | Read RS1 | addr=0 -> data=0x0
PASS | Read RS2 | addr=5 -> data=0x74b9
PASS | Read RS1 | addr=0 -> data=0x0
PASS | Read RS2 | addr=3 -> data=0xe3a4
PASS | Read RS1 | addr=6 -> data=0x4d60
PASS | Read RS2 | addr=1 -> data=0xe28f
PASS | Read RS1 | addr=6 -> data=0x4d60
PASS | Read RS2 | addr=3 -> data=0xe3a4
PASS | Read RS1 | addr=3 -> data=0xe3a4
PASS | Read RS2 | addr=4 -> data=0x6f93
PASS | Read RS1 | addr=3 -> data=0xe3a4
PASS | Read RS2 | addr=0 -> data=0x0
PASS | Read RS1 | addr=5 -> data=0x74b9
PASS | Read RS2 | addr=5 -> data=0x74b9
PASS | Read RS1 | addr=1 -> data=0xe28f
PASS | Read RS2 | addr=4 -> data=0x6f93
PASS | Read RS1 | addr=2 -> data=0x58d8
PASS | Read RS2 | addr=6 -> data=0x4d60
PASS | Read RS1 | addr=2 -> data=0x7cfb
PASS | Read RS2 | addr=3 -> data=0xe3a4
PASS | Read RS1 | addr=4 -> data=0x6f93
PASS | Read RS2 | addr=1 -> data=0xe28f
PASS | Read RS1 | addr=1 -> data=0xe28f
PASS | Read RS2 | addr=0 -> data=0x0
PASS | Read RS1 | addr=1 -> data=0xe28f
PASS | Read RS2 | addr=7 -> data=0xd583
PASS | Read RS1 | addr=5 -> data=0x74b9
PASS | Read RS2 | addr=7 -> data=0xd583
PASS | Read RS1 | addr=2 -> data=0x7cfb
PASS | Read RS2 | addr=4 -> data=0x6f93
PASS | Read RS1 | addr=3 -> data=0xf0c4
PASS | Read RS2 | addr=2 -> data=0x7cfb
PASS | Read RS1 | addr=2 -> data=0x7cfb
PASS | Read RS2 | addr=2 -> data=0x7cfb
PASS | Read RS1 | addr=2 -> data=0x7cfb
PASS | Read RS2 | addr=5 -> data=0x74b9
PASS | Read RS1 | addr=3 -> data=0xf0c4
PASS | Read RS2 | addr=4 -> data=0x6f93
PASS | Read RS1 | addr=4 -> data=0x6f93
PASS | Read RS2 | addr=5 -> data=0x74b9
PASS | Read RS1 | addr=4 -> data=0x6f93
PASS | Read RS2 | addr=1 -> data=0x5fe6
PASS | Read RS1 | addr=5 -> data=0x74b9
PASS | Read RS2 | addr=0 -> data=0x0
PASS | Read RS1 | addr=0 -> data=0x0
PASS | Read RS2 | addr=0 -> data=0x0
PASS | Read RS1 | addr=2 -> data=0x7cfb
PASS | Read RS2 | addr=6 -> data=0x4d60
PASS | Read RS1 | addr=6 -> data=0x4d60
PASS | Read RS2 | addr=4 -> data=0x6f93
PASS | Read RS1 | addr=3 -> data=0x2e12
PASS | Read RS2 | addr=1 -> data=0xf2eb
PASS | Read RS1 | addr=4 -> data=0x3f1a
PASS | Read RS2 | addr=4 -> data=0x3f1a
PASS | Read RS1 | addr=3 -> data=0x2e12
PASS | Read RS2 | addr=5 -> data=0x74b9
PASS | Read RS1 | addr=7 -> data=0xf727
PASS | Read RS2 | addr=0 -> data=0x0
PASS | Read RS1 | addr=4 -> data=0x3f1a
PASS | Read RS2 | addr=3 -> data=0x2e12
PASS | Read RS1 | addr=0 -> data=0x0
PASS | Read RS2 | addr=6 -> data=0x4d60
PASS | Read RS1 | addr=6 -> data=0x4d60
PASS | Read RS2 | addr=5 -> data=0x74b9
PASS | Read RS1 | addr=7 -> data=0x9595
PASS | Read RS2 | addr=1 -> data=0x712e
PASS | Read RS1 | addr=7 -> data=0x9595
PASS | Read RS2 | addr=5 -> data=0x74b9
PASS | Read RS1 | addr=0 -> data=0x0
PASS | Read RS2 | addr=1 -> data=0x712e
PASS | Read RS1 | addr=4 -> data=0x3f1a
PASS | Read RS2 | addr=0 -> data=0x0
PASS | Read RS1 | addr=1 -> data=0x712e
PASS | Read RS2 | addr=7 -> data=0x320d
PASS | Read RS1 | addr=2 -> data=0x7cfb
PASS | Read RS2 | addr=7 -> data=0x320d
PASS | Read RS1 | addr=4 -> data=0x3f1a
PASS | Read RS2 | addr=7 -> data=0x320d
PASS | Read RS1 | addr=6 -> data=0x4d60
PASS | Read RS2 | addr=5 -> data=0x74b9
PASS | Read RS1 | addr=0 -> data=0x0
PASS | Read RS2 | addr=0 -> data=0x0
PASS | Read RS1 | addr=5 -> data=0x74b9
PASS | Read RS2 | addr=0 -> data=0x0
PASS | Read RS1 | addr=4 -> data=0x3f1a
PASS | Read RS2 | addr=7 -> data=0x134d
PASS | Read RS1 | addr=6 -> data=0x4d60
PASS | Read RS2 | addr=1 -> data=0x712e
PASS | Read RS1 | addr=7 -> data=0x880f
PASS | Read RS2 | addr=6 -> data=0x4d60
PASS | Read RS1 | addr=6 -> data=0x4d60
PASS | Read RS2 | addr=2 -> data=0x7cfb
PASS | Read RS1 | addr=0 -> data=0x0
PASS | Read RS2 | addr=0 -> data=0x0
PASS | Read RS1 | addr=4 -> data=0x749
PASS | Read RS2 | addr=3 -> data=0x2e12
PASS | Read RS1 | addr=4 -> data=0x749
PASS | Read RS2 | addr=0 -> data=0x0
PASS | Read RS1 | addr=0 -> data=0x0
PASS | Read RS2 | addr=0 -> data=0x0
PASS | Read RS1 | addr=5 -> data=0x74b9
PASS | Read RS2 | addr=3 -> data=0x2e12
PASS | Read RS1 | addr=1 -> data=0x6025
PASS | Read RS2 | addr=1 -> data=0x6025
PASS | Read RS1 | addr=4 -> data=0x749
PASS | Read RS2 | addr=6 -> data=0x4d60
PASS | Read RS1 | addr=1 -> data=0x6025
PASS | Read RS2 | addr=2 -> data=0x7cfb
PASS | Read RS1 | addr=4 -> data=0x749
PASS | Read RS2 | addr=0 -> data=0x0
PASS | Read RS1 | addr=4 -> data=0x749
PASS | Read RS2 | addr=4 -> data=0x749
PASS | Read RS1 | addr=1 -> data=0x6025
PASS | Read RS2 | addr=7 -> data=0xe22f
PASS | Read RS1 | addr=2 -> data=0x7cfb
PASS | Read RS2 | addr=3 -> data=0x2e12
PASS | Read RS1 | addr=1 -> data=0x6025
PASS | Read RS2 | addr=6 -> data=0x4d60
PASS | Read RS1 | addr=7 -> data=0xee31
PASS | Read RS2 | addr=0 -> data=0x0
PASS | Read RS1 | addr=0 -> data=0x0
PASS | Read RS2 | addr=5 -> data=0x74b9
PASS | Read RS1 | addr=4 -> data=0x3032
PASS | Read RS2 | addr=5 -> data=0x74b9
PASS | Read RS1 | addr=6 -> data=0x4d60
PASS | Read RS2 | addr=4 -> data=0x3032
PASS | Read RS1 | addr=2 -> data=0x7cfb
PASS | Read RS2 | addr=3 -> data=0x2e12
PASS | Read RS1 | addr=5 -> data=0x74b9
PASS | Read RS2 | addr=1 -> data=0x6025
PASS | Read RS1 | addr=3 -> data=0x2e12
PASS | Read RS2 | addr=6 -> data=0x4d60
PASS | Read RS1 | addr=0 -> data=0x0
PASS | Read RS2 | addr=7 -> data=0xace0
PASS | Read RS1 | addr=4 -> data=0x3032
PASS | Read RS2 | addr=5 -> data=0x74b9
PASS | Read RS1 | addr=7 -> data=0xace0
PASS | Read RS2 | addr=4 -> data=0x3032
PASS | Read RS1 | addr=5 -> data=0x74b9
PASS | Read RS2 | addr=6 -> data=0x4d60
PASS | Read RS1 | addr=7 -> data=0xace0
PASS | Read RS2 | addr=1 -> data=0x6025
PASS | Read RS1 | addr=6 -> data=0x4d60
PASS | Read RS2 | addr=6 -> data=0x4d60
PASS | Read RS1 | addr=0 -> data=0x0
PASS | Read RS2 | addr=6 -> data=0x4d60
PASS | Read RS1 | addr=7 -> data=0xc45a
PASS | Read RS2 | addr=4 -> data=0x3032
PASS | Read RS1 | addr=5 -> data=0x74b9
PASS | Read RS2 | addr=5 -> data=0x74b9
PASS | Read RS1 | addr=5 -> data=0x74b9
PASS | Read RS2 | addr=1 -> data=0x6025
PASS | Read RS1 | addr=6 -> data=0x4d60
PASS | Read RS2 | addr=7 -> data=0xc45a
PASS | Read RS1 | addr=0 -> data=0x0
PASS | Read RS2 | addr=3 -> data=0x901c
PASS | Read RS1 | addr=1 -> data=0x6025
PASS | Read RS2 | addr=3 -> data=0x901c
PASS | Read RS1 | addr=5 -> data=0x74b9
PASS | Read RS2 | addr=6 -> data=0x4d60
PASS | Read RS1 | addr=5 -> data=0x74b9
PASS | Read RS2 | addr=6 -> data=0x79cb
PASS | Read RS1 | addr=0 -> data=0x0
PASS | Read RS2 | addr=4 -> data=0x704b
PASS | Read RS1 | addr=1 -> data=0x6025
PASS | Read RS2 | addr=6 -> data=0x79cb
PASS | Read RS1 | addr=1 -> data=0x6025
PASS | Read RS2 | addr=2 -> data=0xfdb8
PASS | Read RS1 | addr=4 -> data=0x704b
PASS | Read RS2 | addr=7 -> data=0xdf0e
PASS | Read RS1 | addr=5 -> data=0x74b9
PASS | Read RS2 | addr=7 -> data=0x21fc
PASS | Read RS1 | addr=1 -> data=0x6025
PASS | Read RS2 | addr=0 -> data=0x0
PASS | Read RS1 | addr=3 -> data=0x901c
PASS | Read RS2 | addr=7 -> data=0x21fc
PASS | Read RS1 | addr=6 -> data=0x79cb
PASS | Read RS2 | addr=0 -> data=0x0
PASS | Read RS1 | addr=7 -> data=0x21fc
PASS | Read RS2 | addr=6 -> data=0x79cb
PASS | Read RS1 | addr=3 -> data=0x901c
PASS | Read RS2 | addr=0 -> data=0x0
PASS | Read RS1 | addr=6 -> data=0x79cb
PASS | Read RS2 | addr=7 -> data=0x2d70
PASS | Read RS1 | addr=1 -> data=0x6025
PASS | Read RS2 | addr=0 -> data=0x0
PASS | Read RS1 | addr=4 -> data=0x704b
PASS | Read RS2 | addr=5 -> data=0x74b9
PASS | Read RS1 | addr=3 -> data=0x901c
PASS | Read RS2 | addr=0 -> data=0x0
PASS | Read RS1 | addr=0 -> data=0x0
PASS | Read RS2 | addr=3 -> data=0x901c
PASS | Read RS1 | addr=0 -> data=0x0
PASS | Read RS2 | addr=6 -> data=0x79cb
PASS | Read RS1 | addr=0 -> data=0x0
PASS | Read RS2 | addr=0 -> data=0x0
PASS | Read RS1 | addr=7 -> data=0x2bf8
PASS | Read RS2 | addr=0 -> data=0x0
PASS | Read RS1 | addr=1 -> data=0x6025
PASS | Read RS2 | addr=5 -> data=0x74b9
PASS | Read RS1 | addr=6 -> data=0x79cb
PASS | Read RS2 | addr=0 -> data=0x0
PASS | Read RS1 | addr=7 -> data=0x3768
PASS | Read RS2 | addr=0 -> data=0x0
PASS | Read RS1 | addr=7 -> data=0x3768
PASS | Read RS2 | addr=2 -> data=0x80fb
PASS | Read RS1 | addr=4 -> data=0x704b
PASS | Read RS2 | addr=2 -> data=0x80fb
PASS | Read RS1 | addr=2 -> data=0x80fb
PASS | Read RS2 | addr=4 -> data=0x704b
PASS | Read RS1 | addr=5 -> data=0x74b9
PASS | Read RS2 | addr=3 -> data=0x7886
PASS | Read RS1 | addr=6 -> data=0x79cb
PASS | Read RS2 | addr=3 -> data=0x7886
PASS | Read RS1 | addr=2 -> data=0x80fb
PASS | Read RS2 | addr=2 -> data=0x80fb
PASS | Read RS1 | addr=7 -> data=0xd12a
PASS | Read RS2 | addr=1 -> data=0x1db5
PASS | Read RS1 | addr=0 -> data=0x0
PASS | Read RS2 | addr=3 -> data=0x7886
PASS | Read RS1 | addr=5 -> data=0x74b9
PASS | Read RS2 | addr=5 -> data=0x74b9
PASS | Read RS1 | addr=2 -> data=0x80fb
PASS | Read RS2 | addr=7 -> data=0xd12a
PASS | Read RS1 | addr=3 -> data=0x7886
PASS | Read RS2 | addr=3 -> data=0x7886
PASS | Read RS1 | addr=0 -> data=0x0
PASS | Read RS2 | addr=2 -> data=0x80fb
PASS | Read RS1 | addr=1 -> data=0x1db5
PASS | Read RS2 | addr=4 -> data=0x704b
PASS | Read RS1 | addr=0 -> data=0x0
PASS | Read RS2 | addr=3 -> data=0x7886
PASS | Read RS1 | addr=7 -> data=0x8396
PASS | Read RS2 | addr=3 -> data=0x7886
PASS | Read RS1 | addr=7 -> data=0x3a7b
PASS | Read RS2 | addr=7 -> data=0x3a7b
PASS | Read RS1 | addr=7 -> data=0xe1d7
PASS | Read RS2 | addr=5 -> data=0x65b0
PASS | Read RS1 | addr=2 -> data=0x9329
PASS | Read RS2 | addr=3 -> data=0x7886
PASS | Read RS1 | addr=5 -> data=0x65b0
PASS | Read RS2 | addr=6 -> data=0x79cb
PASS | Read RS1 | addr=6 -> data=0x506d
PASS | Read RS2 | addr=5 -> data=0x65b0
PASS | Read RS1 | addr=2 -> data=0x9329
PASS | Read RS2 | addr=1 -> data=0x1db5
PASS | Read RS1 | addr=7 -> data=0xc48d
PASS | Read RS2 | addr=4 -> data=0x704b
PASS | Read RS1 | addr=4 -> data=0x704b
PASS | Read RS2 | addr=7 -> data=0xf1d0
PASS | Read RS1 | addr=0 -> data=0x0
PASS | Read RS2 | addr=6 -> data=0x506d
PASS | Read RS1 | addr=0 -> data=0x0
PASS | Read RS2 | addr=3 -> data=0x7886
PASS | Read RS1 | addr=5 -> data=0x65b0
PASS | Read RS2 | addr=4 -> data=0x704b
PASS | Read RS1 | addr=2 -> data=0x9329
PASS | Read RS2 | addr=5 -> data=0x65b0
PASS | Read RS1 | addr=2 -> data=0x9329
PASS | Read RS2 | addr=7 -> data=0xf1d0
PASS | Read RS1 | addr=6 -> data=0x4ae
PASS | Read RS2 | addr=3 -> data=0x2b07
PASS | Read RS1 | addr=0 -> data=0x0
PASS | Read RS2 | addr=1 -> data=0x1db5
PASS | Read RS1 | addr=7 -> data=0x7ac2
PASS | Read RS2 | addr=1 -> data=0x1db5
PASS | Read RS1 | addr=5 -> data=0x11ca
PASS | Read RS2 | addr=0 -> data=0x0
PASS | Read RS1 | addr=5 -> data=0x11ca
PASS | Read RS2 | addr=0 -> data=0x0
PASS | Read RS1 | addr=6 -> data=0x4ae
PASS | Read RS2 | addr=4 -> data=0x704b
PASS | Read RS1 | addr=7 -> data=0xb842
PASS | Read RS2 | addr=2 -> data=0x9329
PASS | Read RS1 | addr=4 -> data=0x704b
PASS | Read RS2 | addr=7 -> data=0xb842
PASS | Read RS1 | addr=1 -> data=0x3871
PASS | Read RS2 | addr=7 -> data=0xb842
PASS | Read RS1 | addr=3 -> data=0x2b07
PASS | Read RS2 | addr=6 -> data=0x7b3b
PASS | Read RS1 | addr=1 -> data=0x3871
PASS | Read RS2 | addr=3 -> data=0x2b07
PASS | Read RS1 | addr=4 -> data=0x704b
PASS | Read RS2 | addr=5 -> data=0xf4b1
PASS | Read RS1 | addr=4 -> data=0x704b
PASS | Read RS2 | addr=3 -> data=0x2b07
PASS | Read RS1 | addr=7 -> data=0x82c4
PASS | Read RS2 | addr=1 -> data=0x3871
PASS | Read RS1 | addr=1 -> data=0x3871
PASS | Read RS2 | addr=5 -> data=0xf4b1
PASS | Read RS1 | addr=3 -> data=0x2b07
PASS | Read RS2 | addr=5 -> data=0xf4b1
PASS | Read RS1 | addr=4 -> data=0x704b
PASS | Read RS2 | addr=4 -> data=0x704b
PASS | Read RS1 | addr=3 -> data=0x2b07
PASS | Read RS2 | addr=6 -> data=0x7b3b
PASS | Read RS1 | addr=3 -> data=0xe4c0
PASS | Read RS2 | addr=0 -> data=0x0
PASS | Read RS1 | addr=4 -> data=0x704b
PASS | Read RS2 | addr=6 -> data=0x7b3b
PASS | Read RS1 | addr=6 -> data=0x7b3b
PASS | Read RS2 | addr=7 -> data=0x14b9
PASS | Read RS1 | addr=0 -> data=0x0
PASS | Read RS2 | addr=1 -> data=0x3871
PASS | Read RS1 | addr=0 -> data=0x0
PASS | Read RS2 | addr=6 -> data=0x7b3b
PASS | Read RS1 | addr=4 -> data=0x23ef
PASS | Read RS2 | addr=2 -> data=0x196
PASS | Read RS1 | addr=7 -> data=0x14b9
PASS | Read RS2 | addr=7 -> data=0x14b9
PASS | Read RS1 | addr=4 -> data=0x23ef
PASS | Read RS2 | addr=2 -> data=0x78e5
PASS | Read RS1 | addr=2 -> data=0x78e5
PASS | Read RS2 | addr=1 -> data=0x3871
PASS | Read RS1 | addr=6 -> data=0x7b3b
PASS | Read RS2 | addr=2 -> data=0x78e5
PASS | Read RS1 | addr=4 -> data=0x23ef
PASS | Read RS2 | addr=1 -> data=0x3871
PASS | Read RS1 | addr=4 -> data=0x23ef
PASS | Read RS2 | addr=3 -> data=0xe4c0
PASS | Read RS1 | addr=4 -> data=0x23ef
PASS | Read RS2 | addr=4 -> data=0x23ef
PASS | Read RS1 | addr=5 -> data=0xf4b1
PASS | Read RS2 | addr=4 -> data=0xec6d
PASS | Read RS1 | addr=4 -> data=0xec6d
PASS | Read RS2 | addr=7 -> data=0xab17
PASS | Read RS1 | addr=5 -> data=0xf4b1
PASS | Read RS2 | addr=6 -> data=0x7b3b
PASS | Read RS1 | addr=3 -> data=0xe4c0
PASS | Read RS2 | addr=7 -> data=0xbe2e
PASS | Read RS1 | addr=3 -> data=0xe4c0
PASS | Read RS2 | addr=7 -> data=0xe9f0
PASS | Read RS1 | addr=1 -> data=0x3871
PASS | Read RS2 | addr=1 -> data=0x3871
PASS | Read RS1 | addr=0 -> data=0x0
PASS | Read RS2 | addr=5 -> data=0xf4b1
PASS | Read RS1 | addr=7 -> data=0x8b76
PASS | Read RS2 | addr=6 -> data=0x7b3b
PASS | Read RS1 | addr=0 -> data=0x0
PASS | Read RS2 | addr=2 -> data=0x78e5
PASS | Read RS1 | addr=7 -> data=0x8b76
PASS | Read RS2 | addr=6 -> data=0x7b3b
PASS | Read RS1 | addr=3 -> data=0xe4c0
PASS | Read RS2 | addr=1 -> data=0x3871
PASS | Read RS1 | addr=5 -> data=0xf4b1
PASS | Read RS2 | addr=3 -> data=0xe4c0
PASS | Read RS1 | addr=7 -> data=0x2dc8
PASS | Read RS2 | addr=4 -> data=0xec6d
PASS | Read RS1 | addr=0 -> data=0x0
PASS | Read RS2 | addr=5 -> data=0xf4b1
PASS | Read RS1 | addr=2 -> data=0x78e5
PASS | Read RS2 | addr=4 -> data=0xec6d
PASS | Read RS1 | addr=6 -> data=0x7b3b
PASS | Read RS2 | addr=2 -> data=0x78e5
PASS | Read RS1 | addr=7 -> data=0xb516
PASS | Read RS2 | addr=1 -> data=0x3871
PASS | Read RS1 | addr=4 -> data=0xec6d
PASS | Read RS2 | addr=4 -> data=0xec6d
PASS | Read RS1 | addr=0 -> data=0x0
PASS | Read RS2 | addr=6 -> data=0x7b3b
PASS | Read RS1 | addr=1 -> data=0x3871
PASS | Read RS2 | addr=5 -> data=0xf4b1
PASS | Read RS1 | addr=7 -> data=0x9a5
PASS | Read RS2 | addr=7 -> data=0x9a5
PASS | Read RS1 | addr=0 -> data=0x0
PASS | Read RS2 | addr=3 -> data=0xad08
PASS | Read RS1 | addr=7 -> data=0x9a5
PASS | Read RS2 | addr=4 -> data=0xec6d
PASS | Read RS1 | addr=6 -> data=0x7b3b
PASS | Read RS2 | addr=0 -> data=0x0
PASS | Read RS1 | addr=4 -> data=0xec6d
PASS | Read RS2 | addr=0 -> data=0x0
PASS | Read RS1 | addr=3 -> data=0xad08
PASS | Read RS2 | addr=0 -> data=0x0
PASS | Read RS1 | addr=4 -> data=0xec6d
PASS | Read RS2 | addr=4 -> data=0xec6d
PASS | Read RS1 | addr=1 -> data=0x3871
PASS | Read RS2 | addr=4 -> data=0xec6d
PASS | Read RS1 | addr=2 -> data=0x78e5
PASS | Read RS2 | addr=4 -> data=0xec6d
PASS | Read RS1 | addr=1 -> data=0x3871
PASS | Read RS2 | addr=1 -> data=0x3871
PASS | Read RS1 | addr=3 -> data=0xad08
PASS | Read RS2 | addr=2 -> data=0x78e5
PASS | Read RS1 | addr=4 -> data=0xec6d
PASS | Read RS2 | addr=2 -> data=0x78e5
PASS | Read RS1 | addr=0 -> data=0x0
PASS | Read RS2 | addr=3 -> data=0xad08
PASS | Read RS1 | addr=3 -> data=0xad08
PASS | Read RS2 | addr=2 -> data=0x78e5
PASS | Read RS1 | addr=5 -> data=0xf4b1
PASS | Read RS2 | addr=4 -> data=0x58e3
PASS | Read RS1 | addr=1 -> data=0x3871
PASS | Read RS2 | addr=0 -> data=0x0
PASS | Read RS1 | addr=6 -> data=0x7b3b
PASS | Read RS2 | addr=1 -> data=0x3871
PASS | Read RS1 | addr=3 -> data=0xad08
PASS | Read RS2 | addr=4 -> data=0x58e3
PASS | Read RS1 | addr=6 -> data=0x7b3b
PASS | Read RS2 | addr=1 -> data=0x3871
PASS | Read RS1 | addr=3 -> data=0xad08
PASS | Read RS2 | addr=7 -> data=0x32a1
PASS | Read RS1 | addr=5 -> data=0xf4b1
PASS | Read RS2 | addr=6 -> data=0x7b3b
PASS | Read RS1 | addr=7 -> data=0x6632
PASS | Read RS2 | addr=1 -> data=0x3871
PASS | Read RS1 | addr=7 -> data=0x6632
PASS | Read RS2 | addr=5 -> data=0xf4b1
PASS | Read RS1 | addr=4 -> data=0x58e3
PASS | Read RS2 | addr=7 -> data=0x6632
PASS | Read RS1 | addr=7 -> data=0x6632
PASS | Read RS2 | addr=2 -> data=0x6194
PASS | Read RS1 | addr=0 -> data=0x0
PASS | Read RS2 | addr=0 -> data=0x0
PASS | Read RS1 | addr=6 -> data=0x7b3b
PASS | Read RS2 | addr=5 -> data=0xf4b1
PASS | Read RS1 | addr=3 -> data=0xad08
PASS | Read RS2 | addr=2 -> data=0x6194
PASS | Read RS1 | addr=7 -> data=0x172c
PASS | Read RS2 | addr=7 -> data=0x172c
PASS | Read RS1 | addr=0 -> data=0x0
PASS | Read RS2 | addr=2 -> data=0x6194
PASS | Read RS1 | addr=1 -> data=0x2ff6
PASS | Read RS2 | addr=5 -> data=0xf4b1
PASS | Read RS1 | addr=3 -> data=0xad08
PASS | Read RS2 | addr=0 -> data=0x0
PASS | Read RS1 | addr=5 -> data=0xf4b1
PASS | Read RS2 | addr=3 -> data=0xad08
PASS | Read RS1 | addr=5 -> data=0xf4b1
PASS | Read RS2 | addr=1 -> data=0x2ff6
PASS | Read RS1 | addr=5 -> data=0xf4b1
PASS | Read RS2 | addr=0 -> data=0x0
PASS | Read RS1 | addr=0 -> data=0x0
PASS | Read RS2 | addr=1 -> data=0x2ff6
PASS | Read RS1 | addr=5 -> data=0xf4b1
PASS | Read RS2 | addr=0 -> data=0x0
PASS | Read RS1 | addr=5 -> data=0xb47
PASS | Read RS2 | addr=4 -> data=0x58e3
PASS | Read RS1 | addr=2 -> data=0xb69e
PASS | Read RS2 | addr=4 -> data=0x58e3
PASS | Read RS1 | addr=4 -> data=0xaa10
PASS | Read RS2 | addr=6 -> data=0x7b3b
PASS | Read RS1 | addr=0 -> data=0x0
PASS | Read RS2 | addr=7 -> data=0x4eb
PASS | Read RS1 | addr=7 -> data=0x4eb
PASS | Read RS2 | addr=2 -> data=0xb69e
PASS | Read RS1 | addr=6 -> data=0x3432
PASS | Read RS2 | addr=3 -> data=0xad08
PASS | Read RS1 | addr=6 -> data=0x3432
PASS | Read RS2 | addr=5 -> data=0xb47
PASS | Read RS1 | addr=5 -> data=0xb47
PASS | Read RS2 | addr=5 -> data=0xb47
PASS | Read RS1 | addr=3 -> data=0xad08
PASS | Read RS2 | addr=3 -> data=0xad08
PASS | Read RS1 | addr=5 -> data=0xb47
PASS | Read RS2 | addr=7 -> data=0xf4a4
PASS | Read RS1 | addr=2 -> data=0xb69e
PASS | Read RS2 | addr=2 -> data=0xb69e
PASS | Read RS1 | addr=2 -> data=0xb69e
PASS | Read RS2 | addr=0 -> data=0x0
PASS | Read RS1 | addr=4 -> data=0xaa10
PASS | Read RS2 | addr=0 -> data=0x0
PASS | Read RS1 | addr=5 -> data=0xb47
PASS | Read RS2 | addr=2 -> data=0xb69e
PASS | Read RS1 | addr=3 -> data=0xad08
PASS | Read RS2 | addr=3 -> data=0xad08
PASS | Read RS1 | addr=0 -> data=0x0
PASS | Read RS2 | addr=7 -> data=0xac70
PASS | Read RS1 | addr=1 -> data=0x2ff6
PASS | Read RS2 | addr=5 -> data=0xb47
PASS | Read RS1 | addr=3 -> data=0xad08
PASS | Read RS2 | addr=3 -> data=0xad08
PASS | Read RS1 | addr=7 -> data=0x7c91
PASS | Read RS2 | addr=6 -> data=0x3432
PASS | Read RS1 | addr=7 -> data=0x7c91
PASS | Read RS2 | addr=2 -> data=0xb69e
PASS | Read RS1 | addr=6 -> data=0x3432
PASS | Read RS2 | addr=3 -> data=0xad08
PASS | Read RS1 | addr=0 -> data=0x0
PASS | Read RS2 | addr=5 -> data=0xb47
PASS | Read RS1 | addr=0 -> data=0x0
PASS | Read RS2 | addr=3 -> data=0xad08
PASS | Read RS1 | addr=0 -> data=0x0
PASS | Read RS2 | addr=2 -> data=0xb69e
PASS | Read RS1 | addr=2 -> data=0xb69e
PASS | Read RS2 | addr=5 -> data=0x70a8
PASS | Read RS1 | addr=4 -> data=0xaa10
PASS | Read RS2 | addr=6 -> data=0x3432
PASS | Read RS1 | addr=0 -> data=0x0
PASS | Read RS2 | addr=7 -> data=0x7c91
PASS | Read RS1 | addr=3 -> data=0xad08
PASS | Read RS2 | addr=6 -> data=0x3432
PASS | Read RS1 | addr=5 -> data=0x70a8
PASS | Read RS2 | addr=6 -> data=0x3432
PASS | Read RS1 | addr=7 -> data=0x1f2e
PASS | Read RS2 | addr=5 -> data=0x70a8
PASS | Read RS1 | addr=6 -> data=0x13ad
PASS | Read RS2 | addr=1 -> data=0xdee0
PASS | Read RS1 | addr=2 -> data=0x8e90
PASS | Read RS2 | addr=6 -> data=0x13ad
PASS | Read RS1 | addr=7 -> data=0x1f2e
PASS | Read RS2 | addr=0 -> data=0x0
PASS | Read RS1 | addr=2 -> data=0x81d7
PASS | Read RS2 | addr=4 -> data=0xaa10
PASS | Read RS1 | addr=3 -> data=0xe706
PASS | Read RS2 | addr=7 -> data=0x1f2e
PASS | Read RS1 | addr=5 -> data=0x70a8
PASS | Read RS2 | addr=4 -> data=0xaa10
PASS | Read RS1 | addr=6 -> data=0x13ad
PASS | Read RS2 | addr=3 -> data=0xe706
PASS | Read RS1 | addr=1 -> data=0xdee0
PASS | Read RS2 | addr=1 -> data=0xdee0
PASS | Read RS1 | addr=7 -> data=0x1ae1
PASS | Read RS2 | addr=5 -> data=0x70a8
PASS | Read RS1 | addr=1 -> data=0xdee0
PASS | Read RS2 | addr=5 -> data=0x70a8
PASS | Read RS1 | addr=4 -> data=0xaa10
PASS | Read RS2 | addr=0 -> data=0x0
PASS | Read RS1 | addr=0 -> data=0x0
PASS | Read RS2 | addr=1 -> data=0xdee0
PASS | Read RS1 | addr=7 -> data=0xac50
PASS | Read RS2 | addr=4 -> data=0xaa10
PASS | Read RS1 | addr=5 -> data=0x70a8
PASS | Read RS2 | addr=7 -> data=0xac50
PASS | Read RS1 | addr=5 -> data=0x70a8
PASS | Read RS2 | addr=3 -> data=0xe706
PASS | Read RS1 | addr=2 -> data=0x81d7
PASS | Read RS2 | addr=2 -> data=0x81d7
PASS | Read RS1 | addr=0 -> data=0x0
PASS | Read RS2 | addr=1 -> data=0xc8b9
PASS | Read RS1 | addr=6 -> data=0x13ad
PASS | Read RS2 | addr=7 -> data=0xac50
PASS | Read RS1 | addr=0 -> data=0x0
PASS | Read RS2 | addr=1 -> data=0xc8b9
PASS | Read RS1 | addr=5 -> data=0x7a4
PASS | Read RS2 | addr=0 -> data=0x0
PASS | Read RS1 | addr=5 -> data=0x7a4
PASS | Read RS2 | addr=6 -> data=0x13ad
PASS | Read RS1 | addr=3 -> data=0x1edb
PASS | Read RS2 | addr=6 -> data=0x13ad
PASS | Read RS1 | addr=1 -> data=0xc8b9
PASS | Read RS2 | addr=4 -> data=0xaa10
PASS | Read RS1 | addr=5 -> data=0xa8c1
PASS | Read RS2 | addr=7 -> data=0xf5e9
PASS | Read RS1 | addr=6 -> data=0x6a38
PASS | Read RS2 | addr=3 -> data=0x1edb
PASS | Read RS1 | addr=7 -> data=0xf5e9
PASS | Read RS2 | addr=4 -> data=0x19da
PASS | Read RS1 | addr=1 -> data=0xc8b9
PASS | Read RS2 | addr=3 -> data=0x1edb
PASS | Read RS1 | addr=5 -> data=0xa8c1
PASS | Read RS2 | addr=4 -> data=0x19da
PASS | Read RS1 | addr=1 -> data=0xc8b9
PASS | Read RS2 | addr=1 -> data=0xc8b9
PASS | Read RS1 | addr=5 -> data=0xa8c1
PASS | Read RS2 | addr=1 -> data=0xc8b9
PASS | Read RS1 | addr=1 -> data=0xc8b9
PASS | Read RS2 | addr=2 -> data=0x81d7
PASS | Read RS1 | addr=0 -> data=0x0
PASS | Read RS2 | addr=7 -> data=0xfc65
PASS | Read RS1 | addr=2 -> data=0x81d7
PASS | Read RS2 | addr=6 -> data=0x6a38
PASS | Read RS1 | addr=0 -> data=0x0
PASS | Read RS2 | addr=4 -> data=0x19da
PASS | Read RS1 | addr=0 -> data=0x0
PASS | Read RS2 | addr=3 -> data=0x1edb
PASS | Read RS1 | addr=2 -> data=0x81d7
PASS | Read RS2 | addr=7 -> data=0xae95
PASS | Read RS1 | addr=5 -> data=0xa8c1
PASS | Read RS2 | addr=5 -> data=0xa8c1
PASS | Read RS1 | addr=5 -> data=0xa8c1
PASS | Read RS2 | addr=7 -> data=0xae95
PASS | Read RS1 | addr=7 -> data=0xae95
PASS | Read RS2 | addr=1 -> data=0xc8b9
PASS | Read RS1 | addr=0 -> data=0x0
PASS | Read RS2 | addr=6 -> data=0x6a38
PASS | Read RS1 | addr=2 -> data=0x81d7
PASS | Read RS2 | addr=7 -> data=0xba82
PASS | Read RS1 | addr=1 -> data=0xc8b9
PASS | Read RS2 | addr=6 -> data=0x6a38
PASS | Read RS1 | addr=7 -> data=0x7457
PASS | Read RS2 | addr=7 -> data=0x7457
PASS | Read RS1 | addr=4 -> data=0x19da
PASS | Read RS2 | addr=4 -> data=0x19da
PASS | Read RS1 | addr=0 -> data=0x0
PASS | Read RS2 | addr=4 -> data=0x19da
PASS | Read RS1 | addr=2 -> data=0x81d7
PASS | Read RS2 | addr=0 -> data=0x0
PASS | Read RS1 | addr=6 -> data=0x6a38
PASS | Read RS2 | addr=3 -> data=0x1edb
PASS | Read RS1 | addr=1 -> data=0xc8b9
PASS | Read RS2 | addr=5 -> data=0xa8c1
PASS | Read RS1 | addr=2 -> data=0x5e31
PASS | Read RS2 | addr=7 -> data=0xe23c
PASS | Read RS1 | addr=3 -> data=0x1edb
PASS | Read RS2 | addr=0 -> data=0x0
PASS | Read RS1 | addr=2 -> data=0x5e31
PASS | Read RS2 | addr=3 -> data=0x1edb
PASS | Read RS1 | addr=0 -> data=0x0
PASS | Read RS2 | addr=4 -> data=0x19da
PASS | Read RS1 | addr=0 -> data=0x0
PASS | Read RS2 | addr=7 -> data=0xb81a
PASS | Read RS1 | addr=2 -> data=0x5e31
PASS | Read RS2 | addr=0 -> data=0x0
PASS | Read RS1 | addr=2 -> data=0x5e31
PASS | Read RS2 | addr=3 -> data=0x222b
PASS | Read RS1 | addr=0 -> data=0x0
PASS | Read RS2 | addr=6 -> data=0x6a38
PASS | Read RS1 | addr=6 -> data=0x6a38
PASS | Read RS2 | addr=1 -> data=0xc8b9
PASS | Read RS1 | addr=0 -> data=0x0
PASS | Read RS2 | addr=1 -> data=0xc8b9
PASS | Read RS1 | addr=6 -> data=0x6a38
PASS | Read RS2 | addr=4 -> data=0x19da
PASS | Read RS1 | addr=0 -> data=0x0
PASS | Read RS2 | addr=0 -> data=0x0
PASS | Read RS1 | addr=6 -> data=0x6a38
PASS | Read RS2 | addr=5 -> data=0xa8c1
PASS | Read RS1 | addr=0 -> data=0x0
PASS | Read RS2 | addr=7 -> data=0xa99e
PASS | Read RS1 | addr=1 -> data=0xc8b9
PASS | Read RS2 | addr=3 -> data=0x222b
PASS | Read RS1 | addr=5 -> data=0xdd69
PASS | Read RS2 | addr=0 -> data=0x0
PASS | Read RS1 | addr=3 -> data=0x222b
PASS | Read RS2 | addr=7 -> data=0x856
PASS | Read RS1 | addr=2 -> data=0x5e31
PASS | Read RS2 | addr=5 -> data=0xdd69
PASS | Read RS1 | addr=2 -> data=0x5e31
PASS | Read RS2 | addr=4 -> data=0x10dd
PASS | Read RS1 | addr=5 -> data=0xdd69
PASS | Read RS2 | addr=0 -> data=0x0
PASS | Read RS1 | addr=4 -> data=0x10dd
PASS | Read RS2 | addr=6 -> data=0x6a38
PASS | Read RS1 | addr=5 -> data=0xdd69
PASS | Read RS2 | addr=2 -> data=0x5e31
PASS | Read RS1 | addr=2 -> data=0x5e31
PASS | Read RS2 | addr=4 -> data=0x10dd
PASS | Read RS1 | addr=1 -> data=0xc8b9
PASS | Read RS2 | addr=5 -> data=0xdd69
PASS | Read RS1 | addr=7 -> data=0xe10
PASS | Read RS2 | addr=2 -> data=0x5e31
PASS | Read RS1 | addr=2 -> data=0x5e31
PASS | Read RS2 | addr=2 -> data=0x5e31
PASS | Read RS1 | addr=5 -> data=0xdd69
PASS | Read RS2 | addr=0 -> data=0x0
PASS | Read RS1 | addr=5 -> data=0xdd69
PASS | Read RS2 | addr=4 -> data=0x24b9
PASS | Read RS1 | addr=6 -> data=0x6a38
PASS | Read RS2 | addr=2 -> data=0x5e31
PASS | Read RS1 | addr=6 -> data=0x6a38
PASS | Read RS2 | addr=4 -> data=0x24b9
PASS | Read RS1 | addr=7 -> data=0x4e5d
PASS | Read RS2 | addr=7 -> data=0x4e5d
PASS | Read RS1 | addr=6 -> data=0x6a38
PASS | Read RS2 | addr=3 -> data=0x222b
PASS | Read RS1 | addr=2 -> data=0x5e31
PASS | Read RS2 | addr=3 -> data=0x9e4d
PASS | Read RS1 | addr=3 -> data=0x29b1
PASS | Read RS2 | addr=5 -> data=0xdd69
PASS | Read RS1 | addr=1 -> data=0xc8b9
PASS | Read RS2 | addr=2 -> data=0x5e31
PASS | Read RS1 | addr=1 -> data=0xc8b9
PASS | Read RS2 | addr=3 -> data=0x29b1
PASS | Read RS1 | addr=0 -> data=0x0
PASS | Read RS2 | addr=5 -> data=0xdd69
PASS | Read RS1 | addr=6 -> data=0x6a38
PASS | Read RS2 | addr=4 -> data=0x24b9
PASS | Read RS1 | addr=1 -> data=0xc8b9
PASS | Read RS2 | addr=6 -> data=0x6a38
PASS | Read RS1 | addr=0 -> data=0x0
PASS | Read RS2 | addr=4 -> data=0x24b9
PASS | Read RS1 | addr=0 -> data=0x0
PASS | Read RS2 | addr=3 -> data=0x29b1
PASS | Read RS1 | addr=7 -> data=0xbaad
PASS | Read RS2 | addr=1 -> data=0xc8b9
PASS | Read RS1 | addr=2 -> data=0xa89
PASS | Read RS2 | addr=4 -> data=0x24b9
PASS | Read RS1 | addr=3 -> data=0x1a77
PASS | Read RS2 | addr=6 -> data=0x6a38
PASS | Read RS1 | addr=1 -> data=0xc8b9
PASS | Read RS2 | addr=1 -> data=0xc8b9
PASS | Read RS1 | addr=0 -> data=0x0
PASS | Read RS2 | addr=3 -> data=0x1a77
PASS | Read RS1 | addr=5 -> data=0xdd69
PASS | Read RS2 | addr=6 -> data=0x6a38
PASS | Read RS1 | addr=3 -> data=0x1a77
PASS | Read RS2 | addr=2 -> data=0xa89
PASS | Read RS1 | addr=2 -> data=0xa89
PASS | Read RS2 | addr=1 -> data=0xc8b9
PASS | Read RS1 | addr=7 -> data=0x7bc0
PASS | Read RS2 | addr=3 -> data=0x1a77
PASS | Read RS1 | addr=4 -> data=0x24b9
PASS | Read RS2 | addr=0 -> data=0x0
PASS | Read RS1 | addr=1 -> data=0xc8b9
PASS | Read RS2 | addr=0 -> data=0x0
PASS | Read RS1 | addr=1 -> data=0xc8b9
PASS | Read RS2 | addr=0 -> data=0x0
PASS | Read RS1 | addr=1 -> data=0xc8b9
PASS | Read RS2 | addr=7 -> data=0x57d2
PASS | Read RS1 | addr=0 -> data=0x0
PASS | Read RS2 | addr=2 -> data=0xa89
PASS | Read RS1 | addr=0 -> data=0x0
PASS | Read RS2 | addr=1 -> data=0xc8b9
PASS | Read RS1 | addr=5 -> data=0xdd69
PASS | Read RS2 | addr=5 -> data=0xdd69
PASS | Read RS1 | addr=7 -> data=0x4ae0
PASS | Read RS2 | addr=4 -> data=0x24b9
PASS | Read RS1 | addr=5 -> data=0xdd69
PASS | Read RS2 | addr=1 -> data=0xc8b9
PASS | Read RS1 | addr=7 -> data=0x4390
PASS | Read RS2 | addr=2 -> data=0xa89
PASS | Read RS1 | addr=1 -> data=0xc8b9
PASS | Read RS2 | addr=2 -> data=0xa89
PASS | Read RS1 | addr=5 -> data=0xdd69
PASS | Read RS2 | addr=0 -> data=0x0
PASS | Read RS1 | addr=1 -> data=0xc8b9
PASS | Read RS2 | addr=6 -> data=0x6a38
PASS | Read RS1 | addr=6 -> data=0x6a38
PASS | Read RS2 | addr=0 -> data=0x0
PASS | Read RS1 | addr=1 -> data=0xc8b9
PASS | Read RS2 | addr=5 -> data=0xdd69
PASS | Read RS1 | addr=3 -> data=0x48a0
PASS | Read RS2 | addr=0 -> data=0x0
PASS | Read RS1 | addr=5 -> data=0xdd69
PASS | Read RS2 | addr=4 -> data=0x24b9
PASS | Read RS1 | addr=4 -> data=0x24b9
PASS | Read RS2 | addr=0 -> data=0x0
PASS | Read RS1 | addr=5 -> data=0xdd69
PASS | Read RS2 | addr=1 -> data=0xc8b9
PASS | Read RS1 | addr=5 -> data=0xdd69
PASS | Read RS2 | addr=3 -> data=0x48a0
PASS | Read RS1 | addr=0 -> data=0x0
PASS | Read RS2 | addr=2 -> data=0x5b7f
PASS | Read RS1 | addr=7 -> data=0xe5e5
PASS | Read RS2 | addr=3 -> data=0x48a0
PASS | Read RS1 | addr=3 -> data=0x48a0
PASS | Read RS2 | addr=0 -> data=0x0
PASS | Read RS1 | addr=2 -> data=0xc4c2
PASS | Read RS2 | addr=1 -> data=0xc8b9
PASS | Read RS1 | addr=5 -> data=0xf8e3
PASS | Read RS2 | addr=4 -> data=0x24b9
PASS | Read RS1 | addr=1 -> data=0xc8b9
PASS | Read RS2 | addr=7 -> data=0x8f90
PASS | Read RS1 | addr=1 -> data=0xc8b9
PASS | Read RS2 | addr=4 -> data=0x24b9
PASS | Read RS1 | addr=1 -> data=0xc8b9
PASS | Read RS2 | addr=0 -> data=0x0
PASS | Read RS1 | addr=7 -> data=0x8f90
PASS | Read RS2 | addr=4 -> data=0x24b9
PASS | Read RS1 | addr=6 -> data=0x6a38
PASS | Read RS2 | addr=1 -> data=0xc8b9
PASS | Read RS1 | addr=7 -> data=0x2c
PASS | Read RS2 | addr=4 -> data=0x24b9
PASS | Read RS1 | addr=2 -> data=0xc4c2
PASS | Read RS2 | addr=0 -> data=0x0
PASS | Read RS1 | addr=0 -> data=0x0
PASS | Read RS2 | addr=0 -> data=0x0
PASS | Read RS1 | addr=2 -> data=0xc4c2
PASS | Read RS2 | addr=3 -> data=0x48a0
PASS | Read RS1 | addr=2 -> data=0xc4c2
PASS | Read RS2 | addr=3 -> data=0x48a0
PASS | Read RS1 | addr=6 -> data=0x6a38
PASS | Read RS2 | addr=1 -> data=0xc8b9
PASS | Read RS1 | addr=2 -> data=0xc4c2
PASS | Read RS2 | addr=1 -> data=0xc8b9
PASS | Read RS1 | addr=1 -> data=0xc8b9
PASS | Read RS2 | addr=2 -> data=0xc4c2
PASS | Read RS1 | addr=6 -> data=0x6a38
PASS | Read RS2 | addr=6 -> data=0x6a38
PASS | Read RS1 | addr=6 -> data=0x6a38
PASS | Read RS2 | addr=6 -> data=0x6a38
PASS | Read RS1 | addr=1 -> data=0xc8b9
PASS | Read RS2 | addr=7 -> data=0x2f00
PASS | Read RS1 | addr=6 -> data=0x6a38
PASS | Read RS2 | addr=1 -> data=0xc8b9
PASS | Read RS1 | addr=2 -> data=0xc4c2
PASS | Read RS2 | addr=5 -> data=0xf8e3
PASS | Read RS1 | addr=4 -> data=0x24b9
PASS | Read RS2 | addr=6 -> data=0x6a38
PASS | Read RS1 | addr=5 -> data=0xf8e3
PASS | Read RS2 | addr=6 -> data=0x6a38
PASS | Read RS1 | addr=5 -> data=0xf8e3
PASS | Read RS2 | addr=7 -> data=0x9e68
PASS | Read RS1 | addr=6 -> data=0x6a38
PASS | Read RS2 | addr=2 -> data=0xc4c2
PASS | Read RS1 | addr=7 -> data=0x9e68
PASS | Read RS2 | addr=4 -> data=0x24b9
PASS | Read RS1 | addr=7 -> data=0x9e68
PASS | Read RS2 | addr=0 -> data=0x0
PASS | Read RS1 | addr=7 -> data=0x9e68
PASS | Read RS2 | addr=4 -> data=0x24b9
PASS | Read RS1 | addr=0 -> data=0x0
PASS | Read RS2 | addr=1 -> data=0xc8b9
PASS | Read RS1 | addr=3 -> data=0x348c
PASS | Read RS2 | addr=0 -> data=0x0
PASS | Read RS1 | addr=6 -> data=0xd478
PASS | Read RS2 | addr=0 -> data=0x0
PASS | Read RS1 | addr=3 -> data=0x348c
PASS | Read RS2 | addr=6 -> data=0xd478
PASS | Read RS1 | addr=2 -> data=0xc4c2
PASS | Read RS2 | addr=7 -> data=0x8bdf
PASS | Read RS1 | addr=4 -> data=0x24b9
PASS | Read RS2 | addr=2 -> data=0xc4c2
PASS | Read RS1 | addr=0 -> data=0x0
PASS | Read RS2 | addr=1 -> data=0xc8b9
PASS | Read RS1 | addr=0 -> data=0x0
PASS | Read RS2 | addr=7 -> data=0x1eb6
PASS | Read RS1 | addr=6 -> data=0xd478
PASS | Read RS2 | addr=3 -> data=0x348c
PASS | Read RS1 | addr=1 -> data=0xc8b9
PASS | Read RS2 | addr=7 -> data=0xfe37
PASS | Read RS1 | addr=7 -> data=0xfe37
PASS | Read RS2 | addr=1 -> data=0xc8b9
PASS | Read RS1 | addr=3 -> data=0xfb2e
PASS | Read RS2 | addr=6 -> data=0xd478
PASS | Read RS1 | addr=4 -> data=0x24b9
PASS | Read RS2 | addr=5 -> data=0xf8e3
PASS | Read RS1 | addr=7 -> data=0xfe37
PASS | Read RS2 | addr=7 -> data=0xfe37
PASS | Read RS1 | addr=5 -> data=0xf8e3
PASS | Read RS2 | addr=0 -> data=0x0
PASS | Read RS1 | addr=3 -> data=0xfb2e
PASS | Read RS2 | addr=3 -> data=0xfb2e
PASS | Read RS1 | addr=2 -> data=0xacf9
PASS | Read RS2 | addr=5 -> data=0xf8e3
PASS | Read RS1 | addr=0 -> data=0x0
PASS | Read RS2 | addr=2 -> data=0xacf9
PASS | Read RS1 | addr=7 -> data=0xfe37
PASS | Read RS2 | addr=0 -> data=0x0
PASS | Read RS1 | addr=1 -> data=0xc8b9
PASS | Read RS2 | addr=6 -> data=0xd478
PASS | Read RS1 | addr=3 -> data=0xa80d
PASS | Read RS2 | addr=3 -> data=0xa80d
PASS | Read RS1 | addr=3 -> data=0xa80d
PASS | Read RS2 | addr=3 -> data=0xa80d
PASS | Read RS1 | addr=1 -> data=0xc8b9
PASS | Read RS2 | addr=3 -> data=0xa80d
PASS | Read RS1 | addr=1 -> data=0xc8b9
PASS | Read RS2 | addr=4 -> data=0x24b9
PASS | Read RS1 | addr=1 -> data=0xc8b9
PASS | Read RS2 | addr=7 -> data=0xd9d9
PASS | Read RS1 | addr=7 -> data=0xd9d9
PASS | Read RS2 | addr=7 -> data=0xd9d9
PASS | Read RS1 | addr=2 -> data=0xacf9
PASS | Read RS2 | addr=5 -> data=0xf8e3
PASS | Read RS1 | addr=1 -> data=0xc8b9
PASS | Read RS2 | addr=2 -> data=0xacf9
PASS | Read RS1 | addr=2 -> data=0xacf9
PASS | Read RS2 | addr=2 -> data=0xacf9
PASS | Read RS1 | addr=5 -> data=0xf8e3
PASS | Read RS2 | addr=3 -> data=0xa80d
PASS | Read RS1 | addr=7 -> data=0xd9d9
PASS | Read RS2 | addr=4 -> data=0x24b9
PASS | Read RS1 | addr=5 -> data=0xf8e3
PASS | Read RS2 | addr=3 -> data=0xa80d
PASS | Read RS1 | addr=1 -> data=0x512d
PASS | Read RS2 | addr=2 -> data=0xacf9
PASS | Read RS1 | addr=5 -> data=0xf8e3
PASS | Read RS2 | addr=6 -> data=0xd478
PASS | Read RS1 | addr=5 -> data=0xf8e3
PASS | Read RS2 | addr=4 -> data=0x24b9
PASS | Read RS1 | addr=0 -> data=0x0
PASS | Read RS2 | addr=0 -> data=0x0
PASS | Read RS1 | addr=4 -> data=0x24b9
PASS | Read RS2 | addr=5 -> data=0xf8e3
PASS | Read RS1 | addr=2 -> data=0xacf9
PASS | Read RS2 | addr=7 -> data=0xe25
PASS | Read RS1 | addr=3 -> data=0x16b4
PASS | Read RS2 | addr=3 -> data=0x16b4
PASS | Read RS1 | addr=3 -> data=0x16b4
PASS | Read RS2 | addr=7 -> data=0xe25
PASS | Read RS1 | addr=3 -> data=0x16b4
PASS | Read RS2 | addr=7 -> data=0x22b9
PASS | Read RS1 | addr=4 -> data=0x24b9
PASS | Read RS2 | addr=3 -> data=0x16b4
PASS | Read RS1 | addr=5 -> data=0xf8e3
PASS | Read RS2 | addr=6 -> data=0xd478
PASS | Read RS1 | addr=6 -> data=0xd478
PASS | Read RS2 | addr=5 -> data=0xf8e3
PASS | Read RS1 | addr=0 -> data=0x0
PASS | Read RS2 | addr=4 -> data=0x24b9
PASS | Read RS1 | addr=4 -> data=0x24b9
PASS | Read RS2 | addr=3 -> data=0x16b4
PASS | Read RS1 | addr=5 -> data=0xec5e
PASS | Read RS2 | addr=0 -> data=0x0
PASS | Read RS1 | addr=3 -> data=0x16b4
PASS | Read RS2 | addr=3 -> data=0x16b4
PASS | Read RS1 | addr=1 -> data=0x3c8b
PASS | Read RS2 | addr=3 -> data=0x16b4
PASS | Read RS1 | addr=4 -> data=0xf079
PASS | Read RS2 | addr=5 -> data=0xec5e
PASS | Read RS1 | addr=1 -> data=0x3c8b
PASS | Read RS2 | addr=5 -> data=0xec5e
PASS | Read RS1 | addr=5 -> data=0xec5e
PASS | Read RS2 | addr=5 -> data=0xec5e
PASS | Read RS1 | addr=3 -> data=0x16b4
PASS | Read RS2 | addr=3 -> data=0x16b4
PASS | Read RS1 | addr=2 -> data=0xd114
PASS | Read RS2 | addr=5 -> data=0xec5e
PASS | Read RS1 | addr=5 -> data=0xec5e
PASS | Read RS2 | addr=1 -> data=0x3c8b
PASS | Read RS1 | addr=2 -> data=0xd114
PASS | Read RS2 | addr=5 -> data=0xec5e
PASS | Read RS1 | addr=6 -> data=0xf7ba
PASS | Read RS2 | addr=1 -> data=0x3c8b
PASS | Read RS1 | addr=4 -> data=0xf079
PASS | Read RS2 | addr=7 -> data=0xdce5
PASS | Read RS1 | addr=3 -> data=0x16b4
PASS | Read RS2 | addr=2 -> data=0xd114
PASS | Read RS1 | addr=4 -> data=0x709b
PASS | Read RS2 | addr=3 -> data=0x16b4
PASS | Read RS1 | addr=6 -> data=0xf7ba
PASS | Read RS2 | addr=2 -> data=0xd114
PASS | Read RS1 | addr=0 -> data=0x0
PASS | Read RS2 | addr=0 -> data=0x0
PASS | Read RS1 | addr=5 -> data=0xec5e
PASS | Read RS2 | addr=7 -> data=0xdff
PASS | Read RS1 | addr=3 -> data=0x6f94
PASS | Read RS2 | addr=6 -> data=0xf7ba
PASS | Read RS1 | addr=1 -> data=0x3c8b
PASS | Read RS2 | addr=4 -> data=0x709b
PASS | Read RS1 | addr=6 -> data=0xf7ba
PASS | Read RS2 | addr=7 -> data=0xdff
PASS | Read RS1 | addr=4 -> data=0x709b
PASS | Read RS2 | addr=6 -> data=0xf7ba
PASS | Read RS1 | addr=3 -> data=0x6f94
PASS | Read RS2 | addr=3 -> data=0x6f94
PASS | Read RS1 | addr=3 -> data=0x6f94
PASS | Read RS2 | addr=1 -> data=0x3c8b
PASS | Read RS1 | addr=1 -> data=0x3c8b
PASS | Read RS2 | addr=2 -> data=0xd114
PASS | Read RS1 | addr=7 -> data=0x84b7
PASS | Read RS2 | addr=6 -> data=0xf7ba
PASS | Read RS1 | addr=7 -> data=0x84b7
PASS | Read RS2 | addr=3 -> data=0x6f94
PASS | Read RS1 | addr=6 -> data=0xf7ba
PASS | Read RS2 | addr=4 -> data=0x709b
PASS | Read RS1 | addr=5 -> data=0xec5e
PASS | Read RS2 | addr=7 -> data=0xd02f
PASS | Read RS1 | addr=1 -> data=0x3c8b
PASS | Read RS2 | addr=7 -> data=0x7943
PASS | Read RS1 | addr=4 -> data=0x709b
PASS | Read RS2 | addr=7 -> data=0x7943
PASS | Read RS1 | addr=4 -> data=0x709b
PASS | Read RS2 | addr=7 -> data=0x7943
PASS | Read RS1 | addr=5 -> data=0xec5e
PASS | Read RS2 | addr=6 -> data=0xf7ba
PASS | Read RS1 | addr=0 -> data=0x0
PASS | Read RS2 | addr=6 -> data=0xf7ba
PASS | Read RS1 | addr=5 -> data=0xec5e
PASS | Read RS2 | addr=4 -> data=0x709b
PASS | Read RS1 | addr=6 -> data=0xf7ba
PASS | Read RS2 | addr=6 -> data=0xf7ba
PASS | Read RS1 | addr=6 -> data=0xf7ba
PASS | Read RS2 | addr=4 -> data=0x709b
PASS | Read RS1 | addr=0 -> data=0x0
PASS | Read RS2 | addr=0 -> data=0x0
PASS | Read RS1 | addr=0 -> data=0x0
PASS | Read RS2 | addr=2 -> data=0xc5d5
PASS | Read RS1 | addr=7 -> data=0x5f32
PASS | Read RS2 | addr=5 -> data=0xec5e
PASS | Read RS1 | addr=0 -> data=0x0
PASS | Read RS2 | addr=6 -> data=0xbf34
PASS | Read RS1 | addr=6 -> data=0xbf34
PASS | Read RS2 | addr=1 -> data=0x3c8b
PASS | Read RS1 | addr=6 -> data=0xbf34
PASS | Read RS2 | addr=7 -> data=0x5f32
PASS | Read RS1 | addr=3 -> data=0x6f94
PASS | Read RS2 | addr=0 -> data=0x0
PASS | Read RS1 | addr=6 -> data=0xbf34
PASS | Read RS2 | addr=0 -> data=0x0
PASS | Read RS1 | addr=6 -> data=0xbf34
PASS | Read RS2 | addr=4 -> data=0x709b
PASS | Read RS1 | addr=5 -> data=0x9f18
PASS | Read RS2 | addr=5 -> data=0x9f18
PASS | Read RS1 | addr=2 -> data=0xc5d5
PASS | Read RS2 | addr=1 -> data=0x3c8b
PASS | Read RS1 | addr=5 -> data=0x9f18
PASS | Read RS2 | addr=6 -> data=0xbf34
PASS | Read RS1 | addr=2 -> data=0xc5d5
PASS | Read RS2 | addr=0 -> data=0x0
PASS | Read RS1 | addr=6 -> data=0xbf34
PASS | Read RS2 | addr=0 -> data=0x0
PASS | Read RS1 | addr=0 -> data=0x0
PASS | Read RS2 | addr=4 -> data=0x709b
PASS | Read RS1 | addr=5 -> data=0x9f18
PASS | Read RS2 | addr=5 -> data=0x9f18
PASS | Read RS1 | addr=4 -> data=0x709b
PASS | Read RS2 | addr=4 -> data=0x709b
PASS | Read RS1 | addr=0 -> data=0x0
PASS | Read RS2 | addr=1 -> data=0x3c8b
PASS | Read RS1 | addr=5 -> data=0x9f18
PASS | Read RS2 | addr=2 -> data=0x37d3
PASS | Read RS1 | addr=5 -> data=0x9f18
PASS | Read RS2 | addr=7 -> data=0xeded
PASS | Read RS1 | addr=4 -> data=0x709b
PASS | Read RS2 | addr=3 -> data=0x6f94
PASS | Read RS1 | addr=1 -> data=0x3c8b
PASS | Read RS2 | addr=5 -> data=0x9f18
PASS | Read RS1 | addr=1 -> data=0x3c8b
PASS | Read RS2 | addr=2 -> data=0x37d3
PASS | Read RS1 | addr=2 -> data=0x37d3
PASS | Read RS2 | addr=6 -> data=0xbf34
PASS | Read RS1 | addr=5 -> data=0x9f18
PASS | Read RS2 | addr=5 -> data=0x9f18
PASS | Read RS1 | addr=1 -> data=0x3c8b
PASS | Read RS2 | addr=7 -> data=0xd80a
PASS | Read RS1 | addr=1 -> data=0x3c8b
PASS | Read RS2 | addr=4 -> data=0x709b
PASS | Read RS1 | addr=5 -> data=0x9f18
PASS | Read RS2 | addr=2 -> data=0xecad
PASS | Read RS1 | addr=6 -> data=0xbf34
PASS | Read RS2 | addr=0 -> data=0x0
PASS | Read RS1 | addr=5 -> data=0x9f18
PASS | Read RS2 | addr=2 -> data=0xecad
PASS | Read RS1 | addr=3 -> data=0xa958
PASS | Read RS2 | addr=2 -> data=0xecad
PASS | Read RS1 | addr=3 -> data=0xa958
PASS | Read RS2 | addr=3 -> data=0xa958
PASS | Read RS1 | addr=4 -> data=0x709b
PASS | Read RS2 | addr=5 -> data=0x9f18
PASS | Read RS1 | addr=7 -> data=0x778
PASS | Read RS2 | addr=0 -> data=0x0
PASS | Read RS1 | addr=0 -> data=0x0
PASS | Read RS2 | addr=7 -> data=0x778
PASS | Read RS1 | addr=1 -> data=0x3c8b
PASS | Read RS2 | addr=2 -> data=0xecad
PASS | Read RS1 | addr=5 -> data=0x9f18
PASS | Read RS2 | addr=2 -> data=0xecad
PASS | Read RS1 | addr=3 -> data=0xd77c
PASS | Read RS2 | addr=3 -> data=0xd77c
PASS | Read RS1 | addr=0 -> data=0x0
PASS | Read RS2 | addr=2 -> data=0xecad
PASS | Read RS1 | addr=1 -> data=0x3c8b
PASS | Read RS2 | addr=5 -> data=0x22b0
PASS | Read RS1 | addr=4 -> data=0x709b
PASS | Read RS2 | addr=0 -> data=0x0
PASS | Read RS1 | addr=7 -> data=0x3d96
PASS | Read RS2 | addr=2 -> data=0xecad
PASS | Read RS1 | addr=7 -> data=0xc2eb
PASS | Read RS2 | addr=6 -> data=0x894c
PASS | Read RS1 | addr=1 -> data=0x3c8b
PASS | Read RS2 | addr=6 -> data=0x894c
PASS | Read RS1 | addr=7 -> data=0x90d2
PASS | Read RS2 | addr=4 -> data=0x709b
PASS | Read RS1 | addr=1 -> data=0x3c8b
PASS | Read RS2 | addr=4 -> data=0x709b
PASS | Read RS1 | addr=7 -> data=0x8888
PASS | Read RS2 | addr=3 -> data=0x5f93
PASS | Read RS1 | addr=4 -> data=0x709b
PASS | Read RS2 | addr=4 -> data=0x709b
PASS | Read RS1 | addr=6 -> data=0x894c
PASS | Read RS2 | addr=5 -> data=0x2ede
PASS | Read RS1 | addr=3 -> data=0x5f93
PASS | Read RS2 | addr=5 -> data=0x2ede
PASS | Read RS1 | addr=4 -> data=0x709b
PASS | Read RS2 | addr=6 -> data=0x894c
PASS | Read RS1 | addr=3 -> data=0x5f93
PASS | Read RS2 | addr=6 -> data=0x894c
PASS | Read RS1 | addr=2 -> data=0xecad
PASS | Read RS2 | addr=7 -> data=0x9295
PASS | Read RS1 | addr=5 -> data=0x2ede
PASS | Read RS2 | addr=7 -> data=0xd3a9
PASS | Read RS1 | addr=3 -> data=0x5f93
PASS | Read RS2 | addr=7 -> data=0xd3a9
PASS | Read RS1 | addr=0 -> data=0x0
PASS | Read RS2 | addr=1 -> data=0x3c8b
PASS | Read RS1 | addr=1 -> data=0x3c8b
PASS | Read RS2 | addr=4 -> data=0xf692
PASS | Read RS1 | addr=2 -> data=0xecad
PASS | Read RS2 | addr=0 -> data=0x0
PASS | Read RS1 | addr=6 -> data=0x894c
PASS | Read RS2 | addr=2 -> data=0xecad
PASS | Read RS1 | addr=3 -> data=0x5f93
PASS | Read RS2 | addr=3 -> data=0x5f93
PASS | Read RS1 | addr=0 -> data=0x0
PASS | Read RS2 | addr=6 -> data=0x894c
PASS | Read RS1 | addr=1 -> data=0x3c8b
PASS | Read RS2 | addr=7 -> data=0x186e
PASS | Read RS1 | addr=1 -> data=0x3c8b
PASS | Read RS2 | addr=0 -> data=0x0
PASS | Read RS1 | addr=0 -> data=0x0
PASS | Read RS2 | addr=2 -> data=0xecad
PASS | Read RS1 | addr=5 -> data=0x2ede
PASS | Read RS2 | addr=5 -> data=0x2ede
PASS | Read RS1 | addr=0 -> data=0x0
PASS | Read RS2 | addr=1 -> data=0xcf66
PASS | Read RS1 | addr=6 -> data=0x894c
PASS | Read RS2 | addr=0 -> data=0x0
PASS | Read RS1 | addr=2 -> data=0xecad
PASS | Read RS2 | addr=2 -> data=0xecad
PASS | Read RS1 | addr=2 -> data=0xecad
PASS | Read RS2 | addr=1 -> data=0x7a88
PASS | Read RS1 | addr=4 -> data=0x2b2c
PASS | Read RS2 | addr=5 -> data=0x2ede
PASS | Read RS1 | addr=5 -> data=0x2ede
PASS | Read RS2 | addr=7 -> data=0x66a3
PASS | Read RS1 | addr=3 -> data=0x5f93
PASS | Read RS2 | addr=7 -> data=0x66a3
PASS | Read RS1 | addr=7 -> data=0x66a3
PASS | Read RS2 | addr=7 -> data=0x66a3
PASS | Read RS1 | addr=0 -> data=0x0
PASS | Read RS2 | addr=5 -> data=0x2ede
PASS | Read RS1 | addr=6 -> data=0x2eae
PASS | Read RS2 | addr=7 -> data=0x66a3
PASS | Read RS1 | addr=7 -> data=0x42c3
PASS | Read RS2 | addr=3 -> data=0x5f93
PASS | Read RS1 | addr=4 -> data=0x2b2c
PASS | Read RS2 | addr=2 -> data=0x9f4
PASS | Read RS1 | addr=3 -> data=0x978b
PASS | Read RS2 | addr=4 -> data=0x2b2c
PASS | Read RS1 | addr=6 -> data=0xbdd0
PASS | Read RS2 | addr=5 -> data=0x2ede
PASS | Read RS1 | addr=1 -> data=0x7a88
PASS | Read RS2 | addr=5 -> data=0x2ede
PASS | Read RS1 | addr=2 -> data=0x9f4
PASS | Read RS2 | addr=7 -> data=0x55d5
PASS | Read RS1 | addr=1 -> data=0x7a88
PASS | Read RS2 | addr=2 -> data=0x9f4
PASS | Read RS1 | addr=1 -> data=0x7a88
PASS | Read RS2 | addr=4 -> data=0x2b2c
PASS | Read RS1 | addr=6 -> data=0xbdd0
PASS | Read RS2 | addr=4 -> data=0x2b2c
PASS | Read RS1 | addr=3 -> data=0x978b
PASS | Read RS2 | addr=1 -> data=0x7a88
PASS | Read RS1 | addr=0 -> data=0x0
PASS | Read RS2 | addr=4 -> data=0x3bb3
PASS | Read RS1 | addr=6 -> data=0xbdd0
PASS | Read RS2 | addr=2 -> data=0x9f4
PASS | Read RS1 | addr=2 -> data=0x9f4
PASS | Read RS2 | addr=3 -> data=0x978b
PASS | Read RS1 | addr=5 -> data=0x2ede
PASS | Read RS2 | addr=5 -> data=0x2ede
PASS | Read RS1 | addr=2 -> data=0x9f4
PASS | Read RS2 | addr=4 -> data=0x3bb3
PASS | Read RS1 | addr=6 -> data=0xbdd0
PASS | Read RS2 | addr=0 -> data=0x0
PASS | Read RS1 | addr=1 -> data=0x7a88
PASS | Read RS2 | addr=2 -> data=0x9f4
PASS | Read RS1 | addr=6 -> data=0xbdd0
PASS | Read RS2 | addr=5 -> data=0x2ede
PASS | Read RS1 | addr=5 -> data=0x2ede
PASS | Read RS2 | addr=5 -> data=0x2ede
PASS | Read RS1 | addr=6 -> data=0xbdd0
PASS | Read RS2 | addr=4 -> data=0x3bb3
PASS | Read RS1 | addr=0 -> data=0x0
PASS | Read RS2 | addr=6 -> data=0xbdd0
PASS | Read RS1 | addr=6 -> data=0xbdd0
PASS | Read RS2 | addr=5 -> data=0x2ede
PASS | Read RS1 | addr=5 -> data=0x2ede
PASS | Read RS2 | addr=0 -> data=0x0
PASS | Read RS1 | addr=2 -> data=0x9f4
PASS | Read RS2 | addr=5 -> data=0x2ede
PASS | Read RS1 | addr=7 -> data=0xfd32
PASS | Read RS2 | addr=2 -> data=0x9f4
PASS | Read RS1 | addr=5 -> data=0x2ede
PASS | Read RS2 | addr=5 -> data=0x2ede
PASS | Read RS1 | addr=5 -> data=0x2ede
PASS | Read RS2 | addr=0 -> data=0x0
PASS | Read RS1 | addr=2 -> data=0x9f4
PASS | Read RS2 | addr=5 -> data=0x2ede
PASS | Read RS1 | addr=1 -> data=0x7a88
PASS | Read RS2 | addr=2 -> data=0x9f4
PASS | Read RS1 | addr=6 -> data=0xbdd0
PASS | Read RS2 | addr=5 -> data=0x2ede
PASS | Read RS1 | addr=2 -> data=0x9f4
PASS | Read RS2 | addr=1 -> data=0x7a88
PASS | Read RS1 | addr=6 -> data=0xbdd0
PASS | Read RS2 | addr=3 -> data=0x34c6
PASS | Read RS1 | addr=5 -> data=0x2ede
PASS | Read RS2 | addr=0 -> data=0x0
PASS | Read RS1 | addr=1 -> data=0x7a88
PASS | Read RS2 | addr=2 -> data=0x9f4
PASS | Read RS1 | addr=6 -> data=0xbdd0
PASS | Read RS2 | addr=3 -> data=0x34c6
PASS | Read RS1 | addr=7 -> data=0x30e4
PASS | Read RS2 | addr=1 -> data=0x7a88
PASS | Read RS1 | addr=7 -> data=0x548
PASS | Read RS2 | addr=4 -> data=0x3bb3
PASS | Read RS1 | addr=1 -> data=0x7a88
PASS | Read RS2 | addr=0 -> data=0x0
PASS | Read RS1 | addr=7 -> data=0xe8a5
PASS | Read RS2 | addr=2 -> data=0x9f4
PASS | Read RS1 | addr=4 -> data=0x3bb3
PASS | Read RS2 | addr=3 -> data=0x34c6
PASS | Read RS1 | addr=5 -> data=0x2ede
PASS | Read RS2 | addr=2 -> data=0x9f4
PASS | Read RS1 | addr=6 -> data=0xbdd0
PASS | Read RS2 | addr=7 -> data=0xe8a5
PASS | Read RS1 | addr=6 -> data=0xbdd0
PASS | Read RS2 | addr=6 -> data=0xbdd0
PASS | Read RS1 | addr=2 -> data=0x9f4
PASS | Read RS2 | addr=1 -> data=0x7a88
PASS | Read RS1 | addr=5 -> data=0x2ede
PASS | Read RS2 | addr=7 -> data=0xe8a5
PASS | Read RS1 | addr=1 -> data=0x7a88
PASS | Read RS2 | addr=5 -> data=0x2ede
PASS | Read RS1 | addr=0 -> data=0x0
PASS | Read RS2 | addr=6 -> data=0xf177
PASS | Read RS1 | addr=7 -> data=0x75b0
PASS | Read RS2 | addr=3 -> data=0x34c6
PASS | Read RS1 | addr=6 -> data=0xf177
PASS | Read RS2 | addr=2 -> data=0x9f4
PASS | Read RS1 | addr=1 -> data=0x7e02
PASS | Read RS2 | addr=4 -> data=0x3bb3
PASS | Read RS1 | addr=4 -> data=0x3bb3
PASS | Read RS2 | addr=7 -> data=0xb2f7
PASS | Read RS1 | addr=5 -> data=0x2ede
PASS | Read RS2 | addr=7 -> data=0xb2f7
PASS | Read RS1 | addr=0 -> data=0x0
PASS | Read RS2 | addr=0 -> data=0x0
PASS | Read RS1 | addr=5 -> data=0x2ede
PASS | Read RS2 | addr=3 -> data=0x34c6
PASS | Read RS1 | addr=5 -> data=0x2ede
PASS | Read RS2 | addr=7 -> data=0xb2f7
PASS | Read RS1 | addr=4 -> data=0x11e3
PASS | Read RS2 | addr=6 -> data=0xf177
PASS | Read RS1 | addr=6 -> data=0xf177
PASS | Read RS2 | addr=3 -> data=0x34c6
PASS | Read RS1 | addr=7 -> data=0x3ead
PASS | Read RS2 | addr=5 -> data=0x2ede
PASS | Read RS1 | addr=4 -> data=0x11e3
PASS | Read RS2 | addr=4 -> data=0x11e3
PASS | Read RS1 | addr=1 -> data=0xd409
PASS | Read RS2 | addr=3 -> data=0x34c6
PASS | Read RS1 | addr=5 -> data=0x2ede
PASS | Read RS2 | addr=0 -> data=0x0
PASS | Read RS1 | addr=2 -> data=0x9f4
PASS | Read RS2 | addr=2 -> data=0x9f4
PASS | Read RS1 | addr=4 -> data=0x11e3
PASS | Read RS2 | addr=7 -> data=0x2ceb
PASS | Read RS1 | addr=0 -> data=0x0
PASS | Read RS2 | addr=7 -> data=0xf4e4
PASS | Read RS1 | addr=7 -> data=0xf4e4
PASS | Read RS2 | addr=0 -> data=0x0
PASS | Read RS1 | addr=0 -> data=0x0
PASS | Read RS2 | addr=1 -> data=0xd409
PASS | Read RS1 | addr=7 -> data=0xf4e4
PASS | Read RS2 | addr=3 -> data=0xe53a
PASS | Read RS1 | addr=0 -> data=0x0
PASS | Read RS2 | addr=7 -> data=0x622d
PASS | Read RS1 | addr=5 -> data=0x3523
PASS | Read RS2 | addr=2 -> data=0x9f4
PASS | Read RS1 | addr=2 -> data=0x724d
PASS | Read RS2 | addr=0 -> data=0x0
PASS | Read RS1 | addr=1 -> data=0xd409
PASS | Read RS2 | addr=7 -> data=0xeebb
PASS | Read RS1 | addr=5 -> data=0x3523
PASS | Read RS2 | addr=0 -> data=0x0
PASS | Read RS1 | addr=2 -> data=0x724d
PASS | Read RS2 | addr=3 -> data=0xe53a
PASS | Read RS1 | addr=5 -> data=0x3523
PASS | Read RS2 | addr=0 -> data=0x0
PASS | Read RS1 | addr=3 -> data=0xe53a
PASS | Read RS2 | addr=0 -> data=0x0
PASS | Read RS1 | addr=0 -> data=0x0
PASS | Read RS2 | addr=2 -> data=0x724d
PASS | Read RS1 | addr=6 -> data=0xf177
PASS | Read RS2 | addr=7 -> data=0xeebb
PASS | Read RS1 | addr=7 -> data=0xeebb
PASS | Read RS2 | addr=2 -> data=0x724d
PASS | Read RS1 | addr=7 -> data=0xe74e
PASS | Read RS2 | addr=0 -> data=0x0
PASS | Read RS1 | addr=3 -> data=0xe53a
PASS | Read RS2 | addr=3 -> data=0xe53a
PASS | Read RS1 | addr=4 -> data=0xf04f
PASS | Read RS2 | addr=5 -> data=0x3523
PASS | Read RS1 | addr=1 -> data=0xd56b
PASS | Read RS2 | addr=2 -> data=0x724d
PASS | Read RS1 | addr=5 -> data=0x3523
PASS | Read RS2 | addr=0 -> data=0x0
PASS | Read RS1 | addr=6 -> data=0xf177
PASS | Read RS2 | addr=5 -> data=0x3523
PASS | Read RS1 | addr=6 -> data=0xf177
PASS | Read RS2 | addr=2 -> data=0x724d
PASS | Read RS1 | addr=3 -> data=0xe53a
PASS | Read RS2 | addr=7 -> data=0x24f4
PASS | Read RS1 | addr=2 -> data=0x92a9
PASS | Read RS2 | addr=1 -> data=0xaa3a
PASS | Read RS1 | addr=4 -> data=0xf04f
PASS | Read RS2 | addr=1 -> data=0xaa3a
PASS | Read RS1 | addr=1 -> data=0xaa3a
PASS | Read RS2 | addr=0 -> data=0x0
PASS | Read RS1 | addr=0 -> data=0x0
PASS | Read RS2 | addr=7 -> data=0x24f4
PASS | Read RS1 | addr=5 -> data=0x3523
PASS | Read RS2 | addr=6 -> data=0xf177
PASS | Read RS1 | addr=1 -> data=0xaa3a
PASS | Read RS2 | addr=6 -> data=0xf177
PASS | Read RS1 | addr=5 -> data=0x3523
PASS | Read RS2 | addr=3 -> data=0xe53a
PASS | Read RS1 | addr=4 -> data=0x848c
PASS | Read RS2 | addr=3 -> data=0xe53a
PASS | Read RS1 | addr=1 -> data=0xaa3a
PASS | Read RS2 | addr=3 -> data=0xe53a
PASS | Read RS1 | addr=6 -> data=0x2e91
PASS | Read RS2 | addr=4 -> data=0x848c
PASS | Read RS1 | addr=1 -> data=0xaa3a
PASS | Read RS2 | addr=4 -> data=0x848c
PASS | Read RS1 | addr=0 -> data=0x0
PASS | Read RS2 | addr=5 -> data=0x3523
PASS | Read RS1 | addr=4 -> data=0x848c
PASS | Read RS2 | addr=7 -> data=0x24f4
PASS | Read RS1 | addr=4 -> data=0x848c
PASS | Read RS2 | addr=4 -> data=0x848c
PASS | Read RS1 | addr=5 -> data=0x3523
PASS | Read RS2 | addr=2 -> data=0xc293
PASS | Read RS1 | addr=0 -> data=0x0
PASS | Read RS2 | addr=4 -> data=0x848c
PASS | Read RS1 | addr=4 -> data=0x848c
PASS | Read RS2 | addr=5 -> data=0x3523
PASS | Read RS1 | addr=5 -> data=0x3523
PASS | Read RS2 | addr=2 -> data=0x22c3
PASS | Read RS1 | addr=3 -> data=0xe53a
PASS | Read RS2 | addr=1 -> data=0xaa3a
PASS | Read RS1 | addr=7 -> data=0x2822
PASS | Read RS2 | addr=3 -> data=0xe53a
PASS | Read RS1 | addr=5 -> data=0x3523
PASS | Read RS2 | addr=4 -> data=0x848c
PASS | Read RS1 | addr=7 -> data=0x2822
PASS | Read RS2 | addr=4 -> data=0x848c
PASS | Read RS1 | addr=1 -> data=0xaa3a
PASS | Read RS2 | addr=6 -> data=0x2e91
PASS | Read RS1 | addr=6 -> data=0x2e91
PASS | Read RS2 | addr=4 -> data=0x848c
PASS | Read RS1 | addr=3 -> data=0xe53a
PASS | Read RS2 | addr=5 -> data=0xa726
PASS | Read RS1 | addr=1 -> data=0xaa3a
PASS | Read RS2 | addr=6 -> data=0xf5ef
PASS | Read RS1 | addr=2 -> data=0x4969
PASS | Read RS2 | addr=7 -> data=0x37da
PASS | Read RS1 | addr=7 -> data=0x37da
PASS | Read RS2 | addr=5 -> data=0xa726
PASS | Read RS1 | addr=3 -> data=0xe53a
PASS | Read RS2 | addr=1 -> data=0xaa3a
PASS | Read RS1 | addr=0 -> data=0x0
PASS | Read RS2 | addr=6 -> data=0x8e39
PASS | Read RS1 | addr=4 -> data=0x848c
PASS | Read RS2 | addr=0 -> data=0x0
PASS | Read RS1 | addr=1 -> data=0xaa3a
PASS | Read RS2 | addr=7 -> data=0x751b
PASS | Read RS1 | addr=3 -> data=0xe53a
PASS | Read RS2 | addr=1 -> data=0xaa3a
PASS | Read RS1 | addr=4 -> data=0x848c
PASS | Read RS2 | addr=5 -> data=0xc267
PASS | Read RS1 | addr=7 -> data=0x751b
PASS | Read RS2 | addr=4 -> data=0x848c
PASS | Read RS1 | addr=1 -> data=0xaa3a
PASS | Read RS2 | addr=2 -> data=0x4969
PASS | Read RS1 | addr=5 -> data=0xc267
PASS | Read RS2 | addr=0 -> data=0x0
PASS | Read RS1 | addr=4 -> data=0x848c
PASS | Read RS2 | addr=5 -> data=0xc267
PASS | Read RS1 | addr=6 -> data=0x8e39
PASS | Read RS2 | addr=6 -> data=0x8e39
PASS | Read RS1 | addr=4 -> data=0x848c
PASS | Read RS2 | addr=1 -> data=0xaa3a
PASS | Read RS1 | addr=6 -> data=0xde3c
PASS | Read RS2 | addr=7 -> data=0x751b
PASS | Read RS1 | addr=6 -> data=0xde3c
PASS | Read RS2 | addr=7 -> data=0x751b
PASS | Read RS1 | addr=1 -> data=0xaa3a
PASS | Read RS2 | addr=0 -> data=0x0
PASS | Read RS1 | addr=2 -> data=0x8736
PASS | Read RS2 | addr=6 -> data=0xe36d
PASS | Read RS1 | addr=0 -> data=0x0
PASS | Read RS2 | addr=1 -> data=0xaa3a
PASS | Read RS1 | addr=2 -> data=0x8736
PASS | Read RS2 | addr=7 -> data=0x751b
PASS | Read RS1 | addr=5 -> data=0xc267
PASS | Read RS2 | addr=6 -> data=0xe36d
PASS | Read RS1 | addr=1 -> data=0xaa3a
PASS | Read RS2 | addr=3 -> data=0xc145
PASS | Read RS1 | addr=4 -> data=0x2ba7
PASS | Read RS2 | addr=5 -> data=0xc267
PASS | Read RS1 | addr=4 -> data=0x2ba7
PASS | Read RS2 | addr=1 -> data=0xaa3a
PASS | Read RS1 | addr=4 -> data=0x2ba7
PASS | Read RS2 | addr=0 -> data=0x0
PASS | Read RS1 | addr=5 -> data=0xc267
PASS | Read RS2 | addr=6 -> data=0xe36d
PASS | Read RS1 | addr=7 -> data=0x4550
PASS | Read RS2 | addr=6 -> data=0xe36d
PASS | Read RS1 | addr=1 -> data=0xaa3a
PASS | Read RS2 | addr=6 -> data=0xe36d
PASS | Read RS1 | addr=3 -> data=0x3c7d
PASS | Read RS2 | addr=7 -> data=0x4550
PASS | Read RS1 | addr=0 -> data=0x0
PASS | Read RS2 | addr=0 -> data=0x0
PASS | Read RS1 | addr=2 -> data=0x8736
PASS | Read RS2 | addr=6 -> data=0xe36d
PASS | Read RS1 | addr=4 -> data=0x2ba7
PASS | Read RS2 | addr=2 -> data=0x8736
PASS | Read RS1 | addr=2 -> data=0x8736
PASS | Read RS2 | addr=1 -> data=0xaa3a
PASS | Read RS1 | addr=3 -> data=0x3c7d
PASS | Read RS2 | addr=3 -> data=0x3c7d
PASS | Read RS1 | addr=2 -> data=0x8736
PASS | Read RS2 | addr=6 -> data=0xe36d
PASS | Read RS1 | addr=6 -> data=0xe36d
PASS | Read RS2 | addr=1 -> data=0xaa3a
PASS | Read RS1 | addr=0 -> data=0x0
PASS | Read RS2 | addr=4 -> data=0x2ba7
PASS | Read RS1 | addr=0 -> data=0x0
PASS | Read RS2 | addr=2 -> data=0x8736
PASS | Read RS1 | addr=3 -> data=0x3c7d
PASS | Read RS2 | addr=0 -> data=0x0
PASS | Read RS1 | addr=3 -> data=0x3c7d
PASS | Read RS2 | addr=7 -> data=0x8be6
PASS | Read RS1 | addr=2 -> data=0x8736
PASS | Read RS2 | addr=1 -> data=0xaa3a
PASS | Read RS1 | addr=3 -> data=0x3c7d
PASS | Read RS2 | addr=4 -> data=0x6347
PASS | Read RS1 | addr=7 -> data=0xd276
PASS | Read RS2 | addr=3 -> data=0x3c7d
PASS | Read RS1 | addr=1 -> data=0xaa3a
PASS | Read RS2 | addr=7 -> data=0xf617
PASS | Read RS1 | addr=4 -> data=0x2cfb
PASS | Read RS2 | addr=4 -> data=0x2cfb
PASS | Read RS1 | addr=2 -> data=0x8736
PASS | Read RS2 | addr=0 -> data=0x0
PASS | Read RS1 | addr=7 -> data=0xf513
PASS | Read RS2 | addr=5 -> data=0x32a3
PASS | Read RS1 | addr=2 -> data=0x8736
PASS | Read RS2 | addr=6 -> data=0xe36d
PASS | Read RS1 | addr=1 -> data=0xaa3a
PASS | Read RS2 | addr=5 -> data=0x32a3
PASS | Read RS1 | addr=6 -> data=0xe36d
PASS | Read RS2 | addr=1 -> data=0xaa3a
PASS | Read RS1 | addr=0 -> data=0x0
PASS | Read RS2 | addr=4 -> data=0x2cfb
PASS | Read RS1 | addr=2 -> data=0x1828
PASS | Read RS2 | addr=7 -> data=0xf513
PASS | Read RS1 | addr=1 -> data=0x7c0c
PASS | Read RS2 | addr=2 -> data=0x1828
PASS | Read RS1 | addr=7 -> data=0xf513
PASS | Read RS2 | addr=4 -> data=0x2cfb
PASS | Read RS1 | addr=5 -> data=0x32a3
PASS | Read RS2 | addr=2 -> data=0x1828
PASS | Read RS1 | addr=4 -> data=0x2cfb
PASS | Read RS2 | addr=1 -> data=0x7c0c
PASS | Read RS1 | addr=2 -> data=0x1828
PASS | Read RS2 | addr=0 -> data=0x0
PASS | Read RS1 | addr=1 -> data=0x7c0c
PASS | Read RS2 | addr=7 -> data=0x2a1c
PASS | Read RS1 | addr=7 -> data=0x2a1c
PASS | Read RS2 | addr=6 -> data=0xe36d
PASS | Read RS1 | addr=6 -> data=0xe36d
PASS | Read RS2 | addr=7 -> data=0x2a1c
PASS | Read RS1 | addr=0 -> data=0x0
PASS | Read RS2 | addr=3 -> data=0x3c7d
PASS | Read RS1 | addr=5 -> data=0x32a3
PASS | Read RS2 | addr=6 -> data=0xe36d
PASS | Read RS1 | addr=7 -> data=0x4584
PASS | Read RS2 | addr=0 -> data=0x0
PASS | Read RS1 | addr=2 -> data=0xbf88
PASS | Read RS2 | addr=6 -> data=0xe36d
PASS | Read RS1 | addr=2 -> data=0xbf88
PASS | Read RS2 | addr=6 -> data=0xe36d
PASS | Read RS1 | addr=6 -> data=0xe36d
PASS | Read RS2 | addr=4 -> data=0x2cfb
PASS | Read RS1 | addr=0 -> data=0x0
PASS | Read RS2 | addr=1 -> data=0x7c0c
PASS | Read RS1 | addr=6 -> data=0xe36d
PASS | Read RS2 | addr=3 -> data=0x3c7d
PASS | Read RS1 | addr=7 -> data=0xe97f
PASS | Read RS2 | addr=0 -> data=0x0
PASS | Read RS1 | addr=0 -> data=0x0
PASS | Read RS2 | addr=5 -> data=0x32a3
PASS | Read RS1 | addr=6 -> data=0x8946
PASS | Read RS2 | addr=1 -> data=0x7c0c
PASS | Read RS1 | addr=2 -> data=0xbf88
PASS | Read RS2 | addr=7 -> data=0x1871
PASS | Read RS1 | addr=1 -> data=0x7c0c
PASS | Read RS2 | addr=2 -> data=0xc388
PASS | Read RS1 | addr=6 -> data=0x8946
PASS | Read RS2 | addr=4 -> data=0x2cfb
PASS | Read RS1 | addr=1 -> data=0xc8fa
PASS | Read RS2 | addr=3 -> data=0x3c7d
PASS | Read RS1 | addr=2 -> data=0xc388
PASS | Read RS2 | addr=3 -> data=0x3c7d
PASS | Read RS1 | addr=3 -> data=0x2f09
PASS | Read RS2 | addr=7 -> data=0xb965
PASS | Read RS1 | addr=7 -> data=0xb965
PASS | Read RS2 | addr=7 -> data=0xb965
PASS | Read RS1 | addr=1 -> data=0xc8fa
PASS | Read RS2 | addr=0 -> data=0x0
PASS | Read RS1 | addr=3 -> data=0x2f09
PASS | Read RS2 | addr=0 -> data=0x0
PASS | Read RS1 | addr=0 -> data=0x0
PASS | Read RS2 | addr=7 -> data=0x296d
PASS | Read RS1 | addr=6 -> data=0x8946
PASS | Read RS2 | addr=6 -> data=0x8946
PASS | Read RS1 | addr=1 -> data=0xc8fa
PASS | Read RS2 | addr=1 -> data=0xc8fa
PASS | Read RS1 | addr=6 -> data=0x8946
PASS | Read RS2 | addr=1 -> data=0xc8fa
PASS | Read RS1 | addr=5 -> data=0x32a3
PASS | Read RS2 | addr=0 -> data=0x0
PASS | Read RS1 | addr=2 -> data=0xc388
PASS | Read RS2 | addr=6 -> data=0x8946
PASS | Read RS1 | addr=4 -> data=0x2cfb
PASS | Read RS2 | addr=6 -> data=0x8946
PASS | Read RS1 | addr=3 -> data=0x2f09
PASS | Read RS2 | addr=2 -> data=0xc388
PASS | Read RS1 | addr=0 -> data=0x0
PASS | Read RS2 | addr=6 -> data=0x8946
PASS | Read RS1 | addr=1 -> data=0xc8fa
PASS | Read RS2 | addr=5 -> data=0x4dbf
PASS | Read RS1 | addr=0 -> data=0x0
PASS | Read RS2 | addr=0 -> data=0x0
PASS | Read RS1 | addr=7 -> data=0x8159
PASS | Read RS2 | addr=3 -> data=0x2f09
PASS | Read RS1 | addr=4 -> data=0x2cfb
PASS | Read RS2 | addr=5 -> data=0x4dbf
PASS | Read RS1 | addr=5 -> data=0x4dbf
PASS | Read RS2 | addr=3 -> data=0x2f09
PASS | Read RS1 | addr=7 -> data=0x3bb7
PASS | Read RS2 | addr=3 -> data=0x2f09
PASS | Read RS1 | addr=5 -> data=0x4dbf
PASS | Read RS2 | addr=1 -> data=0xc8fa
PASS | Read RS1 | addr=7 -> data=0x3bb7
PASS | Read RS2 | addr=1 -> data=0xc8fa
PASS | Read RS1 | addr=1 -> data=0xc8fa
PASS | Read RS2 | addr=5 -> data=0x4dbf
PASS | Read RS1 | addr=1 -> data=0xc8fa
PASS | Read RS2 | addr=5 -> data=0x4dbf
PASS | Read RS1 | addr=2 -> data=0xc388
PASS | Read RS2 | addr=3 -> data=0x2f09
PASS | Read RS1 | addr=4 -> data=0x2cfb
PASS | Read RS2 | addr=0 -> data=0x0
PASS | Read RS1 | addr=1 -> data=0xc8fa
PASS | Read RS2 | addr=0 -> data=0x0
PASS | Read RS1 | addr=2 -> data=0xc388
PASS | Read RS2 | addr=7 -> data=0x5094
PASS | Read RS1 | addr=2 -> data=0xc388
PASS | Read RS2 | addr=3 -> data=0x2f09
PASS | Read RS1 | addr=7 -> data=0x5094
PASS | Read RS2 | addr=1 -> data=0xe3f4
PASS | Read RS1 | addr=2 -> data=0xc388
PASS | Read RS2 | addr=0 -> data=0x0
PASS | Read RS1 | addr=6 -> data=0x6f2d
PASS | Read RS2 | addr=3 -> data=0x2f09
PASS | Read RS1 | addr=6 -> data=0x6f2d
PASS | Read RS2 | addr=6 -> data=0x6f2d
PASS | Read RS1 | addr=0 -> data=0x0
PASS | Read RS2 | addr=1 -> data=0xe3f4
PASS | Read RS1 | addr=3 -> data=0x2f09
PASS | Read RS2 | addr=6 -> data=0x29d8
PASS | Read RS1 | addr=1 -> data=0xe3f4
PASS | Read RS2 | addr=3 -> data=0x2f09
PASS | Read RS1 | addr=0 -> data=0x0
PASS | Read RS2 | addr=5 -> data=0x4dbf
PASS | Read RS1 | addr=2 -> data=0xc388
PASS | Read RS2 | addr=7 -> data=0x2199
PASS | Read RS1 | addr=1 -> data=0xe3f4
PASS | Read RS2 | addr=3 -> data=0x2f09
PASS | Read RS1 | addr=6 -> data=0x8a5
PASS | Read RS2 | addr=5 -> data=0x4dbf
PASS | Read RS1 | addr=6 -> data=0x8a5
PASS | Read RS2 | addr=5 -> data=0x4dbf
PASS | Read RS1 | addr=7 -> data=0x2199
PASS | Read RS2 | addr=1 -> data=0xe3f4
PASS | Read RS1 | addr=3 -> data=0x2f09
PASS | Read RS2 | addr=5 -> data=0x4dbf
PASS | Read RS1 | addr=6 -> data=0x8a5
PASS | Read RS2 | addr=4 -> data=0x2cfb
PASS | Read RS1 | addr=4 -> data=0x2cfb
PASS | Read RS2 | addr=3 -> data=0x2f09
PASS | Read RS1 | addr=5 -> data=0x4dbf
PASS | Read RS2 | addr=3 -> data=0x2f09
PASS | Read RS1 | addr=7 -> data=0xcde4
PASS | Read RS2 | addr=6 -> data=0x8a5
PASS | Read RS1 | addr=7 -> data=0xcde4
PASS | Read RS2 | addr=7 -> data=0xcde4
PASS | Read RS1 | addr=3 -> data=0xbdd8
PASS | Read RS2 | addr=3 -> data=0xbdd8
PASS | Read RS1 | addr=5 -> data=0x4dbf
PASS | Read RS2 | addr=0 -> data=0x0
PASS | Read RS1 | addr=0 -> data=0x0
PASS | Read RS2 | addr=7 -> data=0xf1ab
PASS | Read RS1 | addr=0 -> data=0x0
PASS | Read RS2 | addr=3 -> data=0xbdd8
PASS | Read RS1 | addr=5 -> data=0x4dbf
PASS | Read RS2 | addr=0 -> data=0x0
PASS | Read RS1 | addr=4 -> data=0x2cfb
PASS | Read RS2 | addr=4 -> data=0x2cfb
PASS | Read RS1 | addr=3 -> data=0xbdd8
PASS | Read RS2 | addr=5 -> data=0x4dbf
PASS | Read RS1 | addr=1 -> data=0xe3f4
PASS | Read RS2 | addr=3 -> data=0xbdd8
PASS | Read RS1 | addr=1 -> data=0xe3f4
PASS | Read RS2 | addr=1 -> data=0xe3f4
PASS | Read RS1 | addr=5 -> data=0x4dbf
PASS | Read RS2 | addr=4 -> data=0x2cfb
PASS | Read RS1 | addr=3 -> data=0xbdd8
PASS | Read RS2 | addr=0 -> data=0x0
PASS | Read RS1 | addr=3 -> data=0xbdd8
PASS | Read RS2 | addr=5 -> data=0x4dbf
PASS | Read RS1 | addr=4 -> data=0x2cfb
PASS | Read RS2 | addr=2 -> data=0x8266
PASS | Read RS1 | addr=1 -> data=0xe3f4
PASS | Read RS2 | addr=1 -> data=0xe3f4
PASS | Read RS1 | addr=0 -> data=0x0
PASS | Read RS2 | addr=7 -> data=0xe8a6
PASS | Read RS1 | addr=4 -> data=0x4253
PASS | Read RS2 | addr=3 -> data=0xbdd8
PASS | Read RS1 | addr=7 -> data=0x8140
PASS | Read RS2 | addr=0 -> data=0x0
PASS | Read RS1 | addr=0 -> data=0x0
PASS | Read RS2 | addr=5 -> data=0x4dbf
PASS | Read RS1 | addr=0 -> data=0x0
PASS | Read RS2 | addr=2 -> data=0x8266
PASS | Read RS1 | addr=3 -> data=0xbdd8
PASS | Read RS2 | addr=7 -> data=0xb2f3
PASS | Read RS1 | addr=3 -> data=0xbdd8
PASS | Read RS2 | addr=1 -> data=0xe3f4
PASS | Read RS1 | addr=2 -> data=0x8266
PASS | Read RS2 | addr=1 -> data=0xe3f4
PASS | Read RS1 | addr=1 -> data=0xe3f4
PASS | Read RS2 | addr=6 -> data=0x8a5
PASS | Read RS1 | addr=6 -> data=0x8a5
PASS | Read RS2 | addr=1 -> data=0xe3f4
PASS | Read RS1 | addr=2 -> data=0x8266
PASS | Read RS2 | addr=1 -> data=0xe3f4
PASS | Read RS1 | addr=2 -> data=0x8266
PASS | Read RS2 | addr=1 -> data=0xe3f4
PASS | Read RS1 | addr=2 -> data=0x8266
PASS | Read RS2 | addr=2 -> data=0x8266
PASS | Read RS1 | addr=7 -> data=0x9670
PASS | Read RS2 | addr=7 -> data=0x9670
PASS | Read RS1 | addr=6 -> data=0x8a5
PASS | Read RS2 | addr=1 -> data=0xe3f4
PASS | Read RS1 | addr=3 -> data=0xbdd8
PASS | Read RS2 | addr=2 -> data=0x8266
PASS | Read RS1 | addr=3 -> data=0x74df
PASS | Read RS2 | addr=1 -> data=0xe3f4
PASS | Read RS1 | addr=0 -> data=0x0
PASS | Read RS2 | addr=5 -> data=0x4dbf
PASS | Read RS1 | addr=4 -> data=0x4253
PASS | Read RS2 | addr=5 -> data=0x4dbf
PASS | Read RS1 | addr=6 -> data=0x8a5
PASS | Read RS2 | addr=6 -> data=0x8a5
PASS | Read RS1 | addr=0 -> data=0x0
PASS | Read RS2 | addr=7 -> data=0xd07e
PASS | Read RS1 | addr=4 -> data=0x4253
PASS | Read RS2 | addr=2 -> data=0x8266
PASS | Read RS1 | addr=2 -> data=0x8266
PASS | Read RS2 | addr=3 -> data=0x49f2
PASS | Read RS1 | addr=6 -> data=0x8a5
PASS | Read RS2 | addr=1 -> data=0x8d2f
PASS | Read RS1 | addr=5 -> data=0x4dbf
PASS | Read RS2 | addr=3 -> data=0x49f2
PASS | Read RS1 | addr=4 -> data=0x4253
PASS | Read RS2 | addr=7 -> data=0x849b
PASS | Read RS1 | addr=6 -> data=0x58ed
PASS | Read RS2 | addr=1 -> data=0x8d2f
PASS | Read RS1 | addr=6 -> data=0x58ed
PASS | Read RS2 | addr=0 -> data=0x0
PASS | Read RS1 | addr=0 -> data=0x0
PASS | Read RS2 | addr=5 -> data=0x4dbf
PASS | Read RS1 | addr=5 -> data=0x4dbf
PASS | Read RS2 | addr=4 -> data=0x4253
PASS | Read RS1 | addr=6 -> data=0x58ed
PASS | Read RS2 | addr=2 -> data=0xba0b
PASS | Read RS1 | addr=3 -> data=0x49f2
PASS | Read RS2 | addr=4 -> data=0x4253
PASS | Read RS1 | addr=0 -> data=0x0
PASS | Read RS2 | addr=6 -> data=0x58ed
PASS | Read RS1 | addr=7 -> data=0x6d3
PASS | Read RS2 | addr=0 -> data=0x0
PASS | Read RS1 | addr=4 -> data=0x4253
PASS | Read RS2 | addr=7 -> data=0x8201
PASS | Read RS1 | addr=6 -> data=0x58ed
PASS | Read RS2 | addr=6 -> data=0x58ed
PASS | Read RS1 | addr=5 -> data=0x4dbf
PASS | Read RS2 | addr=3 -> data=0x208a
PASS | Read RS1 | addr=3 -> data=0x208a
PASS | Read RS2 | addr=0 -> data=0x0
PASS | Read RS1 | addr=3 -> data=0x208a
PASS | Read RS2 | addr=4 -> data=0x4253
PASS | Read RS1 | addr=6 -> data=0x58ed
PASS | Read RS2 | addr=7 -> data=0x5373
PASS | Read RS1 | addr=4 -> data=0x4253
PASS | Read RS2 | addr=6 -> data=0x58ed
PASS | Read RS1 | addr=3 -> data=0x208a
PASS | Read RS2 | addr=7 -> data=0x3717
PASS | Read RS1 | addr=3 -> data=0x208a
PASS | Read RS2 | addr=3 -> data=0x208a
PASS | Read RS1 | addr=3 -> data=0x208a
PASS | Read RS2 | addr=2 -> data=0xba0b
PASS | Read RS1 | addr=0 -> data=0x0
PASS | Read RS2 | addr=3 -> data=0xff6b
PASS | Read RS1 | addr=3 -> data=0xff6b
PASS | Read RS2 | addr=1 -> data=0x6f08
PASS | Read RS1 | addr=2 -> data=0xba0b
PASS | Read RS2 | addr=4 -> data=0xcb1d
PASS | Read RS1 | addr=0 -> data=0x0
PASS | Read RS2 | addr=5 -> data=0x4dbf
PASS | Read RS1 | addr=6 -> data=0x4f1e
PASS | Read RS2 | addr=5 -> data=0x4dbf
PASS | Read RS1 | addr=1 -> data=0x6f08
PASS | Read RS2 | addr=3 -> data=0xff6b
PASS | Read RS1 | addr=2 -> data=0xba0b
PASS | Read RS2 | addr=6 -> data=0x4f1e
PASS | Read RS1 | addr=5 -> data=0x4dbf
PASS | Read RS2 | addr=2 -> data=0xba0b
PASS | Read RS1 | addr=4 -> data=0xcb1d
PASS | Read RS2 | addr=3 -> data=0xff6b
PASS | Read RS1 | addr=1 -> data=0x2cb3
PASS | Read RS2 | addr=3 -> data=0xff6b
PASS | Read RS1 | addr=5 -> data=0x4dbf
PASS | Read RS2 | addr=0 -> data=0x0
PASS | Read RS1 | addr=3 -> data=0xff6b
PASS | Read RS2 | addr=4 -> data=0xcb1d
PASS | Read RS1 | addr=1 -> data=0x2cb3
PASS | Read RS2 | addr=4 -> data=0x5a38
PASS | Read RS1 | addr=0 -> data=0x0
PASS | Read RS2 | addr=3 -> data=0xff6b
PASS | Read RS1 | addr=0 -> data=0x0
PASS | Read RS2 | addr=3 -> data=0xff6b
PASS | Read RS1 | addr=2 -> data=0xba0b
PASS | Read RS2 | addr=7 -> data=0xeab7
PASS | Read RS1 | addr=0 -> data=0x0
PASS | Read RS2 | addr=5 -> data=0x4dbf
PASS | Read RS1 | addr=5 -> data=0x4dbf
PASS | Read RS2 | addr=7 -> data=0xeab7
PASS | Read RS1 | addr=3 -> data=0x3ce8
PASS | Read RS2 | addr=1 -> data=0x2cb3
PASS | Read RS1 | addr=2 -> data=0xba0b
PASS | Read RS2 | addr=5 -> data=0x4dbf
PASS | Read RS1 | addr=3 -> data=0x3ce8
PASS | Read RS2 | addr=6 -> data=0x4f1e
PASS | Read RS1 | addr=3 -> data=0x3ce8
PASS | Read RS2 | addr=4 -> data=0x5a38
PASS | Read RS1 | addr=6 -> data=0x4f1e
PASS | Read RS2 | addr=1 -> data=0x2cb3
PASS | Read RS1 | addr=0 -> data=0x0
PASS | Read RS2 | addr=6 -> data=0x4f1e
PASS | Read RS1 | addr=3 -> data=0x3ce8
PASS | Read RS2 | addr=5 -> data=0x4dbf
PASS | Read RS1 | addr=6 -> data=0x4f1e
PASS | Read RS2 | addr=7 -> data=0x1d5a
PASS | Read RS1 | addr=2 -> data=0xba0b
PASS | Read RS2 | addr=4 -> data=0x5a38
PASS | Read RS1 | addr=1 -> data=0x2cb3
PASS | Read RS2 | addr=3 -> data=0x3ce8
PASS | Read RS1 | addr=5 -> data=0x4dbf
PASS | Read RS2 | addr=1 -> data=0x2cb3
PASS | Read RS1 | addr=2 -> data=0x6f5a
PASS | Read RS2 | addr=3 -> data=0x3ce8
PASS | Read RS1 | addr=1 -> data=0x2cb3
PASS | Read RS2 | addr=3 -> data=0x3ce8
PASS | Read RS1 | addr=6 -> data=0x4f1e
PASS | Read RS2 | addr=7 -> data=0xfc45
PASS | Read RS1 | addr=4 -> data=0x5a38
PASS | Read RS2 | addr=5 -> data=0x4dbf
PASS | Read RS1 | addr=0 -> data=0x0
PASS | Read RS2 | addr=5 -> data=0x4dbf
PASS | Read RS1 | addr=0 -> data=0x0
PASS | Read RS2 | addr=1 -> data=0x7958
PASS | Read RS1 | addr=0 -> data=0x0
PASS | Read RS2 | addr=0 -> data=0x0
PASS | Read RS1 | addr=0 -> data=0x0
PASS | Read RS2 | addr=0 -> data=0x0
PASS | Read RS1 | addr=6 -> data=0x4f1e
PASS | Read RS2 | addr=6 -> data=0x4f1e
PASS | Read RS1 | addr=5 -> data=0x4dbf
PASS | Read RS2 | addr=6 -> data=0x4f1e
PASS | Read RS1 | addr=5 -> data=0x4dbf
PASS | Read RS2 | addr=6 -> data=0x4f1e
PASS | Read RS1 | addr=6 -> data=0x4f1e
PASS | Read RS2 | addr=0 -> data=0x0
PASS | Read RS1 | addr=3 -> data=0xf4eb
PASS | Read RS2 | addr=0 -> data=0x0
PASS | Read RS1 | addr=7 -> data=0x9052
PASS | Read RS2 | addr=5 -> data=0x4dbf
PASS | Read RS1 | addr=5 -> data=0x4dbf
PASS | Read RS2 | addr=6 -> data=0x4f1e
PASS | Read RS1 | addr=5 -> data=0xf272
PASS | Read RS2 | addr=0 -> data=0x0
PASS | Read RS1 | addr=1 -> data=0xb476
PASS | Read RS2 | addr=1 -> data=0xb476
PASS | Read RS1 | addr=7 -> data=0xbeab
PASS | Read RS2 | addr=5 -> data=0xf272
PASS | Read RS1 | addr=0 -> data=0x0
PASS | Read RS2 | addr=3 -> data=0xf4eb
PASS | Read RS1 | addr=4 -> data=0x5a38
PASS | Read RS2 | addr=6 -> data=0x8ae3
PASS | Read RS1 | addr=0 -> data=0x0
PASS | Read RS2 | addr=1 -> data=0xf49d
PASS | Read RS1 | addr=3 -> data=0xf4eb
PASS | Read RS2 | addr=6 -> data=0x8ae3
PASS | Read RS1 | addr=2 -> data=0xcee6
PASS | Read RS2 | addr=5 -> data=0xf272
PASS | Read RS1 | addr=2 -> data=0xcee6
PASS | Read RS2 | addr=4 -> data=0x5a38
PASS | Read RS1 | addr=5 -> data=0xf272
PASS | Read RS2 | addr=0 -> data=0x0
PASS | Read RS1 | addr=7 -> data=0xc8ef
PASS | Read RS2 | addr=5 -> data=0xf272
PASS | Read RS1 | addr=1 -> data=0x8d01
PASS | Read RS2 | addr=7 -> data=0xc8ef
PASS | Read RS1 | addr=3 -> data=0xbfd8
PASS | Read RS2 | addr=1 -> data=0x8d01
PASS | Read RS1 | addr=1 -> data=0x8d01
PASS | Read RS2 | addr=0 -> data=0x0
PASS | Read RS1 | addr=7 -> data=0xf22c
PASS | Read RS2 | addr=0 -> data=0x0
PASS | Read RS1 | addr=1 -> data=0x8d01
PASS | Read RS2 | addr=7 -> data=0xf22c
PASS | Read RS1 | addr=4 -> data=0x5a38
PASS | Read RS2 | addr=6 -> data=0x8ae3
PASS | Read RS1 | addr=1 -> data=0x673c
PASS | Read RS2 | addr=6 -> data=0x8ae3
PASS | Read RS1 | addr=5 -> data=0xf272
PASS | Read RS2 | addr=5 -> data=0xf272
PASS | Read RS1 | addr=1 -> data=0x673c
PASS | Read RS2 | addr=2 -> data=0xcee6
PASS | Read RS1 | addr=0 -> data=0x0
PASS | Read RS2 | addr=0 -> data=0x0
PASS | Read RS1 | addr=1 -> data=0x673c
PASS | Read RS2 | addr=4 -> data=0x5a38
PASS | Read RS1 | addr=1 -> data=0x673c
PASS | Read RS2 | addr=0 -> data=0x0
PASS | Read RS1 | addr=0 -> data=0x0
PASS | Read RS2 | addr=3 -> data=0x33fb
PASS | Read RS1 | addr=1 -> data=0x673c
PASS | Read RS2 | addr=0 -> data=0x0
PASS | Read RS1 | addr=2 -> data=0x3294
PASS | Read RS2 | addr=7 -> data=0x1f66
PASS | Read RS1 | addr=6 -> data=0x8ae3
PASS | Read RS2 | addr=3 -> data=0x33fb
PASS | Read RS1 | addr=3 -> data=0x33fb
PASS | Read RS2 | addr=5 -> data=0xf272
PASS | Read RS1 | addr=6 -> data=0x8ae3
PASS | Read RS2 | addr=6 -> data=0x8ae3
PASS | Read RS1 | addr=7 -> data=0x1f66
PASS | Read RS2 | addr=4 -> data=0x4506
PASS | Read RS1 | addr=0 -> data=0x0
PASS | Read RS2 | addr=1 -> data=0x673c
PASS | Read RS1 | addr=2 -> data=0x3294
PASS | Read RS2 | addr=2 -> data=0x3294
PASS | Read RS1 | addr=4 -> data=0x4506
PASS | Read RS2 | addr=6 -> data=0x8ae3
PASS | Read RS1 | addr=2 -> data=0x3294
PASS | Read RS2 | addr=4 -> data=0x4506
PASS | Read RS1 | addr=4 -> data=0x4506
PASS | Read RS2 | addr=6 -> data=0x8ae3
PASS | Read RS1 | addr=3 -> data=0x33fb
PASS | Read RS2 | addr=6 -> data=0x8ae3
PASS | Read RS1 | addr=3 -> data=0x33fb
PASS | Read RS2 | addr=7 -> data=0xceb1
PASS | Read RS1 | addr=1 -> data=0x480c
PASS | Read RS2 | addr=5 -> data=0xf272
PASS | Read RS1 | addr=6 -> data=0x8ae3
PASS | Read RS2 | addr=0 -> data=0x0
PASS | Read RS1 | addr=1 -> data=0x480c
PASS | Read RS2 | addr=1 -> data=0x480c
PASS | Read RS1 | addr=5 -> data=0xf272
PASS | Read RS2 | addr=6 -> data=0x8ae3
PASS | Read RS1 | addr=1 -> data=0x480c
PASS | Read RS2 | addr=0 -> data=0x0
PASS | Read RS1 | addr=5 -> data=0xf272
PASS | Read RS2 | addr=1 -> data=0x480c
PASS | Read RS1 | addr=7 -> data=0x380a
PASS | Read RS2 | addr=4 -> data=0x4506
PASS | Read RS1 | addr=4 -> data=0x4506
PASS | Read RS2 | addr=4 -> data=0x4506
PASS | Read RS1 | addr=7 -> data=0x380a
PASS | Read RS2 | addr=5 -> data=0xf272
PASS | Read RS1 | addr=4 -> data=0x4506
PASS | Read RS2 | addr=6 -> data=0x47c7
PASS | Read RS1 | addr=3 -> data=0x33fb
PASS | Read RS2 | addr=7 -> data=0x380a
PASS | Read RS1 | addr=0 -> data=0x0
PASS | Read RS2 | addr=3 -> data=0x33fb
PASS | Read RS1 | addr=3 -> data=0x33fb
PASS | Read RS2 | addr=4 -> data=0x4506
PASS | Read RS1 | addr=0 -> data=0x0
PASS | Read RS2 | addr=2 -> data=0x1c14
PASS | Read RS1 | addr=7 -> data=0x380a
PASS | Read RS2 | addr=6 -> data=0x47c7
PASS | Read RS1 | addr=5 -> data=0xf272
PASS | Read RS2 | addr=3 -> data=0x33fb
PASS | Read RS1 | addr=3 -> data=0x33fb
PASS | Read RS2 | addr=2 -> data=0x1c14
PASS | Read RS1 | addr=5 -> data=0xf272
PASS | Read RS2 | addr=7 -> data=0x886d
PASS | Read RS1 | addr=4 -> data=0x4506
PASS | Read RS2 | addr=3 -> data=0x33fb
PASS | Read RS1 | addr=3 -> data=0x33fb
PASS | Read RS2 | addr=4 -> data=0x4506
PASS | Read RS1 | addr=4 -> data=0x4506
PASS | Read RS2 | addr=1 -> data=0x62fe
PASS | Read RS1 | addr=6 -> data=0x47c7
PASS | Read RS2 | addr=4 -> data=0x4506
PASS | Read RS1 | addr=4 -> data=0x4506
PASS | Read RS2 | addr=1 -> data=0x62fe
PASS | Read RS1 | addr=3 -> data=0x33fb
PASS | Read RS2 | addr=2 -> data=0x1c14
PASS | Read RS1 | addr=1 -> data=0x62fe
PASS | Read RS2 | addr=0 -> data=0x0
PASS | Read RS1 | addr=1 -> data=0x62fe
PASS | Read RS2 | addr=2 -> data=0x1c14
PASS | Read RS1 | addr=6 -> data=0x47c7
PASS | Read RS2 | addr=2 -> data=0x1c14
PASS | Read RS1 | addr=4 -> data=0x4506
PASS | Read RS2 | addr=3 -> data=0x33fb
PASS | Read RS1 | addr=2 -> data=0x1c14
PASS | Read RS2 | addr=7 -> data=0xa5e0
PASS | Read RS1 | addr=0 -> data=0x0
PASS | Read RS2 | addr=4 -> data=0x4506
PASS | Read RS1 | addr=7 -> data=0x47fe
PASS | Read RS2 | addr=2 -> data=0x1c14
PASS | Read RS1 | addr=7 -> data=0x47fe
PASS | Read RS2 | addr=6 -> data=0x47c7
PASS | Read RS1 | addr=5 -> data=0xf272
PASS | Read RS2 | addr=4 -> data=0x4506
PASS | Read RS1 | addr=4 -> data=0x4506
PASS | Read RS2 | addr=5 -> data=0xf272
PASS | Read RS1 | addr=1 -> data=0x62fe
PASS | Read RS2 | addr=1 -> data=0x62fe
PASS | Read RS1 | addr=4 -> data=0x4506
PASS | Read RS2 | addr=3 -> data=0x33fb
PASS | Read RS1 | addr=4 -> data=0x4506
PASS | Read RS2 | addr=6 -> data=0x47c7
PASS | Read RS1 | addr=2 -> data=0x1c14
PASS | Read RS2 | addr=4 -> data=0x4506
PASS | Read RS1 | addr=6 -> data=0x47c7
PASS | Read RS2 | addr=0 -> data=0x0
PASS | Read RS1 | addr=0 -> data=0x0
PASS | Read RS2 | addr=5 -> data=0xf272
PASS | Read RS1 | addr=6 -> data=0x47c7
PASS | Read RS2 | addr=0 -> data=0x0
PASS | Read RS1 | addr=0 -> data=0x0
PASS | Read RS2 | addr=4 -> data=0x4506
PASS | Read RS1 | addr=1 -> data=0x62fe
PASS | Read RS2 | addr=5 -> data=0xf272
PASS | Read RS1 | addr=3 -> data=0x33fb
PASS | Read RS2 | addr=7 -> data=0x64a1
PASS | Read RS1 | addr=5 -> data=0xf272
PASS | Read RS2 | addr=6 -> data=0x47c7
PASS | Read RS1 | addr=1 -> data=0x62fe
PASS | Read RS2 | addr=7 -> data=0x16b9
PASS | Read RS1 | addr=5 -> data=0xf272
PASS | Read RS2 | addr=4 -> data=0x4506
PASS | Read RS1 | addr=2 -> data=0x1c14
PASS | Read RS2 | addr=3 -> data=0x33fb
PASS | Read RS1 | addr=3 -> data=0x33fb
PASS | Read RS2 | addr=1 -> data=0x62fe
PASS | Read RS1 | addr=6 -> data=0x47c7
PASS | Read RS2 | addr=3 -> data=0x33fb
PASS | Read RS1 | addr=0 -> data=0x0
PASS | Read RS2 | addr=1 -> data=0x3598
PASS | Read RS1 | addr=6 -> data=0x47c7
PASS | Read RS2 | addr=3 -> data=0x33fb
PASS | Read RS1 | addr=6 -> data=0x47c7
PASS | Read RS2 | addr=6 -> data=0x47c7
PASS | Read RS1 | addr=4 -> data=0x4506
PASS | Read RS2 | addr=7 -> data=0x3860
PASS | Read RS1 | addr=4 -> data=0x4506
PASS | Read RS2 | addr=5 -> data=0xec32
PASS | Read RS1 | addr=0 -> data=0x0
PASS | Read RS2 | addr=4 -> data=0x4506
PASS | Read RS1 | addr=6 -> data=0x47c7
PASS | Read RS2 | addr=1 -> data=0x3598
PASS | Read RS1 | addr=1 -> data=0x3598
PASS | Read RS2 | addr=0 -> data=0x0
PASS | Read RS1 | addr=6 -> data=0x47c7
PASS | Read RS2 | addr=2 -> data=0x1c14
PASS | Read RS1 | addr=0 -> data=0x0
PASS | Read RS2 | addr=6 -> data=0x47c7
PASS | Read RS1 | addr=4 -> data=0x4506
PASS | Read RS2 | addr=3 -> data=0x33fb
PASS | Read RS1 | addr=3 -> data=0x33fb
PASS | Read RS2 | addr=6 -> data=0x47c7
PASS | Read RS1 | addr=2 -> data=0x1c14
PASS | Read RS2 | addr=4 -> data=0x4506
PASS | Read RS1 | addr=7 -> data=0xfafd
PASS | Read RS2 | addr=2 -> data=0x1c14
PASS | Read RS1 | addr=1 -> data=0x9187
PASS | Read RS2 | addr=1 -> data=0x9187
PASS | Read RS1 | addr=7 -> data=0x723a
PASS | Read RS2 | addr=3 -> data=0xb36e
PASS | Read RS1 | addr=1 -> data=0x9187
PASS | Read RS2 | addr=1 -> data=0x9187
PASS | Read RS1 | addr=0 -> data=0x0
PASS | Read RS2 | addr=3 -> data=0xb36e
PASS | Read RS1 | addr=3 -> data=0xb36e
PASS | Read RS2 | addr=5 -> data=0xec32
PASS | Read RS1 | addr=6 -> data=0x47c7
PASS | Read RS2 | addr=4 -> data=0x4506
PASS | Read RS1 | addr=3 -> data=0xb36e
PASS | Read RS2 | addr=4 -> data=0x4506
PASS | Read RS1 | addr=7 -> data=0xf8b8
PASS | Read RS2 | addr=3 -> data=0xb36e
PASS | Read RS1 | addr=2 -> data=0x1c14
PASS | Read RS2 | addr=5 -> data=0xec32
PASS | Read RS1 | addr=5 -> data=0xec32
PASS | Read RS2 | addr=2 -> data=0x1c14
PASS | Read RS1 | addr=2 -> data=0x1c14
PASS | Read RS2 | addr=3 -> data=0xb36e
PASS | Read RS1 | addr=5 -> data=0x4cff
PASS | Read RS2 | addr=1 -> data=0xe439
PASS | Read RS1 | addr=4 -> data=0x4506
PASS | Read RS2 | addr=0 -> data=0x0
PASS | Read RS1 | addr=2 -> data=0x1c14
PASS | Read RS2 | addr=4 -> data=0x4506
PASS | Read RS1 | addr=0 -> data=0x0
PASS | Read RS2 | addr=1 -> data=0x4a4c
PASS | Read RS1 | addr=0 -> data=0x0
PASS | Read RS2 | addr=7 -> data=0x9ccd
PASS | Read RS1 | addr=5 -> data=0x4cff
PASS | Read RS2 | addr=4 -> data=0x4506
PASS | Read RS1 | addr=3 -> data=0xb36e
PASS | Read RS2 | addr=5 -> data=0x4cff
PASS | Read RS1 | addr=2 -> data=0x1c14
PASS | Read RS2 | addr=0 -> data=0x0
PASS | Read RS1 | addr=1 -> data=0x4a4c
PASS | Read RS2 | addr=2 -> data=0x1c14
PASS | Read RS1 | addr=6 -> data=0x47c7
PASS | Read RS2 | addr=1 -> data=0x4a4c
PASS | Read RS1 | addr=2 -> data=0x1c14
PASS | Read RS2 | addr=2 -> data=0x1c14
PASS | Read RS1 | addr=0 -> data=0x0
PASS | Read RS2 | addr=3 -> data=0xddba
PASS | Read RS1 | addr=3 -> data=0xddba
PASS | Read RS2 | addr=1 -> data=0x4a4c
PASS | Read RS1 | addr=2 -> data=0x1c14
PASS | Read RS2 | addr=7 -> data=0xe4c1
PASS | Read RS1 | addr=2 -> data=0x1c14
PASS | Read RS2 | addr=7 -> data=0xe4c1
PASS | Read RS1 | addr=7 -> data=0xe4c1
PASS | Read RS2 | addr=3 -> data=0xddba
PASS | Read RS1 | addr=7 -> data=0xe4c1
PASS | Read RS2 | addr=5 -> data=0x4cff
PASS | Read RS1 | addr=5 -> data=0x4cff
PASS | Read RS2 | addr=5 -> data=0x4cff
PASS | Read RS1 | addr=5 -> data=0x4cff
PASS | Read RS2 | addr=2 -> data=0x1c14
PASS | Read RS1 | addr=0 -> data=0x0
PASS | Read RS2 | addr=4 -> data=0x1f3a
PASS | Read RS1 | addr=5 -> data=0x4cff
PASS | Read RS2 | addr=2 -> data=0x1c14
PASS | Read RS1 | addr=2 -> data=0x1c14
PASS | Read RS2 | addr=0 -> data=0x0
PASS | Read RS1 | addr=6 -> data=0x47c7
PASS | Read RS2 | addr=1 -> data=0x4a4c
PASS | Read RS1 | addr=3 -> data=0x8bc0
PASS | Read RS2 | addr=4 -> data=0xcf3c
PASS | Read RS1 | addr=1 -> data=0x4a4c
PASS | Read RS2 | addr=2 -> data=0x1c14
PASS | Read RS1 | addr=2 -> data=0x1c14
PASS | Read RS2 | addr=7 -> data=0x10e2
PASS | Read RS1 | addr=2 -> data=0x1c14
PASS | Read RS2 | addr=0 -> data=0x0
PASS | Read RS1 | addr=1 -> data=0x4a4c
PASS | Read RS2 | addr=4 -> data=0xcf3c
PASS | Read RS1 | addr=2 -> data=0x1c14
PASS | Read RS2 | addr=4 -> data=0xcf3c
PASS | Read RS1 | addr=7 -> data=0x2261
PASS | Read RS2 | addr=4 -> data=0xcf3c
PASS | Read RS1 | addr=2 -> data=0x1c14
PASS | Read RS2 | addr=5 -> data=0x4cff
PASS | Read RS1 | addr=1 -> data=0x4a4c
PASS | Read RS2 | addr=4 -> data=0xcf3c
PASS | Read RS1 | addr=7 -> data=0x2261
PASS | Read RS2 | addr=6 -> data=0xc2ef
PASS | Read RS1 | addr=4 -> data=0xcf3c
PASS | Read RS2 | addr=3 -> data=0x8bc0
PASS | Read RS1 | addr=2 -> data=0x1c14
PASS | Read RS2 | addr=5 -> data=0x5dd2
PASS | Read RS1 | addr=4 -> data=0xcf3c
PASS | Read RS2 | addr=5 -> data=0x5dd2
PASS | Read RS1 | addr=0 -> data=0x0
PASS | Read RS2 | addr=5 -> data=0x5dd2
PASS | Read RS1 | addr=5 -> data=0x5dd2
PASS | Read RS2 | addr=4 -> data=0xcf3c
PASS | Read RS1 | addr=4 -> data=0xcf3c
PASS | Read RS2 | addr=2 -> data=0x872e
PASS | Read RS1 | addr=5 -> data=0x4a13
PASS | Read RS2 | addr=3 -> data=0x8bc0
PASS | Read RS1 | addr=7 -> data=0x3d8d
PASS | Read RS2 | addr=1 -> data=0x4a4c
PASS | Read RS1 | addr=0 -> data=0x0
PASS | Read RS2 | addr=4 -> data=0xcf3c
PASS | Read RS1 | addr=0 -> data=0x0
PASS | Read RS2 | addr=5 -> data=0x4a13
PASS | Read RS1 | addr=4 -> data=0xcf3c
PASS | Read RS2 | addr=5 -> data=0x4a13
PASS | Read RS1 | addr=7 -> data=0x3d8d
PASS | Read RS2 | addr=1 -> data=0x4a4c
PASS | Read RS1 | addr=2 -> data=0x872e
PASS | Read RS2 | addr=7 -> data=0x3d8d
PASS | Read RS1 | addr=4 -> data=0xcf3c
PASS | Read RS2 | addr=0 -> data=0x0
PASS | Read RS1 | addr=4 -> data=0xcf3c
PASS | Read RS2 | addr=0 -> data=0x0
PASS | Read RS1 | addr=1 -> data=0x4a4c
PASS | Read RS2 | addr=0 -> data=0x0
PASS | Read RS1 | addr=0 -> data=0x0
PASS | Read RS2 | addr=5 -> data=0x4a13
PASS | Read RS1 | addr=0 -> data=0x0
PASS | Read RS2 | addr=7 -> data=0x27ee
PASS | Read RS1 | addr=5 -> data=0x4a13
PASS | Read RS2 | addr=5 -> data=0x4a13
PASS | Read RS1 | addr=1 -> data=0x4a4c
PASS | Read RS2 | addr=3 -> data=0x8bc0
PASS | Read RS1 | addr=3 -> data=0x8bc0
PASS | Read RS2 | addr=1 -> data=0x4a4c
PASS | Read RS1 | addr=2 -> data=0x872e
PASS | Read RS2 | addr=6 -> data=0x73bf
PASS | Read RS1 | addr=6 -> data=0x73bf
PASS | Read RS2 | addr=3 -> data=0x8bc0
PASS | Read RS1 | addr=1 -> data=0x4a4c
PASS | Read RS2 | addr=0 -> data=0x0
PASS | Read RS1 | addr=4 -> data=0xcf3c
PASS | Read RS2 | addr=6 -> data=0x73bf
PASS | Read RS1 | addr=6 -> data=0x73bf
PASS | Read RS2 | addr=7 -> data=0xc9b8
PASS | Read RS1 | addr=6 -> data=0x73bf
PASS | Read RS2 | addr=2 -> data=0x872e
PASS | Read RS1 | addr=0 -> data=0x0
PASS | Read RS2 | addr=6 -> data=0x73bf
PASS | Read RS1 | addr=3 -> data=0xab57
PASS | Read RS2 | addr=2 -> data=0x872e
PASS | Read RS1 | addr=1 -> data=0x4a4c
PASS | Read RS2 | addr=5 -> data=0x4a13
PASS | Read RS1 | addr=3 -> data=0xab57
PASS | Read RS2 | addr=2 -> data=0x872e
PASS | Read RS1 | addr=1 -> data=0x4a4c
PASS | Read RS2 | addr=6 -> data=0x73bf
PASS | Read RS1 | addr=1 -> data=0x4a4c
PASS | Read RS2 | addr=2 -> data=0x872e
PASS | Read RS1 | addr=3 -> data=0xab57
PASS | Read RS2 | addr=3 -> data=0xab57
PASS | Read RS1 | addr=5 -> data=0x4a13
PASS | Read RS2 | addr=4 -> data=0xcf3c
PASS | Read RS1 | addr=1 -> data=0x4a4c
PASS | Read RS2 | addr=5 -> data=0x4a13
PASS | Read RS1 | addr=1 -> data=0x4a4c
PASS | Read RS2 | addr=5 -> data=0x4a13
PASS | Read RS1 | addr=4 -> data=0xcf3c
PASS | Read RS2 | addr=0 -> data=0x0
PASS | Read RS1 | addr=6 -> data=0x73bf
PASS | Read RS2 | addr=3 -> data=0xb7b3
PASS | Read RS1 | addr=6 -> data=0x73bf
PASS | Read RS2 | addr=6 -> data=0x73bf
PASS | Read RS1 | addr=1 -> data=0x4a4c
PASS | Read RS2 | addr=2 -> data=0x872e
PASS | Read RS1 | addr=7 -> data=0x2ef6
PASS | Read RS2 | addr=5 -> data=0x4a13
PASS | Read RS1 | addr=5 -> data=0x4a13
PASS | Read RS2 | addr=7 -> data=0xf197
PASS | Read RS1 | addr=2 -> data=0x6320
PASS | Read RS2 | addr=1 -> data=0x4a4c
PASS | Read RS1 | addr=2 -> data=0x6320
PASS | Read RS2 | addr=1 -> data=0x4a4c
PASS | Read RS1 | addr=0 -> data=0x0
PASS | Read RS2 | addr=0 -> data=0x0
PASS | Read RS1 | addr=2 -> data=0x6320
PASS | Read RS2 | addr=4 -> data=0xcf3c
PASS | Read RS1 | addr=0 -> data=0x0
PASS | Read RS2 | addr=4 -> data=0xcf3c
PASS | Read RS1 | addr=4 -> data=0xcf3c
PASS | Read RS2 | addr=6 -> data=0x73bf
PASS | Read RS1 | addr=3 -> data=0xb7b3
PASS | Read RS2 | addr=3 -> data=0xb7b3
PASS | Read RS1 | addr=6 -> data=0x73bf
PASS | Read RS2 | addr=2 -> data=0xf2bf
PASS | Read RS1 | addr=3 -> data=0xb7b3
PASS | Read RS2 | addr=5 -> data=0x4a13
PASS | Read RS1 | addr=2 -> data=0xf2bf
PASS | Read RS2 | addr=0 -> data=0x0
PASS | Read RS1 | addr=4 -> data=0xcf3c
PASS | Read RS2 | addr=0 -> data=0x0
PASS | Read RS1 | addr=5 -> data=0x4a13
PASS | Read RS2 | addr=1 -> data=0x4a4c
PASS | Read RS1 | addr=7 -> data=0xed50
PASS | Read RS2 | addr=3 -> data=0xa359
PASS | Read RS1 | addr=0 -> data=0x0
PASS | Read RS2 | addr=6 -> data=0x73bf
PASS | Read RS1 | addr=3 -> data=0xa359
PASS | Read RS2 | addr=6 -> data=0x73bf
PASS | Read RS1 | addr=6 -> data=0x73bf
PASS | Read RS2 | addr=1 -> data=0x4a4c
PASS | Read RS1 | addr=3 -> data=0xa359
PASS | Read RS2 | addr=0 -> data=0x0
PASS | Read RS1 | addr=0 -> data=0x0
PASS | Read RS2 | addr=7 -> data=0xed50
PASS | Read RS1 | addr=1 -> data=0xe22b
PASS | Read RS2 | addr=7 -> data=0xed50
PASS | Read RS1 | addr=4 -> data=0xcf3c
PASS | Read RS2 | addr=0 -> data=0x0
PASS | Read RS1 | addr=3 -> data=0xa359
PASS | Read RS2 | addr=6 -> data=0x2ca5
PASS | Read RS1 | addr=0 -> data=0x0
PASS | Read RS2 | addr=0 -> data=0x0
PASS | Read RS1 | addr=5 -> data=0x25d9
PASS | Read RS2 | addr=3 -> data=0xa359
PASS | Read RS1 | addr=0 -> data=0x0
PASS | Read RS2 | addr=0 -> data=0x0
PASS | Read RS1 | addr=6 -> data=0x2ca5
PASS | Read RS2 | addr=5 -> data=0x25d9
PASS | Read RS1 | addr=4 -> data=0xcf3c
PASS | Read RS2 | addr=1 -> data=0xe22b
PASS | Read RS1 | addr=1 -> data=0xe22b
PASS | Read RS2 | addr=7 -> data=0x657f
PASS | Read RS1 | addr=2 -> data=0xf2bf
PASS | Read RS2 | addr=4 -> data=0xcf3c
PASS | Read RS1 | addr=1 -> data=0xe22b
PASS | Read RS2 | addr=0 -> data=0x0
PASS | Read RS1 | addr=5 -> data=0x25d9
PASS | Read RS2 | addr=6 -> data=0x2ca5
PASS | Read RS1 | addr=6 -> data=0x2ca5
PASS | Read RS2 | addr=1 -> data=0xe22b
PASS | Read RS1 | addr=6 -> data=0x2ca5
PASS | Read RS2 | addr=3 -> data=0xa359
PASS | Read RS1 | addr=7 -> data=0x482c
PASS | Read RS2 | addr=1 -> data=0xe22b
PASS | Read RS1 | addr=7 -> data=0x482c
PASS | Read RS2 | addr=1 -> data=0xe22b
PASS | Read RS1 | addr=5 -> data=0x25d9
PASS | Read RS2 | addr=6 -> data=0x6912
PASS | Read RS1 | addr=6 -> data=0x6912
PASS | Read RS2 | addr=1 -> data=0xe22b
PASS | Read RS1 | addr=4 -> data=0xcf3c
PASS | Read RS2 | addr=0 -> data=0x0
PASS | Read RS1 | addr=4 -> data=0x8767
PASS | Read RS2 | addr=3 -> data=0xa359
PASS | Read RS1 | addr=7 -> data=0x3329
PASS | Read RS2 | addr=5 -> data=0x25d9
PASS | Read RS1 | addr=7 -> data=0x3329
PASS | Read RS2 | addr=6 -> data=0x6912
PASS | Read RS1 | addr=4 -> data=0x8767
PASS | Read RS2 | addr=6 -> data=0x6912
PASS | Read RS1 | addr=2 -> data=0xf2bf
PASS | Read RS2 | addr=0 -> data=0x0
PASS | Read RS1 | addr=4 -> data=0x8767
PASS | Read RS2 | addr=6 -> data=0x6912
PASS | Read RS1 | addr=5 -> data=0x25d9
PASS | Read RS2 | addr=1 -> data=0xe22b
PASS | Read RS1 | addr=3 -> data=0xa359
PASS | Read RS2 | addr=2 -> data=0xf2bf
PASS | Read RS1 | addr=1 -> data=0xe22b
PASS | Read RS2 | addr=0 -> data=0x0
PASS | Read RS1 | addr=1 -> data=0xe22b
PASS | Read RS2 | addr=5 -> data=0x61c5
PASS | Read RS1 | addr=5 -> data=0x61c5
PASS | Read RS2 | addr=2 -> data=0xf2bf
PASS | Read RS1 | addr=3 -> data=0xa359
PASS | Read RS2 | addr=1 -> data=0xe22b
PASS | Read RS1 | addr=5 -> data=0x61c5
PASS | Read RS2 | addr=0 -> data=0x0
PASS | Read RS1 | addr=4 -> data=0x8767
PASS | Read RS2 | addr=2 -> data=0xf2bf
PASS | Read RS1 | addr=2 -> data=0xf2bf
PASS | Read RS2 | addr=0 -> data=0x0
PASS | Read RS1 | addr=6 -> data=0x6912
PASS | Read RS2 | addr=6 -> data=0x6912
PASS | Read RS1 | addr=6 -> data=0x6912
PASS | Read RS2 | addr=0 -> data=0x0
PASS | Read RS1 | addr=0 -> data=0x0
PASS | Read RS2 | addr=4 -> data=0x8767
PASS | Read RS1 | addr=2 -> data=0xf2bf
PASS | Read RS2 | addr=4 -> data=0xc258
PASS | Read RS1 | addr=5 -> data=0x61c5
PASS | Read RS2 | addr=2 -> data=0xf2bf
PASS | Read RS1 | addr=3 -> data=0xa359
PASS | Read RS2 | addr=3 -> data=0xa359
PASS | Read RS1 | addr=4 -> data=0xc258
PASS | Read RS2 | addr=5 -> data=0x61c5
PASS | Read RS1 | addr=5 -> data=0x61c5
PASS | Read RS2 | addr=7 -> data=0x6609
PASS | Read RS1 | addr=6 -> data=0x5a57
PASS | Read RS2 | addr=4 -> data=0xc258
PASS | Read RS1 | addr=0 -> data=0x0
PASS | Read RS2 | addr=1 -> data=0xe22b
PASS | Read RS1 | addr=7 -> data=0xeaf9
PASS | Read RS2 | addr=0 -> data=0x0
PASS | Read RS1 | addr=6 -> data=0x5a57
PASS | Read RS2 | addr=3 -> data=0xa359
PASS | Read RS1 | addr=5 -> data=0x61c5
PASS | Read RS2 | addr=6 -> data=0x5a57
PASS | Read RS1 | addr=4 -> data=0xc258
PASS | Read RS2 | addr=1 -> data=0x6263
PASS | Read RS1 | addr=5 -> data=0x61c5
PASS | Read RS2 | addr=0 -> data=0x0
PASS | Read RS1 | addr=4 -> data=0xc258
PASS | Read RS2 | addr=1 -> data=0x6263
PASS | Read RS1 | addr=5 -> data=0x61c5
PASS | Read RS2 | addr=3 -> data=0xa359
PASS | Read RS1 | addr=5 -> data=0x61c5
PASS | Read RS2 | addr=7 -> data=0xeaf9
PASS | Read RS1 | addr=5 -> data=0x61c5
PASS | Read RS2 | addr=3 -> data=0xa359
PASS | Read RS1 | addr=4 -> data=0xc258
PASS | Read RS2 | addr=2 -> data=0xaca6
PASS | Read RS1 | addr=4 -> data=0xc258
PASS | Read RS2 | addr=4 -> data=0xc258
PASS | Read RS1 | addr=1 -> data=0x6263
PASS | Read RS2 | addr=2 -> data=0xaca6
PASS | Read RS1 | addr=3 -> data=0xa359
PASS | Read RS2 | addr=5 -> data=0x61c5
PASS | Read RS1 | addr=2 -> data=0xaca6
PASS | Read RS2 | addr=5 -> data=0x61c5
PASS | Read RS1 | addr=0 -> data=0x0
PASS | Read RS2 | addr=3 -> data=0xa359
PASS | Read RS1 | addr=4 -> data=0xc258
PASS | Read RS2 | addr=7 -> data=0xf86a
PASS | Read RS1 | addr=1 -> data=0x6263
PASS | Read RS2 | addr=2 -> data=0x565
PASS | Read RS1 | addr=0 -> data=0x0
PASS | Read RS2 | addr=1 -> data=0x6263
PASS | Read RS1 | addr=1 -> data=0x6263
PASS | Read RS2 | addr=7 -> data=0xa093
PASS | Read RS1 | addr=5 -> data=0x61c5
PASS | Read RS2 | addr=6 -> data=0x5a57
PASS | Read RS1 | addr=2 -> data=0x5780
PASS | Read RS2 | addr=5 -> data=0x61c5
PASS | Read RS1 | addr=0 -> data=0x0
PASS | Read RS2 | addr=5 -> data=0x61c5
PASS | Read RS1 | addr=3 -> data=0xa359
PASS | Read RS2 | addr=3 -> data=0xa359
PASS | Read RS1 | addr=7 -> data=0x1286
PASS | Read RS2 | addr=3 -> data=0xa359
PASS | Read RS1 | addr=5 -> data=0x61c5
PASS | Read RS2 | addr=5 -> data=0x61c5
PASS | Read RS1 | addr=7 -> data=0x8a64
PASS | Read RS2 | addr=1 -> data=0x6263
PASS | Read RS1 | addr=1 -> data=0x6263
PASS | Read RS2 | addr=5 -> data=0x61c5
PASS | Read RS1 | addr=2 -> data=0x5780
PASS | Read RS2 | addr=5 -> data=0x61c5
PASS | Read RS1 | addr=6 -> data=0x5a57
PASS | Read RS2 | addr=0 -> data=0x0
PASS | Read RS1 | addr=4 -> data=0xe32b
PASS | Read RS2 | addr=1 -> data=0x6263
PASS | Read RS1 | addr=7 -> data=0x177c
PASS | Read RS2 | addr=1 -> data=0x6263
PASS | Read RS1 | addr=0 -> data=0x0
PASS | Read RS2 | addr=6 -> data=0x5a57
PASS | Read RS1 | addr=2 -> data=0x5780
PASS | Read RS2 | addr=0 -> data=0x0
PASS | Read RS1 | addr=0 -> data=0x0
PASS | Read RS2 | addr=2 -> data=0x5780
PASS | Read RS1 | addr=4 -> data=0xe32b
PASS | Read RS2 | addr=0 -> data=0x0
PASS | Read RS1 | addr=0 -> data=0x0
PASS | Read RS2 | addr=4 -> data=0xe32b
PASS | Read RS1 | addr=1 -> data=0x6263
PASS | Read RS2 | addr=6 -> data=0x5a57
PASS | Read RS1 | addr=1 -> data=0x6263
PASS | Read RS2 | addr=7 -> data=0xa818
PASS | Read RS1 | addr=4 -> data=0xe32b
PASS | Read RS2 | addr=2 -> data=0x5780
PASS | Read RS1 | addr=3 -> data=0x4d03
PASS | Read RS2 | addr=4 -> data=0xe32b
PASS | Read RS1 | addr=5 -> data=0x4b1c
PASS | Read RS2 | addr=4 -> data=0xe32b
PASS | Read RS1 | addr=4 -> data=0xe32b
PASS | Read RS2 | addr=2 -> data=0x5780
PASS | Read RS1 | addr=4 -> data=0xe32b
PASS | Read RS2 | addr=6 -> data=0x5a57
PASS | Read RS1 | addr=3 -> data=0x4d03
PASS | Read RS2 | addr=2 -> data=0x5780
PASS | Read RS1 | addr=1 -> data=0x6263
PASS | Read RS2 | addr=5 -> data=0x4b1c
PASS | Read RS1 | addr=1 -> data=0x6263
PASS | Read RS2 | addr=0 -> data=0x0
PASS | Read RS1 | addr=4 -> data=0xe32b
PASS | Read RS2 | addr=5 -> data=0x4b1c
PASS | Read RS1 | addr=6 -> data=0x5a57
PASS | Read RS2 | addr=5 -> data=0x4b1c
PASS | Read RS1 | addr=3 -> data=0x4d03
PASS | Read RS2 | addr=2 -> data=0x5780
PASS | Read RS1 | addr=3 -> data=0x4d03
PASS | Read RS2 | addr=1 -> data=0x6263
PASS | Read RS1 | addr=4 -> data=0xa020
PASS | Read RS2 | addr=0 -> data=0x0
PASS | Read RS1 | addr=5 -> data=0x4b1c
PASS | Read RS2 | addr=4 -> data=0xa020
PASS | Read RS1 | addr=2 -> data=0x5780
PASS | Read RS2 | addr=6 -> data=0x5a57
PASS | Read RS1 | addr=3 -> data=0x4d03
PASS | Read RS2 | addr=1 -> data=0x6263
PASS | Read RS1 | addr=2 -> data=0x5780
PASS | Read RS2 | addr=5 -> data=0x4b1c
PASS | Read RS1 | addr=7 -> data=0x1073
PASS | Read RS2 | addr=4 -> data=0xa020
PASS | Read RS1 | addr=4 -> data=0xa020
PASS | Read RS2 | addr=3 -> data=0x4d03
PASS | Read RS1 | addr=4 -> data=0xa020
PASS | Read RS2 | addr=4 -> data=0xa020
PASS | Read RS1 | addr=0 -> data=0x0
PASS | Read RS2 | addr=2 -> data=0x5780
PASS | Read RS1 | addr=7 -> data=0x1073
PASS | Read RS2 | addr=1 -> data=0x6263
PASS | Read RS1 | addr=0 -> data=0x0
PASS | Read RS2 | addr=6 -> data=0x2087
PASS | Read RS1 | addr=2 -> data=0x5780
PASS | Read RS2 | addr=2 -> data=0x5780
PASS | Read RS1 | addr=4 -> data=0xa020
PASS | Read RS2 | addr=7 -> data=0xcbe8
PASS | Read RS1 | addr=0 -> data=0x0
PASS | Read RS2 | addr=1 -> data=0x6263
PASS | Read RS1 | addr=7 -> data=0xcbe8
PASS | Read RS2 | addr=0 -> data=0x0
PASS | Read RS1 | addr=0 -> data=0x0
PASS | Read RS2 | addr=2 -> data=0x5780
PASS | Read RS1 | addr=6 -> data=0x2087
PASS | Read RS2 | addr=4 -> data=0xa020
PASS | Read RS1 | addr=6 -> data=0x2087
PASS | Read RS2 | addr=3 -> data=0x4d03
PASS | Read RS1 | addr=7 -> data=0x6580
PASS | Read RS2 | addr=4 -> data=0xa020
PASS | Read RS1 | addr=1 -> data=0x7019
PASS | Read RS2 | addr=6 -> data=0x2087
PASS | Read RS1 | addr=1 -> data=0x7019
PASS | Read RS2 | addr=6 -> data=0x2087
PASS | Read RS1 | addr=2 -> data=0x5780
PASS | Read RS2 | addr=4 -> data=0xa020
PASS | Read RS1 | addr=7 -> data=0x6580
PASS | Read RS2 | addr=6 -> data=0x2087
PASS | Read RS1 | addr=0 -> data=0x0
PASS | Read RS2 | addr=0 -> data=0x0
PASS | Read RS1 | addr=5 -> data=0x4b1c
PASS | Read RS2 | addr=2 -> data=0x5780
PASS | Read RS1 | addr=4 -> data=0x90bd
PASS | Read RS2 | addr=1 -> data=0x7019
PASS | Read RS1 | addr=7 -> data=0xc0a0
PASS | Read RS2 | addr=4 -> data=0x90bd
PASS | Read RS1 | addr=7 -> data=0xc0a0
PASS | Read RS2 | addr=4 -> data=0x90bd
PASS | Read RS1 | addr=0 -> data=0x0
PASS | Read RS2 | addr=6 -> data=0x2087
PASS | Read RS1 | addr=2 -> data=0x5780
PASS | Read RS2 | addr=6 -> data=0x2087
PASS | Read RS1 | addr=0 -> data=0x0
PASS | Read RS2 | addr=6 -> data=0x2087
PASS | Read RS1 | addr=3 -> data=0x4d03
PASS | Read RS2 | addr=2 -> data=0x5780
PASS | Read RS1 | addr=6 -> data=0x2087
PASS | Read RS2 | addr=3 -> data=0x4d03
PASS | Read RS1 | addr=2 -> data=0x5780
PASS | Read RS2 | addr=5 -> data=0x4b1c
PASS | Read RS1 | addr=7 -> data=0x9b96
PASS | Read RS2 | addr=4 -> data=0x90bd
PASS | Read RS1 | addr=7 -> data=0xc37
PASS | Read RS2 | addr=0 -> data=0x0
PASS | Read RS1 | addr=4 -> data=0x90bd
PASS | Read RS2 | addr=1 -> data=0x2a7e
PASS | Read RS1 | addr=3 -> data=0x4d03
PASS | Read RS2 | addr=6 -> data=0x2087
PASS | Read RS1 | addr=6 -> data=0x2087
PASS | Read RS2 | addr=6 -> data=0x2087
PASS | Read RS1 | addr=4 -> data=0x90bd
PASS | Read RS2 | addr=5 -> data=0x4b1c
PASS | Read RS1 | addr=4 -> data=0x90bd
PASS | Read RS2 | addr=1 -> data=0x2a7e
PASS | Read RS1 | addr=5 -> data=0x4b1c
PASS | Read RS2 | addr=2 -> data=0x4e2d
PASS | Read RS1 | addr=2 -> data=0x4e2d
PASS | Read RS2 | addr=7 -> data=0xe9a
PASS | Read RS1 | addr=6 -> data=0x2087
PASS | Read RS2 | addr=5 -> data=0x4b1c
PASS | Read RS1 | addr=6 -> data=0x2087
PASS | Read RS2 | addr=3 -> data=0x4d03
PASS | Read RS1 | addr=6 -> data=0x2087
PASS | Read RS2 | addr=3 -> data=0x4d03
PASS | Read RS1 | addr=7 -> data=0x3fc3
PASS | Read RS2 | addr=5 -> data=0x4b1c
PASS | Read RS1 | addr=3 -> data=0x4d03
PASS | Read RS2 | addr=5 -> data=0x2f58
PASS | Read RS1 | addr=2 -> data=0x52d6
PASS | Read RS2 | addr=2 -> data=0x52d6
PASS | Read RS1 | addr=2 -> data=0x52d6
PASS | Read RS2 | addr=3 -> data=0x4d03
PASS | Read RS1 | addr=2 -> data=0x52d6
PASS | Read RS2 | addr=3 -> data=0x4d03
PASS | Read RS1 | addr=1 -> data=0x2a7e
PASS | Read RS2 | addr=0 -> data=0x0
PASS | Read RS1 | addr=5 -> data=0x2f58
PASS | Read RS2 | addr=3 -> data=0x4d03
PASS | Read RS1 | addr=0 -> data=0x0
PASS | Read RS2 | addr=2 -> data=0x52d6
PASS | Read RS1 | addr=5 -> data=0x2f58
PASS | Read RS2 | addr=7 -> data=0xbd8f
PASS | Read RS1 | addr=0 -> data=0x0
PASS | Read RS2 | addr=6 -> data=0x2087
PASS | Read RS1 | addr=6 -> data=0x2087
PASS | Read RS2 | addr=7 -> data=0xbd8f
PASS | Read RS1 | addr=0 -> data=0x0
PASS | Read RS2 | addr=2 -> data=0x52d6
PASS | Read RS1 | addr=5 -> data=0x2f58
PASS | Read RS2 | addr=1 -> data=0x2a7e
PASS | Read RS1 | addr=7 -> data=0xd672
PASS | Read RS2 | addr=3 -> data=0x4d03
PASS | Read RS1 | addr=6 -> data=0xcd90
PASS | Read RS2 | addr=5 -> data=0x2f58
PASS | Read RS1 | addr=6 -> data=0xcd90
PASS | Read RS2 | addr=3 -> data=0x4d03
PASS | Read RS1 | addr=0 -> data=0x0
PASS | Read RS2 | addr=3 -> data=0x4d03
PASS | Read RS1 | addr=5 -> data=0x2f58
PASS | Read RS2 | addr=0 -> data=0x0
PASS | Read RS1 | addr=7 -> data=0xde4a
PASS | Read RS2 | addr=7 -> data=0xde4a
PASS | Read RS1 | addr=7 -> data=0xde4a
PASS | Read RS2 | addr=2 -> data=0x52d6
PASS | Read RS1 | addr=0 -> data=0x0
PASS | Read RS2 | addr=5 -> data=0x15d7
PASS | Read RS1 | addr=2 -> data=0x52d6
PASS | Read RS2 | addr=2 -> data=0x52d6
PASS | Read RS1 | addr=0 -> data=0x0
PASS | Read RS2 | addr=7 -> data=0xde4a
PASS | Read RS1 | addr=0 -> data=0x0
PASS | Read RS2 | addr=3 -> data=0x4d03
PASS | Read RS1 | addr=3 -> data=0x4d03
PASS | Read RS2 | addr=4 -> data=0x90bd
PASS | Read RS1 | addr=5 -> data=0x15d7
PASS | Read RS2 | addr=0 -> data=0x0
PASS | Read RS1 | addr=5 -> data=0x15d7
PASS | Read RS2 | addr=0 -> data=0x0
PASS | Read RS1 | addr=2 -> data=0xa58e
PASS | Read RS2 | addr=2 -> data=0xa58e
PASS | Read RS1 | addr=4 -> data=0x90bd
PASS | Read RS2 | addr=1 -> data=0x2a7e
PASS | Read RS1 | addr=2 -> data=0xa58e
PASS | Read RS2 | addr=5 -> data=0x15d7
PASS | Read RS1 | addr=5 -> data=0x15d7
PASS | Read RS2 | addr=4 -> data=0x90bd
PASS | Read RS1 | addr=5 -> data=0x15d7
PASS | Read RS2 | addr=6 -> data=0xcd90
PASS | Read RS1 | addr=3 -> data=0x4d03
PASS | Read RS2 | addr=7 -> data=0x5445
PASS | Read RS1 | addr=6 -> data=0xcd90
PASS | Read RS2 | addr=7 -> data=0x5445
PASS | Read RS1 | addr=2 -> data=0xa58e
PASS | Read RS2 | addr=7 -> data=0x5445
PASS | Read RS1 | addr=2 -> data=0xa58e
PASS | Read RS2 | addr=5 -> data=0x15d7
PASS | Read RS1 | addr=1 -> data=0x2a7e
PASS | Read RS2 | addr=0 -> data=0x0
PASS | Read RS1 | addr=5 -> data=0x3fa9
PASS | Read RS2 | addr=7 -> data=0x7acb
PASS | Read RS1 | addr=0 -> data=0x0
PASS | Read RS2 | addr=1 -> data=0x2a7e
PASS | Read RS1 | addr=1 -> data=0x2a7e
PASS | Read RS2 | addr=1 -> data=0x2a7e
PASS | Read RS1 | addr=6 -> data=0x895c
PASS | Read RS2 | addr=7 -> data=0x7acb
PASS | Read RS1 | addr=6 -> data=0x895c
PASS | Read RS2 | addr=6 -> data=0x895c
PASS | Read RS1 | addr=1 -> data=0xe4bf
PASS | Read RS2 | addr=4 -> data=0x90bd
PASS | Read RS1 | addr=6 -> data=0x895c
PASS | Read RS2 | addr=1 -> data=0xc24a
PASS | Read RS1 | addr=3 -> data=0x4d03
PASS | Read RS2 | addr=1 -> data=0xc24a
PASS | Read RS1 | addr=6 -> data=0x895c
PASS | Read RS2 | addr=1 -> data=0xc24a
PASS | Read RS1 | addr=5 -> data=0x3fa9
PASS | Read RS2 | addr=0 -> data=0x0
PASS | Read RS1 | addr=5 -> data=0x3fa9
PASS | Read RS2 | addr=0 -> data=0x0
PASS | Read RS1 | addr=3 -> data=0x4d03
PASS | Read RS2 | addr=0 -> data=0x0
PASS | Read RS1 | addr=5 -> data=0x3fa9
PASS | Read RS2 | addr=6 -> data=0x895c
PASS | Read RS1 | addr=7 -> data=0xbc17
PASS | Read RS2 | addr=1 -> data=0xc24a
PASS | Read RS1 | addr=2 -> data=0xa58e
PASS | Read RS2 | addr=7 -> data=0x70f7
PASS | Read RS1 | addr=6 -> data=0x895c
PASS | Read RS2 | addr=0 -> data=0x0
PASS | Read RS1 | addr=7 -> data=0x500a
PASS | Read RS2 | addr=3 -> data=0x1d8b
PASS | Read RS1 | addr=0 -> data=0x0
PASS | Read RS2 | addr=5 -> data=0x3fa9
PASS | Read RS1 | addr=2 -> data=0xa58e
PASS | Read RS2 | addr=6 -> data=0x895c
PASS | Read RS1 | addr=4 -> data=0x90bd
PASS | Read RS2 | addr=3 -> data=0x1d8b
PASS | Read RS1 | addr=3 -> data=0x1d8b
PASS | Read RS2 | addr=0 -> data=0x0
PASS | Read RS1 | addr=3 -> data=0x53a4
PASS | Read RS2 | addr=6 -> data=0x895c
PASS | Read RS1 | addr=1 -> data=0xc24a
PASS | Read RS2 | addr=5 -> data=0x3fa9
PASS | Read RS1 | addr=7 -> data=0xa52a
PASS | Read RS2 | addr=2 -> data=0xa58e
PASS | Read RS1 | addr=4 -> data=0x90bd
PASS | Read RS2 | addr=5 -> data=0x3fa9
PASS | Read RS1 | addr=2 -> data=0x40c6
PASS | Read RS2 | addr=0 -> data=0x0
PASS | Read RS1 | addr=2 -> data=0x90dd
PASS | Read RS2 | addr=6 -> data=0x895c
PASS | Read RS1 | addr=3 -> data=0x53a4
PASS | Read RS2 | addr=5 -> data=0x3fa9
PASS | Read RS1 | addr=6 -> data=0x895c
PASS | Read RS2 | addr=2 -> data=0x90dd
PASS | Read RS1 | addr=5 -> data=0x3fa9
PASS | Read RS2 | addr=3 -> data=0x53a4
PASS | Read RS1 | addr=1 -> data=0xc24a
PASS | Read RS2 | addr=3 -> data=0x53a4
PASS | Read RS1 | addr=5 -> data=0x3fa9
PASS | Read RS2 | addr=2 -> data=0x90dd
PASS | Read RS1 | addr=2 -> data=0x90dd
PASS | Read RS2 | addr=7 -> data=0xfa2
PASS | Read RS1 | addr=3 -> data=0x53a4
PASS | Read RS2 | addr=6 -> data=0x895c
PASS | Read RS1 | addr=1 -> data=0xc24a
PASS | Read RS2 | addr=3 -> data=0x53a4
PASS | Read RS1 | addr=3 -> data=0x53a4
PASS | Read RS2 | addr=4 -> data=0xe0c0
PASS | Read RS1 | addr=7 -> data=0x56b6
PASS | Read RS2 | addr=5 -> data=0x3fa9
PASS | Read RS1 | addr=5 -> data=0x3fa9
PASS | Read RS2 | addr=6 -> data=0x895c
PASS | Read RS1 | addr=7 -> data=0x56b6
PASS | Read RS2 | addr=6 -> data=0x895c
PASS | Read RS1 | addr=2 -> data=0x90dd
PASS | Read RS2 | addr=4 -> data=0xe0c0
PASS | Read RS1 | addr=2 -> data=0x90dd
PASS | Read RS2 | addr=0 -> data=0x0
PASS | Read RS1 | addr=5 -> data=0x3fa9
PASS | Read RS2 | addr=5 -> data=0x3fa9
PASS | Read RS1 | addr=5 -> data=0x3fa9
PASS | Read RS2 | addr=6 -> data=0x895c
PASS | Read RS1 | addr=3 -> data=0xac7a
PASS | Read RS2 | addr=3 -> data=0xac7a
PASS | Read RS1 | addr=7 -> data=0x5c90
PASS | Read RS2 | addr=6 -> data=0xb41b
PASS | Read RS1 | addr=0 -> data=0x0
PASS | Read RS2 | addr=1 -> data=0xc24a
PASS | Read RS1 | addr=7 -> data=0x5c90
PASS | Read RS2 | addr=5 -> data=0x3fa9
PASS | Read RS1 | addr=0 -> data=0x0
PASS | Read RS2 | addr=3 -> data=0xac7a
PASS | Read RS1 | addr=2 -> data=0x17fd
PASS | Read RS2 | addr=6 -> data=0xb41b
PASS | Read RS1 | addr=4 -> data=0xe0c0
PASS | Read RS2 | addr=1 -> data=0xc24a
PASS | Read RS1 | addr=5 -> data=0x3fa9
PASS | Read RS2 | addr=1 -> data=0xc24a
PASS | Read RS1 | addr=2 -> data=0x17fd
PASS | Read RS2 | addr=3 -> data=0xd58e
PASS | Read RS1 | addr=3 -> data=0xd58e
PASS | Read RS2 | addr=6 -> data=0xb41b
PASS | Read RS1 | addr=0 -> data=0x0
PASS | Read RS2 | addr=0 -> data=0x0
PASS | Read RS1 | addr=7 -> data=0x22ff
PASS | Read RS2 | addr=4 -> data=0xe0c0
PASS | Read RS1 | addr=3 -> data=0xd58e
PASS | Read RS2 | addr=1 -> data=0xc342
PASS | Read RS1 | addr=0 -> data=0x0
PASS | Read RS2 | addr=7 -> data=0x22ff
PASS | Read RS1 | addr=5 -> data=0x3fa9
PASS | Read RS2 | addr=7 -> data=0xe95b
PASS | Read RS1 | addr=2 -> data=0x17fd
PASS | Read RS2 | addr=5 -> data=0x3fa9
PASS | Read RS1 | addr=7 -> data=0xe95b
PASS | Read RS2 | addr=4 -> data=0xe0c0
PASS | Read RS1 | addr=6 -> data=0x7d7f
PASS | Read RS2 | addr=0 -> data=0x0
PASS | Read RS1 | addr=5 -> data=0x3fa9
PASS | Read RS2 | addr=3 -> data=0xd58e
PASS | Read RS1 | addr=4 -> data=0xe0c0
PASS | Read RS2 | addr=0 -> data=0x0
PASS | Read RS1 | addr=7 -> data=0xb9da
PASS | Read RS2 | addr=7 -> data=0xb9da
PASS | Read RS1 | addr=4 -> data=0xe0c0
PASS | Read RS2 | addr=1 -> data=0x8ec3
PASS | Read RS1 | addr=7 -> data=0xb9da
PASS | Read RS2 | addr=1 -> data=0x8ec3
PASS | Read RS1 | addr=4 -> data=0xe0c0
PASS | Read RS2 | addr=2 -> data=0x17fd
PASS | Read RS1 | addr=5 -> data=0xa051
PASS | Read RS2 | addr=3 -> data=0xd58e
PASS | Read RS1 | addr=0 -> data=0x0
PASS | Read RS2 | addr=3 -> data=0xd58e
PASS | Read RS1 | addr=4 -> data=0xe0c0
PASS | Read RS2 | addr=5 -> data=0xa051
PASS | Read RS1 | addr=3 -> data=0xd58e
PASS | Read RS2 | addr=6 -> data=0x37e4
PASS | Read RS1 | addr=4 -> data=0xe0c0
PASS | Read RS2 | addr=1 -> data=0x8ec3
PASS | Read RS1 | addr=6 -> data=0x37e4
PASS | Read RS2 | addr=1 -> data=0x8ec3
PASS | Read RS1 | addr=1 -> data=0x8ec3
PASS | Read RS2 | addr=4 -> data=0xe0c0
PASS | Read RS1 | addr=2 -> data=0x17fd
PASS | Read RS2 | addr=0 -> data=0x0
PASS | Read RS1 | addr=0 -> data=0x0
PASS | Read RS2 | addr=4 -> data=0xe0c0
PASS | Read RS1 | addr=0 -> data=0x0
PASS | Read RS2 | addr=3 -> data=0xd58e
PASS | Read RS1 | addr=1 -> data=0x8ec3
PASS | Read RS2 | addr=6 -> data=0x37e4
PASS | Read RS1 | addr=2 -> data=0x17fd
PASS | Read RS2 | addr=0 -> data=0x0
PASS | Read RS1 | addr=1 -> data=0x8ec3
PASS | Read RS2 | addr=4 -> data=0xe0c0
PASS | Read RS1 | addr=2 -> data=0x17fd
PASS | Read RS2 | addr=4 -> data=0xe0c0
PASS | Read RS1 | addr=5 -> data=0xe2a0
PASS | Read RS2 | addr=2 -> data=0xaa61
PASS | Read RS1 | addr=6 -> data=0x37e4
PASS | Read RS2 | addr=7 -> data=0x5d1c
PASS | Read RS1 | addr=4 -> data=0xe0c0
PASS | Read RS2 | addr=1 -> data=0x8ec3
PASS | Read RS1 | addr=0 -> data=0x0
PASS | Read RS2 | addr=4 -> data=0xe0c0
PASS | Read RS1 | addr=3 -> data=0xd58e
PASS | Read RS2 | addr=7 -> data=0x5d1c
PASS | Read RS1 | addr=0 -> data=0x0
PASS | Read RS2 | addr=2 -> data=0xa218
PASS | Read RS1 | addr=1 -> data=0x8ec3
PASS | Read RS2 | addr=4 -> data=0xe0c0
PASS | Read RS1 | addr=3 -> data=0x42e9
PASS | Read RS2 | addr=5 -> data=0xe2a0
PASS | Read RS1 | addr=7 -> data=0x4f4f
PASS | Read RS2 | addr=6 -> data=0x37e4
PASS | Read RS1 | addr=1 -> data=0x8ec3
PASS | Read RS2 | addr=5 -> data=0x4ae4
PASS | Read RS1 | addr=0 -> data=0x0
PASS | Read RS2 | addr=2 -> data=0xa218
PASS | Read RS1 | addr=3 -> data=0x42e9
PASS | Read RS2 | addr=3 -> data=0x42e9
PASS | Read RS1 | addr=1 -> data=0x8ec3
PASS | Read RS2 | addr=7 -> data=0x124c
PASS | Read RS1 | addr=0 -> data=0x0
PASS | Read RS2 | addr=7 -> data=0xeea9
PASS | Read RS1 | addr=7 -> data=0xeea9
PASS | Read RS2 | addr=6 -> data=0x37e4
PASS | Read RS1 | addr=0 -> data=0x0
PASS | Read RS2 | addr=0 -> data=0x0
PASS | Read RS1 | addr=3 -> data=0x6283
PASS | Read RS2 | addr=7 -> data=0xeea9
PASS | Read RS1 | addr=0 -> data=0x0
PASS | Read RS2 | addr=1 -> data=0x8ec3
PASS | Read RS1 | addr=4 -> data=0xe0c0
PASS | Read RS2 | addr=5 -> data=0xce8c
PASS | Read RS1 | addr=5 -> data=0xce8c
PASS | Read RS2 | addr=3 -> data=0xdf98
PASS | Read RS1 | addr=6 -> data=0x37e4
PASS | Read RS2 | addr=7 -> data=0x7fc4
PASS | Read RS1 | addr=4 -> data=0xe0c0
PASS | Read RS2 | addr=1 -> data=0x8ec3
PASS | Read RS1 | addr=7 -> data=0xf3fe
PASS | Read RS2 | addr=4 -> data=0xe0c0
PASS | Read RS1 | addr=6 -> data=0x37e4
PASS | Read RS2 | addr=1 -> data=0x8ec3
PASS | Read RS1 | addr=7 -> data=0xf3fe
PASS | Read RS2 | addr=3 -> data=0xdf98
PASS | Read RS1 | addr=0 -> data=0x0
PASS | Read RS2 | addr=1 -> data=0x8ec3
PASS | Read RS1 | addr=1 -> data=0x8ec3
PASS | Read RS2 | addr=7 -> data=0x925a
PASS | Read RS1 | addr=4 -> data=0x5c2b
PASS | Read RS2 | addr=6 -> data=0x37e4
PASS | Read RS1 | addr=2 -> data=0xa218
PASS | Read RS2 | addr=4 -> data=0x5c2b
PASS | Read RS1 | addr=0 -> data=0x0
PASS | Read RS2 | addr=2 -> data=0xa218
PASS | Read RS1 | addr=0 -> data=0x0
PASS | Read RS2 | addr=3 -> data=0xdf98
PASS | Read RS1 | addr=1 -> data=0x8ec3
PASS | Read RS2 | addr=0 -> data=0x0
PASS | Read RS1 | addr=3 -> data=0xdf98
PASS | Read RS2 | addr=6 -> data=0x37e4
PASS | Read RS1 | addr=2 -> data=0xa218
PASS | Read RS2 | addr=1 -> data=0x8ec3
PASS | Read RS1 | addr=3 -> data=0xdf98
PASS | Read RS2 | addr=3 -> data=0xdf98
PASS | Read RS1 | addr=1 -> data=0x31d0
PASS | Read RS2 | addr=7 -> data=0xc33
PASS | Read RS1 | addr=6 -> data=0x37e4
PASS | Read RS2 | addr=7 -> data=0xe05c
PASS | Read RS1 | addr=2 -> data=0xa218
PASS | Read RS2 | addr=2 -> data=0xa218
PASS | Read RS1 | addr=2 -> data=0xa218
PASS | Read RS2 | addr=2 -> data=0xa218
PASS | Read RS1 | addr=0 -> data=0x0
PASS | Read RS2 | addr=2 -> data=0xa218
PASS | Read RS1 | addr=0 -> data=0x0
PASS | Read RS2 | addr=3 -> data=0xdf98
PASS | Read RS1 | addr=3 -> data=0xdf98
PASS | Read RS2 | addr=1 -> data=0x31d0
PASS | Read RS1 | addr=6 -> data=0x37e4
PASS | Read RS2 | addr=0 -> data=0x0
PASS | Read RS1 | addr=1 -> data=0x31d0
PASS | Read RS2 | addr=7 -> data=0x2c02
PASS | Read RS1 | addr=2 -> data=0xa218
PASS | Read RS2 | addr=4 -> data=0x5c2b
PASS | Read RS1 | addr=2 -> data=0xa218
PASS | Read RS2 | addr=3 -> data=0xdf98
PASS | Read RS1 | addr=5 -> data=0x307b
PASS | Read RS2 | addr=6 -> data=0x37e4
PASS | Read RS1 | addr=2 -> data=0xa218
PASS | Read RS2 | addr=7 -> data=0xe53e
PASS | Read RS1 | addr=0 -> data=0x0
PASS | Read RS2 | addr=1 -> data=0x31d0
PASS | Read RS1 | addr=1 -> data=0x31d0
PASS | Read RS2 | addr=2 -> data=0xa218
PASS | Read RS1 | addr=0 -> data=0x0
PASS | Read RS2 | addr=7 -> data=0x67fa
PASS | Read RS1 | addr=3 -> data=0xdf98
PASS | Read RS2 | addr=0 -> data=0x0
PASS | Read RS1 | addr=3 -> data=0xdf98
PASS | Read RS2 | addr=2 -> data=0xa218
PASS | Read RS1 | addr=7 -> data=0x8860
PASS | Read RS2 | addr=4 -> data=0x117
PASS | Read RS1 | addr=5 -> data=0x307b
PASS | Read RS2 | addr=6 -> data=0x446c
PASS | Read RS1 | addr=0 -> data=0x0
PASS | Read RS2 | addr=0 -> data=0x0
PASS | Read RS1 | addr=0 -> data=0x0
PASS | Read RS2 | addr=7 -> data=0x8860
PASS | Read RS1 | addr=4 -> data=0x117
PASS | Read RS2 | addr=2 -> data=0xa218
PASS | Read RS1 | addr=1 -> data=0x31d0
PASS | Read RS2 | addr=4 -> data=0x117
PASS | Read RS1 | addr=0 -> data=0x0
PASS | Read RS2 | addr=3 -> data=0xdf98
PASS | Read RS1 | addr=6 -> data=0x446c
PASS | Read RS2 | addr=4 -> data=0x117
PASS | Read RS1 | addr=6 -> data=0x446c
PASS | Read RS2 | addr=5 -> data=0x2112
PASS | Read RS1 | addr=6 -> data=0x446c
PASS | Read RS2 | addr=5 -> data=0x2112
PASS | Read RS1 | addr=5 -> data=0x2112
PASS | Read RS2 | addr=6 -> data=0x446c
PASS | Read RS1 | addr=6 -> data=0x446c
PASS | Read RS2 | addr=4 -> data=0x117
PASS | Read RS1 | addr=5 -> data=0x2112
PASS | Read RS2 | addr=4 -> data=0x117
PASS | Read RS1 | addr=1 -> data=0x31d0
PASS | Read RS2 | addr=2 -> data=0xa218
PASS | Read RS1 | addr=0 -> data=0x0
PASS | Read RS2 | addr=0 -> data=0x0
PASS | Read RS1 | addr=0 -> data=0x0
PASS | Read RS2 | addr=1 -> data=0x31d0
PASS | Read RS1 | addr=0 -> data=0x0
PASS | Read RS2 | addr=6 -> data=0x446c
PASS | Read RS1 | addr=5 -> data=0x2112
PASS | Read RS2 | addr=1 -> data=0x3237
PASS | Read RS1 | addr=6 -> data=0x446c
PASS | Read RS2 | addr=1 -> data=0x3237
PASS | Read RS1 | addr=0 -> data=0x0
PASS | Read RS2 | addr=6 -> data=0x446c
PASS | Read RS1 | addr=6 -> data=0x446c
PASS | Read RS2 | addr=3 -> data=0x2401
PASS | Read RS1 | addr=3 -> data=0x2401
PASS | Read RS2 | addr=3 -> data=0x2401
PASS | Read RS1 | addr=6 -> data=0x446c
PASS | Read RS2 | addr=6 -> data=0x446c
PASS | Read RS1 | addr=2 -> data=0xa218
PASS | Read RS2 | addr=2 -> data=0xa218
PASS | Read RS1 | addr=5 -> data=0x2112
PASS | Read RS2 | addr=4 -> data=0x117
PASS | Read RS1 | addr=2 -> data=0xa218
PASS | Read RS2 | addr=4 -> data=0x117
PASS | Read RS1 | addr=6 -> data=0x446c
PASS | Read RS2 | addr=0 -> data=0x0
PASS | Read RS1 | addr=7 -> data=0x99f9
PASS | Read RS2 | addr=3 -> data=0x2401
PASS | Read RS1 | addr=3 -> data=0x2401
PASS | Read RS2 | addr=1 -> data=0x3237
PASS | Read RS1 | addr=3 -> data=0x2401
PASS | Read RS2 | addr=7 -> data=0x99f9
PASS | Read RS1 | addr=7 -> data=0x99f9
PASS | Read RS2 | addr=5 -> data=0x2112
PASS | Read RS1 | addr=5 -> data=0x2112
PASS | Read RS2 | addr=5 -> data=0x2112
PASS | Read RS1 | addr=1 -> data=0x3237
PASS | Read RS2 | addr=7 -> data=0x99f9
PASS | Read RS1 | addr=6 -> data=0x7dad
PASS | Read RS2 | addr=4 -> data=0x117
PASS | Read RS1 | addr=0 -> data=0x0
PASS | Read RS2 | addr=2 -> data=0x91da
PASS | Read RS1 | addr=6 -> data=0x7dad
PASS | Read RS2 | addr=1 -> data=0x3237
PASS | Read RS1 | addr=3 -> data=0x2401
PASS | Read RS2 | addr=0 -> data=0x0
PASS | Read RS1 | addr=7 -> data=0xf99b
PASS | Read RS2 | addr=2 -> data=0x91da
PASS | Read RS1 | addr=1 -> data=0x3237
PASS | Read RS2 | addr=4 -> data=0x117
PASS | Read RS1 | addr=3 -> data=0x2401
PASS | Read RS2 | addr=3 -> data=0x2401
PASS | Read RS1 | addr=7 -> data=0xf99b
PASS | Read RS2 | addr=4 -> data=0x117
PASS | Read RS1 | addr=3 -> data=0x2401
PASS | Read RS2 | addr=1 -> data=0x3237
PASS | Read RS1 | addr=2 -> data=0x91da
PASS | Read RS2 | addr=7 -> data=0xf99b
PASS | Read RS1 | addr=7 -> data=0xf99b
PASS | Read RS2 | addr=2 -> data=0x91da
PASS | Read RS1 | addr=3 -> data=0x2401
PASS | Read RS2 | addr=1 -> data=0x3237
PASS | Read RS1 | addr=5 -> data=0x2112
PASS | Read RS2 | addr=2 -> data=0x91da
PASS | Read RS1 | addr=2 -> data=0x91da
PASS | Read RS2 | addr=1 -> data=0x3237
PASS | Read RS1 | addr=2 -> data=0x91da
PASS | Read RS2 | addr=1 -> data=0x3237
PASS | Read RS1 | addr=7 -> data=0xf99b
PASS | Read RS2 | addr=0 -> data=0x0
PASS | Read RS1 | addr=4 -> data=0x117
PASS | Read RS2 | addr=0 -> data=0x0
PASS | Read RS1 | addr=7 -> data=0xf99b
PASS | Read RS2 | addr=3 -> data=0x2401
PASS | Read RS1 | addr=1 -> data=0x3237
PASS | Read RS2 | addr=6 -> data=0x1089
PASS | Read RS1 | addr=5 -> data=0x2112
PASS | Read RS2 | addr=6 -> data=0x1089
PASS | Read RS1 | addr=6 -> data=0x1089
PASS | Read RS2 | addr=1 -> data=0x3237
PASS | Read RS1 | addr=6 -> data=0x1089
PASS | Read RS2 | addr=2 -> data=0x91da
PASS | Read RS1 | addr=7 -> data=0x8bf0
PASS | Read RS2 | addr=6 -> data=0x1089
PASS | Read RS1 | addr=6 -> data=0x1089
PASS | Read RS2 | addr=7 -> data=0xeb7
PASS | Read RS1 | addr=7 -> data=0xeb7
PASS | Read RS2 | addr=0 -> data=0x0
PASS | Read RS1 | addr=2 -> data=0x91da
PASS | Read RS2 | addr=5 -> data=0x2112
PASS | Read RS1 | addr=1 -> data=0x3237
PASS | Read RS2 | addr=5 -> data=0x2112
PASS | Read RS1 | addr=3 -> data=0x2401
PASS | Read RS2 | addr=6 -> data=0x1089
PASS | Read RS1 | addr=4 -> data=0x117
PASS | Read RS2 | addr=5 -> data=0x2112
PASS | Read RS1 | addr=4 -> data=0x117
PASS | Read RS2 | addr=4 -> data=0x117
PASS | Read RS1 | addr=2 -> data=0x91da
PASS | Read RS2 | addr=6 -> data=0x1089
PASS | Read RS1 | addr=7 -> data=0xda66
PASS | Read RS2 | addr=7 -> data=0xda66
PASS | Read RS1 | addr=3 -> data=0x1a8b
PASS | Read RS2 | addr=5 -> data=0x2112
PASS | Read RS1 | addr=2 -> data=0x91da
PASS | Read RS2 | addr=1 -> data=0x3237
PASS | Read RS1 | addr=0 -> data=0x0
PASS | Read RS2 | addr=5 -> data=0x2112
PASS | Read RS1 | addr=0 -> data=0x0
PASS | Read RS2 | addr=3 -> data=0x1a8b
PASS | Read RS1 | addr=3 -> data=0x1a8b
PASS | Read RS2 | addr=6 -> data=0x1089
PASS | Read RS1 | addr=3 -> data=0x1a8b
PASS | Read RS2 | addr=3 -> data=0x1a8b
PASS | Read RS1 | addr=3 -> data=0x5813
PASS | Read RS2 | addr=0 -> data=0x0
PASS | Read RS1 | addr=1 -> data=0x3237
PASS | Read RS2 | addr=2 -> data=0x91da
PASS | Read RS1 | addr=7 -> data=0xebcb
PASS | Read RS2 | addr=6 -> data=0x1089
PASS | Read RS1 | addr=4 -> data=0x31b2
PASS | Read RS2 | addr=5 -> data=0x2112
PASS | Read RS1 | addr=7 -> data=0x97a3
PASS | Read RS2 | addr=7 -> data=0x97a3
PASS | Read RS1 | addr=1 -> data=0x3237
PASS | Read RS2 | addr=2 -> data=0x91da
PASS | Read RS1 | addr=7 -> data=0x97a3
PASS | Read RS2 | addr=3 -> data=0x5813
PASS | Read RS1 | addr=5 -> data=0x2112
PASS | Read RS2 | addr=5 -> data=0x2112
PASS | Read RS1 | addr=5 -> data=0x2112
PASS | Read RS2 | addr=7 -> data=0x97a3
PASS | Read RS1 | addr=4 -> data=0x9e0
PASS | Read RS2 | addr=3 -> data=0x5813
PASS | Read RS1 | addr=7 -> data=0x6897
PASS | Read RS2 | addr=5 -> data=0x2112
PASS | Read RS1 | addr=1 -> data=0x499b
PASS | Read RS2 | addr=4 -> data=0x9e0
PASS | Read RS1 | addr=2 -> data=0x91da
PASS | Read RS2 | addr=7 -> data=0x6897
PASS | Read RS1 | addr=6 -> data=0x1089
PASS | Read RS2 | addr=4 -> data=0x9e0
PASS | Read RS1 | addr=0 -> data=0x0
PASS | Read RS2 | addr=1 -> data=0x499b
PASS | Read RS1 | addr=5 -> data=0x2112
PASS | Read RS2 | addr=5 -> data=0x2112
PASS | Read RS1 | addr=4 -> data=0x6d9d
PASS | Read RS2 | addr=0 -> data=0x0
PASS | Read RS1 | addr=2 -> data=0x91da
PASS | Read RS2 | addr=6 -> data=0x1089
PASS | Read RS1 | addr=4 -> data=0x6d9d
PASS | Read RS2 | addr=0 -> data=0x0
PASS | Read RS1 | addr=2 -> data=0x91da
PASS | Read RS2 | addr=1 -> data=0x499b
PASS | Read RS1 | addr=5 -> data=0x2112
PASS | Read RS2 | addr=5 -> data=0x2112
PASS | Read RS1 | addr=5 -> data=0x2112
PASS | Read RS2 | addr=6 -> data=0x1089
PASS | Read RS1 | addr=4 -> data=0x6d9d
PASS | Read RS2 | addr=6 -> data=0x1089
PASS | Read RS1 | addr=0 -> data=0x0
PASS | Read RS2 | addr=6 -> data=0x1089
PASS | Read RS1 | addr=4 -> data=0x6d9d
PASS | Read RS2 | addr=4 -> data=0x6d9d
PASS | Read RS1 | addr=4 -> data=0x6d9d
PASS | Read RS2 | addr=4 -> data=0x6d9d
PASS | Read RS1 | addr=4 -> data=0x6d9d
PASS | Read RS2 | addr=0 -> data=0x0
PASS | Read RS1 | addr=3 -> data=0x5813
PASS | Read RS2 | addr=0 -> data=0x0
PASS | Read RS1 | addr=7 -> data=0x25dd
PASS | Read RS2 | addr=3 -> data=0x5813
PASS | Read RS1 | addr=1 -> data=0xacc6
PASS | Read RS2 | addr=7 -> data=0x25dd
PASS | Read RS1 | addr=7 -> data=0x25dd
PASS | Read RS2 | addr=0 -> data=0x0
PASS | Read RS1 | addr=2 -> data=0x7af
PASS | Read RS2 | addr=4 -> data=0xc904
PASS | Read RS1 | addr=6 -> data=0x1089
PASS | Read RS2 | addr=2 -> data=0x7af
PASS | Read RS1 | addr=0 -> data=0x0
PASS | Read RS2 | addr=0 -> data=0x0
PASS | Read RS1 | addr=4 -> data=0xc904
PASS | Read RS2 | addr=2 -> data=0x7af
PASS | Read RS1 | addr=0 -> data=0x0
PASS | Read RS2 | addr=4 -> data=0xc904
PASS | Read RS1 | addr=6 -> data=0x1089
PASS | Read RS2 | addr=1 -> data=0x46df
PASS | Read RS1 | addr=4 -> data=0xc904
PASS | Read RS2 | addr=3 -> data=0x5813
PASS | Read RS1 | addr=1 -> data=0x46df
PASS | Read RS2 | addr=2 -> data=0x7af
PASS | Read RS1 | addr=5 -> data=0xc077
PASS | Read RS2 | addr=7 -> data=0x31c2
PASS | Read RS1 | addr=1 -> data=0x46df
PASS | Read RS2 | addr=1 -> data=0x46df
PASS | Read RS1 | addr=3 -> data=0x5813
PASS | Read RS2 | addr=2 -> data=0x7af
PASS | Read RS1 | addr=6 -> data=0x5539
PASS | Read RS2 | addr=7 -> data=0x31c2
PASS | Read RS1 | addr=0 -> data=0x0
PASS | Read RS2 | addr=5 -> data=0xc077
PASS | Read RS1 | addr=5 -> data=0xc077
PASS | Read RS2 | addr=2 -> data=0x7af
PASS | Read RS1 | addr=4 -> data=0x6a3e
PASS | Read RS2 | addr=0 -> data=0x0
PASS | Read RS1 | addr=1 -> data=0x46df
PASS | Read RS2 | addr=2 -> data=0x7af
PASS | Read RS1 | addr=7 -> data=0x9299
PASS | Read RS2 | addr=3 -> data=0x5813
PASS | Read RS1 | addr=7 -> data=0x9299
PASS | Read RS2 | addr=5 -> data=0xc077
PASS | Read RS1 | addr=5 -> data=0xc077
PASS | Read RS2 | addr=3 -> data=0x5813
PASS | Read RS1 | addr=1 -> data=0x46df
PASS | Read RS2 | addr=2 -> data=0x7af
PASS | Read RS1 | addr=2 -> data=0x7af
PASS | Read RS2 | addr=7 -> data=0x3939
PASS | Read RS1 | addr=5 -> data=0xc077
PASS | Read RS2 | addr=1 -> data=0x46df
PASS | Read RS1 | addr=5 -> data=0xc077
PASS | Read RS2 | addr=3 -> data=0x5813
PASS | Read RS1 | addr=4 -> data=0x6a3e
PASS | Read RS2 | addr=2 -> data=0x7af
PASS | Read RS1 | addr=6 -> data=0x5539
PASS | Read RS2 | addr=0 -> data=0x0
PASS | Read RS1 | addr=4 -> data=0x6a3e
PASS | Read RS2 | addr=6 -> data=0x5539
PASS | Read RS1 | addr=6 -> data=0x5539
PASS | Read RS2 | addr=3 -> data=0x5813
PASS | Read RS1 | addr=1 -> data=0x46df
PASS | Read RS2 | addr=3 -> data=0x5813
PASS | Read RS1 | addr=0 -> data=0x0
PASS | Read RS2 | addr=1 -> data=0x46df
PASS | Read RS1 | addr=3 -> data=0x5813
PASS | Read RS2 | addr=2 -> data=0x7af
PASS | Read RS1 | addr=2 -> data=0x7af
PASS | Read RS2 | addr=6 -> data=0x5539
PASS | Read RS1 | addr=2 -> data=0x7af
PASS | Read RS2 | addr=6 -> data=0x5539
PASS | Read RS1 | addr=3 -> data=0x5813
PASS | Read RS2 | addr=7 -> data=0xe275
PASS | Read RS1 | addr=4 -> data=0xf0f9
PASS | Read RS2 | addr=7 -> data=0xe275
PASS | Read RS1 | addr=1 -> data=0x46df
PASS | Read RS2 | addr=2 -> data=0x7af
PASS | Read RS1 | addr=2 -> data=0x7af
PASS | Read RS2 | addr=4 -> data=0xf0f9
PASS | Read RS1 | addr=3 -> data=0x5813
PASS | Read RS2 | addr=5 -> data=0x8a1e
PASS | Read RS1 | addr=5 -> data=0x8a1e
PASS | Read RS2 | addr=0 -> data=0x0
PASS | Read RS1 | addr=0 -> data=0x0
PASS | Read RS2 | addr=6 -> data=0x5539
PASS | Read RS1 | addr=3 -> data=0x305b
PASS | Read RS2 | addr=7 -> data=0x7007
PASS | Read RS1 | addr=5 -> data=0x8a1e
PASS | Read RS2 | addr=1 -> data=0x46df
PASS | Read RS1 | addr=6 -> data=0x1bad
PASS | Read RS2 | addr=6 -> data=0x1bad
PASS | Read RS1 | addr=1 -> data=0x46df
PASS | Read RS2 | addr=7 -> data=0xcde7
PASS | Read RS1 | addr=2 -> data=0x7af
PASS | Read RS2 | addr=4 -> data=0x374f
PASS | Read RS1 | addr=1 -> data=0x46df
PASS | Read RS2 | addr=3 -> data=0x4a8a
PASS | Read RS1 | addr=1 -> data=0x46df
PASS | Read RS2 | addr=3 -> data=0x4a8a
PASS | Read RS1 | addr=4 -> data=0x7a5a
PASS | Read RS2 | addr=5 -> data=0x8a1e
PASS | Read RS1 | addr=3 -> data=0x4a8a
PASS | Read RS2 | addr=2 -> data=0x7af
PASS | Read RS1 | addr=2 -> data=0x7af
PASS | Read RS2 | addr=5 -> data=0x8a1e
PASS | Read RS1 | addr=2 -> data=0x7af
PASS | Read RS2 | addr=5 -> data=0x8a1e
PASS | Read RS1 | addr=4 -> data=0x7a5a
PASS | Read RS2 | addr=0 -> data=0x0
PASS | Read RS1 | addr=0 -> data=0x0
PASS | Read RS2 | addr=5 -> data=0x8a1e
PASS | Read RS1 | addr=6 -> data=0xfebe
PASS | Read RS2 | addr=1 -> data=0x46df
PASS | Read RS1 | addr=0 -> data=0x0
PASS | Read RS2 | addr=1 -> data=0x9bd1
PASS | Read RS1 | addr=1 -> data=0x9bd1
PASS | Read RS2 | addr=6 -> data=0xfebe
PASS | Read RS1 | addr=4 -> data=0x7a5a
PASS | Read RS2 | addr=6 -> data=0xfebe
PASS | Read RS1 | addr=3 -> data=0xee39
PASS | Read RS2 | addr=3 -> data=0xee39
PASS | Read RS1 | addr=2 -> data=0x7af
PASS | Read RS2 | addr=1 -> data=0x9bd1
PASS | Read RS1 | addr=0 -> data=0x0
PASS | Read RS2 | addr=5 -> data=0x8a1e
PASS | Read RS1 | addr=4 -> data=0x7a5a
PASS | Read RS2 | addr=4 -> data=0x7a5a
PASS | Read RS1 | addr=4 -> data=0x7a5a
PASS | Read RS2 | addr=7 -> data=0x4ce9
PASS | Read RS1 | addr=5 -> data=0x8a1e
PASS | Read RS2 | addr=7 -> data=0x9720
PASS | Read RS1 | addr=7 -> data=0xdd
PASS | Read RS2 | addr=2 -> data=0x7af
PASS | Read RS1 | addr=5 -> data=0x8a1e
PASS | Read RS2 | addr=6 -> data=0xfebe
PASS | Read RS1 | addr=2 -> data=0x7af
PASS | Read RS2 | addr=1 -> data=0x9bd1
PASS | Read RS1 | addr=7 -> data=0xce5a
PASS | Read RS2 | addr=5 -> data=0x8a1e
PASS | Read RS1 | addr=7 -> data=0xce5a
PASS | Read RS2 | addr=1 -> data=0x9bd1
PASS | Read RS1 | addr=1 -> data=0x9bd1
PASS | Read RS2 | addr=2 -> data=0x7af
PASS | Read RS1 | addr=0 -> data=0x0
PASS | Read RS2 | addr=4 -> data=0x7a5a
PASS | Read RS1 | addr=3 -> data=0xee39
PASS | Read RS2 | addr=0 -> data=0x0
PASS | Read RS1 | addr=1 -> data=0x9bd1
PASS | Read RS2 | addr=4 -> data=0x7a5a
PASS | Read RS1 | addr=5 -> data=0x8a1e
PASS | Read RS2 | addr=0 -> data=0x0
PASS | Read RS1 | addr=3 -> data=0xee39
PASS | Read RS2 | addr=6 -> data=0xfebe
PASS | Read RS1 | addr=6 -> data=0xfebe
PASS | Read RS2 | addr=3 -> data=0xee39
PASS | Read RS1 | addr=1 -> data=0x9bd1
PASS | Read RS2 | addr=4 -> data=0x3dd7
PASS | Read RS1 | addr=3 -> data=0xee39
PASS | Read RS2 | addr=4 -> data=0x6b51
PASS | Read RS1 | addr=0 -> data=0x0
PASS | Read RS2 | addr=6 -> data=0xfebe
PASS | Read RS1 | addr=7 -> data=0xc368
PASS | Read RS2 | addr=3 -> data=0xee39
PASS | Read RS1 | addr=3 -> data=0xee39
PASS | Read RS2 | addr=4 -> data=0xed76
PASS | Read RS1 | addr=4 -> data=0xed76
PASS | Read RS2 | addr=0 -> data=0x0
PASS | Read RS1 | addr=1 -> data=0x9bd1
PASS | Read RS2 | addr=7 -> data=0xc368
PASS | Read RS1 | addr=6 -> data=0xfebe
PASS | Read RS2 | addr=5 -> data=0x8a1e
PASS | Read RS1 | addr=3 -> data=0xee39
PASS | Read RS2 | addr=1 -> data=0x9bd1
PASS | Read RS1 | addr=0 -> data=0x0
PASS | Read RS2 | addr=0 -> data=0x0
PASS | Read RS1 | addr=4 -> data=0xed76
PASS | Read RS2 | addr=1 -> data=0x9bd1
PASS | Read RS1 | addr=0 -> data=0x0
PASS | Read RS2 | addr=2 -> data=0xb257
PASS | Read RS1 | addr=5 -> data=0x8a1e
PASS | Read RS2 | addr=2 -> data=0xb257
PASS | Read RS1 | addr=5 -> data=0x8a1e
PASS | Read RS2 | addr=2 -> data=0xb257
PASS | Read RS1 | addr=5 -> data=0x81e2
PASS | Read RS2 | addr=2 -> data=0xb257
PASS | Read RS1 | addr=5 -> data=0x81e2
PASS | Read RS2 | addr=5 -> data=0x81e2
PASS | Read RS1 | addr=0 -> data=0x0
PASS | Read RS2 | addr=4 -> data=0xed76
PASS | Read RS1 | addr=4 -> data=0xed76
PASS | Read RS2 | addr=3 -> data=0xee39
PASS | Read RS1 | addr=4 -> data=0xed76
PASS | Read RS2 | addr=4 -> data=0xed76
PASS | Read RS1 | addr=6 -> data=0xf687
PASS | Read RS2 | addr=1 -> data=0x9bd1
PASS | Read RS1 | addr=5 -> data=0xc90a
PASS | Read RS2 | addr=7 -> data=0x26ee
PASS | Read RS1 | addr=2 -> data=0xb257
PASS | Read RS2 | addr=7 -> data=0x26ee
PASS | Read RS1 | addr=4 -> data=0xed76
PASS | Read RS2 | addr=4 -> data=0xed76
PASS | Read RS1 | addr=5 -> data=0xc90a
PASS | Read RS2 | addr=3 -> data=0x1df7
PASS | Read RS1 | addr=0 -> data=0x0
PASS | Read RS2 | addr=1 -> data=0x9bd1
PASS | Read RS1 | addr=2 -> data=0xb257
PASS | Read RS2 | addr=3 -> data=0x1df7
PASS | Read RS1 | addr=5 -> data=0x660
PASS | Read RS2 | addr=3 -> data=0x1df7
PASS | Read RS1 | addr=2 -> data=0xb257
PASS | Read RS2 | addr=1 -> data=0x9bd1
PASS | Read RS1 | addr=4 -> data=0xed76
PASS | Read RS2 | addr=2 -> data=0xb257
PASS | Read RS1 | addr=0 -> data=0x0
PASS | Read RS2 | addr=4 -> data=0xed76
PASS | Read RS1 | addr=3 -> data=0x1df7
PASS | Read RS2 | addr=0 -> data=0x0
PASS | Read RS1 | addr=0 -> data=0x0
PASS | Read RS2 | addr=1 -> data=0x9bd1
PASS | Read RS1 | addr=1 -> data=0x9bd1
PASS | Read RS2 | addr=4 -> data=0xed76
PASS | Read RS1 | addr=3 -> data=0x1df7
PASS | Read RS2 | addr=3 -> data=0x1df7
PASS | Read RS1 | addr=1 -> data=0x9bd1
PASS | Read RS2 | addr=1 -> data=0x9bd1
PASS | Read RS1 | addr=0 -> data=0x0
PASS | Read RS2 | addr=0 -> data=0x0
PASS | Read RS1 | addr=5 -> data=0x660
PASS | Read RS2 | addr=1 -> data=0x9bd1
PASS | Read RS1 | addr=7 -> data=0x8970
PASS | Read RS2 | addr=2 -> data=0xb257
PASS | Read RS1 | addr=1 -> data=0x7baf
PASS | Read RS2 | addr=3 -> data=0x1df7
PASS | Read RS1 | addr=2 -> data=0xb257
PASS | Read RS2 | addr=5 -> data=0x660
PASS | Read RS1 | addr=7 -> data=0xdc0f
PASS | Read RS2 | addr=7 -> data=0xdc0f
PASS | Read RS1 | addr=1 -> data=0xe7e4
PASS | Read RS2 | addr=0 -> data=0x0
PASS | Read RS1 | addr=0 -> data=0x0
PASS | Read RS2 | addr=3 -> data=0x1df7
PASS | Read RS1 | addr=5 -> data=0x660
PASS | Read RS2 | addr=3 -> data=0x1df7
PASS | Read RS1 | addr=5 -> data=0x660
PASS | Read RS2 | addr=3 -> data=0x1df7
PASS | Read RS1 | addr=6 -> data=0xf687
PASS | Read RS2 | addr=3 -> data=0x1df7
PASS | Read RS1 | addr=6 -> data=0xf687
PASS | Read RS2 | addr=7 -> data=0x8875
PASS | Read RS1 | addr=0 -> data=0x0
PASS | Read RS2 | addr=0 -> data=0x0
PASS | Read RS1 | addr=2 -> data=0xb257
PASS | Read RS2 | addr=4 -> data=0xed76
PASS | Read RS1 | addr=3 -> data=0x1df7
PASS | Read RS2 | addr=5 -> data=0x660
PASS | Read RS1 | addr=6 -> data=0xf687
PASS | Read RS2 | addr=3 -> data=0x1df7
PASS | Read RS1 | addr=6 -> data=0xf687
PASS | Read RS2 | addr=7 -> data=0x8875
PASS | Read RS1 | addr=0 -> data=0x0
PASS | Read RS2 | addr=6 -> data=0xf687
PASS | Read RS1 | addr=7 -> data=0x8875
PASS | Read RS2 | addr=7 -> data=0x8875
PASS | Read RS1 | addr=6 -> data=0xf687
PASS | Read RS2 | addr=1 -> data=0xe7e4
PASS | Read RS1 | addr=1 -> data=0xe7e4
PASS | Read RS2 | addr=0 -> data=0x0
PASS | Read RS1 | addr=0 -> data=0x0
PASS | Read RS2 | addr=4 -> data=0xed76
PASS | Read RS1 | addr=5 -> data=0x660
PASS | Read RS2 | addr=5 -> data=0x660
PASS | Read RS1 | addr=7 -> data=0x5c08
PASS | Read RS2 | addr=4 -> data=0xed76
PASS | Read RS1 | addr=3 -> data=0x1df7
PASS | Read RS2 | addr=2 -> data=0xb257
PASS | Read RS1 | addr=6 -> data=0xf687
PASS | Read RS2 | addr=0 -> data=0x0
PASS | Read RS1 | addr=5 -> data=0x660
PASS | Read RS2 | addr=1 -> data=0xe7e4
PASS | Read RS1 | addr=1 -> data=0xe7e4
PASS | Read RS2 | addr=1 -> data=0xe7e4
PASS | Read RS1 | addr=6 -> data=0xf687
PASS | Read RS2 | addr=4 -> data=0xed76
PASS | Read RS1 | addr=5 -> data=0x660
PASS | Read RS2 | addr=2 -> data=0x99c2
PASS | Read RS1 | addr=1 -> data=0xe7e4
PASS | Read RS2 | addr=1 -> data=0xe7e4
PASS | Read RS1 | addr=2 -> data=0x99c2
PASS | Read RS2 | addr=0 -> data=0x0
PASS | Read RS1 | addr=5 -> data=0x660
PASS | Read RS2 | addr=7 -> data=0x57e7
PASS | Read RS1 | addr=7 -> data=0x57e7
PASS | Read RS2 | addr=5 -> data=0x660
PASS | Read RS1 | addr=3 -> data=0x1df7
PASS | Read RS2 | addr=6 -> data=0xf687
PASS | Read RS1 | addr=7 -> data=0xf6e2
PASS | Read RS2 | addr=2 -> data=0x99c2
PASS | Read RS1 | addr=0 -> data=0x0
PASS | Read RS2 | addr=2 -> data=0x99c2
PASS | Read RS1 | addr=4 -> data=0xb00a
PASS | Read RS2 | addr=5 -> data=0x660
PASS | Read RS1 | addr=6 -> data=0xf687
PASS | Read RS2 | addr=5 -> data=0x428a
PASS | Read RS1 | addr=5 -> data=0x428a
PASS | Read RS2 | addr=0 -> data=0x0
PASS | Read RS1 | addr=7 -> data=0xf6e2
PASS | Read RS2 | addr=3 -> data=0x1df7
PASS | Read RS1 | addr=6 -> data=0xf687
PASS | Read RS2 | addr=2 -> data=0x216d
PASS | Read RS1 | addr=1 -> data=0x6e87
PASS | Read RS2 | addr=0 -> data=0x0
PASS | Read RS1 | addr=5 -> data=0x428a
PASS | Read RS2 | addr=6 -> data=0xf687
PASS | Read RS1 | addr=2 -> data=0x216d
PASS | Read RS2 | addr=0 -> data=0x0
PASS | Read RS1 | addr=1 -> data=0xd3c0
PASS | Read RS2 | addr=6 -> data=0xf687
PASS | Read RS1 | addr=0 -> data=0x0
PASS | Read RS2 | addr=1 -> data=0xd3c0
PASS | Read RS1 | addr=5 -> data=0x428a
PASS | Read RS2 | addr=6 -> data=0xf687
PASS | Read RS1 | addr=5 -> data=0x428a
PASS | Read RS2 | addr=7 -> data=0x6765
PASS | Read RS1 | addr=5 -> data=0x428a
PASS | Read RS2 | addr=3 -> data=0x1df7
PASS | Read RS1 | addr=6 -> data=0xf687
PASS | Read RS2 | addr=5 -> data=0x17e5
PASS | Read RS1 | addr=3 -> data=0x1df7
PASS | Read RS2 | addr=4 -> data=0xc91d
PASS | Read RS1 | addr=3 -> data=0x1df7
PASS | Read RS2 | addr=1 -> data=0xd8f9
PASS | Read RS1 | addr=3 -> data=0x1df7
PASS | Read RS2 | addr=5 -> data=0x17e5
PASS | Read RS1 | addr=3 -> data=0x1df7
PASS | Read RS2 | addr=6 -> data=0xf687
PASS | Read RS1 | addr=0 -> data=0x0
PASS | Read RS2 | addr=1 -> data=0xd8f9
PASS | Read RS1 | addr=4 -> data=0xc91d
PASS | Read RS2 | addr=1 -> data=0xd8f9
PASS | Read RS1 | addr=3 -> data=0x1df7
PASS | Read RS2 | addr=2 -> data=0x216d
PASS | Read RS1 | addr=3 -> data=0x1df7
PASS | Read RS2 | addr=5 -> data=0x17e5
PASS | Read RS1 | addr=3 -> data=0x1df7
PASS | Read RS2 | addr=5 -> data=0x17e5
PASS | Read RS1 | addr=7 -> data=0x9738
PASS | Read RS2 | addr=4 -> data=0xc91d
PASS | Read RS1 | addr=2 -> data=0x216d
PASS | Read RS2 | addr=0 -> data=0x0
PASS | Read RS1 | addr=5 -> data=0x17e5
PASS | Read RS2 | addr=4 -> data=0xc91d
PASS | Read RS1 | addr=6 -> data=0x95ec
PASS | Read RS2 | addr=3 -> data=0x1df7
PASS | Read RS1 | addr=5 -> data=0x17e5
PASS | Read RS2 | addr=7 -> data=0x5019
PASS | Read RS1 | addr=5 -> data=0x17e5
PASS | Read RS2 | addr=4 -> data=0xc91d
PASS | Read RS1 | addr=2 -> data=0x216d
PASS | Read RS2 | addr=3 -> data=0x1df7
PASS | Read RS1 | addr=0 -> data=0x0
PASS | Read RS2 | addr=1 -> data=0xd8f9
PASS | Read RS1 | addr=7 -> data=0x808a
PASS | Read RS2 | addr=3 -> data=0x1df7
PASS | Read RS1 | addr=6 -> data=0x4254
PASS | Read RS2 | addr=6 -> data=0x4254
PASS | Read RS1 | addr=5 -> data=0x17e5
PASS | Read RS2 | addr=5 -> data=0x17e5
PASS | Read RS1 | addr=2 -> data=0x216d
PASS | Read RS2 | addr=3 -> data=0x1df7
PASS | Read RS1 | addr=6 -> data=0x4254
PASS | Read RS2 | addr=7 -> data=0x808a
PASS | Read RS1 | addr=4 -> data=0xc91d
PASS | Read RS2 | addr=2 -> data=0x7601
PASS | Read RS1 | addr=7 -> data=0x808a
PASS | Read RS2 | addr=0 -> data=0x0
PASS | Read RS1 | addr=5 -> data=0x17e5
PASS | Read RS2 | addr=7 -> data=0x9cde
PASS | Read RS1 | addr=4 -> data=0xc91d
PASS | Read RS2 | addr=4 -> data=0xc91d
PASS | Read RS1 | addr=4 -> data=0xc91d
PASS | Read RS2 | addr=6 -> data=0x4254
PASS | Read RS1 | addr=4 -> data=0xc91d
PASS | Read RS2 | addr=5 -> data=0x17e5
PASS | Read RS1 | addr=5 -> data=0x17e5
PASS | Read RS2 | addr=7 -> data=0x295e
PASS | Read RS1 | addr=4 -> data=0xc91d
PASS | Read RS2 | addr=0 -> data=0x0
PASS | Read RS1 | addr=0 -> data=0x0
PASS | Read RS2 | addr=7 -> data=0xf740
PASS | Read RS1 | addr=7 -> data=0xf740
PASS | Read RS2 | addr=7 -> data=0xf740
PASS | Read RS1 | addr=1 -> data=0xd8f9
PASS | Read RS2 | addr=6 -> data=0x4254
PASS | Read RS1 | addr=2 -> data=0x7601
PASS | Read RS2 | addr=6 -> data=0x4254
PASS | Read RS1 | addr=6 -> data=0x4254
PASS | Read RS2 | addr=5 -> data=0x17e5
PASS | Read RS1 | addr=4 -> data=0x5ade
PASS | Read RS2 | addr=6 -> data=0x4254
PASS | Read RS1 | addr=7 -> data=0xf740
PASS | Read RS2 | addr=6 -> data=0x4254
PASS | Read RS1 | addr=0 -> data=0x0
PASS | Read RS2 | addr=3 -> data=0x1df7
PASS | Read RS1 | addr=7 -> data=0xcbaf
PASS | Read RS2 | addr=3 -> data=0xf588
PASS | Read RS1 | addr=3 -> data=0xf588
PASS | Read RS2 | addr=7 -> data=0xcbaf
PASS | Read RS1 | addr=4 -> data=0x7145
PASS | Read RS2 | addr=5 -> data=0x17e5
PASS | Read RS1 | addr=4 -> data=0x7145
PASS | Read RS2 | addr=0 -> data=0x0
PASS | Read RS1 | addr=4 -> data=0x7145
PASS | Read RS2 | addr=0 -> data=0x0
PASS | Read RS1 | addr=1 -> data=0xd8f9
PASS | Read RS2 | addr=4 -> data=0x7145
PASS | Read RS1 | addr=2 -> data=0x7601
PASS | Read RS2 | addr=7 -> data=0x97fa
PASS | Read RS1 | addr=1 -> data=0xd8f9
PASS | Read RS2 | addr=0 -> data=0x0
PASS | Read RS1 | addr=3 -> data=0xf588
PASS | Read RS2 | addr=0 -> data=0x0
PASS | Read RS1 | addr=2 -> data=0x7601
PASS | Read RS2 | addr=0 -> data=0x0
PASS | Read RS1 | addr=7 -> data=0x97fa
PASS | Read RS2 | addr=0 -> data=0x0
PASS | Read RS1 | addr=0 -> data=0x0
PASS | Read RS2 | addr=0 -> data=0x0
PASS | Read RS1 | addr=3 -> data=0xf588
PASS | Read RS2 | addr=4 -> data=0x7145
PASS | Read RS1 | addr=0 -> data=0x0
PASS | Read RS2 | addr=6 -> data=0x7816
PASS | Read RS1 | addr=2 -> data=0x7601
PASS | Read RS2 | addr=7 -> data=0x38cf
PASS | Read RS1 | addr=4 -> data=0x7145
PASS | Read RS2 | addr=0 -> data=0x0
PASS | Read RS1 | addr=4 -> data=0x7145
PASS | Read RS2 | addr=6 -> data=0x7816
PASS | Read RS1 | addr=6 -> data=0x7816
PASS | Read RS2 | addr=2 -> data=0xf311
PASS | Read RS1 | addr=2 -> data=0xf311
PASS | Read RS2 | addr=6 -> data=0x7816
PASS | Read RS1 | addr=7 -> data=0x25f9
PASS | Read RS2 | addr=2 -> data=0xf311
PASS | Read RS1 | addr=6 -> data=0x7816
PASS | Read RS2 | addr=5 -> data=0x8e74
PASS | Read RS1 | addr=0 -> data=0x0
PASS | Read RS2 | addr=1 -> data=0xb87a
PASS | Read RS1 | addr=4 -> data=0xaa9b
PASS | Read RS2 | addr=2 -> data=0xf311
PASS | Read RS1 | addr=3 -> data=0xf588
PASS | Read RS2 | addr=0 -> data=0x0
PASS | Read RS1 | addr=7 -> data=0xba34
PASS | Read RS2 | addr=4 -> data=0xaa9b
PASS | Read RS1 | addr=4 -> data=0xaa9b
PASS | Read RS2 | addr=5 -> data=0x8e74
PASS | Read RS1 | addr=4 -> data=0xaa9b
PASS | Read RS2 | addr=4 -> data=0xaa9b
PASS | Read RS1 | addr=0 -> data=0x0
PASS | Read RS2 | addr=6 -> data=0x7816
PASS | Read RS1 | addr=6 -> data=0x7816
PASS | Read RS2 | addr=7 -> data=0x5354
PASS | Read RS1 | addr=1 -> data=0xb87a
PASS | Read RS2 | addr=2 -> data=0xdac4
PASS | Read RS1 | addr=7 -> data=0x5354
PASS | Read RS2 | addr=5 -> data=0x8e74
PASS | Read RS1 | addr=6 -> data=0x7816
PASS | Read RS2 | addr=1 -> data=0xb87a
PASS | Read RS1 | addr=0 -> data=0x0
PASS | Read RS2 | addr=4 -> data=0xaa9b
PASS | Read RS1 | addr=6 -> data=0x7816
PASS | Read RS2 | addr=5 -> data=0x8e74
PASS | Read RS1 | addr=1 -> data=0xb87a
PASS | Read RS2 | addr=4 -> data=0xaa9b
PASS | Read RS1 | addr=6 -> data=0x7816
PASS | Read RS2 | addr=5 -> data=0x8e74
PASS | Read RS1 | addr=7 -> data=0x2635
PASS | Read RS2 | addr=5 -> data=0x8e74
PASS | Read RS1 | addr=5 -> data=0x8e74
PASS | Read RS2 | addr=5 -> data=0x8e74
PASS | Read RS1 | addr=3 -> data=0x4f8d
PASS | Read RS2 | addr=5 -> data=0x8e74
PASS | Read RS1 | addr=2 -> data=0xdac4
PASS | Read RS2 | addr=7 -> data=0x2635
PASS | Read RS1 | addr=7 -> data=0x2635
PASS | Read RS2 | addr=3 -> data=0x4f8d
PASS | Read RS1 | addr=6 -> data=0x7816
PASS | Read RS2 | addr=3 -> data=0x4f8d
PASS | Read RS1 | addr=1 -> data=0xa732
PASS | Read RS2 | addr=4 -> data=0xaa9b
PASS | Read RS1 | addr=5 -> data=0x8e74
PASS | Read RS2 | addr=5 -> data=0x8e74
PASS | Read RS1 | addr=7 -> data=0x87b5
PASS | Read RS2 | addr=2 -> data=0xdac4
PASS | Read RS1 | addr=7 -> data=0x87b5
PASS | Read RS2 | addr=7 -> data=0x87b5
PASS | Read RS1 | addr=1 -> data=0xa732
PASS | Read RS2 | addr=5 -> data=0x8e74
PASS | Read RS1 | addr=1 -> data=0xa732
PASS | Read RS2 | addr=2 -> data=0xdac4
PASS | Read RS1 | addr=2 -> data=0x911f
PASS | Read RS2 | addr=7 -> data=0x87b5
PASS | Read RS1 | addr=1 -> data=0xa732
PASS | Read RS2 | addr=3 -> data=0x4f8d
PASS | Read RS1 | addr=2 -> data=0x473b
PASS | Read RS2 | addr=6 -> data=0x7816
PASS | Read RS1 | addr=2 -> data=0x473b
PASS | Read RS2 | addr=1 -> data=0xa732
PASS | Read RS1 | addr=4 -> data=0xaa9b
PASS | Read RS2 | addr=7 -> data=0x305c
PASS | Read RS1 | addr=4 -> data=0xaa9b
PASS | Read RS2 | addr=2 -> data=0x473b
PASS | Read RS1 | addr=6 -> data=0x7816
PASS | Read RS2 | addr=0 -> data=0x0
PASS | Read RS1 | addr=3 -> data=0x4f8d
PASS | Read RS2 | addr=5 -> data=0xeb53
PASS | Read RS1 | addr=5 -> data=0xeb53
PASS | Read RS2 | addr=7 -> data=0x7105
PASS | Read RS1 | addr=3 -> data=0x4f8d
PASS | Read RS2 | addr=3 -> data=0x4f8d
PASS | Read RS1 | addr=1 -> data=0xa732
PASS | Read RS2 | addr=6 -> data=0x7816
PASS | Read RS1 | addr=4 -> data=0xaa9b
PASS | Read RS2 | addr=5 -> data=0xd25c
PASS | Read RS1 | addr=6 -> data=0x7816
PASS | Read RS2 | addr=7 -> data=0x576e
PASS | Read RS1 | addr=2 -> data=0x473b
PASS | Read RS2 | addr=2 -> data=0x473b
PASS | Read RS1 | addr=5 -> data=0xd25c
PASS | Read RS2 | addr=0 -> data=0x0
PASS | Read RS1 | addr=0 -> data=0x0
PASS | Read RS2 | addr=0 -> data=0x0
PASS | Read RS1 | addr=0 -> data=0x0
PASS | Read RS2 | addr=0 -> data=0x0
PASS | Read RS1 | addr=5 -> data=0xd25c
PASS | Read RS2 | addr=6 -> data=0x519e
PASS | Read RS1 | addr=6 -> data=0x519e
PASS | Read RS2 | addr=5 -> data=0xd25c
PASS | Read RS1 | addr=5 -> data=0xd25c
PASS | Read RS2 | addr=2 -> data=0x473b
PASS | Read RS1 | addr=1 -> data=0x4f36
PASS | Read RS2 | addr=2 -> data=0x473b
PASS | Read RS1 | addr=2 -> data=0x473b
PASS | Read RS2 | addr=7 -> data=0xaf34
PASS | Read RS1 | addr=5 -> data=0xd25c
PASS | Read RS2 | addr=0 -> data=0x0
PASS | Read RS1 | addr=0 -> data=0x0
PASS | Read RS2 | addr=3 -> data=0x4f8d
PASS | Read RS1 | addr=4 -> data=0xaa9b
PASS | Read RS2 | addr=7 -> data=0xccfa
PASS | Read RS1 | addr=5 -> data=0xd25c
PASS | Read RS2 | addr=3 -> data=0x4f8d
PASS | Read RS1 | addr=2 -> data=0x473b
PASS | Read RS2 | addr=5 -> data=0xd25c
PASS | Read RS1 | addr=4 -> data=0xaa9b
PASS | Read RS2 | addr=3 -> data=0xdb1b
PASS | Read RS1 | addr=5 -> data=0xd25c
PASS | Read RS2 | addr=2 -> data=0x473b
PASS | Read RS1 | addr=3 -> data=0xdb1b
PASS | Read RS2 | addr=6 -> data=0x519e
PASS | Read RS1 | addr=5 -> data=0xd25c
PASS | Read RS2 | addr=1 -> data=0x4f36
PASS | Read RS1 | addr=5 -> data=0xd25c
PASS | Read RS2 | addr=5 -> data=0xd25c
PASS | Read RS1 | addr=2 -> data=0x473b
PASS | Read RS2 | addr=1 -> data=0x4f36
PASS | Read RS1 | addr=0 -> data=0x0
PASS | Read RS2 | addr=2 -> data=0x473b
PASS | Read RS1 | addr=0 -> data=0x0
PASS | Read RS2 | addr=1 -> data=0x4f36
PASS | Read RS1 | addr=7 -> data=0xfc0c
PASS | Read RS2 | addr=0 -> data=0x0
PASS | Read RS1 | addr=2 -> data=0x473b
PASS | Read RS2 | addr=6 -> data=0x58c1
PASS | Read RS1 | addr=1 -> data=0x1635
PASS | Read RS2 | addr=7 -> data=0x4a54
PASS | Read RS1 | addr=7 -> data=0x4a54
PASS | Read RS2 | addr=5 -> data=0xd25c
PASS | Read RS1 | addr=5 -> data=0xd25c
PASS | Read RS2 | addr=7 -> data=0x4a54
PASS | Read RS1 | addr=6 -> data=0x58c1
PASS | Read RS2 | addr=1 -> data=0x1635
PASS | Read RS1 | addr=6 -> data=0x58c1
PASS | Read RS2 | addr=1 -> data=0x1635
PASS | Read RS1 | addr=3 -> data=0xdb1b
PASS | Read RS2 | addr=7 -> data=0x509d
PASS | Read RS1 | addr=1 -> data=0x1635
PASS | Read RS2 | addr=4 -> data=0xaa9b
PASS | Read RS1 | addr=4 -> data=0xc4bd
PASS | Read RS2 | addr=6 -> data=0x58c1
PASS | Read RS1 | addr=0 -> data=0x0
PASS | Read RS2 | addr=3 -> data=0xdb1b
PASS | Read RS1 | addr=5 -> data=0xd25c
PASS | Read RS2 | addr=2 -> data=0x473b
PASS | Read RS1 | addr=5 -> data=0xd25c
PASS | Read RS2 | addr=6 -> data=0x58c1
PASS | Read RS1 | addr=6 -> data=0x58c1
PASS | Read RS2 | addr=2 -> data=0x9b97
PASS | Read RS1 | addr=0 -> data=0x0
PASS | Read RS2 | addr=1 -> data=0x1635
PASS | Read RS1 | addr=1 -> data=0x1635
PASS | Read RS2 | addr=2 -> data=0x9b97
PASS | Read RS1 | addr=1 -> data=0x1635
PASS | Read RS2 | addr=5 -> data=0xd25c
PASS | Read RS1 | addr=5 -> data=0xd25c
PASS | Read RS2 | addr=1 -> data=0x1635
PASS | Read RS1 | addr=7 -> data=0x46ec
PASS | Read RS2 | addr=1 -> data=0x1635
PASS | Read RS1 | addr=5 -> data=0xd25c
PASS | Read RS2 | addr=3 -> data=0xdb1b
PASS | Read RS1 | addr=3 -> data=0xdb1b
PASS | Read RS2 | addr=2 -> data=0x9b97
PASS | Read RS1 | addr=7 -> data=0xb404
PASS | Read RS2 | addr=0 -> data=0x0
PASS | Read RS1 | addr=0 -> data=0x0
PASS | Read RS2 | addr=6 -> data=0x58c1
PASS | Read RS1 | addr=0 -> data=0x0
PASS | Read RS2 | addr=0 -> data=0x0
PASS | Read RS1 | addr=7 -> data=0xb404
PASS | Read RS2 | addr=6 -> data=0x58c1
PASS | Read RS1 | addr=4 -> data=0xc4bd
PASS | Read RS2 | addr=6 -> data=0x58c1
PASS | Read RS1 | addr=3 -> data=0xdb1b
PASS | Read RS2 | addr=3 -> data=0xdb1b
PASS | Read RS1 | addr=1 -> data=0xb5a5
PASS | Read RS2 | addr=6 -> data=0x58c1
PASS | Read RS1 | addr=1 -> data=0xb5a5
PASS | Read RS2 | addr=7 -> data=0xb404
PASS | Read RS1 | addr=2 -> data=0x9b97
PASS | Read RS2 | addr=6 -> data=0x58c1
PASS | Read RS1 | addr=2 -> data=0x9b97
PASS | Read RS2 | addr=6 -> data=0x58c1
PASS | Read RS1 | addr=2 -> data=0x9b97
PASS | Read RS2 | addr=1 -> data=0xb5a5
PASS | Read RS1 | addr=5 -> data=0xd25c
PASS | Read RS2 | addr=4 -> data=0xc4bd
PASS | Read RS1 | addr=5 -> data=0xd25c
PASS | Read RS2 | addr=4 -> data=0xc4bd
PASS | Read RS1 | addr=7 -> data=0x2d1d
PASS | Read RS2 | addr=6 -> data=0x58c1
PASS | Read RS1 | addr=4 -> data=0xc4bd
PASS | Read RS2 | addr=2 -> data=0x9b97
PASS | Read RS1 | addr=1 -> data=0xb5a5
PASS | Read RS2 | addr=4 -> data=0xc4bd
PASS | Read RS1 | addr=0 -> data=0x0
PASS | Read RS2 | addr=4 -> data=0xc4bd
PASS | Read RS1 | addr=5 -> data=0xd25c
PASS | Read RS2 | addr=6 -> data=0x58c1
PASS | Read RS1 | addr=0 -> data=0x0
PASS | Read RS2 | addr=3 -> data=0xdb1b
PASS | Read RS1 | addr=5 -> data=0xd25c
PASS | Read RS2 | addr=0 -> data=0x0
PASS | Read RS1 | addr=4 -> data=0xc4bd
PASS | Read RS2 | addr=7 -> data=0x11e3
PASS | Read RS1 | addr=4 -> data=0xc4bd
PASS | Read RS2 | addr=4 -> data=0xc4bd
PASS | Read RS1 | addr=5 -> data=0xd25c
PASS | Read RS2 | addr=6 -> data=0x58c1
PASS | Read RS1 | addr=6 -> data=0x58c1
PASS | Read RS2 | addr=3 -> data=0xdb1b
PASS | Read RS1 | addr=6 -> data=0x58c1
PASS | Read RS2 | addr=4 -> data=0xc4bd
PASS | Read RS1 | addr=6 -> data=0x58c1
PASS | Read RS2 | addr=4 -> data=0xc4bd
PASS | Read RS1 | addr=5 -> data=0xbe0f
PASS | Read RS2 | addr=5 -> data=0xbe0f
PASS | Read RS1 | addr=4 -> data=0xc4bd
PASS | Read RS2 | addr=6 -> data=0x58c1
PASS | Read RS1 | addr=0 -> data=0x0
PASS | Read RS2 | addr=4 -> data=0xc4bd
PASS | Read RS1 | addr=5 -> data=0xbe0f
PASS | Read RS2 | addr=0 -> data=0x0
PASS | Read RS1 | addr=6 -> data=0x7793
PASS | Read RS2 | addr=7 -> data=0xf7d8
PASS | Read RS1 | addr=5 -> data=0xbe0f
PASS | Read RS2 | addr=4 -> data=0xc4bd
PASS | Read RS1 | addr=5 -> data=0xbe0f
PASS | Read RS2 | addr=0 -> data=0x0
PASS | Read RS1 | addr=7 -> data=0x5cb3
PASS | Read RS2 | addr=2 -> data=0x5b46
PASS | Read RS1 | addr=7 -> data=0x4e20
PASS | Read RS2 | addr=5 -> data=0xbe0f
PASS | Read RS1 | addr=7 -> data=0x4e20
PASS | Read RS2 | addr=7 -> data=0x4e20
PASS | Read RS1 | addr=6 -> data=0x7793
PASS | Read RS2 | addr=2 -> data=0x5b46
PASS | Read RS1 | addr=1 -> data=0x24d8
PASS | Read RS2 | addr=3 -> data=0xdb1b
PASS | Read RS1 | addr=3 -> data=0xdb1b
PASS | Read RS2 | addr=4 -> data=0xc4bd
PASS | Read RS1 | addr=5 -> data=0xbe0f
PASS | Read RS2 | addr=7 -> data=0xca0
PASS | Read RS1 | addr=6 -> data=0x7793
PASS | Read RS2 | addr=0 -> data=0x0
PASS | Read RS1 | addr=2 -> data=0x5b46
PASS | Read RS2 | addr=6 -> data=0x7793
PASS | Read RS1 | addr=4 -> data=0xc4bd
PASS | Read RS2 | addr=0 -> data=0x0
PASS | Read RS1 | addr=6 -> data=0x7793
PASS | Read RS2 | addr=5 -> data=0xbe0f
PASS | Read RS1 | addr=2 -> data=0x5b46
PASS | Read RS2 | addr=3 -> data=0xdb1b
PASS | Read RS1 | addr=6 -> data=0x7793
PASS | Read RS2 | addr=7 -> data=0x17dd
PASS | Read RS1 | addr=2 -> data=0x5b46
PASS | Read RS2 | addr=2 -> data=0x5b46
PASS | Read RS1 | addr=7 -> data=0x2f03
PASS | Read RS2 | addr=2 -> data=0x5b46
PASS | Read RS1 | addr=7 -> data=0x2f03
PASS | Read RS2 | addr=3 -> data=0xdb1b
PASS | Read RS1 | addr=1 -> data=0x24d8
PASS | Read RS2 | addr=0 -> data=0x0
PASS | Read RS1 | addr=3 -> data=0xdb1b
PASS | Read RS2 | addr=3 -> data=0xdb1b
PASS | Read RS1 | addr=2 -> data=0x5b46
PASS | Read RS2 | addr=0 -> data=0x0
PASS | Read RS1 | addr=2 -> data=0x5b46
PASS | Read RS2 | addr=4 -> data=0xc4bd
PASS | Read RS1 | addr=5 -> data=0xbe0f
PASS | Read RS2 | addr=4 -> data=0xc4bd
PASS | Read RS1 | addr=7 -> data=0xbab8
PASS | Read RS2 | addr=5 -> data=0xbe0f
PASS | Read RS1 | addr=3 -> data=0xdb1b
PASS | Read RS2 | addr=5 -> data=0xbe0f
PASS | Read RS1 | addr=3 -> data=0xdb1b
PASS | Read RS2 | addr=1 -> data=0x24d8
PASS | Read RS1 | addr=2 -> data=0x5b46
PASS | Read RS2 | addr=5 -> data=0xbe0f
PASS | Read RS1 | addr=0 -> data=0x0
PASS | Read RS2 | addr=2 -> data=0x5b46
PASS | Read RS1 | addr=5 -> data=0xbe0f
PASS | Read RS2 | addr=3 -> data=0x339b
PASS | Read RS1 | addr=7 -> data=0xbb53
PASS | Read RS2 | addr=7 -> data=0xbb53
PASS | Read RS1 | addr=6 -> data=0x7793
PASS | Read RS2 | addr=4 -> data=0xc4bd
PASS | Read RS1 | addr=6 -> data=0x7793
PASS | Read RS2 | addr=0 -> data=0x0
PASS | Read RS1 | addr=5 -> data=0xbe0f
PASS | Read RS2 | addr=5 -> data=0xbe0f
PASS | Read RS1 | addr=2 -> data=0xefd4
PASS | Read RS2 | addr=2 -> data=0xefd4
PASS | Read RS1 | addr=4 -> data=0xc4bd
PASS | Read RS2 | addr=6 -> data=0x7793
PASS | Read RS1 | addr=2 -> data=0xefd4
PASS | Read RS2 | addr=1 -> data=0x24d8
PASS | Read RS1 | addr=3 -> data=0x339b
PASS | Read RS2 | addr=2 -> data=0xefd4
PASS | Read RS1 | addr=1 -> data=0x57e5
PASS | Read RS2 | addr=7 -> data=0x1eb5
PASS | Read RS1 | addr=6 -> data=0x7793
PASS | Read RS2 | addr=4 -> data=0xc4bd
PASS | Read RS1 | addr=6 -> data=0x7793
PASS | Read RS2 | addr=0 -> data=0x0
PASS | Read RS1 | addr=2 -> data=0xefd4
PASS | Read RS2 | addr=2 -> data=0xefd4
PASS | Read RS1 | addr=2 -> data=0xefd4
PASS | Read RS2 | addr=2 -> data=0xefd4
PASS | Read RS1 | addr=6 -> data=0x7793
PASS | Read RS2 | addr=7 -> data=0x42dc
PASS | Read RS1 | addr=2 -> data=0xefd4
PASS | Read RS2 | addr=3 -> data=0x339b
PASS | Read RS1 | addr=2 -> data=0xefd4
PASS | Read RS2 | addr=1 -> data=0x6b6
PASS | Read RS1 | addr=4 -> data=0xc4bd
PASS | Read RS2 | addr=7 -> data=0x2559
PASS | Read RS1 | addr=0 -> data=0x0
PASS | Read RS2 | addr=7 -> data=0x2559
PASS | Read RS1 | addr=4 -> data=0xc4bd
PASS | Read RS2 | addr=0 -> data=0x0
PASS | Read RS1 | addr=0 -> data=0x0
PASS | Read RS2 | addr=7 -> data=0x71ca
PASS | Read RS1 | addr=0 -> data=0x0
PASS | Read RS2 | addr=1 -> data=0x6b6
PASS | Read RS1 | addr=2 -> data=0xefd4
PASS | Read RS2 | addr=5 -> data=0xc058
PASS | Read RS1 | addr=2 -> data=0xefd4
PASS | Read RS2 | addr=2 -> data=0xefd4
PASS | Read RS1 | addr=7 -> data=0xbc1b
PASS | Read RS2 | addr=3 -> data=0x339b
PASS | Read RS1 | addr=4 -> data=0xc4bd
PASS | Read RS2 | addr=0 -> data=0x0
PASS | Read RS1 | addr=4 -> data=0xc4bd
PASS | Read RS2 | addr=1 -> data=0x6b6
PASS | Read RS1 | addr=2 -> data=0xefd4
PASS | Read RS2 | addr=2 -> data=0xefd4
PASS | Read RS1 | addr=6 -> data=0x2c00
PASS | Read RS2 | addr=2 -> data=0xefd4
PASS | Read RS1 | addr=3 -> data=0x339b
PASS | Read RS2 | addr=4 -> data=0xd7b0
PASS | Read RS1 | addr=3 -> data=0x339b
PASS | Read RS2 | addr=4 -> data=0xd7b0
PASS | Read RS1 | addr=4 -> data=0xd7b0
PASS | Read RS2 | addr=2 -> data=0xefd4
PASS | Read RS1 | addr=5 -> data=0xc058
PASS | Read RS2 | addr=1 -> data=0x6b6
PASS | Read RS1 | addr=5 -> data=0xc058
PASS | Read RS2 | addr=3 -> data=0x339b
PASS | Read RS1 | addr=1 -> data=0x6b6
PASS | Read RS2 | addr=2 -> data=0xc176
PASS | Read RS1 | addr=2 -> data=0xc176
PASS | Read RS2 | addr=0 -> data=0x0
PASS | Read RS1 | addr=5 -> data=0xc058
PASS | Read RS2 | addr=6 -> data=0x2c00
PASS | Read RS1 | addr=3 -> data=0x339b
PASS | Read RS2 | addr=7 -> data=0x9cd2
PASS | Read RS1 | addr=6 -> data=0x2c00
PASS | Read RS2 | addr=1 -> data=0x6b6
PASS | Read RS1 | addr=0 -> data=0x0
PASS | Read RS2 | addr=4 -> data=0xd4ea
PASS | Read RS1 | addr=4 -> data=0xd4ea
PASS | Read RS2 | addr=0 -> data=0x0
PASS | Read RS1 | addr=2 -> data=0x39a4
PASS | Read RS2 | addr=1 -> data=0x6b6
PASS | Read RS1 | addr=0 -> data=0x0
PASS | Read RS2 | addr=6 -> data=0x2c00
PASS | Read RS1 | addr=0 -> data=0x0
PASS | Read RS2 | addr=4 -> data=0x166c
PASS | Read RS1 | addr=1 -> data=0x6b6
PASS | Read RS2 | addr=0 -> data=0x0
PASS | Read RS1 | addr=3 -> data=0x339b
PASS | Read RS2 | addr=7 -> data=0xdbfe
PASS | Read RS1 | addr=0 -> data=0x0
PASS | Read RS2 | addr=0 -> data=0x0
PASS | Read RS1 | addr=1 -> data=0x6b6
PASS | Read RS2 | addr=2 -> data=0x39a4
PASS | Read RS1 | addr=1 -> data=0x6b6
PASS | Read RS2 | addr=6 -> data=0x2681
PASS | Read RS1 | addr=0 -> data=0x0
PASS | Read RS2 | addr=2 -> data=0x39a4
PASS | Read RS1 | addr=4 -> data=0x166c
PASS | Read RS2 | addr=5 -> data=0xc058
PASS | Read RS1 | addr=7 -> data=0xf863
PASS | Read RS2 | addr=6 -> data=0x2681
PASS | Read RS1 | addr=4 -> data=0x166c
PASS | Read RS2 | addr=3 -> data=0x339b
PASS | Read RS1 | addr=6 -> data=0x2681
PASS | Read RS2 | addr=0 -> data=0x0
PASS | Read RS1 | addr=1 -> data=0x6b6
PASS | Read RS2 | addr=3 -> data=0x339b
PASS | Read RS1 | addr=1 -> data=0x6b6
PASS | Read RS2 | addr=3 -> data=0x339b
PASS | Read RS1 | addr=7 -> data=0x8fea
PASS | Read RS2 | addr=6 -> data=0x2681
PASS | Read RS1 | addr=4 -> data=0x166c
PASS | Read RS2 | addr=5 -> data=0x9b00
PASS | Read RS1 | addr=2 -> data=0x39a4
PASS | Read RS2 | addr=2 -> data=0x39a4
PASS | Read RS1 | addr=2 -> data=0x39a4
PASS | Read RS2 | addr=0 -> data=0x0
PASS | Read RS1 | addr=6 -> data=0x2681
PASS | Read RS2 | addr=1 -> data=0x6b6
PASS | Read RS1 | addr=2 -> data=0x39a4
PASS | Read RS2 | addr=5 -> data=0x9b00
PASS | Read RS1 | addr=2 -> data=0x39a4
PASS | Read RS2 | addr=5 -> data=0x9b00
PASS | Read RS1 | addr=0 -> data=0x0
PASS | Read RS2 | addr=1 -> data=0x6b6
PASS | Read RS1 | addr=5 -> data=0x9b00
PASS | Read RS2 | addr=0 -> data=0x0
PASS | Read RS1 | addr=1 -> data=0x6b6
PASS | Read RS2 | addr=3 -> data=0x7036
PASS | Read RS1 | addr=7 -> data=0x5876
PASS | Read RS2 | addr=2 -> data=0x877a
PASS | Read RS1 | addr=5 -> data=0x9b00
PASS | Read RS2 | addr=1 -> data=0x6b6
PASS | Read RS1 | addr=5 -> data=0x9b00
PASS | Read RS2 | addr=4 -> data=0x166c
PASS | Read RS1 | addr=3 -> data=0x5baa
PASS | Read RS2 | addr=2 -> data=0x877a
PASS | Read RS1 | addr=5 -> data=0x9b00
PASS | Read RS2 | addr=2 -> data=0x877a
PASS | Read RS1 | addr=3 -> data=0x5baa
PASS | Read RS2 | addr=3 -> data=0x5baa
PASS | Read RS1 | addr=3 -> data=0x5baa
PASS | Read RS2 | addr=5 -> data=0x9b00
PASS | Read RS1 | addr=4 -> data=0x166c
PASS | Read RS2 | addr=1 -> data=0x99bb
PASS | Read RS1 | addr=2 -> data=0x877a
PASS | Read RS2 | addr=7 -> data=0xec9c
PASS | Read RS1 | addr=4 -> data=0x166c
PASS | Read RS2 | addr=1 -> data=0x99bb
PASS | Read RS1 | addr=1 -> data=0x99bb
PASS | Read RS2 | addr=0 -> data=0x0
PASS | Read RS1 | addr=5 -> data=0x9b00
PASS | Read RS2 | addr=0 -> data=0x0
PASS | Read RS1 | addr=0 -> data=0x0
PASS | Read RS2 | addr=0 -> data=0x0
PASS | Read RS1 | addr=5 -> data=0x9b00
PASS | Read RS2 | addr=0 -> data=0x0
PASS | Read RS1 | addr=3 -> data=0x5baa
PASS | Read RS2 | addr=3 -> data=0x5baa
PASS | Read RS1 | addr=3 -> data=0x5baa
PASS | Read RS2 | addr=5 -> data=0x9b00
PASS | Read RS1 | addr=4 -> data=0x8432
PASS | Read RS2 | addr=0 -> data=0x0
PASS | Read RS1 | addr=1 -> data=0xfb00
PASS | Read RS2 | addr=7 -> data=0x33b4
PASS | Read RS1 | addr=5 -> data=0x9b00
PASS | Read RS2 | addr=3 -> data=0x85cd
PASS | Read RS1 | addr=6 -> data=0x2681
PASS | Read RS2 | addr=2 -> data=0x877a
PASS | Read RS1 | addr=6 -> data=0x2681
PASS | Read RS2 | addr=3 -> data=0x85cd
PASS | Read RS1 | addr=4 -> data=0x8432
PASS | Read RS2 | addr=0 -> data=0x0
PASS | Read RS1 | addr=0 -> data=0x0
PASS | Read RS2 | addr=2 -> data=0x877a
PASS | Read RS1 | addr=1 -> data=0xfb00
PASS | Read RS2 | addr=6 -> data=0x2681
PASS | Read RS1 | addr=7 -> data=0x6c63
PASS | Read RS2 | addr=4 -> data=0x8432
PASS | Read RS1 | addr=2 -> data=0x877a
PASS | Read RS2 | addr=1 -> data=0xfb00
PASS | Read RS1 | addr=4 -> data=0x8432
PASS | Read RS2 | addr=0 -> data=0x0
PASS | Read RS1 | addr=4 -> data=0x8432
PASS | Read RS2 | addr=1 -> data=0x5e31
PASS | Read RS1 | addr=7 -> data=0xabb
PASS | Read RS2 | addr=1 -> data=0x5e31
PASS | Read RS1 | addr=7 -> data=0xabb
PASS | Read RS2 | addr=0 -> data=0x0
PASS | Read RS1 | addr=5 -> data=0x9b00
PASS | Read RS2 | addr=7 -> data=0xf39f
PASS | Read RS1 | addr=5 -> data=0x9b00
PASS | Read RS2 | addr=1 -> data=0x5e31
PASS | Read RS1 | addr=0 -> data=0x0
PASS | Read RS2 | addr=1 -> data=0x5e31
PASS | Read RS1 | addr=4 -> data=0x8432
PASS | Read RS2 | addr=6 -> data=0x2681
PASS | Read RS1 | addr=4 -> data=0x8432
PASS | Read RS2 | addr=6 -> data=0x2681
PASS | Read RS1 | addr=1 -> data=0x5e31
PASS | Read RS2 | addr=6 -> data=0x2681
PASS | Read RS1 | addr=4 -> data=0x8432
PASS | Read RS2 | addr=5 -> data=0xd6fb
PASS | Read RS1 | addr=1 -> data=0x5e31
PASS | Read RS2 | addr=6 -> data=0x2681
PASS | Read RS1 | addr=1 -> data=0x5e31
PASS | Read RS2 | addr=1 -> data=0x5e31
PASS | Read RS1 | addr=4 -> data=0x8432
PASS | Read RS2 | addr=2 -> data=0x877a
PASS | Read RS1 | addr=3 -> data=0x3104
PASS | Read RS2 | addr=6 -> data=0x2681
PASS | Read RS1 | addr=0 -> data=0x0
PASS | Read RS2 | addr=3 -> data=0x3104
PASS | Read RS1 | addr=3 -> data=0x3104
PASS | Read RS2 | addr=7 -> data=0x4995
PASS | Read RS1 | addr=5 -> data=0xd6fb
PASS | Read RS2 | addr=2 -> data=0x877a
PASS | Read RS1 | addr=6 -> data=0x2681
PASS | Read RS2 | addr=5 -> data=0xd6fb
PASS | Read RS1 | addr=2 -> data=0x877a
PASS | Read RS2 | addr=0 -> data=0x0
PASS | Read RS1 | addr=3 -> data=0x3104
PASS | Read RS2 | addr=6 -> data=0x2681
PASS | Read RS1 | addr=2 -> data=0x877a
PASS | Read RS2 | addr=5 -> data=0xd6fb
PASS | Read RS1 | addr=7 -> data=0x3419
PASS | Read RS2 | addr=6 -> data=0x2681
PASS | Read RS1 | addr=5 -> data=0xd6fb
PASS | Read RS2 | addr=5 -> data=0xd6fb
PASS | Read RS1 | addr=2 -> data=0x877a
PASS | Read RS2 | addr=6 -> data=0x2681
PASS | Read RS1 | addr=6 -> data=0x2681
PASS | Read RS2 | addr=3 -> data=0x3104
PASS | Read RS1 | addr=1 -> data=0x5e31
PASS | Read RS2 | addr=1 -> data=0x5e31
PASS | Read RS1 | addr=0 -> data=0x0
PASS | Read RS2 | addr=3 -> data=0x3104
PASS | Read RS1 | addr=4 -> data=0xf4f5
PASS | Read RS2 | addr=3 -> data=0x3104
PASS | Read RS1 | addr=6 -> data=0x2681
PASS | Read RS2 | addr=6 -> data=0x2681
PASS | Read RS1 | addr=4 -> data=0xf4f5
PASS | Read RS2 | addr=0 -> data=0x0
PASS | Read RS1 | addr=0 -> data=0x0
PASS | Read RS2 | addr=1 -> data=0x5e31
PASS | Read RS1 | addr=1 -> data=0x5e31
PASS | Read RS2 | addr=6 -> data=0x2681
PASS | Read RS1 | addr=6 -> data=0x2681
PASS | Read RS2 | addr=2 -> data=0x877a
PASS | Read RS1 | addr=3 -> data=0x3104
PASS | Read RS2 | addr=5 -> data=0xd6fb
PASS | Read RS1 | addr=7 -> data=0x7e08
PASS | Read RS2 | addr=2 -> data=0x877a
PASS | Read RS1 | addr=6 -> data=0x2681
PASS | Read RS2 | addr=2 -> data=0x877a
PASS | Read RS1 | addr=7 -> data=0x50a2
PASS | Read RS2 | addr=1 -> data=0x2b0b
PASS | Read RS1 | addr=5 -> data=0xd6fb
PASS | Read RS2 | addr=7 -> data=0x50a2
PASS | Read RS1 | addr=3 -> data=0x3104
PASS | Read RS2 | addr=2 -> data=0x1c47
PASS | Read RS1 | addr=4 -> data=0xf4f5
PASS | Read RS2 | addr=3 -> data=0x3104
PASS | Read RS1 | addr=7 -> data=0x5c55
PASS | Read RS2 | addr=6 -> data=0x9564
PASS | Read RS1 | addr=1 -> data=0x2b0b
PASS | Read RS2 | addr=3 -> data=0x3104
PASS | Read RS1 | addr=7 -> data=0xa01e
PASS | Read RS2 | addr=1 -> data=0x2b0b
PASS | Read RS1 | addr=5 -> data=0xd6fb
PASS | Read RS2 | addr=3 -> data=0x3104
PASS | Read RS1 | addr=7 -> data=0x9640
PASS | Read RS2 | addr=7 -> data=0x9640
PASS | Read RS1 | addr=4 -> data=0xf4f5
PASS | Read RS2 | addr=0 -> data=0x0
PASS | Read RS1 | addr=7 -> data=0x9640
PASS | Read RS2 | addr=4 -> data=0xca2e
PASS | Read RS1 | addr=0 -> data=0x0
PASS | Read RS2 | addr=3 -> data=0x3104
PASS | Read RS1 | addr=7 -> data=0x9640
PASS | Read RS2 | addr=5 -> data=0xd6fb
PASS | Read RS1 | addr=4 -> data=0xca2e
PASS | Read RS2 | addr=6 -> data=0x9564
PASS | Read RS1 | addr=6 -> data=0x9564
PASS | Read RS2 | addr=5 -> data=0xd6fb
PASS | Read RS1 | addr=7 -> data=0xe295
PASS | Read RS2 | addr=6 -> data=0x9564
PASS | Read RS1 | addr=0 -> data=0x0
PASS | Read RS2 | addr=3 -> data=0x3104
PASS | Read RS1 | addr=6 -> data=0x9564
PASS | Read RS2 | addr=5 -> data=0xd6fb
PASS | Read RS1 | addr=7 -> data=0xe295
PASS | Read RS2 | addr=3 -> data=0x3104
PASS | Read RS1 | addr=3 -> data=0x3104
PASS | Read RS2 | addr=3 -> data=0x3104
PASS | Read RS1 | addr=1 -> data=0x2b0b
PASS | Read RS2 | addr=4 -> data=0xca2e
PASS | Read RS1 | addr=4 -> data=0xca2e
PASS | Read RS2 | addr=4 -> data=0xca2e
PASS | Read RS1 | addr=2 -> data=0x5ad3
PASS | Read RS2 | addr=7 -> data=0x5a7b
PASS | Read RS1 | addr=2 -> data=0x5ad3
PASS | Read RS2 | addr=0 -> data=0x0
PASS | Read RS1 | addr=0 -> data=0x0
PASS | Read RS2 | addr=7 -> data=0x5a7b
PASS | Read RS1 | addr=2 -> data=0x5ad3
PASS | Read RS2 | addr=3 -> data=0x3104
PASS | Read RS1 | addr=0 -> data=0x0
PASS | Read RS2 | addr=0 -> data=0x0
PASS | Read RS1 | addr=5 -> data=0xd6fb
PASS | Read RS2 | addr=2 -> data=0x5ad3
PASS | Read RS1 | addr=5 -> data=0xd6fb
PASS | Read RS2 | addr=2 -> data=0x5ad3
PASS | Read RS1 | addr=6 -> data=0xb298
PASS | Read RS2 | addr=0 -> data=0x0
PASS | Read RS1 | addr=3 -> data=0x3104
PASS | Read RS2 | addr=1 -> data=0xda69
PASS | Read RS1 | addr=7 -> data=0xc41e
PASS | Read RS2 | addr=2 -> data=0x5ad3
PASS | Read RS1 | addr=3 -> data=0x3104
PASS | Read RS2 | addr=3 -> data=0x3104
PASS | Read RS1 | addr=7 -> data=0x90c
PASS | Read RS2 | addr=1 -> data=0xda69
PASS | Read RS1 | addr=0 -> data=0x0
PASS | Read RS2 | addr=6 -> data=0xb298
PASS | Read RS1 | addr=6 -> data=0xb298
PASS | Read RS2 | addr=0 -> data=0x0
PASS | Read RS1 | addr=4 -> data=0xca2e
PASS | Read RS2 | addr=3 -> data=0x3104
PASS | Read RS1 | addr=6 -> data=0xb298
PASS | Read RS2 | addr=1 -> data=0xda69
PASS | Read RS1 | addr=0 -> data=0x0
PASS | Read RS2 | addr=7 -> data=0x45c9
PASS | Read RS1 | addr=0 -> data=0x0
PASS | Read RS2 | addr=0 -> data=0x0
PASS | Read RS1 | addr=2 -> data=0x5ad3
PASS | Read RS2 | addr=2 -> data=0x5ad3
PASS | Read RS1 | addr=6 -> data=0xb298
PASS | Read RS2 | addr=5 -> data=0xd6fb
PASS | Read RS1 | addr=6 -> data=0xb298
PASS | Read RS2 | addr=7 -> data=0x45c9
PASS | Read RS1 | addr=1 -> data=0xb782
PASS | Read RS2 | addr=5 -> data=0xd6fb
PASS | Read RS1 | addr=0 -> data=0x0
PASS | Read RS2 | addr=4 -> data=0xca2e
PASS | Read RS1 | addr=1 -> data=0xb782
PASS | Read RS2 | addr=1 -> data=0xb782
PASS | Read RS1 | addr=5 -> data=0xd6fb
PASS | Read RS2 | addr=0 -> data=0x0
PASS | Read RS1 | addr=0 -> data=0x0
PASS | Read RS2 | addr=2 -> data=0x5ad3
PASS | Read RS1 | addr=3 -> data=0x8ce0
PASS | Read RS2 | addr=2 -> data=0x5ad3
PASS | Read RS1 | addr=2 -> data=0x5ad3
PASS | Read RS2 | addr=4 -> data=0xca2e
PASS | Read RS1 | addr=5 -> data=0xd6fb
PASS | Read RS2 | addr=2 -> data=0x5ad3
PASS | Read RS1 | addr=2 -> data=0x5ad3
PASS | Read RS2 | addr=1 -> data=0xb782
PASS | Read RS1 | addr=3 -> data=0x8ce0
PASS | Read RS2 | addr=0 -> data=0x0
PASS | Read RS1 | addr=7 -> data=0xf625
PASS | Read RS2 | addr=3 -> data=0xbe5a
PASS | Read RS1 | addr=6 -> data=0xb298
PASS | Read RS2 | addr=6 -> data=0xb298
PASS | Read RS1 | addr=4 -> data=0xb858
PASS | Read RS2 | addr=1 -> data=0xb782
PASS | Read RS1 | addr=4 -> data=0xb858
PASS | Read RS2 | addr=3 -> data=0xbe5a
PASS | Read RS1 | addr=0 -> data=0x0
PASS | Read RS2 | addr=3 -> data=0xbe5a
PASS | Read RS1 | addr=6 -> data=0xb298
PASS | Read RS2 | addr=2 -> data=0x5ad3
PASS | Read RS1 | addr=0 -> data=0x0
PASS | Read RS2 | addr=1 -> data=0x6e0a
PASS | Read RS1 | addr=5 -> data=0x42e8
PASS | Read RS2 | addr=4 -> data=0xb858
PASS | Read RS1 | addr=1 -> data=0x6e0a
PASS | Read RS2 | addr=1 -> data=0x6e0a
PASS | Read RS1 | addr=0 -> data=0x0
PASS | Read RS2 | addr=1 -> data=0x6e0a
PASS | Read RS1 | addr=3 -> data=0xbe5a
PASS | Read RS2 | addr=5 -> data=0x42e8
PASS | Read RS1 | addr=6 -> data=0xb298
PASS | Read RS2 | addr=4 -> data=0xb858
PASS | Read RS1 | addr=5 -> data=0x42e8
PASS | Read RS2 | addr=7 -> data=0xae13
PASS | Read RS1 | addr=6 -> data=0xb298
PASS | Read RS2 | addr=6 -> data=0xb298
PASS | Read RS1 | addr=1 -> data=0x6e0a
PASS | Read RS2 | addr=5 -> data=0x42e8
PASS | Read RS1 | addr=2 -> data=0x5ad3
PASS | Read RS2 | addr=1 -> data=0x6e0a
PASS | Read RS1 | addr=2 -> data=0x5ad3
PASS | Read RS2 | addr=7 -> data=0xae13
PASS | Read RS1 | addr=1 -> data=0x6e0a
PASS | Read RS2 | addr=1 -> data=0x6e0a
PASS | Read RS1 | addr=4 -> data=0xd3e8
PASS | Read RS2 | addr=0 -> data=0x0
PASS | Read RS1 | addr=0 -> data=0x0
PASS | Read RS2 | addr=5 -> data=0x42e8
PASS | Read RS1 | addr=1 -> data=0x6e0a
PASS | Read RS2 | addr=2 -> data=0x5ad3
PASS | Read RS1 | addr=2 -> data=0x5ad3
PASS | Read RS2 | addr=5 -> data=0x42e8
PASS | Read RS1 | addr=5 -> data=0x42e8
PASS | Read RS2 | addr=1 -> data=0x6e0a
PASS | Read RS1 | addr=4 -> data=0xd3e8
PASS | Read RS2 | addr=2 -> data=0x5ad3
PASS | Read RS1 | addr=6 -> data=0x951e
PASS | Read RS2 | addr=4 -> data=0xd3e8
PASS | Read RS1 | addr=4 -> data=0xd3e8
PASS | Read RS2 | addr=5 -> data=0x42e8
PASS | Read RS1 | addr=0 -> data=0x0
PASS | Read RS2 | addr=7 -> data=0x4014
PASS | Read RS1 | addr=7 -> data=0xe48a
PASS | Read RS2 | addr=3 -> data=0x5eeb
PASS | Read RS1 | addr=3 -> data=0x5eeb
PASS | Read RS2 | addr=2 -> data=0x5ad3
PASS | Read RS1 | addr=3 -> data=0x5eeb
PASS | Read RS2 | addr=7 -> data=0xe48a
PASS | Read RS1 | addr=0 -> data=0x0
PASS | Read RS2 | addr=5 -> data=0x42e8
PASS | Read RS1 | addr=2 -> data=0x5ad3
PASS | Read RS2 | addr=2 -> data=0x5ad3
PASS | Read RS1 | addr=2 -> data=0x5ad3
PASS | Read RS2 | addr=4 -> data=0xd5b6
PASS | Read RS1 | addr=7 -> data=0xd215
PASS | Read RS2 | addr=4 -> data=0xd5b6
PASS | Read RS1 | addr=3 -> data=0x5eeb
PASS | Read RS2 | addr=3 -> data=0x5eeb
PASS | Read RS1 | addr=5 -> data=0x42e8
PASS | Read RS2 | addr=5 -> data=0x42e8
PASS | Read RS1 | addr=7 -> data=0x570
PASS | Read RS2 | addr=7 -> data=0x570
PASS | Read RS1 | addr=7 -> data=0x570
PASS | Read RS2 | addr=2 -> data=0x5ad3
PASS | Read RS1 | addr=3 -> data=0x5eeb
PASS | Read RS2 | addr=2 -> data=0x5ad3
PASS | Read RS1 | addr=3 -> data=0x5eeb
PASS | Read RS2 | addr=2 -> data=0x5ad3
PASS | Read RS1 | addr=5 -> data=0x42e8
PASS | Read RS2 | addr=6 -> data=0x308b
PASS | Read RS1 | addr=2 -> data=0x5ad3
PASS | Read RS2 | addr=4 -> data=0xd5b6
PASS | Read RS1 | addr=0 -> data=0x0
PASS | Read RS2 | addr=1 -> data=0x6e0a
PASS | Read RS1 | addr=3 -> data=0x5eeb
PASS | Read RS2 | addr=6 -> data=0x308b
PASS | Read RS1 | addr=1 -> data=0x6e0a
PASS | Read RS2 | addr=6 -> data=0x308b
PASS | Read RS1 | addr=3 -> data=0x5eeb
PASS | Read RS2 | addr=4 -> data=0xd5b6
PASS | Read RS1 | addr=6 -> data=0x308b
PASS | Read RS2 | addr=0 -> data=0x0
PASS | Read RS1 | addr=7 -> data=0x1f62
PASS | Read RS2 | addr=1 -> data=0x6e0a
PASS | Read RS1 | addr=0 -> data=0x0
PASS | Read RS2 | addr=2 -> data=0x5ad3
PASS | Read RS1 | addr=7 -> data=0x1f62
PASS | Read RS2 | addr=2 -> data=0x5ad3
PASS | Read RS1 | addr=7 -> data=0x1f62
PASS | Read RS2 | addr=0 -> data=0x0
PASS | Read RS1 | addr=6 -> data=0x308b
PASS | Read RS2 | addr=4 -> data=0xb795
PASS | Read RS1 | addr=5 -> data=0x3029
PASS | Read RS2 | addr=7 -> data=0xfe1f
PASS | Read RS1 | addr=0 -> data=0x0
PASS | Read RS2 | addr=2 -> data=0x5ad3
PASS | Read RS1 | addr=6 -> data=0x308b
PASS | Read RS2 | addr=7 -> data=0x3eb7
PASS | Read RS1 | addr=0 -> data=0x0
PASS | Read RS2 | addr=2 -> data=0x5ad3
PASS | Read RS1 | addr=4 -> data=0xb795
PASS | Read RS2 | addr=7 -> data=0x3eb7
PASS | Read RS1 | addr=5 -> data=0x3029
PASS | Read RS2 | addr=6 -> data=0x308b
PASS | Read RS1 | addr=6 -> data=0x308b
PASS | Read RS2 | addr=5 -> data=0x91ad
PASS | Read RS1 | addr=0 -> data=0x0
PASS | Read RS2 | addr=3 -> data=0x5eeb
PASS | Read RS1 | addr=2 -> data=0x5ad3
PASS | Read RS2 | addr=5 -> data=0x91ad
PASS | Read RS1 | addr=5 -> data=0x91ad
PASS | Read RS2 | addr=3 -> data=0x5eeb
PASS | Read RS1 | addr=3 -> data=0x5eeb
PASS | Read RS2 | addr=6 -> data=0x308b
PASS | Read RS1 | addr=2 -> data=0x5ad3
PASS | Read RS2 | addr=4 -> data=0xb795
PASS | Read RS1 | addr=5 -> data=0x91ad
PASS | Read RS2 | addr=7 -> data=0x90b8
PASS | Read RS1 | addr=4 -> data=0xb795
PASS | Read RS2 | addr=2 -> data=0x5ad3
PASS | Read RS1 | addr=5 -> data=0x91ad
PASS | Read RS2 | addr=5 -> data=0x91ad
PASS | Read RS1 | addr=1 -> data=0x6e0a
PASS | Read RS2 | addr=7 -> data=0x5a7c
PASS | Read RS1 | addr=1 -> data=0x6e0a
PASS | Read RS2 | addr=6 -> data=0x308b
PASS | Read RS1 | addr=0 -> data=0x0
PASS | Read RS2 | addr=1 -> data=0x6e0a
PASS | Read RS1 | addr=7 -> data=0x5a7c
PASS | Read RS2 | addr=5 -> data=0x91ad
PASS | Read RS1 | addr=2 -> data=0x5ad3
PASS | Read RS2 | addr=6 -> data=0x308b
PASS | Read RS1 | addr=1 -> data=0x6e0a
PASS | Read RS2 | addr=5 -> data=0x91ad
PASS | Read RS1 | addr=7 -> data=0x5a7c
PASS | Read RS2 | addr=3 -> data=0x5eeb
PASS | Read RS1 | addr=1 -> data=0x6e0a
PASS | Read RS2 | addr=4 -> data=0xb795
PASS | Read RS1 | addr=0 -> data=0x0
PASS | Read RS2 | addr=2 -> data=0x5ad3
PASS | Read RS1 | addr=3 -> data=0x5eeb
PASS | Read RS2 | addr=6 -> data=0x308b
PASS | Read RS1 | addr=2 -> data=0x5ad3
PASS | Read RS2 | addr=2 -> data=0x5ad3
PASS | Read RS1 | addr=6 -> data=0x308b
PASS | Read RS2 | addr=7 -> data=0x48c9
PASS | Read RS1 | addr=7 -> data=0x8d1
PASS | Read RS2 | addr=7 -> data=0x8d1
PASS | Read RS1 | addr=6 -> data=0x308b
PASS | Read RS2 | addr=1 -> data=0x6e0a
PASS | Read RS1 | addr=6 -> data=0x308b
PASS | Read RS2 | addr=6 -> data=0x308b
PASS | Read RS1 | addr=3 -> data=0xfcb8
PASS | Read RS2 | addr=0 -> data=0x0
PASS | Read RS1 | addr=0 -> data=0x0
PASS | Read RS2 | addr=0 -> data=0x0
PASS | Read RS1 | addr=3 -> data=0xfcb8
PASS | Read RS2 | addr=2 -> data=0x5ad3
PASS | Read RS1 | addr=3 -> data=0xfcb8
PASS | Read RS2 | addr=1 -> data=0x51d7
PASS | Read RS1 | addr=3 -> data=0xfcb8
PASS | Read RS2 | addr=6 -> data=0x308b
PASS | Read RS1 | addr=0 -> data=0x0
PASS | Read RS2 | addr=6 -> data=0x308b
PASS | Read RS1 | addr=3 -> data=0xfcb8
PASS | Read RS2 | addr=0 -> data=0x0
PASS | Read RS1 | addr=0 -> data=0x0
PASS | Read RS2 | addr=5 -> data=0x91ad
PASS | Read RS1 | addr=2 -> data=0x5ad3
PASS | Read RS2 | addr=1 -> data=0x51d7
PASS | Read RS1 | addr=2 -> data=0x5ad3
PASS | Read RS2 | addr=3 -> data=0xfcb8
PASS | Read RS1 | addr=7 -> data=0x9e45
PASS | Read RS2 | addr=3 -> data=0xfcb8
PASS | Read RS1 | addr=0 -> data=0x0
PASS | Read RS2 | addr=0 -> data=0x0
PASS | Read RS1 | addr=5 -> data=0x91ad
PASS | Read RS2 | addr=3 -> data=0xd959
PASS | Read RS1 | addr=0 -> data=0x0
PASS | Read RS2 | addr=1 -> data=0x51d7
PASS | Read RS1 | addr=2 -> data=0x5ad3
PASS | Read RS2 | addr=0 -> data=0x0
PASS | Read RS1 | addr=1 -> data=0x51d7
PASS | Read RS2 | addr=3 -> data=0xd959
PASS | Read RS1 | addr=5 -> data=0x91ad
PASS | Read RS2 | addr=6 -> data=0x308b
PASS | Read RS1 | addr=4 -> data=0x8769
PASS | Read RS2 | addr=4 -> data=0x8769
PASS | Read RS1 | addr=4 -> data=0x8769
PASS | Read RS2 | addr=7 -> data=0x10d8
PASS | Read RS1 | addr=5 -> data=0x91ad
PASS | Read RS2 | addr=3 -> data=0xd959
PASS | Read RS1 | addr=4 -> data=0x8769
PASS | Read RS2 | addr=6 -> data=0x308b
PASS | Read RS1 | addr=0 -> data=0x0
PASS | Read RS2 | addr=4 -> data=0x8769
PASS | Read RS1 | addr=7 -> data=0x20f5
PASS | Read RS2 | addr=5 -> data=0x91ad
PASS | Read RS1 | addr=2 -> data=0x5ad3
PASS | Read RS2 | addr=2 -> data=0x5ad3
PASS | Read RS1 | addr=4 -> data=0xeadd
PASS | Read RS2 | addr=6 -> data=0x308b
PASS | Read RS1 | addr=2 -> data=0x5ad3
PASS | Read RS2 | addr=4 -> data=0xeadd
PASS | Read RS1 | addr=3 -> data=0xd959
PASS | Read RS2 | addr=5 -> data=0x91ad
PASS | Read RS1 | addr=0 -> data=0x0
PASS | Read RS2 | addr=3 -> data=0xd959
PASS | Read RS1 | addr=1 -> data=0x51d7
PASS | Read RS2 | addr=1 -> data=0x51d7
PASS | Read RS1 | addr=7 -> data=0x8707
PASS | Read RS2 | addr=5 -> data=0x91ad
PASS | Read RS1 | addr=5 -> data=0x91ad
PASS | Read RS2 | addr=3 -> data=0xd959
PASS | Read RS1 | addr=2 -> data=0x5ad3
PASS | Read RS2 | addr=5 -> data=0x91ad
PASS | Read RS1 | addr=0 -> data=0x0
PASS | Read RS2 | addr=5 -> data=0x91ad
PASS | Read RS1 | addr=4 -> data=0xeadd
PASS | Read RS2 | addr=5 -> data=0x91ad
PASS | Read RS1 | addr=4 -> data=0xeadd
PASS | Read RS2 | addr=1 -> data=0x51d7
PASS | Read RS1 | addr=0 -> data=0x0
PASS | Read RS2 | addr=2 -> data=0x5ad3
PASS | Read RS1 | addr=6 -> data=0x308b
PASS | Read RS2 | addr=2 -> data=0x5ad3
PASS | Read RS1 | addr=1 -> data=0x51d7
PASS | Read RS2 | addr=0 -> data=0x0
PASS | Read RS1 | addr=3 -> data=0xd959
PASS | Read RS2 | addr=5 -> data=0x91ad
PASS | Read RS1 | addr=7 -> data=0xa01f
PASS | Read RS2 | addr=4 -> data=0xeadd
PASS | Read RS1 | addr=6 -> data=0x308b
PASS | Read RS2 | addr=3 -> data=0xd959
PASS | Read RS1 | addr=3 -> data=0xd959
PASS | Read RS2 | addr=6 -> data=0x308b
PASS | Read RS1 | addr=2 -> data=0x5ad3
PASS | Read RS2 | addr=4 -> data=0xeadd
PASS | Read RS1 | addr=1 -> data=0x7a74
PASS | Read RS2 | addr=2 -> data=0x5ad3
PASS | Read RS1 | addr=7 -> data=0x5262
PASS | Read RS2 | addr=2 -> data=0x5ad3
PASS | Read RS1 | addr=7 -> data=0x5262
PASS | Read RS2 | addr=2 -> data=0x5ad3
PASS | Read RS1 | addr=1 -> data=0x7a74
PASS | Read RS2 | addr=0 -> data=0x0
PASS | Read RS1 | addr=1 -> data=0x7a74
PASS | Read RS2 | addr=1 -> data=0x7a74
PASS | Read RS1 | addr=2 -> data=0x5ad3
PASS | Read RS2 | addr=3 -> data=0xd959
PASS | Read RS1 | addr=2 -> data=0x5ad3
PASS | Read RS2 | addr=7 -> data=0x8892
PASS | Read RS1 | addr=2 -> data=0x5ad3
PASS | Read RS2 | addr=7 -> data=0x8892
PASS | Read RS1 | addr=2 -> data=0x5ad3
PASS | Read RS2 | addr=1 -> data=0x7a74
PASS | Read RS1 | addr=3 -> data=0xd959
PASS | Read RS2 | addr=6 -> data=0x308b
PASS | Read RS1 | addr=1 -> data=0x7a74
PASS | Read RS2 | addr=5 -> data=0x667e
PASS | Read RS1 | addr=6 -> data=0x308b
PASS | Read RS2 | addr=4 -> data=0x7e31
PASS | Read RS1 | addr=0 -> data=0x0
PASS | Read RS2 | addr=3 -> data=0xd959
PASS | Read RS1 | addr=3 -> data=0xd959
PASS | Read RS2 | addr=4 -> data=0x7e31
PASS | Read RS1 | addr=4 -> data=0x7e31
PASS | Read RS2 | addr=6 -> data=0x308b
PASS | Read RS1 | addr=2 -> data=0x5ad3
PASS | Read RS2 | addr=1 -> data=0x7a74
PASS | Read RS1 | addr=2 -> data=0x5ad3
PASS | Read RS2 | addr=2 -> data=0x5ad3
PASS | Read RS1 | addr=0 -> data=0x0
PASS | Read RS2 | addr=5 -> data=0x667e
PASS | Read RS1 | addr=3 -> data=0xd959
PASS | Read RS2 | addr=5 -> data=0x667e
PASS | Read RS1 | addr=7 -> data=0xc1f
PASS | Read RS2 | addr=6 -> data=0x308b
PASS | Read RS1 | addr=1 -> data=0xc431
PASS | Read RS2 | addr=3 -> data=0xd959
PASS | Read RS1 | addr=7 -> data=0xc1f
PASS | Read RS2 | addr=7 -> data=0xc1f
PASS | Read RS1 | addr=6 -> data=0x308b
PASS | Read RS2 | addr=4 -> data=0x7e31
PASS | Read RS1 | addr=0 -> data=0x0
PASS | Read RS2 | addr=4 -> data=0x7e31
PASS | Read RS1 | addr=4 -> data=0x7e31
PASS | Read RS2 | addr=2 -> data=0x5ad3
PASS | Read RS1 | addr=6 -> data=0x308b
PASS | Read RS2 | addr=4 -> data=0x7e31
PASS | Read RS1 | addr=7 -> data=0xc9a6
PASS | Read RS2 | addr=4 -> data=0x7e31
PASS | Read RS1 | addr=6 -> data=0x308b
PASS | Read RS2 | addr=5 -> data=0x667e
PASS | Read RS1 | addr=7 -> data=0xc9a6
PASS | Read RS2 | addr=0 -> data=0x0
PASS | Read RS1 | addr=2 -> data=0x5ad3
PASS | Read RS2 | addr=1 -> data=0xc431
PASS | Read RS1 | addr=7 -> data=0xfa5b
PASS | Read RS2 | addr=6 -> data=0x308b
PASS | Read RS1 | addr=5 -> data=0x667e
PASS | Read RS2 | addr=5 -> data=0x667e
PASS | Read RS1 | addr=3 -> data=0xd959
PASS | Read RS2 | addr=2 -> data=0x5ad3
PASS | Read RS1 | addr=1 -> data=0xc431
PASS | Read RS2 | addr=2 -> data=0x5ad3
PASS | Read RS1 | addr=5 -> data=0x667e
PASS | Read RS2 | addr=3 -> data=0xd959
PASS | Read RS1 | addr=1 -> data=0xc431
PASS | Read RS2 | addr=4 -> data=0x8e1f
PASS | Read RS1 | addr=1 -> data=0xc431
PASS | Read RS2 | addr=0 -> data=0x0
PASS | Read RS1 | addr=5 -> data=0x667e
PASS | Read RS2 | addr=5 -> data=0x667e
PASS | Read RS1 | addr=1 -> data=0xc431
PASS | Read RS2 | addr=1 -> data=0xc431
PASS | Read RS1 | addr=4 -> data=0x8e1f
PASS | Read RS2 | addr=5 -> data=0x667e
PASS | Read RS1 | addr=4 -> data=0x8e1f
PASS | Read RS2 | addr=7 -> data=0xc27b
PASS | Read RS1 | addr=4 -> data=0x8e1f
PASS | Read RS2 | addr=1 -> data=0xc431
PASS | Read RS1 | addr=1 -> data=0xc431
PASS | Read RS2 | addr=5 -> data=0x667e
PASS | Read RS1 | addr=0 -> data=0x0
PASS | Read RS2 | addr=2 -> data=0x5ad3
PASS | Read RS1 | addr=6 -> data=0xa43a
PASS | Read RS2 | addr=1 -> data=0xc431
PASS | Read RS1 | addr=6 -> data=0xa43a
PASS | Read RS2 | addr=5 -> data=0x667e
PASS | Read RS1 | addr=2 -> data=0x7c27
PASS | Read RS2 | addr=3 -> data=0xd959
PASS | Read RS1 | addr=0 -> data=0x0
PASS | Read RS2 | addr=0 -> data=0x0
PASS | Read RS1 | addr=4 -> data=0x8e1f
PASS | Read RS2 | addr=0 -> data=0x0
PASS | Read RS1 | addr=3 -> data=0xd959
PASS | Read RS2 | addr=0 -> data=0x0
PASS | Read RS1 | addr=7 -> data=0x3f2a
PASS | Read RS2 | addr=2 -> data=0x7c27
PASS | Read RS1 | addr=3 -> data=0xd959
PASS | Read RS2 | addr=0 -> data=0x0
PASS | Read RS1 | addr=7 -> data=0x3f2a
PASS | Read RS2 | addr=3 -> data=0xd959
PASS | Read RS1 | addr=1 -> data=0xc431
PASS | Read RS2 | addr=3 -> data=0xd959
PASS | Read RS1 | addr=2 -> data=0xd99b
PASS | Read RS2 | addr=0 -> data=0x0
PASS | Read RS1 | addr=7 -> data=0xaeb8
PASS | Read RS2 | addr=7 -> data=0xaeb8
PASS | Read RS1 | addr=4 -> data=0x8e1f
PASS | Read RS2 | addr=2 -> data=0xd99b
PASS | Read RS1 | addr=5 -> data=0x667e
PASS | Read RS2 | addr=1 -> data=0xc431
PASS | Read RS1 | addr=7 -> data=0x215
PASS | Read RS2 | addr=2 -> data=0xd99b
PASS | Read RS1 | addr=3 -> data=0xd959
PASS | Read RS2 | addr=6 -> data=0xa43a
PASS | Read RS1 | addr=5 -> data=0x667e
PASS | Read RS2 | addr=1 -> data=0xc431
PASS | Read RS1 | addr=6 -> data=0xa43a
PASS | Read RS2 | addr=1 -> data=0xc431
PASS | Read RS1 | addr=2 -> data=0xd99b
PASS | Read RS2 | addr=5 -> data=0x667e
PASS | Read RS1 | addr=7 -> data=0x4d7e
PASS | Read RS2 | addr=5 -> data=0x667e
PASS | Read RS1 | addr=3 -> data=0xd959
PASS | Read RS2 | addr=3 -> data=0xd959
PASS | Read RS1 | addr=3 -> data=0xd959
PASS | Read RS2 | addr=1 -> data=0xc431
PASS | Read RS1 | addr=5 -> data=0x667e
PASS | Read RS2 | addr=6 -> data=0xa43a
PASS | Read RS1 | addr=5 -> data=0x667e
PASS | Read RS2 | addr=2 -> data=0xd99b
PASS | Read RS1 | addr=7 -> data=0xbec8
PASS | Read RS2 | addr=1 -> data=0xc431
PASS | Read RS1 | addr=7 -> data=0xbec8
PASS | Read RS2 | addr=0 -> data=0x0
PASS | Read RS1 | addr=3 -> data=0xd959
PASS | Read RS2 | addr=6 -> data=0xa43a
PASS | Read RS1 | addr=1 -> data=0x47e7
PASS | Read RS2 | addr=7 -> data=0xbec8
PASS | Read RS1 | addr=0 -> data=0x0
PASS | Read RS2 | addr=7 -> data=0xbec8
PASS | Read RS1 | addr=7 -> data=0x3715
PASS | Read RS2 | addr=0 -> data=0x0
PASS | Read RS1 | addr=6 -> data=0xa43a
PASS | Read RS2 | addr=5 -> data=0x667e
PASS | Read RS1 | addr=5 -> data=0x667e
PASS | Read RS2 | addr=3 -> data=0xd959
PASS | Read RS1 | addr=7 -> data=0x3715
PASS | Read RS2 | addr=6 -> data=0xa43a
PASS | Read RS1 | addr=5 -> data=0x9d04
PASS | Read RS2 | addr=0 -> data=0x0
PASS | Read RS1 | addr=3 -> data=0xd959
PASS | Read RS2 | addr=5 -> data=0x9d04
PASS | Read RS1 | addr=6 -> data=0xa43a
PASS | Read RS2 | addr=2 -> data=0x358c
PASS | Read RS1 | addr=2 -> data=0x358c
PASS | Read RS2 | addr=1 -> data=0x47e7
PASS | Read RS1 | addr=2 -> data=0x358c
PASS | Read RS2 | addr=2 -> data=0x358c
PASS | Read RS1 | addr=1 -> data=0x47e7
PASS | Read RS2 | addr=6 -> data=0xa43a
PASS | Read RS1 | addr=2 -> data=0x358c
PASS | Read RS2 | addr=1 -> data=0x47e7
PASS | Read RS1 | addr=7 -> data=0xbbd8
PASS | Read RS2 | addr=6 -> data=0xa43a
PASS | Read RS1 | addr=5 -> data=0x9d04
PASS | Read RS2 | addr=1 -> data=0x5769
PASS | Read RS1 | addr=5 -> data=0x9d04
PASS | Read RS2 | addr=4 -> data=0xa901
PASS | Read RS1 | addr=2 -> data=0x358c
PASS | Read RS2 | addr=3 -> data=0xd959
PASS | Read RS1 | addr=3 -> data=0xd959
PASS | Read RS2 | addr=6 -> data=0xa43a
PASS | Read RS1 | addr=3 -> data=0xd959
PASS | Read RS2 | addr=1 -> data=0x5769
PASS | Read RS1 | addr=5 -> data=0x9d04
PASS | Read RS2 | addr=7 -> data=0x642f
PASS | Read RS1 | addr=3 -> data=0xd959
PASS | Read RS2 | addr=6 -> data=0xa43a
PASS | Read RS1 | addr=6 -> data=0xa43a
PASS | Read RS2 | addr=2 -> data=0x358c
PASS | Read RS1 | addr=3 -> data=0xd959
PASS | Read RS2 | addr=3 -> data=0xd959
PASS | Read RS1 | addr=1 -> data=0x5769
PASS | Read RS2 | addr=7 -> data=0x845e
PASS | Read RS1 | addr=2 -> data=0x358c
PASS | Read RS2 | addr=2 -> data=0x358c
PASS | Read RS1 | addr=7 -> data=0x845e
PASS | Read RS2 | addr=0 -> data=0x0
PASS | Read RS1 | addr=7 -> data=0x76a7
PASS | Read RS2 | addr=5 -> data=0x9d04
PASS | Read RS1 | addr=5 -> data=0x9d04
PASS | Read RS2 | addr=6 -> data=0xa43a
PASS | Read RS1 | addr=3 -> data=0x44ba
PASS | Read RS2 | addr=2 -> data=0x55a1
PASS | Read RS1 | addr=6 -> data=0xa43a
PASS | Read RS2 | addr=6 -> data=0xa43a
PASS | Read RS1 | addr=0 -> data=0x0
PASS | Read RS2 | addr=3 -> data=0x44ba
PASS | Read RS1 | addr=7 -> data=0x76a7
PASS | Read RS2 | addr=7 -> data=0x76a7
PASS | Read RS1 | addr=3 -> data=0x44ba
PASS | Read RS2 | addr=5 -> data=0xc65a
PASS | Read RS1 | addr=1 -> data=0x3469
PASS | Read RS2 | addr=2 -> data=0x55a1
PASS | Read RS1 | addr=5 -> data=0xc65a
PASS | Read RS2 | addr=0 -> data=0x0
PASS | Read RS1 | addr=3 -> data=0x44ba
PASS | Read RS2 | addr=1 -> data=0x3469
PASS | Read RS1 | addr=5 -> data=0xc65a
PASS | Read RS2 | addr=0 -> data=0x0
PASS | Read RS1 | addr=1 -> data=0x3469
PASS | Read RS2 | addr=5 -> data=0xc65a
PASS | Read RS1 | addr=2 -> data=0x55a1
PASS | Read RS2 | addr=3 -> data=0x44ba
PASS | Read RS1 | addr=1 -> data=0x3469
PASS | Read RS2 | addr=6 -> data=0xa43a
PASS | Read RS1 | addr=5 -> data=0xc65a
PASS | Read RS2 | addr=5 -> data=0xc65a
PASS | Read RS1 | addr=2 -> data=0x63c1
PASS | Read RS2 | addr=7 -> data=0x8979
PASS | Read RS1 | addr=7 -> data=0x8979
PASS | Read RS2 | addr=1 -> data=0x3469
PASS | Read RS1 | addr=4 -> data=0x440a
PASS | Read RS2 | addr=4 -> data=0x440a
PASS | Read RS1 | addr=4 -> data=0x440a
PASS | Read RS2 | addr=6 -> data=0xa43a
PASS | Read RS1 | addr=0 -> data=0x0
PASS | Read RS2 | addr=7 -> data=0x6f24
PASS | Read RS1 | addr=4 -> data=0x440a
PASS | Read RS2 | addr=6 -> data=0xa43a
PASS | Read RS1 | addr=2 -> data=0xfd3b
PASS | Read RS2 | addr=2 -> data=0xfd3b
PASS | Read RS1 | addr=2 -> data=0xfd3b
PASS | Read RS2 | addr=5 -> data=0xc65a
PASS | Read RS1 | addr=6 -> data=0xa43a
PASS | Read RS2 | addr=7 -> data=0x6f24
PASS | Read RS1 | addr=0 -> data=0x0
PASS | Read RS2 | addr=0 -> data=0x0
PASS | Read RS1 | addr=6 -> data=0xa43a
PASS | Read RS2 | addr=4 -> data=0x440a
PASS | Read RS1 | addr=7 -> data=0x6f24
PASS | Read RS2 | addr=5 -> data=0xc65a
PASS | Read RS1 | addr=5 -> data=0xc65a
PASS | Read RS2 | addr=6 -> data=0xa43a
PASS | Read RS1 | addr=2 -> data=0xfd3b
PASS | Read RS2 | addr=3 -> data=0x44ba
PASS | Read RS1 | addr=0 -> data=0x0
PASS | Read RS2 | addr=6 -> data=0xa43a
PASS | Read RS1 | addr=5 -> data=0xc65a
PASS | Read RS2 | addr=4 -> data=0x440a
PASS | Read RS1 | addr=2 -> data=0xfd3b
PASS | Read RS2 | addr=3 -> data=0x44ba
PASS | Read RS1 | addr=3 -> data=0x44ba
PASS | Read RS2 | addr=6 -> data=0xa43a
PASS | Read RS1 | addr=1 -> data=0x3469
PASS | Read RS2 | addr=5 -> data=0xc65a
PASS | Read RS1 | addr=6 -> data=0xa43a
PASS | Read RS2 | addr=2 -> data=0xfd3b
PASS | Read RS1 | addr=3 -> data=0x44ba
PASS | Read RS2 | addr=4 -> data=0x440a
PASS | Read RS1 | addr=0 -> data=0x0
PASS | Read RS2 | addr=6 -> data=0xa43a
PASS | Read RS1 | addr=0 -> data=0x0
PASS | Read RS2 | addr=1 -> data=0x3469
PASS | Read RS1 | addr=1 -> data=0x3469
PASS | Read RS2 | addr=5 -> data=0x441
PASS | Read RS1 | addr=5 -> data=0x441
PASS | Read RS2 | addr=5 -> data=0x441
PASS | Read RS1 | addr=7 -> data=0x57bc
PASS | Read RS2 | addr=7 -> data=0x57bc
PASS | Read RS1 | addr=4 -> data=0x440a
PASS | Read RS2 | addr=2 -> data=0xfd3b
PASS | Read RS1 | addr=1 -> data=0x3469
PASS | Read RS2 | addr=7 -> data=0x57bc
PASS | Read RS1 | addr=1 -> data=0x3469
PASS | Read RS2 | addr=7 -> data=0x57bc
PASS | Read RS1 | addr=4 -> data=0x440a
PASS | Read RS2 | addr=5 -> data=0x441
PASS | Read RS1 | addr=3 -> data=0x44ba
PASS | Read RS2 | addr=1 -> data=0x3469
PASS | Read RS1 | addr=5 -> data=0x441
PASS | Read RS2 | addr=7 -> data=0x3b3f
PASS | Read RS1 | addr=7 -> data=0x6881
PASS | Read RS2 | addr=4 -> data=0x45c7
PASS | Read RS1 | addr=2 -> data=0xfd3b
PASS | Read RS2 | addr=4 -> data=0x45c7
PASS | Read RS1 | addr=5 -> data=0x441
PASS | Read RS2 | addr=6 -> data=0xa43a
PASS | Read RS1 | addr=2 -> data=0xc321
PASS | Read RS2 | addr=6 -> data=0xa43a
PASS | Read RS1 | addr=4 -> data=0x45c7
PASS | Read RS2 | addr=1 -> data=0x3469
PASS | Read RS1 | addr=7 -> data=0x48d2
PASS | Read RS2 | addr=1 -> data=0x3469
PASS | Read RS1 | addr=0 -> data=0x0
PASS | Read RS2 | addr=5 -> data=0xcd82
PASS | Read RS1 | addr=7 -> data=0xfef1
PASS | Read RS2 | addr=3 -> data=0x44ba
PASS | Read RS1 | addr=2 -> data=0xc321
PASS | Read RS2 | addr=0 -> data=0x0
PASS | Read RS1 | addr=5 -> data=0xcd82
PASS | Read RS2 | addr=7 -> data=0xc87d
PASS | Read RS1 | addr=6 -> data=0xfed6
PASS | Read RS2 | addr=4 -> data=0x45c7
PASS | Read RS1 | addr=7 -> data=0xc87d
PASS | Read RS2 | addr=0 -> data=0x0
PASS | Read RS1 | addr=7 -> data=0xc87d
PASS | Read RS2 | addr=0 -> data=0x0
PASS | Read RS1 | addr=2 -> data=0xc321
PASS | Read RS2 | addr=1 -> data=0x3469
PASS | Read RS1 | addr=5 -> data=0xcd82
PASS | Read RS2 | addr=4 -> data=0x45c7
PASS | Read RS1 | addr=1 -> data=0x3469
PASS | Read RS2 | addr=0 -> data=0x0
PASS | Read RS1 | addr=0 -> data=0x0
PASS | Read RS2 | addr=7 -> data=0xc1f9
PASS | Read RS1 | addr=2 -> data=0xc321
PASS | Read RS2 | addr=2 -> data=0xc321
PASS | Read RS1 | addr=5 -> data=0x8bbf
PASS | Read RS2 | addr=5 -> data=0x8bbf
PASS | Read RS1 | addr=4 -> data=0x1c5c
PASS | Read RS2 | addr=0 -> data=0x0
PASS | Read RS1 | addr=2 -> data=0xc321
PASS | Read RS2 | addr=3 -> data=0x9c41
PASS | Read RS1 | addr=0 -> data=0x0
PASS | Read RS2 | addr=6 -> data=0xfed6
PASS | Read RS1 | addr=3 -> data=0x9c41
PASS | Read RS2 | addr=4 -> data=0x1c5c
PASS | Read RS1 | addr=4 -> data=0x1c5c
PASS | Read RS2 | addr=5 -> data=0x8bbf
PASS | Read RS1 | addr=0 -> data=0x0
PASS | Read RS2 | addr=1 -> data=0x3469
PASS | Read RS1 | addr=4 -> data=0x1c5c
PASS | Read RS2 | addr=5 -> data=0x8bbf
PASS | Read RS1 | addr=0 -> data=0x0
PASS | Read RS2 | addr=4 -> data=0x1c5c
PASS | Read RS1 | addr=1 -> data=0x3469
PASS | Read RS2 | addr=5 -> data=0x8bbf
PASS | Read RS1 | addr=2 -> data=0xc321
PASS | Read RS2 | addr=1 -> data=0x3469
PASS | Read RS1 | addr=5 -> data=0x8bbf
PASS | Read RS2 | addr=3 -> data=0x7caf
PASS | Read RS1 | addr=3 -> data=0x7caf
PASS | Read RS2 | addr=0 -> data=0x0
PASS | Read RS1 | addr=6 -> data=0xa194
PASS | Read RS2 | addr=7 -> data=0xabe6
PASS | Read RS1 | addr=6 -> data=0xa194
PASS | Read RS2 | addr=3 -> data=0x7caf
PASS | Read RS1 | addr=2 -> data=0xcab7
PASS | Read RS2 | addr=0 -> data=0x0
PASS | Read RS1 | addr=1 -> data=0x3469
PASS | Read RS2 | addr=7 -> data=0xd0e6
PASS | Read RS1 | addr=5 -> data=0x8bbf
PASS | Read RS2 | addr=0 -> data=0x0
PASS | Read RS1 | addr=1 -> data=0x3469
PASS | Read RS2 | addr=6 -> data=0xa194
PASS | Read RS1 | addr=6 -> data=0xa194
PASS | Read RS2 | addr=2 -> data=0xcab7
PASS | Read RS1 | addr=2 -> data=0xcab7
PASS | Read RS2 | addr=7 -> data=0xacc2
PASS | Read RS1 | addr=1 -> data=0xd92b
PASS | Read RS2 | addr=6 -> data=0xa194
PASS | Read RS1 | addr=3 -> data=0x7caf
PASS | Read RS2 | addr=3 -> data=0x7caf
PASS | Read RS1 | addr=2 -> data=0xcab7
PASS | Read RS2 | addr=4 -> data=0x1c5c
PASS | Read RS1 | addr=2 -> data=0xcab7
PASS | Read RS2 | addr=2 -> data=0xcab7
PASS | Read RS1 | addr=4 -> data=0x1c5c
PASS | Read RS2 | addr=7 -> data=0xf58e
PASS | Read RS1 | addr=1 -> data=0xd92b
PASS | Read RS2 | addr=2 -> data=0xcab7
PASS | Read RS1 | addr=5 -> data=0x8bbf
PASS | Read RS2 | addr=4 -> data=0x1c5c
PASS | Read RS1 | addr=2 -> data=0xcab7
PASS | Read RS2 | addr=4 -> data=0x1c5c
PASS | Read RS1 | addr=7 -> data=0xd6dc
PASS | Read RS2 | addr=5 -> data=0x8bbf
PASS | Read RS1 | addr=7 -> data=0xd6dc
PASS | Read RS2 | addr=6 -> data=0xa194
PASS | Read RS1 | addr=3 -> data=0x7caf
PASS | Read RS2 | addr=6 -> data=0xa194
PASS | Read RS1 | addr=6 -> data=0xa194
PASS | Read RS2 | addr=2 -> data=0xcab7
PASS | Read RS1 | addr=0 -> data=0x0
PASS | Read RS2 | addr=4 -> data=0x1c5c
PASS | Read RS1 | addr=0 -> data=0x0
PASS | Read RS2 | addr=7 -> data=0x17f4
PASS | Read RS1 | addr=0 -> data=0x0
PASS | Read RS2 | addr=2 -> data=0xcab7
PASS | Read RS1 | addr=4 -> data=0x1c5c
PASS | Read RS2 | addr=3 -> data=0x7caf
PASS | Read RS1 | addr=6 -> data=0xa194
PASS | Read RS2 | addr=3 -> data=0x7caf
PASS | Read RS1 | addr=7 -> data=0x6ed8
PASS | Read RS2 | addr=1 -> data=0xd92b
PASS | Read RS1 | addr=7 -> data=0x6ed8
PASS | Read RS2 | addr=0 -> data=0x0
PASS | Read RS1 | addr=1 -> data=0xd92b
PASS | Read RS2 | addr=0 -> data=0x0
PASS | Read RS1 | addr=6 -> data=0xa194
PASS | Read RS2 | addr=2 -> data=0xcab7
PASS | Read RS1 | addr=0 -> data=0x0
PASS | Read RS2 | addr=3 -> data=0x7caf
PASS | Read RS1 | addr=4 -> data=0x9327
PASS | Read RS2 | addr=6 -> data=0xa194
PASS | Read RS1 | addr=7 -> data=0x66ce
PASS | Read RS2 | addr=7 -> data=0x66ce
PASS | Read RS1 | addr=0 -> data=0x0
PASS | Read RS2 | addr=3 -> data=0xff3
PASS | Read RS1 | addr=4 -> data=0x9327
PASS | Read RS2 | addr=7 -> data=0xa27b
PASS | Read RS1 | addr=2 -> data=0xcab7
PASS | Read RS2 | addr=5 -> data=0x8bbf
PASS | Read RS1 | addr=5 -> data=0x8bbf
PASS | Read RS2 | addr=2 -> data=0xcab7
PASS | Read RS1 | addr=5 -> data=0x8bbf
PASS | Read RS2 | addr=2 -> data=0xcab7
PASS | Read RS1 | addr=4 -> data=0x9327
PASS | Read RS2 | addr=1 -> data=0x37de
PASS | Read RS1 | addr=2 -> data=0xcab7
PASS | Read RS2 | addr=5 -> data=0x8bbf
PASS | Read RS1 | addr=4 -> data=0x9327
PASS | Read RS2 | addr=3 -> data=0xf265
PASS | Read RS1 | addr=2 -> data=0xcab7
PASS | Read RS2 | addr=2 -> data=0xcab7
PASS | Read RS1 | addr=6 -> data=0xa194
PASS | Read RS2 | addr=4 -> data=0x9327
PASS | Read RS1 | addr=7 -> data=0xa27b
PASS | Read RS2 | addr=5 -> data=0x8bbf
PASS | Read RS1 | addr=6 -> data=0xa194
PASS | Read RS2 | addr=7 -> data=0xa27b
PASS | Read RS1 | addr=5 -> data=0x8bbf
PASS | Read RS2 | addr=0 -> data=0x0
PASS | Read RS1 | addr=0 -> data=0x0
PASS | Read RS2 | addr=6 -> data=0xa194
PASS | Read RS1 | addr=2 -> data=0xcab7
PASS | Read RS2 | addr=2 -> data=0xcab7
PASS | Read RS1 | addr=5 -> data=0x8bbf
PASS | Read RS2 | addr=0 -> data=0x0
PASS | Read RS1 | addr=7 -> data=0xa653
PASS | Read RS2 | addr=1 -> data=0x37de
PASS | Read RS1 | addr=3 -> data=0xf265
PASS | Read RS2 | addr=3 -> data=0xf265
PASS | Read RS1 | addr=6 -> data=0xa194
PASS | Read RS2 | addr=3 -> data=0xf265
PASS | Read RS1 | addr=0 -> data=0x0
PASS | Read RS2 | addr=5 -> data=0x8bbf
PASS | Read RS1 | addr=0 -> data=0x0
PASS | Read RS2 | addr=2 -> data=0x127f
PASS | Read RS1 | addr=1 -> data=0x37de
PASS | Read RS2 | addr=2 -> data=0x127f
PASS | Read RS1 | addr=2 -> data=0x127f
PASS | Read RS2 | addr=1 -> data=0x37de
PASS | Read RS1 | addr=1 -> data=0x37de
PASS | Read RS2 | addr=1 -> data=0x37de
PASS | Read RS1 | addr=5 -> data=0x8bbf
PASS | Read RS2 | addr=6 -> data=0xa194
PASS | Read RS1 | addr=5 -> data=0x8bbf
PASS | Read RS2 | addr=7 -> data=0x1988
PASS | Read RS1 | addr=6 -> data=0xa194
PASS | Read RS2 | addr=6 -> data=0xa194
PASS | Read RS1 | addr=5 -> data=0x8bbf
PASS | Read RS2 | addr=1 -> data=0x37de
PASS | Read RS1 | addr=0 -> data=0x0
PASS | Read RS2 | addr=3 -> data=0x3ab4
PASS | Read RS1 | addr=2 -> data=0x127f
PASS | Read RS2 | addr=1 -> data=0x37de
PASS | Read RS1 | addr=2 -> data=0x127f
PASS | Read RS2 | addr=2 -> data=0x127f
PASS | Read RS1 | addr=2 -> data=0x127f
PASS | Read RS2 | addr=7 -> data=0x341f
PASS | Read RS1 | addr=6 -> data=0xa194
PASS | Read RS2 | addr=1 -> data=0xc803
PASS | Read RS1 | addr=5 -> data=0x8bbf
PASS | Read RS2 | addr=1 -> data=0xc803
PASS | Read RS1 | addr=0 -> data=0x0
PASS | Read RS2 | addr=0 -> data=0x0
PASS | Read RS1 | addr=3 -> data=0x3ab4
PASS | Read RS2 | addr=0 -> data=0x0
PASS | Read RS1 | addr=2 -> data=0x8d57
PASS | Read RS2 | addr=2 -> data=0x8d57
PASS | Read RS1 | addr=7 -> data=0x550f
PASS | Read RS2 | addr=5 -> data=0x8bbf
PASS | Read RS1 | addr=4 -> data=0x9a5b
PASS | Read RS2 | addr=3 -> data=0x3ab4
PASS | Read RS1 | addr=3 -> data=0x3ab4
PASS | Read RS2 | addr=2 -> data=0x8d57
PASS | Read RS1 | addr=1 -> data=0xc803
PASS | Read RS2 | addr=6 -> data=0xa194
PASS | Read RS1 | addr=7 -> data=0x8ca5
PASS | Read RS2 | addr=4 -> data=0x9a5b
PASS | Read RS1 | addr=7 -> data=0x4e7e
PASS | Read RS2 | addr=0 -> data=0x0
PASS | Read RS1 | addr=7 -> data=0x656
PASS | Read RS2 | addr=7 -> data=0x656
PASS | Read RS1 | addr=4 -> data=0x9a5b
PASS | Read RS2 | addr=0 -> data=0x0
PASS | Read RS1 | addr=7 -> data=0x656
PASS | Read RS2 | addr=6 -> data=0xb1dc
PASS | Read RS1 | addr=3 -> data=0x3ab4
PASS | Read RS2 | addr=1 -> data=0xc803
PASS | Read RS1 | addr=3 -> data=0x3ab4
PASS | Read RS2 | addr=3 -> data=0x3ab4
PASS | Read RS1 | addr=1 -> data=0xc803
PASS | Read RS2 | addr=4 -> data=0x9a5b
PASS | Read RS1 | addr=0 -> data=0x0
PASS | Read RS2 | addr=0 -> data=0x0
PASS | Read RS1 | addr=6 -> data=0xb1dc
PASS | Read RS2 | addr=5 -> data=0x8bbf
PASS | Read RS1 | addr=1 -> data=0xc803
PASS | Read RS2 | addr=1 -> data=0xc803
PASS | Read RS1 | addr=6 -> data=0xb1dc
PASS | Read RS2 | addr=2 -> data=0xad0d
PASS | Read RS1 | addr=3 -> data=0x64a2
PASS | Read RS2 | addr=6 -> data=0xb1dc
PASS | Read RS1 | addr=5 -> data=0x8bbf
PASS | Read RS2 | addr=0 -> data=0x0
PASS | Read RS1 | addr=5 -> data=0x8bbf
PASS | Read RS2 | addr=1 -> data=0xc803
PASS | Read RS1 | addr=4 -> data=0x9a5b
PASS | Read RS2 | addr=6 -> data=0xb1dc
PASS | Read RS1 | addr=0 -> data=0x0
PASS | Read RS2 | addr=6 -> data=0xb1dc
PASS | Read RS1 | addr=3 -> data=0x64a2
PASS | Read RS2 | addr=6 -> data=0xb1dc
PASS | Read RS1 | addr=0 -> data=0x0
PASS | Read RS2 | addr=2 -> data=0xad0d
PASS | Read RS1 | addr=0 -> data=0x0
PASS | Read RS2 | addr=1 -> data=0xc803
PASS | Read RS1 | addr=2 -> data=0xad0d
PASS | Read RS2 | addr=5 -> data=0x8bbf
PASS | Read RS1 | addr=0 -> data=0x0
PASS | Read RS2 | addr=7 -> data=0x79de
PASS | Read RS1 | addr=3 -> data=0x64a2
PASS | Read RS2 | addr=3 -> data=0x64a2
PASS | Read RS1 | addr=6 -> data=0xb1dc
PASS | Read RS2 | addr=2 -> data=0xad0d
PASS | Read RS1 | addr=5 -> data=0x8bbf
PASS | Read RS2 | addr=5 -> data=0x8bbf
PASS | Read RS1 | addr=6 -> data=0xb1dc
PASS | Read RS2 | addr=1 -> data=0xc803
PASS | Read RS1 | addr=2 -> data=0xad0d
PASS | Read RS2 | addr=5 -> data=0x8bbf
PASS | Read RS1 | addr=5 -> data=0x8bbf
PASS | Read RS2 | addr=0 -> data=0x0
PASS | Read RS1 | addr=2 -> data=0xad0d
PASS | Read RS2 | addr=3 -> data=0x64a2
PASS | Read RS1 | addr=3 -> data=0x64a2
PASS | Read RS2 | addr=0 -> data=0x0
PASS | Read RS1 | addr=5 -> data=0x8bbf
PASS | Read RS2 | addr=0 -> data=0x0
PASS | Read RS1 | addr=7 -> data=0x40ee
PASS | Read RS2 | addr=2 -> data=0xad0d
PASS | Read RS1 | addr=3 -> data=0x64a2
PASS | Read RS2 | addr=6 -> data=0xb1dc
PASS | Read RS1 | addr=0 -> data=0x0
PASS | Read RS2 | addr=4 -> data=0x9a5b
PASS | Read RS1 | addr=1 -> data=0xc803
PASS | Read RS2 | addr=4 -> data=0x9a5b
PASS | Read RS1 | addr=2 -> data=0xad0d
PASS | Read RS2 | addr=0 -> data=0x0
PASS | Read RS1 | addr=4 -> data=0x9a5b
PASS | Read RS2 | addr=6 -> data=0xb1dc
PASS | Read RS1 | addr=0 -> data=0x0
PASS | Read RS2 | addr=0 -> data=0x0
PASS | Read RS1 | addr=7 -> data=0x243d
PASS | Read RS2 | addr=7 -> data=0x243d
PASS | Read RS1 | addr=7 -> data=0x243d
PASS | Read RS2 | addr=3 -> data=0x2f9b
PASS | Read RS1 | addr=3 -> data=0x2f9b
PASS | Read RS2 | addr=7 -> data=0x243d
PASS | Read RS1 | addr=1 -> data=0xc803
PASS | Read RS2 | addr=5 -> data=0xfd60
PASS | Read RS1 | addr=3 -> data=0x2f9b
PASS | Read RS2 | addr=1 -> data=0xc803
PASS | Read RS1 | addr=2 -> data=0xad0d
PASS | Read RS2 | addr=3 -> data=0x2f9b
PASS | Read RS1 | addr=1 -> data=0xc803
PASS | Read RS2 | addr=7 -> data=0x243d
PASS | Read RS1 | addr=2 -> data=0xad0d
PASS | Read RS2 | addr=7 -> data=0x8215
PASS | Read RS1 | addr=4 -> data=0x4619
PASS | Read RS2 | addr=4 -> data=0x4619
PASS | Read RS1 | addr=2 -> data=0xad0d
PASS | Read RS2 | addr=7 -> data=0x8215
PASS | Read RS1 | addr=4 -> data=0x4619
PASS | Read RS2 | addr=0 -> data=0x0
PASS | Read RS1 | addr=6 -> data=0xb1dc
PASS | Read RS2 | addr=6 -> data=0xb1dc
PASS | Read RS1 | addr=7 -> data=0x8215
PASS | Read RS2 | addr=5 -> data=0xfd60
PASS | Read RS1 | addr=7 -> data=0x8215
PASS | Read RS2 | addr=0 -> data=0x0
PASS | Read RS1 | addr=6 -> data=0xb1dc
PASS | Read RS2 | addr=2 -> data=0xad0d
PASS | Read RS1 | addr=5 -> data=0x3ec2
PASS | Read RS2 | addr=4 -> data=0x4619
PASS | Read RS1 | addr=4 -> data=0x4619
PASS | Read RS2 | addr=6 -> data=0xb1dc
PASS | Read RS1 | addr=1 -> data=0xc803
PASS | Read RS2 | addr=1 -> data=0xc803
PASS | Read RS1 | addr=2 -> data=0xad0d
PASS | Read RS2 | addr=5 -> data=0xa50b
PASS | Read RS1 | addr=5 -> data=0xa50b
PASS | Read RS2 | addr=6 -> data=0xb1dc
PASS | Read RS1 | addr=6 -> data=0xb1dc
PASS | Read RS2 | addr=2 -> data=0xad0d
PASS | Read RS1 | addr=7 -> data=0xec36
PASS | Read RS2 | addr=1 -> data=0xc803
PASS | Read RS1 | addr=6 -> data=0xb1dc
PASS | Read RS2 | addr=6 -> data=0xb1dc
PASS | Read RS1 | addr=0 -> data=0x0
PASS | Read RS2 | addr=4 -> data=0x4619
PASS | Read RS1 | addr=4 -> data=0x4619
PASS | Read RS2 | addr=0 -> data=0x0
PASS | Read RS1 | addr=4 -> data=0x4619
PASS | Read RS2 | addr=2 -> data=0xad0d
PASS | Read RS1 | addr=6 -> data=0xb1dc
PASS | Read RS2 | addr=5 -> data=0xa50b
PASS | Read RS1 | addr=3 -> data=0xbcf4
PASS | Read RS2 | addr=0 -> data=0x0
PASS | Read RS1 | addr=1 -> data=0xc803
PASS | Read RS2 | addr=0 -> data=0x0
PASS | Read RS1 | addr=6 -> data=0xb1dc
PASS | Read RS2 | addr=4 -> data=0x4619
PASS | Read RS1 | addr=2 -> data=0xad0d
PASS | Read RS2 | addr=0 -> data=0x0
PASS | Read RS1 | addr=1 -> data=0xc803
PASS | Read RS2 | addr=5 -> data=0xa50b
PASS | Read RS1 | addr=7 -> data=0x8932
PASS | Read RS2 | addr=7 -> data=0x8932
PASS | Read RS1 | addr=1 -> data=0xc803
PASS | Read RS2 | addr=5 -> data=0xa50b
PASS | Read RS1 | addr=1 -> data=0xc803
PASS | Read RS2 | addr=4 -> data=0x4619
PASS | Read RS1 | addr=1 -> data=0xc803
PASS | Read RS2 | addr=7 -> data=0x690b
PASS | Read RS1 | addr=5 -> data=0xa50b
PASS | Read RS2 | addr=7 -> data=0x93b8
PASS | Read RS1 | addr=6 -> data=0xb1dc
PASS | Read RS2 | addr=2 -> data=0xad0d
PASS | Read RS1 | addr=0 -> data=0x0
PASS | Read RS2 | addr=5 -> data=0xac8e
PASS | Read RS1 | addr=2 -> data=0xad0d
PASS | Read RS2 | addr=5 -> data=0xac8e
PASS | Read RS1 | addr=5 -> data=0xac8e
PASS | Read RS2 | addr=6 -> data=0xb1dc
PASS | Read RS1 | addr=7 -> data=0x93b8
PASS | Read RS2 | addr=1 -> data=0xc803
PASS | Read RS1 | addr=6 -> data=0xbe10
PASS | Read RS2 | addr=0 -> data=0x0
PASS | Read RS1 | addr=0 -> data=0x0
PASS | Read RS2 | addr=5 -> data=0xac8e
PASS | Read RS1 | addr=5 -> data=0xac8e
PASS | Read RS2 | addr=5 -> data=0xac8e
PASS | Read RS1 | addr=4 -> data=0x4619
PASS | Read RS2 | addr=7 -> data=0x93b8
PASS | Read RS1 | addr=2 -> data=0xad0d
PASS | Read RS2 | addr=2 -> data=0xad0d
PASS | Read RS1 | addr=4 -> data=0x4619
PASS | Read RS2 | addr=6 -> data=0xbe10
PASS | Read RS1 | addr=3 -> data=0xfe3b
PASS | Read RS2 | addr=1 -> data=0xc803
PASS | Read RS1 | addr=1 -> data=0xc803
PASS | Read RS2 | addr=0 -> data=0x0
PASS | Read RS1 | addr=7 -> data=0x307b
PASS | Read RS2 | addr=3 -> data=0xfe3b
PASS | Read RS1 | addr=4 -> data=0x4619
PASS | Read RS2 | addr=6 -> data=0xbe10
PASS | Read RS1 | addr=2 -> data=0xad0d
PASS | Read RS2 | addr=3 -> data=0x69cc
PASS | Read RS1 | addr=0 -> data=0x0
PASS | Read RS2 | addr=4 -> data=0x4619
PASS | Read RS1 | addr=2 -> data=0xad0d
PASS | Read RS2 | addr=1 -> data=0xc803
PASS | Read RS1 | addr=4 -> data=0x4619
PASS | Read RS2 | addr=6 -> data=0xbe10
PASS | Read RS1 | addr=6 -> data=0xbe10
PASS | Read RS2 | addr=3 -> data=0x69cc
PASS | Read RS1 | addr=2 -> data=0xad0d
PASS | Read RS2 | addr=7 -> data=0x6145
PASS | Read RS1 | addr=5 -> data=0xac8e
PASS | Read RS2 | addr=2 -> data=0xad0d
PASS | Read RS1 | addr=1 -> data=0xc803
PASS | Read RS2 | addr=2 -> data=0x941a
PASS | Read RS1 | addr=3 -> data=0x69cc
PASS | Read RS2 | addr=6 -> data=0xbe10
PASS | Read RS1 | addr=0 -> data=0x0
PASS | Read RS2 | addr=5 -> data=0xac8e
PASS | Read RS1 | addr=7 -> data=0x6145
PASS | Read RS2 | addr=7 -> data=0x6145
PASS | Read RS1 | addr=7 -> data=0x6145
PASS | Read RS2 | addr=7 -> data=0x6145
PASS | Read RS1 | addr=6 -> data=0xbe10
PASS | Read RS2 | addr=5 -> data=0xac8e
PASS | Read RS1 | addr=6 -> data=0xbe10
PASS | Read RS2 | addr=1 -> data=0x4d00
PASS | Read RS1 | addr=5 -> data=0xac8e
PASS | Read RS2 | addr=0 -> data=0x0
PASS | Read RS1 | addr=5 -> data=0xac8e
PASS | Read RS2 | addr=3 -> data=0x69cc
PASS | Read RS1 | addr=2 -> data=0x941a
PASS | Read RS2 | addr=5 -> data=0xac8e
PASS | Read RS1 | addr=0 -> data=0x0
PASS | Read RS2 | addr=7 -> data=0x8e7f
PASS | Read RS1 | addr=4 -> data=0x4619
PASS | Read RS2 | addr=5 -> data=0x6e33
PASS | Read RS1 | addr=4 -> data=0x4619
PASS | Read RS2 | addr=6 -> data=0xbe10
PASS | Read RS1 | addr=2 -> data=0x941a
PASS | Read RS2 | addr=1 -> data=0x4d00
PASS | Read RS1 | addr=5 -> data=0x6e33
PASS | Read RS2 | addr=2 -> data=0x941a
PASS | Read RS1 | addr=1 -> data=0x4d00
PASS | Read RS2 | addr=0 -> data=0x0
PASS | Read RS1 | addr=1 -> data=0x4d00
PASS | Read RS2 | addr=1 -> data=0x4d00
PASS | Read RS1 | addr=0 -> data=0x0
PASS | Read RS2 | addr=4 -> data=0x4619
PASS | Read RS1 | addr=1 -> data=0x4d00
PASS | Read RS2 | addr=6 -> data=0xbe10
PASS | Read RS1 | addr=3 -> data=0x69cc
PASS | Read RS2 | addr=7 -> data=0xe773
PASS | Read RS1 | addr=4 -> data=0x4619
PASS | Read RS2 | addr=4 -> data=0x4619
PASS | Read RS1 | addr=4 -> data=0x4619
PASS | Read RS2 | addr=1 -> data=0x4d00
PASS | Read RS1 | addr=5 -> data=0x8caa
PASS | Read RS2 | addr=3 -> data=0x69cc
PASS | Read RS1 | addr=1 -> data=0x4d00
PASS | Read RS2 | addr=2 -> data=0x941a
PASS | Read RS1 | addr=4 -> data=0x4619
PASS | Read RS2 | addr=6 -> data=0xbe10
PASS | Read RS1 | addr=5 -> data=0x8caa
PASS | Read RS2 | addr=2 -> data=0x941a
PASS | Read RS1 | addr=0 -> data=0x0
PASS | Read RS2 | addr=0 -> data=0x0
PASS | Read RS1 | addr=2 -> data=0x7976
PASS | Read RS2 | addr=6 -> data=0xbe10
PASS | Read RS1 | addr=7 -> data=0x7ae8
PASS | Read RS2 | addr=3 -> data=0x69cc
PASS | Read RS1 | addr=0 -> data=0x0
PASS | Read RS2 | addr=4 -> data=0x4619
PASS | Read RS1 | addr=0 -> data=0x0
PASS | Read RS2 | addr=6 -> data=0xbe10
PASS | Read RS1 | addr=4 -> data=0x4619
PASS | Read RS2 | addr=2 -> data=0xa9e4
PASS | Read RS1 | addr=2 -> data=0xa9e4
PASS | Read RS2 | addr=0 -> data=0x0
PASS | Read RS1 | addr=4 -> data=0x4619
PASS | Read RS2 | addr=1 -> data=0x4d00
PASS | Read RS1 | addr=3 -> data=0x69cc
PASS | Read RS2 | addr=7 -> data=0x2621
PASS | Read RS1 | addr=6 -> data=0xbe10
PASS | Read RS2 | addr=4 -> data=0x4619
PASS | Read RS1 | addr=2 -> data=0x3ae5
PASS | Read RS2 | addr=5 -> data=0x8caa
PASS | Read RS1 | addr=2 -> data=0x3ae5
PASS | Read RS2 | addr=4 -> data=0x4619
PASS | Read RS1 | addr=1 -> data=0x4d00
PASS | Read RS2 | addr=5 -> data=0x8caa
PASS | Read RS1 | addr=4 -> data=0x4619
PASS | Read RS2 | addr=7 -> data=0xa6cd
PASS | Read RS1 | addr=7 -> data=0xa6cd
PASS | Read RS2 | addr=7 -> data=0xa6cd
PASS | Read RS1 | addr=6 -> data=0xbe10
PASS | Read RS2 | addr=6 -> data=0xbe10
PASS | Read RS1 | addr=2 -> data=0xf39a
PASS | Read RS2 | addr=7 -> data=0xa6cd
PASS | Read RS1 | addr=2 -> data=0xf39a
PASS | Read RS2 | addr=0 -> data=0x0
PASS | Read RS1 | addr=2 -> data=0xf39a
PASS | Read RS2 | addr=3 -> data=0x69cc
PASS | Read RS1 | addr=0 -> data=0x0
PASS | Read RS2 | addr=7 -> data=0xa6cd
PASS | Read RS1 | addr=3 -> data=0x69cc
PASS | Read RS2 | addr=1 -> data=0x4d00
PASS | Read RS1 | addr=3 -> data=0x69cc
PASS | Read RS2 | addr=3 -> data=0x69cc
PASS | Read RS1 | addr=1 -> data=0x4d00
PASS | Read RS2 | addr=1 -> data=0x4d00
PASS | Read RS1 | addr=4 -> data=0x4619
PASS | Read RS2 | addr=5 -> data=0x8caa
PASS | Read RS1 | addr=5 -> data=0x8caa
PASS | Read RS2 | addr=2 -> data=0xf39a
PASS | Read RS1 | addr=4 -> data=0x4619
PASS | Read RS2 | addr=5 -> data=0x8caa
PASS | Read RS1 | addr=5 -> data=0x8caa
PASS | Read RS2 | addr=4 -> data=0x4619
PASS | Read RS1 | addr=4 -> data=0x4619
PASS | Read RS2 | addr=6 -> data=0xbe10
PASS | Read RS1 | addr=6 -> data=0xbe10
PASS | Read RS2 | addr=1 -> data=0x4d00
PASS | Read RS1 | addr=5 -> data=0x8caa
PASS | Read RS2 | addr=5 -> data=0x8caa
PASS | Read RS1 | addr=6 -> data=0xbe10
PASS | Read RS2 | addr=6 -> data=0xbe10
PASS | Read RS1 | addr=1 -> data=0x4d00
PASS | Read RS2 | addr=1 -> data=0x4d00
PASS | Read RS1 | addr=0 -> data=0x0
PASS | Read RS2 | addr=3 -> data=0xdc88
PASS | Read RS1 | addr=2 -> data=0xf39a
PASS | Read RS2 | addr=0 -> data=0x0
PASS | Read RS1 | addr=2 -> data=0xf39a
PASS | Read RS2 | addr=3 -> data=0xdc88
PASS | Read RS1 | addr=5 -> data=0x8caa
PASS | Read RS2 | addr=6 -> data=0xbe10
PASS | Read RS1 | addr=7 -> data=0xd942
PASS | Read RS2 | addr=6 -> data=0xbe10
PASS | Read RS1 | addr=0 -> data=0x0
PASS | Read RS2 | addr=5 -> data=0x8caa
PASS | Read RS1 | addr=7 -> data=0xd942
PASS | Read RS2 | addr=1 -> data=0x4d00
PASS | Read RS1 | addr=0 -> data=0x0
PASS | Read RS2 | addr=3 -> data=0xdc88
PASS | Read RS1 | addr=6 -> data=0xbe10
PASS | Read RS2 | addr=2 -> data=0xf39a
PASS | Read RS1 | addr=5 -> data=0xfa25
PASS | Read RS2 | addr=2 -> data=0xf39a
PASS | Read RS1 | addr=4 -> data=0xc707
PASS | Read RS2 | addr=4 -> data=0xc707
PASS | Read RS1 | addr=7 -> data=0xd942
PASS | Read RS2 | addr=6 -> data=0x398e
PASS | Read RS1 | addr=0 -> data=0x0
PASS | Read RS2 | addr=7 -> data=0xe4c1
PASS | Read RS1 | addr=4 -> data=0xc707
PASS | Read RS2 | addr=2 -> data=0xf39a
PASS | Read RS1 | addr=7 -> data=0x7f63
PASS | Read RS2 | addr=2 -> data=0xf39a
PASS | Read RS1 | addr=0 -> data=0x0
PASS | Read RS2 | addr=5 -> data=0xfa25
PASS | Read RS1 | addr=4 -> data=0xc707
PASS | Read RS2 | addr=2 -> data=0xf39a
PASS | Read RS1 | addr=6 -> data=0x398e
PASS | Read RS2 | addr=2 -> data=0xf39a
PASS | Read RS1 | addr=4 -> data=0xc707
PASS | Read RS2 | addr=1 -> data=0x4d00
PASS | Read RS1 | addr=5 -> data=0xfa25
PASS | Read RS2 | addr=3 -> data=0x1f62
PASS | Read RS1 | addr=3 -> data=0x1f62
PASS | Read RS2 | addr=4 -> data=0xc707
PASS | Read RS1 | addr=0 -> data=0x0
PASS | Read RS2 | addr=3 -> data=0x1f62
PASS | Read RS1 | addr=1 -> data=0x4d00
PASS | Read RS2 | addr=4 -> data=0xc707
PASS | Read RS1 | addr=6 -> data=0x398e
PASS | Read RS2 | addr=2 -> data=0xf39a
PASS | Read RS1 | addr=2 -> data=0x8c39
PASS | Read RS2 | addr=2 -> data=0x8c39
PASS | Read RS1 | addr=3 -> data=0x1f62
PASS | Read RS2 | addr=5 -> data=0xfa25
PASS | Read RS1 | addr=0 -> data=0x0
PASS | Read RS2 | addr=6 -> data=0x398e
PASS | Read RS1 | addr=7 -> data=0x2406
PASS | Read RS2 | addr=3 -> data=0x1f62
PASS | Read RS1 | addr=4 -> data=0xc707
PASS | Read RS2 | addr=1 -> data=0xf57e
PASS | Read RS1 | addr=7 -> data=0x144f
PASS | Read RS2 | addr=5 -> data=0xfa25
PASS | Read RS1 | addr=2 -> data=0x8c39
PASS | Read RS2 | addr=4 -> data=0xc707
PASS | Read RS1 | addr=4 -> data=0xc707
PASS | Read RS2 | addr=2 -> data=0x8c39
PASS | Read RS1 | addr=0 -> data=0x0
PASS | Read RS2 | addr=4 -> data=0xc707
PASS | Read RS1 | addr=6 -> data=0xb12
PASS | Read RS2 | addr=1 -> data=0xf57e
PASS | Read RS1 | addr=5 -> data=0xfa25
PASS | Read RS2 | addr=3 -> data=0x1f62
PASS | Read RS1 | addr=2 -> data=0x8c39
PASS | Read RS2 | addr=3 -> data=0x1f62
PASS | Read RS1 | addr=7 -> data=0xba1
PASS | Read RS2 | addr=6 -> data=0xb12
PASS | Read RS1 | addr=5 -> data=0xfa25
PASS | Read RS2 | addr=7 -> data=0x5273
PASS | Read RS1 | addr=1 -> data=0xf57e
PASS | Read RS2 | addr=4 -> data=0xc707
PASS | Read RS1 | addr=4 -> data=0xc707
PASS | Read RS2 | addr=6 -> data=0xb12
PASS | Read RS1 | addr=1 -> data=0x54ae
PASS | Read RS2 | addr=5 -> data=0xfa25
PASS | Read RS1 | addr=0 -> data=0x0
PASS | Read RS2 | addr=5 -> data=0xfa25
PASS | Read RS1 | addr=3 -> data=0x1f62
PASS | Read RS2 | addr=4 -> data=0xc707
PASS | Read RS1 | addr=1 -> data=0x54ae
PASS | Read RS2 | addr=6 -> data=0xb12
PASS | Read RS1 | addr=5 -> data=0x9e51
PASS | Read RS2 | addr=6 -> data=0xb12
PASS | Read RS1 | addr=0 -> data=0x0
PASS | Read RS2 | addr=5 -> data=0x9e51
PASS | Read RS1 | addr=5 -> data=0x9e51
PASS | Read RS2 | addr=3 -> data=0x1f62
PASS | Read RS1 | addr=2 -> data=0x8c39
PASS | Read RS2 | addr=5 -> data=0x9e51
PASS | Read RS1 | addr=7 -> data=0x389b
PASS | Read RS2 | addr=6 -> data=0xb12
PASS | Read RS1 | addr=6 -> data=0xb12
PASS | Read RS2 | addr=3 -> data=0x1f62
PASS | Read RS1 | addr=3 -> data=0x1f62
PASS | Read RS2 | addr=7 -> data=0xe1a2
PASS | Read RS1 | addr=4 -> data=0xc707
PASS | Read RS2 | addr=0 -> data=0x0
PASS | Read RS1 | addr=4 -> data=0xc707
PASS | Read RS2 | addr=1 -> data=0xae07
PASS | Read RS1 | addr=4 -> data=0xc707
PASS | Read RS2 | addr=3 -> data=0x1f62
PASS | Read RS1 | addr=2 -> data=0x8c39
PASS | Read RS2 | addr=7 -> data=0xe1a2
PASS | Read RS1 | addr=1 -> data=0xae07
PASS | Read RS2 | addr=6 -> data=0xb12
PASS | Read RS1 | addr=0 -> data=0x0
PASS | Read RS2 | addr=5 -> data=0x4987
PASS | Read RS1 | addr=4 -> data=0xc707
PASS | Read RS2 | addr=2 -> data=0x8c39
PASS | Read RS1 | addr=6 -> data=0x5447
PASS | Read RS2 | addr=7 -> data=0x126
PASS | Read RS1 | addr=1 -> data=0xae07
PASS | Read RS2 | addr=4 -> data=0xc707
PASS | Read RS1 | addr=0 -> data=0x0
PASS | Read RS2 | addr=1 -> data=0xae07
PASS | Read RS1 | addr=4 -> data=0xc707
PASS | Read RS2 | addr=6 -> data=0x5447
PASS | Read RS1 | addr=1 -> data=0xae07
PASS | Read RS2 | addr=6 -> data=0x5447
PASS | Read RS1 | addr=2 -> data=0x8c39
PASS | Read RS2 | addr=1 -> data=0xdc71
PASS | Read RS1 | addr=2 -> data=0x8c39
PASS | Read RS2 | addr=0 -> data=0x0
PASS | Read RS1 | addr=4 -> data=0xc707
PASS | Read RS2 | addr=4 -> data=0xc707
PASS | Read RS1 | addr=1 -> data=0xdc71
PASS | Read RS2 | addr=3 -> data=0x1f62
PASS | Read RS1 | addr=4 -> data=0xc707
PASS | Read RS2 | addr=5 -> data=0x4987
PASS | Read RS1 | addr=2 -> data=0x8c39
PASS | Read RS2 | addr=3 -> data=0x1f62
PASS | Read RS1 | addr=0 -> data=0x0
PASS | Read RS2 | addr=2 -> data=0x8c39
PASS | Read RS1 | addr=7 -> data=0x453b
PASS | Read RS2 | addr=0 -> data=0x0
PASS | Read RS1 | addr=4 -> data=0xc707
PASS | Read RS2 | addr=5 -> data=0x4987
PASS | Read RS1 | addr=5 -> data=0x4987
PASS | Read RS2 | addr=5 -> data=0x4987
PASS | Read RS1 | addr=3 -> data=0x1f62
PASS | Read RS2 | addr=5 -> data=0x4987
PASS | Read RS1 | addr=2 -> data=0x8c39
PASS | Read RS2 | addr=2 -> data=0x8c39
PASS | Read RS1 | addr=4 -> data=0xc707
PASS | Read RS2 | addr=6 -> data=0xe08d
PASS | Read RS1 | addr=0 -> data=0x0
PASS | Read RS2 | addr=1 -> data=0x416a
PASS | Read RS1 | addr=4 -> data=0x3b8f
PASS | Read RS2 | addr=1 -> data=0x8f29
PASS | Read RS1 | addr=3 -> data=0x1f62
PASS | Read RS2 | addr=6 -> data=0xe08d
PASS | Read RS1 | addr=1 -> data=0x8f29
PASS | Read RS2 | addr=6 -> data=0xe08d
PASS | Read RS1 | addr=3 -> data=0x1f62
PASS | Read RS2 | addr=1 -> data=0x8f29
PASS | Read RS1 | addr=5 -> data=0xfd69
PASS | Read RS2 | addr=0 -> data=0x0
PASS | Read RS1 | addr=6 -> data=0xe08d
PASS | Read RS2 | addr=4 -> data=0x3b8f
PASS | Read RS1 | addr=2 -> data=0x8c39
PASS | Read RS2 | addr=7 -> data=0x1b5c
PASS | Read RS1 | addr=0 -> data=0x0
PASS | Read RS2 | addr=0 -> data=0x0
PASS | Read RS1 | addr=4 -> data=0x3b8f
PASS | Read RS2 | addr=6 -> data=0xe08d
PASS | Read RS1 | addr=4 -> data=0x3b8f
PASS | Read RS2 | addr=2 -> data=0x8c39
PASS | Read RS1 | addr=3 -> data=0x1f62
PASS | Read RS2 | addr=3 -> data=0x1f62
PASS | Read RS1 | addr=7 -> data=0x32e7
PASS | Read RS2 | addr=0 -> data=0x0
PASS | Read RS1 | addr=4 -> data=0x3b8f
PASS | Read RS2 | addr=7 -> data=0x32e7
PASS | Read RS1 | addr=7 -> data=0x32e7
PASS | Read RS2 | addr=7 -> data=0x32e7
PASS | Read RS1 | addr=7 -> data=0x3e94
PASS | Read RS2 | addr=2 -> data=0x8c39
PASS | Read RS1 | addr=2 -> data=0x8c39
PASS | Read RS2 | addr=0 -> data=0x0
PASS | Read RS1 | addr=0 -> data=0x0
PASS | Read RS2 | addr=2 -> data=0x8c39
PASS | Read RS1 | addr=3 -> data=0x1f62
PASS | Read RS2 | addr=3 -> data=0x1f62
PASS | Read RS1 | addr=0 -> data=0x0
PASS | Read RS2 | addr=0 -> data=0x0
PASS | Read RS1 | addr=5 -> data=0xfd69
PASS | Read RS2 | addr=0 -> data=0x0
PASS | Read RS1 | addr=7 -> data=0x5bb9
PASS | Read RS2 | addr=3 -> data=0x1f62
PASS | Read RS1 | addr=6 -> data=0x99c8
PASS | Read RS2 | addr=0 -> data=0x0
PASS | Read RS1 | addr=7 -> data=0x5bb9
PASS | Read RS2 | addr=0 -> data=0x0
PASS | Read RS1 | addr=7 -> data=0x5bb9
PASS | Read RS2 | addr=5 -> data=0xfd69
PASS | Read RS1 | addr=5 -> data=0xfd69
PASS | Read RS2 | addr=0 -> data=0x0
PASS | Read RS1 | addr=3 -> data=0x1f62
PASS | Read RS2 | addr=1 -> data=0x7f3b
PASS | Read RS1 | addr=5 -> data=0xfd69
PASS | Read RS2 | addr=2 -> data=0x8c39
PASS | Read RS1 | addr=3 -> data=0x1f62
PASS | Read RS2 | addr=1 -> data=0x7f3b
PASS | Read RS1 | addr=2 -> data=0x8c39
PASS | Read RS2 | addr=7 -> data=0x5bb9
PASS | Read RS1 | addr=0 -> data=0x0
PASS | Read RS2 | addr=6 -> data=0xab94
PASS | Read RS1 | addr=7 -> data=0x5bb9
PASS | Read RS2 | addr=1 -> data=0x7f3b
PASS | Read RS1 | addr=2 -> data=0x8c39
PASS | Read RS2 | addr=6 -> data=0xab94
PASS | Read RS1 | addr=6 -> data=0xab94
PASS | Read RS2 | addr=1 -> data=0x7f3b
PASS | Read RS1 | addr=7 -> data=0x766
PASS | Read RS2 | addr=5 -> data=0xfd69
PASS | Read RS1 | addr=2 -> data=0x8c39
PASS | Read RS2 | addr=5 -> data=0xfd69
PASS | Read RS1 | addr=1 -> data=0x7f3b
PASS | Read RS2 | addr=2 -> data=0x8c39
PASS | Read RS1 | addr=0 -> data=0x0
PASS | Read RS2 | addr=2 -> data=0x8c39
PASS | Read RS1 | addr=7 -> data=0x80fe
PASS | Read RS2 | addr=5 -> data=0x13f5
PASS | Read RS1 | addr=3 -> data=0x7e63
PASS | Read RS2 | addr=4 -> data=0x3b8f
PASS | Read RS1 | addr=7 -> data=0xff2c
PASS | Read RS2 | addr=7 -> data=0xff2c
PASS | Read RS1 | addr=5 -> data=0x99c4
PASS | Read RS2 | addr=5 -> data=0x99c4
PASS | Read RS1 | addr=7 -> data=0x24cb
PASS | Read RS2 | addr=2 -> data=0x8c39
PASS | Read RS1 | addr=0 -> data=0x0
PASS | Read RS2 | addr=4 -> data=0x7c3d
PASS | Read RS1 | addr=0 -> data=0x0
PASS | Read RS2 | addr=3 -> data=0x7e63
PASS | Read RS1 | addr=7 -> data=0x2738
PASS | Read RS2 | addr=6 -> data=0xab94
PASS | Read RS1 | addr=4 -> data=0x7c3d
PASS | Read RS2 | addr=3 -> data=0x7e63
PASS | Read RS1 | addr=6 -> data=0xab94
PASS | Read RS2 | addr=1 -> data=0x7f3b
PASS | Read RS1 | addr=4 -> data=0x7c3d
PASS | Read RS2 | addr=4 -> data=0x7c3d
PASS | Read RS1 | addr=7 -> data=0x78ef
PASS | Read RS2 | addr=3 -> data=0x7e63
PASS | Read RS1 | addr=0 -> data=0x0
PASS | Read RS2 | addr=2 -> data=0x8c39
PASS | Read RS1 | addr=2 -> data=0x8c39
PASS | Read RS2 | addr=2 -> data=0x8c39
PASS | Read RS1 | addr=2 -> data=0x8c39
PASS | Read RS2 | addr=0 -> data=0x0
PASS | Read RS1 | addr=4 -> data=0x7c3d
PASS | Read RS2 | addr=1 -> data=0xf645
PASS | Read RS1 | addr=5 -> data=0x99c4
PASS | Read RS2 | addr=1 -> data=0xf645
PASS | Read RS1 | addr=0 -> data=0x0
PASS | Read RS2 | addr=6 -> data=0xab94
PASS | Read RS1 | addr=7 -> data=0x78ef
PASS | Read RS2 | addr=2 -> data=0x8c39
PASS | Read RS1 | addr=0 -> data=0x0
PASS | Read RS2 | addr=5 -> data=0x99c4
PASS | Read RS1 | addr=4 -> data=0xc451
PASS | Read RS2 | addr=0 -> data=0x0
PASS | Read RS1 | addr=3 -> data=0x7e63
PASS | Read RS2 | addr=1 -> data=0xf645
PASS | Read RS1 | addr=3 -> data=0x7e63
PASS | Read RS2 | addr=0 -> data=0x0
PASS | Read RS1 | addr=3 -> data=0x7e63
PASS | Read RS2 | addr=4 -> data=0xc451
PASS | Read RS1 | addr=5 -> data=0x99c4
PASS | Read RS2 | addr=6 -> data=0xab94
PASS | Read RS1 | addr=3 -> data=0x7e63
PASS | Read RS2 | addr=1 -> data=0xf645
PASS | Read RS1 | addr=3 -> data=0x7e63
PASS | Read RS2 | addr=4 -> data=0xc451
PASS | Read RS1 | addr=2 -> data=0x9c95
PASS | Read RS2 | addr=0 -> data=0x0
PASS | Read RS1 | addr=4 -> data=0xc451
PASS | Read RS2 | addr=3 -> data=0x7e63
PASS | Read RS1 | addr=2 -> data=0x9c95
PASS | Read RS2 | addr=3 -> data=0x7e63
PASS | Read RS1 | addr=1 -> data=0x923f
PASS | Read RS2 | addr=0 -> data=0x0
PASS | Read RS1 | addr=3 -> data=0x7e63
PASS | Read RS2 | addr=4 -> data=0xc451
PASS | Read RS1 | addr=6 -> data=0xab94
PASS | Read RS2 | addr=2 -> data=0x9c95
PASS | Read RS1 | addr=4 -> data=0xc451
PASS | Read RS2 | addr=1 -> data=0x923f
PASS | Read RS1 | addr=1 -> data=0x923f
PASS | Read RS2 | addr=3 -> data=0x7d11
PASS | Read RS1 | addr=3 -> data=0x7d11
PASS | Read RS2 | addr=3 -> data=0x7d11
PASS | Read RS1 | addr=4 -> data=0xc451
PASS | Read RS2 | addr=7 -> data=0xfbe8
PASS | Read RS1 | addr=5 -> data=0xc2e4
PASS | Read RS2 | addr=3 -> data=0x7d11
PASS | Read RS1 | addr=3 -> data=0x7d11
PASS | Read RS2 | addr=4 -> data=0xc451
PASS | Read RS1 | addr=1 -> data=0x923f
PASS | Read RS2 | addr=1 -> data=0x923f
PASS | Read RS1 | addr=5 -> data=0xc2e4
PASS | Read RS2 | addr=2 -> data=0x9c95
PASS | Read RS1 | addr=2 -> data=0x9c95
PASS | Read RS2 | addr=1 -> data=0x923f
PASS | Read RS1 | addr=4 -> data=0xc451
PASS | Read RS2 | addr=5 -> data=0xc2e4
PASS | Read RS1 | addr=7 -> data=0x199a
PASS | Read RS2 | addr=5 -> data=0xc2e4
PASS | Read RS1 | addr=2 -> data=0x9c95
PASS | Read RS2 | addr=0 -> data=0x0
PASS | Read RS1 | addr=5 -> data=0x954c
PASS | Read RS2 | addr=0 -> data=0x0
PASS | Read RS1 | addr=1 -> data=0x923f
PASS | Read RS2 | addr=0 -> data=0x0
PASS | Read RS1 | addr=0 -> data=0x0
PASS | Read RS2 | addr=0 -> data=0x0
PASS | Read RS1 | addr=7 -> data=0xa230
PASS | Read RS2 | addr=6 -> data=0xab94
PASS | Read RS1 | addr=3 -> data=0x91ba
PASS | Read RS2 | addr=0 -> data=0x0
PASS | Read RS1 | addr=3 -> data=0x91ba
PASS | Read RS2 | addr=0 -> data=0x0
PASS | Read RS1 | addr=7 -> data=0x164c
PASS | Read RS2 | addr=2 -> data=0x60fc
PASS | Read RS1 | addr=4 -> data=0xc451
PASS | Read RS2 | addr=2 -> data=0x60fc
PASS | Read RS1 | addr=3 -> data=0x91ba
PASS | Read RS2 | addr=3 -> data=0x91ba
PASS | Read RS1 | addr=5 -> data=0x5bca
PASS | Read RS2 | addr=1 -> data=0x923f
PASS | Read RS1 | addr=2 -> data=0x60fc
PASS | Read RS2 | addr=7 -> data=0x164c
PASS | Read RS1 | addr=3 -> data=0x4d66
PASS | Read RS2 | addr=0 -> data=0x0
PASS | Read RS1 | addr=0 -> data=0x0
PASS | Read RS2 | addr=1 -> data=0x923f
PASS | Read RS1 | addr=4 -> data=0xc451
PASS | Read RS2 | addr=0 -> data=0x0
PASS | Read RS1 | addr=4 -> data=0xc451
PASS | Read RS2 | addr=0 -> data=0x0
PASS | Read RS1 | addr=1 -> data=0x923f
PASS | Read RS2 | addr=1 -> data=0x923f
PASS | Read RS1 | addr=5 -> data=0x5bca
PASS | Read RS2 | addr=4 -> data=0xc451
PASS | Read RS1 | addr=4 -> data=0xc451
PASS | Read RS2 | addr=0 -> data=0x0
PASS | Read RS1 | addr=3 -> data=0xd26d
PASS | Read RS2 | addr=1 -> data=0x923f
PASS | Read RS1 | addr=4 -> data=0xc451
PASS | Read RS2 | addr=1 -> data=0x923f
PASS | Read RS1 | addr=2 -> data=0x60fc
PASS | Read RS2 | addr=0 -> data=0x0
PASS | Read RS1 | addr=6 -> data=0x8b89
PASS | Read RS2 | addr=4 -> data=0xc451
PASS | Read RS1 | addr=2 -> data=0x60fc
PASS | Read RS2 | addr=3 -> data=0xd26d
PASS | Read RS1 | addr=4 -> data=0xc451
PASS | Read RS2 | addr=6 -> data=0x8b89
PASS | Read RS1 | addr=5 -> data=0x5bca
PASS | Read RS2 | addr=2 -> data=0x60fc
PASS | Read RS1 | addr=1 -> data=0x923f
PASS | Read RS2 | addr=1 -> data=0x923f
PASS | Read RS1 | addr=7 -> data=0x3be5
PASS | Read RS2 | addr=4 -> data=0xc451
PASS | Read RS1 | addr=2 -> data=0x60fc
PASS | Read RS2 | addr=3 -> data=0x69eb
PASS | Read RS1 | addr=0 -> data=0x0
PASS | Read RS2 | addr=7 -> data=0x3be5
PASS | Read RS1 | addr=5 -> data=0x5bca
PASS | Read RS2 | addr=7 -> data=0x2a17
PASS | Read RS1 | addr=3 -> data=0x69eb
PASS | Read RS2 | addr=0 -> data=0x0
PASS | Read RS1 | addr=1 -> data=0x923f
PASS | Read RS2 | addr=5 -> data=0x5bca
PASS | Read RS1 | addr=5 -> data=0x5bca
PASS | Read RS2 | addr=5 -> data=0x5bca
PASS | Read RS1 | addr=3 -> data=0x69eb
PASS | Read RS2 | addr=6 -> data=0x8b89
PASS | Read RS1 | addr=0 -> data=0x0
PASS | Read RS2 | addr=3 -> data=0x69eb
PASS | Read RS1 | addr=2 -> data=0x60fc
PASS | Read RS2 | addr=3 -> data=0x69eb
PASS | Read RS1 | addr=4 -> data=0xc451
PASS | Read RS2 | addr=2 -> data=0x60fc
PASS | Read RS1 | addr=3 -> data=0x69eb
PASS | Read RS2 | addr=6 -> data=0x8b89
PASS | Read RS1 | addr=6 -> data=0x8b89
PASS | Read RS2 | addr=2 -> data=0x60fc
PASS | Read RS1 | addr=2 -> data=0x60fc
PASS | Read RS2 | addr=6 -> data=0x8b89
PASS | Read RS1 | addr=1 -> data=0x923f
PASS | Read RS2 | addr=3 -> data=0x69eb
PASS | Read RS1 | addr=3 -> data=0xaec9
PASS | Read RS2 | addr=1 -> data=0x923f
PASS | Read RS1 | addr=3 -> data=0xaec9
PASS | Read RS2 | addr=2 -> data=0x60fc
PASS | Read RS1 | addr=2 -> data=0x60fc
PASS | Read RS2 | addr=3 -> data=0xaec9
PASS | Read RS1 | addr=0 -> data=0x0
PASS | Read RS2 | addr=3 -> data=0xaec9
PASS | Read RS1 | addr=4 -> data=0xc451
PASS | Read RS2 | addr=2 -> data=0x60fc
PASS | Read RS1 | addr=1 -> data=0x923f
PASS | Read RS2 | addr=4 -> data=0xc451
PASS | Read RS1 | addr=7 -> data=0xeb80
PASS | Read RS2 | addr=5 -> data=0x5bca
PASS | Read RS1 | addr=7 -> data=0xeb80
PASS | Read RS2 | addr=1 -> data=0x923f
PASS | Read RS1 | addr=2 -> data=0x60fc
PASS | Read RS2 | addr=1 -> data=0x923f
PASS | Read RS1 | addr=4 -> data=0xc451
PASS | Read RS2 | addr=3 -> data=0xaec9
PASS | Read RS1 | addr=0 -> data=0x0
PASS | Read RS2 | addr=1 -> data=0x923f
PASS | Read RS1 | addr=1 -> data=0x923f
PASS | Read RS2 | addr=4 -> data=0xc451
PASS | Read RS1 | addr=0 -> data=0x0
PASS | Read RS2 | addr=1 -> data=0x923f
PASS | Read RS1 | addr=7 -> data=0xeb80
PASS | Read RS2 | addr=0 -> data=0x0
PASS | Read RS1 | addr=0 -> data=0x0
PASS | Read RS2 | addr=7 -> data=0xeb80
PASS | Read RS1 | addr=6 -> data=0xd8b0
PASS | Read RS2 | addr=5 -> data=0x5bca
PASS | Read RS1 | addr=2 -> data=0x782e
PASS | Read RS2 | addr=2 -> data=0x782e
PASS | Read RS1 | addr=6 -> data=0xd8b0
PASS | Read RS2 | addr=0 -> data=0x0
PASS | Read RS1 | addr=5 -> data=0x5bca
PASS | Read RS2 | addr=4 -> data=0xf686
PASS | Read RS1 | addr=4 -> data=0xf686
PASS | Read RS2 | addr=4 -> data=0xf686
PASS | Read RS1 | addr=6 -> data=0xd8b0
PASS | Read RS2 | addr=2 -> data=0x782e
PASS | Read RS1 | addr=0 -> data=0x0
PASS | Read RS2 | addr=1 -> data=0x923f
PASS | Read RS1 | addr=4 -> data=0xf686
PASS | Read RS2 | addr=7 -> data=0x17c1
PASS | Read RS1 | addr=6 -> data=0xd8b0
PASS | Read RS2 | addr=4 -> data=0xf686
PASS | Read RS1 | addr=1 -> data=0x923f
PASS | Read RS2 | addr=0 -> data=0x0
PASS | Read RS1 | addr=7 -> data=0x17c1
PASS | Read RS2 | addr=4 -> data=0xf686
PASS | Read RS1 | addr=2 -> data=0x782e
PASS | Read RS2 | addr=0 -> data=0x0
PASS | Read RS1 | addr=1 -> data=0x923f
PASS | Read RS2 | addr=7 -> data=0x17c1
PASS | Read RS1 | addr=7 -> data=0x17c1
PASS | Read RS2 | addr=2 -> data=0x782e
PASS | Read RS1 | addr=1 -> data=0x923f
PASS | Read RS2 | addr=0 -> data=0x0
PASS | Read RS1 | addr=0 -> data=0x0
PASS | Read RS2 | addr=3 -> data=0xa3b0
PASS | Read RS1 | addr=2 -> data=0x782e
PASS | Read RS2 | addr=3 -> data=0xa3b0
PASS | Read RS1 | addr=4 -> data=0xf686
PASS | Read RS2 | addr=7 -> data=0xa582
PASS | Read RS1 | addr=2 -> data=0xa0b8
PASS | Read RS2 | addr=0 -> data=0x0
PASS | Read RS1 | addr=2 -> data=0xa0b8
PASS | Read RS2 | addr=6 -> data=0xd8b0
PASS | Read RS1 | addr=0 -> data=0x0
PASS | Read RS2 | addr=2 -> data=0xa0b8
PASS | Read RS1 | addr=6 -> data=0xd8b0
PASS | Read RS2 | addr=0 -> data=0x0
PASS | Read RS1 | addr=6 -> data=0xd8b0
PASS | Read RS2 | addr=6 -> data=0xd8b0
PASS | Read RS1 | addr=7 -> data=0xb383
PASS | Read RS2 | addr=5 -> data=0x5bca
PASS | Read RS1 | addr=5 -> data=0x5bca
PASS | Read RS2 | addr=5 -> data=0x5bca
PASS | Read RS1 | addr=3 -> data=0xa3b0
PASS | Read RS2 | addr=3 -> data=0xa3b0
PASS | Read RS1 | addr=4 -> data=0xf686
PASS | Read RS2 | addr=4 -> data=0xf686
PASS | Read RS1 | addr=4 -> data=0xf686
PASS | Read RS2 | addr=7 -> data=0xd9c
PASS | Read RS1 | addr=5 -> data=0x5bca
PASS | Read RS2 | addr=7 -> data=0xd9c
PASS | Read RS1 | addr=7 -> data=0x6dba
PASS | Read RS2 | addr=7 -> data=0x6dba
PASS | Read RS1 | addr=7 -> data=0x6dba
PASS | Read RS2 | addr=3 -> data=0xa3b0
PASS | Read RS1 | addr=6 -> data=0xd8b0
PASS | Read RS2 | addr=0 -> data=0x0
PASS | Read RS1 | addr=4 -> data=0xf686
PASS | Read RS2 | addr=5 -> data=0x5bca
PASS | Read RS1 | addr=7 -> data=0x43a8
PASS | Read RS2 | addr=4 -> data=0xf686
PASS | Read RS1 | addr=2 -> data=0x8dff
PASS | Read RS2 | addr=1 -> data=0x923f
PASS | Read RS1 | addr=5 -> data=0x5bca
PASS | Read RS2 | addr=3 -> data=0xa3b0
PASS | Read RS1 | addr=2 -> data=0x8dff
PASS | Read RS2 | addr=4 -> data=0xf686
PASS | Read RS1 | addr=0 -> data=0x0
PASS | Read RS2 | addr=5 -> data=0x5bca
PASS | Read RS1 | addr=2 -> data=0x8dff
PASS | Read RS2 | addr=1 -> data=0x923f
PASS | Read RS1 | addr=6 -> data=0xd8b0
PASS | Read RS2 | addr=5 -> data=0x5bca
PASS | Read RS1 | addr=5 -> data=0x5bca
PASS | Read RS2 | addr=0 -> data=0x0
PASS | Read RS1 | addr=3 -> data=0xa3b0
PASS | Read RS2 | addr=6 -> data=0xd8b0
PASS | Read RS1 | addr=2 -> data=0x8dff
PASS | Read RS2 | addr=6 -> data=0xd8b0
PASS | Read RS1 | addr=5 -> data=0x5bca
PASS | Read RS2 | addr=4 -> data=0xf686
PASS | Read RS1 | addr=6 -> data=0xd8b0
PASS | Read RS2 | addr=0 -> data=0x0
PASS | Read RS1 | addr=0 -> data=0x0
PASS | Read RS2 | addr=3 -> data=0xa3b0
PASS | Read RS1 | addr=4 -> data=0xf686
PASS | Read RS2 | addr=5 -> data=0x5bca
PASS | Read RS1 | addr=5 -> data=0x5bca
PASS | Read RS2 | addr=7 -> data=0x3dd5
PASS | Read RS1 | addr=2 -> data=0x8dff
PASS | Read RS2 | addr=6 -> data=0xd8b0
PASS | Read RS1 | addr=1 -> data=0x923f
PASS | Read RS2 | addr=2 -> data=0x8dff
PASS | Read RS1 | addr=6 -> data=0xd8b0
PASS | Read RS2 | addr=3 -> data=0xa3b0
PASS | Read RS1 | addr=5 -> data=0xd2a5
PASS | Read RS2 | addr=6 -> data=0xd8b0
PASS | Read RS1 | addr=5 -> data=0xd2a5
PASS | Read RS2 | addr=0 -> data=0x0
PASS | Read RS1 | addr=0 -> data=0x0
PASS | Read RS2 | addr=0 -> data=0x0
PASS | Read RS1 | addr=6 -> data=0xd8b0
PASS | Read RS2 | addr=0 -> data=0x0
PASS | Read RS1 | addr=0 -> data=0x0
PASS | Read RS2 | addr=7 -> data=0xaf62
PASS | Read RS1 | addr=3 -> data=0xa3b0
PASS | Read RS2 | addr=2 -> data=0x8dff
PASS | Read RS1 | addr=1 -> data=0x923f
PASS | Read RS2 | addr=2 -> data=0x8dff
PASS | Read RS1 | addr=6 -> data=0xd8b0
PASS | Read RS2 | addr=7 -> data=0x93b6
PASS | Read RS1 | addr=0 -> data=0x0
PASS | Read RS2 | addr=4 -> data=0x630e
PASS | Read RS1 | addr=3 -> data=0xa3b0
PASS | Read RS2 | addr=4 -> data=0x630e
PASS | Read RS1 | addr=3 -> data=0xa3b0
PASS | Read RS2 | addr=5 -> data=0xd2a5
PASS | Read RS1 | addr=5 -> data=0xd2a5
PASS | Read RS2 | addr=0 -> data=0x0
PASS | Read RS1 | addr=1 -> data=0x923f
PASS | Read RS2 | addr=6 -> data=0xd8b0
PASS | Read RS1 | addr=4 -> data=0x1c5f
PASS | Read RS2 | addr=6 -> data=0xd8b0
PASS | Read RS1 | addr=1 -> data=0x923f
PASS | Read RS2 | addr=5 -> data=0xd2a5
PASS | Read RS1 | addr=7 -> data=0x3508
PASS | Read RS2 | addr=0 -> data=0x0
PASS | Read RS1 | addr=3 -> data=0x51df
PASS | Read RS2 | addr=0 -> data=0x0
PASS | Read RS1 | addr=7 -> data=0x3508
PASS | Read RS2 | addr=0 -> data=0x0
PASS | Read RS1 | addr=3 -> data=0x51df
PASS | Read RS2 | addr=5 -> data=0xd2a5
PASS | Read RS1 | addr=7 -> data=0x3508
PASS | Read RS2 | addr=3 -> data=0x51df
PASS | Read RS1 | addr=5 -> data=0xd2a5
PASS | Read RS2 | addr=4 -> data=0x26ae
PASS | Read RS1 | addr=7 -> data=0x3508
PASS | Read RS2 | addr=2 -> data=0x8dff
PASS | Read RS1 | addr=1 -> data=0x923f
PASS | Read RS2 | addr=5 -> data=0xd2a5
PASS | Read RS1 | addr=5 -> data=0xd2a5
PASS | Read RS2 | addr=3 -> data=0x51df
PASS | Read RS1 | addr=4 -> data=0x26ae
PASS | Read RS2 | addr=4 -> data=0x26ae
PASS | Read RS1 | addr=6 -> data=0xd8b0
PASS | Read RS2 | addr=0 -> data=0x0
PASS | Read RS1 | addr=7 -> data=0x8c90
PASS | Read RS2 | addr=0 -> data=0x0
PASS | Read RS1 | addr=5 -> data=0xd2a5
PASS | Read RS2 | addr=6 -> data=0xd8b0
PASS | Read RS1 | addr=3 -> data=0x51df
PASS | Read RS2 | addr=1 -> data=0x923f
PASS | Read RS1 | addr=6 -> data=0xd8b0
PASS | Read RS2 | addr=7 -> data=0x54a4
PASS | Read RS1 | addr=3 -> data=0x51df
PASS | Read RS2 | addr=0 -> data=0x0
PASS | Read RS1 | addr=0 -> data=0x0
PASS | Read RS2 | addr=6 -> data=0xd8b0
PASS | Read RS1 | addr=1 -> data=0x923f
PASS | Read RS2 | addr=3 -> data=0xff50
PASS | Read RS1 | addr=4 -> data=0x26ae
PASS | Read RS2 | addr=0 -> data=0x0
PASS | Read RS1 | addr=5 -> data=0xd2a5
PASS | Read RS2 | addr=2 -> data=0xbe74
PASS | Read RS1 | addr=6 -> data=0xd8b0
PASS | Read RS2 | addr=6 -> data=0xd8b0
PASS | Read RS1 | addr=4 -> data=0x26ae
PASS | Read RS2 | addr=3 -> data=0xff50
PASS | Read RS1 | addr=6 -> data=0x70c6
PASS | Read RS2 | addr=4 -> data=0x26ae
PASS | Read RS1 | addr=4 -> data=0x26ae
PASS | Read RS2 | addr=7 -> data=0x3e0e
PASS | Read RS1 | addr=6 -> data=0x70c6
PASS | Read RS2 | addr=7 -> data=0x3e0e
PASS | Read RS1 | addr=4 -> data=0x26ae
PASS | Read RS2 | addr=4 -> data=0x26ae
PASS | Read RS1 | addr=0 -> data=0x0
PASS | Read RS2 | addr=6 -> data=0x70c6
PASS | Read RS1 | addr=4 -> data=0x26ae
PASS | Read RS2 | addr=2 -> data=0xbe74
PASS | Read RS1 | addr=7 -> data=0xb8cd
PASS | Read RS2 | addr=0 -> data=0x0
PASS | Read RS1 | addr=0 -> data=0x0
PASS | Read RS2 | addr=2 -> data=0xbe74
PASS | Read RS1 | addr=1 -> data=0x1f39
PASS | Read RS2 | addr=1 -> data=0x1f39
PASS | Read RS1 | addr=7 -> data=0xb8cd
PASS | Read RS2 | addr=6 -> data=0x234b
PASS | Read RS1 | addr=3 -> data=0x8ce9
PASS | Read RS2 | addr=0 -> data=0x0
PASS | Read RS1 | addr=0 -> data=0x0
PASS | Read RS2 | addr=1 -> data=0x1f39
PASS | Read RS1 | addr=0 -> data=0x0
PASS | Read RS2 | addr=2 -> data=0xbe74
PASS | Read RS1 | addr=0 -> data=0x0
PASS | Read RS2 | addr=1 -> data=0x1f39
PASS | Read RS1 | addr=3 -> data=0x8ce9
PASS | Read RS2 | addr=1 -> data=0x1f39
PASS | Read RS1 | addr=3 -> data=0x8ce9
PASS | Read RS2 | addr=4 -> data=0x26ae
PASS | Read RS1 | addr=1 -> data=0x1f39
PASS | Read RS2 | addr=6 -> data=0x234b
PASS | Read RS1 | addr=4 -> data=0x26ae
PASS | Read RS2 | addr=5 -> data=0x63a4
PASS | Read RS1 | addr=6 -> data=0x234b
PASS | Read RS2 | addr=6 -> data=0x234b
PASS | Read RS1 | addr=0 -> data=0x0
PASS | Read RS2 | addr=0 -> data=0x0
PASS | Read RS1 | addr=0 -> data=0x0
PASS | Read RS2 | addr=1 -> data=0x1f39
PASS | Read RS1 | addr=4 -> data=0x26ae
PASS | Read RS2 | addr=7 -> data=0x281b
PASS | Read RS1 | addr=0 -> data=0x0
PASS | Read RS2 | addr=3 -> data=0x8ce9
PASS | Read RS1 | addr=2 -> data=0xbe74
PASS | Read RS2 | addr=6 -> data=0x234b
PASS | Read RS1 | addr=3 -> data=0x6cbd
PASS | Read RS2 | addr=7 -> data=0x281b
PASS | Read RS1 | addr=2 -> data=0xbe74
PASS | Read RS2 | addr=0 -> data=0x0
PASS | Read RS1 | addr=7 -> data=0x3bd6
PASS | Read RS2 | addr=4 -> data=0x26ae
PASS | Read RS1 | addr=1 -> data=0x1f39
PASS | Read RS2 | addr=3 -> data=0x6cbd
PASS | Read RS1 | addr=0 -> data=0x0
PASS | Read RS2 | addr=5 -> data=0x63a4
PASS | Read RS1 | addr=3 -> data=0x6cbd
PASS | Read RS2 | addr=3 -> data=0x6cbd
PASS | Read RS1 | addr=4 -> data=0x26ae
PASS | Read RS2 | addr=1 -> data=0x1f39
PASS | Read RS1 | addr=2 -> data=0xbe74
PASS | Read RS2 | addr=6 -> data=0x234b
PASS | Read RS1 | addr=2 -> data=0xbe74
PASS | Read RS2 | addr=4 -> data=0x26ae
PASS | Read RS1 | addr=3 -> data=0x6cbd
PASS | Read RS2 | addr=7 -> data=0xef01
PASS | Read RS1 | addr=2 -> data=0xbe74
PASS | Read RS2 | addr=5 -> data=0x63a4
PASS | Read RS1 | addr=2 -> data=0xbe74
PASS | Read RS2 | addr=6 -> data=0xf90
PASS | Read RS1 | addr=7 -> data=0xef01
PASS | Read RS2 | addr=6 -> data=0xf90
PASS | Read RS1 | addr=4 -> data=0x26ae
PASS | Read RS2 | addr=4 -> data=0x26ae
PASS | Read RS1 | addr=2 -> data=0xbe74
PASS | Read RS2 | addr=7 -> data=0xef01
PASS | Read RS1 | addr=4 -> data=0x26ae
PASS | Read RS2 | addr=1 -> data=0x1f39
PASS | Read RS1 | addr=1 -> data=0x1f39
PASS | Read RS2 | addr=2 -> data=0xbe74
PASS | Read RS1 | addr=3 -> data=0x6cbd
PASS | Read RS2 | addr=3 -> data=0x6cbd
PASS | Read RS1 | addr=1 -> data=0x1f39
PASS | Read RS2 | addr=3 -> data=0x6cbd
PASS | Read RS1 | addr=4 -> data=0x26ae
PASS | Read RS2 | addr=3 -> data=0x6cbd
PASS | Read RS1 | addr=1 -> data=0x1f39
PASS | Read RS2 | addr=7 -> data=0xc930
PASS | Read RS1 | addr=0 -> data=0x0
PASS | Read RS2 | addr=1 -> data=0x1f39
PASS | Read RS1 | addr=1 -> data=0x1f39
PASS | Read RS2 | addr=6 -> data=0xcd46
PASS | Read RS1 | addr=1 -> data=0x1f39
PASS | Read RS2 | addr=2 -> data=0xa092
PASS | Read RS1 | addr=6 -> data=0xcd46
PASS | Read RS2 | addr=5 -> data=0x63a4
PASS | Read RS1 | addr=4 -> data=0xd3a1
PASS | Read RS2 | addr=3 -> data=0x6cbd
PASS | Read RS1 | addr=1 -> data=0x1f39
PASS | Read RS2 | addr=1 -> data=0x1f39
PASS | Read RS1 | addr=1 -> data=0x1f39
PASS | Read RS2 | addr=5 -> data=0x63a4
PASS | Read RS1 | addr=6 -> data=0xcd46
PASS | Read RS2 | addr=7 -> data=0xe120
PASS | Read RS1 | addr=7 -> data=0x8462
PASS | Read RS2 | addr=6 -> data=0xcd46
PASS | Read RS1 | addr=0 -> data=0x0
PASS | Read RS2 | addr=0 -> data=0x0
PASS | Read RS1 | addr=2 -> data=0xa092
PASS | Read RS2 | addr=7 -> data=0x3e7b
PASS | Read RS1 | addr=4 -> data=0xd3a1
PASS | Read RS2 | addr=3 -> data=0x6cbd
PASS | Read RS1 | addr=7 -> data=0x8fe5
PASS | Read RS2 | addr=0 -> data=0x0
PASS | Read RS1 | addr=7 -> data=0x4596
PASS | Read RS2 | addr=6 -> data=0xcd46
PASS | Read RS1 | addr=3 -> data=0x6cbd
PASS | Read RS2 | addr=4 -> data=0xd3a1
PASS | Read RS1 | addr=7 -> data=0xdd8f
PASS | Read RS2 | addr=0 -> data=0x0
PASS | Read RS1 | addr=4 -> data=0xd3a1
PASS | Read RS2 | addr=2 -> data=0xa092
PASS | Read RS1 | addr=3 -> data=0x6cbd
PASS | Read RS2 | addr=5 -> data=0x63a4
PASS | Read RS1 | addr=5 -> data=0x63a4
PASS | Read RS2 | addr=0 -> data=0x0
PASS | Read RS1 | addr=5 -> data=0x63a4
PASS | Read RS2 | addr=6 -> data=0xcd46
PASS | Read RS1 | addr=1 -> data=0x1f39
PASS | Read RS2 | addr=0 -> data=0x0
PASS | Read RS1 | addr=7 -> data=0x99e5
PASS | Read RS2 | addr=5 -> data=0x63a4
PASS | Read RS1 | addr=1 -> data=0x1f39
PASS | Read RS2 | addr=2 -> data=0xa092
PASS | Read RS1 | addr=6 -> data=0x772c
PASS | Read RS2 | addr=0 -> data=0x0
PASS | Read RS1 | addr=3 -> data=0x6cbd
PASS | Read RS2 | addr=1 -> data=0x1f39
PASS | Read RS1 | addr=0 -> data=0x0
PASS | Read RS2 | addr=7 -> data=0xae51
PASS | Read RS1 | addr=6 -> data=0x772c
PASS | Read RS2 | addr=2 -> data=0xa092
PASS | Read RS1 | addr=0 -> data=0x0
PASS | Read RS2 | addr=2 -> data=0xa092
PASS | Read RS1 | addr=4 -> data=0xd3a1
PASS | Read RS2 | addr=3 -> data=0x6cbd
PASS | Read RS1 | addr=6 -> data=0x772c
PASS | Read RS2 | addr=5 -> data=0x63a4
PASS | Read RS1 | addr=0 -> data=0x0
PASS | Read RS2 | addr=6 -> data=0x772c
PASS | Read RS1 | addr=6 -> data=0x772c
PASS | Read RS2 | addr=7 -> data=0xae51
PASS | Read RS1 | addr=3 -> data=0xb0dc
PASS | Read RS2 | addr=1 -> data=0x3666
PASS | Read RS1 | addr=7 -> data=0x8237
PASS | Read RS2 | addr=5 -> data=0x63a4
PASS | Read RS1 | addr=6 -> data=0x772c
PASS | Read RS2 | addr=6 -> data=0x772c
PASS | Read RS1 | addr=3 -> data=0xb0dc
PASS | Read RS2 | addr=3 -> data=0xb0dc
PASS | Read RS1 | addr=3 -> data=0xb0dc
PASS | Read RS2 | addr=6 -> data=0x772c
PASS | Read RS1 | addr=1 -> data=0x3666
PASS | Read RS2 | addr=6 -> data=0x772c
PASS | Read RS1 | addr=7 -> data=0x83c7
PASS | Read RS2 | addr=2 -> data=0x382
PASS | Read RS1 | addr=7 -> data=0x83c7
PASS | Read RS2 | addr=4 -> data=0xd3a1
PASS | Read RS1 | addr=1 -> data=0x3666
PASS | Read RS2 | addr=4 -> data=0xd3a1
PASS | Read RS1 | addr=4 -> data=0xd3a1
PASS | Read RS2 | addr=7 -> data=0x1155
PASS | Read RS1 | addr=4 -> data=0xd3a1
PASS | Read RS2 | addr=0 -> data=0x0
PASS | Read RS1 | addr=6 -> data=0x772c
PASS | Read RS2 | addr=3 -> data=0xb0dc
PASS | Read RS1 | addr=1 -> data=0x3666
PASS | Read RS2 | addr=7 -> data=0x6319
PASS | Read RS1 | addr=5 -> data=0x63a4
PASS | Read RS2 | addr=0 -> data=0x0
PASS | Read RS1 | addr=2 -> data=0x382
PASS | Read RS2 | addr=4 -> data=0xd3a1
PASS | Read RS1 | addr=4 -> data=0xd3a1
PASS | Read RS2 | addr=4 -> data=0xd3a1
PASS | Read RS1 | addr=0 -> data=0x0
PASS | Read RS2 | addr=6 -> data=0x772c
PASS | Read RS1 | addr=7 -> data=0x6319
PASS | Read RS2 | addr=3 -> data=0xb0dc
PASS | Read RS1 | addr=3 -> data=0xb0dc
PASS | Read RS2 | addr=6 -> data=0x55f4
PASS | Read RS1 | addr=2 -> data=0x382
PASS | Read RS2 | addr=3 -> data=0xb0dc
PASS | Read RS1 | addr=5 -> data=0x63a4
PASS | Read RS2 | addr=2 -> data=0x382
PASS | Read RS1 | addr=7 -> data=0xdd58
PASS | Read RS2 | addr=1 -> data=0x3666
PASS | Read RS1 | addr=2 -> data=0x382
PASS | Read RS2 | addr=5 -> data=0x969a
PASS | Read RS1 | addr=1 -> data=0x3666
PASS | Read RS2 | addr=6 -> data=0x55f4
PASS | Read RS1 | addr=1 -> data=0x3666
PASS | Read RS2 | addr=1 -> data=0x3666
PASS | Read RS1 | addr=0 -> data=0x0
PASS | Read RS2 | addr=2 -> data=0x382
PASS | Read RS1 | addr=6 -> data=0x6c51
PASS | Read RS2 | addr=3 -> data=0xb0dc
PASS | Read RS1 | addr=3 -> data=0xb0dc
PASS | Read RS2 | addr=5 -> data=0x969a
PASS | Read RS1 | addr=4 -> data=0x888d
PASS | Read RS2 | addr=6 -> data=0x6c51
PASS | Read RS1 | addr=6 -> data=0x6c51
PASS | Read RS2 | addr=0 -> data=0x0
PASS | Read RS1 | addr=3 -> data=0xb0dc
PASS | Read RS2 | addr=0 -> data=0x0
PASS | Read RS1 | addr=5 -> data=0x969a
PASS | Read RS2 | addr=6 -> data=0x6c51
PASS | Read RS1 | addr=0 -> data=0x0
PASS | Read RS2 | addr=1 -> data=0x3666
PASS | Read RS1 | addr=2 -> data=0x731
PASS | Read RS2 | addr=7 -> data=0xdaa0
PASS | Read RS1 | addr=3 -> data=0xb0dc
PASS | Read RS2 | addr=6 -> data=0x6c51
PASS | Read RS1 | addr=4 -> data=0x5a76
PASS | Read RS2 | addr=2 -> data=0x731
PASS | Read RS1 | addr=0 -> data=0x0
PASS | Read RS2 | addr=4 -> data=0x5a76
PASS | Read RS1 | addr=5 -> data=0x969a
PASS | Read RS2 | addr=1 -> data=0x3666
PASS | Read RS1 | addr=5 -> data=0x969a
PASS | Read RS2 | addr=7 -> data=0x613b
PASS | Read RS1 | addr=5 -> data=0x969a
PASS | Read RS2 | addr=1 -> data=0x3666
PASS | Read RS1 | addr=3 -> data=0xb0dc
PASS | Read RS2 | addr=7 -> data=0x7ad5
PASS | Read RS1 | addr=7 -> data=0x7ad5
PASS | Read RS2 | addr=2 -> data=0x9c7c
PASS | Read RS1 | addr=0 -> data=0x0
PASS | Read RS2 | addr=0 -> data=0x0
PASS | Read RS1 | addr=6 -> data=0x6c51
PASS | Read RS2 | addr=2 -> data=0x9c7c
PASS | Read RS1 | addr=2 -> data=0x9c7c
PASS | Read RS2 | addr=3 -> data=0xa176
PASS | Read RS1 | addr=4 -> data=0x5a76
PASS | Read RS2 | addr=4 -> data=0x5a76
PASS | Read RS1 | addr=5 -> data=0x969a
PASS | Read RS2 | addr=4 -> data=0x5a76
PASS | Read RS1 | addr=5 -> data=0x969a
PASS | Read RS2 | addr=4 -> data=0x5a76
PASS | Read RS1 | addr=0 -> data=0x0
PASS | Read RS2 | addr=5 -> data=0x969a
PASS | Read RS1 | addr=6 -> data=0xf457
PASS | Read RS2 | addr=7 -> data=0xf50e
PASS | Read RS1 | addr=5 -> data=0x969a
PASS | Read RS2 | addr=7 -> data=0xf50e
PASS | Read RS1 | addr=5 -> data=0x969a
PASS | Read RS2 | addr=6 -> data=0xf457
PASS | Read RS1 | addr=7 -> data=0xf50e
PASS | Read RS2 | addr=3 -> data=0xdc1b
PASS | Read RS1 | addr=0 -> data=0x0
PASS | Read RS2 | addr=4 -> data=0xe001
PASS | Read RS1 | addr=5 -> data=0x969a
PASS | Read RS2 | addr=6 -> data=0xf457
PASS | Read RS1 | addr=4 -> data=0xe001
PASS | Read RS2 | addr=2 -> data=0x9c7c
PASS | Read RS1 | addr=7 -> data=0x90a5
PASS | Read RS2 | addr=2 -> data=0x9c7c
PASS | Read RS1 | addr=5 -> data=0x969a
PASS | Read RS2 | addr=2 -> data=0x9c7c
PASS | Read RS1 | addr=4 -> data=0xe001
PASS | Read RS2 | addr=3 -> data=0x2c81
PASS | Read RS1 | addr=5 -> data=0x969a
PASS | Read RS2 | addr=4 -> data=0xe001
PASS | Read RS1 | addr=3 -> data=0x2c81
PASS | Read RS2 | addr=1 -> data=0xf21
PASS | Read RS1 | addr=7 -> data=0xe7e5
PASS | Read RS2 | addr=5 -> data=0x969a
PASS | Read RS1 | addr=0 -> data=0x0
PASS | Read RS2 | addr=0 -> data=0x0
PASS | Read RS1 | addr=1 -> data=0xf21
PASS | Read RS2 | addr=6 -> data=0xc504
PASS | Read RS1 | addr=2 -> data=0xd3ab
PASS | Read RS2 | addr=0 -> data=0x0
PASS | Read RS1 | addr=4 -> data=0xe001
PASS | Read RS2 | addr=0 -> data=0x0
PASS | Read RS1 | addr=1 -> data=0xf21
PASS | Read RS2 | addr=1 -> data=0xf21
PASS | Read RS1 | addr=7 -> data=0x3c14
PASS | Read RS2 | addr=4 -> data=0xe001
PASS | Read RS1 | addr=4 -> data=0xe001
PASS | Read RS2 | addr=5 -> data=0x969a
PASS | Read RS1 | addr=7 -> data=0x8eb
PASS | Read RS2 | addr=4 -> data=0xb459
PASS | Read RS1 | addr=0 -> data=0x0
PASS | Read RS2 | addr=0 -> data=0x0
PASS | Read RS1 | addr=7 -> data=0x8eb
PASS | Read RS2 | addr=3 -> data=0xbbd
PASS | Read RS1 | addr=5 -> data=0x969a
PASS | Read RS2 | addr=6 -> data=0xc504
PASS | Read RS1 | addr=5 -> data=0x969a
PASS | Read RS2 | addr=4 -> data=0xb459
PASS | Read RS1 | addr=7 -> data=0x8eb
PASS | Read RS2 | addr=7 -> data=0x8eb
PASS | Read RS1 | addr=0 -> data=0x0
PASS | Read RS2 | addr=4 -> data=0xb459
PASS | Read RS1 | addr=3 -> data=0xbbd
PASS | Read RS2 | addr=3 -> data=0xbbd
PASS | Read RS1 | addr=1 -> data=0xf21
PASS | Read RS2 | addr=4 -> data=0xb459
PASS | Read RS1 | addr=5 -> data=0x969a
PASS | Read RS2 | addr=0 -> data=0x0
PASS | Read RS1 | addr=6 -> data=0xc504
PASS | Read RS2 | addr=2 -> data=0x820
PASS | Read RS1 | addr=4 -> data=0xb459
PASS | Read RS2 | addr=5 -> data=0x969a
PASS | Read RS1 | addr=4 -> data=0xb459
PASS | Read RS2 | addr=2 -> data=0x820
PASS | Read RS1 | addr=5 -> data=0x969a
PASS | Read RS2 | addr=2 -> data=0x820
PASS | Read RS1 | addr=4 -> data=0xb459
PASS | Read RS2 | addr=1 -> data=0xf21
PASS | Read RS1 | addr=1 -> data=0xf21
PASS | Read RS2 | addr=1 -> data=0xf21
PASS | Read RS1 | addr=7 -> data=0x482e
PASS | Read RS2 | addr=7 -> data=0x482e
PASS | Read RS1 | addr=3 -> data=0xbbd
PASS | Read RS2 | addr=4 -> data=0xb459
PASS | Read RS1 | addr=5 -> data=0x969a
PASS | Read RS2 | addr=7 -> data=0x420f
PASS | Read RS1 | addr=5 -> data=0x969a
PASS | Read RS2 | addr=1 -> data=0xf21
PASS | Read RS1 | addr=4 -> data=0xb459
PASS | Read RS2 | addr=3 -> data=0xbbd
PASS | Read RS1 | addr=2 -> data=0x820
PASS | Read RS2 | addr=0 -> data=0x0
PASS | Read RS1 | addr=4 -> data=0xb459
PASS | Read RS2 | addr=2 -> data=0x820
PASS | Read RS1 | addr=1 -> data=0x1b71
PASS | Read RS2 | addr=3 -> data=0xbbd
PASS | Read RS1 | addr=4 -> data=0xb459
PASS | Read RS2 | addr=0 -> data=0x0
PASS | Read RS1 | addr=5 -> data=0x969a
PASS | Read RS2 | addr=4 -> data=0xb459
PASS | Read RS1 | addr=7 -> data=0xfa07
PASS | Read RS2 | addr=1 -> data=0x1b71
PASS | Read RS1 | addr=0 -> data=0x0
PASS | Read RS2 | addr=3 -> data=0xbbd
PASS | Read RS1 | addr=4 -> data=0xb459
PASS | Read RS2 | addr=2 -> data=0x820
PASS | Read RS1 | addr=0 -> data=0x0
PASS | Read RS2 | addr=4 -> data=0xb459
PASS | Read RS1 | addr=7 -> data=0xba2e
PASS | Read RS2 | addr=4 -> data=0xb459
PASS | Read RS1 | addr=7 -> data=0xace6
PASS | Read RS2 | addr=7 -> data=0xace6
PASS | Read RS1 | addr=5 -> data=0x969a
PASS | Read RS2 | addr=1 -> data=0x710c
PASS | Read RS1 | addr=3 -> data=0xbbd
PASS | Read RS2 | addr=6 -> data=0xa672
PASS | Read RS1 | addr=7 -> data=0xcd5f
PASS | Read RS2 | addr=2 -> data=0x820
PASS | Read RS1 | addr=7 -> data=0xcd5f
PASS | Read RS2 | addr=0 -> data=0x0
PASS | Read RS1 | addr=4 -> data=0xb459
PASS | Read RS2 | addr=0 -> data=0x0
PASS | Read RS1 | addr=1 -> data=0x710c
PASS | Read RS2 | addr=3 -> data=0xbbd
PASS | Read RS1 | addr=1 -> data=0x710c
PASS | Read RS2 | addr=2 -> data=0x820
PASS | Read RS1 | addr=3 -> data=0xbbd
PASS | Read RS2 | addr=5 -> data=0x5a5e
PASS | Read RS1 | addr=1 -> data=0x710c
PASS | Read RS2 | addr=3 -> data=0xbbd
PASS | Read RS1 | addr=2 -> data=0x820
PASS | Read RS2 | addr=7 -> data=0xea1e
PASS | Read RS1 | addr=3 -> data=0xbbd
PASS | Read RS2 | addr=1 -> data=0x710c
PASS | Read RS1 | addr=4 -> data=0xb459
PASS | Read RS2 | addr=5 -> data=0xe84e
PASS | Read RS1 | addr=5 -> data=0xe84e
PASS | Read RS2 | addr=7 -> data=0xea1e
PASS | Read RS1 | addr=1 -> data=0x710c
PASS | Read RS2 | addr=6 -> data=0x35be
PASS | Read RS1 | addr=3 -> data=0xbbd
PASS | Read RS2 | addr=0 -> data=0x0
PASS | Read RS1 | addr=2 -> data=0x820
PASS | Read RS2 | addr=3 -> data=0xbbd
PASS | Read RS1 | addr=0 -> data=0x0
PASS | Read RS2 | addr=6 -> data=0x35be
PASS | Read RS1 | addr=5 -> data=0xe84e
PASS | Read RS2 | addr=4 -> data=0xb459
PASS | Read RS1 | addr=6 -> data=0x35be
PASS | Read RS2 | addr=7 -> data=0x42e6
PASS | Read RS1 | addr=4 -> data=0xb459
PASS | Read RS2 | addr=6 -> data=0x35be
PASS | Read RS1 | addr=1 -> data=0xf2a2
PASS | Read RS2 | addr=7 -> data=0x42e6
PASS | Read RS1 | addr=7 -> data=0x42e6
PASS | Read RS2 | addr=2 -> data=0xf566
PASS | Read RS1 | addr=5 -> data=0xe84e
PASS | Read RS2 | addr=2 -> data=0xf566
PASS | Read RS1 | addr=7 -> data=0x42e6
PASS | Read RS2 | addr=3 -> data=0xbbd
PASS | Read RS1 | addr=2 -> data=0xf566
PASS | Read RS2 | addr=4 -> data=0xb459
PASS | Read RS1 | addr=4 -> data=0xb459
PASS | Read RS2 | addr=3 -> data=0xbbd
PASS | Read RS1 | addr=4 -> data=0xb459
PASS | Read RS2 | addr=3 -> data=0xbbd
PASS | Read RS1 | addr=4 -> data=0xb459
PASS | Read RS2 | addr=2 -> data=0xf566
PASS | Read RS1 | addr=6 -> data=0x35be
PASS | Read RS2 | addr=7 -> data=0x86d4
PASS | Read RS1 | addr=1 -> data=0xf2a2
PASS | Read RS2 | addr=7 -> data=0x86d4
PASS | Read RS1 | addr=2 -> data=0xf566
PASS | Read RS2 | addr=4 -> data=0xb459
PASS | Read RS1 | addr=3 -> data=0xbbd
PASS | Read RS2 | addr=7 -> data=0x1009
PASS | Read RS1 | addr=4 -> data=0xb459
PASS | Read RS2 | addr=3 -> data=0xbbd
PASS | Read RS1 | addr=6 -> data=0x35be
PASS | Read RS2 | addr=5 -> data=0xe84e
PASS | Read RS1 | addr=3 -> data=0xbbd
PASS | Read RS2 | addr=2 -> data=0xf566
PASS | Read RS1 | addr=3 -> data=0xbbd
PASS | Read RS2 | addr=2 -> data=0xf566
PASS | Read RS1 | addr=7 -> data=0xa7f4
PASS | Read RS2 | addr=0 -> data=0x0
PASS | Read RS1 | addr=7 -> data=0xf75f
PASS | Read RS2 | addr=1 -> data=0xf2a2
PASS | Read RS1 | addr=5 -> data=0xe84e
PASS | Read RS2 | addr=6 -> data=0x35be
PASS | Read RS1 | addr=3 -> data=0xbbd
PASS | Read RS2 | addr=0 -> data=0x0
PASS | Read RS1 | addr=0 -> data=0x0
PASS | Read RS2 | addr=3 -> data=0xbbd
PASS | Read RS1 | addr=5 -> data=0xe84e
PASS | Read RS2 | addr=0 -> data=0x0
PASS | Read RS1 | addr=0 -> data=0x0
PASS | Read RS2 | addr=4 -> data=0xb459
PASS | Read RS1 | addr=2 -> data=0xd467
PASS | Read RS2 | addr=4 -> data=0xb459
PASS | Read RS1 | addr=6 -> data=0x35be
PASS | Read RS2 | addr=1 -> data=0xf2a2
PASS | Read RS1 | addr=4 -> data=0xb459
PASS | Read RS2 | addr=0 -> data=0x0
PASS | Read RS1 | addr=6 -> data=0x35be
PASS | Read RS2 | addr=4 -> data=0xb459
PASS | Read RS1 | addr=4 -> data=0xb459
PASS | Read RS2 | addr=0 -> data=0x0
PASS | Read RS1 | addr=7 -> data=0x7dc6
PASS | Read RS2 | addr=3 -> data=0xbbd
PASS | Read RS1 | addr=3 -> data=0xbbd
PASS | Read RS2 | addr=6 -> data=0x35be
PASS | Read RS1 | addr=6 -> data=0x35be
PASS | Read RS2 | addr=6 -> data=0x35be
PASS | Read RS1 | addr=4 -> data=0xb459
PASS | Read RS2 | addr=0 -> data=0x0
PASS | Read RS1 | addr=1 -> data=0xf2a2
PASS | Read RS2 | addr=0 -> data=0x0
PASS | Read RS1 | addr=4 -> data=0xa783
PASS | Read RS2 | addr=5 -> data=0x8de1
PASS | Read RS1 | addr=2 -> data=0xd467
PASS | Read RS2 | addr=7 -> data=0xac71
PASS | Read RS1 | addr=5 -> data=0x8de1
PASS | Read RS2 | addr=6 -> data=0x35be
PASS | Read RS1 | addr=6 -> data=0x35be
PASS | Read RS2 | addr=1 -> data=0xf2a2
PASS | Read RS1 | addr=5 -> data=0x8de1
PASS | Read RS2 | addr=2 -> data=0xd467
PASS | Read RS1 | addr=4 -> data=0xa783
PASS | Read RS2 | addr=5 -> data=0x8de1
PASS | Read RS1 | addr=4 -> data=0xa783
PASS | Read RS2 | addr=3 -> data=0xbbd
PASS | Read RS1 | addr=5 -> data=0x8de1
PASS | Read RS2 | addr=3 -> data=0xbbd
PASS | Read RS1 | addr=4 -> data=0x7e8f
PASS | Read RS2 | addr=0 -> data=0x0
PASS | Read RS1 | addr=3 -> data=0xbbd
PASS | Read RS2 | addr=7 -> data=0xf5ee
PASS | Read RS1 | addr=7 -> data=0xf5ee
PASS | Read RS2 | addr=5 -> data=0x8de1
PASS | Read RS1 | addr=7 -> data=0xf5ee
PASS | Read RS2 | addr=4 -> data=0x7e8f
PASS | Read RS1 | addr=1 -> data=0x4879
PASS | Read RS2 | addr=5 -> data=0x8de1
PASS | Read RS1 | addr=7 -> data=0xf5ee
PASS | Read RS2 | addr=5 -> data=0x8de1
PASS | Read RS1 | addr=0 -> data=0x0
PASS | Read RS2 | addr=4 -> data=0x9ab6
PASS | Read RS1 | addr=4 -> data=0x9ab6
PASS | Read RS2 | addr=7 -> data=0x6607
PASS | Read RS1 | addr=1 -> data=0x66eb
PASS | Read RS2 | addr=1 -> data=0x66eb
PASS | Read RS1 | addr=1 -> data=0x66eb
PASS | Read RS2 | addr=5 -> data=0x8de1
PASS | Read RS1 | addr=3 -> data=0xbbd
PASS | Read RS2 | addr=2 -> data=0x5fde
PASS | Read RS1 | addr=3 -> data=0xbbd
PASS | Read RS2 | addr=7 -> data=0x6607
PASS | Read RS1 | addr=6 -> data=0x35be
PASS | Read RS2 | addr=2 -> data=0x5fde
PASS | Read RS1 | addr=3 -> data=0xbbd
PASS | Read RS2 | addr=4 -> data=0x9ab6
PASS | Read RS1 | addr=6 -> data=0x35be
PASS | Read RS2 | addr=0 -> data=0x0
PASS | Read RS1 | addr=3 -> data=0xbbd
PASS | Read RS2 | addr=2 -> data=0x5fde
PASS | Read RS1 | addr=5 -> data=0x8de1
PASS | Read RS2 | addr=7 -> data=0x788d
PASS | Read RS1 | addr=3 -> data=0xbbd
PASS | Read RS2 | addr=1 -> data=0xf2ed
PASS | Read RS1 | addr=6 -> data=0x35be
PASS | Read RS2 | addr=5 -> data=0x8de1
PASS | Read RS1 | addr=1 -> data=0xf2ed
PASS | Read RS2 | addr=1 -> data=0xf2ed
PASS | Read RS1 | addr=6 -> data=0x35be
PASS | Read RS2 | addr=0 -> data=0x0
PASS | Read RS1 | addr=0 -> data=0x0
PASS | Read RS2 | addr=4 -> data=0x9ab6
PASS | Read RS1 | addr=6 -> data=0x35be
PASS | Read RS2 | addr=4 -> data=0x9ab6
PASS | Read RS1 | addr=1 -> data=0xf2ed
PASS | Read RS2 | addr=1 -> data=0xf2ed
PASS | Read RS1 | addr=2 -> data=0x5fde
PASS | Read RS2 | addr=1 -> data=0xf2ed
PASS | Read RS1 | addr=2 -> data=0x5fde
PASS | Read RS2 | addr=2 -> data=0x5fde
PASS | Read RS1 | addr=4 -> data=0x9ab6
PASS | Read RS2 | addr=4 -> data=0x9ab6
PASS | Read RS1 | addr=3 -> data=0x7574
PASS | Read RS2 | addr=4 -> data=0x9ab6
PASS | Read RS1 | addr=1 -> data=0xf2ed
PASS | Read RS2 | addr=2 -> data=0x5fde
PASS | Read RS1 | addr=3 -> data=0x7574
PASS | Read RS2 | addr=1 -> data=0xf2ed
PASS | Read RS1 | addr=2 -> data=0x5fde
PASS | Read RS2 | addr=3 -> data=0x7574
PASS | Read RS1 | addr=0 -> data=0x0
PASS | Read RS2 | addr=6 -> data=0x35be
PASS | Read RS1 | addr=1 -> data=0xf2ed
PASS | Read RS2 | addr=5 -> data=0x8de1
PASS | Read RS1 | addr=7 -> data=0xe559
PASS | Read RS2 | addr=7 -> data=0xe559
PASS | Read RS1 | addr=3 -> data=0x7574
PASS | Read RS2 | addr=7 -> data=0xe559
PASS | Read RS1 | addr=3 -> data=0x7574
PASS | Read RS2 | addr=6 -> data=0x98e4
PASS | Read RS1 | addr=5 -> data=0x8de1
PASS | Read RS2 | addr=5 -> data=0x8de1
PASS | Read RS1 | addr=0 -> data=0x0
PASS | Read RS2 | addr=6 -> data=0x949d
PASS | Read RS1 | addr=7 -> data=0xe559
PASS | Read RS2 | addr=4 -> data=0x9ab6
PASS | Read RS1 | addr=6 -> data=0x949d
PASS | Read RS2 | addr=7 -> data=0xe559
PASS | Read RS1 | addr=0 -> data=0x0
PASS | Read RS2 | addr=1 -> data=0xb89f
PASS | Read RS1 | addr=2 -> data=0xb1f1
PASS | Read RS2 | addr=7 -> data=0xe559
PASS | Read RS1 | addr=5 -> data=0x8de1
PASS | Read RS2 | addr=1 -> data=0xb89f
PASS | Read RS1 | addr=7 -> data=0x84a7
PASS | Read RS2 | addr=1 -> data=0xb89f
PASS | Read RS1 | addr=7 -> data=0x84a7
PASS | Read RS2 | addr=3 -> data=0xe551
PASS | Read RS1 | addr=0 -> data=0x0
PASS | Read RS2 | addr=4 -> data=0x1471
PASS | Read RS1 | addr=7 -> data=0x84a7
PASS | Read RS2 | addr=7 -> data=0x84a7
PASS | Read RS1 | addr=2 -> data=0xb1f1
PASS | Read RS2 | addr=5 -> data=0x8de1
PASS | Read RS1 | addr=6 -> data=0x949d
PASS | Read RS2 | addr=2 -> data=0xb1f1
PASS | Read RS1 | addr=4 -> data=0x1471
PASS | Read RS2 | addr=7 -> data=0x84a7
PASS | Read RS1 | addr=1 -> data=0xb89f
PASS | Read RS2 | addr=2 -> data=0xb1f1
PASS | Read RS1 | addr=2 -> data=0xb1f1
PASS | Read RS2 | addr=1 -> data=0xb89f
PASS | Read RS1 | addr=5 -> data=0x3051
PASS | Read RS2 | addr=1 -> data=0xb89f
PASS | Read RS1 | addr=1 -> data=0xb89f
PASS | Read RS2 | addr=6 -> data=0x949d
PASS | Read RS1 | addr=2 -> data=0xb1f1
PASS | Read RS2 | addr=1 -> data=0xb89f
PASS | Read RS1 | addr=5 -> data=0x3051
PASS | Read RS2 | addr=4 -> data=0x1471
PASS | Read RS1 | addr=0 -> data=0x0
PASS | Read RS2 | addr=5 -> data=0x3051
PASS | Read RS1 | addr=0 -> data=0x0
PASS | Read RS2 | addr=6 -> data=0x949d
PASS | Read RS1 | addr=4 -> data=0x1471
PASS | Read RS2 | addr=3 -> data=0xe551
PASS | Read RS1 | addr=0 -> data=0x0
PASS | Read RS2 | addr=7 -> data=0x4968
PASS | Read RS1 | addr=0 -> data=0x0
PASS | Read RS2 | addr=7 -> data=0x4968
PASS | Read RS1 | addr=7 -> data=0x4968
PASS | Read RS2 | addr=4 -> data=0x1471
PASS | Read RS1 | addr=7 -> data=0x9cf5
PASS | Read RS2 | addr=3 -> data=0xe551
PASS | Read RS1 | addr=1 -> data=0xb89f
PASS | Read RS2 | addr=5 -> data=0x3051
PASS | Read RS1 | addr=2 -> data=0xb1f1
PASS | Read RS2 | addr=5 -> data=0x3051
PASS | Read RS1 | addr=3 -> data=0x2ecb
PASS | Read RS2 | addr=7 -> data=0xaa65
PASS | Read RS1 | addr=2 -> data=0xb1f1
PASS | Read RS2 | addr=4 -> data=0x1471
PASS | Read RS1 | addr=5 -> data=0x3051
PASS | Read RS2 | addr=5 -> data=0x3051
PASS | Read RS1 | addr=2 -> data=0x98de
PASS | Read RS2 | addr=2 -> data=0x98de
PASS | Read RS1 | addr=3 -> data=0x2ecb
PASS | Read RS2 | addr=7 -> data=0x8bcf
PASS | Read RS1 | addr=0 -> data=0x0
PASS | Read RS2 | addr=0 -> data=0x0
PASS | Read RS1 | addr=3 -> data=0x2ecb
PASS | Read RS2 | addr=2 -> data=0x98de
PASS | Read RS1 | addr=5 -> data=0x3051
PASS | Read RS2 | addr=0 -> data=0x0
PASS | Read RS1 | addr=3 -> data=0x2ecb
PASS | Read RS2 | addr=0 -> data=0x0
PASS | Read RS1 | addr=0 -> data=0x0
PASS | Read RS2 | addr=5 -> data=0x3051
PASS | Read RS1 | addr=7 -> data=0x8ff1
PASS | Read RS2 | addr=5 -> data=0x3051
PASS | Read RS1 | addr=6 -> data=0x949d
PASS | Read RS2 | addr=1 -> data=0xb89f
PASS | Read RS1 | addr=3 -> data=0x2ecb
PASS | Read RS2 | addr=7 -> data=0x8ff1
PASS | Read RS1 | addr=7 -> data=0x8ff1
PASS | Read RS2 | addr=0 -> data=0x0
PASS | Read RS1 | addr=5 -> data=0x3051
PASS | Read RS2 | addr=4 -> data=0x287d
PASS | Read RS1 | addr=5 -> data=0x3051
PASS | Read RS2 | addr=7 -> data=0xa3f7
PASS | Read RS1 | addr=7 -> data=0x5570
PASS | Read RS2 | addr=3 -> data=0x2ecb
PASS | Read RS1 | addr=6 -> data=0x949d
PASS | Read RS2 | addr=4 -> data=0x287d
PASS | Read RS1 | addr=0 -> data=0x0
PASS | Read RS2 | addr=7 -> data=0x5570
PASS | Read RS1 | addr=2 -> data=0x98de
PASS | Read RS2 | addr=6 -> data=0x949d
PASS | Read RS1 | addr=6 -> data=0x949d
PASS | Read RS2 | addr=5 -> data=0x3051
PASS | Read RS1 | addr=1 -> data=0xec7d
PASS | Read RS2 | addr=6 -> data=0x949d
PASS | Read RS1 | addr=2 -> data=0xb324
PASS | Read RS2 | addr=4 -> data=0xa600
PASS | Read RS1 | addr=1 -> data=0xf0fe
PASS | Read RS2 | addr=6 -> data=0x949d
PASS | Read RS1 | addr=1 -> data=0xf0fe
PASS | Read RS2 | addr=6 -> data=0x949d
PASS | Read RS1 | addr=6 -> data=0x949d
PASS | Read RS2 | addr=2 -> data=0x5ac6
PASS | Read RS1 | addr=7 -> data=0xfad1
PASS | Read RS2 | addr=4 -> data=0xa600
PASS | Read RS1 | addr=3 -> data=0x2ecb
PASS | Read RS2 | addr=1 -> data=0xf0fe
PASS | Read RS1 | addr=3 -> data=0x2ecb
PASS | Read RS2 | addr=6 -> data=0x949d
PASS | Read RS1 | addr=3 -> data=0x2ecb
PASS | Read RS2 | addr=0 -> data=0x0
PASS | Read RS1 | addr=6 -> data=0x949d
PASS | Read RS2 | addr=1 -> data=0xf0fe
PASS | Read RS1 | addr=6 -> data=0x949d
PASS | Read RS2 | addr=6 -> data=0x949d
PASS | Read RS1 | addr=3 -> data=0xf4b7
PASS | Read RS2 | addr=2 -> data=0xe6d5
PASS | Read RS1 | addr=2 -> data=0xe6d5
PASS | Read RS2 | addr=2 -> data=0xe6d5
PASS | Read RS1 | addr=1 -> data=0xf0fe
PASS | Read RS2 | addr=3 -> data=0xf4b7
PASS | Read RS1 | addr=1 -> data=0xf0fe
PASS | Read RS2 | addr=4 -> data=0xa600
PASS | Read RS1 | addr=2 -> data=0xe6d5
PASS | Read RS2 | addr=3 -> data=0xf4b7
PASS | Read RS1 | addr=5 -> data=0x3051
PASS | Read RS2 | addr=7 -> data=0xb846
PASS | Read RS1 | addr=6 -> data=0x949d
PASS | Read RS2 | addr=3 -> data=0xf4b7
PASS | Read RS1 | addr=7 -> data=0xb846
PASS | Read RS2 | addr=3 -> data=0xd20c
PASS | Read RS1 | addr=1 -> data=0x9b90
PASS | Read RS2 | addr=1 -> data=0x9b90
PASS | Read RS1 | addr=5 -> data=0x3051
PASS | Read RS2 | addr=4 -> data=0xa600
PASS | Read RS1 | addr=1 -> data=0x9b90
PASS | Read RS2 | addr=3 -> data=0xd20c
PASS | Read RS1 | addr=6 -> data=0x949d
PASS | Read RS2 | addr=3 -> data=0xd20c
PASS | Read RS1 | addr=1 -> data=0xe698
PASS | Read RS2 | addr=0 -> data=0x0
PASS | Read RS1 | addr=7 -> data=0xfd6d
PASS | Read RS2 | addr=2 -> data=0xe6d5
PASS | Read RS1 | addr=3 -> data=0xd20c
PASS | Read RS2 | addr=2 -> data=0xe6d5
PASS | Read RS1 | addr=5 -> data=0x3051
PASS | Read RS2 | addr=4 -> data=0xa600
PASS | Read RS1 | addr=1 -> data=0xe698
PASS | Read RS2 | addr=7 -> data=0xfd6d
PASS | Read RS1 | addr=6 -> data=0x949d
PASS | Read RS2 | addr=3 -> data=0xd20c
PASS | Read RS1 | addr=6 -> data=0x949d
PASS | Read RS2 | addr=5 -> data=0x3051
PASS | Read RS1 | addr=5 -> data=0x3051
PASS | Read RS2 | addr=7 -> data=0x7138
PASS | Read RS1 | addr=2 -> data=0x7301
PASS | Read RS2 | addr=4 -> data=0xa600
PASS | Read RS1 | addr=3 -> data=0xd20c
PASS | Read RS2 | addr=1 -> data=0xe698
PASS | Read RS1 | addr=3 -> data=0xeaf3
PASS | Read RS2 | addr=3 -> data=0xeaf3
PASS | Read RS1 | addr=3 -> data=0xeaf3
PASS | Read RS2 | addr=4 -> data=0xa600
PASS | Read RS1 | addr=1 -> data=0xe698
PASS | Read RS2 | addr=4 -> data=0xa600
PASS | Read RS1 | addr=3 -> data=0xeaf3
PASS | Read RS2 | addr=6 -> data=0x949d
PASS | Read RS1 | addr=6 -> data=0x949d
PASS | Read RS2 | addr=5 -> data=0x3051
PASS | Read RS1 | addr=1 -> data=0xe698
PASS | Read RS2 | addr=6 -> data=0x949d
PASS | Read RS1 | addr=4 -> data=0xa600
PASS | Read RS2 | addr=3 -> data=0xdd7e
PASS | Read RS1 | addr=6 -> data=0x949d
PASS | Read RS2 | addr=0 -> data=0x0
PASS | Read RS1 | addr=3 -> data=0xdd7e
PASS | Read RS2 | addr=5 -> data=0x3051
PASS | Read RS1 | addr=7 -> data=0xc8e
PASS | Read RS2 | addr=0 -> data=0x0
PASS | Read RS1 | addr=4 -> data=0xa600
PASS | Read RS2 | addr=1 -> data=0xb2a0
PASS | Read RS1 | addr=4 -> data=0xa600
PASS | Read RS2 | addr=7 -> data=0xc8e
PASS | Read RS1 | addr=4 -> data=0xa600
PASS | Read RS2 | addr=1 -> data=0xb2a0
PASS | Read RS1 | addr=2 -> data=0x97d3
PASS | Read RS2 | addr=0 -> data=0x0
PASS | Read RS1 | addr=5 -> data=0x3051
PASS | Read RS2 | addr=3 -> data=0xdd7e
PASS | Read RS1 | addr=5 -> data=0x3051
PASS | Read RS2 | addr=0 -> data=0x0
PASS | Read RS1 | addr=4 -> data=0xa600
PASS | Read RS2 | addr=5 -> data=0x3051
PASS | Read RS1 | addr=7 -> data=0xebca
PASS | Read RS2 | addr=3 -> data=0xdd7e
PASS | Read RS1 | addr=1 -> data=0xb2a0
PASS | Read RS2 | addr=7 -> data=0xebca
PASS | Read RS1 | addr=5 -> data=0x3051
PASS | Read RS2 | addr=3 -> data=0xdd7e
PASS | Read RS1 | addr=0 -> data=0x0
PASS | Read RS2 | addr=0 -> data=0x0
PASS | Read RS1 | addr=6 -> data=0x949d
PASS | Read RS2 | addr=7 -> data=0xebca
PASS | Read RS1 | addr=7 -> data=0xebca
PASS | Read RS2 | addr=0 -> data=0x0
PASS | Read RS1 | addr=5 -> data=0x3051
PASS | Read RS2 | addr=3 -> data=0xdd7e
PASS | Read RS1 | addr=6 -> data=0x949d
PASS | Read RS2 | addr=0 -> data=0x0
PASS | Read RS1 | addr=5 -> data=0x3051
PASS | Read RS2 | addr=1 -> data=0xb2a0
PASS | Read RS1 | addr=6 -> data=0x949d
PASS | Read RS2 | addr=5 -> data=0x3051
PASS | Read RS1 | addr=0 -> data=0x0
PASS | Read RS2 | addr=5 -> data=0x3051
PASS | Read RS1 | addr=0 -> data=0x0
PASS | Read RS2 | addr=5 -> data=0x3051
PASS | Read RS1 | addr=6 -> data=0x949d
PASS | Read RS2 | addr=2 -> data=0x2f4f
PASS | Read RS1 | addr=3 -> data=0xdd7e
PASS | Read RS2 | addr=5 -> data=0x3051
PASS | Read RS1 | addr=1 -> data=0xb2a0
PASS | Read RS2 | addr=1 -> data=0xb2a0
PASS | Read RS1 | addr=6 -> data=0x949d
PASS | Read RS2 | addr=4 -> data=0xa600
PASS | Read RS1 | addr=0 -> data=0x0
PASS | Read RS2 | addr=4 -> data=0xa600
PASS | Read RS1 | addr=6 -> data=0x949d
PASS | Read RS2 | addr=3 -> data=0xdd7e
PASS | Read RS1 | addr=2 -> data=0x1eec
PASS | Read RS2 | addr=7 -> data=0xfa3c
PASS | Read RS1 | addr=1 -> data=0xb2a0
PASS | Read RS2 | addr=5 -> data=0x3051
PASS | Read RS1 | addr=5 -> data=0x3051
PASS | Read RS2 | addr=5 -> data=0x3051
PASS | Read RS1 | addr=7 -> data=0x23ba
PASS | Read RS2 | addr=5 -> data=0x3051
PASS | Read RS1 | addr=1 -> data=0xb2a0
PASS | Read RS2 | addr=3 -> data=0xfdf
PASS | Read RS1 | addr=5 -> data=0x3051
PASS | Read RS2 | addr=3 -> data=0xfdf
PASS | Read RS1 | addr=4 -> data=0xa600
PASS | Read RS2 | addr=0 -> data=0x0
PASS | Read RS1 | addr=2 -> data=0x1eec
PASS | Read RS2 | addr=7 -> data=0x3df
PASS | Read RS1 | addr=2 -> data=0x1eec
PASS | Read RS2 | addr=2 -> data=0x1eec
PASS | Read RS1 | addr=1 -> data=0xb2a0
PASS | Read RS2 | addr=4 -> data=0xa600
PASS | Read RS1 | addr=6 -> data=0x272c
PASS | Read RS2 | addr=5 -> data=0x3051
PASS | Read RS1 | addr=5 -> data=0x3051
PASS | Read RS2 | addr=4 -> data=0xa600
PASS | Read RS1 | addr=1 -> data=0xb2a0
PASS | Read RS2 | addr=0 -> data=0x0
PASS | Read RS1 | addr=3 -> data=0xef94
PASS | Read RS2 | addr=2 -> data=0x1eec
PASS | Read RS1 | addr=7 -> data=0xe945
PASS | Read RS2 | addr=4 -> data=0xa600
PASS | Read RS1 | addr=7 -> data=0xe945
PASS | Read RS2 | addr=2 -> data=0x1eec
PASS | Read RS1 | addr=0 -> data=0x0
PASS | Read RS2 | addr=3 -> data=0xef94
PASS | Read RS1 | addr=1 -> data=0xb2a0
PASS | Read RS2 | addr=5 -> data=0xe365
PASS | Read RS1 | addr=7 -> data=0xe945
PASS | Read RS2 | addr=4 -> data=0xa600
PASS | Read RS1 | addr=0 -> data=0x0
PASS | Read RS2 | addr=2 -> data=0x1eec
PASS | Read RS1 | addr=5 -> data=0xe365
PASS | Read RS2 | addr=1 -> data=0xb2a0
PASS | Read RS1 | addr=5 -> data=0xe365
PASS | Read RS2 | addr=3 -> data=0xef94
PASS | Read RS1 | addr=5 -> data=0xe365
PASS | Read RS2 | addr=4 -> data=0x27c4
PASS | Read RS1 | addr=2 -> data=0x1eec
PASS | Read RS2 | addr=7 -> data=0xe945
PASS | Read RS1 | addr=5 -> data=0xe365
PASS | Read RS2 | addr=0 -> data=0x0
PASS | Read RS1 | addr=4 -> data=0x27c4
PASS | Read RS2 | addr=2 -> data=0x1eec
PASS | Read RS1 | addr=6 -> data=0x5ef5
PASS | Read RS2 | addr=6 -> data=0x5ef5
PASS | Read RS1 | addr=5 -> data=0xe365
PASS | Read RS2 | addr=3 -> data=0xef94
PASS | Read RS1 | addr=3 -> data=0xef94
PASS | Read RS2 | addr=3 -> data=0xef94
PASS | Read RS1 | addr=7 -> data=0xbdaf
PASS | Read RS2 | addr=1 -> data=0xb2a0
PASS | Read RS1 | addr=0 -> data=0x0
PASS | Read RS2 | addr=6 -> data=0x5ef5
PASS | Read RS1 | addr=3 -> data=0xef94
PASS | Read RS2 | addr=5 -> data=0xe365
PASS | Read RS1 | addr=5 -> data=0xe365
PASS | Read RS2 | addr=3 -> data=0xef94
PASS | Read RS1 | addr=4 -> data=0x27c4
PASS | Read RS2 | addr=7 -> data=0xbdaf
PASS | Read RS1 | addr=5 -> data=0xe365
PASS | Read RS2 | addr=4 -> data=0x27c4
PASS | Read RS1 | addr=7 -> data=0x2716
PASS | Read RS2 | addr=7 -> data=0x2716
PASS | Read RS1 | addr=4 -> data=0x27c4
PASS | Read RS2 | addr=7 -> data=0x2716
PASS | Read RS1 | addr=7 -> data=0xb00b
PASS | Read RS2 | addr=6 -> data=0x5ef5
PASS | Read RS1 | addr=7 -> data=0xb00b
PASS | Read RS2 | addr=5 -> data=0xe365
PASS | Read RS1 | addr=1 -> data=0xb4de
PASS | Read RS2 | addr=0 -> data=0x0
PASS | Read RS1 | addr=3 -> data=0xef94
PASS | Read RS2 | addr=3 -> data=0xef94
PASS | Read RS1 | addr=7 -> data=0xc608
PASS | Read RS2 | addr=5 -> data=0xe365
PASS | Read RS1 | addr=5 -> data=0xe365
PASS | Read RS2 | addr=2 -> data=0x36a9
PASS | Read RS1 | addr=1 -> data=0xb4de
PASS | Read RS2 | addr=6 -> data=0x5ef5
PASS | Read RS1 | addr=1 -> data=0xb4de
PASS | Read RS2 | addr=7 -> data=0xc608
PASS | Read RS1 | addr=5 -> data=0xe365
PASS | Read RS2 | addr=4 -> data=0x27c4
PASS | Read RS1 | addr=5 -> data=0xe365
PASS | Read RS2 | addr=6 -> data=0x5ef5
PASS | Read RS1 | addr=0 -> data=0x0
PASS | Read RS2 | addr=5 -> data=0xe365
PASS | Read RS1 | addr=6 -> data=0x5ef5
PASS | Read RS2 | addr=1 -> data=0x58d6
PASS | Read RS1 | addr=2 -> data=0x36a9
PASS | Read RS2 | addr=5 -> data=0xe365
PASS | Read RS1 | addr=1 -> data=0x58d6
PASS | Read RS2 | addr=0 -> data=0x0
PASS | Read RS1 | addr=1 -> data=0x58d6
PASS | Read RS2 | addr=2 -> data=0x36a9
PASS | Read RS1 | addr=4 -> data=0x27c4
PASS | Read RS2 | addr=4 -> data=0x27c4
PASS | Read RS1 | addr=3 -> data=0xef94
PASS | Read RS2 | addr=3 -> data=0xef94
PASS | Read RS1 | addr=0 -> data=0x0
PASS | Read RS2 | addr=2 -> data=0x64a4
PASS | Read RS1 | addr=2 -> data=0x64a4
PASS | Read RS2 | addr=0 -> data=0x0
PASS | Read RS1 | addr=6 -> data=0x5ef5
PASS | Read RS2 | addr=2 -> data=0x64a4
PASS | Read RS1 | addr=6 -> data=0x5ef5
PASS | Read RS2 | addr=7 -> data=0xdde
PASS | Read RS1 | addr=6 -> data=0x5ef5
PASS | Read RS2 | addr=1 -> data=0x58d6
PASS | Read RS1 | addr=4 -> data=0x27c4
PASS | Read RS2 | addr=1 -> data=0x58d6
PASS | Read RS1 | addr=2 -> data=0x64a4
PASS | Read RS2 | addr=0 -> data=0x0
PASS | Read RS1 | addr=2 -> data=0x64a4
PASS | Read RS2 | addr=5 -> data=0xe365
PASS | Read RS1 | addr=3 -> data=0xef94
PASS | Read RS2 | addr=7 -> data=0x4d84
PASS | Read RS1 | addr=5 -> data=0xe365
PASS | Read RS2 | addr=4 -> data=0x27c4
PASS | Read RS1 | addr=3 -> data=0xef94
PASS | Read RS2 | addr=0 -> data=0x0
PASS | Read RS1 | addr=4 -> data=0x27c4
PASS | Read RS2 | addr=5 -> data=0xe365
PASS | Read RS1 | addr=3 -> data=0xef94
PASS | Read RS2 | addr=2 -> data=0x2129
PASS | Read RS1 | addr=3 -> data=0xef94
PASS | Read RS2 | addr=2 -> data=0x2129
PASS | Read RS1 | addr=1 -> data=0x58d6
PASS | Read RS2 | addr=2 -> data=0x2129
PASS | Read RS1 | addr=0 -> data=0x0
PASS | Read RS2 | addr=1 -> data=0x58d6
PASS | Read RS1 | addr=7 -> data=0x11e4
PASS | Read RS2 | addr=5 -> data=0x9021
PASS | Read RS1 | addr=7 -> data=0x11e4
PASS | Read RS2 | addr=5 -> data=0x9021
PASS | Read RS1 | addr=0 -> data=0x0
PASS | Read RS2 | addr=6 -> data=0x5ef5
PASS | Read RS1 | addr=1 -> data=0x58d6
PASS | Read RS2 | addr=6 -> data=0x5ef5
PASS | Read RS1 | addr=7 -> data=0x11e4
PASS | Read RS2 | addr=6 -> data=0x5ef5
PASS | Read RS1 | addr=5 -> data=0x9021
PASS | Read RS2 | addr=5 -> data=0x9021
PASS | Read RS1 | addr=7 -> data=0x11e4
PASS | Read RS2 | addr=3 -> data=0xef94
PASS | Read RS1 | addr=0 -> data=0x0
PASS | Read RS2 | addr=6 -> data=0x5ef5
PASS | Read RS1 | addr=4 -> data=0x27c4
PASS | Read RS2 | addr=7 -> data=0x11e4
PASS | Read RS1 | addr=1 -> data=0x58d6
PASS | Read RS2 | addr=4 -> data=0x27c4
PASS | Read RS1 | addr=1 -> data=0x58d6
PASS | Read RS2 | addr=3 -> data=0xef94
PASS | Read RS1 | addr=5 -> data=0x9021
PASS | Read RS2 | addr=2 -> data=0xb028
PASS | Read RS1 | addr=5 -> data=0x9021
PASS | Read RS2 | addr=3 -> data=0xef94
PASS | Read RS1 | addr=0 -> data=0x0
PASS | Read RS2 | addr=0 -> data=0x0
PASS | Read RS1 | addr=5 -> data=0x9021
PASS | Read RS2 | addr=1 -> data=0x58d6
PASS | Read RS1 | addr=5 -> data=0x9021
PASS | Read RS2 | addr=5 -> data=0x9021
PASS | Read RS1 | addr=4 -> data=0x27c4
PASS | Read RS2 | addr=4 -> data=0x27c4
PASS | Read RS1 | addr=2 -> data=0xb709
PASS | Read RS2 | addr=3 -> data=0xef94
PASS | Read RS1 | addr=3 -> data=0xef94
PASS | Read RS2 | addr=3 -> data=0xef94
PASS | Read RS1 | addr=3 -> data=0xef94
PASS | Read RS2 | addr=6 -> data=0x5ef5
PASS | Read RS1 | addr=6 -> data=0x5ef5
PASS | Read RS2 | addr=1 -> data=0x58d6
PASS | Read RS1 | addr=5 -> data=0x2c4d
PASS | Read RS2 | addr=0 -> data=0x0
PASS | Read RS1 | addr=7 -> data=0x1ada
PASS | Read RS2 | addr=5 -> data=0x2c4d
PASS | Read RS1 | addr=4 -> data=0x56c7
PASS | Read RS2 | addr=2 -> data=0xb709
PASS | Read RS1 | addr=3 -> data=0xef94
PASS | Read RS2 | addr=7 -> data=0x1ada
PASS | Read RS1 | addr=1 -> data=0x58d6
PASS | Read RS2 | addr=4 -> data=0x56c7
PASS | Read RS1 | addr=6 -> data=0x5ef5
PASS | Read RS2 | addr=5 -> data=0x2c4d
PASS | Read RS1 | addr=6 -> data=0x5ef5
PASS | Read RS2 | addr=2 -> data=0xb709
PASS | Read RS1 | addr=7 -> data=0x5b33
PASS | Read RS2 | addr=4 -> data=0x56c7
PASS | Read RS1 | addr=5 -> data=0x2c4d
PASS | Read RS2 | addr=2 -> data=0xb709
PASS | Read RS1 | addr=6 -> data=0x5ef5
PASS | Read RS2 | addr=2 -> data=0xb709
PASS | Read RS1 | addr=2 -> data=0xb709
PASS | Read RS2 | addr=5 -> data=0x2c4d
PASS | Read RS1 | addr=5 -> data=0x2c4d
PASS | Read RS2 | addr=7 -> data=0x32c3
PASS | Read RS1 | addr=7 -> data=0xde9c
PASS | Read RS2 | addr=0 -> data=0x0
PASS | Read RS1 | addr=2 -> data=0xb709
PASS | Read RS2 | addr=2 -> data=0xb709
PASS | Read RS1 | addr=3 -> data=0xb9e0
PASS | Read RS2 | addr=3 -> data=0xb9e0
PASS | Read RS1 | addr=6 -> data=0x5ef5
PASS | Read RS2 | addr=6 -> data=0x5ef5
PASS | Read RS1 | addr=5 -> data=0x2c4d
PASS | Read RS2 | addr=4 -> data=0x56c7
PASS | Read RS1 | addr=2 -> data=0xb709
PASS | Read RS2 | addr=2 -> data=0xb709
PASS | Read RS1 | addr=1 -> data=0x58d6
PASS | Read RS2 | addr=3 -> data=0xb9e0
PASS | Read RS1 | addr=3 -> data=0xb9e0
PASS | Read RS2 | addr=5 -> data=0x2c4d
PASS | Read RS1 | addr=5 -> data=0x2c4d
PASS | Read RS2 | addr=0 -> data=0x0
PASS | Read RS1 | addr=0 -> data=0x0
PASS | Read RS2 | addr=1 -> data=0x58d6
PASS | Read RS1 | addr=1 -> data=0x58d6
PASS | Read RS2 | addr=7 -> data=0xc9db
PASS | Read RS1 | addr=3 -> data=0x933e
PASS | Read RS2 | addr=1 -> data=0x58d6
PASS | Read RS1 | addr=7 -> data=0x1ca9
PASS | Read RS2 | addr=0 -> data=0x0
PASS | Read RS1 | addr=0 -> data=0x0
PASS | Read RS2 | addr=7 -> data=0x1ca9
PASS | Read RS1 | addr=7 -> data=0x6b4b
PASS | Read RS2 | addr=1 -> data=0x58d6
PASS | Read RS1 | addr=2 -> data=0x5c40
PASS | Read RS2 | addr=7 -> data=0xb214
PASS | Read RS1 | addr=0 -> data=0x0
PASS | Read RS2 | addr=2 -> data=0x5c40
PASS | Read RS1 | addr=5 -> data=0x2c4d
PASS | Read RS2 | addr=1 -> data=0x58d6
PASS | Read RS1 | addr=6 -> data=0x5ef5
PASS | Read RS2 | addr=1 -> data=0x58d6
PASS | Read RS1 | addr=6 -> data=0x5ef5
PASS | Read RS2 | addr=5 -> data=0x2c4d
PASS | Read RS1 | addr=5 -> data=0x2c4d
PASS | Read RS2 | addr=4 -> data=0x56c7
PASS | Read RS1 | addr=1 -> data=0x58d6
PASS | Read RS2 | addr=0 -> data=0x0
PASS | Read RS1 | addr=2 -> data=0x5c40
PASS | Read RS2 | addr=4 -> data=0x56c7
PASS | Read RS1 | addr=7 -> data=0xa0d4
PASS | Read RS2 | addr=4 -> data=0x56c7
PASS | Read RS1 | addr=3 -> data=0x933e
PASS | Read RS2 | addr=7 -> data=0xa0d4
PASS | Read RS1 | addr=6 -> data=0xf219
PASS | Read RS2 | addr=1 -> data=0x58d6
PASS | Read RS1 | addr=6 -> data=0xf219
PASS | Read RS2 | addr=0 -> data=0x0
PASS | Read RS1 | addr=2 -> data=0x5c40
PASS | Read RS2 | addr=3 -> data=0x933e
PASS | Read RS1 | addr=3 -> data=0x933e
PASS | Read RS2 | addr=1 -> data=0x58d6
PASS | Read RS1 | addr=6 -> data=0xf219
PASS | Read RS2 | addr=7 -> data=0xaa2
PASS | Read RS1 | addr=3 -> data=0x933e
PASS | Read RS2 | addr=6 -> data=0xf219
PASS | Read RS1 | addr=2 -> data=0x5c40
PASS | Read RS2 | addr=2 -> data=0x5c40
PASS | Read RS1 | addr=6 -> data=0xf219
PASS | Read RS2 | addr=5 -> data=0x2c4d
PASS | Read RS1 | addr=0 -> data=0x0
PASS | Read RS2 | addr=7 -> data=0x9b65
PASS | Read RS1 | addr=2 -> data=0x5c40
PASS | Read RS2 | addr=6 -> data=0xf219
PASS | Read RS1 | addr=2 -> data=0x5c40
PASS | Read RS2 | addr=2 -> data=0x5c40
PASS | Read RS1 | addr=5 -> data=0x3eb9
PASS | Read RS2 | addr=4 -> data=0x56c7
PASS | Read RS1 | addr=3 -> data=0x933e
PASS | Read RS2 | addr=3 -> data=0x933e
PASS | Read RS1 | addr=3 -> data=0x933e
PASS | Read RS2 | addr=5 -> data=0x3eb9
PASS | Read RS1 | addr=2 -> data=0x5c40
PASS | Read RS2 | addr=0 -> data=0x0
PASS | Read RS1 | addr=1 -> data=0x3035
PASS | Read RS2 | addr=3 -> data=0x933e
PASS | Read RS1 | addr=5 -> data=0x3eb9
PASS | Read RS2 | addr=0 -> data=0x0
PASS | Read RS1 | addr=1 -> data=0x3035
PASS | Read RS2 | addr=6 -> data=0xf219
PASS | Read RS1 | addr=4 -> data=0x56c7
PASS | Read RS2 | addr=3 -> data=0x933e
PASS | Read RS1 | addr=5 -> data=0x43f6
PASS | Read RS2 | addr=5 -> data=0x43f6
PASS | Read RS1 | addr=5 -> data=0x43f6
PASS | Read RS2 | addr=4 -> data=0x56c7
PASS | Read RS1 | addr=6 -> data=0xf219
PASS | Read RS2 | addr=3 -> data=0x933e
PASS | Read RS1 | addr=4 -> data=0x56c7
PASS | Read RS2 | addr=1 -> data=0x3035
PASS | Read RS1 | addr=6 -> data=0xf219
PASS | Read RS2 | addr=7 -> data=0xfb9b
PASS | Read RS1 | addr=4 -> data=0x56c7
PASS | Read RS2 | addr=3 -> data=0x933e
PASS | Read RS1 | addr=5 -> data=0x43f6
PASS | Read RS2 | addr=4 -> data=0x56c7
PASS | Read RS1 | addr=7 -> data=0xfb9b
PASS | Read RS2 | addr=3 -> data=0x933e
PASS | Read RS1 | addr=7 -> data=0xc153
PASS | Read RS2 | addr=7 -> data=0xc153
PASS | Read RS1 | addr=1 -> data=0x533b
PASS | Read RS2 | addr=0 -> data=0x0
PASS | Read RS1 | addr=7 -> data=0xd283
PASS | Read RS2 | addr=3 -> data=0x933e
PASS | Read RS1 | addr=0 -> data=0x0
PASS | Read RS2 | addr=4 -> data=0x56c7
PASS | Read RS1 | addr=7 -> data=0x7efd
PASS | Read RS2 | addr=7 -> data=0x7efd
PASS | Read RS1 | addr=3 -> data=0x933e
PASS | Read RS2 | addr=2 -> data=0x5c40
PASS | Read RS1 | addr=1 -> data=0x533b
PASS | Read RS2 | addr=1 -> data=0x533b
PASS | Read RS1 | addr=4 -> data=0x56c7
PASS | Read RS2 | addr=3 -> data=0x933e
PASS | Read RS1 | addr=1 -> data=0x533b
PASS | Read RS2 | addr=2 -> data=0x5da9
PASS | Read RS1 | addr=0 -> data=0x0
PASS | Read RS2 | addr=7 -> data=0xb1d8
PASS | Read RS1 | addr=7 -> data=0xb1d8
PASS | Read RS2 | addr=6 -> data=0xf219
PASS | Read RS1 | addr=7 -> data=0xb1d8
PASS | Read RS2 | addr=3 -> data=0x933e
PASS | Read RS1 | addr=1 -> data=0x533b
PASS | Read RS2 | addr=6 -> data=0xf219
PASS | Read RS1 | addr=4 -> data=0x56c7
PASS | Read RS2 | addr=3 -> data=0x933e
PASS | Read RS1 | addr=3 -> data=0x933e
PASS | Read RS2 | addr=0 -> data=0x0
PASS | Read RS1 | addr=3 -> data=0x933e
PASS | Read RS2 | addr=7 -> data=0x9346
PASS | Read RS1 | addr=3 -> data=0x933e
PASS | Read RS2 | addr=0 -> data=0x0
PASS | Read RS1 | addr=3 -> data=0x933e
PASS | Read RS2 | addr=5 -> data=0x43f6
PASS | Read RS1 | addr=3 -> data=0x933e
PASS | Read RS2 | addr=7 -> data=0x34ca
PASS | Read RS1 | addr=3 -> data=0x933e
PASS | Read RS2 | addr=5 -> data=0x43f6
PASS | Read RS1 | addr=2 -> data=0x5da9
PASS | Read RS2 | addr=2 -> data=0x5da9
PASS | Read RS1 | addr=6 -> data=0xf219
PASS | Read RS2 | addr=0 -> data=0x0
PASS | Read RS1 | addr=1 -> data=0x533b
PASS | Read RS2 | addr=2 -> data=0x5da9
PASS | Read RS1 | addr=1 -> data=0x533b
PASS | Read RS2 | addr=6 -> data=0xf219
PASS | Read RS1 | addr=4 -> data=0xd9f7
PASS | Read RS2 | addr=0 -> data=0x0
PASS | Read RS1 | addr=4 -> data=0xd9f7
PASS | Read RS2 | addr=0 -> data=0x0
PASS | Read RS1 | addr=6 -> data=0xf219
PASS | Read RS2 | addr=6 -> data=0xf219
PASS | Read RS1 | addr=1 -> data=0x533b
PASS | Read RS2 | addr=1 -> data=0x533b
PASS | Read RS1 | addr=3 -> data=0x147c
PASS | Read RS2 | addr=6 -> data=0xf219
PASS | Read RS1 | addr=1 -> data=0x533b
PASS | Read RS2 | addr=6 -> data=0xf219
PASS | Read RS1 | addr=4 -> data=0xd9f7
PASS | Read RS2 | addr=7 -> data=0x3f84
PASS | Read RS1 | addr=2 -> data=0x5da9
PASS | Read RS2 | addr=3 -> data=0x147c
PASS | Read RS1 | addr=1 -> data=0x533b
PASS | Read RS2 | addr=3 -> data=0x147c
PASS | Read RS1 | addr=0 -> data=0x0
PASS | Read RS2 | addr=4 -> data=0xd9f7
PASS | Read RS1 | addr=2 -> data=0x5da9
PASS | Read RS2 | addr=3 -> data=0x147c
PASS | Read RS1 | addr=6 -> data=0x8d1f
PASS | Read RS2 | addr=6 -> data=0x8d1f
PASS | Read RS1 | addr=2 -> data=0x5da9
PASS | Read RS2 | addr=6 -> data=0x8d1f
PASS | Read RS1 | addr=6 -> data=0x8d1f
PASS | Read RS2 | addr=6 -> data=0x8d1f
PASS | Read RS1 | addr=2 -> data=0x5da9
PASS | Read RS2 | addr=1 -> data=0x533b
PASS | Read RS1 | addr=5 -> data=0x43f6
PASS | Read RS2 | addr=4 -> data=0xd9f7
PASS | Read RS1 | addr=4 -> data=0xd9f7
PASS | Read RS2 | addr=7 -> data=0x453f
PASS | Read RS1 | addr=5 -> data=0x43f6
PASS | Read RS2 | addr=0 -> data=0x0
PASS | Read RS1 | addr=3 -> data=0x147c
PASS | Read RS2 | addr=0 -> data=0x0
PASS | Read RS1 | addr=2 -> data=0x5da9
PASS | Read RS2 | addr=2 -> data=0x5da9
PASS | Read RS1 | addr=4 -> data=0xd9f7
PASS | Read RS2 | addr=5 -> data=0x43f6
PASS | Read RS1 | addr=6 -> data=0x8d1f
PASS | Read RS2 | addr=3 -> data=0x147c
PASS | Read RS1 | addr=3 -> data=0x147c
PASS | Read RS2 | addr=6 -> data=0x8d1f
PASS | Read RS1 | addr=2 -> data=0xb2e1
PASS | Read RS2 | addr=4 -> data=0xd9f7
PASS | Read RS1 | addr=2 -> data=0xb2e1
PASS | Read RS2 | addr=2 -> data=0xb2e1
PASS | Read RS1 | addr=1 -> data=0x533b
PASS | Read RS2 | addr=5 -> data=0x55bf
PASS | Read RS1 | addr=6 -> data=0x8d1f
PASS | Read RS2 | addr=3 -> data=0x147c
PASS | Read RS1 | addr=6 -> data=0x8d1f
PASS | Read RS2 | addr=3 -> data=0x147c
PASS | Read RS1 | addr=4 -> data=0xd9f7
PASS | Read RS2 | addr=5 -> data=0x55bf
PASS | Read RS1 | addr=6 -> data=0x8d1f
PASS | Read RS2 | addr=6 -> data=0x8d1f
PASS | Read RS1 | addr=7 -> data=0x8c54
PASS | Read RS2 | addr=6 -> data=0x8d1f
PASS | Read RS1 | addr=1 -> data=0x533b
PASS | Read RS2 | addr=1 -> data=0x533b
PASS | Read RS1 | addr=3 -> data=0x147c
PASS | Read RS2 | addr=5 -> data=0x55bf
PASS | Read RS1 | addr=6 -> data=0x8d1f
PASS | Read RS2 | addr=0 -> data=0x0
PASS | Read RS1 | addr=5 -> data=0x55bf
PASS | Read RS2 | addr=3 -> data=0xa064
PASS | Read RS1 | addr=2 -> data=0xb2e1
PASS | Read RS2 | addr=7 -> data=0x6fcb
PASS | Read RS1 | addr=1 -> data=0x533b
PASS | Read RS2 | addr=0 -> data=0x0
PASS | Read RS1 | addr=4 -> data=0xd9f7
PASS | Read RS2 | addr=1 -> data=0x533b
PASS | Read RS1 | addr=7 -> data=0x2bc1
PASS | Read RS2 | addr=7 -> data=0x2bc1
PASS | Read RS1 | addr=7 -> data=0x2bc1
PASS | Read RS2 | addr=2 -> data=0xb2e1
PASS | Read RS1 | addr=7 -> data=0x2bc1
PASS | Read RS2 | addr=3 -> data=0x1162
PASS | Read RS1 | addr=6 -> data=0x8d1f
PASS | Read RS2 | addr=3 -> data=0x1162
PASS | Read RS1 | addr=5 -> data=0x55bf
PASS | Read RS2 | addr=7 -> data=0x2bc1
PASS | Read RS1 | addr=3 -> data=0x1162
PASS | Read RS2 | addr=0 -> data=0x0
PASS | Read RS1 | addr=0 -> data=0x0
PASS | Read RS2 | addr=0 -> data=0x0
PASS | Read RS1 | addr=7 -> data=0xa739
PASS | Read RS2 | addr=4 -> data=0xd9f7
PASS | Read RS1 | addr=0 -> data=0x0
PASS | Read RS2 | addr=1 -> data=0xef2b
PASS | Read RS1 | addr=7 -> data=0xce72
PASS | Read RS2 | addr=4 -> data=0xd9f7
PASS | Read RS1 | addr=7 -> data=0xce72
PASS | Read RS2 | addr=2 -> data=0xb2e1
PASS | Read RS1 | addr=5 -> data=0x55bf
PASS | Read RS2 | addr=1 -> data=0xef2b
PASS | Read RS1 | addr=3 -> data=0x1162
PASS | Read RS2 | addr=5 -> data=0x55bf
PASS | Read RS1 | addr=7 -> data=0xd51c
PASS | Read RS2 | addr=5 -> data=0x55bf
PASS | Read RS1 | addr=4 -> data=0xd9f7
PASS | Read RS2 | addr=5 -> data=0x55bf
PASS | Read RS1 | addr=6 -> data=0x8d1f
PASS | Read RS2 | addr=7 -> data=0x52b5
PASS | Read RS1 | addr=5 -> data=0x55bf
PASS | Read RS2 | addr=0 -> data=0x0
PASS | Read RS1 | addr=7 -> data=0x52b5
PASS | Read RS2 | addr=1 -> data=0x3683
PASS | Read RS1 | addr=0 -> data=0x0
PASS | Read RS2 | addr=6 -> data=0x8d1f
PASS | Read RS1 | addr=7 -> data=0x2e53
PASS | Read RS2 | addr=3 -> data=0x1162
PASS | Read RS1 | addr=0 -> data=0x0
PASS | Read RS2 | addr=3 -> data=0x1162
PASS | Read RS1 | addr=2 -> data=0xb2e1
PASS | Read RS2 | addr=1 -> data=0x3683
PASS | Read RS1 | addr=5 -> data=0x55bf
PASS | Read RS2 | addr=0 -> data=0x0
PASS | Read RS1 | addr=5 -> data=0x55bf
PASS | Read RS2 | addr=2 -> data=0xb2e1
PASS | Read RS1 | addr=6 -> data=0x8d1f
PASS | Read RS2 | addr=3 -> data=0x1162
PASS | Read RS1 | addr=6 -> data=0x8d1f
PASS | Read RS2 | addr=2 -> data=0xb2e1
PASS | Read RS1 | addr=5 -> data=0x55bf
PASS | Read RS2 | addr=5 -> data=0x55bf
PASS | Read RS1 | addr=5 -> data=0x55bf
PASS | Read RS2 | addr=3 -> data=0x1162
PASS | Read RS1 | addr=5 -> data=0x55bf
PASS | Read RS2 | addr=5 -> data=0x55bf
PASS | Read RS1 | addr=7 -> data=0x30d3
PASS | Read RS2 | addr=7 -> data=0x30d3
PASS | Read RS1 | addr=7 -> data=0x30d3
PASS | Read RS2 | addr=0 -> data=0x0
PASS | Read RS1 | addr=6 -> data=0x8d1f
PASS | Read RS2 | addr=4 -> data=0xd9f7
PASS | Read RS1 | addr=3 -> data=0x1162
PASS | Read RS2 | addr=5 -> data=0x55bf
PASS | Read RS1 | addr=6 -> data=0x8d1f
PASS | Read RS2 | addr=7 -> data=0x280c
PASS | Read RS1 | addr=6 -> data=0x8d1f
PASS | Read RS2 | addr=1 -> data=0xeb35
PASS | Read RS1 | addr=4 -> data=0xd9f7
PASS | Read RS2 | addr=2 -> data=0xb2e1
PASS | Read RS1 | addr=5 -> data=0x55bf
PASS | Read RS2 | addr=0 -> data=0x0
PASS | Read RS1 | addr=6 -> data=0x8d1f
PASS | Read RS2 | addr=1 -> data=0xeb35
PASS | Read RS1 | addr=7 -> data=0xa75a
PASS | Read RS2 | addr=6 -> data=0x8d1f
PASS | Read RS1 | addr=7 -> data=0x1ac9
PASS | Read RS2 | addr=2 -> data=0xb2e1
PASS | Read RS1 | addr=5 -> data=0x55bf
PASS | Read RS2 | addr=4 -> data=0xd9f7
PASS | Read RS1 | addr=1 -> data=0xeb35
PASS | Read RS2 | addr=2 -> data=0xb2e1
PASS | Read RS1 | addr=0 -> data=0x0
PASS | Read RS2 | addr=6 -> data=0x8d1f
PASS | Read RS1 | addr=1 -> data=0xeb35
PASS | Read RS2 | addr=0 -> data=0x0
PASS | Read RS1 | addr=3 -> data=0x1162
PASS | Read RS2 | addr=1 -> data=0xeb35
PASS | Read RS1 | addr=3 -> data=0x1162
PASS | Read RS2 | addr=3 -> data=0x1162
PASS | Read RS1 | addr=5 -> data=0x55bf
PASS | Read RS2 | addr=0 -> data=0x0
PASS | Read RS1 | addr=6 -> data=0x8d1f
PASS | Read RS2 | addr=6 -> data=0x8d1f
PASS | Read RS1 | addr=6 -> data=0x8d1f
PASS | Read RS2 | addr=3 -> data=0x1162
PASS | Read RS1 | addr=2 -> data=0xb2e1
PASS | Read RS2 | addr=2 -> data=0xb2e1
PASS | Read RS1 | addr=0 -> data=0x0
PASS | Read RS2 | addr=6 -> data=0x8d1f
PASS | Read RS1 | addr=6 -> data=0x8d1f
PASS | Read RS2 | addr=4 -> data=0xd9f7
PASS | Read RS1 | addr=7 -> data=0x7bc
PASS | Read RS2 | addr=2 -> data=0xb2e1
PASS | Read RS1 | addr=2 -> data=0xb2e1
PASS | Read RS2 | addr=4 -> data=0xd9f7
PASS | Read RS1 | addr=7 -> data=0x7623
PASS | Read RS2 | addr=4 -> data=0xd9f7
PASS | Read RS1 | addr=3 -> data=0x1162
PASS | Read RS2 | addr=1 -> data=0xeb35
PASS | Read RS1 | addr=4 -> data=0xd9f7
PASS | Read RS2 | addr=5 -> data=0x55bf
PASS | Read RS1 | addr=0 -> data=0x0
PASS | Read RS2 | addr=0 -> data=0x0
PASS | Read RS1 | addr=6 -> data=0x8d1f
PASS | Read RS2 | addr=3 -> data=0x1162
PASS | Read RS1 | addr=7 -> data=0xbfae
PASS | Read RS2 | addr=0 -> data=0x0
PASS | Read RS1 | addr=4 -> data=0xd9f7
PASS | Read RS2 | addr=7 -> data=0x3165
PASS | Read RS1 | addr=2 -> data=0xb2e1
PASS | Read RS2 | addr=1 -> data=0xeb35
PASS | Read RS1 | addr=0 -> data=0x0
PASS | Read RS2 | addr=1 -> data=0xeb35
PASS | Read RS1 | addr=7 -> data=0xd6c5
PASS | Read RS2 | addr=3 -> data=0x1162
PASS | Read RS1 | addr=4 -> data=0xd9f7
PASS | Read RS2 | addr=5 -> data=0x55bf
PASS | Read RS1 | addr=0 -> data=0x0
PASS | Read RS2 | addr=0 -> data=0x0
PASS | Read RS1 | addr=1 -> data=0xeb35
PASS | Read RS2 | addr=0 -> data=0x0
PASS | Read RS1 | addr=3 -> data=0x1162
PASS | Read RS2 | addr=0 -> data=0x0
PASS | Read RS1 | addr=0 -> data=0x0
PASS | Read RS2 | addr=2 -> data=0xb2e1
PASS | Read RS1 | addr=1 -> data=0xeb35
PASS | Read RS2 | addr=7 -> data=0xbf94
PASS | Read RS1 | addr=2 -> data=0x90ac
PASS | Read RS2 | addr=4 -> data=0xd9f7
PASS | Read RS1 | addr=6 -> data=0x8d1f
PASS | Read RS2 | addr=0 -> data=0x0
PASS | Read RS1 | addr=6 -> data=0x8d1f
PASS | Read RS2 | addr=5 -> data=0x55bf
PASS | Read RS1 | addr=4 -> data=0xd9f7
PASS | Read RS2 | addr=4 -> data=0xd9f7
PASS | Read RS1 | addr=4 -> data=0xd9f7
PASS | Read RS2 | addr=5 -> data=0x55bf
PASS | Read RS1 | addr=2 -> data=0x90ac
PASS | Read RS2 | addr=4 -> data=0xd9f7
PASS | Read RS1 | addr=1 -> data=0xeb35
PASS | Read RS2 | addr=5 -> data=0x55bf
PASS | Read RS1 | addr=1 -> data=0xeb35
PASS | Read RS2 | addr=1 -> data=0xeb35
PASS | Read RS1 | addr=3 -> data=0x1162
PASS | Read RS2 | addr=1 -> data=0xeb35
PASS | Read RS1 | addr=4 -> data=0xd9f7
PASS | Read RS2 | addr=4 -> data=0xd9f7
PASS | Read RS1 | addr=3 -> data=0x61fb
PASS | Read RS2 | addr=7 -> data=0x62a6
PASS | Read RS1 | addr=5 -> data=0x55bf
PASS | Read RS2 | addr=7 -> data=0x62a6
PASS | Read RS1 | addr=0 -> data=0x0
PASS | Read RS2 | addr=3 -> data=0x61fb
PASS | Read RS1 | addr=4 -> data=0x252c
PASS | Read RS2 | addr=0 -> data=0x0
PASS | Read RS1 | addr=5 -> data=0x55bf
PASS | Read RS2 | addr=3 -> data=0x61fb
PASS | Read RS1 | addr=5 -> data=0x55bf
PASS | Read RS2 | addr=5 -> data=0x55bf
PASS | Read RS1 | addr=0 -> data=0x0
PASS | Read RS2 | addr=6 -> data=0x8d1f
PASS | Read RS1 | addr=0 -> data=0x0
PASS | Read RS2 | addr=2 -> data=0x90ac
PASS | Read RS1 | addr=5 -> data=0x55bf
PASS | Read RS2 | addr=5 -> data=0x55bf
PASS | Read RS1 | addr=7 -> data=0x8e3b
PASS | Read RS2 | addr=1 -> data=0xeb35
PASS | Read RS1 | addr=4 -> data=0x3d10
PASS | Read RS2 | addr=3 -> data=0x61fb
PASS | Read RS1 | addr=6 -> data=0x8d1f
PASS | Read RS2 | addr=5 -> data=0x55bf
PASS | Read RS1 | addr=7 -> data=0xc0bd
PASS | Read RS2 | addr=3 -> data=0x61fb
PASS | Read RS1 | addr=1 -> data=0xeb35
PASS | Read RS2 | addr=3 -> data=0x61fb
PASS | Read RS1 | addr=1 -> data=0xeb35
PASS | Read RS2 | addr=5 -> data=0x55bf
PASS | Read RS1 | addr=0 -> data=0x0
PASS | Read RS2 | addr=7 -> data=0x35b6
PASS | Read RS1 | addr=7 -> data=0x35b6
PASS | Read RS2 | addr=7 -> data=0x35b6
PASS | Read RS1 | addr=6 -> data=0x8d1f
PASS | Read RS2 | addr=5 -> data=0x55bf
PASS | Read RS1 | addr=6 -> data=0x8d1f
PASS | Read RS2 | addr=3 -> data=0x61fb
PASS | Read RS1 | addr=2 -> data=0x90ac
PASS | Read RS2 | addr=3 -> data=0x61fb
PASS | Read RS1 | addr=1 -> data=0xeb35
PASS | Read RS2 | addr=6 -> data=0x8d1f
PASS | Read RS1 | addr=3 -> data=0x61fb
PASS | Read RS2 | addr=1 -> data=0xeb35
PASS | Read RS1 | addr=6 -> data=0x8d1f
PASS | Read RS2 | addr=3 -> data=0x61fb
PASS | Read RS1 | addr=5 -> data=0x55bf
PASS | Read RS2 | addr=3 -> data=0x61fb
PASS | Read RS1 | addr=1 -> data=0xeb35
PASS | Read RS2 | addr=6 -> data=0x8d1f
PASS | Read RS1 | addr=1 -> data=0xeb35
PASS | Read RS2 | addr=1 -> data=0xeb35
PASS | Read RS1 | addr=6 -> data=0x8d1f
PASS | Read RS2 | addr=3 -> data=0x61fb
PASS | Read RS1 | addr=7 -> data=0x17af
PASS | Read RS2 | addr=3 -> data=0x61fb
PASS | Read RS1 | addr=0 -> data=0x0
PASS | Read RS2 | addr=5 -> data=0x55bf
PASS | Read RS1 | addr=1 -> data=0xeb35
PASS | Read RS2 | addr=7 -> data=0x17af
PASS | Read RS1 | addr=4 -> data=0x622
PASS | Read RS2 | addr=2 -> data=0x90ac
PASS | Read RS1 | addr=3 -> data=0x61fb
PASS | Read RS2 | addr=2 -> data=0x90ac
PASS | Read RS1 | addr=0 -> data=0x0
PASS | Read RS2 | addr=1 -> data=0xeb35
PASS | Read RS1 | addr=0 -> data=0x0
PASS | Read RS2 | addr=7 -> data=0x45cd
PASS | Read RS1 | addr=3 -> data=0x61fb
PASS | Read RS2 | addr=2 -> data=0x90ac
PASS | Read RS1 | addr=4 -> data=0x3f90
PASS | Read RS2 | addr=5 -> data=0x55bf
PASS | Read RS1 | addr=0 -> data=0x0
PASS | Read RS2 | addr=7 -> data=0xe9c9
PASS | Read RS1 | addr=4 -> data=0x3f90
PASS | Read RS2 | addr=0 -> data=0x0
PASS | Read RS1 | addr=4 -> data=0x3f90
PASS | Read RS2 | addr=6 -> data=0x8d1f
PASS | Read RS1 | addr=5 -> data=0x55bf
PASS | Read RS2 | addr=5 -> data=0x55bf
PASS | Read RS1 | addr=5 -> data=0x55bf
PASS | Read RS2 | addr=7 -> data=0x63f6
PASS | Read RS1 | addr=4 -> data=0x1d59
PASS | Read RS2 | addr=5 -> data=0x55bf
PASS | Read RS1 | addr=3 -> data=0x61fb
PASS | Read RS2 | addr=5 -> data=0x55bf
PASS | Read RS1 | addr=2 -> data=0x6b30
PASS | Read RS2 | addr=0 -> data=0x0
PASS | Read RS1 | addr=2 -> data=0x6b30
PASS | Read RS2 | addr=3 -> data=0x61fb
PASS | Read RS1 | addr=7 -> data=0x4cc8
PASS | Read RS2 | addr=4 -> data=0x1d59
PASS | Read RS1 | addr=7 -> data=0x4cc8
PASS | Read RS2 | addr=7 -> data=0x4cc8
PASS | Read RS1 | addr=1 -> data=0xeb35
PASS | Read RS2 | addr=5 -> data=0xf2f7
PASS | Read RS1 | addr=1 -> data=0xeb35
PASS | Read RS2 | addr=0 -> data=0x0
PASS | Read RS1 | addr=0 -> data=0x0
PASS | Read RS2 | addr=3 -> data=0x61fb
PASS | Read RS1 | addr=0 -> data=0x0
PASS | Read RS2 | addr=3 -> data=0x61fb
PASS | Read RS1 | addr=3 -> data=0x61fb
PASS | Read RS2 | addr=3 -> data=0x61fb
PASS | Read RS1 | addr=5 -> data=0xf2f7
PASS | Read RS2 | addr=0 -> data=0x0
PASS | Read RS1 | addr=5 -> data=0xf2f7
PASS | Read RS2 | addr=6 -> data=0x8d1f
PASS | Read RS1 | addr=0 -> data=0x0
PASS | Read RS2 | addr=7 -> data=0xba3c
PASS | Read RS1 | addr=5 -> data=0xf2f7
PASS | Read RS2 | addr=2 -> data=0x6b30
PASS | Read RS1 | addr=1 -> data=0x1339
PASS | Read RS2 | addr=1 -> data=0x1339
PASS | Read RS1 | addr=0 -> data=0x0
PASS | Read RS2 | addr=6 -> data=0x8d1f
PASS | Read RS1 | addr=2 -> data=0x6b30
PASS | Read RS2 | addr=1 -> data=0x1339
PASS | Read RS1 | addr=2 -> data=0x6b30
PASS | Read RS2 | addr=4 -> data=0x1d59
PASS | Read RS1 | addr=5 -> data=0xf2f7
PASS | Read RS2 | addr=3 -> data=0x3c06
PASS | Read RS1 | addr=3 -> data=0x3c06
PASS | Read RS2 | addr=3 -> data=0x3c06
PASS | Read RS1 | addr=3 -> data=0x3c06
PASS | Read RS2 | addr=7 -> data=0x9c04
PASS | Read RS1 | addr=2 -> data=0x6b30
PASS | Read RS2 | addr=6 -> data=0x8d1f
PASS | Read RS1 | addr=1 -> data=0xc823
PASS | Read RS2 | addr=1 -> data=0xc823
PASS | Read RS1 | addr=3 -> data=0x3c06
PASS | Read RS2 | addr=7 -> data=0x8eba
PASS | Read RS1 | addr=6 -> data=0x8d1f
PASS | Read RS2 | addr=3 -> data=0x3c06
PASS | Read RS1 | addr=5 -> data=0xf2f7
PASS | Read RS2 | addr=2 -> data=0x6b30
PASS | Read RS1 | addr=4 -> data=0x1d59
PASS | Read RS2 | addr=3 -> data=0x3c06
PASS | Read RS1 | addr=7 -> data=0x8345
PASS | Read RS2 | addr=5 -> data=0xf2f7
PASS | Read RS1 | addr=0 -> data=0x0
PASS | Read RS2 | addr=7 -> data=0x8345
PASS | Read RS1 | addr=3 -> data=0x3c06
PASS | Read RS2 | addr=6 -> data=0x8d1f
PASS | Read RS1 | addr=1 -> data=0xc823
PASS | Read RS2 | addr=5 -> data=0xd0b4
PASS | Read RS1 | addr=7 -> data=0x6d3d
PASS | Read RS2 | addr=0 -> data=0x0
PASS | Read RS1 | addr=7 -> data=0x6d3d
PASS | Read RS2 | addr=6 -> data=0x8d1f
PASS | Read RS1 | addr=4 -> data=0x1d59
PASS | Read RS2 | addr=0 -> data=0x0
PASS | Read RS1 | addr=1 -> data=0xc823
PASS | Read RS2 | addr=3 -> data=0x74f5
PASS | Read RS1 | addr=3 -> data=0x74f5
PASS | Read RS2 | addr=2 -> data=0x4759
PASS | Read RS1 | addr=5 -> data=0xd0b4
PASS | Read RS2 | addr=0 -> data=0x0
PASS | Read RS1 | addr=2 -> data=0x4759
PASS | Read RS2 | addr=4 -> data=0x1d59
PASS | Read RS1 | addr=6 -> data=0x8d1f
PASS | Read RS2 | addr=1 -> data=0xc823
PASS | Read RS1 | addr=6 -> data=0x8d1f
PASS | Read RS2 | addr=1 -> data=0xc823
PASS | Read RS1 | addr=6 -> data=0x8d1f
PASS | Read RS2 | addr=4 -> data=0x1d59
PASS | Read RS1 | addr=5 -> data=0xd0b4
PASS | Read RS2 | addr=6 -> data=0x8d1f
PASS | Read RS1 | addr=0 -> data=0x0
PASS | Read RS2 | addr=1 -> data=0xc823
PASS | Read RS1 | addr=7 -> data=0x2af3
PASS | Read RS2 | addr=3 -> data=0x576c
PASS | Read RS1 | addr=4 -> data=0xb115
PASS | Read RS2 | addr=1 -> data=0xc823
PASS | Read RS1 | addr=5 -> data=0xd0b4
PASS | Read RS2 | addr=3 -> data=0x5de0
PASS | Read RS1 | addr=4 -> data=0xb115
PASS | Read RS2 | addr=2 -> data=0x681c
PASS | Read RS1 | addr=2 -> data=0x681c
PASS | Read RS2 | addr=4 -> data=0xb115
PASS | Read RS1 | addr=7 -> data=0x2af3
PASS | Read RS2 | addr=2 -> data=0x681c
PASS | Read RS1 | addr=3 -> data=0x5de0
PASS | Read RS2 | addr=5 -> data=0xd0b4
PASS | Read RS1 | addr=5 -> data=0xd0b4
PASS | Read RS2 | addr=2 -> data=0x681c
PASS | Read RS1 | addr=7 -> data=0x58b3
PASS | Read RS2 | addr=3 -> data=0x5de0
PASS | Read RS1 | addr=6 -> data=0xe069
PASS | Read RS2 | addr=0 -> data=0x0
PASS | Read RS1 | addr=2 -> data=0x8551
PASS | Read RS2 | addr=5 -> data=0xd0b4
PASS | Read RS1 | addr=4 -> data=0xb115
PASS | Read RS2 | addr=4 -> data=0xb115
PASS | Read RS1 | addr=6 -> data=0x2ce5
PASS | Read RS2 | addr=7 -> data=0x58b3
PASS | Read RS1 | addr=7 -> data=0x58b3
PASS | Read RS2 | addr=2 -> data=0x8551
PASS | Read RS1 | addr=1 -> data=0xb690
PASS | Read RS2 | addr=4 -> data=0xb115
PASS | Read RS1 | addr=6 -> data=0x2ce5
PASS | Read RS2 | addr=7 -> data=0x58b3
PASS | Read RS1 | addr=7 -> data=0x58b3
PASS | Read RS2 | addr=2 -> data=0x8551
PASS | Read RS1 | addr=1 -> data=0xb690
PASS | Read RS2 | addr=5 -> data=0xd0b4
PASS | Read RS1 | addr=2 -> data=0x8551
PASS | Read RS2 | addr=5 -> data=0xd0b4
PASS | Read RS1 | addr=5 -> data=0xd0b4
PASS | Read RS2 | addr=1 -> data=0x1965
PASS | Read RS1 | addr=1 -> data=0x1965
PASS | Read RS2 | addr=3 -> data=0x5de0
PASS | Read RS1 | addr=5 -> data=0xd0b4
PASS | Read RS2 | addr=6 -> data=0x2ce5
PASS | Read RS1 | addr=3 -> data=0x5de0
PASS | Read RS2 | addr=4 -> data=0xb115
PASS | Read RS1 | addr=1 -> data=0x1965
PASS | Read RS2 | addr=5 -> data=0xd0b4
PASS | Read RS1 | addr=6 -> data=0x2ce5
PASS | Read RS2 | addr=4 -> data=0xb115
PASS | Read RS1 | addr=1 -> data=0x1965
PASS | Read RS2 | addr=4 -> data=0xb115
PASS | Read RS1 | addr=5 -> data=0xd0b4
PASS | Read RS2 | addr=2 -> data=0x3403
PASS | Read RS1 | addr=2 -> data=0x3403
PASS | Read RS2 | addr=5 -> data=0xd0b4
PASS | Read RS1 | addr=1 -> data=0x1965
PASS | Read RS2 | addr=5 -> data=0xd0b4
PASS | Read RS1 | addr=2 -> data=0x3403
PASS | Read RS2 | addr=0 -> data=0x0
PASS | Read RS1 | addr=1 -> data=0x1965
PASS | Read RS2 | addr=1 -> data=0x1965
PASS | Read RS1 | addr=0 -> data=0x0
PASS | Read RS2 | addr=5 -> data=0xd0b4
PASS | Read RS1 | addr=3 -> data=0x5de0
PASS | Read RS2 | addr=7 -> data=0xec67
PASS | Read RS1 | addr=6 -> data=0x2ce5
PASS | Read RS2 | addr=4 -> data=0xb115
PASS | Read RS1 | addr=7 -> data=0xec67
PASS | Read RS2 | addr=6 -> data=0x2ce5
PASS | Read RS1 | addr=5 -> data=0xd0b4
PASS | Read RS2 | addr=2 -> data=0x3403
PASS | Read RS1 | addr=7 -> data=0xec67
PASS | Read RS2 | addr=7 -> data=0xec67
PASS | Read RS1 | addr=0 -> data=0x0
PASS | Read RS2 | addr=1 -> data=0x2ae5
PASS | Read RS1 | addr=2 -> data=0x3403
PASS | Read RS2 | addr=5 -> data=0xe6dd
PASS | Read RS1 | addr=4 -> data=0xb115
PASS | Read RS2 | addr=3 -> data=0x5de0
PASS | Read RS1 | addr=7 -> data=0xbf73
PASS | Read RS2 | addr=6 -> data=0x2ce5
PASS | Read RS1 | addr=0 -> data=0x0
PASS | Read RS2 | addr=1 -> data=0x2ae5
PASS | Read RS1 | addr=4 -> data=0xb115
PASS | Read RS2 | addr=7 -> data=0xbf73
PASS | Read RS1 | addr=4 -> data=0xb115
PASS | Read RS2 | addr=2 -> data=0x3403
PASS | Read RS1 | addr=3 -> data=0x5de0
PASS | Read RS2 | addr=4 -> data=0xb115
PASS | Read RS1 | addr=0 -> data=0x0
PASS | Read RS2 | addr=1 -> data=0x2ae5
PASS | Read RS1 | addr=6 -> data=0x2ce5
PASS | Read RS2 | addr=3 -> data=0x5de0
PASS | Read RS1 | addr=2 -> data=0x3403
PASS | Read RS2 | addr=7 -> data=0x472b
PASS | Read RS1 | addr=4 -> data=0xb115
PASS | Read RS2 | addr=6 -> data=0x2ce5
PASS | Read RS1 | addr=2 -> data=0x3403
PASS | Read RS2 | addr=1 -> data=0x2ae5
PASS | Read RS1 | addr=2 -> data=0x3403
PASS | Read RS2 | addr=0 -> data=0x0
PASS | Read RS1 | addr=5 -> data=0x12eb
PASS | Read RS2 | addr=6 -> data=0x1908
PASS | Read RS1 | addr=3 -> data=0x5de0
PASS | Read RS2 | addr=3 -> data=0x5de0
PASS | Read RS1 | addr=2 -> data=0x3403
PASS | Read RS2 | addr=2 -> data=0x3403
PASS | Read RS1 | addr=2 -> data=0x3403
PASS | Read RS2 | addr=2 -> data=0x3403
PASS | Read RS1 | addr=6 -> data=0x1908
PASS | Read RS2 | addr=2 -> data=0x3403
PASS | Read RS1 | addr=0 -> data=0x0
PASS | Read RS2 | addr=0 -> data=0x0
PASS | Read RS1 | addr=6 -> data=0x1908
PASS | Read RS2 | addr=5 -> data=0x12eb
PASS | Read RS1 | addr=2 -> data=0x3403
PASS | Read RS2 | addr=6 -> data=0x1908
PASS | Read RS1 | addr=2 -> data=0x3403
PASS | Read RS2 | addr=7 -> data=0x2981
PASS | Read RS1 | addr=2 -> data=0x64b8
PASS | Read RS2 | addr=7 -> data=0x2981
PASS | Read RS1 | addr=1 -> data=0x2ae5
PASS | Read RS2 | addr=1 -> data=0x2ae5
PASS | Read RS1 | addr=0 -> data=0x0
PASS | Read RS2 | addr=5 -> data=0x12eb
PASS | Read RS1 | addr=0 -> data=0x0
PASS | Read RS2 | addr=6 -> data=0x1908
PASS | Read RS1 | addr=0 -> data=0x0
PASS | Read RS2 | addr=2 -> data=0x64b8
PASS | Read RS1 | addr=3 -> data=0x5de0
PASS | Read RS2 | addr=3 -> data=0x5de0
PASS | Read RS1 | addr=2 -> data=0x8ff7
PASS | Read RS2 | addr=0 -> data=0x0
PASS | Read RS1 | addr=1 -> data=0x2ae5
PASS | Read RS2 | addr=5 -> data=0x12eb
PASS | Read RS1 | addr=7 -> data=0x666f
PASS | Read RS2 | addr=7 -> data=0x666f
PASS | Read RS1 | addr=1 -> data=0x2ae5
PASS | Read RS2 | addr=0 -> data=0x0
PASS | Read RS1 | addr=0 -> data=0x0
PASS | Read RS2 | addr=2 -> data=0x8ff7
PASS | Read RS1 | addr=6 -> data=0xa0a3
PASS | Read RS2 | addr=2 -> data=0x8ff7
PASS | Read RS1 | addr=2 -> data=0x8ff7
PASS | Read RS2 | addr=2 -> data=0x8ff7
PASS | Read RS1 | addr=6 -> data=0xa0a3
PASS | Read RS2 | addr=5 -> data=0x688c
PASS | Read RS1 | addr=0 -> data=0x0
PASS | Read RS2 | addr=3 -> data=0x8f27
PASS | Read RS1 | addr=7 -> data=0x1e01
PASS | Read RS2 | addr=0 -> data=0x0
PASS | Read RS1 | addr=2 -> data=0x5148
PASS | Read RS2 | addr=5 -> data=0x688c
PASS | Read RS1 | addr=7 -> data=0x1e01
PASS | Read RS2 | addr=3 -> data=0x8f27
PASS | Read RS1 | addr=7 -> data=0x1e01
PASS | Read RS2 | addr=4 -> data=0x925b
PASS | Read RS1 | addr=5 -> data=0x688c
PASS | Read RS2 | addr=5 -> data=0x688c
PASS | Read RS1 | addr=0 -> data=0x0
PASS | Read RS2 | addr=6 -> data=0xade6
PASS | Read RS1 | addr=0 -> data=0x0
PASS | Read RS2 | addr=5 -> data=0x688c
PASS | Read RS1 | addr=5 -> data=0x688c
PASS | Read RS2 | addr=6 -> data=0xade6
PASS | Read RS1 | addr=7 -> data=0xec3e
PASS | Read RS2 | addr=7 -> data=0xec3e
PASS | Read RS1 | addr=4 -> data=0x925b
PASS | Read RS2 | addr=6 -> data=0xade6
PASS | Read RS1 | addr=1 -> data=0x45f1
PASS | Read RS2 | addr=2 -> data=0x5148
PASS | Read RS1 | addr=0 -> data=0x0
PASS | Read RS2 | addr=0 -> data=0x0
PASS | Read RS1 | addr=5 -> data=0x688c
PASS | Read RS2 | addr=7 -> data=0xf711
PASS | Read RS1 | addr=3 -> data=0x8f27
PASS | Read RS2 | addr=5 -> data=0x688c
PASS | Read RS1 | addr=2 -> data=0x34d
PASS | Read RS2 | addr=6 -> data=0xade6
PASS | Read RS1 | addr=0 -> data=0x0
PASS | Read RS2 | addr=6 -> data=0xade6
PASS | Read RS1 | addr=2 -> data=0x34d
PASS | Read RS2 | addr=1 -> data=0x45f1
PASS | Read RS1 | addr=0 -> data=0x0
PASS | Read RS2 | addr=4 -> data=0x925b
PASS | Read RS1 | addr=1 -> data=0x45f1
PASS | Read RS2 | addr=2 -> data=0x34d
PASS | Read RS1 | addr=3 -> data=0x2af9
PASS | Read RS2 | addr=6 -> data=0xade6
PASS | Read RS1 | addr=5 -> data=0x688c
PASS | Read RS2 | addr=6 -> data=0xade6
PASS | Read RS1 | addr=7 -> data=0xff12
PASS | Read RS2 | addr=0 -> data=0x0
PASS | Read RS1 | addr=0 -> data=0x0
PASS | Read RS2 | addr=1 -> data=0x45f1
PASS | Read RS1 | addr=0 -> data=0x0
PASS | Read RS2 | addr=7 -> data=0x41ed
PASS | Read RS1 | addr=4 -> data=0xd688
PASS | Read RS2 | addr=4 -> data=0xd688
PASS | Read RS1 | addr=3 -> data=0x2af9
PASS | Read RS2 | addr=2 -> data=0x34d
PASS | Read RS1 | addr=7 -> data=0x492f
PASS | Read RS2 | addr=1 -> data=0x45f1
PASS | Read RS1 | addr=5 -> data=0x688c
PASS | Read RS2 | addr=3 -> data=0x2af9
PASS | Read RS1 | addr=1 -> data=0x45f1
PASS | Read RS2 | addr=0 -> data=0x0
PASS | Read RS1 | addr=1 -> data=0x45f1
PASS | Read RS2 | addr=7 -> data=0xfdf
PASS | Read RS1 | addr=5 -> data=0x688c
PASS | Read RS2 | addr=6 -> data=0x40ec
PASS | Read RS1 | addr=6 -> data=0x40ec
PASS | Read RS2 | addr=6 -> data=0x40ec
PASS | Read RS1 | addr=0 -> data=0x0
PASS | Read RS2 | addr=6 -> data=0x40ec
PASS | Read RS1 | addr=3 -> data=0x2af9
PASS | Read RS2 | addr=1 -> data=0x45f1
PASS | Read RS1 | addr=0 -> data=0x0
PASS | Read RS2 | addr=2 -> data=0x83c
PASS | Read RS1 | addr=4 -> data=0x316d
PASS | Read RS2 | addr=7 -> data=0xfdf
PASS | Read RS1 | addr=3 -> data=0x2af9
PASS | Read RS2 | addr=3 -> data=0x2af9
PASS | Read RS1 | addr=1 -> data=0x45f1
PASS | Read RS2 | addr=3 -> data=0x2af9
PASS | Read RS1 | addr=0 -> data=0x0
PASS | Read RS2 | addr=6 -> data=0x40ec
PASS | Read RS1 | addr=2 -> data=0x5fde
PASS | Read RS2 | addr=6 -> data=0x40ec
PASS | Read RS1 | addr=7 -> data=0x7572
PASS | Read RS2 | addr=5 -> data=0x688c
PASS | Read RS1 | addr=6 -> data=0x40ec
PASS | Read RS2 | addr=5 -> data=0x688c
PASS | Read RS1 | addr=7 -> data=0x28e6
PASS | Read RS2 | addr=3 -> data=0x2af9
PASS | Read RS1 | addr=5 -> data=0x688c
PASS | Read RS2 | addr=5 -> data=0x688c
PASS | Read RS1 | addr=2 -> data=0x5fde
PASS | Read RS2 | addr=4 -> data=0x316d
PASS | Read RS1 | addr=5 -> data=0x688c
PASS | Read RS2 | addr=1 -> data=0x45f1
PASS | Read RS1 | addr=1 -> data=0x45f1
PASS | Read RS2 | addr=1 -> data=0x45f1
PASS | Read RS1 | addr=2 -> data=0x5fde
PASS | Read RS2 | addr=1 -> data=0x45f1
PASS | Read RS1 | addr=7 -> data=0x28e6
PASS | Read RS2 | addr=5 -> data=0x688c
PASS | Read RS1 | addr=6 -> data=0x40ec
PASS | Read RS2 | addr=3 -> data=0x2af9
PASS | Read RS1 | addr=5 -> data=0x2a40
PASS | Read RS2 | addr=6 -> data=0x40ec
PASS | Read RS1 | addr=1 -> data=0x45f1
PASS | Read RS2 | addr=4 -> data=0x316d
PASS | Read RS1 | addr=3 -> data=0x2af9
PASS | Read RS2 | addr=0 -> data=0x0
PASS | Read RS1 | addr=1 -> data=0x45f1
PASS | Read RS2 | addr=2 -> data=0x5fde
PASS | Read RS1 | addr=1 -> data=0x45f1
PASS | Read RS2 | addr=7 -> data=0x70bc
PASS | Read RS1 | addr=1 -> data=0x45f1
PASS | Read RS2 | addr=4 -> data=0xb5b8
PASS | Read RS1 | addr=3 -> data=0x2af9
PASS | Read RS2 | addr=2 -> data=0x5fde
PASS | Read RS1 | addr=5 -> data=0x2a40
PASS | Read RS2 | addr=7 -> data=0x70bc
PASS | Read RS1 | addr=7 -> data=0x70bc
PASS | Read RS2 | addr=7 -> data=0x70bc
PASS | Read RS1 | addr=3 -> data=0x780f
PASS | Read RS2 | addr=7 -> data=0x70bc
PASS | Read RS1 | addr=0 -> data=0x0
PASS | Read RS2 | addr=1 -> data=0x45f1
PASS | Read RS1 | addr=6 -> data=0x92f0
PASS | Read RS2 | addr=2 -> data=0x5fde
PASS | Read RS1 | addr=1 -> data=0x45f1
PASS | Read RS2 | addr=5 -> data=0x2a40
PASS | Read RS1 | addr=7 -> data=0xfa43
PASS | Read RS2 | addr=7 -> data=0xfa43
PASS | Read RS1 | addr=5 -> data=0x2a40
PASS | Read RS2 | addr=0 -> data=0x0
PASS | Read RS1 | addr=6 -> data=0x92f0
PASS | Read RS2 | addr=7 -> data=0x2a7e
PASS | Read RS1 | addr=0 -> data=0x0
PASS | Read RS2 | addr=1 -> data=0x45f1
PASS | Read RS1 | addr=4 -> data=0xb5b8
PASS | Read RS2 | addr=2 -> data=0x5fde
PASS | Read RS1 | addr=1 -> data=0x45f1
PASS | Read RS2 | addr=5 -> data=0x2a40
PASS | Read RS1 | addr=1 -> data=0x45f1
PASS | Read RS2 | addr=1 -> data=0x45f1
PASS | Read RS1 | addr=7 -> data=0x90a1
PASS | Read RS2 | addr=4 -> data=0xb5b8
PASS | Read RS1 | addr=2 -> data=0xe05a
PASS | Read RS2 | addr=5 -> data=0x2a40
PASS | Read RS1 | addr=2 -> data=0xe05a
PASS | Read RS2 | addr=3 -> data=0x3c14
PASS | Read RS1 | addr=0 -> data=0x0
PASS | Read RS2 | addr=4 -> data=0xb5b8
PASS | Read RS1 | addr=1 -> data=0x45f1
PASS | Read RS2 | addr=5 -> data=0x2a40
PASS | Read RS1 | addr=2 -> data=0xe05a
PASS | Read RS2 | addr=0 -> data=0x0
PASS | Read RS1 | addr=2 -> data=0xe05a
PASS | Read RS2 | addr=5 -> data=0x2a40
PASS | Read RS1 | addr=1 -> data=0x45f1
PASS | Read RS2 | addr=2 -> data=0xe05a
PASS | Read RS1 | addr=7 -> data=0x8042
PASS | Read RS2 | addr=0 -> data=0x0
PASS | Read RS1 | addr=6 -> data=0x3a83
PASS | Read RS2 | addr=5 -> data=0x2a40
PASS | Read RS1 | addr=6 -> data=0x3a83
PASS | Read RS2 | addr=6 -> data=0x3a83
PASS | Read RS1 | addr=2 -> data=0xe05a
PASS | Read RS2 | addr=3 -> data=0x3c14
PASS | Read RS1 | addr=2 -> data=0xe05a
PASS | Read RS2 | addr=6 -> data=0xa3d7
PASS | Read RS1 | addr=4 -> data=0xb5b8
PASS | Read RS2 | addr=6 -> data=0xa3d7
PASS | Read RS1 | addr=7 -> data=0xa11b
PASS | Read RS2 | addr=6 -> data=0xa3d7
PASS | Read RS1 | addr=5 -> data=0x2a40
PASS | Read RS2 | addr=4 -> data=0xb5b8
PASS | Read RS1 | addr=2 -> data=0xe05a
PASS | Read RS2 | addr=0 -> data=0x0
PASS | Read RS1 | addr=5 -> data=0x2a40
PASS | Read RS2 | addr=3 -> data=0x3c14
PASS | Read RS1 | addr=3 -> data=0x3c14
PASS | Read RS2 | addr=2 -> data=0xe05a
PASS | Read RS1 | addr=3 -> data=0x68d8
PASS | Read RS2 | addr=4 -> data=0xb5b8
PASS | Read RS1 | addr=4 -> data=0xb5b8
PASS | Read RS2 | addr=5 -> data=0x2a40
PASS | Read RS1 | addr=0 -> data=0x0
PASS | Read RS2 | addr=3 -> data=0x68d8
PASS | Read RS1 | addr=0 -> data=0x0
PASS | Read RS2 | addr=7 -> data=0xc427
PASS | Read RS1 | addr=7 -> data=0xc427
PASS | Read RS2 | addr=2 -> data=0xe05a
PASS | Read RS1 | addr=6 -> data=0xe992
PASS | Read RS2 | addr=7 -> data=0x7878
PASS | Read RS1 | addr=3 -> data=0x68d8
PASS | Read RS2 | addr=4 -> data=0x9cbf
PASS | Read RS1 | addr=1 -> data=0x45f1
PASS | Read RS2 | addr=1 -> data=0x45f1
PASS | Read RS1 | addr=5 -> data=0x2a40
PASS | Read RS2 | addr=4 -> data=0x9cbf
PASS | Read RS1 | addr=3 -> data=0x68d8
PASS | Read RS2 | addr=1 -> data=0x32c1
PASS | Read RS1 | addr=1 -> data=0x32c1
PASS | Read RS2 | addr=4 -> data=0x9cbf
PASS | Read RS1 | addr=3 -> data=0x68d8
PASS | Read RS2 | addr=4 -> data=0x9cbf
PASS | Read RS1 | addr=0 -> data=0x0
PASS | Read RS2 | addr=0 -> data=0x0
PASS | Read RS1 | addr=0 -> data=0x0
PASS | Read RS2 | addr=3 -> data=0x68d8
PASS | Read RS1 | addr=6 -> data=0xe992
PASS | Read RS2 | addr=2 -> data=0xe05a
PASS | Read RS1 | addr=2 -> data=0xe05a
PASS | Read RS2 | addr=5 -> data=0xfeec
PASS | Read RS1 | addr=4 -> data=0x9cbf
PASS | Read RS2 | addr=2 -> data=0xe05a
PASS | Read RS1 | addr=4 -> data=0x9cbf
PASS | Read RS2 | addr=5 -> data=0xfeec
PASS | Read RS1 | addr=0 -> data=0x0
PASS | Read RS2 | addr=7 -> data=0x1b7f
PASS | Read RS1 | addr=2 -> data=0xe05a
PASS | Read RS2 | addr=5 -> data=0xfeec
PASS | Read RS1 | addr=6 -> data=0xe992
PASS | Read RS2 | addr=0 -> data=0x0
PASS | Read RS1 | addr=1 -> data=0xc94d
PASS | Read RS2 | addr=7 -> data=0x1e86
PASS | Read RS1 | addr=7 -> data=0x1e86
PASS | Read RS2 | addr=2 -> data=0xe05a
PASS | Read RS1 | addr=3 -> data=0x68d8
PASS | Read RS2 | addr=6 -> data=0xe992
PASS | Read RS1 | addr=5 -> data=0xfeec
PASS | Read RS2 | addr=1 -> data=0xc94d
PASS | Read RS1 | addr=4 -> data=0x9cbf
PASS | Read RS2 | addr=6 -> data=0xe992
PASS | Read RS1 | addr=3 -> data=0x68d8
PASS | Read RS2 | addr=1 -> data=0xc94d
PASS | Read RS1 | addr=6 -> data=0xe992
PASS | Read RS2 | addr=2 -> data=0xe05a
PASS | Read RS1 | addr=6 -> data=0xe992
PASS | Read RS2 | addr=7 -> data=0x1e86
PASS | Read RS1 | addr=0 -> data=0x0
PASS | Read RS2 | addr=7 -> data=0x1e86
PASS | Read RS1 | addr=5 -> data=0xfeec
PASS | Read RS2 | addr=4 -> data=0x9cbf
PASS | Read RS1 | addr=0 -> data=0x0
PASS | Read RS2 | addr=5 -> data=0xfeec
PASS | Read RS1 | addr=7 -> data=0x167e
PASS | Read RS2 | addr=0 -> data=0x0
PASS | Read RS1 | addr=5 -> data=0xfeec
PASS | Read RS2 | addr=4 -> data=0x9cbf
PASS | Read RS1 | addr=7 -> data=0x167e
PASS | Read RS2 | addr=6 -> data=0xe992
PASS | Read RS1 | addr=6 -> data=0xe992
PASS | Read RS2 | addr=5 -> data=0xfeec
PASS | Read RS1 | addr=6 -> data=0x8490
PASS | Read RS2 | addr=5 -> data=0xfeec
PASS | Read RS1 | addr=2 -> data=0xe05a
PASS | Read RS2 | addr=5 -> data=0xfeec
PASS | Read RS1 | addr=3 -> data=0x68d8
PASS | Read RS2 | addr=5 -> data=0xfeec
PASS | Read RS1 | addr=1 -> data=0xc94d
PASS | Read RS2 | addr=2 -> data=0xe05a
PASS | Read RS1 | addr=0 -> data=0x0
PASS | Read RS2 | addr=0 -> data=0x0
PASS | Read RS1 | addr=6 -> data=0x8490
PASS | Read RS2 | addr=7 -> data=0xe8a0
PASS | Read RS1 | addr=3 -> data=0x68d8
PASS | Read RS2 | addr=2 -> data=0xe05a
PASS | Read RS1 | addr=6 -> data=0x8490
PASS | Read RS2 | addr=3 -> data=0x68d8
PASS | Read RS1 | addr=0 -> data=0x0
PASS | Read RS2 | addr=6 -> data=0x8490
PASS | Read RS1 | addr=0 -> data=0x0
PASS | Read RS2 | addr=5 -> data=0xfeec
PASS | Read RS1 | addr=6 -> data=0x8490
PASS | Read RS2 | addr=4 -> data=0x9cbf
PASS | Read RS1 | addr=7 -> data=0x9000
PASS | Read RS2 | addr=4 -> data=0x9cbf
PASS | Read RS1 | addr=2 -> data=0xfcf8
PASS | Read RS2 | addr=6 -> data=0x8490
PASS | Read RS1 | addr=3 -> data=0x68d8
PASS | Read RS2 | addr=3 -> data=0x68d8
PASS | Read RS1 | addr=0 -> data=0x0
PASS | Read RS2 | addr=1 -> data=0xc94d
PASS | Read RS1 | addr=5 -> data=0xa54
PASS | Read RS2 | addr=5 -> data=0xa54
PASS | Read RS1 | addr=5 -> data=0xa54
PASS | Read RS2 | addr=0 -> data=0x0
PASS | Read RS1 | addr=3 -> data=0x68d8
PASS | Read RS2 | addr=7 -> data=0xa7ca
PASS | Read RS1 | addr=3 -> data=0x68d8
PASS | Read RS2 | addr=4 -> data=0x977c
PASS | Read RS1 | addr=2 -> data=0xfcf8
PASS | Read RS2 | addr=1 -> data=0xc94d
PASS | Read RS1 | addr=1 -> data=0xc94d
PASS | Read RS2 | addr=5 -> data=0xa54
PASS | Read RS1 | addr=0 -> data=0x0
PASS | Read RS2 | addr=0 -> data=0x0
PASS | Read RS1 | addr=0 -> data=0x0
PASS | Read RS2 | addr=4 -> data=0x977c
PASS | Read RS1 | addr=4 -> data=0x45d2
PASS | Read RS2 | addr=0 -> data=0x0
PASS | Read RS1 | addr=2 -> data=0xfcf8
PASS | Read RS2 | addr=0 -> data=0x0
PASS | Read RS1 | addr=0 -> data=0x0
PASS | Read RS2 | addr=6 -> data=0x3a25
PASS | Read RS1 | addr=1 -> data=0xc94d
PASS | Read RS2 | addr=5 -> data=0xa54
PASS | Read RS1 | addr=7 -> data=0x8fdb
PASS | Read RS2 | addr=0 -> data=0x0
PASS | Read RS1 | addr=1 -> data=0xc94d
PASS | Read RS2 | addr=0 -> data=0x0
PASS | Read RS1 | addr=4 -> data=0x45d2
PASS | Read RS2 | addr=1 -> data=0xc94d
PASS | Read RS1 | addr=7 -> data=0xc77f
PASS | Read RS2 | addr=7 -> data=0xc77f
PASS | Read RS1 | addr=6 -> data=0x3a25
PASS | Read RS2 | addr=4 -> data=0x45d2
PASS | Read RS1 | addr=3 -> data=0x5d27
PASS | Read RS2 | addr=2 -> data=0x46d6
PASS | Read RS1 | addr=0 -> data=0x0
PASS | Read RS2 | addr=2 -> data=0x46d6
PASS | Read RS1 | addr=0 -> data=0x0
PASS | Read RS2 | addr=7 -> data=0x2ca5
PASS | Read RS1 | addr=2 -> data=0x46d6
PASS | Read RS2 | addr=7 -> data=0x2ca5
PASS | Read RS1 | addr=7 -> data=0x2ca5
PASS | Read RS2 | addr=0 -> data=0x0
PASS | Read RS1 | addr=5 -> data=0xa54
PASS | Read RS2 | addr=3 -> data=0x5d27
PASS | Read RS1 | addr=2 -> data=0x46d6
PASS | Read RS2 | addr=3 -> data=0x5d27
PASS | Read RS1 | addr=6 -> data=0x3a25
PASS | Read RS2 | addr=5 -> data=0xa54
PASS | Read RS1 | addr=7 -> data=0xf497
PASS | Read RS2 | addr=1 -> data=0xc94d
PASS | Read RS1 | addr=5 -> data=0xa54
PASS | Read RS2 | addr=4 -> data=0x45d2
PASS | Read RS1 | addr=3 -> data=0x5d27
PASS | Read RS2 | addr=1 -> data=0xc94d
PASS | Read RS1 | addr=3 -> data=0x5d27
PASS | Read RS2 | addr=2 -> data=0x46d6
PASS | Read RS1 | addr=2 -> data=0x46d6
PASS | Read RS2 | addr=7 -> data=0x1a6b
PASS | Read RS1 | addr=4 -> data=0x45d2
PASS | Read RS2 | addr=4 -> data=0x45d2
PASS | Read RS1 | addr=1 -> data=0xc94d
PASS | Read RS2 | addr=3 -> data=0x5d27
PASS | Read RS1 | addr=1 -> data=0xc94d
PASS | Read RS2 | addr=0 -> data=0x0
PASS | Read RS1 | addr=7 -> data=0xf2fd
PASS | Read RS2 | addr=2 -> data=0x46d6
PASS | Read RS1 | addr=3 -> data=0x5d27
PASS | Read RS2 | addr=3 -> data=0x5d27
PASS | Read RS1 | addr=4 -> data=0x45d2
PASS | Read RS2 | addr=4 -> data=0x45d2
PASS | Read RS1 | addr=7 -> data=0x18a0
PASS | Read RS2 | addr=0 -> data=0x0
PASS | Read RS1 | addr=5 -> data=0xa54
PASS | Read RS2 | addr=5 -> data=0xa54
PASS | Read RS1 | addr=3 -> data=0x5d27
PASS | Read RS2 | addr=6 -> data=0x3a25
PASS | Read RS1 | addr=2 -> data=0xba23
PASS | Read RS2 | addr=6 -> data=0x3a25
PASS | Read RS1 | addr=5 -> data=0xa54
PASS | Read RS2 | addr=2 -> data=0xb5d7
PASS | Read RS1 | addr=3 -> data=0x5d27
PASS | Read RS2 | addr=5 -> data=0xa54
PASS | Read RS1 | addr=5 -> data=0xa54
PASS | Read RS2 | addr=0 -> data=0x0
PASS | Read RS1 | addr=2 -> data=0xb5d7
PASS | Read RS2 | addr=4 -> data=0x45d2
PASS | Read RS1 | addr=4 -> data=0x45d2
PASS | Read RS2 | addr=3 -> data=0x5d27
PASS | Read RS1 | addr=1 -> data=0xc94d
PASS | Read RS2 | addr=5 -> data=0xa54
PASS | Read RS1 | addr=7 -> data=0xa32
PASS | Read RS2 | addr=4 -> data=0x45d2
PASS | Read RS1 | addr=1 -> data=0xc94d
PASS | Read RS2 | addr=5 -> data=0xa54
PASS | Read RS1 | addr=5 -> data=0xa54
PASS | Read RS2 | addr=0 -> data=0x0
PASS | Read RS1 | addr=7 -> data=0xa32
PASS | Read RS2 | addr=0 -> data=0x0
PASS | Read RS1 | addr=5 -> data=0xa54
PASS | Read RS2 | addr=0 -> data=0x0
PASS | Read RS1 | addr=2 -> data=0xb5d7
PASS | Read RS2 | addr=1 -> data=0xc94d
PASS | Read RS1 | addr=0 -> data=0x0
PASS | Read RS2 | addr=1 -> data=0xc94d
PASS | Read RS1 | addr=2 -> data=0xb5d7
PASS | Read RS2 | addr=3 -> data=0x5d27
PASS | Read RS1 | addr=4 -> data=0x45d2
PASS | Read RS2 | addr=1 -> data=0xc94d
PASS | Read RS1 | addr=0 -> data=0x0
PASS | Read RS2 | addr=7 -> data=0x64b4
PASS | Read RS1 | addr=7 -> data=0x64b4
PASS | Read RS2 | addr=3 -> data=0x56cb
PASS | Read RS1 | addr=0 -> data=0x0
PASS | Read RS2 | addr=0 -> data=0x0
PASS | Read RS1 | addr=1 -> data=0x149a
PASS | Read RS2 | addr=3 -> data=0x56cb
PASS | Read RS1 | addr=4 -> data=0x45d2
PASS | Read RS2 | addr=0 -> data=0x0
PASS | Read RS1 | addr=3 -> data=0x56cb
PASS | Read RS2 | addr=3 -> data=0x56cb
PASS | Read RS1 | addr=6 -> data=0xe350
PASS | Read RS2 | addr=3 -> data=0x56cb
PASS | Read RS1 | addr=3 -> data=0x56cb
PASS | Read RS2 | addr=0 -> data=0x0
PASS | Read RS1 | addr=4 -> data=0x45d2
PASS | Read RS2 | addr=5 -> data=0xa54
PASS | Read RS1 | addr=2 -> data=0xb5d7
PASS | Read RS2 | addr=1 -> data=0xfc81
PASS | Read RS1 | addr=3 -> data=0x56cb
PASS | Read RS2 | addr=3 -> data=0x56cb
PASS | Read RS1 | addr=3 -> data=0x56cb
PASS | Read RS2 | addr=6 -> data=0xe350
PASS | Read RS1 | addr=3 -> data=0x56cb
PASS | Read RS2 | addr=6 -> data=0xe350
PASS | Read RS1 | addr=1 -> data=0xfc81
PASS | Read RS2 | addr=6 -> data=0xe350
PASS | Read RS1 | addr=2 -> data=0xb5d7
PASS | Read RS2 | addr=0 -> data=0x0
PASS | Read RS1 | addr=1 -> data=0xfc81
PASS | Read RS2 | addr=2 -> data=0xb5d7
PASS | Read RS1 | addr=3 -> data=0x56cb
PASS | Read RS2 | addr=5 -> data=0xa54
PASS | Read RS1 | addr=7 -> data=0x1521
PASS | Read RS2 | addr=2 -> data=0xb5d7
PASS | Read RS1 | addr=1 -> data=0xfc81
PASS | Read RS2 | addr=6 -> data=0xe350
PASS | Read RS1 | addr=6 -> data=0x5374
PASS | Read RS2 | addr=7 -> data=0x1521
PASS | Read RS1 | addr=0 -> data=0x0
PASS | Read RS2 | addr=0 -> data=0x0
PASS | Read RS1 | addr=3 -> data=0x56cb
PASS | Read RS2 | addr=3 -> data=0x56cb
PASS | Read RS1 | addr=1 -> data=0xa494
PASS | Read RS2 | addr=3 -> data=0x56cb
PASS | Read RS1 | addr=2 -> data=0xb5d7
PASS | Read RS2 | addr=1 -> data=0xa494
PASS | Read RS1 | addr=5 -> data=0xa54
PASS | Read RS2 | addr=5 -> data=0xa54
PASS | Read RS1 | addr=7 -> data=0xc8af
PASS | Read RS2 | addr=2 -> data=0xb5d7
PASS | Read RS1 | addr=2 -> data=0xb5d7
PASS | Read RS2 | addr=4 -> data=0xb6a6
PASS | Read RS1 | addr=7 -> data=0xbaa8
PASS | Read RS2 | addr=2 -> data=0xb5d7
PASS | Read RS1 | addr=1 -> data=0x829
PASS | Read RS2 | addr=2 -> data=0xb5d7
PASS | Read RS1 | addr=0 -> data=0x0
PASS | Read RS2 | addr=3 -> data=0x56cb
PASS | Read RS1 | addr=3 -> data=0x56cb
PASS | Read RS2 | addr=0 -> data=0x0
PASS | Read RS1 | addr=1 -> data=0x105c
PASS | Read RS2 | addr=4 -> data=0xb6a6
PASS | Read RS1 | addr=4 -> data=0xb6a6
PASS | Read RS2 | addr=3 -> data=0x56cb
PASS | Read RS1 | addr=7 -> data=0xbaa8
PASS | Read RS2 | addr=2 -> data=0xedce
PASS | Read RS1 | addr=1 -> data=0x105c
PASS | Read RS2 | addr=3 -> data=0x56cb
PASS | Read RS1 | addr=2 -> data=0xedce
PASS | Read RS2 | addr=4 -> data=0xb6a6
PASS | Read RS1 | addr=4 -> data=0xb6a6
PASS | Read RS2 | addr=7 -> data=0xf6d7
PASS | Read RS1 | addr=4 -> data=0xb6a6
PASS | Read RS2 | addr=1 -> data=0x105c
PASS | Read RS1 | addr=4 -> data=0xb6a6
PASS | Read RS2 | addr=7 -> data=0xf6d7
PASS | Read RS1 | addr=3 -> data=0xc42e
PASS | Read RS2 | addr=4 -> data=0xb6a6
PASS | Read RS1 | addr=1 -> data=0x105c
PASS | Read RS2 | addr=5 -> data=0xa54
PASS | Read RS1 | addr=4 -> data=0xb6a6
PASS | Read RS2 | addr=2 -> data=0xedce
PASS | Read RS1 | addr=3 -> data=0xc42e
PASS | Read RS2 | addr=3 -> data=0xc42e
PASS | Read RS1 | addr=2 -> data=0xedce
PASS | Read RS2 | addr=2 -> data=0xedce
PASS | Read RS1 | addr=7 -> data=0x174
PASS | Read RS2 | addr=3 -> data=0xc42e
PASS | Read RS1 | addr=2 -> data=0xedce
PASS | Read RS2 | addr=5 -> data=0xa54
PASS | Read RS1 | addr=1 -> data=0x105c
PASS | Read RS2 | addr=3 -> data=0xc42e
PASS | Read RS1 | addr=6 -> data=0x5374
PASS | Read RS2 | addr=1 -> data=0x105c
PASS | Read RS1 | addr=2 -> data=0xedce
PASS | Read RS2 | addr=7 -> data=0x4014
PASS | Read RS1 | addr=4 -> data=0xb6a6
PASS | Read RS2 | addr=3 -> data=0xc42e
PASS | Read RS1 | addr=4 -> data=0xb6a6
PASS | Read RS2 | addr=1 -> data=0x105c
PASS | Read RS1 | addr=5 -> data=0xa54
PASS | Read RS2 | addr=5 -> data=0xa54
PASS | Read RS1 | addr=5 -> data=0xa54
PASS | Read RS2 | addr=7 -> data=0x4014
PASS | Read RS1 | addr=1 -> data=0x105c
PASS | Read RS2 | addr=0 -> data=0x0
PASS | Read RS1 | addr=0 -> data=0x0
PASS | Read RS2 | addr=2 -> data=0xedce
PASS | Read RS1 | addr=2 -> data=0xedce
PASS | Read RS2 | addr=1 -> data=0x105c
PASS | Read RS1 | addr=4 -> data=0x28ac
PASS | Read RS2 | addr=7 -> data=0x4014
PASS | Read RS1 | addr=0 -> data=0x0
PASS | Read RS2 | addr=6 -> data=0x5374
PASS | Read RS1 | addr=5 -> data=0xa54
PASS | Read RS2 | addr=6 -> data=0x5374
PASS | Read RS1 | addr=0 -> data=0x0
PASS | Read RS2 | addr=2 -> data=0x2a9e
PASS | Read RS1 | addr=6 -> data=0x5374
PASS | Read RS2 | addr=0 -> data=0x0
PASS | Read RS1 | addr=6 -> data=0x5374
PASS | Read RS2 | addr=0 -> data=0x0
PASS | Read RS1 | addr=1 -> data=0x573e
PASS | Read RS2 | addr=6 -> data=0x5374
PASS | Read RS1 | addr=0 -> data=0x0
PASS | Read RS2 | addr=5 -> data=0xa54
PASS | Read RS1 | addr=7 -> data=0x4014
PASS | Read RS2 | addr=6 -> data=0x5374
PASS | Read RS1 | addr=2 -> data=0x2a9e
PASS | Read RS2 | addr=2 -> data=0x2a9e
PASS | Read RS1 | addr=5 -> data=0xa54
PASS | Read RS2 | addr=6 -> data=0x5374
PASS | Read RS1 | addr=5 -> data=0xa54
PASS | Read RS2 | addr=3 -> data=0xc42e
PASS | Read RS1 | addr=1 -> data=0x573e
PASS | Read RS2 | addr=5 -> data=0xa54
PASS | Read RS1 | addr=3 -> data=0xc42e
PASS | Read RS2 | addr=6 -> data=0x5374
PASS | Read RS1 | addr=6 -> data=0x5374
PASS | Read RS2 | addr=4 -> data=0x28ac
PASS | Read RS1 | addr=3 -> data=0xc42e
PASS | Read RS2 | addr=1 -> data=0x573e
PASS | Read RS1 | addr=2 -> data=0xcabf
PASS | Read RS2 | addr=2 -> data=0xcabf
PASS | Read RS1 | addr=3 -> data=0xc42e
PASS | Read RS2 | addr=6 -> data=0x5374
PASS | Read RS1 | addr=7 -> data=0x8317
PASS | Read RS2 | addr=7 -> data=0x8317
PASS | Read RS1 | addr=3 -> data=0xc42e
PASS | Read RS2 | addr=1 -> data=0x573e
PASS | Read RS1 | addr=2 -> data=0xcabf
PASS | Read RS2 | addr=0 -> data=0x0
PASS | Read RS1 | addr=0 -> data=0x0
PASS | Read RS2 | addr=1 -> data=0x573e
PASS | Read RS1 | addr=2 -> data=0xcabf
PASS | Read RS2 | addr=6 -> data=0x5374
PASS | Read RS1 | addr=7 -> data=0x80d3
PASS | Read RS2 | addr=3 -> data=0xc42e
PASS | Read RS1 | addr=1 -> data=0x573e
PASS | Read RS2 | addr=4 -> data=0x28ac
PASS | Read RS1 | addr=3 -> data=0xc42e
PASS | Read RS2 | addr=0 -> data=0x0
PASS | Read RS1 | addr=6 -> data=0x5374
PASS | Read RS2 | addr=4 -> data=0x28ac
PASS | Read RS1 | addr=0 -> data=0x0
PASS | Read RS2 | addr=6 -> data=0x5374
PASS | Read RS1 | addr=7 -> data=0x54aa
PASS | Read RS2 | addr=1 -> data=0x573e
PASS | Read RS1 | addr=3 -> data=0xc42e
PASS | Read RS2 | addr=6 -> data=0x5374
PASS | Read RS1 | addr=0 -> data=0x0
PASS | Read RS2 | addr=0 -> data=0x0
PASS | Read RS1 | addr=3 -> data=0xc42e
PASS | Read RS2 | addr=1 -> data=0x573e
PASS | Read RS1 | addr=7 -> data=0x54aa
PASS | Read RS2 | addr=0 -> data=0x0
PASS | Read RS1 | addr=5 -> data=0xa54
PASS | Read RS2 | addr=6 -> data=0x5374
PASS | Read RS1 | addr=0 -> data=0x0
PASS | Read RS2 | addr=4 -> data=0x49d9
PASS | Read RS1 | addr=6 -> data=0x5374
PASS | Read RS2 | addr=3 -> data=0xc42e
PASS | Read RS1 | addr=2 -> data=0xcabf
PASS | Read RS2 | addr=2 -> data=0xcabf
PASS | Read RS1 | addr=6 -> data=0x5374
PASS | Read RS2 | addr=3 -> data=0xc42e
PASS | Read RS1 | addr=6 -> data=0x5374
PASS | Read RS2 | addr=2 -> data=0xcabf
PASS | Read RS1 | addr=4 -> data=0x49d9
PASS | Read RS2 | addr=7 -> data=0xb3ea
PASS | Read RS1 | addr=1 -> data=0x573e
PASS | Read RS2 | addr=6 -> data=0x5374
PASS | Read RS1 | addr=4 -> data=0xe2e5
PASS | Read RS2 | addr=7 -> data=0xc8b8
PASS | Read RS1 | addr=3 -> data=0xc42e
PASS | Read RS2 | addr=0 -> data=0x0
PASS | Read RS1 | addr=5 -> data=0xa54
PASS | Read RS2 | addr=1 -> data=0x573e
PASS | Read RS1 | addr=5 -> data=0xa54
PASS | Read RS2 | addr=0 -> data=0x0
PASS | Read RS1 | addr=3 -> data=0xc42e
PASS | Read RS2 | addr=6 -> data=0x5374
PASS | Read RS1 | addr=5 -> data=0xa54
PASS | Read RS2 | addr=7 -> data=0xa2ff
PASS | Read RS1 | addr=6 -> data=0x5374
PASS | Read RS2 | addr=1 -> data=0x573e
PASS | Read RS1 | addr=7 -> data=0x855a
PASS | Read RS2 | addr=1 -> data=0x573e
PASS | Read RS1 | addr=6 -> data=0x5374
PASS | Read RS2 | addr=6 -> data=0x5374
PASS | Read RS1 | addr=7 -> data=0xc5f2
PASS | Read RS2 | addr=6 -> data=0x5374
PASS | Read RS1 | addr=3 -> data=0xc42e
PASS | Read RS2 | addr=6 -> data=0x5374
PASS | Read RS1 | addr=3 -> data=0xc42e
PASS | Read RS2 | addr=4 -> data=0xe2e5
PASS | Read RS1 | addr=6 -> data=0x5374
PASS | Read RS2 | addr=3 -> data=0xc42e
PASS | Read RS1 | addr=5 -> data=0xa54
PASS | Read RS2 | addr=7 -> data=0xc5f2
PASS | Read RS1 | addr=0 -> data=0x0
PASS | Read RS2 | addr=4 -> data=0xe2e5
PASS | Read RS1 | addr=0 -> data=0x0
PASS | Read RS2 | addr=1 -> data=0x573e
PASS | Read RS1 | addr=7 -> data=0xd58d
PASS | Read RS2 | addr=2 -> data=0xcabf
PASS | Read RS1 | addr=6 -> data=0x1c97
PASS | Read RS2 | addr=6 -> data=0x1c97
PASS | Read RS1 | addr=2 -> data=0xcabf
PASS | Read RS2 | addr=4 -> data=0xe2e5
PASS | Read RS1 | addr=0 -> data=0x0
PASS | Read RS2 | addr=3 -> data=0xc42e
PASS | Read RS1 | addr=4 -> data=0xe2e5
PASS | Read RS2 | addr=7 -> data=0x4e50
PASS | Read RS1 | addr=0 -> data=0x0
PASS | Read RS2 | addr=4 -> data=0xe2e5
PASS | Read RS1 | addr=1 -> data=0x573e
PASS | Read RS2 | addr=1 -> data=0x573e
PASS | Read RS1 | addr=5 -> data=0xa54
PASS | Read RS2 | addr=7 -> data=0xa191
PASS | Read RS1 | addr=3 -> data=0xc42e
PASS | Read RS2 | addr=5 -> data=0xa54
PASS | Read RS1 | addr=3 -> data=0xc42e
PASS | Read RS2 | addr=5 -> data=0xa54
PASS | Read RS1 | addr=5 -> data=0xa54
PASS | Read RS2 | addr=0 -> data=0x0
PASS | Read RS1 | addr=5 -> data=0xa54
PASS | Read RS2 | addr=5 -> data=0xa54
PASS | Read RS1 | addr=6 -> data=0x1c97
PASS | Read RS2 | addr=5 -> data=0xa54
PASS | Read RS1 | addr=2 -> data=0xec89
PASS | Read RS2 | addr=3 -> data=0xc42e
PASS | Read RS1 | addr=4 -> data=0xe2e5
PASS | Read RS2 | addr=4 -> data=0xe2e5
PASS | Read RS1 | addr=4 -> data=0xe2e5
PASS | Read RS2 | addr=2 -> data=0xec89
PASS | Read RS1 | addr=1 -> data=0x573e
PASS | Read RS2 | addr=3 -> data=0x1b9b
PASS | Read RS1 | addr=3 -> data=0x1b9b
PASS | Read RS2 | addr=1 -> data=0x573e
PASS | Read RS1 | addr=7 -> data=0x7def
PASS | Read RS2 | addr=1 -> data=0x573e
PASS | Read RS1 | addr=0 -> data=0x0
PASS | Read RS2 | addr=6 -> data=0xf01f
PASS | Read RS1 | addr=1 -> data=0x573e
PASS | Read RS2 | addr=1 -> data=0x573e
PASS | Read RS1 | addr=0 -> data=0x0
PASS | Read RS2 | addr=7 -> data=0x7def
PASS | Read RS1 | addr=1 -> data=0x573e
PASS | Read RS2 | addr=0 -> data=0x0
PASS | Read RS1 | addr=7 -> data=0x7def
PASS | Read RS2 | addr=3 -> data=0x1b9b
PASS | Read RS1 | addr=7 -> data=0x4420
PASS | Read RS2 | addr=7 -> data=0x4420
PASS | Read RS1 | addr=4 -> data=0xe2e5
PASS | Read RS2 | addr=7 -> data=0xdc8
PASS | Read RS1 | addr=6 -> data=0xf01f
PASS | Read RS2 | addr=5 -> data=0xa54
PASS | Read RS1 | addr=3 -> data=0x1b9b
PASS | Read RS2 | addr=5 -> data=0xa54
PASS | Read RS1 | addr=2 -> data=0x9de
PASS | Read RS2 | addr=6 -> data=0xf01f
PASS | Read RS1 | addr=3 -> data=0x1b9b
PASS | Read RS2 | addr=5 -> data=0xa54
PASS | Read RS1 | addr=7 -> data=0x9db0
PASS | Read RS2 | addr=5 -> data=0xa54
PASS | Read RS1 | addr=6 -> data=0xf01f
PASS | Read RS2 | addr=6 -> data=0xf01f
PASS | Read RS1 | addr=6 -> data=0xf01f
PASS | Read RS2 | addr=4 -> data=0xe2e5
PASS | Read RS1 | addr=5 -> data=0xa54
PASS | Read RS2 | addr=5 -> data=0xa54
PASS | Read RS1 | addr=2 -> data=0x9de
PASS | Read RS2 | addr=1 -> data=0x573e
PASS | Read RS1 | addr=1 -> data=0x573e
PASS | Read RS2 | addr=4 -> data=0xe2e5
PASS | Read RS1 | addr=3 -> data=0x1b9b
PASS | Read RS2 | addr=5 -> data=0xa54
PASS | Read RS1 | addr=1 -> data=0x573e
PASS | Read RS2 | addr=4 -> data=0xe2e5
PASS | Read RS1 | addr=2 -> data=0x9de
PASS | Read RS2 | addr=5 -> data=0xa54
PASS | Read RS1 | addr=0 -> data=0x0
PASS | Read RS2 | addr=4 -> data=0xe2e5
PASS | Read RS1 | addr=7 -> data=0xe2b9
PASS | Read RS2 | addr=4 -> data=0xe2e5
PASS | Read RS1 | addr=0 -> data=0x0
PASS | Read RS2 | addr=6 -> data=0xf01f
PASS | Read RS1 | addr=1 -> data=0xd8db
PASS | Read RS2 | addr=2 -> data=0xceaa
PASS | Read RS1 | addr=7 -> data=0x1511
PASS | Read RS2 | addr=2 -> data=0xceaa
PASS | Read RS1 | addr=1 -> data=0xd8db
PASS | Read RS2 | addr=1 -> data=0xd8db
PASS | Read RS1 | addr=4 -> data=0xe2e5
PASS | Read RS2 | addr=1 -> data=0xd8db
PASS | Read RS1 | addr=2 -> data=0xceaa
PASS | Read RS2 | addr=0 -> data=0x0
PASS | Read RS1 | addr=7 -> data=0xdd59
PASS | Read RS2 | addr=1 -> data=0xd8db
PASS | Read RS1 | addr=7 -> data=0xdd59
PASS | Read RS2 | addr=0 -> data=0x0
PASS | Read RS1 | addr=7 -> data=0xdd59
PASS | Read RS2 | addr=6 -> data=0xd830
PASS | Read RS1 | addr=0 -> data=0x0
PASS | Read RS2 | addr=5 -> data=0xa54
PASS | Read RS1 | addr=2 -> data=0xceaa
PASS | Read RS2 | addr=7 -> data=0xdd59
PASS | Read RS1 | addr=2 -> data=0xceaa
PASS | Read RS2 | addr=3 -> data=0x1b9b
PASS | Read RS1 | addr=1 -> data=0x2cc1
PASS | Read RS2 | addr=3 -> data=0x1b9b
PASS | Read RS1 | addr=0 -> data=0x0
PASS | Read RS2 | addr=7 -> data=0x135b
PASS | Read RS1 | addr=5 -> data=0xa54
PASS | Read RS2 | addr=4 -> data=0xe2e5
PASS | Read RS1 | addr=3 -> data=0x1b9b
PASS | Read RS2 | addr=2 -> data=0xceaa
PASS | Read RS1 | addr=7 -> data=0x1233
PASS | Read RS2 | addr=0 -> data=0x0
PASS | Read RS1 | addr=1 -> data=0x2cc1
PASS | Read RS2 | addr=6 -> data=0xd830
PASS | Read RS1 | addr=3 -> data=0x1b9b
PASS | Read RS2 | addr=2 -> data=0x8f6f
PASS | Read RS1 | addr=0 -> data=0x0
PASS | Read RS2 | addr=4 -> data=0xe2e5
PASS | Read RS1 | addr=4 -> data=0xe2e5
PASS | Read RS2 | addr=5 -> data=0xa54
PASS | Read RS1 | addr=7 -> data=0xda48
PASS | Read RS2 | addr=2 -> data=0x6a2f
PASS | Read RS1 | addr=6 -> data=0xd830
PASS | Read RS2 | addr=0 -> data=0x0
PASS | Read RS1 | addr=2 -> data=0x6a2f
PASS | Read RS2 | addr=1 -> data=0x2cc1
PASS | Read RS1 | addr=4 -> data=0xe2e5
PASS | Read RS2 | addr=0 -> data=0x0
PASS | Read RS1 | addr=2 -> data=0x6a2f
PASS | Read RS2 | addr=7 -> data=0x55c1
PASS | Read RS1 | addr=2 -> data=0x6a2f
PASS | Read RS2 | addr=3 -> data=0x1b9b
PASS | Read RS1 | addr=2 -> data=0x6a2f
PASS | Read RS2 | addr=4 -> data=0xe2e5
PASS | Read RS1 | addr=3 -> data=0x1b9b
PASS | Read RS2 | addr=6 -> data=0xd830
PASS | Read RS1 | addr=1 -> data=0x6b74
PASS | Read RS2 | addr=7 -> data=0x915d
PASS | Read RS1 | addr=0 -> data=0x0
PASS | Read RS2 | addr=3 -> data=0x1b9b
PASS | Read RS1 | addr=3 -> data=0x1b9b
PASS | Read RS2 | addr=7 -> data=0x8358
PASS | Read RS1 | addr=6 -> data=0xd830
PASS | Read RS2 | addr=7 -> data=0x8358
PASS | Read RS1 | addr=0 -> data=0x0
PASS | Read RS2 | addr=5 -> data=0xa54
PASS | Read RS1 | addr=1 -> data=0x6b74
PASS | Read RS2 | addr=5 -> data=0xa54
PASS | Read RS1 | addr=5 -> data=0xa54
PASS | Read RS2 | addr=2 -> data=0x6a2f
PASS | Read RS1 | addr=7 -> data=0x79d4
PASS | Read RS2 | addr=0 -> data=0x0
PASS | Read RS1 | addr=5 -> data=0xa267
PASS | Read RS2 | addr=5 -> data=0xa267
PASS | Read RS1 | addr=3 -> data=0x1b9b
PASS | Read RS2 | addr=0 -> data=0x0
PASS | Read RS1 | addr=2 -> data=0x6a2f
PASS | Read RS2 | addr=2 -> data=0x6a2f
PASS | Read RS1 | addr=7 -> data=0xfc83
PASS | Read RS2 | addr=7 -> data=0xfc83
PASS | Read RS1 | addr=5 -> data=0xa267
PASS | Read RS2 | addr=0 -> data=0x0
PASS | Read RS1 | addr=5 -> data=0xa267
PASS | Read RS2 | addr=1 -> data=0x6b74
PASS | Read RS1 | addr=3 -> data=0x1b9b
PASS | Read RS2 | addr=7 -> data=0x9634
PASS | Read RS1 | addr=0 -> data=0x0
PASS | Read RS2 | addr=0 -> data=0x0
PASS | Read RS1 | addr=0 -> data=0x0
PASS | Read RS2 | addr=2 -> data=0x11b2
PASS | Read RS1 | addr=7 -> data=0x99
PASS | Read RS2 | addr=3 -> data=0x3477
PASS | Read RS1 | addr=7 -> data=0x6c1
PASS | Read RS2 | addr=1 -> data=0x6b74
PASS | Read RS1 | addr=7 -> data=0x6c1
PASS | Read RS2 | addr=0 -> data=0x0
PASS | Read RS1 | addr=0 -> data=0x0
PASS | Read RS2 | addr=4 -> data=0xe2e5
PASS | Read RS1 | addr=3 -> data=0x3477
PASS | Read RS2 | addr=1 -> data=0x6b74
PASS | Read RS1 | addr=5 -> data=0xa267
PASS | Read RS2 | addr=0 -> data=0x0
PASS | Read RS1 | addr=2 -> data=0x11b2
PASS | Read RS2 | addr=7 -> data=0xd320
PASS | Read RS1 | addr=5 -> data=0xa267
PASS | Read RS2 | addr=5 -> data=0xa267
PASS | Read RS1 | addr=7 -> data=0xa947
PASS | Read RS2 | addr=6 -> data=0xd830
PASS | Read RS1 | addr=2 -> data=0x11b2
PASS | Read RS2 | addr=4 -> data=0xe2e5
PASS | Read RS1 | addr=3 -> data=0x3477
PASS | Read RS2 | addr=6 -> data=0xd830
PASS | Read RS1 | addr=0 -> data=0x0
PASS | Read RS2 | addr=2 -> data=0x11b2
PASS | Read RS1 | addr=2 -> data=0x11b2
PASS | Read RS2 | addr=5 -> data=0xa267
PASS | Read RS1 | addr=7 -> data=0xb396
PASS | Read RS2 | addr=5 -> data=0xa267
PASS | Read RS1 | addr=0 -> data=0x0
PASS | Read RS2 | addr=2 -> data=0x11b2
PASS | Read RS1 | addr=3 -> data=0x3477
PASS | Read RS2 | addr=1 -> data=0xcf8d
PASS | Read RS1 | addr=5 -> data=0xa267
PASS | Read RS2 | addr=5 -> data=0xa267
PASS | Read RS1 | addr=6 -> data=0xa7b0
PASS | Read RS2 | addr=7 -> data=0xee2b
PASS | Read RS1 | addr=7 -> data=0x661b
PASS | Read RS2 | addr=5 -> data=0xa267
PASS | Read RS1 | addr=5 -> data=0xa267
PASS | Read RS2 | addr=2 -> data=0x11b2
PASS | Read RS1 | addr=4 -> data=0xe2e5
PASS | Read RS2 | addr=6 -> data=0xa7b0
PASS | Read RS1 | addr=5 -> data=0xa267
PASS | Read RS2 | addr=3 -> data=0x9a2a
PASS | Read RS1 | addr=2 -> data=0x11b2
PASS | Read RS2 | addr=0 -> data=0x0
PASS | Read RS1 | addr=7 -> data=0x6e5
PASS | Read RS2 | addr=4 -> data=0xe2e5
PASS | Read RS1 | addr=1 -> data=0xcf8d
PASS | Read RS2 | addr=7 -> data=0x6e5
PASS | Read RS1 | addr=6 -> data=0xa7b0
PASS | Read RS2 | addr=2 -> data=0x11b2
PASS | Read RS1 | addr=3 -> data=0x9a2a
PASS | Read RS2 | addr=1 -> data=0xcf8d
PASS | Read RS1 | addr=1 -> data=0xcf8d
PASS | Read RS2 | addr=5 -> data=0xa267
PASS | Read RS1 | addr=0 -> data=0x0
PASS | Read RS2 | addr=2 -> data=0x11b2
PASS | Read RS1 | addr=7 -> data=0xd08c
PASS | Read RS2 | addr=6 -> data=0x658b
PASS | Read RS1 | addr=5 -> data=0xa267
PASS | Read RS2 | addr=6 -> data=0x658b
PASS | Read RS1 | addr=5 -> data=0xa267
PASS | Read RS2 | addr=3 -> data=0x9a2a
PASS | Read RS1 | addr=7 -> data=0x4dff
PASS | Read RS2 | addr=0 -> data=0x0
PASS | Read RS1 | addr=0 -> data=0x0
PASS | Read RS2 | addr=0 -> data=0x0
PASS | Read RS1 | addr=6 -> data=0x658b
PASS | Read RS2 | addr=5 -> data=0xa267
PASS | Read RS1 | addr=1 -> data=0xcf8d
PASS | Read RS2 | addr=3 -> data=0x9a2a
PASS | Read RS1 | addr=4 -> data=0xe2e5
PASS | Read RS2 | addr=2 -> data=0x11b2
PASS | Read RS1 | addr=4 -> data=0xe2e5
PASS | Read RS2 | addr=5 -> data=0xa267
PASS | Read RS1 | addr=4 -> data=0xe2e5
PASS | Read RS2 | addr=1 -> data=0xcf8d
PASS | Read RS1 | addr=5 -> data=0xa267
PASS | Read RS2 | addr=0 -> data=0x0
PASS | Read RS1 | addr=1 -> data=0xcf8d
PASS | Read RS2 | addr=7 -> data=0x9bc3
PASS | Read RS1 | addr=1 -> data=0xcf8d
PASS | Read RS2 | addr=6 -> data=0x658b
PASS | Read RS1 | addr=2 -> data=0x6559
PASS | Read RS2 | addr=4 -> data=0xab46
PASS | Read RS1 | addr=7 -> data=0x9bc3
PASS | Read RS2 | addr=3 -> data=0x9a2a
PASS | Read RS1 | addr=4 -> data=0xab46
PASS | Read RS2 | addr=2 -> data=0x6559
PASS | Read RS1 | addr=6 -> data=0x658b
PASS | Read RS2 | addr=3 -> data=0x9a2a
PASS | Read RS1 | addr=0 -> data=0x0
PASS | Read RS2 | addr=5 -> data=0x3e81
PASS | Read RS1 | addr=4 -> data=0xab46
PASS | Read RS2 | addr=6 -> data=0x658b
PASS | Read RS1 | addr=0 -> data=0x0
PASS | Read RS2 | addr=6 -> data=0x658b
PASS | Read RS1 | addr=3 -> data=0x9a2a
PASS | Read RS2 | addr=0 -> data=0x0
PASS | Read RS1 | addr=2 -> data=0x34c0
PASS | Read RS2 | addr=0 -> data=0x0
PASS | Read RS1 | addr=6 -> data=0x658b
PASS | Read RS2 | addr=5 -> data=0x3e81
PASS | Read RS1 | addr=7 -> data=0x18ff
PASS | Read RS2 | addr=3 -> data=0x9a2a
PASS | Read RS1 | addr=6 -> data=0x658b
PASS | Read RS2 | addr=5 -> data=0x3e81
PASS | Read RS1 | addr=5 -> data=0x3e81
PASS | Read RS2 | addr=0 -> data=0x0
PASS | Read RS1 | addr=6 -> data=0x658b
PASS | Read RS2 | addr=2 -> data=0x34c0
PASS | Read RS1 | addr=0 -> data=0x0
PASS | Read RS2 | addr=4 -> data=0xab46
PASS | Read RS1 | addr=7 -> data=0x3d12
PASS | Read RS2 | addr=3 -> data=0x9a2a
PASS | Read RS1 | addr=4 -> data=0xab46
PASS | Read RS2 | addr=3 -> data=0x9a2a
PASS | Read RS1 | addr=1 -> data=0x6b2c
PASS | Read RS2 | addr=6 -> data=0x658b
PASS | Read RS1 | addr=4 -> data=0xab46
PASS | Read RS2 | addr=0 -> data=0x0
PASS | Read RS1 | addr=4 -> data=0xab46
PASS | Read RS2 | addr=4 -> data=0xab46
PASS | Read RS1 | addr=1 -> data=0x6b2c
PASS | Read RS2 | addr=2 -> data=0x34c0
PASS | Read RS1 | addr=4 -> data=0xab46
PASS | Read RS2 | addr=4 -> data=0xab46
PASS | Read RS1 | addr=5 -> data=0x7f80
PASS | Read RS2 | addr=0 -> data=0x0
PASS | Read RS1 | addr=1 -> data=0x6b2c
PASS | Read RS2 | addr=0 -> data=0x0
PASS | Read RS1 | addr=4 -> data=0xab46
PASS | Read RS2 | addr=6 -> data=0x658b
PASS | Read RS1 | addr=6 -> data=0x658b
PASS | Read RS2 | addr=4 -> data=0xab46
PASS | Read RS1 | addr=6 -> data=0x658b
PASS | Read RS2 | addr=1 -> data=0x6b2c
PASS | Read RS1 | addr=2 -> data=0x34c0
PASS | Read RS2 | addr=5 -> data=0x7f80
PASS | Read RS1 | addr=3 -> data=0x570b
PASS | Read RS2 | addr=2 -> data=0x34c0
PASS | Read RS1 | addr=4 -> data=0xab46
PASS | Read RS2 | addr=6 -> data=0x184a
PASS | Read RS1 | addr=6 -> data=0x184a
PASS | Read RS2 | addr=1 -> data=0x6b2c
PASS | Read RS1 | addr=4 -> data=0xab46
PASS | Read RS2 | addr=2 -> data=0xe058
PASS | Read RS1 | addr=2 -> data=0xe058
PASS | Read RS2 | addr=1 -> data=0x6b2c
PASS | Read RS1 | addr=6 -> data=0x184a
PASS | Read RS2 | addr=6 -> data=0x184a
PASS | Read RS1 | addr=7 -> data=0xbd77
PASS | Read RS2 | addr=0 -> data=0x0
PASS | Read RS1 | addr=3 -> data=0x570b
PASS | Read RS2 | addr=1 -> data=0x6b2c
PASS | Read RS1 | addr=2 -> data=0xe058
PASS | Read RS2 | addr=7 -> data=0xbd77
PASS | Read RS1 | addr=2 -> data=0x3b59
PASS | Read RS2 | addr=1 -> data=0x6b2c
PASS | Read RS1 | addr=2 -> data=0x3b59
PASS | Read RS2 | addr=7 -> data=0x4fd
PASS | Read RS1 | addr=0 -> data=0x0
PASS | Read RS2 | addr=4 -> data=0xab46
PASS | Read RS1 | addr=1 -> data=0x6b2c
PASS | Read RS2 | addr=6 -> data=0x184a
PASS | Read RS1 | addr=6 -> data=0x184a
PASS | Read RS2 | addr=7 -> data=0x4fd
PASS | Read RS1 | addr=4 -> data=0xab46
PASS | Read RS2 | addr=3 -> data=0x570b
PASS | Read RS1 | addr=5 -> data=0x7038
PASS | Read RS2 | addr=3 -> data=0x570b
PASS | Read RS1 | addr=2 -> data=0x3b59
PASS | Read RS2 | addr=5 -> data=0x7038
PASS | Read RS1 | addr=7 -> data=0xdacf
PASS | Read RS2 | addr=7 -> data=0xdacf
PASS | Read RS1 | addr=2 -> data=0x3b59
PASS | Read RS2 | addr=5 -> data=0x7038
PASS | Read RS1 | addr=3 -> data=0x570b
PASS | Read RS2 | addr=7 -> data=0xf149
PASS | Read RS1 | addr=2 -> data=0x3b59
PASS | Read RS2 | addr=3 -> data=0x570b
PASS | Read RS1 | addr=3 -> data=0x570b
PASS | Read RS2 | addr=5 -> data=0x7038
PASS | Read RS1 | addr=2 -> data=0x3b59
PASS | Read RS2 | addr=3 -> data=0x570b
PASS | Read RS1 | addr=5 -> data=0x7038
PASS | Read RS2 | addr=3 -> data=0x570b
PASS | Read RS1 | addr=5 -> data=0x7038
PASS | Read RS2 | addr=4 -> data=0xab46
PASS | Read RS1 | addr=2 -> data=0x3b59
PASS | Read RS2 | addr=7 -> data=0x91d2
PASS | Read RS1 | addr=2 -> data=0x3b59
PASS | Read RS2 | addr=3 -> data=0x570b
PASS | Read RS1 | addr=0 -> data=0x0
PASS | Read RS2 | addr=4 -> data=0xab46
PASS | Read RS1 | addr=1 -> data=0x2376
PASS | Read RS2 | addr=1 -> data=0x2376
PASS | Read RS1 | addr=6 -> data=0xfd32
PASS | Read RS2 | addr=3 -> data=0x570b
PASS | Read RS1 | addr=2 -> data=0x3b59
PASS | Read RS2 | addr=6 -> data=0xfd32
PASS | Read RS1 | addr=5 -> data=0x7038
PASS | Read RS2 | addr=3 -> data=0x570b
PASS | Read RS1 | addr=7 -> data=0x599b
PASS | Read RS2 | addr=7 -> data=0x599b
PASS | Read RS1 | addr=7 -> data=0x599b
PASS | Read RS2 | addr=1 -> data=0x2376
PASS | Read RS1 | addr=6 -> data=0xfd32
PASS | Read RS2 | addr=3 -> data=0x570b
PASS | Read RS1 | addr=7 -> data=0x599b
PASS | Read RS2 | addr=4 -> data=0xab46
PASS | Read RS1 | addr=4 -> data=0xab46
PASS | Read RS2 | addr=5 -> data=0x7038
PASS | Read RS1 | addr=7 -> data=0xd9b4
PASS | Read RS2 | addr=4 -> data=0xab46
PASS | Read RS1 | addr=4 -> data=0xab46
PASS | Read RS2 | addr=5 -> data=0x7038
PASS | Read RS1 | addr=4 -> data=0xab46
PASS | Read RS2 | addr=2 -> data=0xceec
PASS | Read RS1 | addr=1 -> data=0x6149
PASS | Read RS2 | addr=5 -> data=0x2366
PASS | Read RS1 | addr=0 -> data=0x0
PASS | Read RS2 | addr=4 -> data=0xab46
PASS | Read RS1 | addr=2 -> data=0xceec
PASS | Read RS2 | addr=5 -> data=0x2366
PASS | Read RS1 | addr=0 -> data=0x0
PASS | Read RS2 | addr=6 -> data=0xfd32
PASS | Read RS1 | addr=3 -> data=0x570b
PASS | Read RS2 | addr=6 -> data=0xfd32
PASS | Read RS1 | addr=2 -> data=0x141f
PASS | Read RS2 | addr=4 -> data=0xab46
PASS | Read RS1 | addr=3 -> data=0x570b
PASS | Read RS2 | addr=3 -> data=0x570b
PASS | Read RS1 | addr=7 -> data=0x168
PASS | Read RS2 | addr=0 -> data=0x0
PASS | Read RS1 | addr=0 -> data=0x0
PASS | Read RS2 | addr=6 -> data=0xfd32
PASS | Read RS1 | addr=5 -> data=0x2366
PASS | Read RS2 | addr=7 -> data=0x168
PASS | Read RS1 | addr=0 -> data=0x0
PASS | Read RS2 | addr=1 -> data=0x6149
PASS | Read RS1 | addr=5 -> data=0x2366
PASS | Read RS2 | addr=2 -> data=0x141f
PASS | Read RS1 | addr=6 -> data=0xfd32
PASS | Read RS2 | addr=1 -> data=0x6149
PASS | Read RS1 | addr=1 -> data=0x6149
PASS | Read RS2 | addr=5 -> data=0x2366
PASS | Read RS1 | addr=2 -> data=0x141f
PASS | Read RS2 | addr=1 -> data=0x6149
PASS | Read RS1 | addr=0 -> data=0x0
PASS | Read RS2 | addr=5 -> data=0x2366
PASS | Read RS1 | addr=0 -> data=0x0
PASS | Read RS2 | addr=2 -> data=0x141f
PASS | Read RS1 | addr=2 -> data=0x141f
PASS | Read RS2 | addr=0 -> data=0x0
PASS | Read RS1 | addr=6 -> data=0xfd32
PASS | Read RS2 | addr=6 -> data=0xfd32
PASS | Read RS1 | addr=0 -> data=0x0
PASS | Read RS2 | addr=7 -> data=0x8d9a
PASS | Read RS1 | addr=6 -> data=0xfd32
PASS | Read RS2 | addr=5 -> data=0x2366
PASS | Read RS1 | addr=4 -> data=0xab46
PASS | Read RS2 | addr=1 -> data=0xcfa4
PASS | Read RS1 | addr=0 -> data=0x0
PASS | Read RS2 | addr=0 -> data=0x0
PASS | Read RS1 | addr=0 -> data=0x0
PASS | Read RS2 | addr=0 -> data=0x0
PASS | Read RS1 | addr=2 -> data=0x141f
PASS | Read RS2 | addr=0 -> data=0x0
PASS | Read RS1 | addr=1 -> data=0xcfa4
PASS | Read RS2 | addr=4 -> data=0xab46
PASS | Read RS1 | addr=0 -> data=0x0
PASS | Read RS2 | addr=3 -> data=0xc2d7
PASS | Read RS1 | addr=0 -> data=0x0
PASS | Read RS2 | addr=4 -> data=0xab46
PASS | Read RS1 | addr=0 -> data=0x0
PASS | Read RS2 | addr=4 -> data=0xab46
PASS | Read RS1 | addr=0 -> data=0x0
PASS | Read RS2 | addr=1 -> data=0xcfa4
PASS | Read RS1 | addr=3 -> data=0xc2d7
PASS | Read RS2 | addr=0 -> data=0x0
PASS | Read RS1 | addr=4 -> data=0xab46
PASS | Read RS2 | addr=6 -> data=0x1a1f
PASS | Read RS1 | addr=3 -> data=0xc2d7
PASS | Read RS2 | addr=6 -> data=0x1a1f
PASS | Read RS1 | addr=3 -> data=0xc2d7
PASS | Read RS2 | addr=2 -> data=0x18c6
PASS | Read RS1 | addr=2 -> data=0x1aa5
PASS | Read RS2 | addr=6 -> data=0x1a1f
PASS | Read RS1 | addr=0 -> data=0x0
PASS | Read RS2 | addr=7 -> data=0x54e9
PASS | Read RS1 | addr=1 -> data=0xcfa4
PASS | Read RS2 | addr=5 -> data=0x2366
PASS | Read RS1 | addr=7 -> data=0x54e9
PASS | Read RS2 | addr=6 -> data=0x1a1f
PASS | Read RS1 | addr=4 -> data=0xab46
PASS | Read RS2 | addr=4 -> data=0xab46
PASS | Read RS1 | addr=6 -> data=0x1a1f
PASS | Read RS2 | addr=6 -> data=0x1a1f
PASS | Read RS1 | addr=1 -> data=0xcfa4
PASS | Read RS2 | addr=3 -> data=0x820a
PASS | Read RS1 | addr=5 -> data=0xa9c8
PASS | Read RS2 | addr=4 -> data=0xab46
PASS | Read RS1 | addr=0 -> data=0x0
PASS | Read RS2 | addr=6 -> data=0x1a1f
PASS | Read RS1 | addr=3 -> data=0x820a
PASS | Read RS2 | addr=5 -> data=0xa9c8
PASS | Read RS1 | addr=0 -> data=0x0
PASS | Read RS2 | addr=2 -> data=0x1aa5
PASS | Read RS1 | addr=1 -> data=0x5330
PASS | Read RS2 | addr=1 -> data=0x5330
PASS | Read RS1 | addr=5 -> data=0xa9c8
PASS | Read RS2 | addr=7 -> data=0x767
PASS | Read RS1 | addr=0 -> data=0x0
PASS | Read RS2 | addr=5 -> data=0xa9c8
PASS | Read RS1 | addr=3 -> data=0x820a
PASS | Read RS2 | addr=2 -> data=0x1aa5
PASS | Read RS1 | addr=1 -> data=0x5330
PASS | Read RS2 | addr=1 -> data=0x5330
PASS | Read RS1 | addr=2 -> data=0x1aa5
PASS | Read RS2 | addr=7 -> data=0x1c4a
PASS | Read RS1 | addr=7 -> data=0x1c4a
PASS | Read RS2 | addr=4 -> data=0x8f3
PASS | Read RS1 | addr=4 -> data=0x8f3
PASS | Read RS2 | addr=0 -> data=0x0
PASS | Read RS1 | addr=5 -> data=0xa9c8
PASS | Read RS2 | addr=1 -> data=0x5330
PASS | Read RS1 | addr=1 -> data=0x5330
PASS | Read RS2 | addr=5 -> data=0xa9c8
PASS | Read RS1 | addr=0 -> data=0x0
PASS | Read RS2 | addr=0 -> data=0x0
PASS | Read RS1 | addr=3 -> data=0x15b
PASS | Read RS2 | addr=3 -> data=0x15b
PASS | Read RS1 | addr=0 -> data=0x0
PASS | Read RS2 | addr=2 -> data=0x6330
PASS | Read RS1 | addr=7 -> data=0xff71
PASS | Read RS2 | addr=0 -> data=0x0
PASS | Read RS1 | addr=2 -> data=0x6330
PASS | Read RS2 | addr=7 -> data=0xff71
PASS | Read RS1 | addr=7 -> data=0xff71
PASS | Read RS2 | addr=6 -> data=0x1a1f
PASS | Read RS1 | addr=5 -> data=0xa9c8
PASS | Read RS2 | addr=6 -> data=0x1a1f
PASS | Read RS1 | addr=5 -> data=0xa9c8
PASS | Read RS2 | addr=0 -> data=0x0
PASS | Read RS1 | addr=0 -> data=0x0
PASS | Read RS2 | addr=2 -> data=0x6330
PASS | Read RS1 | addr=2 -> data=0x6330
PASS | Read RS2 | addr=1 -> data=0x7f36
PASS | Read RS1 | addr=0 -> data=0x0
PASS | Read RS2 | addr=4 -> data=0x8f3
PASS | Read RS1 | addr=2 -> data=0x6330
PASS | Read RS2 | addr=2 -> data=0x6330
PASS | Read RS1 | addr=5 -> data=0xa9c8
PASS | Read RS2 | addr=3 -> data=0x15b
PASS | Read RS1 | addr=4 -> data=0x8f3
PASS | Read RS2 | addr=3 -> data=0x15b
PASS | Read RS1 | addr=1 -> data=0x7f36
PASS | Read RS2 | addr=7 -> data=0xeb1b
PASS | Read RS1 | addr=0 -> data=0x0
PASS | Read RS2 | addr=2 -> data=0x6330
PASS | Read RS1 | addr=1 -> data=0x7f36
PASS | Read RS2 | addr=0 -> data=0x0
PASS | Read RS1 | addr=5 -> data=0x1e50
PASS | Read RS2 | addr=0 -> data=0x0
PASS | Read RS1 | addr=4 -> data=0x8f3
PASS | Read RS2 | addr=1 -> data=0x7f36
PASS | Read RS1 | addr=5 -> data=0x1e50
PASS | Read RS2 | addr=4 -> data=0x8f3
PASS | Read RS1 | addr=0 -> data=0x0
PASS | Read RS2 | addr=3 -> data=0x15b
PASS | Read RS1 | addr=1 -> data=0x7f36
PASS | Read RS2 | addr=5 -> data=0x1e50
PASS | Read RS1 | addr=0 -> data=0x0
PASS | Read RS2 | addr=2 -> data=0x5682
PASS | Read RS1 | addr=3 -> data=0x15b
PASS | Read RS2 | addr=6 -> data=0x9192
PASS | Read RS1 | addr=3 -> data=0x15b
PASS | Read RS2 | addr=5 -> data=0x1e50
PASS | Read RS1 | addr=0 -> data=0x0
PASS | Read RS2 | addr=3 -> data=0x15b
PASS | Read RS1 | addr=5 -> data=0x1e50
PASS | Read RS2 | addr=3 -> data=0x15b
PASS | Read RS1 | addr=6 -> data=0x9192
PASS | Read RS2 | addr=7 -> data=0xd582
PASS | Read RS1 | addr=1 -> data=0x7f36
PASS | Read RS2 | addr=4 -> data=0x8f3
PASS | Read RS1 | addr=2 -> data=0x5682
PASS | Read RS2 | addr=0 -> data=0x0
PASS | Read RS1 | addr=5 -> data=0x1e50
PASS | Read RS2 | addr=6 -> data=0x9192
PASS | Read RS1 | addr=5 -> data=0x1e50
PASS | Read RS2 | addr=3 -> data=0x47b2
PASS | Read RS1 | addr=1 -> data=0x7f36
PASS | Read RS2 | addr=4 -> data=0x8f3
PASS | Read RS1 | addr=3 -> data=0x47b2
PASS | Read RS2 | addr=7 -> data=0x9783
PASS | Read RS1 | addr=0 -> data=0x0
PASS | Read RS2 | addr=5 -> data=0x1e50
PASS | Read RS1 | addr=2 -> data=0x94c7
PASS | Read RS2 | addr=0 -> data=0x0
PASS | Read RS1 | addr=2 -> data=0x94c7
PASS | Read RS2 | addr=6 -> data=0x9192
PASS | Read RS1 | addr=0 -> data=0x0
PASS | Read RS2 | addr=2 -> data=0x94c7
PASS | Read RS1 | addr=2 -> data=0x94c7
PASS | Read RS2 | addr=6 -> data=0x721b
PASS | Read RS1 | addr=3 -> data=0x47b2
PASS | Read RS2 | addr=3 -> data=0x47b2
PASS | Read RS1 | addr=4 -> data=0x8f3
PASS | Read RS2 | addr=0 -> data=0x0
PASS | Read RS1 | addr=6 -> data=0x721b
PASS | Read RS2 | addr=3 -> data=0x47b2
PASS | Read RS1 | addr=3 -> data=0x47b2
PASS | Read RS2 | addr=6 -> data=0x721b
PASS | Read RS1 | addr=2 -> data=0x94c7
PASS | Read RS2 | addr=7 -> data=0x5cbc
PASS | Read RS1 | addr=3 -> data=0x47b2
PASS | Read RS2 | addr=4 -> data=0x8f3
PASS | Read RS1 | addr=5 -> data=0x3277
PASS | Read RS2 | addr=6 -> data=0x721b
PASS | Read RS1 | addr=4 -> data=0x8f3
PASS | Read RS2 | addr=2 -> data=0xd97a
PASS | Read RS1 | addr=0 -> data=0x0
PASS | Read RS2 | addr=5 -> data=0x3277
PASS | Read RS1 | addr=4 -> data=0x8f3
PASS | Read RS2 | addr=0 -> data=0x0
PASS | Read RS1 | addr=3 -> data=0x47b2
PASS | Read RS2 | addr=5 -> data=0x3277
PASS | Read RS1 | addr=6 -> data=0x7e9d
PASS | Read RS2 | addr=0 -> data=0x0
PASS | Read RS1 | addr=6 -> data=0x7e9d
PASS | Read RS2 | addr=0 -> data=0x0
PASS | Read RS1 | addr=2 -> data=0xd97a
PASS | Read RS2 | addr=7 -> data=0x87be
PASS | Read RS1 | addr=1 -> data=0xcfc6
PASS | Read RS2 | addr=1 -> data=0xcfc6
PASS | Read RS1 | addr=1 -> data=0xcfc6
PASS | Read RS2 | addr=4 -> data=0x8f3
PASS | Read RS1 | addr=4 -> data=0x8f3
PASS | Read RS2 | addr=3 -> data=0x47b2
PASS | Read RS1 | addr=5 -> data=0x3277
PASS | Read RS2 | addr=1 -> data=0xcfc6
PASS | Read RS1 | addr=6 -> data=0x7e9d
PASS | Read RS2 | addr=3 -> data=0x47b2
PASS | Read RS1 | addr=0 -> data=0x0
PASS | Read RS2 | addr=3 -> data=0x47b2
PASS | Read RS1 | addr=2 -> data=0xd97a
PASS | Read RS2 | addr=2 -> data=0xd97a
PASS | Read RS1 | addr=2 -> data=0xd97a
PASS | Read RS2 | addr=2 -> data=0xd97a
PASS | Read RS1 | addr=2 -> data=0xd97a
PASS | Read RS2 | addr=5 -> data=0x3277
PASS | Read RS1 | addr=1 -> data=0xcfc6
PASS | Read RS2 | addr=1 -> data=0xcfc6
PASS | Read RS1 | addr=5 -> data=0x3277
PASS | Read RS2 | addr=0 -> data=0x0
PASS | Read RS1 | addr=0 -> data=0x0
PASS | Read RS2 | addr=1 -> data=0xcfc6
PASS | Read RS1 | addr=2 -> data=0xd97a
PASS | Read RS2 | addr=1 -> data=0xcfc6
PASS | Read RS1 | addr=6 -> data=0x7e9d
PASS | Read RS2 | addr=7 -> data=0x6825
PASS | Read RS1 | addr=2 -> data=0xd97a
PASS | Read RS2 | addr=1 -> data=0xcfc6
PASS | Read RS1 | addr=4 -> data=0x8f3
PASS | Read RS2 | addr=3 -> data=0xd4b5
PASS | Read RS1 | addr=6 -> data=0x7e9d
PASS | Read RS2 | addr=6 -> data=0x7e9d
PASS | Read RS1 | addr=4 -> data=0x8f3
PASS | Read RS2 | addr=5 -> data=0x3277
PASS | Read RS1 | addr=4 -> data=0x8f3
PASS | Read RS2 | addr=7 -> data=0xbf1c
PASS | Read RS1 | addr=6 -> data=0x7e9d
PASS | Read RS2 | addr=1 -> data=0xcfc6
PASS | Read RS1 | addr=0 -> data=0x0
PASS | Read RS2 | addr=5 -> data=0x3277
PASS | Read RS1 | addr=1 -> data=0xcfc6
PASS | Read RS2 | addr=2 -> data=0xd97a
PASS | Read RS1 | addr=3 -> data=0xeb2
PASS | Read RS2 | addr=2 -> data=0xd97a
PASS | Read RS1 | addr=7 -> data=0xb8a0
PASS | Read RS2 | addr=4 -> data=0x8f3
PASS | Read RS1 | addr=2 -> data=0xd97a
PASS | Read RS2 | addr=4 -> data=0x8f3
PASS | Read RS1 | addr=6 -> data=0x7e9d
PASS | Read RS2 | addr=1 -> data=0xcfc6
PASS | Read RS1 | addr=4 -> data=0x8f3
PASS | Read RS2 | addr=3 -> data=0xeb2
PASS | Read RS1 | addr=3 -> data=0xeb2
PASS | Read RS2 | addr=1 -> data=0xcfc6
PASS | Read RS1 | addr=6 -> data=0x7e9d
PASS | Read RS2 | addr=1 -> data=0xcfc6
PASS | Read RS1 | addr=0 -> data=0x0
PASS | Read RS2 | addr=4 -> data=0x8f3
PASS | Read RS1 | addr=4 -> data=0x8f3
PASS | Read RS2 | addr=0 -> data=0x0
PASS | Read RS1 | addr=4 -> data=0x8f3
PASS | Read RS2 | addr=3 -> data=0xcf88
PASS | Read RS1 | addr=1 -> data=0xcfc6
PASS | Read RS2 | addr=4 -> data=0x8f3
PASS | Read RS1 | addr=2 -> data=0x9231
PASS | Read RS2 | addr=1 -> data=0xcfc6
PASS | Read RS1 | addr=1 -> data=0xcfc6
PASS | Read RS2 | addr=4 -> data=0x8f3
PASS | Read RS1 | addr=2 -> data=0x9231
PASS | Read RS2 | addr=1 -> data=0x25c5
PASS | Read RS1 | addr=5 -> data=0x3277
PASS | Read RS2 | addr=2 -> data=0x9231
PASS | Read RS1 | addr=1 -> data=0x25c5
PASS | Read RS2 | addr=2 -> data=0x9231
PASS | Read RS1 | addr=0 -> data=0x0
PASS | Read RS2 | addr=0 -> data=0x0
PASS | Read RS1 | addr=7 -> data=0x1142
PASS | Read RS2 | addr=0 -> data=0x0
PASS | Read RS1 | addr=4 -> data=0x8f3
PASS | Read RS2 | addr=4 -> data=0x8f3
PASS | Read RS1 | addr=6 -> data=0x7e9d
PASS | Read RS2 | addr=7 -> data=0xe8c
PASS | Read RS1 | addr=0 -> data=0x0
PASS | Read RS2 | addr=4 -> data=0x8f3
PASS | Read RS1 | addr=2 -> data=0x9231
PASS | Read RS2 | addr=7 -> data=0xed09
PASS | Read RS1 | addr=2 -> data=0xd48d
PASS | Read RS2 | addr=1 -> data=0x25c5
PASS | Read RS1 | addr=5 -> data=0x15d0
PASS | Read RS2 | addr=3 -> data=0xcf88
PASS | Read RS1 | addr=7 -> data=0xed09
PASS | Read RS2 | addr=3 -> data=0xcf88
PASS | Read RS1 | addr=6 -> data=0x7e9d
PASS | Read RS2 | addr=2 -> data=0xd48d
PASS | Read RS1 | addr=7 -> data=0xed09
PASS | Read RS2 | addr=0 -> data=0x0
PASS | Read RS1 | addr=0 -> data=0x0
PASS | Read RS2 | addr=3 -> data=0xcf88
PASS | Read RS1 | addr=1 -> data=0x25c5
PASS | Read RS2 | addr=3 -> data=0xcf88
PASS | Read RS1 | addr=1 -> data=0x25c5
PASS | Read RS2 | addr=1 -> data=0x25c5
PASS | Read RS1 | addr=0 -> data=0x0
PASS | Read RS2 | addr=4 -> data=0x586f
PASS | Read RS1 | addr=5 -> data=0x15d0
PASS | Read RS2 | addr=2 -> data=0x7bb9
PASS | Read RS1 | addr=5 -> data=0x15d0
PASS | Read RS2 | addr=4 -> data=0x586f
PASS | Read RS1 | addr=4 -> data=0x586f
PASS | Read RS2 | addr=6 -> data=0x7e9d
PASS | Read RS1 | addr=6 -> data=0x7e9d
PASS | Read RS2 | addr=4 -> data=0x586f
PASS | Read RS1 | addr=3 -> data=0xcf88
PASS | Read RS2 | addr=7 -> data=0x1ae0
PASS | Read RS1 | addr=4 -> data=0x586f
PASS | Read RS2 | addr=3 -> data=0xcf88
PASS | Read RS1 | addr=2 -> data=0x7bb9
PASS | Read RS2 | addr=6 -> data=0x7e9d
PASS | Read RS1 | addr=4 -> data=0x586f
PASS | Read RS2 | addr=1 -> data=0x25c5
PASS | Read RS1 | addr=6 -> data=0x7e9d
PASS | Read RS2 | addr=6 -> data=0x7e9d
PASS | Read RS1 | addr=0 -> data=0x0
PASS | Read RS2 | addr=4 -> data=0x586f
PASS | Read RS1 | addr=4 -> data=0x586f
PASS | Read RS2 | addr=2 -> data=0x7bb9
PASS | Read RS1 | addr=2 -> data=0x7bb9
PASS | Read RS2 | addr=4 -> data=0x586f
PASS | Read RS1 | addr=6 -> data=0x7e9d
PASS | Read RS2 | addr=3 -> data=0xcf88
PASS | Read RS1 | addr=3 -> data=0xcf88
PASS | Read RS2 | addr=1 -> data=0x25c5
PASS | Read RS1 | addr=6 -> data=0x7e9d
PASS | Read RS2 | addr=2 -> data=0x7bb9
PASS | Read RS1 | addr=7 -> data=0xb0bc
PASS | Read RS2 | addr=4 -> data=0x586f
PASS | Read RS1 | addr=2 -> data=0x7bb9
PASS | Read RS2 | addr=3 -> data=0xcf88
PASS | Read RS1 | addr=7 -> data=0xb0bc
PASS | Read RS2 | addr=7 -> data=0xb0bc
PASS | Read RS1 | addr=5 -> data=0xc520
PASS | Read RS2 | addr=2 -> data=0x7bb9
PASS | Read RS1 | addr=0 -> data=0x0
PASS | Read RS2 | addr=5 -> data=0xc520
PASS | Read RS1 | addr=7 -> data=0xb0bc
PASS | Read RS2 | addr=0 -> data=0x0
PASS | Read RS1 | addr=1 -> data=0x25c5
PASS | Read RS2 | addr=5 -> data=0xc520
PASS | Read RS1 | addr=2 -> data=0x7bb9
PASS | Read RS2 | addr=2 -> data=0x7bb9
PASS | Read RS1 | addr=2 -> data=0x7bb9
PASS | Read RS2 | addr=5 -> data=0xc520
PASS | Read RS1 | addr=3 -> data=0xcf88
PASS | Read RS2 | addr=3 -> data=0xcf88
PASS | Read RS1 | addr=1 -> data=0x25c5
PASS | Read RS2 | addr=3 -> data=0xcf88
PASS | Read RS1 | addr=3 -> data=0xcf88
PASS | Read RS2 | addr=4 -> data=0x586f
PASS | Read RS1 | addr=5 -> data=0xc520
PASS | Read RS2 | addr=6 -> data=0x9a73
PASS | Read RS1 | addr=2 -> data=0x7bb9
PASS | Read RS2 | addr=4 -> data=0x586f
PASS | Read RS1 | addr=4 -> data=0x586f
PASS | Read RS2 | addr=6 -> data=0x9a73
PASS | Read RS1 | addr=2 -> data=0x7bb9
PASS | Read RS2 | addr=2 -> data=0x7bb9
PASS | Read RS1 | addr=6 -> data=0x9a73
PASS | Read RS2 | addr=6 -> data=0x9a73
PASS | Read RS1 | addr=5 -> data=0xc520
PASS | Read RS2 | addr=2 -> data=0x7bb9
PASS | Read RS1 | addr=1 -> data=0x25c5
PASS | Read RS2 | addr=2 -> data=0x7bb9
PASS | Read RS1 | addr=0 -> data=0x0
PASS | Read RS2 | addr=4 -> data=0x586f
PASS | Read RS1 | addr=1 -> data=0x25c5
PASS | Read RS2 | addr=5 -> data=0xc520
PASS | Read RS1 | addr=6 -> data=0x9a73
PASS | Read RS2 | addr=6 -> data=0x9a73
PASS | Read RS1 | addr=1 -> data=0x25c5
PASS | Read RS2 | addr=3 -> data=0xcf88
PASS | Read RS1 | addr=7 -> data=0x8b25
PASS | Read RS2 | addr=0 -> data=0x0
PASS | Read RS1 | addr=0 -> data=0x0
PASS | Read RS2 | addr=4 -> data=0x586f
PASS | Read RS1 | addr=5 -> data=0xc520
PASS | Read RS2 | addr=3 -> data=0xcf88
PASS | Read RS1 | addr=2 -> data=0x7bb9
PASS | Read RS2 | addr=2 -> data=0x7bb9
PASS | Read RS1 | addr=5 -> data=0xc520
PASS | Read RS2 | addr=5 -> data=0xc520
PASS | Read RS1 | addr=3 -> data=0xcf88
PASS | Read RS2 | addr=1 -> data=0x1adf
PASS | Read RS1 | addr=2 -> data=0x7bb9
PASS | Read RS2 | addr=6 -> data=0x9a73
PASS | Read RS1 | addr=2 -> data=0x7bb9
PASS | Read RS2 | addr=7 -> data=0x16ec
PASS | Read RS1 | addr=7 -> data=0xf74c
PASS | Read RS2 | addr=4 -> data=0x586f
PASS | Read RS1 | addr=4 -> data=0x586f
PASS | Read RS2 | addr=2 -> data=0x7bb9
PASS | Read RS1 | addr=2 -> data=0x7bb9
PASS | Read RS2 | addr=0 -> data=0x0
PASS | Read RS1 | addr=0 -> data=0x0
PASS | Read RS2 | addr=6 -> data=0x9a73
PASS | Read RS1 | addr=7 -> data=0xe91e
PASS | Read RS2 | addr=2 -> data=0x7bb9
PASS | Read RS1 | addr=0 -> data=0x0
PASS | Read RS2 | addr=5 -> data=0xc520
PASS | Read RS1 | addr=2 -> data=0x7bb9
PASS | Read RS2 | addr=0 -> data=0x0
PASS | Read RS1 | addr=7 -> data=0xe91e
PASS | Read RS2 | addr=2 -> data=0x7bb9
PASS | Read RS1 | addr=6 -> data=0x9a73
PASS | Read RS2 | addr=3 -> data=0xcf88
PASS | Read RS1 | addr=3 -> data=0xcf88
PASS | Read RS2 | addr=4 -> data=0xeacf
PASS | Read RS1 | addr=4 -> data=0xeacf
PASS | Read RS2 | addr=2 -> data=0x7bb9
PASS | Read RS1 | addr=2 -> data=0x7bb9
PASS | Read RS2 | addr=0 -> data=0x0
PASS | Read RS1 | addr=0 -> data=0x0
PASS | Read RS2 | addr=5 -> data=0xc520
PASS | Read RS1 | addr=7 -> data=0x1b66
PASS | Read RS2 | addr=0 -> data=0x0
PASS | Read RS1 | addr=6 -> data=0x26aa
PASS | Read RS2 | addr=2 -> data=0x7bb9
PASS | Read RS1 | addr=3 -> data=0xcf88
PASS | Read RS2 | addr=6 -> data=0x26aa
PASS | Read RS1 | addr=6 -> data=0x26aa
PASS | Read RS2 | addr=7 -> data=0x84d1
PASS | Read RS1 | addr=3 -> data=0xcf88
PASS | Read RS2 | addr=2 -> data=0x7bb9
PASS | Read RS1 | addr=5 -> data=0x652d
PASS | Read RS2 | addr=3 -> data=0xcf88
PASS | Read RS1 | addr=0 -> data=0x0
PASS | Read RS2 | addr=3 -> data=0xcf88
PASS | Read RS1 | addr=0 -> data=0x0
PASS | Read RS2 | addr=2 -> data=0x7bb9
PASS | Read RS1 | addr=3 -> data=0xcf88
PASS | Read RS2 | addr=4 -> data=0xdd90
PASS | Read RS1 | addr=5 -> data=0x652d
PASS | Read RS2 | addr=2 -> data=0x7bb9
PASS | Read RS1 | addr=4 -> data=0xdd90
PASS | Read RS2 | addr=1 -> data=0x68fc
PASS | Read RS1 | addr=5 -> data=0x652d
PASS | Read RS2 | addr=2 -> data=0x7bb9
PASS | Read RS1 | addr=0 -> data=0x0
PASS | Read RS2 | addr=1 -> data=0x68fc
PASS | Read RS1 | addr=1 -> data=0x68fc
PASS | Read RS2 | addr=3 -> data=0xcf88
PASS | Read RS1 | addr=2 -> data=0x7bb9
PASS | Read RS2 | addr=1 -> data=0x68fc
PASS | Read RS1 | addr=5 -> data=0xa0a0
PASS | Read RS2 | addr=0 -> data=0x0
PASS | Read RS1 | addr=5 -> data=0xa0a0
PASS | Read RS2 | addr=0 -> data=0x0
PASS | Read RS1 | addr=4 -> data=0xdd90
PASS | Read RS2 | addr=2 -> data=0x7bb9
PASS | Read RS1 | addr=6 -> data=0x26aa
PASS | Read RS2 | addr=5 -> data=0xa0a0
PASS | Read RS1 | addr=1 -> data=0xaf
PASS | Read RS2 | addr=4 -> data=0xdd90
PASS | Read RS1 | addr=5 -> data=0xa0a0
PASS | Read RS2 | addr=1 -> data=0xb82e
PASS | Read RS1 | addr=4 -> data=0xcfb7
PASS | Read RS2 | addr=3 -> data=0xcf88
PASS | Read RS1 | addr=4 -> data=0xcfb7
PASS | Read RS2 | addr=2 -> data=0x7bb9
PASS | Read RS1 | addr=2 -> data=0x7bb9
PASS | Read RS2 | addr=2 -> data=0x7bb9
PASS | Read RS1 | addr=2 -> data=0x7bb9
PASS | Read RS2 | addr=3 -> data=0xcf88
PASS | Read RS1 | addr=3 -> data=0xcf88
PASS | Read RS2 | addr=1 -> data=0xb82e
PASS | Read RS1 | addr=2 -> data=0x7bb9
PASS | Read RS2 | addr=0 -> data=0x0
PASS | Read RS1 | addr=2 -> data=0x7bb9
PASS | Read RS2 | addr=7 -> data=0x7cba
PASS | Read RS1 | addr=5 -> data=0xa0a0
PASS | Read RS2 | addr=3 -> data=0xcf88
PASS | Read RS1 | addr=4 -> data=0xcfb7
PASS | Read RS2 | addr=2 -> data=0x3eb3
PASS | Read RS1 | addr=2 -> data=0xf45c
PASS | Read RS2 | addr=1 -> data=0xb82e
PASS | Read RS1 | addr=1 -> data=0xb82e
PASS | Read RS2 | addr=7 -> data=0xebf2
PASS | Read RS1 | addr=0 -> data=0x0
PASS | Read RS2 | addr=4 -> data=0xcfb7
PASS | Read RS1 | addr=1 -> data=0xb82e
PASS | Read RS2 | addr=0 -> data=0x0
PASS | Read RS1 | addr=1 -> data=0xb82e
PASS | Read RS2 | addr=1 -> data=0xb82e
PASS | Read RS1 | addr=1 -> data=0xb82e
PASS | Read RS2 | addr=2 -> data=0xf45c
PASS | Read RS1 | addr=1 -> data=0xb82e
PASS | Read RS2 | addr=7 -> data=0x49a9
PASS | Read RS1 | addr=2 -> data=0xf45c
PASS | Read RS2 | addr=0 -> data=0x0
PASS | Read RS1 | addr=2 -> data=0xa61
PASS | Read RS2 | addr=5 -> data=0xa0a0
PASS | Read RS1 | addr=7 -> data=0x49a9
PASS | Read RS2 | addr=0 -> data=0x0
PASS | Read RS1 | addr=5 -> data=0xa0a0
PASS | Read RS2 | addr=1 -> data=0xb82e
PASS | Read RS1 | addr=5 -> data=0xa0a0
PASS | Read RS2 | addr=3 -> data=0xcf88
PASS | Read RS1 | addr=5 -> data=0xa0a0
PASS | Read RS2 | addr=5 -> data=0xa0a0
PASS | Read RS1 | addr=2 -> data=0xa61
PASS | Read RS2 | addr=7 -> data=0x7c12
PASS | Read RS1 | addr=7 -> data=0x7c12
PASS | Read RS2 | addr=7 -> data=0x7c12
PASS | Read RS1 | addr=6 -> data=0x35c1
PASS | Read RS2 | addr=2 -> data=0xa61
PASS | Read RS1 | addr=2 -> data=0xa61
PASS | Read RS2 | addr=6 -> data=0x35c1
PASS | Read RS1 | addr=7 -> data=0x7c12
PASS | Read RS2 | addr=5 -> data=0xa0a0
PASS | Read RS1 | addr=2 -> data=0xa61
PASS | Read RS2 | addr=0 -> data=0x0
PASS | Read RS1 | addr=6 -> data=0x35c1
PASS | Read RS2 | addr=4 -> data=0xcfb7
PASS | Read RS1 | addr=1 -> data=0xb82e
PASS | Read RS2 | addr=3 -> data=0xcf88
PASS | Read RS1 | addr=0 -> data=0x0
PASS | Read RS2 | addr=3 -> data=0xcf88
PASS | Read RS1 | addr=1 -> data=0xb82e
PASS | Read RS2 | addr=7 -> data=0xfee8
PASS | Read RS1 | addr=5 -> data=0x4856
PASS | Read RS2 | addr=0 -> data=0x0
PASS | Read RS1 | addr=4 -> data=0xcfb7
PASS | Read RS2 | addr=3 -> data=0xcf88
PASS | Read RS1 | addr=4 -> data=0xcfb7
PASS | Read RS2 | addr=4 -> data=0xcfb7
PASS | Read RS1 | addr=1 -> data=0xb82e
PASS | Read RS2 | addr=6 -> data=0x35c1
PASS | Read RS1 | addr=6 -> data=0x35c1
PASS | Read RS2 | addr=5 -> data=0x4856
PASS | Read RS1 | addr=4 -> data=0xcfb7
PASS | Read RS2 | addr=6 -> data=0x35c1
PASS | Read RS1 | addr=2 -> data=0xa61
PASS | Read RS2 | addr=6 -> data=0x35c1
PASS | Read RS1 | addr=2 -> data=0xa61
PASS | Read RS2 | addr=2 -> data=0xa61
PASS | Read RS1 | addr=0 -> data=0x0
PASS | Read RS2 | addr=7 -> data=0x5266
PASS | Read RS1 | addr=1 -> data=0xb82e
PASS | Read RS2 | addr=4 -> data=0xcfb7
PASS | Read RS1 | addr=3 -> data=0x975a
PASS | Read RS2 | addr=4 -> data=0xcfb7
PASS | Read RS1 | addr=6 -> data=0x5260
PASS | Read RS2 | addr=0 -> data=0x0
PASS | Read RS1 | addr=0 -> data=0x0
PASS | Read RS2 | addr=0 -> data=0x0
PASS | Read RS1 | addr=5 -> data=0x4856
PASS | Read RS2 | addr=6 -> data=0x5260
PASS | Read RS1 | addr=7 -> data=0xe3f
PASS | Read RS2 | addr=6 -> data=0x5260
PASS | Read RS1 | addr=6 -> data=0x5260
PASS | Read RS2 | addr=3 -> data=0xc830
PASS | Read RS1 | addr=0 -> data=0x0
PASS | Read RS2 | addr=3 -> data=0xc830
PASS | Read RS1 | addr=6 -> data=0x5260
PASS | Read RS2 | addr=6 -> data=0x5260
PASS | Read RS1 | addr=2 -> data=0xa61
PASS | Read RS2 | addr=3 -> data=0xc830
PASS | Read RS1 | addr=6 -> data=0x5260
PASS | Read RS2 | addr=2 -> data=0xa61
PASS | Read RS1 | addr=0 -> data=0x0
PASS | Read RS2 | addr=5 -> data=0x17cd
PASS | Read RS1 | addr=4 -> data=0xcfb7
PASS | Read RS2 | addr=4 -> data=0xcfb7
PASS | Read RS1 | addr=1 -> data=0x82cd
PASS | Read RS2 | addr=1 -> data=0x82cd
PASS | Read RS1 | addr=3 -> data=0xc830
PASS | Read RS2 | addr=3 -> data=0xc830
PASS | Read RS1 | addr=2 -> data=0xa61
PASS | Read RS2 | addr=3 -> data=0xc830
PASS | Read RS1 | addr=1 -> data=0x82cd
PASS | Read RS2 | addr=1 -> data=0x82cd
PASS | Read RS1 | addr=1 -> data=0xdc1d
PASS | Read RS2 | addr=7 -> data=0x7e9
PASS | Read RS1 | addr=0 -> data=0x0
PASS | Read RS2 | addr=0 -> data=0x0
PASS | Read RS1 | addr=6 -> data=0x5260
PASS | Read RS2 | addr=5 -> data=0x17cd
PASS | Read RS1 | addr=2 -> data=0xa61
PASS | Read RS2 | addr=5 -> data=0x17cd
PASS | Read RS1 | addr=1 -> data=0xdc1d
PASS | Read RS2 | addr=4 -> data=0xcfb7
PASS | Read RS1 | addr=1 -> data=0xdc1d
PASS | Read RS2 | addr=5 -> data=0x97c9
PASS | Read RS1 | addr=1 -> data=0xdc1d
PASS | Read RS2 | addr=1 -> data=0xdc1d
PASS | Read RS1 | addr=6 -> data=0x5260
PASS | Read RS2 | addr=7 -> data=0x53bf
PASS | Read RS1 | addr=0 -> data=0x0
PASS | Read RS2 | addr=4 -> data=0xcfb7
PASS | Read RS1 | addr=4 -> data=0xcfb7
PASS | Read RS2 | addr=5 -> data=0x97c9
PASS | Read RS1 | addr=0 -> data=0x0
PASS | Read RS2 | addr=0 -> data=0x0
PASS | Read RS1 | addr=5 -> data=0x97c9
PASS | Read RS2 | addr=3 -> data=0x3876
PASS | Read RS1 | addr=4 -> data=0xcfb7
PASS | Read RS2 | addr=3 -> data=0x3876
PASS | Read RS1 | addr=1 -> data=0xdc1d
PASS | Read RS2 | addr=7 -> data=0x53bf
PASS | Read RS1 | addr=5 -> data=0x97c9
PASS | Read RS2 | addr=2 -> data=0xe30d
PASS | Read RS1 | addr=0 -> data=0x0
PASS | Read RS2 | addr=0 -> data=0x0
PASS | Read RS1 | addr=3 -> data=0xacf3
PASS | Read RS2 | addr=7 -> data=0x53bf
PASS | Read RS1 | addr=3 -> data=0xacf3
PASS | Read RS2 | addr=3 -> data=0xacf3
PASS | Read RS1 | addr=7 -> data=0x53bf
PASS | Read RS2 | addr=5 -> data=0x97c9
PASS | Read RS1 | addr=0 -> data=0x0
PASS | Read RS2 | addr=3 -> data=0xacf3
PASS | Read RS1 | addr=6 -> data=0x5260
PASS | Read RS2 | addr=5 -> data=0x97c9
PASS | Read RS1 | addr=4 -> data=0xcfb7
PASS | Read RS2 | addr=5 -> data=0x97c9
PASS | Read RS1 | addr=3 -> data=0xacf3
PASS | Read RS2 | addr=0 -> data=0x0
PASS | Read RS1 | addr=7 -> data=0x53bf
PASS | Read RS2 | addr=6 -> data=0x5260
PASS | Read RS1 | addr=5 -> data=0x97c9
PASS | Read RS2 | addr=4 -> data=0xcfb7
PASS | Read RS1 | addr=1 -> data=0x2484
PASS | Read RS2 | addr=6 -> data=0x5260
PASS | Read RS1 | addr=6 -> data=0x5260
PASS | Read RS2 | addr=3 -> data=0xacf3
PASS | Read RS1 | addr=2 -> data=0xa598
PASS | Read RS2 | addr=5 -> data=0x97c9
PASS | Read RS1 | addr=7 -> data=0x70cd
PASS | Read RS2 | addr=3 -> data=0xacf3
PASS | Read RS1 | addr=7 -> data=0x70cd
PASS | Read RS2 | addr=4 -> data=0xcfb7
PASS | Read RS1 | addr=1 -> data=0x2484
PASS | Read RS2 | addr=7 -> data=0x70cd
PASS | Read RS1 | addr=7 -> data=0x70cd
PASS | Read RS2 | addr=7 -> data=0x70cd
PASS | Read RS1 | addr=6 -> data=0x5260
PASS | Read RS2 | addr=7 -> data=0x70cd
PASS | Read RS1 | addr=2 -> data=0x19b8
PASS | Read RS2 | addr=5 -> data=0x97c9
PASS | Read RS1 | addr=1 -> data=0x2484
PASS | Read RS2 | addr=0 -> data=0x0
PASS | Read RS1 | addr=3 -> data=0xacf3
PASS | Read RS2 | addr=3 -> data=0xacf3
PASS | Read RS1 | addr=0 -> data=0x0
PASS | Read RS2 | addr=1 -> data=0x2484
PASS | Read RS1 | addr=7 -> data=0xa638
PASS | Read RS2 | addr=7 -> data=0xa638
PASS | Read RS1 | addr=5 -> data=0x97c9
PASS | Read RS2 | addr=0 -> data=0x0
PASS | Read RS1 | addr=5 -> data=0x97c9
PASS | Read RS2 | addr=5 -> data=0x97c9
PASS | Read RS1 | addr=2 -> data=0x19b8
PASS | Read RS2 | addr=3 -> data=0xacf3
PASS | Read RS1 | addr=4 -> data=0xcfb7
PASS | Read RS2 | addr=5 -> data=0x97c9
PASS | Read RS1 | addr=5 -> data=0x97c9
PASS | Read RS2 | addr=3 -> data=0xacf3
PASS | Read RS1 | addr=4 -> data=0xcfb7
PASS | Read RS2 | addr=6 -> data=0x3f65
PASS | Read RS1 | addr=2 -> data=0x19b8
PASS | Read RS2 | addr=2 -> data=0x19b8
PASS | Read RS1 | addr=3 -> data=0xacf3
PASS | Read RS2 | addr=1 -> data=0x2484
PASS | Read RS1 | addr=6 -> data=0x3f65
PASS | Read RS2 | addr=5 -> data=0x97c9
PASS | Read RS1 | addr=7 -> data=0x27b9
PASS | Read RS2 | addr=3 -> data=0xacf3
PASS | Read RS1 | addr=5 -> data=0x97c9
PASS | Read RS2 | addr=2 -> data=0x19b8
PASS | Read RS1 | addr=7 -> data=0x792b
PASS | Read RS2 | addr=3 -> data=0xacf3
PASS | Read RS1 | addr=2 -> data=0x19b8
PASS | Read RS2 | addr=1 -> data=0x2484
PASS | Read RS1 | addr=2 -> data=0x19b8
PASS | Read RS2 | addr=0 -> data=0x0
PASS | Read RS1 | addr=0 -> data=0x0
PASS | Read RS2 | addr=1 -> data=0xb642
PASS | Read RS1 | addr=3 -> data=0xacf3
PASS | Read RS2 | addr=3 -> data=0xacf3
PASS | Read RS1 | addr=1 -> data=0xb642
PASS | Read RS2 | addr=0 -> data=0x0
PASS | Read RS1 | addr=5 -> data=0x97c9
PASS | Read RS2 | addr=3 -> data=0xacf3
PASS | Read RS1 | addr=6 -> data=0x3f65
PASS | Read RS2 | addr=6 -> data=0x3f65
PASS | Read RS1 | addr=4 -> data=0xcfb7
PASS | Read RS2 | addr=2 -> data=0x19b8
PASS | Read RS1 | addr=0 -> data=0x0
PASS | Read RS2 | addr=6 -> data=0x3f65
PASS | Read RS1 | addr=7 -> data=0x4bd2
PASS | Read RS2 | addr=6 -> data=0x3f65
PASS | Read RS1 | addr=1 -> data=0x49cc
PASS | Read RS2 | addr=7 -> data=0x4bd2
PASS | Read RS1 | addr=1 -> data=0x49cc
PASS | Read RS2 | addr=2 -> data=0x19b8
PASS | Read RS1 | addr=6 -> data=0x3f65
PASS | Read RS2 | addr=1 -> data=0x49cc
PASS | Read RS1 | addr=7 -> data=0x4bd2
PASS | Read RS2 | addr=0 -> data=0x0
PASS | Read RS1 | addr=3 -> data=0xacf3
PASS | Read RS2 | addr=1 -> data=0x49cc
PASS | Read RS1 | addr=6 -> data=0x3f65
PASS | Read RS2 | addr=0 -> data=0x0
PASS | Read RS1 | addr=2 -> data=0x19b8
PASS | Read RS2 | addr=0 -> data=0x0
PASS | Read RS1 | addr=2 -> data=0x19b8
PASS | Read RS2 | addr=4 -> data=0x7875
PASS | Read RS1 | addr=1 -> data=0x49cc
PASS | Read RS2 | addr=5 -> data=0x8848
PASS | Read RS1 | addr=1 -> data=0x49cc
PASS | Read RS2 | addr=4 -> data=0x7875
PASS | Read RS1 | addr=5 -> data=0x8848
PASS | Read RS2 | addr=0 -> data=0x0
PASS | Read RS1 | addr=1 -> data=0x49cc
PASS | Read RS2 | addr=2 -> data=0x19b8
PASS | Read RS1 | addr=0 -> data=0x0
PASS | Read RS2 | addr=4 -> data=0x7875
PASS | Read RS1 | addr=1 -> data=0x49cc
PASS | Read RS2 | addr=5 -> data=0x8848
PASS | Read RS1 | addr=2 -> data=0x19b8
PASS | Read RS2 | addr=2 -> data=0x19b8
PASS | Read RS1 | addr=4 -> data=0x7875
PASS | Read RS2 | addr=5 -> data=0x8848
PASS | Read RS1 | addr=3 -> data=0x28d4
PASS | Read RS2 | addr=4 -> data=0x7875
PASS | Read RS1 | addr=0 -> data=0x0
PASS | Read RS2 | addr=5 -> data=0x8848
PASS | Read RS1 | addr=1 -> data=0x49cc
PASS | Read RS2 | addr=4 -> data=0x7875
PASS | Read RS1 | addr=7 -> data=0x62b4
PASS | Read RS2 | addr=4 -> data=0x7875
PASS | Read RS1 | addr=5 -> data=0x8848
PASS | Read RS2 | addr=0 -> data=0x0
PASS | Read RS1 | addr=3 -> data=0x28d4
PASS | Read RS2 | addr=7 -> data=0x62b4
PASS | Read RS1 | addr=7 -> data=0x62b4
PASS | Read RS2 | addr=7 -> data=0x62b4
PASS | Read RS1 | addr=3 -> data=0x28d4
PASS | Read RS2 | addr=2 -> data=0x19b8
PASS | Read RS1 | addr=4 -> data=0xa94e
PASS | Read RS2 | addr=5 -> data=0x29c7
PASS | Read RS1 | addr=3 -> data=0x28d4
PASS | Read RS2 | addr=3 -> data=0x28d4
PASS | Read RS1 | addr=5 -> data=0x29c7
PASS | Read RS2 | addr=6 -> data=0x1288
PASS | Read RS1 | addr=7 -> data=0x62b4
PASS | Read RS2 | addr=3 -> data=0x28d4
PASS | Read RS1 | addr=0 -> data=0x0
PASS | Read RS2 | addr=4 -> data=0xa94e
PASS | Read RS1 | addr=2 -> data=0x323e
PASS | Read RS2 | addr=6 -> data=0x1288
PASS | Read RS1 | addr=5 -> data=0x29c7
PASS | Read RS2 | addr=2 -> data=0x323e
PASS | Read RS1 | addr=4 -> data=0xa94e
PASS | Read RS2 | addr=7 -> data=0xc292
PASS | Read RS1 | addr=3 -> data=0x28d4
PASS | Read RS2 | addr=7 -> data=0xc292
PASS | Read RS1 | addr=4 -> data=0xa94e
PASS | Read RS2 | addr=1 -> data=0x72ca
PASS | Read RS1 | addr=0 -> data=0x0
PASS | Read RS2 | addr=3 -> data=0x28d4
PASS | Read RS1 | addr=7 -> data=0xa901
PASS | Read RS2 | addr=2 -> data=0x628a
PASS | Read RS1 | addr=5 -> data=0x29c7
PASS | Read RS2 | addr=7 -> data=0x1093
PASS | Read RS1 | addr=7 -> data=0x1093
PASS | Read RS2 | addr=5 -> data=0x29c7
PASS | Read RS1 | addr=7 -> data=0x1093
PASS | Read RS2 | addr=7 -> data=0x1093
PASS | Read RS1 | addr=2 -> data=0x628a
PASS | Read RS2 | addr=5 -> data=0x29c7
PASS | Read RS1 | addr=3 -> data=0x28d4
PASS | Read RS2 | addr=2 -> data=0x628a
PASS | Read RS1 | addr=2 -> data=0x628a
PASS | Read RS2 | addr=3 -> data=0x28d4
PASS | Read RS1 | addr=6 -> data=0xb8e5
PASS | Read RS2 | addr=3 -> data=0x28d4
PASS | Read RS1 | addr=2 -> data=0x628a
PASS | Read RS2 | addr=7 -> data=0x88b9
PASS | Read RS1 | addr=6 -> data=0xb8e5
PASS | Read RS2 | addr=2 -> data=0x628a
PASS | Read RS1 | addr=5 -> data=0x29c7
PASS | Read RS2 | addr=4 -> data=0x53c5
PASS | Read RS1 | addr=4 -> data=0x53c5
PASS | Read RS2 | addr=6 -> data=0xb8e5
PASS | Read RS1 | addr=3 -> data=0x28d4
PASS | Read RS2 | addr=5 -> data=0x29c7
PASS | Read RS1 | addr=2 -> data=0x628a
PASS | Read RS2 | addr=4 -> data=0x53c5
PASS | Read RS1 | addr=1 -> data=0x72ca
PASS | Read RS2 | addr=3 -> data=0x28d4
PASS | Read RS1 | addr=2 -> data=0x628a
PASS | Read RS2 | addr=1 -> data=0x72ca
PASS | Read RS1 | addr=0 -> data=0x0
PASS | Read RS2 | addr=1 -> data=0x72ca
PASS | Read RS1 | addr=0 -> data=0x0
PASS | Read RS2 | addr=3 -> data=0x28d4
PASS | Read RS1 | addr=6 -> data=0xb8e5
PASS | Read RS2 | addr=5 -> data=0x29c7
PASS | Read RS1 | addr=1 -> data=0x72ca
PASS | Read RS2 | addr=1 -> data=0x72ca
PASS | Read RS1 | addr=6 -> data=0xb8e5
PASS | Read RS2 | addr=0 -> data=0x0
PASS | Read RS1 | addr=6 -> data=0xb8e5
PASS | Read RS2 | addr=4 -> data=0xce62
PASS | Read RS1 | addr=6 -> data=0xb8e5
PASS | Read RS2 | addr=5 -> data=0x29c7
PASS | Read RS1 | addr=4 -> data=0xce62
PASS | Read RS2 | addr=5 -> data=0x29c7
PASS | Read RS1 | addr=6 -> data=0xb8e5
PASS | Read RS2 | addr=5 -> data=0x29c7
PASS | Read RS1 | addr=1 -> data=0xf4f0
PASS | Read RS2 | addr=7 -> data=0x370a
PASS | Read RS1 | addr=1 -> data=0xf4f0
PASS | Read RS2 | addr=7 -> data=0x370a
PASS | Read RS1 | addr=0 -> data=0x0
PASS | Read RS2 | addr=1 -> data=0xf4f0
PASS | Read RS1 | addr=2 -> data=0x628a
PASS | Read RS2 | addr=6 -> data=0xb8e5
PASS | Read RS1 | addr=2 -> data=0x628a
PASS | Read RS2 | addr=7 -> data=0xfdfa
PASS | Read RS1 | addr=6 -> data=0xb8e5
PASS | Read RS2 | addr=1 -> data=0xf4f0
PASS | Read RS1 | addr=1 -> data=0xf4f0
PASS | Read RS2 | addr=1 -> data=0xf4f0
PASS | Read RS1 | addr=1 -> data=0xf4f0
PASS | Read RS2 | addr=4 -> data=0xce62
PASS | Read RS1 | addr=1 -> data=0xf4f0
PASS | Read RS2 | addr=4 -> data=0xce62
PASS | Read RS1 | addr=4 -> data=0x6ba1
PASS | Read RS2 | addr=4 -> data=0x6ba1
PASS | Read RS1 | addr=3 -> data=0x28d4
PASS | Read RS2 | addr=7 -> data=0x832e
PASS | Read RS1 | addr=3 -> data=0x28d4
PASS | Read RS2 | addr=5 -> data=0x29c7
PASS | Read RS1 | addr=7 -> data=0x832e
PASS | Read RS2 | addr=3 -> data=0x28d4
PASS | Read RS1 | addr=1 -> data=0xf4f0
PASS | Read RS2 | addr=3 -> data=0x28d4
PASS | Read RS1 | addr=4 -> data=0x6ba1
PASS | Read RS2 | addr=3 -> data=0x28d4
PASS | Read RS1 | addr=0 -> data=0x0
PASS | Read RS2 | addr=0 -> data=0x0
PASS | Read RS1 | addr=0 -> data=0x0
PASS | Read RS2 | addr=0 -> data=0x0
PASS | Read RS1 | addr=6 -> data=0xa3d0
PASS | Read RS2 | addr=0 -> data=0x0
PASS | Read RS1 | addr=6 -> data=0xa3d0
PASS | Read RS2 | addr=2 -> data=0x628a
PASS | Read RS1 | addr=3 -> data=0x28d4
PASS | Read RS2 | addr=7 -> data=0xd41c
PASS | Read RS1 | addr=3 -> data=0x28d4
PASS | Read RS2 | addr=5 -> data=0x14b
PASS | Read RS1 | addr=7 -> data=0xd41c
PASS | Read RS2 | addr=1 -> data=0xf4f0
PASS | Read RS1 | addr=5 -> data=0x14b
PASS | Read RS2 | addr=7 -> data=0xfe90
PASS | Read RS1 | addr=3 -> data=0x8f54
PASS | Read RS2 | addr=0 -> data=0x0
PASS | Read RS1 | addr=3 -> data=0x8f54
PASS | Read RS2 | addr=6 -> data=0xa3d0
PASS | Read RS1 | addr=2 -> data=0x628a
PASS | Read RS2 | addr=4 -> data=0x6ba1
PASS | Read RS1 | addr=4 -> data=0x49d
PASS | Read RS2 | addr=1 -> data=0xf4f0
PASS | Read RS1 | addr=1 -> data=0xf4f0
PASS | Read RS2 | addr=0 -> data=0x0
PASS | Read RS1 | addr=1 -> data=0xf4f0
PASS | Read RS2 | addr=0 -> data=0x0
PASS | Read RS1 | addr=3 -> data=0x8f54
PASS | Read RS2 | addr=6 -> data=0xa3d0
PASS | Read RS1 | addr=3 -> data=0x8f54
PASS | Read RS2 | addr=6 -> data=0xa3d0
PASS | Read RS1 | addr=4 -> data=0x49d
PASS | Read RS2 | addr=7 -> data=0xd19f
PASS | Read RS1 | addr=4 -> data=0xc42a
PASS | Read RS2 | addr=3 -> data=0xcded
PASS | Read RS1 | addr=3 -> data=0xcded
PASS | Read RS2 | addr=5 -> data=0x14b
PASS | Read RS1 | addr=7 -> data=0x4179
PASS | Read RS2 | addr=5 -> data=0x14b
PASS | Read RS1 | addr=1 -> data=0xf4f0
PASS | Read RS2 | addr=0 -> data=0x0
PASS | Read RS1 | addr=2 -> data=0x628a
PASS | Read RS2 | addr=1 -> data=0xf4f0
PASS | Read RS1 | addr=1 -> data=0xf4f0
PASS | Read RS2 | addr=0 -> data=0x0
PASS | Read RS1 | addr=7 -> data=0x157d
PASS | Read RS2 | addr=5 -> data=0x14b
PASS | Read RS1 | addr=5 -> data=0x14b
PASS | Read RS2 | addr=3 -> data=0xcded
PASS | Read RS1 | addr=2 -> data=0x628a
PASS | Read RS2 | addr=2 -> data=0x628a
PASS | Read RS1 | addr=5 -> data=0x14b
PASS | Read RS2 | addr=3 -> data=0xcded
PASS | Read RS1 | addr=4 -> data=0xc42a
PASS | Read RS2 | addr=2 -> data=0x4005
PASS | Read RS1 | addr=5 -> data=0x14b
PASS | Read RS2 | addr=3 -> data=0xcded
PASS | Read RS1 | addr=5 -> data=0x14b
PASS | Read RS2 | addr=3 -> data=0xcded
PASS | Read RS1 | addr=7 -> data=0x6246
PASS | Read RS2 | addr=1 -> data=0xf4f0
PASS | Read RS1 | addr=4 -> data=0xc42a
PASS | Read RS2 | addr=4 -> data=0xc42a
PASS | Read RS1 | addr=5 -> data=0x14b
PASS | Read RS2 | addr=5 -> data=0x14b
PASS | Read RS1 | addr=3 -> data=0xcded
PASS | Read RS2 | addr=7 -> data=0xdf1e
PASS | Read RS1 | addr=7 -> data=0x1c29
PASS | Read RS2 | addr=0 -> data=0x0
PASS | Read RS1 | addr=6 -> data=0xa3d0
PASS | Read RS2 | addr=0 -> data=0x0
PASS | Read RS1 | addr=5 -> data=0x14b
PASS | Read RS2 | addr=0 -> data=0x0
PASS | Read RS1 | addr=5 -> data=0x14b
PASS | Read RS2 | addr=1 -> data=0xf4f0
PASS | Read RS1 | addr=2 -> data=0x4005
PASS | Read RS2 | addr=5 -> data=0x14b
PASS | Read RS1 | addr=0 -> data=0x0
PASS | Read RS2 | addr=7 -> data=0x1375
PASS | Read RS1 | addr=0 -> data=0x0
PASS | Read RS2 | addr=1 -> data=0xf4f0
PASS | Read RS1 | addr=2 -> data=0x4005
PASS | Read RS2 | addr=3 -> data=0xcded
PASS | Read RS1 | addr=0 -> data=0x0
PASS | Read RS2 | addr=3 -> data=0xcded
PASS | Read RS1 | addr=7 -> data=0x900d
PASS | Read RS2 | addr=3 -> data=0xcded
PASS | Read RS1 | addr=5 -> data=0x14b
PASS | Read RS2 | addr=1 -> data=0xf4f0
PASS | Read RS1 | addr=3 -> data=0xcded
PASS | Read RS2 | addr=4 -> data=0xc42a
PASS | Read RS1 | addr=4 -> data=0xc42a
PASS | Read RS2 | addr=6 -> data=0xa3d0
PASS | Read RS1 | addr=6 -> data=0xa3d0
PASS | Read RS2 | addr=5 -> data=0x14b
PASS | Read RS1 | addr=7 -> data=0x8f64
PASS | Read RS2 | addr=0 -> data=0x0
PASS | Read RS1 | addr=6 -> data=0xa3d0
PASS | Read RS2 | addr=2 -> data=0x4005
PASS | Read RS1 | addr=1 -> data=0xf4f0
PASS | Read RS2 | addr=6 -> data=0xa3d0
PASS | Read RS1 | addr=5 -> data=0x14b
PASS | Read RS2 | addr=1 -> data=0xf4f0
PASS | Read RS1 | addr=1 -> data=0xf4f0
PASS | Read RS2 | addr=5 -> data=0x14b
PASS | Read RS1 | addr=0 -> data=0x0
PASS | Read RS2 | addr=7 -> data=0xaa3d
PASS | Read RS1 | addr=6 -> data=0xa3d0
PASS | Read RS2 | addr=6 -> data=0xa3d0
PASS | Read RS1 | addr=7 -> data=0xaa3d
PASS | Read RS2 | addr=0 -> data=0x0
PASS | Read RS1 | addr=4 -> data=0xc42a
PASS | Read RS2 | addr=7 -> data=0xaa3d
PASS | Read RS1 | addr=5 -> data=0x14b
PASS | Read RS2 | addr=3 -> data=0x7a91
PASS | Read RS1 | addr=4 -> data=0xc42a
PASS | Read RS2 | addr=0 -> data=0x0
PASS | Read RS1 | addr=5 -> data=0x14b
PASS | Read RS2 | addr=5 -> data=0x14b
PASS | Read RS1 | addr=0 -> data=0x0
PASS | Read RS2 | addr=5 -> data=0x14b
PASS | Read RS1 | addr=7 -> data=0xaa3d
PASS | Read RS2 | addr=4 -> data=0xc42a
PASS | Read RS1 | addr=4 -> data=0xc42a
PASS | Read RS2 | addr=5 -> data=0x339b
PASS | Read RS1 | addr=3 -> data=0x7a91
PASS | Read RS2 | addr=0 -> data=0x0
PASS | Read RS1 | addr=0 -> data=0x0
PASS | Read RS2 | addr=3 -> data=0x7a91
PASS | Read RS1 | addr=3 -> data=0x7a91
PASS | Read RS2 | addr=2 -> data=0x4005
PASS | Read RS1 | addr=7 -> data=0xd679
PASS | Read RS2 | addr=2 -> data=0x4005
PASS | Read RS1 | addr=0 -> data=0x0
PASS | Read RS2 | addr=4 -> data=0xc42a
PASS | Read RS1 | addr=0 -> data=0x0
PASS | Read RS2 | addr=7 -> data=0xd679
PASS | Read RS1 | addr=2 -> data=0x4005
PASS | Read RS2 | addr=2 -> data=0x4005
PASS | Read RS1 | addr=2 -> data=0x4005
PASS | Read RS2 | addr=7 -> data=0x4cea
PASS | Read RS1 | addr=6 -> data=0xa3d0
PASS | Read RS2 | addr=5 -> data=0xe945
PASS | Read RS1 | addr=0 -> data=0x0
PASS | Read RS2 | addr=1 -> data=0x63ce
PASS | Read RS1 | addr=1 -> data=0x63ce
PASS | Read RS2 | addr=5 -> data=0xe945
PASS | Read RS1 | addr=6 -> data=0xa3d0
PASS | Read RS2 | addr=7 -> data=0x4cea
PASS | Read RS1 | addr=4 -> data=0xc42a
PASS | Read RS2 | addr=1 -> data=0x63ce
PASS | Read RS1 | addr=3 -> data=0x7a91
PASS | Read RS2 | addr=2 -> data=0x4005
PASS | Read RS1 | addr=0 -> data=0x0
PASS | Read RS2 | addr=2 -> data=0x4005
PASS | Read RS1 | addr=0 -> data=0x0
PASS | Read RS2 | addr=2 -> data=0x4005
PASS | Read RS1 | addr=1 -> data=0x63ce
PASS | Read RS2 | addr=4 -> data=0xc42a
PASS | Read RS1 | addr=2 -> data=0x4005
PASS | Read RS2 | addr=6 -> data=0xa3d0
PASS | Read RS1 | addr=3 -> data=0x7a91
PASS | Read RS2 | addr=6 -> data=0xa3d0
PASS | Read RS1 | addr=2 -> data=0x4005
PASS | Read RS2 | addr=1 -> data=0x63ce
PASS | Read RS1 | addr=0 -> data=0x0
PASS | Read RS2 | addr=7 -> data=0xb78c
PASS | Read RS1 | addr=4 -> data=0xc42a
PASS | Read RS2 | addr=4 -> data=0xc42a
PASS | Read RS1 | addr=0 -> data=0x0
PASS | Read RS2 | addr=4 -> data=0xc42a
PASS | Read RS1 | addr=4 -> data=0xc42a
PASS | Read RS2 | addr=7 -> data=0x9429
PASS | Read RS1 | addr=4 -> data=0xc42a
PASS | Read RS2 | addr=7 -> data=0x9429
PASS | Read RS1 | addr=5 -> data=0x5400
PASS | Read RS2 | addr=5 -> data=0x5400
PASS | Read RS1 | addr=7 -> data=0x9429
PASS | Read RS2 | addr=3 -> data=0x7a91
PASS | Read RS1 | addr=1 -> data=0x63ce
PASS | Read RS2 | addr=3 -> data=0x7a91
PASS | Read RS1 | addr=3 -> data=0x7a91
PASS | Read RS2 | addr=0 -> data=0x0
PASS | Read RS1 | addr=5 -> data=0x5400
PASS | Read RS2 | addr=2 -> data=0x4005
PASS | Read RS1 | addr=2 -> data=0x4005
PASS | Read RS2 | addr=7 -> data=0xed4c
PASS | Read RS1 | addr=1 -> data=0x9891
PASS | Read RS2 | addr=5 -> data=0x5400
PASS | Read RS1 | addr=4 -> data=0xc42a
PASS | Read RS2 | addr=1 -> data=0x9891
PASS | Read RS1 | addr=2 -> data=0x4005
PASS | Read RS2 | addr=3 -> data=0x7a91
PASS | Read RS1 | addr=6 -> data=0xa3d0
PASS | Read RS2 | addr=4 -> data=0xc42a
PASS | Read RS1 | addr=7 -> data=0xebba
PASS | Read RS2 | addr=4 -> data=0xc42a
PASS | Read RS1 | addr=0 -> data=0x0
PASS | Read RS2 | addr=7 -> data=0xebba
PASS | Read RS1 | addr=6 -> data=0xa3d0
PASS | Read RS2 | addr=2 -> data=0x4005
PASS | Read RS1 | addr=7 -> data=0x931b
PASS | Read RS2 | addr=3 -> data=0x7a91
PASS | Read RS1 | addr=1 -> data=0x9891
PASS | Read RS2 | addr=4 -> data=0xc42a
PASS | Read RS1 | addr=3 -> data=0x7a91
PASS | Read RS2 | addr=2 -> data=0x4005
PASS | Read RS1 | addr=3 -> data=0x7a91
PASS | Read RS2 | addr=0 -> data=0x0
PASS | Read RS1 | addr=5 -> data=0x7e1d
PASS | Read RS2 | addr=6 -> data=0xa3d0
PASS | Read RS1 | addr=7 -> data=0x2718
PASS | Read RS2 | addr=0 -> data=0x0
PASS | Read RS1 | addr=1 -> data=0x9891
PASS | Read RS2 | addr=4 -> data=0xc42a
PASS | Read RS1 | addr=4 -> data=0xc42a
PASS | Read RS2 | addr=1 -> data=0x9891
PASS | Read RS1 | addr=5 -> data=0x7e1d
PASS | Read RS2 | addr=4 -> data=0xc42a
PASS | Read RS1 | addr=0 -> data=0x0
PASS | Read RS2 | addr=1 -> data=0x9891
PASS | Read RS1 | addr=1 -> data=0x9891
PASS | Read RS2 | addr=6 -> data=0xa3d0
PASS | Read RS1 | addr=4 -> data=0xc42a
PASS | Read RS2 | addr=0 -> data=0x0
PASS | Read RS1 | addr=1 -> data=0x9891
PASS | Read RS2 | addr=2 -> data=0x4005
PASS | Read RS1 | addr=7 -> data=0xf710
PASS | Read RS2 | addr=3 -> data=0x7a91
PASS | Read RS1 | addr=2 -> data=0x4005
PASS | Read RS2 | addr=2 -> data=0x4005
PASS | Read RS1 | addr=0 -> data=0x0
PASS | Read RS2 | addr=1 -> data=0x9891
PASS | Read RS1 | addr=6 -> data=0xa3d0
PASS | Read RS2 | addr=2 -> data=0x4005
PASS | Read RS1 | addr=5 -> data=0x7e1d
PASS | Read RS2 | addr=3 -> data=0x7a91
PASS | Read RS1 | addr=3 -> data=0x7a91
PASS | Read RS2 | addr=2 -> data=0x4005
PASS | Read RS1 | addr=2 -> data=0x4005
PASS | Read RS2 | addr=5 -> data=0x7e1d
PASS | Read RS1 | addr=5 -> data=0x7e1d
PASS | Read RS2 | addr=3 -> data=0x7a91
PASS | Read RS1 | addr=4 -> data=0xc42a
PASS | Read RS2 | addr=1 -> data=0x9891
PASS | Read RS1 | addr=4 -> data=0xc42a
PASS | Read RS2 | addr=7 -> data=0x71c4
PASS | Read RS1 | addr=5 -> data=0x4677
PASS | Read RS2 | addr=1 -> data=0x9891
PASS | Read RS1 | addr=3 -> data=0x7a91
PASS | Read RS2 | addr=1 -> data=0x9891
PASS | Read RS1 | addr=6 -> data=0xa3d0
PASS | Read RS2 | addr=7 -> data=0x107a
PASS | Read RS1 | addr=5 -> data=0x4677
PASS | Read RS2 | addr=2 -> data=0x4005
PASS | Read RS1 | addr=4 -> data=0x9c1c
PASS | Read RS2 | addr=1 -> data=0x9891
PASS | Read RS1 | addr=6 -> data=0x28b
PASS | Read RS2 | addr=6 -> data=0x28b
PASS | Read RS1 | addr=0 -> data=0x0
PASS | Read RS2 | addr=6 -> data=0x28b
PASS | Read RS1 | addr=3 -> data=0x7a91
PASS | Read RS2 | addr=4 -> data=0x9c1c
PASS | Read RS1 | addr=6 -> data=0x28b
PASS | Read RS2 | addr=0 -> data=0x0
PASS | Read RS1 | addr=2 -> data=0x4005
PASS | Read RS2 | addr=6 -> data=0x28b
PASS | Read RS1 | addr=6 -> data=0x28b
PASS | Read RS2 | addr=3 -> data=0x7a91
PASS | Read RS1 | addr=5 -> data=0x4677
PASS | Read RS2 | addr=2 -> data=0x4005
PASS | Read RS1 | addr=2 -> data=0x4005
PASS | Read RS2 | addr=3 -> data=0xd39b
PASS | Read RS1 | addr=2 -> data=0x4005
PASS | Read RS2 | addr=2 -> data=0x4005
PASS | Read RS1 | addr=3 -> data=0xd39b
PASS | Read RS2 | addr=3 -> data=0xd39b
PASS | Read RS1 | addr=2 -> data=0x4005
PASS | Read RS2 | addr=1 -> data=0x9891
PASS | Read RS1 | addr=7 -> data=0x1c0e
PASS | Read RS2 | addr=4 -> data=0x9c1c
PASS | Read RS1 | addr=6 -> data=0x28b
PASS | Read RS2 | addr=6 -> data=0x28b
PASS | Read RS1 | addr=5 -> data=0x98fc
PASS | Read RS2 | addr=1 -> data=0x9891
PASS | Read RS1 | addr=3 -> data=0xd39b
PASS | Read RS2 | addr=5 -> data=0x98fc
PASS | Read RS1 | addr=6 -> data=0x28b
PASS | Read RS2 | addr=5 -> data=0x98fc
PASS | Read RS1 | addr=4 -> data=0x9c1c
PASS | Read RS2 | addr=0 -> data=0x0
PASS | Read RS1 | addr=1 -> data=0x9891
PASS | Read RS2 | addr=4 -> data=0x9c1c
PASS | Read RS1 | addr=3 -> data=0xd39b
PASS | Read RS2 | addr=4 -> data=0x9c1c
PASS | Read RS1 | addr=0 -> data=0x0
PASS | Read RS2 | addr=5 -> data=0x5ec3
PASS | Read RS1 | addr=0 -> data=0x0
PASS | Read RS2 | addr=4 -> data=0x9c1c
PASS | Read RS1 | addr=0 -> data=0x0
PASS | Read RS2 | addr=1 -> data=0x9891
PASS | Read RS1 | addr=2 -> data=0x4005
PASS | Read RS2 | addr=5 -> data=0x12cc
PASS | Read RS1 | addr=3 -> data=0xd39b
PASS | Read RS2 | addr=5 -> data=0x12cc
PASS | Read RS1 | addr=2 -> data=0x4005
PASS | Read RS2 | addr=6 -> data=0x28b
PASS | Read RS1 | addr=6 -> data=0x28b
PASS | Read RS2 | addr=1 -> data=0x9891
PASS | Read RS1 | addr=2 -> data=0x4005
PASS | Read RS2 | addr=4 -> data=0xb56
PASS | Read RS1 | addr=0 -> data=0x0
PASS | Read RS2 | addr=7 -> data=0x89f5
PASS | Read RS1 | addr=6 -> data=0x28b
PASS | Read RS2 | addr=3 -> data=0xd39b
PASS | Read RS1 | addr=5 -> data=0x12cc
PASS | Read RS2 | addr=2 -> data=0x4005
PASS | Read RS1 | addr=1 -> data=0x9891
PASS | Read RS2 | addr=5 -> data=0x12cc
PASS | Read RS1 | addr=6 -> data=0x28b
PASS | Read RS2 | addr=5 -> data=0xb90d
PASS | Read RS1 | addr=1 -> data=0x9891
PASS | Read RS2 | addr=5 -> data=0xb90d
PASS | Read RS1 | addr=1 -> data=0x9891
PASS | Read RS2 | addr=5 -> data=0xb90d
PASS | Read RS1 | addr=5 -> data=0xb90d
PASS | Read RS2 | addr=6 -> data=0x28b
PASS | Read RS1 | addr=1 -> data=0x9891
PASS | Read RS2 | addr=7 -> data=0x599f
PASS | Read RS1 | addr=6 -> data=0x28b
PASS | Read RS2 | addr=7 -> data=0xcf4f
PASS | Read RS1 | addr=2 -> data=0x4005
PASS | Read RS2 | addr=2 -> data=0x4005
PASS | Read RS1 | addr=0 -> data=0x0
PASS | Read RS2 | addr=7 -> data=0xcf4f
PASS | Read RS1 | addr=6 -> data=0x28b
PASS | Read RS2 | addr=1 -> data=0x9891
PASS | Read RS1 | addr=6 -> data=0x28b
PASS | Read RS2 | addr=1 -> data=0x9891
PASS | Read RS1 | addr=1 -> data=0x9891
PASS | Read RS2 | addr=0 -> data=0x0
PASS | Read RS1 | addr=3 -> data=0xd39b
PASS | Read RS2 | addr=1 -> data=0x9891
PASS | Read RS1 | addr=6 -> data=0x28b
PASS | Read RS2 | addr=2 -> data=0x4005
PASS | Read RS1 | addr=7 -> data=0x3290
PASS | Read RS2 | addr=1 -> data=0x9891
PASS | Read RS1 | addr=7 -> data=0x512c
PASS | Read RS2 | addr=2 -> data=0x4005
PASS | Read RS1 | addr=3 -> data=0xd39b
PASS | Read RS2 | addr=3 -> data=0xd39b
PASS | Read RS1 | addr=1 -> data=0x9891
PASS | Read RS2 | addr=2 -> data=0x4005
PASS | Read RS1 | addr=7 -> data=0x2376
PASS | Read RS2 | addr=4 -> data=0x5064
PASS | Read RS1 | addr=0 -> data=0x0
PASS | Read RS2 | addr=2 -> data=0x4005
PASS | Read RS1 | addr=4 -> data=0x5064
PASS | Read RS2 | addr=0 -> data=0x0
PASS | Read RS1 | addr=3 -> data=0xd39b
PASS | Read RS2 | addr=6 -> data=0x28b
PASS | Read RS1 | addr=1 -> data=0x9891
PASS | Read RS2 | addr=4 -> data=0x6393
PASS | Read RS1 | addr=7 -> data=0x2128
PASS | Read RS2 | addr=6 -> data=0x28b
PASS | Read RS1 | addr=3 -> data=0xd39b
PASS | Read RS2 | addr=2 -> data=0xdbea
PASS | Read RS1 | addr=1 -> data=0x9891
PASS | Read RS2 | addr=3 -> data=0xd39b
PASS | Read RS1 | addr=3 -> data=0xcbf9
PASS | Read RS2 | addr=6 -> data=0x28b
PASS | Read RS1 | addr=7 -> data=0x2128
PASS | Read RS2 | addr=2 -> data=0xdbea
PASS | Read RS1 | addr=4 -> data=0x6393
PASS | Read RS2 | addr=1 -> data=0x9891
PASS | Read RS1 | addr=7 -> data=0x9082
PASS | Read RS2 | addr=3 -> data=0xcbf9
PASS | Read RS1 | addr=1 -> data=0x9891
PASS | Read RS2 | addr=0 -> data=0x0
PASS | Read RS1 | addr=4 -> data=0x6393
PASS | Read RS2 | addr=4 -> data=0x6393
PASS | Read RS1 | addr=6 -> data=0xec1
PASS | Read RS2 | addr=5 -> data=0xb90d
PASS | Read RS1 | addr=1 -> data=0x9891
PASS | Read RS2 | addr=5 -> data=0xb90d
PASS | Read RS1 | addr=4 -> data=0x824a
PASS | Read RS2 | addr=2 -> data=0xdbea
PASS | Read RS1 | addr=4 -> data=0x824a
PASS | Read RS2 | addr=1 -> data=0x9891
PASS | Read RS1 | addr=3 -> data=0xcbf9
PASS | Read RS2 | addr=7 -> data=0xf11c
PASS | Read RS1 | addr=0 -> data=0x0
PASS | Read RS2 | addr=7 -> data=0xf11c
PASS | Read RS1 | addr=7 -> data=0xf11c
PASS | Read RS2 | addr=7 -> data=0xf11c
PASS | Read RS1 | addr=5 -> data=0xb90d
PASS | Read RS2 | addr=1 -> data=0x9891
PASS | Read RS1 | addr=1 -> data=0x9891
PASS | Read RS2 | addr=3 -> data=0xcbf9
PASS | Read RS1 | addr=6 -> data=0xc1c1
PASS | Read RS2 | addr=1 -> data=0x9891
PASS | Read RS1 | addr=4 -> data=0xbbec
PASS | Read RS2 | addr=7 -> data=0xf11c
PASS | Read RS1 | addr=3 -> data=0xcbf9
PASS | Read RS2 | addr=4 -> data=0xbbec
PASS | Read RS1 | addr=2 -> data=0xdbea
PASS | Read RS2 | addr=6 -> data=0xc1c1
PASS | Read RS1 | addr=0 -> data=0x0
PASS | Read RS2 | addr=2 -> data=0xdbea
PASS | Read RS1 | addr=5 -> data=0xb90d
PASS | Read RS2 | addr=0 -> data=0x0
PASS | Read RS1 | addr=6 -> data=0xc1c1
PASS | Read RS2 | addr=2 -> data=0xdbea
PASS | Read RS1 | addr=6 -> data=0xc1c1
PASS | Read RS2 | addr=3 -> data=0xcbf9
PASS | Read RS1 | addr=4 -> data=0xbbec
PASS | Read RS2 | addr=6 -> data=0xc1c1
PASS | Read RS1 | addr=0 -> data=0x0
PASS | Read RS2 | addr=6 -> data=0xc1c1
PASS | Read RS1 | addr=4 -> data=0xbbec
PASS | Read RS2 | addr=3 -> data=0x6cfb
PASS | Read RS1 | addr=4 -> data=0xbbec
PASS | Read RS2 | addr=0 -> data=0x0
PASS | Read RS1 | addr=2 -> data=0xdbea
PASS | Read RS2 | addr=1 -> data=0x9891
PASS | Read RS1 | addr=6 -> data=0xc1c1
PASS | Read RS2 | addr=4 -> data=0xbbec
PASS | Read RS1 | addr=1 -> data=0x9891
PASS | Read RS2 | addr=1 -> data=0x9891
PASS | Read RS1 | addr=4 -> data=0xbbec
PASS | Read RS2 | addr=4 -> data=0xbbec
PASS | Read RS1 | addr=4 -> data=0xbbec
PASS | Read RS2 | addr=6 -> data=0xc1c1
PASS | Read RS1 | addr=5 -> data=0xb90d
PASS | Read RS2 | addr=7 -> data=0x9b9d
PASS | Read RS1 | addr=0 -> data=0x0
PASS | Read RS2 | addr=2 -> data=0xdbea
PASS | Read RS1 | addr=4 -> data=0xbbec
PASS | Read RS2 | addr=1 -> data=0x839f
PASS | Read RS1 | addr=1 -> data=0x839f
PASS | Read RS2 | addr=4 -> data=0xbbec
PASS | Read RS1 | addr=6 -> data=0xc1c1
PASS | Read RS2 | addr=2 -> data=0xdbea
PASS | Read RS1 | addr=6 -> data=0xc1c1
PASS | Read RS2 | addr=4 -> data=0xbbec
PASS | Read RS1 | addr=7 -> data=0x7ec5
PASS | Read RS2 | addr=4 -> data=0xbbec
PASS | Read RS1 | addr=5 -> data=0xb90d
PASS | Read RS2 | addr=7 -> data=0x7ec5
PASS | Read RS1 | addr=3 -> data=0xfd3
PASS | Read RS2 | addr=7 -> data=0x7ec5
PASS | Read RS1 | addr=0 -> data=0x0
PASS | Read RS2 | addr=7 -> data=0x88fb
PASS | Read RS1 | addr=2 -> data=0xdbea
PASS | Read RS2 | addr=2 -> data=0xdbea
PASS | Read RS1 | addr=3 -> data=0xfd3
PASS | Read RS2 | addr=4 -> data=0xbbec
PASS | Read RS1 | addr=4 -> data=0xbbec
PASS | Read RS2 | addr=1 -> data=0x839f
PASS | Read RS1 | addr=0 -> data=0x0
PASS | Read RS2 | addr=5 -> data=0xb90d
PASS | Read RS1 | addr=3 -> data=0x80b2
PASS | Read RS2 | addr=1 -> data=0x839f
PASS | Read RS1 | addr=3 -> data=0x80b2
PASS | Read RS2 | addr=1 -> data=0x839f
PASS | Read RS1 | addr=1 -> data=0x6da3
PASS | Read RS2 | addr=7 -> data=0xc971
PASS | Read RS1 | addr=1 -> data=0x6da3
PASS | Read RS2 | addr=7 -> data=0xc971
PASS | Read RS1 | addr=2 -> data=0xdbea
PASS | Read RS2 | addr=3 -> data=0x80b2
PASS | Read RS1 | addr=7 -> data=0xf796
PASS | Read RS2 | addr=2 -> data=0xdbea
PASS | Read RS1 | addr=5 -> data=0xb90d
PASS | Read RS2 | addr=6 -> data=0xc1c1
PASS | Read RS1 | addr=4 -> data=0xbbec
PASS | Read RS2 | addr=6 -> data=0xc1c1
PASS | Read RS1 | addr=7 -> data=0x6f8a
PASS | Read RS2 | addr=0 -> data=0x0
PASS | Read RS1 | addr=1 -> data=0x6da3
PASS | Read RS2 | addr=0 -> data=0x0
PASS | Read RS1 | addr=3 -> data=0x80b2
PASS | Read RS2 | addr=3 -> data=0x80b2
PASS | Read RS1 | addr=7 -> data=0x14c4
PASS | Read RS2 | addr=6 -> data=0xc1c1
PASS | Read RS1 | addr=7 -> data=0x14c4
PASS | Read RS2 | addr=0 -> data=0x0
PASS | Read RS1 | addr=6 -> data=0xc1c1
PASS | Read RS2 | addr=6 -> data=0xc1c1
PASS | Read RS1 | addr=5 -> data=0xb90d
PASS | Read RS2 | addr=0 -> data=0x0
PASS | Read RS1 | addr=7 -> data=0x14c4
PASS | Read RS2 | addr=1 -> data=0x6da3
PASS | Read RS1 | addr=1 -> data=0x6da3
PASS | Read RS2 | addr=5 -> data=0xb90d
PASS | Read RS1 | addr=4 -> data=0xbbec
PASS | Read RS2 | addr=5 -> data=0xb90d
PASS | Read RS1 | addr=4 -> data=0xbbec
PASS | Read RS2 | addr=2 -> data=0x2dce
PASS | Read RS1 | addr=1 -> data=0x6da3
PASS | Read RS2 | addr=7 -> data=0x14c4
PASS | Read RS1 | addr=1 -> data=0x6da3
PASS | Read RS2 | addr=7 -> data=0x14c4
PASS | Read RS1 | addr=0 -> data=0x0
PASS | Read RS2 | addr=0 -> data=0x0
PASS | Read RS1 | addr=3 -> data=0x80b2
PASS | Read RS2 | addr=4 -> data=0xbbec
PASS | Read RS1 | addr=2 -> data=0xcf16
PASS | Read RS2 | addr=1 -> data=0x6da3
PASS | Read RS1 | addr=2 -> data=0xcf16
PASS | Read RS2 | addr=5 -> data=0xb90d
PASS | Read RS1 | addr=3 -> data=0x80b2
PASS | Read RS2 | addr=2 -> data=0xcf16
PASS | Read RS1 | addr=2 -> data=0xcf16
PASS | Read RS2 | addr=0 -> data=0x0
PASS | Read RS1 | addr=0 -> data=0x0
PASS | Read RS2 | addr=7 -> data=0xecb
PASS | Read RS1 | addr=5 -> data=0xb90d
PASS | Read RS2 | addr=0 -> data=0x0
PASS | Read RS1 | addr=3 -> data=0x80b2
PASS | Read RS2 | addr=7 -> data=0x23a0
PASS | Read RS1 | addr=7 -> data=0x23a0
PASS | Read RS2 | addr=7 -> data=0x23a0
PASS | Read RS1 | addr=4 -> data=0xbbec
PASS | Read RS2 | addr=5 -> data=0xb90d
PASS | Read RS1 | addr=4 -> data=0xbbec
PASS | Read RS2 | addr=3 -> data=0x80b2
PASS | Read RS1 | addr=6 -> data=0x5b94
PASS | Read RS2 | addr=0 -> data=0x0
PASS | Read RS1 | addr=1 -> data=0x6da3
PASS | Read RS2 | addr=2 -> data=0xcf16
PASS | Read RS1 | addr=4 -> data=0xbbec
PASS | Read RS2 | addr=6 -> data=0xdd23
PASS | Read RS1 | addr=0 -> data=0x0
PASS | Read RS2 | addr=4 -> data=0xbbec
PASS | Read RS1 | addr=3 -> data=0x80b2
PASS | Read RS2 | addr=0 -> data=0x0
PASS | Read RS1 | addr=3 -> data=0x80b2
PASS | Read RS2 | addr=5 -> data=0xb90d
PASS | Read RS1 | addr=0 -> data=0x0
PASS | Read RS2 | addr=7 -> data=0x6e34
PASS | Read RS1 | addr=5 -> data=0xb2ff
PASS | Read RS2 | addr=3 -> data=0x80b2
PASS | Read RS1 | addr=7 -> data=0x2600
PASS | Read RS2 | addr=7 -> data=0x2600
PASS | Read RS1 | addr=5 -> data=0xb2ff
PASS | Read RS2 | addr=4 -> data=0xbbec
PASS | Read RS1 | addr=1 -> data=0x6da3
PASS | Read RS2 | addr=2 -> data=0x6a67
PASS | Read RS1 | addr=0 -> data=0x0
PASS | Read RS2 | addr=0 -> data=0x0
PASS | Read RS1 | addr=6 -> data=0xcd7b
PASS | Read RS2 | addr=4 -> data=0xbbec
PASS | Read RS1 | addr=0 -> data=0x0
PASS | Read RS2 | addr=2 -> data=0x6a67
PASS | Read RS1 | addr=3 -> data=0x80b2
PASS | Read RS2 | addr=5 -> data=0xb2ff
PASS | Read RS1 | addr=7 -> data=0x1e78
PASS | Read RS2 | addr=0 -> data=0x0
PASS | Read RS1 | addr=2 -> data=0x6a67
PASS | Read RS2 | addr=5 -> data=0xb2ff
PASS | Read RS1 | addr=5 -> data=0xb2ff
PASS | Read RS2 | addr=2 -> data=0x6a67
PASS | Read RS1 | addr=3 -> data=0x80b2
PASS | Read RS2 | addr=1 -> data=0x6da3
PASS | Read RS1 | addr=5 -> data=0xfa5f
PASS | Read RS2 | addr=4 -> data=0xbbec
PASS | Read RS1 | addr=5 -> data=0xfa5f
PASS | Read RS2 | addr=5 -> data=0xfa5f
PASS | Read RS1 | addr=5 -> data=0xfa5f
PASS | Read RS2 | addr=1 -> data=0x6da3
PASS | Read RS1 | addr=1 -> data=0x6da3
PASS | Read RS2 | addr=1 -> data=0x6da3
PASS | Read RS1 | addr=3 -> data=0x80b2
PASS | Read RS2 | addr=2 -> data=0x6a67
PASS | Read RS1 | addr=2 -> data=0x6a67
PASS | Read RS2 | addr=5 -> data=0xfa5f
PASS | Read RS1 | addr=6 -> data=0xcd7b
PASS | Read RS2 | addr=6 -> data=0xcd7b
PASS | Read RS1 | addr=2 -> data=0x6a67
PASS | Read RS2 | addr=6 -> data=0xcd7b
PASS | Read RS1 | addr=2 -> data=0x6a67
PASS | Read RS2 | addr=5 -> data=0xfa5f
PASS | Read RS1 | addr=0 -> data=0x0
PASS | Read RS2 | addr=4 -> data=0xe8d3
PASS | Read RS1 | addr=5 -> data=0xfa5f
PASS | Read RS2 | addr=5 -> data=0xfa5f
PASS | Read RS1 | addr=1 -> data=0x6da3
PASS | Read RS2 | addr=7 -> data=0x6cc
PASS | Read RS1 | addr=0 -> data=0x0
PASS | Read RS2 | addr=5 -> data=0xfa5f
PASS | Read RS1 | addr=7 -> data=0x6ed1
PASS | Read RS2 | addr=3 -> data=0x64f7
PASS | Read RS1 | addr=2 -> data=0x6a67
PASS | Read RS2 | addr=4 -> data=0xe8d3
PASS | Read RS1 | addr=3 -> data=0xf82
PASS | Read RS2 | addr=1 -> data=0x6da3
PASS | Read RS1 | addr=0 -> data=0x0
PASS | Read RS2 | addr=1 -> data=0x6da3
PASS | Read RS1 | addr=4 -> data=0xe8d3
PASS | Read RS2 | addr=3 -> data=0xf82
PASS | Read RS1 | addr=3 -> data=0xf82
PASS | Read RS2 | addr=0 -> data=0x0
PASS | Read RS1 | addr=4 -> data=0xe8d3
PASS | Read RS2 | addr=1 -> data=0x6da3
PASS | Read RS1 | addr=2 -> data=0x6a67
PASS | Read RS2 | addr=1 -> data=0x6da3
PASS | Read RS1 | addr=0 -> data=0x0
PASS | Read RS2 | addr=0 -> data=0x0
PASS | Read RS1 | addr=2 -> data=0x6a67
PASS | Read RS2 | addr=4 -> data=0xe8d3
PASS | Read RS1 | addr=1 -> data=0x13d3
PASS | Read RS2 | addr=4 -> data=0xe8d3
PASS | Read RS1 | addr=5 -> data=0xfa5f
PASS | Read RS2 | addr=5 -> data=0xfa5f
PASS | Read RS1 | addr=4 -> data=0xe8d3
PASS | Read RS2 | addr=7 -> data=0xa31d
PASS | Read RS1 | addr=5 -> data=0xfa5f
PASS | Read RS2 | addr=4 -> data=0xe8d3
PASS | Read RS1 | addr=3 -> data=0xf82
PASS | Read RS2 | addr=2 -> data=0x6a67
PASS | Read RS1 | addr=2 -> data=0x6a67
PASS | Read RS2 | addr=6 -> data=0x6e56
PASS | Read RS1 | addr=7 -> data=0xa31d
PASS | Read RS2 | addr=6 -> data=0x6e56
PASS | Read RS1 | addr=4 -> data=0xe8d3
PASS | Read RS2 | addr=2 -> data=0x6a67
PASS | Read RS1 | addr=7 -> data=0xa31d
PASS | Read RS2 | addr=5 -> data=0xfa5f
PASS | Read RS1 | addr=7 -> data=0xa31d
PASS | Read RS2 | addr=4 -> data=0xe8d3
PASS | Read RS1 | addr=7 -> data=0x5f57
PASS | Read RS2 | addr=3 -> data=0x9237
PASS | Read RS1 | addr=7 -> data=0x5f57
PASS | Read RS2 | addr=2 -> data=0x6a67
PASS | Read RS1 | addr=3 -> data=0x9507
PASS | Read RS2 | addr=1 -> data=0x2ab7
PASS | Read RS1 | addr=6 -> data=0x6e56
PASS | Read RS2 | addr=6 -> data=0x6e56
PASS | Read RS1 | addr=5 -> data=0x30e5
PASS | Read RS2 | addr=6 -> data=0x6e56
PASS | Read RS1 | addr=3 -> data=0x9507
PASS | Read RS2 | addr=5 -> data=0x30e5
PASS | Read RS1 | addr=7 -> data=0x5e36
PASS | Read RS2 | addr=4 -> data=0xe8d3
PASS | Read RS1 | addr=5 -> data=0x30e5
PASS | Read RS2 | addr=4 -> data=0xe8d3
PASS | Read RS1 | addr=3 -> data=0x9507
PASS | Read RS2 | addr=4 -> data=0xe8d3
PASS | Read RS1 | addr=4 -> data=0xe8d3
PASS | Read RS2 | addr=3 -> data=0x9507
PASS | Read RS1 | addr=7 -> data=0x2d5a
PASS | Read RS2 | addr=3 -> data=0x9507
PASS | Read RS1 | addr=4 -> data=0xe8d3
PASS | Read RS2 | addr=0 -> data=0x0
PASS | Read RS1 | addr=7 -> data=0xa9f8
PASS | Read RS2 | addr=3 -> data=0x9507
PASS | Read RS1 | addr=7 -> data=0xa9f8
PASS | Read RS2 | addr=6 -> data=0x6e56
PASS | Read RS1 | addr=1 -> data=0x2ab7
PASS | Read RS2 | addr=6 -> data=0x6e56
PASS | Read RS1 | addr=7 -> data=0x748
PASS | Read RS2 | addr=6 -> data=0x6e56
PASS | Read RS1 | addr=3 -> data=0x9507
PASS | Read RS2 | addr=2 -> data=0x6a67
PASS | Read RS1 | addr=2 -> data=0x6a67
PASS | Read RS2 | addr=0 -> data=0x0
PASS | Read RS1 | addr=7 -> data=0x3d39
PASS | Read RS2 | addr=4 -> data=0xe8d3
PASS | Read RS1 | addr=4 -> data=0x7e52
PASS | Read RS2 | addr=2 -> data=0x6a67
PASS | Read RS1 | addr=4 -> data=0x7e52
PASS | Read RS2 | addr=2 -> data=0x6a67
PASS | Read RS1 | addr=7 -> data=0x3d39
PASS | Read RS2 | addr=6 -> data=0x6e56
PASS | Read RS1 | addr=2 -> data=0x6a67
PASS | Read RS2 | addr=4 -> data=0x7e52
PASS | Read RS1 | addr=3 -> data=0x9507
PASS | Read RS2 | addr=7 -> data=0x8bf2
PASS | Read RS1 | addr=0 -> data=0x0
PASS | Read RS2 | addr=0 -> data=0x0
PASS | Read RS1 | addr=0 -> data=0x0
PASS | Read RS2 | addr=0 -> data=0x0
PASS | Read RS1 | addr=1 -> data=0x919d
PASS | Read RS2 | addr=7 -> data=0xd2e4
PASS | Read RS1 | addr=6 -> data=0xe5d0
PASS | Read RS2 | addr=4 -> data=0x7e52
PASS | Read RS1 | addr=2 -> data=0x6a67
PASS | Read RS2 | addr=6 -> data=0xe5d0
PASS | Read RS1 | addr=6 -> data=0xe5d0
PASS | Read RS2 | addr=3 -> data=0x1186
PASS | Read RS1 | addr=4 -> data=0x7e52
PASS | Read RS2 | addr=2 -> data=0x6a67
PASS | Read RS1 | addr=1 -> data=0x919d
PASS | Read RS2 | addr=1 -> data=0x919d
PASS | Read RS1 | addr=7 -> data=0x5732
PASS | Read RS2 | addr=0 -> data=0x0
PASS | Read RS1 | addr=7 -> data=0x5732
PASS | Read RS2 | addr=3 -> data=0x1186
PASS | Read RS1 | addr=1 -> data=0x919d
PASS | Read RS2 | addr=2 -> data=0x6a67
PASS | Read RS1 | addr=0 -> data=0x0
PASS | Read RS2 | addr=3 -> data=0x1186
PASS | Read RS1 | addr=2 -> data=0x6a67
PASS | Read RS2 | addr=4 -> data=0x5ffa
PASS | Read RS1 | addr=6 -> data=0xe5d0
PASS | Read RS2 | addr=6 -> data=0xe5d0
PASS | Read RS1 | addr=1 -> data=0xbdcb
PASS | Read RS2 | addr=6 -> data=0xe5d0
PASS | Read RS1 | addr=2 -> data=0x6a67
PASS | Read RS2 | addr=5 -> data=0xd908
PASS | Read RS1 | addr=4 -> data=0x5ffa
PASS | Read RS2 | addr=4 -> data=0x5ffa
PASS | Read RS1 | addr=7 -> data=0x2596
PASS | Read RS2 | addr=6 -> data=0xe5d0
PASS | Read RS1 | addr=7 -> data=0x47bf
PASS | Read RS2 | addr=6 -> data=0xe5d0
PASS | Read RS1 | addr=3 -> data=0x1186
PASS | Read RS2 | addr=6 -> data=0xe5d0
PASS | Read RS1 | addr=7 -> data=0x47bf
PASS | Read RS2 | addr=5 -> data=0xd908
PASS | Read RS1 | addr=5 -> data=0xd908
PASS | Read RS2 | addr=4 -> data=0x5ffa
PASS | Read RS1 | addr=4 -> data=0x5ffa
PASS | Read RS2 | addr=3 -> data=0x1186
PASS | Read RS1 | addr=2 -> data=0x6a67
PASS | Read RS2 | addr=6 -> data=0xe5d0
PASS | Read RS1 | addr=0 -> data=0x0
PASS | Read RS2 | addr=2 -> data=0x6a67
PASS | Read RS1 | addr=5 -> data=0xd908
PASS | Read RS2 | addr=2 -> data=0x6a67
PASS | Read RS1 | addr=2 -> data=0x6a67
PASS | Read RS2 | addr=6 -> data=0xe5d0
PASS | Read RS1 | addr=7 -> data=0xabb9
PASS | Read RS2 | addr=2 -> data=0x6a67
PASS | Read RS1 | addr=3 -> data=0x1186
PASS | Read RS2 | addr=4 -> data=0x5ffa
PASS | Read RS1 | addr=7 -> data=0xabb9
PASS | Read RS2 | addr=3 -> data=0x1186
PASS | Read RS1 | addr=2 -> data=0x6a67
PASS | Read RS2 | addr=0 -> data=0x0
PASS | Read RS1 | addr=5 -> data=0xd908
PASS | Read RS2 | addr=3 -> data=0x1186
PASS | Read RS1 | addr=2 -> data=0xceca
PASS | Read RS2 | addr=5 -> data=0xd908
PASS | Read RS1 | addr=6 -> data=0x2918
PASS | Read RS2 | addr=2 -> data=0xceca
PASS | Read RS1 | addr=6 -> data=0x2918
PASS | Read RS2 | addr=3 -> data=0x1186
PASS | Read RS1 | addr=1 -> data=0x42f7
PASS | Read RS2 | addr=2 -> data=0xceca
PASS | Read RS1 | addr=5 -> data=0xd908
PASS | Read RS2 | addr=3 -> data=0x1186
PASS | Read RS1 | addr=7 -> data=0xaa53
PASS | Read RS2 | addr=2 -> data=0xceca
PASS | Read RS1 | addr=3 -> data=0x1186
PASS | Read RS2 | addr=6 -> data=0x2918
PASS | Read RS1 | addr=2 -> data=0xceca
PASS | Read RS2 | addr=5 -> data=0xd908
PASS | Read RS1 | addr=5 -> data=0xd908
PASS | Read RS2 | addr=2 -> data=0xceca
PASS | Read RS1 | addr=0 -> data=0x0
PASS | Read RS2 | addr=5 -> data=0xd908
PASS | Read RS1 | addr=3 -> data=0x8b5e
PASS | Read RS2 | addr=1 -> data=0xf159
PASS | Read RS1 | addr=5 -> data=0xd908
PASS | Read RS2 | addr=4 -> data=0xb
PASS | Read RS1 | addr=4 -> data=0xb
PASS | Read RS2 | addr=4 -> data=0xb
PASS | Read RS1 | addr=3 -> data=0x8b5e
PASS | Read RS2 | addr=4 -> data=0xb
PASS | Read RS1 | addr=7 -> data=0xaa53
PASS | Read RS2 | addr=3 -> data=0x8b5e
PASS | Read RS1 | addr=6 -> data=0x2918
PASS | Read RS2 | addr=5 -> data=0xd908
PASS | Read RS1 | addr=4 -> data=0xb
PASS | Read RS2 | addr=3 -> data=0x8b5e
PASS | Read RS1 | addr=2 -> data=0xceca
PASS | Read RS2 | addr=0 -> data=0x0
PASS | Read RS1 | addr=2 -> data=0xceca
PASS | Read RS2 | addr=6 -> data=0x2918
PASS | Read RS1 | addr=2 -> data=0xceca
PASS | Read RS2 | addr=3 -> data=0x8b5e
PASS | Read RS1 | addr=6 -> data=0x2918
PASS | Read RS2 | addr=7 -> data=0x7c58
PASS | Read RS1 | addr=0 -> data=0x0
PASS | Read RS2 | addr=7 -> data=0x233b
PASS | Read RS1 | addr=6 -> data=0x2918
PASS | Read RS2 | addr=7 -> data=0x233b
PASS | Read RS1 | addr=5 -> data=0x3570
PASS | Read RS2 | addr=2 -> data=0xceca
PASS | Read RS1 | addr=4 -> data=0xb
PASS | Read RS2 | addr=3 -> data=0x8b5e
PASS | Read RS1 | addr=0 -> data=0x0
PASS | Read RS2 | addr=6 -> data=0x2918
PASS | Read RS1 | addr=5 -> data=0x3570
PASS | Read RS2 | addr=6 -> data=0x2918
PASS | Read RS1 | addr=7 -> data=0x233b
PASS | Read RS2 | addr=2 -> data=0xceca
PASS | Read RS1 | addr=7 -> data=0x5460
PASS | Read RS2 | addr=5 -> data=0x3570
PASS | Read RS1 | addr=0 -> data=0x0
PASS | Read RS2 | addr=7 -> data=0x5460
PASS | Read RS1 | addr=4 -> data=0xb
PASS | Read RS2 | addr=6 -> data=0x2918
PASS | Read RS1 | addr=0 -> data=0x0
PASS | Read RS2 | addr=2 -> data=0xceca
PASS | Read RS1 | addr=4 -> data=0xb
PASS | Read RS2 | addr=4 -> data=0xb
PASS | Read RS1 | addr=2 -> data=0xceca
PASS | Read RS2 | addr=4 -> data=0xb
PASS | Read RS1 | addr=1 -> data=0xf159
PASS | Read RS2 | addr=5 -> data=0x3570
PASS | Read RS1 | addr=7 -> data=0xc8b
PASS | Read RS2 | addr=4 -> data=0xb
PASS | Read RS1 | addr=1 -> data=0xe597
PASS | Read RS2 | addr=4 -> data=0xb
PASS | Read RS1 | addr=4 -> data=0x425e
PASS | Read RS2 | addr=7 -> data=0xc8b
PASS | Read RS1 | addr=6 -> data=0x2918
PASS | Read RS2 | addr=1 -> data=0xe597
PASS | Read RS1 | addr=4 -> data=0x425e
PASS | Read RS2 | addr=4 -> data=0x425e
PASS | Read RS1 | addr=3 -> data=0xd5c0
PASS | Read RS2 | addr=0 -> data=0x0
PASS | Read RS1 | addr=0 -> data=0x0
PASS | Read RS2 | addr=4 -> data=0x425e
PASS | Read RS1 | addr=2 -> data=0xceca
PASS | Read RS2 | addr=5 -> data=0x3570
PASS | Read RS1 | addr=2 -> data=0xceca
PASS | Read RS2 | addr=3 -> data=0xd5c0
PASS | Read RS1 | addr=1 -> data=0xe597
PASS | Read RS2 | addr=6 -> data=0x2918
PASS | Read RS1 | addr=7 -> data=0x308c
PASS | Read RS2 | addr=2 -> data=0xceca
PASS | Read RS1 | addr=1 -> data=0xe597
PASS | Read RS2 | addr=2 -> data=0xceca
PASS | Read RS1 | addr=5 -> data=0x3570
PASS | Read RS2 | addr=6 -> data=0x2918
PASS | Read RS1 | addr=3 -> data=0xd5c0
PASS | Read RS2 | addr=7 -> data=0xf458
PASS | Read RS1 | addr=3 -> data=0xd5c0
PASS | Read RS2 | addr=2 -> data=0xceca
PASS | Read RS1 | addr=0 -> data=0x0
PASS | Read RS2 | addr=4 -> data=0x425e
PASS | Read RS1 | addr=7 -> data=0x981c
PASS | Read RS2 | addr=1 -> data=0xe597
PASS | Read RS1 | addr=5 -> data=0x3570
PASS | Read RS2 | addr=0 -> data=0x0
PASS | Read RS1 | addr=5 -> data=0x3570
PASS | Read RS2 | addr=3 -> data=0xd5c0
PASS | Read RS1 | addr=6 -> data=0x2918
PASS | Read RS2 | addr=0 -> data=0x0
PASS | Read RS1 | addr=5 -> data=0x3570
PASS | Read RS2 | addr=5 -> data=0x3570
PASS | Read RS1 | addr=0 -> data=0x0
PASS | Read RS2 | addr=3 -> data=0xd5c0
PASS | Read RS1 | addr=0 -> data=0x0
PASS | Read RS2 | addr=0 -> data=0x0
PASS | Read RS1 | addr=2 -> data=0xceca
PASS | Read RS2 | addr=1 -> data=0xe597
PASS | Read RS1 | addr=2 -> data=0xceca
PASS | Read RS2 | addr=7 -> data=0xcb99
PASS | Read RS1 | addr=6 -> data=0x2918
PASS | Read RS2 | addr=2 -> data=0xceca
PASS | Read RS1 | addr=7 -> data=0xf7c0
PASS | Read RS2 | addr=4 -> data=0x425e
PASS | Read RS1 | addr=6 -> data=0x2918
PASS | Read RS2 | addr=6 -> data=0x2918
PASS | Read RS1 | addr=1 -> data=0xad0
PASS | Read RS2 | addr=6 -> data=0x2918
PASS | Read RS1 | addr=5 -> data=0x3570
PASS | Read RS2 | addr=3 -> data=0xd5c0
PASS | Read RS1 | addr=3 -> data=0xd5c0
PASS | Read RS2 | addr=7 -> data=0xf7c0
PASS | Read RS1 | addr=4 -> data=0x425e
PASS | Read RS2 | addr=2 -> data=0x1dfa
PASS | Read RS1 | addr=4 -> data=0x425e
PASS | Read RS2 | addr=5 -> data=0x85b3
PASS | Read RS1 | addr=4 -> data=0x425e
PASS | Read RS2 | addr=0 -> data=0x0
PASS | Read RS1 | addr=1 -> data=0xad0
PASS | Read RS2 | addr=6 -> data=0x2918
PASS | Read RS1 | addr=3 -> data=0xd5c0
PASS | Read RS2 | addr=0 -> data=0x0
PASS | Read RS1 | addr=6 -> data=0x2918
PASS | Read RS2 | addr=7 -> data=0x4073
PASS | Read RS1 | addr=0 -> data=0x0
PASS | Read RS2 | addr=0 -> data=0x0
PASS | Read RS1 | addr=2 -> data=0x5e85
PASS | Read RS2 | addr=2 -> data=0x5e85
PASS | Read RS1 | addr=7 -> data=0x6ad5
PASS | Read RS2 | addr=4 -> data=0x425e
PASS | Read RS1 | addr=3 -> data=0xd5c0
PASS | Read RS2 | addr=3 -> data=0xd5c0
PASS | Read RS1 | addr=3 -> data=0xd5c0
PASS | Read RS2 | addr=1 -> data=0xad0
PASS | Read RS1 | addr=7 -> data=0xdcec
PASS | Read RS2 | addr=2 -> data=0x5e85
PASS | Read RS1 | addr=2 -> data=0x5e85
PASS | Read RS2 | addr=1 -> data=0xad0
PASS | Read RS1 | addr=5 -> data=0x3b37
PASS | Read RS2 | addr=1 -> data=0xad0
PASS | Read RS1 | addr=2 -> data=0x5e85
PASS | Read RS2 | addr=7 -> data=0xf70f
PASS | Read RS1 | addr=7 -> data=0xf70f
PASS | Read RS2 | addr=0 -> data=0x0
PASS | Read RS1 | addr=1 -> data=0xad0
PASS | Read RS2 | addr=4 -> data=0x425e
PASS | Read RS1 | addr=5 -> data=0x3b37
PASS | Read RS2 | addr=2 -> data=0x5e85
PASS | Read RS1 | addr=6 -> data=0x6e15
PASS | Read RS2 | addr=7 -> data=0x6723
PASS | Read RS1 | addr=1 -> data=0xad0
PASS | Read RS2 | addr=2 -> data=0x5e85
PASS | Read RS1 | addr=7 -> data=0x6723
PASS | Read RS2 | addr=5 -> data=0x3b37
PASS | Read RS1 | addr=5 -> data=0x3b37
PASS | Read RS2 | addr=2 -> data=0x5e85
PASS | Read RS1 | addr=3 -> data=0xdd41
PASS | Read RS2 | addr=0 -> data=0x0
PASS | Read RS1 | addr=0 -> data=0x0
PASS | Read RS2 | addr=2 -> data=0x5e85
PASS | Read RS1 | addr=1 -> data=0x2678
PASS | Read RS2 | addr=0 -> data=0x0
PASS | Read RS1 | addr=3 -> data=0xdd41
PASS | Read RS2 | addr=1 -> data=0x2678
PASS | Read RS1 | addr=3 -> data=0xdd41
PASS | Read RS2 | addr=3 -> data=0xdd41
PASS | Read RS1 | addr=7 -> data=0x132c
PASS | Read RS2 | addr=4 -> data=0x425e
PASS | Read RS1 | addr=2 -> data=0x5e85
PASS | Read RS2 | addr=4 -> data=0x425e
PASS | Read RS1 | addr=4 -> data=0x425e
PASS | Read RS2 | addr=3 -> data=0xdd41
PASS | Read RS1 | addr=5 -> data=0x3b37
PASS | Read RS2 | addr=1 -> data=0x2678
PASS | Read RS1 | addr=4 -> data=0x425e
PASS | Read RS2 | addr=0 -> data=0x0
PASS | Read RS1 | addr=6 -> data=0x6e15
PASS | Read RS2 | addr=1 -> data=0x2678
PASS | Read RS1 | addr=4 -> data=0x425e
PASS | Read RS2 | addr=6 -> data=0x6e15
PASS | Read RS1 | addr=1 -> data=0x2678
PASS | Read RS2 | addr=4 -> data=0x425e
PASS | Read RS1 | addr=3 -> data=0x8bab
PASS | Read RS2 | addr=1 -> data=0x2678
PASS | Read RS1 | addr=5 -> data=0x5c61
PASS | Read RS2 | addr=3 -> data=0x8bab
PASS | Read RS1 | addr=2 -> data=0x3a44
PASS | Read RS2 | addr=0 -> data=0x0
PASS | Read RS1 | addr=5 -> data=0x5c61
PASS | Read RS2 | addr=0 -> data=0x0
PASS | Read RS1 | addr=4 -> data=0x425e
PASS | Read RS2 | addr=1 -> data=0x2678
PASS | Read RS1 | addr=1 -> data=0x2678
PASS | Read RS2 | addr=6 -> data=0x6e15
PASS | Read RS1 | addr=5 -> data=0x5c61
PASS | Read RS2 | addr=7 -> data=0xdc4a
PASS | Read RS1 | addr=2 -> data=0x3a44
PASS | Read RS2 | addr=1 -> data=0x2678
PASS | Read RS1 | addr=6 -> data=0x6e15
PASS | Read RS2 | addr=7 -> data=0xdc4a
PASS | Read RS1 | addr=0 -> data=0x0
PASS | Read RS2 | addr=7 -> data=0xdc4a
PASS | Read RS1 | addr=0 -> data=0x0
PASS | Read RS2 | addr=2 -> data=0x3a44
PASS | Read RS1 | addr=1 -> data=0x2678
PASS | Read RS2 | addr=1 -> data=0x2678
PASS | Read RS1 | addr=0 -> data=0x0
PASS | Read RS2 | addr=4 -> data=0x425e
PASS | Read RS1 | addr=6 -> data=0x6e15
PASS | Read RS2 | addr=6 -> data=0x6e15
PASS | Read RS1 | addr=1 -> data=0x2678
PASS | Read RS2 | addr=2 -> data=0x3a44
PASS | Read RS1 | addr=7 -> data=0x4b03
PASS | Read RS2 | addr=3 -> data=0xfdac
PASS | Read RS1 | addr=0 -> data=0x0
PASS | Read RS2 | addr=6 -> data=0x6e15
PASS | Read RS1 | addr=7 -> data=0x9b7b
PASS | Read RS2 | addr=4 -> data=0x425e
PASS | Read RS1 | addr=3 -> data=0xfdac
PASS | Read RS2 | addr=3 -> data=0xfdac
PASS | Read RS1 | addr=6 -> data=0x6e15
PASS | Read RS2 | addr=2 -> data=0x3a44
PASS | Read RS1 | addr=6 -> data=0x6e15
PASS | Read RS2 | addr=7 -> data=0xcfd4
PASS | Read RS1 | addr=1 -> data=0x2678
PASS | Read RS2 | addr=0 -> data=0x0
PASS | Read RS1 | addr=7 -> data=0xe887
PASS | Read RS2 | addr=4 -> data=0x425e
PASS | Read RS1 | addr=5 -> data=0x10e7
PASS | Read RS2 | addr=5 -> data=0x10e7
PASS | Read RS1 | addr=5 -> data=0x10e7
PASS | Read RS2 | addr=2 -> data=0x3a44
PASS | Read RS1 | addr=1 -> data=0x9800
PASS | Read RS2 | addr=1 -> data=0x9800
PASS | Read RS1 | addr=5 -> data=0x10e7
PASS | Read RS2 | addr=3 -> data=0xfdac
PASS | Read RS1 | addr=6 -> data=0x6e15
PASS | Read RS2 | addr=5 -> data=0x10e7
PASS | Read RS1 | addr=1 -> data=0x9800
PASS | Read RS2 | addr=0 -> data=0x0
PASS | Read RS1 | addr=0 -> data=0x0
PASS | Read RS2 | addr=1 -> data=0x9800
PASS | Read RS1 | addr=5 -> data=0x10e7
PASS | Read RS2 | addr=2 -> data=0x3a44
PASS | Read RS1 | addr=0 -> data=0x0
PASS | Read RS2 | addr=0 -> data=0x0
PASS | Read RS1 | addr=6 -> data=0x6e15
PASS | Read RS2 | addr=2 -> data=0x3a44
PASS | Read RS1 | addr=2 -> data=0x3a44
PASS | Read RS2 | addr=6 -> data=0x6e15
PASS | Read RS1 | addr=7 -> data=0x781e
PASS | Read RS2 | addr=3 -> data=0xb6c1
PASS | Read RS1 | addr=3 -> data=0xb6c1
PASS | Read RS2 | addr=0 -> data=0x0
PASS | Read RS1 | addr=1 -> data=0x9800
PASS | Read RS2 | addr=4 -> data=0x4f14
PASS | Read RS1 | addr=2 -> data=0x8c31
PASS | Read RS2 | addr=7 -> data=0x781e
PASS | Read RS1 | addr=5 -> data=0x10e7
PASS | Read RS2 | addr=0 -> data=0x0
PASS | Read RS1 | addr=7 -> data=0x781e
PASS | Read RS2 | addr=7 -> data=0x781e
PASS | Read RS1 | addr=2 -> data=0x8c31
PASS | Read RS2 | addr=3 -> data=0xb6c1
PASS | Read RS1 | addr=4 -> data=0x4f14
PASS | Read RS2 | addr=2 -> data=0x8c31
PASS | Read RS1 | addr=5 -> data=0x10e7
PASS | Read RS2 | addr=4 -> data=0x4f14
PASS | Read RS1 | addr=0 -> data=0x0
PASS | Read RS2 | addr=4 -> data=0x4f14
PASS | Read RS1 | addr=4 -> data=0x4f14
PASS | Read RS2 | addr=0 -> data=0x0
PASS | Read RS1 | addr=0 -> data=0x0
PASS | Read RS2 | addr=0 -> data=0x0
PASS | Read RS1 | addr=0 -> data=0x0
PASS | Read RS2 | addr=1 -> data=0x9800
PASS | Read RS1 | addr=2 -> data=0xab33
PASS | Read RS2 | addr=1 -> data=0x9800
PASS | Read RS1 | addr=6 -> data=0x437a
PASS | Read RS2 | addr=1 -> data=0x9800
PASS | Read RS1 | addr=0 -> data=0x0
PASS | Read RS2 | addr=4 -> data=0x4f14
PASS | Read RS1 | addr=3 -> data=0xb6c1
PASS | Read RS2 | addr=3 -> data=0xb6c1
PASS | Read RS1 | addr=3 -> data=0xb6c1
PASS | Read RS2 | addr=6 -> data=0x437a
PASS | Read RS1 | addr=6 -> data=0x437a
PASS | Read RS2 | addr=1 -> data=0x9800
PASS | Read RS1 | addr=5 -> data=0x10e7
PASS | Read RS2 | addr=7 -> data=0x557
PASS | Read RS1 | addr=3 -> data=0xb6c1
PASS | Read RS2 | addr=2 -> data=0x19be
PASS | Read RS1 | addr=4 -> data=0x4f14
PASS | Read RS2 | addr=0 -> data=0x0
PASS | Read RS1 | addr=5 -> data=0x10e7
PASS | Read RS2 | addr=1 -> data=0x9800
PASS | Read RS1 | addr=2 -> data=0x19be
PASS | Read RS2 | addr=2 -> data=0x19be
PASS | Read RS1 | addr=2 -> data=0x19be
PASS | Read RS2 | addr=0 -> data=0x0
PASS | Read RS1 | addr=1 -> data=0xb4e5
PASS | Read RS2 | addr=5 -> data=0x10e7
PASS | Read RS1 | addr=0 -> data=0x0
PASS | Read RS2 | addr=1 -> data=0xb4e5
PASS | Read RS1 | addr=3 -> data=0xb6c1
PASS | Read RS2 | addr=1 -> data=0xb4e5
PASS | Read RS1 | addr=2 -> data=0x19be
PASS | Read RS2 | addr=3 -> data=0xb6c1
PASS | Read RS1 | addr=0 -> data=0x0
PASS | Read RS2 | addr=2 -> data=0x19be
PASS | Read RS1 | addr=6 -> data=0x437a
PASS | Read RS2 | addr=5 -> data=0x10e7
PASS | Read RS1 | addr=5 -> data=0x10e7
PASS | Read RS2 | addr=2 -> data=0x19be
PASS | Read RS1 | addr=7 -> data=0x81f
PASS | Read RS2 | addr=3 -> data=0xb6c1
PASS | Read RS1 | addr=2 -> data=0x19be
PASS | Read RS2 | addr=5 -> data=0x10e7
PASS | Read RS1 | addr=7 -> data=0x81f
PASS | Read RS2 | addr=5 -> data=0x10e7
PASS | Read RS1 | addr=2 -> data=0x19be
PASS | Read RS2 | addr=0 -> data=0x0
PASS | Read RS1 | addr=6 -> data=0x437a
PASS | Read RS2 | addr=1 -> data=0x6802
PASS | Read RS1 | addr=2 -> data=0x19be
PASS | Read RS2 | addr=0 -> data=0x0
PASS | Read RS1 | addr=6 -> data=0x437a
PASS | Read RS2 | addr=1 -> data=0x6802
PASS | Read RS1 | addr=0 -> data=0x0
PASS | Read RS2 | addr=1 -> data=0x6802
PASS | Read RS1 | addr=7 -> data=0x49d4
PASS | Read RS2 | addr=7 -> data=0x49d4
PASS | Read RS1 | addr=1 -> data=0x6802
PASS | Read RS2 | addr=6 -> data=0x437a
PASS | Read RS1 | addr=0 -> data=0x0
PASS | Read RS2 | addr=7 -> data=0x49d4
PASS | Read RS1 | addr=7 -> data=0x49d4
PASS | Read RS2 | addr=1 -> data=0x6802
PASS | Read RS1 | addr=5 -> data=0x10e7
PASS | Read RS2 | addr=4 -> data=0xe4e1
PASS | Read RS1 | addr=0 -> data=0x0
PASS | Read RS2 | addr=0 -> data=0x0
PASS | Read RS1 | addr=1 -> data=0x6802
PASS | Read RS2 | addr=7 -> data=0x6719
PASS | Read RS1 | addr=2 -> data=0x19be
PASS | Read RS2 | addr=4 -> data=0xe4e1
PASS | Read RS1 | addr=2 -> data=0x19be
PASS | Read RS2 | addr=4 -> data=0xe4e1
PASS | Read RS1 | addr=0 -> data=0x0
PASS | Read RS2 | addr=2 -> data=0x19be
PASS | Read RS1 | addr=5 -> data=0x6563
PASS | Read RS2 | addr=2 -> data=0x19be
PASS | Read RS1 | addr=3 -> data=0xb6c1
PASS | Read RS2 | addr=4 -> data=0xe4e1
PASS | Read RS1 | addr=3 -> data=0xb6c1
PASS | Read RS2 | addr=5 -> data=0x6563
PASS | Read RS1 | addr=3 -> data=0xb6c1
PASS | Read RS2 | addr=1 -> data=0x78c
PASS | Read RS1 | addr=5 -> data=0x6563
PASS | Read RS2 | addr=2 -> data=0x19be
PASS | Read RS1 | addr=6 -> data=0x9967
PASS | Read RS2 | addr=6 -> data=0x9967
PASS | Read RS1 | addr=6 -> data=0x9967
PASS | Read RS2 | addr=5 -> data=0x6563
PASS | Read RS1 | addr=4 -> data=0xe4e1
PASS | Read RS2 | addr=7 -> data=0xfbea
PASS | Read RS1 | addr=4 -> data=0xe4e1
PASS | Read RS2 | addr=7 -> data=0xfbea
PASS | Read RS1 | addr=0 -> data=0x0
PASS | Read RS2 | addr=6 -> data=0x9967
PASS | Read RS1 | addr=1 -> data=0x78c
PASS | Read RS2 | addr=5 -> data=0x6563
PASS | Read RS1 | addr=3 -> data=0x684a
PASS | Read RS2 | addr=0 -> data=0x0
PASS | Read RS1 | addr=1 -> data=0x78c
PASS | Read RS2 | addr=3 -> data=0x684a
PASS | Read RS1 | addr=5 -> data=0x6563
PASS | Read RS2 | addr=5 -> data=0x6563
PASS | Read RS1 | addr=1 -> data=0x78c
PASS | Read RS2 | addr=0 -> data=0x0
PASS | Read RS1 | addr=3 -> data=0x684a
PASS | Read RS2 | addr=7 -> data=0x2e81
PASS | Read RS1 | addr=2 -> data=0xdda3
PASS | Read RS2 | addr=7 -> data=0xdeb1
PASS | Read RS1 | addr=1 -> data=0x78c
PASS | Read RS2 | addr=6 -> data=0x9967
PASS | Read RS1 | addr=6 -> data=0x9967
PASS | Read RS2 | addr=5 -> data=0x6563
PASS | Read RS1 | addr=3 -> data=0x684a
PASS | Read RS2 | addr=3 -> data=0x684a
PASS | Read RS1 | addr=0 -> data=0x0
PASS | Read RS2 | addr=3 -> data=0x684a
PASS | Read RS1 | addr=3 -> data=0x684a
PASS | Read RS2 | addr=2 -> data=0xdda3
PASS | Read RS1 | addr=3 -> data=0x684a
PASS | Read RS2 | addr=0 -> data=0x0
PASS | Read RS1 | addr=4 -> data=0xe4e1
PASS | Read RS2 | addr=7 -> data=0xf297
PASS | Read RS1 | addr=0 -> data=0x0
PASS | Read RS2 | addr=4 -> data=0xe4e1
PASS | Read RS1 | addr=3 -> data=0x684a
PASS | Read RS2 | addr=6 -> data=0x40a4
PASS | Read RS1 | addr=6 -> data=0x40a4
PASS | Read RS2 | addr=3 -> data=0x684a
PASS | Read RS1 | addr=0 -> data=0x0
PASS | Read RS2 | addr=7 -> data=0xf297
PASS | Read RS1 | addr=3 -> data=0x684a
PASS | Read RS2 | addr=2 -> data=0xdda3
PASS | Read RS1 | addr=6 -> data=0x40a4
PASS | Read RS2 | addr=1 -> data=0x8812
PASS | Read RS1 | addr=3 -> data=0x684a
PASS | Read RS2 | addr=1 -> data=0x8812
PASS | Read RS1 | addr=0 -> data=0x0
PASS | Read RS2 | addr=7 -> data=0xf297
PASS | Read RS1 | addr=7 -> data=0xf297
PASS | Read RS2 | addr=6 -> data=0x40a4
PASS | Read RS1 | addr=5 -> data=0xf6f7
PASS | Read RS2 | addr=6 -> data=0x40a4
PASS | Read RS1 | addr=3 -> data=0x684a
PASS | Read RS2 | addr=0 -> data=0x0
PASS | Read RS1 | addr=0 -> data=0x0
PASS | Read RS2 | addr=0 -> data=0x0
PASS | Read RS1 | addr=0 -> data=0x0
PASS | Read RS2 | addr=1 -> data=0xdc10
PASS | Read RS1 | addr=6 -> data=0xa8a8
PASS | Read RS2 | addr=3 -> data=0x684a
PASS | Read RS1 | addr=7 -> data=0x18fe
PASS | Read RS2 | addr=5 -> data=0xf6f7
PASS | Read RS1 | addr=2 -> data=0xc431
PASS | Read RS2 | addr=3 -> data=0x684a
PASS | Read RS1 | addr=2 -> data=0xc431
PASS | Read RS2 | addr=3 -> data=0x684a
PASS | Read RS1 | addr=6 -> data=0xa8a8
PASS | Read RS2 | addr=7 -> data=0xda13
PASS | Read RS1 | addr=5 -> data=0xf6f7
PASS | Read RS2 | addr=2 -> data=0xc431
PASS | Read RS1 | addr=1 -> data=0xdc10
PASS | Read RS2 | addr=1 -> data=0xdc10
PASS | Read RS1 | addr=3 -> data=0x684a
PASS | Read RS2 | addr=7 -> data=0x4820
PASS | Read RS1 | addr=2 -> data=0xc431
PASS | Read RS2 | addr=4 -> data=0xe4e1
PASS | Read RS1 | addr=7 -> data=0x4820
PASS | Read RS2 | addr=7 -> data=0x4820
PASS | Read RS1 | addr=6 -> data=0xa8a8
PASS | Read RS2 | addr=4 -> data=0xe4e1
PASS | Read RS1 | addr=5 -> data=0xf6f7
PASS | Read RS2 | addr=5 -> data=0xf6f7
PASS | Read RS1 | addr=0 -> data=0x0
PASS | Read RS2 | addr=7 -> data=0x4820
PASS | Read RS1 | addr=0 -> data=0x0
PASS | Read RS2 | addr=6 -> data=0xa8a8
PASS | Read RS1 | addr=4 -> data=0xe4e1
PASS | Read RS2 | addr=7 -> data=0xf393
PASS | Read RS1 | addr=4 -> data=0xe4e1
PASS | Read RS2 | addr=3 -> data=0xa864
PASS | Read RS1 | addr=6 -> data=0xa8a8
PASS | Read RS2 | addr=3 -> data=0xa864
PASS | Read RS1 | addr=5 -> data=0xf6f7
PASS | Read RS2 | addr=1 -> data=0xdc10
PASS | Read RS1 | addr=1 -> data=0xdc10
PASS | Read RS2 | addr=3 -> data=0xa864
PASS | Read RS1 | addr=0 -> data=0x0
PASS | Read RS2 | addr=1 -> data=0xdc10
PASS | Read RS1 | addr=5 -> data=0xf6f7
PASS | Read RS2 | addr=7 -> data=0x5f5a
PASS | Read RS1 | addr=7 -> data=0x5f5a
PASS | Read RS2 | addr=3 -> data=0xa864
PASS | Read RS1 | addr=4 -> data=0xe4e1
PASS | Read RS2 | addr=3 -> data=0xa864
PASS | Read RS1 | addr=3 -> data=0xa864
PASS | Read RS2 | addr=4 -> data=0xe4e1
PASS | Read RS1 | addr=4 -> data=0xe4e1
PASS | Read RS2 | addr=3 -> data=0xa864
PASS | Read RS1 | addr=4 -> data=0xe4e1
PASS | Read RS2 | addr=4 -> data=0xe4e1
PASS | Read RS1 | addr=2 -> data=0xc0b8
PASS | Read RS2 | addr=1 -> data=0xdc10
PASS | Read RS1 | addr=0 -> data=0x0
PASS | Read RS2 | addr=6 -> data=0xa8a8
PASS | Read RS1 | addr=3 -> data=0xa864
PASS | Read RS2 | addr=3 -> data=0xa864
PASS | Read RS1 | addr=1 -> data=0xdc10
PASS | Read RS2 | addr=6 -> data=0xa8a8
PASS | Read RS1 | addr=4 -> data=0xf4d6
PASS | Read RS2 | addr=2 -> data=0xc0b8
PASS | Read RS1 | addr=4 -> data=0xf4d6
PASS | Read RS2 | addr=0 -> data=0x0
PASS | Read RS1 | addr=2 -> data=0xc0b8
PASS | Read RS2 | addr=1 -> data=0xdc10
PASS | Read RS1 | addr=0 -> data=0x0
PASS | Read RS2 | addr=1 -> data=0xdc10
PASS | Read RS1 | addr=2 -> data=0xc0b8
PASS | Read RS2 | addr=6 -> data=0xa8a8
PASS | Read RS1 | addr=7 -> data=0x7527
PASS | Read RS2 | addr=1 -> data=0xdc10
PASS | Read RS1 | addr=6 -> data=0xa8a8
PASS | Read RS2 | addr=3 -> data=0xa864
PASS | Read RS1 | addr=3 -> data=0xa864
PASS | Read RS2 | addr=3 -> data=0xa864
PASS | Read RS1 | addr=2 -> data=0xc0b8
PASS | Read RS2 | addr=3 -> data=0xa864
PASS | Read RS1 | addr=0 -> data=0x0
PASS | Read RS2 | addr=4 -> data=0xf4d6
PASS | Read RS1 | addr=6 -> data=0xa8a8
PASS | Read RS2 | addr=7 -> data=0x7527
PASS | Read RS1 | addr=0 -> data=0x0
PASS | Read RS2 | addr=1 -> data=0xdc10
PASS | Read RS1 | addr=3 -> data=0xa864
PASS | Read RS2 | addr=1 -> data=0xdc10
PASS | Read RS1 | addr=7 -> data=0xaef8
PASS | Read RS2 | addr=0 -> data=0x0
PASS | Read RS1 | addr=7 -> data=0x576
PASS | Read RS2 | addr=3 -> data=0xa864
PASS | Read RS1 | addr=2 -> data=0xc0b8
PASS | Read RS2 | addr=7 -> data=0x5699
PASS | Read RS1 | addr=4 -> data=0xf4d6
PASS | Read RS2 | addr=2 -> data=0xc0b8
PASS | Read RS1 | addr=6 -> data=0xa8a8
PASS | Read RS2 | addr=5 -> data=0x605e
PASS | Read RS1 | addr=1 -> data=0xdc10
PASS | Read RS2 | addr=4 -> data=0xf4d6
PASS | Read RS1 | addr=2 -> data=0xc0b8
PASS | Read RS2 | addr=3 -> data=0xa864
PASS | Read RS1 | addr=0 -> data=0x0
PASS | Read RS2 | addr=3 -> data=0xa864
PASS | Read RS1 | addr=5 -> data=0x605e
PASS | Read RS2 | addr=0 -> data=0x0
PASS | Read RS1 | addr=6 -> data=0xa8a8
PASS | Read RS2 | addr=2 -> data=0xc0b8
PASS | Read RS1 | addr=4 -> data=0xf4d6
PASS | Read RS2 | addr=5 -> data=0x605e
PASS | Read RS1 | addr=3 -> data=0xa864
PASS | Read RS2 | addr=5 -> data=0x605e
PASS | Read RS1 | addr=4 -> data=0xf4d6
PASS | Read RS2 | addr=0 -> data=0x0
PASS | Read RS1 | addr=4 -> data=0xf4d6
PASS | Read RS2 | addr=7 -> data=0x2770
PASS | Read RS1 | addr=1 -> data=0xdc10
PASS | Read RS2 | addr=7 -> data=0x2770
PASS | Read RS1 | addr=7 -> data=0x2770
PASS | Read RS2 | addr=0 -> data=0x0
PASS | Read RS1 | addr=5 -> data=0x605e
PASS | Read RS2 | addr=5 -> data=0x605e
PASS | Read RS1 | addr=5 -> data=0x605e
PASS | Read RS2 | addr=2 -> data=0xc0b8
PASS | Read RS1 | addr=0 -> data=0x0
PASS | Read RS2 | addr=1 -> data=0xdc10
PASS | Read RS1 | addr=0 -> data=0x0
PASS | Read RS2 | addr=7 -> data=0x5580
PASS | Read RS1 | addr=4 -> data=0xf4d6
PASS | Read RS2 | addr=1 -> data=0xdc10
PASS | Read RS1 | addr=2 -> data=0xc0b8
PASS | Read RS2 | addr=5 -> data=0x7344
PASS | Read RS1 | addr=6 -> data=0x5edb
PASS | Read RS2 | addr=4 -> data=0xf4d6
PASS | Read RS1 | addr=5 -> data=0x7344
PASS | Read RS2 | addr=0 -> data=0x0
PASS | Read RS1 | addr=7 -> data=0xce50
PASS | Read RS2 | addr=3 -> data=0xa864
PASS | Read RS1 | addr=1 -> data=0xdc10
PASS | Read RS2 | addr=1 -> data=0xdc10
PASS | Read RS1 | addr=1 -> data=0xdc10
PASS | Read RS2 | addr=5 -> data=0x7344
PASS | Read RS1 | addr=7 -> data=0xbfbd
PASS | Read RS2 | addr=6 -> data=0x5edb
PASS | Read RS1 | addr=4 -> data=0xf4d6
PASS | Read RS2 | addr=3 -> data=0xa864
PASS | Read RS1 | addr=1 -> data=0xdc10
PASS | Read RS2 | addr=5 -> data=0x7344
PASS | Read RS1 | addr=6 -> data=0x5edb
PASS | Read RS2 | addr=1 -> data=0xdc10
PASS | Read RS1 | addr=3 -> data=0xa864
PASS | Read RS2 | addr=7 -> data=0xccc5
PASS | Read RS1 | addr=3 -> data=0xa864
PASS | Read RS2 | addr=4 -> data=0xf4d6
PASS | Read RS1 | addr=7 -> data=0xccc5
PASS | Read RS2 | addr=0 -> data=0x0
PASS | Read RS1 | addr=7 -> data=0xccc5
PASS | Read RS2 | addr=2 -> data=0xc0b8
PASS | Read RS1 | addr=5 -> data=0x7344
PASS | Read RS2 | addr=2 -> data=0xc0b8
PASS | Read RS1 | addr=3 -> data=0xa864
PASS | Read RS2 | addr=2 -> data=0xc0b8
PASS | Read RS1 | addr=5 -> data=0x7344
PASS | Read RS2 | addr=2 -> data=0xc0b8
PASS | Read RS1 | addr=6 -> data=0x5edb
PASS | Read RS2 | addr=2 -> data=0xc0b8
PASS | Read RS1 | addr=3 -> data=0xa864
PASS | Read RS2 | addr=4 -> data=0x6dc8
PASS | Read RS1 | addr=4 -> data=0x6dc8
PASS | Read RS2 | addr=4 -> data=0x6dc8
PASS | Read RS1 | addr=6 -> data=0x5edb
PASS | Read RS2 | addr=5 -> data=0x7e9c
PASS | Read RS1 | addr=2 -> data=0xc0b8
PASS | Read RS2 | addr=4 -> data=0x6dc8
PASS | Read RS1 | addr=7 -> data=0x63da
PASS | Read RS2 | addr=2 -> data=0xc0b8
PASS | Read RS1 | addr=3 -> data=0xa864
PASS | Read RS2 | addr=0 -> data=0x0
PASS | Read RS1 | addr=7 -> data=0xdd6f
PASS | Read RS2 | addr=5 -> data=0x7e9c
PASS | Read RS1 | addr=6 -> data=0x5edb
PASS | Read RS2 | addr=6 -> data=0x5edb
PASS | Read RS1 | addr=7 -> data=0xdd6f
PASS | Read RS2 | addr=1 -> data=0xdc10
PASS | Read RS1 | addr=3 -> data=0xa864
PASS | Read RS2 | addr=6 -> data=0x5edb
PASS | Read RS1 | addr=5 -> data=0x7e9c
PASS | Read RS2 | addr=1 -> data=0xdc10
PASS | Read RS1 | addr=5 -> data=0x7e9c
PASS | Read RS2 | addr=3 -> data=0xa864
PASS | Read RS1 | addr=5 -> data=0x7e9c
PASS | Read RS2 | addr=4 -> data=0x9b87
PASS | Read RS1 | addr=5 -> data=0x7e9c
PASS | Read RS2 | addr=7 -> data=0x862f
PASS | Read RS1 | addr=0 -> data=0x0
PASS | Read RS2 | addr=5 -> data=0x7e9c
PASS | Read RS1 | addr=6 -> data=0x5edb
PASS | Read RS2 | addr=2 -> data=0x1c8
PASS | Read RS1 | addr=3 -> data=0xa864
PASS | Read RS2 | addr=6 -> data=0x5edb
PASS | Read RS1 | addr=7 -> data=0xf510
PASS | Read RS2 | addr=2 -> data=0x1c8
PASS | Read RS1 | addr=0 -> data=0x0
PASS | Read RS2 | addr=6 -> data=0xe6f6
PASS | Read RS1 | addr=1 -> data=0xdc10
PASS | Read RS2 | addr=0 -> data=0x0
PASS | Read RS1 | addr=1 -> data=0xdc10
PASS | Read RS2 | addr=6 -> data=0xe6f6
PASS | Read RS1 | addr=5 -> data=0x7e9c
PASS | Read RS2 | addr=1 -> data=0xdc10
PASS | Read RS1 | addr=3 -> data=0x2f47
PASS | Read RS2 | addr=2 -> data=0x1c8
PASS | Read RS1 | addr=0 -> data=0x0
PASS | Read RS2 | addr=1 -> data=0xdc10
PASS | Read RS1 | addr=7 -> data=0x2807
PASS | Read RS2 | addr=2 -> data=0x1c8
PASS | Read RS1 | addr=6 -> data=0xe6f6
PASS | Read RS2 | addr=3 -> data=0x2f47
PASS | Read RS1 | addr=1 -> data=0xdc10
PASS | Read RS2 | addr=5 -> data=0xc921
PASS | Read RS1 | addr=5 -> data=0xc921
PASS | Read RS2 | addr=3 -> data=0x2f47
PASS | Read RS1 | addr=6 -> data=0xe6f6
PASS | Read RS2 | addr=6 -> data=0xe6f6
PASS | Read RS1 | addr=0 -> data=0x0
PASS | Read RS2 | addr=6 -> data=0xe6f6
PASS | Read RS1 | addr=3 -> data=0x2f47
PASS | Read RS2 | addr=5 -> data=0xc921
PASS | Read RS1 | addr=7 -> data=0x9bef
PASS | Read RS2 | addr=0 -> data=0x0
PASS | Read RS1 | addr=1 -> data=0xdc10
PASS | Read RS2 | addr=4 -> data=0x1099
PASS | Read RS1 | addr=0 -> data=0x0
PASS | Read RS2 | addr=0 -> data=0x0
PASS | Read RS1 | addr=5 -> data=0xc921
PASS | Read RS2 | addr=0 -> data=0x0
PASS | Read RS1 | addr=6 -> data=0xe6f6
PASS | Read RS2 | addr=3 -> data=0x2f47
PASS | Read RS1 | addr=7 -> data=0xf1bc
PASS | Read RS2 | addr=0 -> data=0x0
PASS | Read RS1 | addr=5 -> data=0xc921
PASS | Read RS2 | addr=7 -> data=0xf1bc
PASS | Read RS1 | addr=6 -> data=0xe6f6
PASS | Read RS2 | addr=2 -> data=0x1c8
PASS | Read RS1 | addr=1 -> data=0xdc10
PASS | Read RS2 | addr=3 -> data=0x2f47
PASS | Read RS1 | addr=2 -> data=0x1c8
PASS | Read RS2 | addr=5 -> data=0xc921
PASS | Read RS1 | addr=6 -> data=0xe6f6
PASS | Read RS2 | addr=3 -> data=0x2f47
PASS | Read RS1 | addr=3 -> data=0x2f47
PASS | Read RS2 | addr=6 -> data=0xe6f6
PASS | Read RS1 | addr=5 -> data=0xc921
PASS | Read RS2 | addr=0 -> data=0x0
PASS | Read RS1 | addr=3 -> data=0x2f47
PASS | Read RS2 | addr=1 -> data=0xdc10
PASS | Read RS1 | addr=3 -> data=0x2f47
PASS | Read RS2 | addr=5 -> data=0xc921
PASS | Read RS1 | addr=4 -> data=0xe1fc
PASS | Read RS2 | addr=1 -> data=0xdc10
PASS | Read RS1 | addr=4 -> data=0xe1fc
PASS | Read RS2 | addr=3 -> data=0xe0b9
PASS | Read RS1 | addr=6 -> data=0x3078
PASS | Read RS2 | addr=7 -> data=0x44f0
PASS | Read RS1 | addr=3 -> data=0xe0b9
PASS | Read RS2 | addr=3 -> data=0xe0b9
PASS | Read RS1 | addr=2 -> data=0x1c8
PASS | Read RS2 | addr=1 -> data=0xc1ff
PASS | Read RS1 | addr=1 -> data=0xc1ff
PASS | Read RS2 | addr=0 -> data=0x0
PASS | Read RS1 | addr=0 -> data=0x0
PASS | Read RS2 | addr=4 -> data=0xe1fc
PASS | Read RS1 | addr=7 -> data=0xaeb1
PASS | Read RS2 | addr=6 -> data=0x3078
PASS | Read RS1 | addr=4 -> data=0xe1fc
PASS | Read RS2 | addr=7 -> data=0xaeb1
PASS | Read RS1 | addr=0 -> data=0x0
PASS | Read RS2 | addr=4 -> data=0xe1fc
PASS | Read RS1 | addr=7 -> data=0xaeb1
PASS | Read RS2 | addr=3 -> data=0xf728
PASS | Read RS1 | addr=4 -> data=0xe1fc
PASS | Read RS2 | addr=7 -> data=0x4cc5
PASS | Read RS1 | addr=4 -> data=0xe1fc
PASS | Read RS2 | addr=7 -> data=0x72db
PASS | Read RS1 | addr=0 -> data=0x0
PASS | Read RS2 | addr=2 -> data=0x1c8
PASS | Read RS1 | addr=0 -> data=0x0
PASS | Read RS2 | addr=5 -> data=0xe4db
PASS | Read RS1 | addr=0 -> data=0x0
PASS | Read RS2 | addr=2 -> data=0xc2a5
PASS | Read RS1 | addr=2 -> data=0xc2a5
PASS | Read RS2 | addr=2 -> data=0xc2a5
PASS | Read RS1 | addr=7 -> data=0x72db
PASS | Read RS2 | addr=0 -> data=0x0
PASS | Read RS1 | addr=4 -> data=0xe1fc
PASS | Read RS2 | addr=3 -> data=0x5574
PASS | Read RS1 | addr=7 -> data=0x72db
PASS | Read RS2 | addr=6 -> data=0x3078
PASS | Read RS1 | addr=4 -> data=0xe1fc
PASS | Read RS2 | addr=0 -> data=0x0
PASS | Read RS1 | addr=3 -> data=0x5574
PASS | Read RS2 | addr=3 -> data=0x5574
PASS | Read RS1 | addr=5 -> data=0xe4db
PASS | Read RS2 | addr=7 -> data=0xea74
PASS | Read RS1 | addr=6 -> data=0x3078
PASS | Read RS2 | addr=7 -> data=0xea74
PASS | Read RS1 | addr=1 -> data=0xc1ff
PASS | Read RS2 | addr=6 -> data=0x3078
PASS | Read RS1 | addr=5 -> data=0xe4db
PASS | Read RS2 | addr=0 -> data=0x0
PASS | Read RS1 | addr=3 -> data=0x5574
PASS | Read RS2 | addr=0 -> data=0x0
PASS | Read RS1 | addr=2 -> data=0xc2a5
PASS | Read RS2 | addr=6 -> data=0x3078
PASS | Read RS1 | addr=6 -> data=0x3078
PASS | Read RS2 | addr=1 -> data=0x2aa8
PASS | Read RS1 | addr=3 -> data=0x5574
PASS | Read RS2 | addr=1 -> data=0x2aa8
PASS | Read RS1 | addr=2 -> data=0xc2a5
PASS | Read RS2 | addr=4 -> data=0xe1fc
PASS | Read RS1 | addr=4 -> data=0xe1fc
PASS | Read RS2 | addr=4 -> data=0xe1fc
PASS | Read RS1 | addr=5 -> data=0xc352
PASS | Read RS2 | addr=0 -> data=0x0
PASS | Read RS1 | addr=4 -> data=0xe1fc
PASS | Read RS2 | addr=4 -> data=0xe1fc
PASS | Read RS1 | addr=5 -> data=0xc352
PASS | Read RS2 | addr=1 -> data=0x2aa8
PASS | Read RS1 | addr=0 -> data=0x0
PASS | Read RS2 | addr=6 -> data=0x3078
PASS | Read RS1 | addr=0 -> data=0x0
PASS | Read RS2 | addr=1 -> data=0x2aa8
PASS | Read RS1 | addr=5 -> data=0xc352
PASS | Read RS2 | addr=7 -> data=0x65df
PASS | Read RS1 | addr=5 -> data=0xc352
PASS | Read RS2 | addr=5 -> data=0xc352
PASS | Read RS1 | addr=5 -> data=0xc352
PASS | Read RS2 | addr=6 -> data=0x3078
PASS | Read RS1 | addr=7 -> data=0x65df
PASS | Read RS2 | addr=1 -> data=0x2aa8
PASS | Read RS1 | addr=5 -> data=0xc352
PASS | Read RS2 | addr=5 -> data=0xc352
PASS | Read RS1 | addr=4 -> data=0xe1fc
PASS | Read RS2 | addr=6 -> data=0x3078
PASS | Read RS1 | addr=2 -> data=0xc2a5
PASS | Read RS2 | addr=2 -> data=0xc2a5
PASS | Read RS1 | addr=2 -> data=0xc2a5
PASS | Read RS2 | addr=5 -> data=0xc352
PASS | Read RS1 | addr=4 -> data=0xe1fc
PASS | Read RS2 | addr=3 -> data=0xe262
PASS | Read RS1 | addr=4 -> data=0xe1fc
PASS | Read RS2 | addr=5 -> data=0xc352
PASS | Read RS1 | addr=0 -> data=0x0
PASS | Read RS2 | addr=1 -> data=0x2aa8
PASS | Read RS1 | addr=4 -> data=0xe1fc
PASS | Read RS2 | addr=1 -> data=0x2aa8
PASS | Read RS1 | addr=5 -> data=0xc352
PASS | Read RS2 | addr=4 -> data=0xe1fc
PASS | Read RS1 | addr=3 -> data=0xe262
PASS | Read RS2 | addr=7 -> data=0x5763
PASS | Read RS1 | addr=5 -> data=0xc352
PASS | Read RS2 | addr=0 -> data=0x0
PASS | Read RS1 | addr=4 -> data=0xe1fc
PASS | Read RS2 | addr=4 -> data=0xe1fc
PASS | Read RS1 | addr=7 -> data=0x7d18
PASS | Read RS2 | addr=0 -> data=0x0
PASS | Read RS1 | addr=0 -> data=0x0
PASS | Read RS2 | addr=4 -> data=0xe1fc
PASS | Read RS1 | addr=2 -> data=0xfc6f
PASS | Read RS2 | addr=3 -> data=0xe262
PASS | Read RS1 | addr=0 -> data=0x0
PASS | Read RS2 | addr=6 -> data=0x3078
PASS | Read RS1 | addr=7 -> data=0x7d18
PASS | Read RS2 | addr=7 -> data=0x7d18
PASS | Read RS1 | addr=0 -> data=0x0
PASS | Read RS2 | addr=1 -> data=0x2aa8
PASS | Read RS1 | addr=4 -> data=0xe1fc
PASS | Read RS2 | addr=3 -> data=0xe262
PASS | Read RS1 | addr=0 -> data=0x0
PASS | Read RS2 | addr=7 -> data=0x83c6
PASS | Read RS1 | addr=6 -> data=0x3078
PASS | Read RS2 | addr=0 -> data=0x0
PASS | Read RS1 | addr=3 -> data=0xe262
PASS | Read RS2 | addr=3 -> data=0xe262
PASS | Read RS1 | addr=4 -> data=0xe1fc
PASS | Read RS2 | addr=0 -> data=0x0
PASS | Read RS1 | addr=6 -> data=0x3078
PASS | Read RS2 | addr=6 -> data=0x3078
PASS | Read RS1 | addr=4 -> data=0xe1fc
PASS | Read RS2 | addr=6 -> data=0x3078
PASS | Read RS1 | addr=0 -> data=0x0
PASS | Read RS2 | addr=4 -> data=0xe1fc
PASS | Read RS1 | addr=2 -> data=0xfc6f
PASS | Read RS2 | addr=0 -> data=0x0
PASS | Read RS1 | addr=3 -> data=0xe262
PASS | Read RS2 | addr=5 -> data=0x4b0e
PASS | Read RS1 | addr=2 -> data=0xfc6f
PASS | Read RS2 | addr=0 -> data=0x0
PASS | Read RS1 | addr=7 -> data=0xac16
PASS | Read RS2 | addr=0 -> data=0x0
PASS | Read RS1 | addr=6 -> data=0x3078
PASS | Read RS2 | addr=3 -> data=0xe262
PASS | Read RS1 | addr=1 -> data=0x2aa8
PASS | Read RS2 | addr=0 -> data=0x0
PASS | Read RS1 | addr=2 -> data=0x6e90
PASS | Read RS2 | addr=6 -> data=0x3078
PASS | Read RS1 | addr=5 -> data=0x4b0e
PASS | Read RS2 | addr=3 -> data=0xe262
PASS | Read RS1 | addr=4 -> data=0xe1fc
PASS | Read RS2 | addr=1 -> data=0x2aa8
PASS | Read RS1 | addr=2 -> data=0x6e90
PASS | Read RS2 | addr=7 -> data=0x90a0
PASS | Read RS1 | addr=6 -> data=0x3078
PASS | Read RS2 | addr=0 -> data=0x0
PASS | Read RS1 | addr=2 -> data=0x6e90
PASS | Read RS2 | addr=5 -> data=0x4b0e
PASS | Read RS1 | addr=6 -> data=0x3078
PASS | Read RS2 | addr=6 -> data=0x3078
PASS | Read RS1 | addr=1 -> data=0xcb1e
PASS | Read RS2 | addr=7 -> data=0xfc36
PASS | Read RS1 | addr=4 -> data=0xe1fc
PASS | Read RS2 | addr=6 -> data=0x3078
PASS | Read RS1 | addr=7 -> data=0xfc36
PASS | Read RS2 | addr=6 -> data=0x3078
PASS | Read RS1 | addr=6 -> data=0x3078
PASS | Read RS2 | addr=1 -> data=0xcb1e
PASS | Read RS1 | addr=4 -> data=0xe1fc
PASS | Read RS2 | addr=2 -> data=0xc9e4
PASS | Read RS1 | addr=6 -> data=0x3078
PASS | Read RS2 | addr=3 -> data=0xe262
PASS | Read RS1 | addr=2 -> data=0xc9e4
PASS | Read RS2 | addr=6 -> data=0x3078
PASS | Read RS1 | addr=6 -> data=0x3078
PASS | Read RS2 | addr=6 -> data=0x3078
PASS | Read RS1 | addr=5 -> data=0x4b0e
PASS | Read RS2 | addr=2 -> data=0xc9e4
PASS | Read RS1 | addr=3 -> data=0xe262
PASS | Read RS2 | addr=4 -> data=0xe1fc
PASS | Read RS1 | addr=2 -> data=0xc9e4
PASS | Read RS2 | addr=0 -> data=0x0
PASS | Read RS1 | addr=1 -> data=0xcb1e
PASS | Read RS2 | addr=3 -> data=0xe262
PASS | Read RS1 | addr=1 -> data=0xcb1e
PASS | Read RS2 | addr=7 -> data=0x800d
PASS | Read RS1 | addr=0 -> data=0x0
PASS | Read RS2 | addr=2 -> data=0xc9e4
PASS | Read RS1 | addr=6 -> data=0x3078
PASS | Read RS2 | addr=4 -> data=0xe1fc
PASS | Read RS1 | addr=6 -> data=0x3078
PASS | Read RS2 | addr=3 -> data=0xe262
PASS | Read RS1 | addr=5 -> data=0xc62
PASS | Read RS2 | addr=4 -> data=0xe1fc
PASS | Read RS1 | addr=7 -> data=0x6939
PASS | Read RS2 | addr=3 -> data=0xe262
PASS | Read RS1 | addr=2 -> data=0xc9e4
PASS | Read RS2 | addr=5 -> data=0xc62
PASS | Read RS1 | addr=5 -> data=0xc62
PASS | Read RS2 | addr=1 -> data=0xcb1e
PASS | Read RS1 | addr=4 -> data=0xccec
PASS | Read RS2 | addr=2 -> data=0xc9e4
PASS | Read RS1 | addr=4 -> data=0xccec
PASS | Read RS2 | addr=5 -> data=0xc62
PASS | Read RS1 | addr=0 -> data=0x0
PASS | Read RS2 | addr=3 -> data=0xe262
PASS | Read RS1 | addr=5 -> data=0xc62
PASS | Read RS2 | addr=7 -> data=0xa25a
PASS | Read RS1 | addr=6 -> data=0x3078
PASS | Read RS2 | addr=1 -> data=0xcb1e
PASS | Read RS1 | addr=3 -> data=0xe262
PASS | Read RS2 | addr=1 -> data=0xcb1e
PASS | Read RS1 | addr=4 -> data=0xccec
PASS | Read RS2 | addr=1 -> data=0xcb1e
PASS | Read RS1 | addr=7 -> data=0x2806
PASS | Read RS2 | addr=4 -> data=0xccec
PASS | Read RS1 | addr=6 -> data=0x3078
PASS | Read RS2 | addr=2 -> data=0xc9e4
PASS | Read RS1 | addr=2 -> data=0xc9e4
PASS | Read RS2 | addr=4 -> data=0xccec
PASS | Read RS1 | addr=3 -> data=0xe262
PASS | Read RS2 | addr=2 -> data=0xc9e4
PASS | Read RS1 | addr=4 -> data=0xfc72
PASS | Read RS2 | addr=3 -> data=0xe262
PASS | Read RS1 | addr=2 -> data=0xd27e
PASS | Read RS2 | addr=3 -> data=0xe262
PASS | Read RS1 | addr=1 -> data=0xcb1e
PASS | Read RS2 | addr=2 -> data=0xd27e
PASS | Read RS1 | addr=2 -> data=0xd27e
PASS | Read RS2 | addr=0 -> data=0x0
PASS | Read RS1 | addr=7 -> data=0x8ec5
PASS | Read RS2 | addr=4 -> data=0xfc72
PASS | Read RS1 | addr=6 -> data=0xc1a6
PASS | Read RS2 | addr=2 -> data=0xd27e
PASS | Read RS1 | addr=5 -> data=0xc62
PASS | Read RS2 | addr=0 -> data=0x0
PASS | Read RS1 | addr=2 -> data=0xd27e
PASS | Read RS2 | addr=4 -> data=0xfc72
PASS | Read RS1 | addr=6 -> data=0xc1a6
PASS | Read RS2 | addr=1 -> data=0xcb1e
PASS | Read RS1 | addr=7 -> data=0x12d3
PASS | Read RS2 | addr=0 -> data=0x0
PASS | Read RS1 | addr=7 -> data=0x12d3
PASS | Read RS2 | addr=0 -> data=0x0
PASS | Read RS1 | addr=2 -> data=0xd27e
PASS | Read RS2 | addr=2 -> data=0xd27e
PASS | Read RS1 | addr=5 -> data=0xc62
PASS | Read RS2 | addr=2 -> data=0xd27e
PASS | Read RS1 | addr=2 -> data=0xd27e
PASS | Read RS2 | addr=0 -> data=0x0
PASS | Read RS1 | addr=7 -> data=0x12d3
PASS | Read RS2 | addr=7 -> data=0x12d3
PASS | Read RS1 | addr=4 -> data=0xfc72
PASS | Read RS2 | addr=7 -> data=0x12d3
PASS | Read RS1 | addr=0 -> data=0x0
PASS | Read RS2 | addr=7 -> data=0x12d3
PASS | Read RS1 | addr=5 -> data=0xc62
PASS | Read RS2 | addr=6 -> data=0xc1a6
PASS | Read RS1 | addr=3 -> data=0xd202
PASS | Read RS2 | addr=7 -> data=0x12d3
PASS | Read RS1 | addr=1 -> data=0xff07
PASS | Read RS2 | addr=4 -> data=0xfc72
PASS | Read RS1 | addr=7 -> data=0x12d3
PASS | Read RS2 | addr=5 -> data=0xc62
PASS | Read RS1 | addr=2 -> data=0x7282
PASS | Read RS2 | addr=7 -> data=0x82be
PASS | Read RS1 | addr=0 -> data=0x0
PASS | Read RS2 | addr=0 -> data=0x0
PASS | Read RS1 | addr=0 -> data=0x0
PASS | Read RS2 | addr=5 -> data=0xc62
PASS | Read RS1 | addr=6 -> data=0xc1a6
PASS | Read RS2 | addr=5 -> data=0xc62
PASS | Read RS1 | addr=4 -> data=0xfc72
PASS | Read RS2 | addr=3 -> data=0xd202
PASS | Read RS1 | addr=6 -> data=0xc1a6
PASS | Read RS2 | addr=1 -> data=0xff07
PASS | Read RS1 | addr=2 -> data=0x7282
PASS | Read RS2 | addr=5 -> data=0xc62
PASS | Read RS1 | addr=7 -> data=0x67e3
PASS | Read RS2 | addr=6 -> data=0xc1a6
PASS | Read RS1 | addr=6 -> data=0xc1a6
PASS | Read RS2 | addr=4 -> data=0x30dc
PASS | Read RS1 | addr=5 -> data=0xc62
PASS | Read RS2 | addr=2 -> data=0x7282
PASS | Read RS1 | addr=7 -> data=0x67e3
PASS | Read RS2 | addr=4 -> data=0x30dc
PASS | Read RS1 | addr=1 -> data=0xff07
PASS | Read RS2 | addr=3 -> data=0xd202
PASS | Read RS1 | addr=6 -> data=0xc1a6
PASS | Read RS2 | addr=4 -> data=0x30dc
PASS | Read RS1 | addr=0 -> data=0x0
PASS | Read RS2 | addr=1 -> data=0xff07
PASS | Read RS1 | addr=2 -> data=0x7282
PASS | Read RS2 | addr=1 -> data=0xff07
PASS | Read RS1 | addr=4 -> data=0x30dc
PASS | Read RS2 | addr=2 -> data=0x7282
PASS | Read RS1 | addr=2 -> data=0x7282
PASS | Read RS2 | addr=0 -> data=0x0
PASS | Read RS1 | addr=7 -> data=0x3a0a
PASS | Read RS2 | addr=1 -> data=0xff07
PASS | Read RS1 | addr=2 -> data=0x7282
PASS | Read RS2 | addr=4 -> data=0x30dc
PASS | Read RS1 | addr=0 -> data=0x0
PASS | Read RS2 | addr=7 -> data=0x3a0a
PASS | Read RS1 | addr=7 -> data=0x3a0a
PASS | Read RS2 | addr=6 -> data=0xc1a6
PASS | Read RS1 | addr=6 -> data=0xc1a6
PASS | Read RS2 | addr=7 -> data=0x2b48
PASS | Read RS1 | addr=1 -> data=0xff07
PASS | Read RS2 | addr=6 -> data=0xc1a6
PASS | Read RS1 | addr=5 -> data=0xc62
PASS | Read RS2 | addr=1 -> data=0xff07
PASS | Read RS1 | addr=3 -> data=0xd202
PASS | Read RS2 | addr=0 -> data=0x0
PASS | Read RS1 | addr=7 -> data=0x2b48
PASS | Read RS2 | addr=3 -> data=0xd202
PASS | Read RS1 | addr=6 -> data=0x57d9
PASS | Read RS2 | addr=2 -> data=0x7282
PASS | Read RS1 | addr=6 -> data=0x57d9
PASS | Read RS2 | addr=7 -> data=0xdc76
PASS | Read RS1 | addr=4 -> data=0x30dc
PASS | Read RS2 | addr=5 -> data=0xc62
PASS | Read RS1 | addr=3 -> data=0x8753
PASS | Read RS2 | addr=4 -> data=0x30dc
PASS | Read RS1 | addr=7 -> data=0xdc76
PASS | Read RS2 | addr=6 -> data=0x57d9
PASS | Read RS1 | addr=3 -> data=0x2b59
PASS | Read RS2 | addr=7 -> data=0x3f7c
PASS | Read RS1 | addr=6 -> data=0x57d9
PASS | Read RS2 | addr=3 -> data=0x2b59
PASS | Read RS1 | addr=2 -> data=0x7282
PASS | Read RS2 | addr=5 -> data=0xae76
PASS | Read RS1 | addr=0 -> data=0x0
PASS | Read RS2 | addr=5 -> data=0xae76
PASS | Read RS1 | addr=7 -> data=0x61cd
PASS | Read RS2 | addr=0 -> data=0x0
PASS | Read RS1 | addr=4 -> data=0x30dc
PASS | Read RS2 | addr=4 -> data=0x30dc
PASS | Read RS1 | addr=6 -> data=0xff0f
PASS | Read RS2 | addr=1 -> data=0xff07
PASS | Read RS1 | addr=6 -> data=0xff0f
PASS | Read RS2 | addr=7 -> data=0xf8ec
PASS | Read RS1 | addr=1 -> data=0xff07
PASS | Read RS2 | addr=2 -> data=0x7282
PASS | Read RS1 | addr=2 -> data=0x7282
PASS | Read RS2 | addr=5 -> data=0xae76
PASS | Read RS1 | addr=3 -> data=0x2b59
PASS | Read RS2 | addr=3 -> data=0x2b59
PASS | Read RS1 | addr=6 -> data=0xff0f
PASS | Read RS2 | addr=1 -> data=0xff07
PASS | Read RS1 | addr=0 -> data=0x0
PASS | Read RS2 | addr=0 -> data=0x0
PASS | Read RS1 | addr=7 -> data=0x21d1
PASS | Read RS2 | addr=1 -> data=0xff07
PASS | Read RS1 | addr=6 -> data=0xff0f
PASS | Read RS2 | addr=6 -> data=0xff0f
PASS | Read RS1 | addr=1 -> data=0xff07
PASS | Read RS2 | addr=1 -> data=0xff07
PASS | Read RS1 | addr=3 -> data=0x2b59
PASS | Read RS2 | addr=0 -> data=0x0
PASS | Read RS1 | addr=1 -> data=0xff07
PASS | Read RS2 | addr=5 -> data=0xae76
PASS | Read RS1 | addr=2 -> data=0x7282
PASS | Read RS2 | addr=0 -> data=0x0
PASS | Read RS1 | addr=2 -> data=0x7282
PASS | Read RS2 | addr=5 -> data=0x1574
PASS | Read RS1 | addr=7 -> data=0xf8bd
PASS | Read RS2 | addr=3 -> data=0xd1e4
PASS | Read RS1 | addr=6 -> data=0xff0f
PASS | Read RS2 | addr=3 -> data=0xd1e4
PASS | Read RS1 | addr=5 -> data=0x1574
PASS | Read RS2 | addr=2 -> data=0xa804
PASS | Read RS1 | addr=6 -> data=0xff0f
PASS | Read RS2 | addr=2 -> data=0xa804
PASS | Read RS1 | addr=4 -> data=0x7fc0
PASS | Read RS2 | addr=3 -> data=0xd1e4
PASS | Read RS1 | addr=5 -> data=0x1574
PASS | Read RS2 | addr=6 -> data=0xff0f
PASS | Read RS1 | addr=5 -> data=0x1574
PASS | Read RS2 | addr=0 -> data=0x0
PASS | Read RS1 | addr=3 -> data=0xd1e4
PASS | Read RS2 | addr=3 -> data=0xd1e4
PASS | Read RS1 | addr=5 -> data=0x1574
PASS | Read RS2 | addr=6 -> data=0xff0f
PASS | Read RS1 | addr=4 -> data=0x7fc0
PASS | Read RS2 | addr=7 -> data=0xf8bd
PASS | Read RS1 | addr=4 -> data=0x7fc0
PASS | Read RS2 | addr=4 -> data=0x7fc0
PASS | Read RS1 | addr=3 -> data=0xd1e4
PASS | Read RS2 | addr=2 -> data=0xa804
PASS | Read RS1 | addr=7 -> data=0x6195
PASS | Read RS2 | addr=0 -> data=0x0
PASS | Read RS1 | addr=1 -> data=0xff07
PASS | Read RS2 | addr=5 -> data=0x1574
PASS | Read RS1 | addr=7 -> data=0x9
PASS | Read RS2 | addr=6 -> data=0xff0f
PASS | Read RS1 | addr=7 -> data=0x9
PASS | Read RS2 | addr=1 -> data=0xff07
PASS | Read RS1 | addr=3 -> data=0xd1e4
PASS | Read RS2 | addr=2 -> data=0x99bf
PASS | Read RS1 | addr=7 -> data=0x9
PASS | Read RS2 | addr=4 -> data=0x7fc0
PASS | Read RS1 | addr=1 -> data=0xff07
PASS | Read RS2 | addr=3 -> data=0xd1e4
PASS | Read RS1 | addr=1 -> data=0xff07
PASS | Read RS2 | addr=4 -> data=0x7fc0
PASS | Read RS1 | addr=1 -> data=0xff07
PASS | Read RS2 | addr=3 -> data=0xd1e4
PASS | Read RS1 | addr=3 -> data=0xd1e4
PASS | Read RS2 | addr=3 -> data=0xd1e4
PASS | Read RS1 | addr=1 -> data=0xff07
PASS | Read RS2 | addr=2 -> data=0x99bf
PASS | Read RS1 | addr=2 -> data=0x99bf
PASS | Read RS2 | addr=0 -> data=0x0
PASS | Read RS1 | addr=6 -> data=0xff0f
PASS | Read RS2 | addr=5 -> data=0xc41e
PASS | Read RS1 | addr=4 -> data=0x6988
PASS | Read RS2 | addr=7 -> data=0x801e
PASS | Read RS1 | addr=7 -> data=0x801e
PASS | Read RS2 | addr=4 -> data=0x6988
PASS | Read RS1 | addr=0 -> data=0x0
PASS | Read RS2 | addr=7 -> data=0xa613
PASS | Read RS1 | addr=6 -> data=0xff0f
PASS | Read RS2 | addr=6 -> data=0xff0f
PASS | Read RS1 | addr=3 -> data=0xd1e4
PASS | Read RS2 | addr=7 -> data=0xa613
PASS | Read RS1 | addr=1 -> data=0xff07
PASS | Read RS2 | addr=0 -> data=0x0
PASS | Read RS1 | addr=1 -> data=0xff07
PASS | Read RS2 | addr=5 -> data=0xc41e
PASS | Read RS1 | addr=0 -> data=0x0
PASS | Read RS2 | addr=0 -> data=0x0
PASS | Read RS1 | addr=3 -> data=0xd1e4
PASS | Read RS2 | addr=5 -> data=0xc41e
PASS | Read RS1 | addr=1 -> data=0x8451
PASS | Read RS2 | addr=4 -> data=0x6988
PASS | Read RS1 | addr=3 -> data=0xd1e4
PASS | Read RS2 | addr=6 -> data=0xff0f
PASS | Read RS1 | addr=0 -> data=0x0
PASS | Read RS2 | addr=3 -> data=0xd1e4
PASS | Read RS1 | addr=7 -> data=0xbfda
PASS | Read RS2 | addr=0 -> data=0x0
PASS | Read RS1 | addr=4 -> data=0x6988
PASS | Read RS2 | addr=1 -> data=0x8451
PASS | Read RS1 | addr=5 -> data=0xc41e
PASS | Read RS2 | addr=1 -> data=0x8451
PASS | Read RS1 | addr=1 -> data=0x8451
PASS | Read RS2 | addr=5 -> data=0xb1e
PASS | Read RS1 | addr=6 -> data=0xff0f
PASS | Read RS2 | addr=1 -> data=0x8451
PASS | Read RS1 | addr=3 -> data=0xd1e4
PASS | Read RS2 | addr=2 -> data=0x99bf
PASS | Read RS1 | addr=0 -> data=0x0
PASS | Read RS2 | addr=7 -> data=0x326c
PASS | Read RS1 | addr=6 -> data=0xff0f
PASS | Read RS2 | addr=4 -> data=0xb0b4
PASS | Read RS1 | addr=3 -> data=0xd1e4
PASS | Read RS2 | addr=2 -> data=0x99bf
PASS | Read RS1 | addr=3 -> data=0xd1e4
PASS | Read RS2 | addr=4 -> data=0xd9a7
PASS | Read RS1 | addr=7 -> data=0x326c
PASS | Read RS2 | addr=7 -> data=0x326c
PASS | Read RS1 | addr=0 -> data=0x0
PASS | Read RS2 | addr=6 -> data=0xff0f
PASS | Read RS1 | addr=6 -> data=0xff0f
PASS | Read RS2 | addr=0 -> data=0x0
PASS | Read RS1 | addr=2 -> data=0x99bf
PASS | Read RS2 | addr=1 -> data=0x8451
PASS | Read RS1 | addr=3 -> data=0xd1e4
PASS | Read RS2 | addr=3 -> data=0xd1e4
PASS | Read RS1 | addr=4 -> data=0xf5b2
PASS | Read RS2 | addr=2 -> data=0x99bf
PASS | Read RS1 | addr=2 -> data=0x99bf
PASS | Read RS2 | addr=5 -> data=0x6896
PASS | Read RS1 | addr=3 -> data=0xd1e4
PASS | Read RS2 | addr=3 -> data=0xd1e4
PASS | Read RS1 | addr=2 -> data=0x99bf
PASS | Read RS2 | addr=6 -> data=0xcf1f
PASS | Read RS1 | addr=7 -> data=0x830a
PASS | Read RS2 | addr=4 -> data=0xf5b2
PASS | Read RS1 | addr=7 -> data=0x830a
PASS | Read RS2 | addr=5 -> data=0x6896
PASS | Read RS1 | addr=1 -> data=0x8596
PASS | Read RS2 | addr=4 -> data=0xf5b2
PASS | Read RS1 | addr=6 -> data=0xcf1f
PASS | Read RS2 | addr=0 -> data=0x0
PASS | Read RS1 | addr=4 -> data=0xf5b2
PASS | Read RS2 | addr=7 -> data=0x2735
PASS | Read RS1 | addr=0 -> data=0x0
PASS | Read RS2 | addr=3 -> data=0xb6e7
PASS | Read RS1 | addr=3 -> data=0xb6e7
PASS | Read RS2 | addr=4 -> data=0xf5b2
PASS | Read RS1 | addr=2 -> data=0x99bf
PASS | Read RS2 | addr=2 -> data=0x99bf
PASS | Read RS1 | addr=7 -> data=0x2735
PASS | Read RS2 | addr=7 -> data=0x2735
PASS | Read RS1 | addr=1 -> data=0x8596
PASS | Read RS2 | addr=3 -> data=0xb6e7
PASS | Read RS1 | addr=5 -> data=0x6896
PASS | Read RS2 | addr=1 -> data=0x8596
PASS | Read RS1 | addr=0 -> data=0x0
PASS | Read RS2 | addr=7 -> data=0x10d7
PASS | Read RS1 | addr=5 -> data=0x6896
PASS | Read RS2 | addr=2 -> data=0x99bf
PASS | Read RS1 | addr=4 -> data=0xd192
PASS | Read RS2 | addr=4 -> data=0xd192
PASS | Read RS1 | addr=2 -> data=0x99bf
PASS | Read RS2 | addr=7 -> data=0x6d94
PASS | Read RS1 | addr=4 -> data=0xd192
PASS | Read RS2 | addr=2 -> data=0x99bf
PASS | Read RS1 | addr=7 -> data=0xeba6
PASS | Read RS2 | addr=0 -> data=0x0
PASS | Read RS1 | addr=1 -> data=0x6720
PASS | Read RS2 | addr=2 -> data=0x99bf
PASS | Read RS1 | addr=4 -> data=0xd192
PASS | Read RS2 | addr=0 -> data=0x0
PASS | Read RS1 | addr=4 -> data=0xd192
PASS | Read RS2 | addr=2 -> data=0x99bf
PASS | Read RS1 | addr=5 -> data=0x6896
PASS | Read RS2 | addr=4 -> data=0xd192
PASS | Read RS1 | addr=5 -> data=0x6896
PASS | Read RS2 | addr=1 -> data=0x6720
PASS | Read RS1 | addr=2 -> data=0x99bf
PASS | Read RS2 | addr=3 -> data=0xb6e7
PASS | Read RS1 | addr=1 -> data=0x6720
PASS | Read RS2 | addr=5 -> data=0x6896
PASS | Read RS1 | addr=1 -> data=0x6720
PASS | Read RS2 | addr=6 -> data=0xcf1f
PASS | Read RS1 | addr=0 -> data=0x0
PASS | Read RS2 | addr=0 -> data=0x0
PASS | Read RS1 | addr=7 -> data=0x1acd
PASS | Read RS2 | addr=6 -> data=0xcf1f
PASS | Read RS1 | addr=6 -> data=0xcf1f
PASS | Read RS2 | addr=3 -> data=0xb6e7
PASS | Read RS1 | addr=6 -> data=0xcf1f
PASS | Read RS2 | addr=3 -> data=0xb6e7
PASS | Read RS1 | addr=6 -> data=0xec82
PASS | Read RS2 | addr=0 -> data=0x0
PASS | Read RS1 | addr=6 -> data=0xec82
PASS | Read RS2 | addr=6 -> data=0xec82
PASS | Read RS1 | addr=0 -> data=0x0
PASS | Read RS2 | addr=3 -> data=0xb6e7
PASS | Read RS1 | addr=0 -> data=0x0
PASS | Read RS2 | addr=7 -> data=0x1d41
PASS | Read RS1 | addr=0 -> data=0x0
PASS | Read RS2 | addr=2 -> data=0x99bf
PASS | Read RS1 | addr=7 -> data=0x1d41
PASS | Read RS2 | addr=3 -> data=0xb6e7
PASS | Read RS1 | addr=4 -> data=0xd192
PASS | Read RS2 | addr=4 -> data=0xd192
PASS | Read RS1 | addr=0 -> data=0x0
PASS | Read RS2 | addr=7 -> data=0x1d41
PASS | Read RS1 | addr=1 -> data=0x6720
PASS | Read RS2 | addr=1 -> data=0x6720
PASS | Read RS1 | addr=2 -> data=0x99bf
PASS | Read RS2 | addr=5 -> data=0x6896
PASS | Read RS1 | addr=4 -> data=0xd192
PASS | Read RS2 | addr=4 -> data=0xd192
PASS | Read RS1 | addr=1 -> data=0x6720
PASS | Read RS2 | addr=4 -> data=0xd192
PASS | Read RS1 | addr=6 -> data=0xec82
PASS | Read RS2 | addr=3 -> data=0xb6e7
PASS | Read RS1 | addr=7 -> data=0xc575
PASS | Read RS2 | addr=1 -> data=0x6720
PASS | Read RS1 | addr=4 -> data=0xd192
PASS | Read RS2 | addr=3 -> data=0xb6e7
PASS | Read RS1 | addr=0 -> data=0x0
PASS | Read RS2 | addr=5 -> data=0x6896
PASS | Read RS1 | addr=2 -> data=0xb0e
PASS | Read RS2 | addr=2 -> data=0xb0e
PASS | Read RS1 | addr=4 -> data=0xd192
PASS | Read RS2 | addr=6 -> data=0xec82
PASS | Read RS1 | addr=0 -> data=0x0
PASS | Read RS2 | addr=4 -> data=0xd192
PASS | Read RS1 | addr=2 -> data=0xb0e
PASS | Read RS2 | addr=1 -> data=0x6720
PASS | Read RS1 | addr=6 -> data=0xec82
PASS | Read RS2 | addr=2 -> data=0xb0e
PASS | Read RS1 | addr=3 -> data=0xb6e7
PASS | Read RS2 | addr=1 -> data=0x6720
PASS | Read RS1 | addr=0 -> data=0x0
PASS | Read RS2 | addr=4 -> data=0x36fe
PASS | Read RS1 | addr=1 -> data=0x6720
PASS | Read RS2 | addr=4 -> data=0x36fe
PASS | Read RS1 | addr=0 -> data=0x0
PASS | Read RS2 | addr=1 -> data=0x6720
PASS | Read RS1 | addr=2 -> data=0xb0e
PASS | Read RS2 | addr=5 -> data=0x6896
PASS | Read RS1 | addr=3 -> data=0xb6e7
PASS | Read RS2 | addr=4 -> data=0x36fe
PASS | Read RS1 | addr=4 -> data=0x36fe
PASS | Read RS2 | addr=4 -> data=0x36fe
PASS | Read RS1 | addr=6 -> data=0xec82
PASS | Read RS2 | addr=0 -> data=0x0
PASS | Read RS1 | addr=4 -> data=0x36fe
PASS | Read RS2 | addr=4 -> data=0x36fe
PASS | Read RS1 | addr=1 -> data=0x53eb
PASS | Read RS2 | addr=2 -> data=0xb0e
PASS | Read RS1 | addr=4 -> data=0x36fe
PASS | Read RS2 | addr=0 -> data=0x0
PASS | Read RS1 | addr=1 -> data=0x53eb
PASS | Read RS2 | addr=3 -> data=0xb6e7
PASS | Read RS1 | addr=7 -> data=0xc660
PASS | Read RS2 | addr=7 -> data=0xc660
PASS | Read RS1 | addr=3 -> data=0xb6e7
PASS | Read RS2 | addr=5 -> data=0x9724
PASS | Read RS1 | addr=5 -> data=0x9724
PASS | Read RS2 | addr=2 -> data=0xb0e
PASS | Read RS1 | addr=0 -> data=0x0
PASS | Read RS2 | addr=4 -> data=0x36fe
PASS | Read RS1 | addr=5 -> data=0x9724
PASS | Read RS2 | addr=1 -> data=0xc577
PASS | Read RS1 | addr=3 -> data=0xb6e7
PASS | Read RS2 | addr=0 -> data=0x0
PASS | Read RS1 | addr=7 -> data=0x59c0
PASS | Read RS2 | addr=7 -> data=0x59c0
PASS | Read RS1 | addr=6 -> data=0xec82
PASS | Read RS2 | addr=7 -> data=0x76b9
PASS | Read RS1 | addr=3 -> data=0xb6e7
PASS | Read RS2 | addr=7 -> data=0xa771
PASS | Read RS1 | addr=7 -> data=0xa771
PASS | Read RS2 | addr=1 -> data=0xc577
PASS | Read RS1 | addr=3 -> data=0xb6e7
PASS | Read RS2 | addr=0 -> data=0x0
PASS | Read RS1 | addr=4 -> data=0x36fe
PASS | Read RS2 | addr=4 -> data=0x36fe
PASS | Read RS1 | addr=3 -> data=0xb6e7
PASS | Read RS2 | addr=0 -> data=0x0
PASS | Read RS1 | addr=2 -> data=0xb0e
PASS | Read RS2 | addr=3 -> data=0xb6e7
PASS | Read RS1 | addr=5 -> data=0x9724
PASS | Read RS2 | addr=4 -> data=0x36fe
PASS | Read RS1 | addr=3 -> data=0xb6e7
PASS | Read RS2 | addr=7 -> data=0xcce7
PASS | Read RS1 | addr=5 -> data=0x9724
PASS | Read RS2 | addr=0 -> data=0x0
PASS | Read RS1 | addr=3 -> data=0xb6e7
PASS | Read RS2 | addr=7 -> data=0x34a4
PASS | Read RS1 | addr=0 -> data=0x0
PASS | Read RS2 | addr=2 -> data=0xb0e
PASS | Read RS1 | addr=6 -> data=0x39b1
PASS | Read RS2 | addr=6 -> data=0x39b1
PASS | Read RS1 | addr=6 -> data=0x39b1
PASS | Read RS2 | addr=0 -> data=0x0
PASS | Read RS1 | addr=6 -> data=0x39b1
PASS | Read RS2 | addr=1 -> data=0xeccc
PASS | Read RS1 | addr=7 -> data=0x29ad
PASS | Read RS2 | addr=5 -> data=0x9724
PASS | Read RS1 | addr=3 -> data=0xb6e7
PASS | Read RS2 | addr=0 -> data=0x0
PASS | Read RS1 | addr=6 -> data=0x39b1
PASS | Read RS2 | addr=5 -> data=0x9724
PASS | Read RS1 | addr=0 -> data=0x0
PASS | Read RS2 | addr=0 -> data=0x0
PASS | Read RS1 | addr=4 -> data=0x1c5a
PASS | Read RS2 | addr=3 -> data=0xb6e7
PASS | Read RS1 | addr=2 -> data=0xb0e
PASS | Read RS2 | addr=1 -> data=0xeccc
PASS | Read RS1 | addr=4 -> data=0x1c5a
PASS | Read RS2 | addr=6 -> data=0x39b1
PASS | Read RS1 | addr=5 -> data=0x9724
PASS | Read RS2 | addr=7 -> data=0x1835
PASS | Read RS1 | addr=3 -> data=0xb6e7
PASS | Read RS2 | addr=3 -> data=0xb6e7
PASS | Read RS1 | addr=2 -> data=0xb0e
PASS | Read RS2 | addr=6 -> data=0x39b1
PASS | Read RS1 | addr=1 -> data=0xeccc
PASS | Read RS2 | addr=1 -> data=0xeccc
PASS | Read RS1 | addr=4 -> data=0x1c5a
PASS | Read RS2 | addr=3 -> data=0xb6e7
PASS | Read RS1 | addr=3 -> data=0xb6e7
PASS | Read RS2 | addr=7 -> data=0xbc5d
PASS | Read RS1 | addr=6 -> data=0x39b1
PASS | Read RS2 | addr=1 -> data=0xeccc
PASS | Read RS1 | addr=1 -> data=0xeccc
PASS | Read RS2 | addr=2 -> data=0xb0e
PASS | Read RS1 | addr=3 -> data=0xb6e7
PASS | Read RS2 | addr=4 -> data=0x1c5a
PASS | Read RS1 | addr=5 -> data=0x348e
PASS | Read RS2 | addr=2 -> data=0xb0e
PASS | Read RS1 | addr=1 -> data=0xeccc
PASS | Read RS2 | addr=3 -> data=0xb6e7
PASS | Read RS1 | addr=4 -> data=0x1c5a
PASS | Read RS2 | addr=4 -> data=0x1c5a
PASS | Read RS1 | addr=5 -> data=0x348e
PASS | Read RS2 | addr=6 -> data=0xf4a1
PASS | Read RS1 | addr=1 -> data=0xeccc
PASS | Read RS2 | addr=7 -> data=0x926d
PASS | Read RS1 | addr=3 -> data=0xb6e7
PASS | Read RS2 | addr=4 -> data=0x1c5a
PASS | Read RS1 | addr=6 -> data=0xf4a1
PASS | Read RS2 | addr=0 -> data=0x0
PASS | Read RS1 | addr=1 -> data=0xeccc
PASS | Read RS2 | addr=3 -> data=0xb6e7
PASS | Read RS1 | addr=0 -> data=0x0
PASS | Read RS2 | addr=4 -> data=0x1c5a
PASS | Read RS1 | addr=7 -> data=0xfa30
PASS | Read RS2 | addr=2 -> data=0xb0e
PASS | Read RS1 | addr=2 -> data=0x362a
PASS | Read RS2 | addr=0 -> data=0x0
PASS | Read RS1 | addr=3 -> data=0xb6e7
PASS | Read RS2 | addr=1 -> data=0xeccc
PASS | Read RS1 | addr=6 -> data=0xf4a1
PASS | Read RS2 | addr=6 -> data=0xf4a1
PASS | Read RS1 | addr=1 -> data=0xeccc
PASS | Read RS2 | addr=5 -> data=0xfd6
PASS | Read RS1 | addr=1 -> data=0xeccc
PASS | Read RS2 | addr=6 -> data=0xf4a1
PASS | Read RS1 | addr=5 -> data=0xfd6
PASS | Read RS2 | addr=1 -> data=0xeccc
PASS | Read RS1 | addr=1 -> data=0xeccc
PASS | Read RS2 | addr=2 -> data=0x362a
PASS | Read RS1 | addr=7 -> data=0x97eb
PASS | Read RS2 | addr=6 -> data=0xf4a1
PASS | Read RS1 | addr=4 -> data=0x1c5a
PASS | Read RS2 | addr=5 -> data=0xfd6
PASS | Read RS1 | addr=7 -> data=0xe285
PASS | Read RS2 | addr=0 -> data=0x0
PASS | Read RS1 | addr=7 -> data=0xe285
PASS | Read RS2 | addr=6 -> data=0xf4a1
PASS | Read RS1 | addr=2 -> data=0xc0fc
PASS | Read RS2 | addr=1 -> data=0x5d91
PASS | Read RS1 | addr=6 -> data=0xf4a1
PASS | Read RS2 | addr=7 -> data=0x68eb
PASS | Read RS1 | addr=3 -> data=0x2ff3
PASS | Read RS2 | addr=1 -> data=0x2dbc
PASS | Read RS1 | addr=6 -> data=0xf4a1
PASS | Read RS2 | addr=7 -> data=0x68eb
PASS | Read RS1 | addr=3 -> data=0x2ff3
PASS | Read RS2 | addr=5 -> data=0x7204
PASS | Read RS1 | addr=2 -> data=0xc0fc
PASS | Read RS2 | addr=5 -> data=0x7204
PASS | Read RS1 | addr=4 -> data=0x1c5a
PASS | Read RS2 | addr=3 -> data=0x3e38
PASS | Read RS1 | addr=7 -> data=0x68eb
PASS | Read RS2 | addr=7 -> data=0x68eb
PASS | Read RS1 | addr=4 -> data=0x1c5a
PASS | Read RS2 | addr=1 -> data=0x2dbc
PASS | Read RS1 | addr=7 -> data=0x68eb
PASS | Read RS2 | addr=0 -> data=0x0
PASS | Read RS1 | addr=5 -> data=0x7204
PASS | Read RS2 | addr=6 -> data=0xd0c
PASS | Read RS1 | addr=0 -> data=0x0
PASS | Read RS2 | addr=2 -> data=0xc0fc
PASS | Read RS1 | addr=1 -> data=0xb631
PASS | Read RS2 | addr=5 -> data=0x7204
PASS | Read RS1 | addr=0 -> data=0x0
PASS | Read RS2 | addr=6 -> data=0xd0c
PASS | Read RS1 | addr=6 -> data=0xd0c
PASS | Read RS2 | addr=3 -> data=0x3e38
PASS | Read RS1 | addr=0 -> data=0x0
PASS | Read RS2 | addr=2 -> data=0xc0fc
PASS | Read RS1 | addr=3 -> data=0x3e38
PASS | Read RS2 | addr=3 -> data=0x3e38
PASS | Read RS1 | addr=3 -> data=0x3e38
PASS | Read RS2 | addr=4 -> data=0x1c5a
PASS | Read RS1 | addr=2 -> data=0xc0fc
PASS | Read RS2 | addr=3 -> data=0x3e38
PASS | Read RS1 | addr=6 -> data=0xd0c
PASS | Read RS2 | addr=5 -> data=0x7204
PASS | Read RS1 | addr=7 -> data=0xab06
PASS | Read RS2 | addr=2 -> data=0xc0fc
PASS | Read RS1 | addr=7 -> data=0xab06
PASS | Read RS2 | addr=7 -> data=0xab06
PASS | Read RS1 | addr=2 -> data=0xc0fc
PASS | Read RS2 | addr=0 -> data=0x0
PASS | Read RS1 | addr=7 -> data=0xab06
PASS | Read RS2 | addr=0 -> data=0x0
PASS | Read RS1 | addr=7 -> data=0xab06
PASS | Read RS2 | addr=5 -> data=0x7204
PASS | Read RS1 | addr=7 -> data=0x913c
PASS | Read RS2 | addr=6 -> data=0xd0c
PASS | Read RS1 | addr=6 -> data=0xd0c
PASS | Read RS2 | addr=2 -> data=0xc0fc
PASS | Read RS1 | addr=6 -> data=0xd0c
PASS | Read RS2 | addr=6 -> data=0xd0c
PASS | Read RS1 | addr=5 -> data=0x7204
PASS | Read RS2 | addr=7 -> data=0x6fd3
PASS | Read RS1 | addr=7 -> data=0xe359
PASS | Read RS2 | addr=0 -> data=0x0
PASS | Read RS1 | addr=1 -> data=0x34c2
PASS | Read RS2 | addr=4 -> data=0x1c5a
PASS | Read RS1 | addr=0 -> data=0x0
PASS | Read RS2 | addr=7 -> data=0xe359
PASS | Read RS1 | addr=1 -> data=0x34c2
PASS | Read RS2 | addr=5 -> data=0xfed1
PASS | Read RS1 | addr=5 -> data=0xfed1
PASS | Read RS2 | addr=1 -> data=0x34c2
PASS | Read RS1 | addr=3 -> data=0x3e38
PASS | Read RS2 | addr=4 -> data=0x1c5a
PASS | Read RS1 | addr=2 -> data=0xc0fc
PASS | Read RS2 | addr=6 -> data=0xd0c
PASS | Read RS1 | addr=4 -> data=0x1c5a
PASS | Read RS2 | addr=1 -> data=0x34c2
PASS | Read RS1 | addr=5 -> data=0xfed1
PASS | Read RS2 | addr=6 -> data=0xd0c
PASS | Read RS1 | addr=3 -> data=0x3e38
PASS | Read RS2 | addr=3 -> data=0x3e38
PASS | Read RS1 | addr=4 -> data=0x1c5a
PASS | Read RS2 | addr=6 -> data=0xd0c
PASS | Read RS1 | addr=2 -> data=0xc0fc
PASS | Read RS2 | addr=2 -> data=0xc0fc
PASS | Read RS1 | addr=3 -> data=0x3e38
PASS | Read RS2 | addr=6 -> data=0xd0c
PASS | Read RS1 | addr=1 -> data=0x34c2
PASS | Read RS2 | addr=4 -> data=0x1c5a
PASS | Read RS1 | addr=3 -> data=0x3e38
PASS | Read RS2 | addr=3 -> data=0x3e38
PASS | Read RS1 | addr=7 -> data=0xfb4c
PASS | Read RS2 | addr=2 -> data=0xc0fc
PASS | Read RS1 | addr=4 -> data=0x1c5a
PASS | Read RS2 | addr=0 -> data=0x0
PASS | Read RS1 | addr=2 -> data=0xc0fc
PASS | Read RS2 | addr=7 -> data=0xfb4c
PASS | Read RS1 | addr=3 -> data=0x3e38
PASS | Read RS2 | addr=5 -> data=0xc9be
PASS | Read RS1 | addr=6 -> data=0xd0c
PASS | Read RS2 | addr=5 -> data=0xc9be
PASS | Read RS1 | addr=0 -> data=0x0
PASS | Read RS2 | addr=6 -> data=0x947e
PASS | Read RS1 | addr=5 -> data=0xc9be
PASS | Read RS2 | addr=0 -> data=0x0
PASS | Read RS1 | addr=4 -> data=0x1c5a
PASS | Read RS2 | addr=3 -> data=0x3e38
PASS | Read RS1 | addr=3 -> data=0x3e38
PASS | Read RS2 | addr=5 -> data=0xc9be
PASS | Read RS1 | addr=2 -> data=0xc0fc
PASS | Read RS2 | addr=1 -> data=0x34c2
PASS | Read RS1 | addr=1 -> data=0x34c2
PASS | Read RS2 | addr=3 -> data=0x3e38
PASS | Read RS1 | addr=0 -> data=0x0
PASS | Read RS2 | addr=1 -> data=0x34c2
PASS | Read RS1 | addr=2 -> data=0xc0fc
PASS | Read RS2 | addr=6 -> data=0x947e
PASS | Read RS1 | addr=6 -> data=0x947e
PASS | Read RS2 | addr=4 -> data=0x1c5a
PASS | Read RS1 | addr=1 -> data=0x34c2
PASS | Read RS2 | addr=3 -> data=0x3e38
PASS | Read RS1 | addr=2 -> data=0xc0fc
PASS | Read RS2 | addr=4 -> data=0x853
PASS | Read RS1 | addr=5 -> data=0xc9be
PASS | Read RS2 | addr=3 -> data=0x3e38
PASS | Read RS1 | addr=5 -> data=0xc9be
PASS | Read RS2 | addr=0 -> data=0x0
PASS | Read RS1 | addr=7 -> data=0x8d77
PASS | Read RS2 | addr=1 -> data=0x34c2
PASS | Read RS1 | addr=4 -> data=0x853
PASS | Read RS2 | addr=0 -> data=0x0
PASS | Read RS1 | addr=5 -> data=0xc9be
PASS | Read RS2 | addr=5 -> data=0xc9be
PASS | Read RS1 | addr=5 -> data=0xc9be
PASS | Read RS2 | addr=6 -> data=0x947e
PASS | Read RS1 | addr=6 -> data=0x947e
PASS | Read RS2 | addr=2 -> data=0xc0fc
PASS | Read RS1 | addr=5 -> data=0xc9be
PASS | Read RS2 | addr=3 -> data=0x3e38
PASS | Read RS1 | addr=5 -> data=0xc9be
PASS | Read RS2 | addr=7 -> data=0xf93c
PASS | Read RS1 | addr=0 -> data=0x0
PASS | Read RS2 | addr=0 -> data=0x0
PASS | Read RS1 | addr=2 -> data=0xc0fc
PASS | Read RS2 | addr=2 -> data=0xc0fc
PASS | Read RS1 | addr=0 -> data=0x0
PASS | Read RS2 | addr=7 -> data=0x4b17
PASS | Read RS1 | addr=0 -> data=0x0
PASS | Read RS2 | addr=1 -> data=0x34c2
PASS | Read RS1 | addr=3 -> data=0x3e38
PASS | Read RS2 | addr=5 -> data=0xc9be
PASS | Read RS1 | addr=0 -> data=0x0
PASS | Read RS2 | addr=5 -> data=0xc9be
PASS | Read RS1 | addr=2 -> data=0xc0fc
PASS | Read RS2 | addr=6 -> data=0x947e
PASS | Read RS1 | addr=4 -> data=0x853
PASS | Read RS2 | addr=1 -> data=0x34c2
PASS | Read RS1 | addr=4 -> data=0x853
PASS | Read RS2 | addr=4 -> data=0x853
PASS | Read RS1 | addr=1 -> data=0x34c2
PASS | Read RS2 | addr=7 -> data=0xef08
PASS | Read RS1 | addr=0 -> data=0x0
PASS | Read RS2 | addr=2 -> data=0xc0fc
PASS | Read RS1 | addr=3 -> data=0x3e38
PASS | Read RS2 | addr=2 -> data=0xc0fc
PASS | Read RS1 | addr=1 -> data=0x34c2
PASS | Read RS2 | addr=1 -> data=0x34c2
PASS | Read RS1 | addr=3 -> data=0x3e38
PASS | Read RS2 | addr=3 -> data=0x3e38
PASS | Read RS1 | addr=6 -> data=0x947e
PASS | Read RS2 | addr=0 -> data=0x0
PASS | Read RS1 | addr=3 -> data=0x3e38
PASS | Read RS2 | addr=2 -> data=0xc0fc
PASS | Read RS1 | addr=6 -> data=0x947e
PASS | Read RS2 | addr=1 -> data=0x34c2
PASS | Read RS1 | addr=0 -> data=0x0
PASS | Read RS2 | addr=1 -> data=0x34c2
PASS | Read RS1 | addr=5 -> data=0xc9be
PASS | Read RS2 | addr=5 -> data=0xc9be
PASS | Read RS1 | addr=2 -> data=0xc0fc
PASS | Read RS2 | addr=4 -> data=0x6255
PASS | Read RS1 | addr=3 -> data=0x3e38
PASS | Read RS2 | addr=0 -> data=0x0
PASS | Read RS1 | addr=7 -> data=0x262e
PASS | Read RS2 | addr=2 -> data=0xc0fc
PASS | Read RS1 | addr=1 -> data=0x34c2
PASS | Read RS2 | addr=5 -> data=0xc9be
PASS | Read RS1 | addr=0 -> data=0x0
PASS | Read RS2 | addr=0 -> data=0x0
PASS | Read RS1 | addr=1 -> data=0xfbc8
PASS | Read RS2 | addr=7 -> data=0x6351
PASS | Read RS1 | addr=1 -> data=0xfbc8
PASS | Read RS2 | addr=6 -> data=0x947e
PASS | Read RS1 | addr=0 -> data=0x0
PASS | Read RS2 | addr=4 -> data=0x6255
PASS | Read RS1 | addr=1 -> data=0xfbc8
PASS | Read RS2 | addr=0 -> data=0x0
PASS | Read RS1 | addr=4 -> data=0x6255
PASS | Read RS2 | addr=1 -> data=0xfbc8
PASS | Read RS1 | addr=4 -> data=0x6255
PASS | Read RS2 | addr=6 -> data=0x947e
PASS | Read RS1 | addr=1 -> data=0xfbc8
PASS | Read RS2 | addr=1 -> data=0xfbc8
PASS | Read RS1 | addr=7 -> data=0x672
PASS | Read RS2 | addr=6 -> data=0x947e
PASS | Read RS1 | addr=7 -> data=0xd120
PASS | Read RS2 | addr=3 -> data=0x3e38
PASS | Read RS1 | addr=0 -> data=0x0
PASS | Read RS2 | addr=7 -> data=0x20b7
PASS | Read RS1 | addr=7 -> data=0x20b7
PASS | Read RS2 | addr=3 -> data=0x3e38
PASS | Read RS1 | addr=7 -> data=0x20b7
PASS | Read RS2 | addr=7 -> data=0x20b7
PASS | Read RS1 | addr=1 -> data=0xfbc8
PASS | Read RS2 | addr=2 -> data=0xc0fc
PASS | Read RS1 | addr=2 -> data=0xc0fc
PASS | Read RS2 | addr=0 -> data=0x0
PASS | Read RS1 | addr=3 -> data=0xa35b
PASS | Read RS2 | addr=6 -> data=0x947e
PASS | Read RS1 | addr=7 -> data=0x720a
PASS | Read RS2 | addr=0 -> data=0x0
PASS | Read RS1 | addr=5 -> data=0xc9be
PASS | Read RS2 | addr=5 -> data=0xc9be
PASS | Read RS1 | addr=5 -> data=0xc9be
PASS | Read RS2 | addr=2 -> data=0xc0fc
PASS | Read RS1 | addr=2 -> data=0xc0fc
PASS | Read RS2 | addr=3 -> data=0xa35b
PASS | Read RS1 | addr=3 -> data=0xa35b
PASS | Read RS2 | addr=1 -> data=0xfbc8
PASS | Read RS1 | addr=3 -> data=0xa35b
PASS | Read RS2 | addr=7 -> data=0x720a
PASS | Read RS1 | addr=5 -> data=0xc9be
PASS | Read RS2 | addr=0 -> data=0x0
PASS | Read RS1 | addr=0 -> data=0x0
PASS | Read RS2 | addr=6 -> data=0x690c
PASS | Read RS1 | addr=1 -> data=0xfbc8
PASS | Read RS2 | addr=6 -> data=0x690c
PASS | Read RS1 | addr=0 -> data=0x0
PASS | Read RS2 | addr=7 -> data=0x39af
PASS | Read RS1 | addr=7 -> data=0x39af
PASS | Read RS2 | addr=7 -> data=0x39af
PASS | Read RS1 | addr=4 -> data=0xeb6
PASS | Read RS2 | addr=6 -> data=0x690c
PASS | Read RS1 | addr=6 -> data=0x690c
PASS | Read RS2 | addr=0 -> data=0x0
PASS | Read RS1 | addr=0 -> data=0x0
PASS | Read RS2 | addr=7 -> data=0x14c2
PASS | Read RS1 | addr=1 -> data=0xfbc8
PASS | Read RS2 | addr=5 -> data=0xc9be
PASS | Read RS1 | addr=7 -> data=0x14c2
PASS | Read RS2 | addr=4 -> data=0xeb6
PASS | Read RS1 | addr=6 -> data=0xca16
PASS | Read RS2 | addr=5 -> data=0xc9be
PASS | Read RS1 | addr=1 -> data=0xfbc8
PASS | Read RS2 | addr=1 -> data=0xfbc8
PASS | Read RS1 | addr=7 -> data=0x14c2
PASS | Read RS2 | addr=1 -> data=0xfbc8
PASS | Read RS1 | addr=1 -> data=0xfbc8
PASS | Read RS2 | addr=6 -> data=0xca16
PASS | Read RS1 | addr=4 -> data=0xeb6
PASS | Read RS2 | addr=2 -> data=0xc0fc
PASS | Read RS1 | addr=5 -> data=0xc9be
PASS | Read RS2 | addr=5 -> data=0xc9be
PASS | Read RS1 | addr=5 -> data=0xc9be
PASS | Read RS2 | addr=1 -> data=0xfbc8
PASS | Read RS1 | addr=5 -> data=0xc9be
PASS | Read RS2 | addr=1 -> data=0xfbc8
PASS | Read RS1 | addr=2 -> data=0xc0fc
PASS | Read RS2 | addr=4 -> data=0xeb6
PASS | Read RS1 | addr=6 -> data=0xca16
PASS | Read RS2 | addr=3 -> data=0xa35b
PASS | Read RS1 | addr=0 -> data=0x0
PASS | Read RS2 | addr=0 -> data=0x0
PASS | Read RS1 | addr=5 -> data=0xd8b2
PASS | Read RS2 | addr=5 -> data=0xd8b2
PASS | Read RS1 | addr=7 -> data=0xebe2
PASS | Read RS2 | addr=0 -> data=0x0
PASS | Read RS1 | addr=3 -> data=0xa35b
PASS | Read RS2 | addr=5 -> data=0xa95e
PASS | Read RS1 | addr=7 -> data=0xebe2
PASS | Read RS2 | addr=2 -> data=0xc0fc
PASS | Read RS1 | addr=2 -> data=0xc0fc
PASS | Read RS2 | addr=5 -> data=0xa95e
PASS | Read RS1 | addr=2 -> data=0xc0fc
PASS | Read RS2 | addr=6 -> data=0x6fa6
PASS | Read RS1 | addr=4 -> data=0xeb6
PASS | Read RS2 | addr=6 -> data=0x6fa6
PASS | Read RS1 | addr=6 -> data=0x6fa6
PASS | Read RS2 | addr=7 -> data=0xebe2
PASS | Read RS1 | addr=0 -> data=0x0
PASS | Read RS2 | addr=2 -> data=0xc0fc
PASS | Read RS1 | addr=7 -> data=0xebe2
PASS | Read RS2 | addr=7 -> data=0xebe2
PASS | Read RS1 | addr=2 -> data=0xc0fc
PASS | Read RS2 | addr=3 -> data=0xa35b
PASS | Read RS1 | addr=2 -> data=0xc0fc
PASS | Read RS2 | addr=6 -> data=0x6fa6
PASS | Read RS1 | addr=0 -> data=0x0
PASS | Read RS2 | addr=1 -> data=0xe370
PASS | Read RS1 | addr=4 -> data=0xeb6
PASS | Read RS2 | addr=2 -> data=0xc0fc
PASS | Read RS1 | addr=5 -> data=0xe6c8
PASS | Read RS2 | addr=0 -> data=0x0
PASS | Read RS1 | addr=7 -> data=0x3bcd
PASS | Read RS2 | addr=4 -> data=0xeb6
PASS | Read RS1 | addr=0 -> data=0x0
PASS | Read RS2 | addr=6 -> data=0x6fa6
PASS | Read RS1 | addr=1 -> data=0xe370
PASS | Read RS2 | addr=7 -> data=0x54d3
PASS | Read RS1 | addr=5 -> data=0xe6c8
PASS | Read RS2 | addr=2 -> data=0xf931
PASS | Read RS1 | addr=7 -> data=0x54d3
PASS | Read RS2 | addr=4 -> data=0xeb6
PASS | Read RS1 | addr=2 -> data=0xf931
PASS | Read RS2 | addr=4 -> data=0xeb6
PASS | Read RS1 | addr=0 -> data=0x0
PASS | Read RS2 | addr=1 -> data=0xe370
PASS | Read RS1 | addr=0 -> data=0x0
PASS | Read RS2 | addr=7 -> data=0x7841
PASS | Read RS1 | addr=2 -> data=0xf931
PASS | Read RS2 | addr=1 -> data=0xe370
PASS | Read RS1 | addr=2 -> data=0xf931
PASS | Read RS2 | addr=0 -> data=0x0
PASS | Read RS1 | addr=6 -> data=0x384e
PASS | Read RS2 | addr=4 -> data=0xeb6
PASS | Read RS1 | addr=6 -> data=0x384e
PASS | Read RS2 | addr=3 -> data=0xaaff
PASS | Read RS1 | addr=2 -> data=0xf931
PASS | Read RS2 | addr=1 -> data=0xe370
PASS | Read RS1 | addr=3 -> data=0xaaff
PASS | Read RS2 | addr=7 -> data=0xcd0c
PASS | Read RS1 | addr=0 -> data=0x0
PASS | Read RS2 | addr=1 -> data=0xe370
PASS | Read RS1 | addr=2 -> data=0xf931
PASS | Read RS2 | addr=3 -> data=0xaaff
PASS | Read RS1 | addr=1 -> data=0xe370
PASS | Read RS2 | addr=3 -> data=0x76aa
PASS | Read RS1 | addr=6 -> data=0x384e
PASS | Read RS2 | addr=0 -> data=0x0
PASS | Read RS1 | addr=2 -> data=0xf931
PASS | Read RS2 | addr=5 -> data=0xe6c8
PASS | Read RS1 | addr=6 -> data=0x384e
PASS | Read RS2 | addr=2 -> data=0xf931
PASS | Read RS1 | addr=1 -> data=0x89ef
PASS | Read RS2 | addr=2 -> data=0xf931
PASS | Read RS1 | addr=4 -> data=0xeb6
PASS | Read RS2 | addr=7 -> data=0x7024
PASS | Read RS1 | addr=5 -> data=0xe6c8
PASS | Read RS2 | addr=2 -> data=0xf931
PASS | Read RS1 | addr=5 -> data=0xe6c8
PASS | Read RS2 | addr=0 -> data=0x0
PASS | Read RS1 | addr=4 -> data=0xeb6
PASS | Read RS2 | addr=4 -> data=0xeb6
PASS | Read RS1 | addr=4 -> data=0xeb6
PASS | Read RS2 | addr=3 -> data=0x76aa
PASS | Read RS1 | addr=6 -> data=0x384e
PASS | Read RS2 | addr=4 -> data=0xeb6
PASS | Read RS1 | addr=2 -> data=0xf931
PASS | Read RS2 | addr=7 -> data=0x49b3
PASS | Read RS1 | addr=4 -> data=0xeb6
PASS | Read RS2 | addr=5 -> data=0xe6c8
PASS | Read RS1 | addr=1 -> data=0xa920
PASS | Read RS2 | addr=2 -> data=0x5fdf
PASS | Read RS1 | addr=6 -> data=0x384e
PASS | Read RS2 | addr=2 -> data=0x5fdf
PASS | Read RS1 | addr=1 -> data=0xa920
PASS | Read RS2 | addr=5 -> data=0xe6c8
PASS | Read RS1 | addr=0 -> data=0x0
PASS | Read RS2 | addr=7 -> data=0x1662
PASS | Read RS1 | addr=7 -> data=0x1662
PASS | Read RS2 | addr=0 -> data=0x0
PASS | Read RS1 | addr=1 -> data=0xa920
PASS | Read RS2 | addr=0 -> data=0x0
PASS | Read RS1 | addr=3 -> data=0xc844
PASS | Read RS2 | addr=3 -> data=0xc844
PASS | Read RS1 | addr=1 -> data=0xa920
PASS | Read RS2 | addr=4 -> data=0x974d
PASS | Read RS1 | addr=5 -> data=0x65c7
PASS | Read RS2 | addr=0 -> data=0x0
PASS | Read RS1 | addr=6 -> data=0x51cd
PASS | Read RS2 | addr=1 -> data=0xa920
PASS | Read RS1 | addr=3 -> data=0xc844
PASS | Read RS2 | addr=5 -> data=0x65c7
PASS | Read RS1 | addr=3 -> data=0xc844
PASS | Read RS2 | addr=4 -> data=0x974d
PASS | Read RS1 | addr=0 -> data=0x0
PASS | Read RS2 | addr=5 -> data=0x65c7
PASS | Read RS1 | addr=1 -> data=0xa920
PASS | Read RS2 | addr=3 -> data=0xc844
PASS | Read RS1 | addr=3 -> data=0xc844
PASS | Read RS2 | addr=7 -> data=0x5560
PASS | Read RS1 | addr=4 -> data=0xc2b
PASS | Read RS2 | addr=4 -> data=0xc2b
PASS | Read RS1 | addr=2 -> data=0x5fdf
PASS | Read RS2 | addr=4 -> data=0xc2b
PASS | Read RS1 | addr=7 -> data=0xb6be
PASS | Read RS2 | addr=1 -> data=0xa920
PASS | Read RS1 | addr=7 -> data=0xb6be
PASS | Read RS2 | addr=4 -> data=0xc2b
PASS | Read RS1 | addr=3 -> data=0xc844
PASS | Read RS2 | addr=0 -> data=0x0
PASS | Read RS1 | addr=0 -> data=0x0
PASS | Read RS2 | addr=6 -> data=0xc167
PASS | Read RS1 | addr=7 -> data=0xce6e
PASS | Read RS2 | addr=2 -> data=0x5fdf
PASS | Read RS1 | addr=6 -> data=0xc167
PASS | Read RS2 | addr=3 -> data=0xc844
PASS | Read RS1 | addr=0 -> data=0x0
PASS | Read RS2 | addr=7 -> data=0xce6e
PASS | Read RS1 | addr=4 -> data=0xc2b
PASS | Read RS2 | addr=4 -> data=0xc2b
PASS | Read RS1 | addr=1 -> data=0xa920
PASS | Read RS2 | addr=2 -> data=0x5fdf
PASS | Read RS1 | addr=4 -> data=0x7036
PASS | Read RS2 | addr=7 -> data=0xce6e
PASS | Read RS1 | addr=0 -> data=0x0
PASS | Read RS2 | addr=7 -> data=0xce6e
PASS | Read RS1 | addr=3 -> data=0xc844
PASS | Read RS2 | addr=0 -> data=0x0
PASS | Read RS1 | addr=3 -> data=0xc844
PASS | Read RS2 | addr=6 -> data=0xc167
PASS | Read RS1 | addr=0 -> data=0x0
PASS | Read RS2 | addr=6 -> data=0xc167
PASS | Read RS1 | addr=2 -> data=0x5fdf
PASS | Read RS2 | addr=2 -> data=0x5fdf
PASS | Read RS1 | addr=0 -> data=0x0
PASS | Read RS2 | addr=5 -> data=0x65c7
PASS | Read RS1 | addr=5 -> data=0x65c7
PASS | Read RS2 | addr=7 -> data=0x1742
PASS | Read RS1 | addr=0 -> data=0x0
PASS | Read RS2 | addr=1 -> data=0xbeef
PASS | Read RS1 | addr=4 -> data=0x7036
PASS | Read RS2 | addr=6 -> data=0xc167
PASS | Read RS1 | addr=4 -> data=0x7036
PASS | Read RS2 | addr=7 -> data=0x1742
PASS | Read RS1 | addr=1 -> data=0xbeef
PASS | Read RS2 | addr=2 -> data=0x5fdf
PASS | Read RS1 | addr=1 -> data=0xbeef
PASS | Read RS2 | addr=6 -> data=0x6293
PASS | Read RS1 | addr=0 -> data=0x0
PASS | Read RS2 | addr=4 -> data=0x7036
PASS | Read RS1 | addr=6 -> data=0x6293
PASS | Read RS2 | addr=1 -> data=0xbeef
PASS | Read RS1 | addr=1 -> data=0xbeef
PASS | Read RS2 | addr=4 -> data=0x46b6
PASS | Read RS1 | addr=7 -> data=0x1742
PASS | Read RS2 | addr=4 -> data=0x46b6
PASS | Read RS1 | addr=2 -> data=0x5fdf
PASS | Read RS2 | addr=2 -> data=0x5fdf
PASS | Read RS1 | addr=0 -> data=0x0
PASS | Read RS2 | addr=7 -> data=0x1742
PASS | Read RS1 | addr=5 -> data=0x65c7
PASS | Read RS2 | addr=7 -> data=0xe2bc
PASS | Read RS1 | addr=0 -> data=0x0
PASS | Read RS2 | addr=3 -> data=0xbeab
PASS | Read RS1 | addr=3 -> data=0xbeab
PASS | Read RS2 | addr=1 -> data=0xbeef
PASS | Read RS1 | addr=4 -> data=0x46b6
PASS | Read RS2 | addr=4 -> data=0x46b6
PASS | Read RS1 | addr=2 -> data=0x5fdf
PASS | Read RS2 | addr=5 -> data=0x65c7
PASS | Read RS1 | addr=2 -> data=0x5fdf
PASS | Read RS2 | addr=2 -> data=0x5fdf
PASS | Read RS1 | addr=7 -> data=0xb315
PASS | Read RS2 | addr=3 -> data=0xbeab
PASS | Read RS1 | addr=7 -> data=0x1191
PASS | Read RS2 | addr=2 -> data=0x5fdf
PASS | Read RS1 | addr=6 -> data=0x6293
PASS | Read RS2 | addr=7 -> data=0x1191
PASS | Read RS1 | addr=7 -> data=0x64e
PASS | Read RS2 | addr=3 -> data=0xbeab
PASS | Read RS1 | addr=4 -> data=0x46b6
PASS | Read RS2 | addr=0 -> data=0x0
PASS | Read RS1 | addr=0 -> data=0x0
PASS | Read RS2 | addr=1 -> data=0xbeef
PASS | Read RS1 | addr=5 -> data=0x5c68
PASS | Read RS2 | addr=5 -> data=0x5c68
PASS | Read RS1 | addr=6 -> data=0x6293
PASS | Read RS2 | addr=5 -> data=0x5c68
PASS | Read RS1 | addr=2 -> data=0x5fdf
PASS | Read RS2 | addr=0 -> data=0x0
PASS | Read RS1 | addr=3 -> data=0x4f7c
PASS | Read RS2 | addr=3 -> data=0x4f7c
PASS | Read RS1 | addr=4 -> data=0x46b6
PASS | Read RS2 | addr=2 -> data=0x5fdf
PASS | Read RS1 | addr=0 -> data=0x0
PASS | Read RS2 | addr=2 -> data=0x5fdf
PASS | Read RS1 | addr=6 -> data=0x6293
PASS | Read RS2 | addr=4 -> data=0x46b6
PASS | Read RS1 | addr=1 -> data=0xbeef
PASS | Read RS2 | addr=3 -> data=0x4f7c
PASS | Read RS1 | addr=5 -> data=0x5c68
PASS | Read RS2 | addr=5 -> data=0x5c68
PASS | Read RS1 | addr=0 -> data=0x0
PASS | Read RS2 | addr=7 -> data=0xa2ca
PASS | Read RS1 | addr=1 -> data=0x6155
PASS | Read RS2 | addr=0 -> data=0x0
PASS | Read RS1 | addr=4 -> data=0x46b6
PASS | Read RS2 | addr=5 -> data=0x5c68
PASS | Read RS1 | addr=7 -> data=0xa2ca
PASS | Read RS2 | addr=2 -> data=0x4f2
PASS | Read RS1 | addr=2 -> data=0x4f2
PASS | Read RS2 | addr=5 -> data=0x5c68
PASS | Read RS1 | addr=5 -> data=0x5c68
PASS | Read RS2 | addr=3 -> data=0x4f7c
PASS | Read RS1 | addr=0 -> data=0x0
PASS | Read RS2 | addr=2 -> data=0x4f2
PASS | Read RS1 | addr=1 -> data=0x6155
PASS | Read RS2 | addr=1 -> data=0x6155
PASS | Read RS1 | addr=0 -> data=0x0
PASS | Read RS2 | addr=7 -> data=0x56e5
PASS | Read RS1 | addr=7 -> data=0x56e5
PASS | Read RS2 | addr=0 -> data=0x0
PASS | Read RS1 | addr=7 -> data=0x56e5
PASS | Read RS2 | addr=0 -> data=0x0
PASS | Read RS1 | addr=2 -> data=0x4f2
PASS | Read RS2 | addr=5 -> data=0x5c68
PASS | Read RS1 | addr=1 -> data=0x6155
PASS | Read RS2 | addr=2 -> data=0xd3a7
PASS | Read RS1 | addr=0 -> data=0x0
PASS | Read RS2 | addr=6 -> data=0xd8e5
PASS | Read RS1 | addr=0 -> data=0x0
PASS | Read RS2 | addr=1 -> data=0x6155
PASS | Read RS1 | addr=7 -> data=0xc765
PASS | Read RS2 | addr=1 -> data=0x6155
PASS | Read RS1 | addr=7 -> data=0xc765
PASS | Read RS2 | addr=6 -> data=0xd8e5
PASS | Read RS1 | addr=6 -> data=0xd8e5
PASS | Read RS2 | addr=5 -> data=0x5c68
PASS | Read RS1 | addr=0 -> data=0x0
PASS | Read RS2 | addr=6 -> data=0xd8e5
PASS | Read RS1 | addr=1 -> data=0x6155
PASS | Read RS2 | addr=3 -> data=0x4f7c
PASS | Read RS1 | addr=6 -> data=0xd8e5
PASS | Read RS2 | addr=3 -> data=0x4f7c
PASS | Read RS1 | addr=5 -> data=0x5c68
PASS | Read RS2 | addr=3 -> data=0x4f7c
PASS | Read RS1 | addr=3 -> data=0x4f7c
PASS | Read RS2 | addr=0 -> data=0x0
PASS | Read RS1 | addr=3 -> data=0x4f7c
PASS | Read RS2 | addr=0 -> data=0x0
PASS | Read RS1 | addr=7 -> data=0x2f05
PASS | Read RS2 | addr=4 -> data=0x8b00
PASS | Read RS1 | addr=3 -> data=0x4f7c
PASS | Read RS2 | addr=5 -> data=0x5c68
PASS | Read RS1 | addr=7 -> data=0x2f05
PASS | Read RS2 | addr=7 -> data=0x2f05
PASS | Read RS1 | addr=3 -> data=0x4f7c
PASS | Read RS2 | addr=1 -> data=0x2667
PASS | Read RS1 | addr=0 -> data=0x0
PASS | Read RS2 | addr=5 -> data=0x5c68
PASS | Read RS1 | addr=7 -> data=0x2f05
PASS | Read RS2 | addr=2 -> data=0xd0bd
PASS | Read RS1 | addr=2 -> data=0xd0bd
PASS | Read RS2 | addr=7 -> data=0x2f05
PASS | Read RS1 | addr=3 -> data=0x4f7c
PASS | Read RS2 | addr=4 -> data=0x8b00
PASS | Read RS1 | addr=4 -> data=0x8b00
PASS | Read RS2 | addr=0 -> data=0x0
PASS | Read RS1 | addr=2 -> data=0xd0bd
PASS | Read RS2 | addr=4 -> data=0x8b00
PASS | Read RS1 | addr=3 -> data=0x4f7c
PASS | Read RS2 | addr=3 -> data=0x4f7c
PASS | Read RS1 | addr=5 -> data=0x5c68
PASS | Read RS2 | addr=0 -> data=0x0
PASS | Read RS1 | addr=4 -> data=0x8b00
PASS | Read RS2 | addr=2 -> data=0xd0bd
PASS | Read RS1 | addr=0 -> data=0x0
PASS | Read RS2 | addr=7 -> data=0x277f
PASS | Read RS1 | addr=0 -> data=0x0
PASS | Read RS2 | addr=6 -> data=0x257a
PASS | Read RS1 | addr=7 -> data=0x277f
PASS | Read RS2 | addr=7 -> data=0x277f
PASS | Read RS1 | addr=3 -> data=0x4f7c
PASS | Read RS2 | addr=1 -> data=0x2667
PASS | Read RS1 | addr=4 -> data=0x8b00
PASS | Read RS2 | addr=4 -> data=0x8b00
PASS | Read RS1 | addr=0 -> data=0x0
PASS | Read RS2 | addr=3 -> data=0x4f7c
PASS | Read RS1 | addr=1 -> data=0xd71d
PASS | Read RS2 | addr=4 -> data=0x8b00
PASS | Read RS1 | addr=4 -> data=0x8b00
PASS | Read RS2 | addr=5 -> data=0x5c68
PASS | Read RS1 | addr=2 -> data=0xff0a
PASS | Read RS2 | addr=2 -> data=0xff0a
PASS | Read RS1 | addr=0 -> data=0x0
PASS | Read RS2 | addr=5 -> data=0x5c68
PASS | Read RS1 | addr=1 -> data=0xd71d
PASS | Read RS2 | addr=6 -> data=0x257a
PASS | Read RS1 | addr=3 -> data=0x4f7c
PASS | Read RS2 | addr=4 -> data=0x8b00
PASS | Read RS1 | addr=1 -> data=0xd71d
PASS | Read RS2 | addr=4 -> data=0x8b00
PASS | Read RS1 | addr=6 -> data=0x257a
PASS | Read RS2 | addr=4 -> data=0xd3f2
PASS | Read RS1 | addr=1 -> data=0xd71d
PASS | Read RS2 | addr=3 -> data=0x4f7c
PASS | Read RS1 | addr=7 -> data=0x24bc
PASS | Read RS2 | addr=0 -> data=0x0
PASS | Read RS1 | addr=5 -> data=0x5c68
PASS | Read RS2 | addr=6 -> data=0x257a
PASS | Read RS1 | addr=3 -> data=0x4f7c
PASS | Read RS2 | addr=2 -> data=0x2590
PASS | Read RS1 | addr=3 -> data=0x4f7c
PASS | Read RS2 | addr=3 -> data=0x4f7c
PASS | Read RS1 | addr=5 -> data=0x5c68
PASS | Read RS2 | addr=7 -> data=0xd19a
PASS | Read RS1 | addr=3 -> data=0x4f7c
PASS | Read RS2 | addr=3 -> data=0x4f7c
PASS | Read RS1 | addr=4 -> data=0xd3f2
PASS | Read RS2 | addr=6 -> data=0x257a
PASS | Read RS1 | addr=0 -> data=0x0
PASS | Read RS2 | addr=0 -> data=0x0
PASS | Read RS1 | addr=3 -> data=0x4f7c
PASS | Read RS2 | addr=3 -> data=0x4f7c
PASS | Read RS1 | addr=7 -> data=0xd9b3
PASS | Read RS2 | addr=1 -> data=0xd71d
PASS | Read RS1 | addr=6 -> data=0x257a
PASS | Read RS2 | addr=4 -> data=0xd3f2
PASS | Read RS1 | addr=2 -> data=0xaad2
PASS | Read RS2 | addr=2 -> data=0xaad2
PASS | Read RS1 | addr=1 -> data=0xd71d
PASS | Read RS2 | addr=0 -> data=0x0
PASS | Read RS1 | addr=6 -> data=0x257a
PASS | Read RS2 | addr=7 -> data=0x92b7
PASS | Read RS1 | addr=7 -> data=0x92b7
PASS | Read RS2 | addr=6 -> data=0x257a
PASS | Read RS1 | addr=3 -> data=0x4f7c
PASS | Read RS2 | addr=2 -> data=0xaad2
PASS | Read RS1 | addr=2 -> data=0xaad2
PASS | Read RS2 | addr=0 -> data=0x0
PASS | Read RS1 | addr=1 -> data=0x9046
PASS | Read RS2 | addr=6 -> data=0x195f
PASS | Read RS1 | addr=3 -> data=0x4f7c
PASS | Read RS2 | addr=7 -> data=0x7661
PASS | Read RS1 | addr=4 -> data=0xd3f2
PASS | Read RS2 | addr=3 -> data=0x4f7c
PASS | Read RS1 | addr=4 -> data=0xd3f2
PASS | Read RS2 | addr=4 -> data=0xd3f2
PASS | Read RS1 | addr=0 -> data=0x0
PASS | Read RS2 | addr=6 -> data=0x195f
PASS | Read RS1 | addr=0 -> data=0x0
PASS | Read RS2 | addr=3 -> data=0x4f7c
PASS | Read RS1 | addr=2 -> data=0xaad2
PASS | Read RS2 | addr=2 -> data=0xaad2
PASS | Read RS1 | addr=4 -> data=0xd3f2
PASS | Read RS2 | addr=0 -> data=0x0
PASS | Read RS1 | addr=4 -> data=0xd3f2
PASS | Read RS2 | addr=2 -> data=0xaad2
PASS | Read RS1 | addr=3 -> data=0x4f7c
PASS | Read RS2 | addr=3 -> data=0x4f7c
PASS | Read RS1 | addr=7 -> data=0xecc4
PASS | Read RS2 | addr=1 -> data=0xb3ef
PASS | Read RS1 | addr=2 -> data=0xaad2
PASS | Read RS2 | addr=5 -> data=0x72ec
PASS | Read RS1 | addr=6 -> data=0x2c01
PASS | Read RS2 | addr=5 -> data=0x72ec
PASS | Read RS1 | addr=6 -> data=0x2c01
PASS | Read RS2 | addr=0 -> data=0x0
PASS | Read RS1 | addr=4 -> data=0xd3f2
PASS | Read RS2 | addr=6 -> data=0x2c01
PASS | Read RS1 | addr=7 -> data=0x551d
PASS | Read RS2 | addr=2 -> data=0xaad2
PASS | Read RS1 | addr=4 -> data=0x18fd
PASS | Read RS2 | addr=7 -> data=0x551d
PASS | Read RS1 | addr=4 -> data=0x18fd
PASS | Read RS2 | addr=3 -> data=0x4f7c
PASS | Read RS1 | addr=6 -> data=0x2c01
PASS | Read RS2 | addr=4 -> data=0xecf6
PASS | Read RS1 | addr=3 -> data=0x4f7c
PASS | Read RS2 | addr=1 -> data=0xb3ef
PASS | Read RS1 | addr=3 -> data=0x4f7c
PASS | Read RS2 | addr=3 -> data=0x4f7c
PASS | Read RS1 | addr=7 -> data=0x24e0
PASS | Read RS2 | addr=3 -> data=0x4f7c
PASS | Read RS1 | addr=3 -> data=0x4f7c
PASS | Read RS2 | addr=6 -> data=0x2c01
PASS | Read RS1 | addr=6 -> data=0x2c01
PASS | Read RS2 | addr=6 -> data=0x2c01
PASS | Read RS1 | addr=6 -> data=0x2c01
PASS | Read RS2 | addr=1 -> data=0xb3ef
PASS | Read RS1 | addr=2 -> data=0xaad2
PASS | Read RS2 | addr=3 -> data=0x4f7c
PASS | Read RS1 | addr=1 -> data=0xb3ef
PASS | Read RS2 | addr=5 -> data=0x72ec
PASS | Read RS1 | addr=3 -> data=0x4f7c
PASS | Read RS2 | addr=2 -> data=0xaad2
PASS | Read RS1 | addr=6 -> data=0x2c01
PASS | Read RS2 | addr=0 -> data=0x0
PASS | Read RS1 | addr=3 -> data=0x4f7c
PASS | Read RS2 | addr=0 -> data=0x0
PASS | Read RS1 | addr=2 -> data=0xaad2
PASS | Read RS2 | addr=6 -> data=0x2c01
PASS | Read RS1 | addr=2 -> data=0xaad2
PASS | Read RS2 | addr=2 -> data=0xaad2
PASS | Read RS1 | addr=1 -> data=0xfdf6
PASS | Read RS2 | addr=0 -> data=0x0
PASS | Read RS1 | addr=5 -> data=0xf178
PASS | Read RS2 | addr=0 -> data=0x0
PASS | Read RS1 | addr=6 -> data=0x2c01
PASS | Read RS2 | addr=4 -> data=0xecf6
PASS | Read RS1 | addr=0 -> data=0x0
PASS | Read RS2 | addr=2 -> data=0xaad2
PASS | Read RS1 | addr=4 -> data=0xecf6
PASS | Read RS2 | addr=4 -> data=0xecf6
PASS | Read RS1 | addr=4 -> data=0xecf6
PASS | Read RS2 | addr=1 -> data=0xfdf6
PASS | Read RS1 | addr=6 -> data=0x2c01
PASS | Read RS2 | addr=7 -> data=0x3632
PASS | Read RS1 | addr=7 -> data=0x3632
PASS | Read RS2 | addr=5 -> data=0xf178
PASS | Read RS1 | addr=4 -> data=0xecf6
PASS | Read RS2 | addr=7 -> data=0x3632
PASS | Read RS1 | addr=4 -> data=0x59d8
PASS | Read RS2 | addr=5 -> data=0xf178
PASS | Read RS1 | addr=2 -> data=0x6a7f
PASS | Read RS2 | addr=1 -> data=0xfdf6
PASS | Read RS1 | addr=1 -> data=0xfdf6
PASS | Read RS2 | addr=5 -> data=0xf178
PASS | Read RS1 | addr=0 -> data=0x0
PASS | Read RS2 | addr=0 -> data=0x0
PASS | Read RS1 | addr=6 -> data=0x2c01
PASS | Read RS2 | addr=3 -> data=0x4f7c
PASS | Read RS1 | addr=5 -> data=0xf178
PASS | Read RS2 | addr=3 -> data=0x4f7c
PASS | Read RS1 | addr=3 -> data=0x4f7c
PASS | Read RS2 | addr=5 -> data=0xf178
PASS | Read RS1 | addr=1 -> data=0xfdf6
PASS | Read RS2 | addr=6 -> data=0x2c01
PASS | Read RS1 | addr=3 -> data=0x4f7c
PASS | Read RS2 | addr=5 -> data=0xf178
PASS | Read RS1 | addr=3 -> data=0x4f7c
PASS | Read RS2 | addr=1 -> data=0xfdf6
PASS | Read RS1 | addr=5 -> data=0xf178
PASS | Read RS2 | addr=3 -> data=0x4f7c
PASS | Read RS1 | addr=3 -> data=0x4f7c
PASS | Read RS2 | addr=1 -> data=0xfdf6
PASS | Read RS1 | addr=3 -> data=0x4f7c
PASS | Read RS2 | addr=0 -> data=0x0
PASS | Read RS1 | addr=6 -> data=0x6dba
PASS | Read RS2 | addr=1 -> data=0xfdf6
PASS | Read RS1 | addr=6 -> data=0x6dba
PASS | Read RS2 | addr=7 -> data=0x5836
PASS | Read RS1 | addr=4 -> data=0x59d8
PASS | Read RS2 | addr=0 -> data=0x0
PASS | Read RS1 | addr=3 -> data=0x4f7c
PASS | Read RS2 | addr=1 -> data=0xfdf6
PASS | Read RS1 | addr=2 -> data=0x3ab0
PASS | Read RS2 | addr=5 -> data=0xf178
PASS | Read RS1 | addr=0 -> data=0x0
PASS | Read RS2 | addr=6 -> data=0x6dba
PASS | Read RS1 | addr=2 -> data=0x3ab0
PASS | Read RS2 | addr=6 -> data=0x6dba
PASS | Read RS1 | addr=5 -> data=0xf178
PASS | Read RS2 | addr=2 -> data=0x3ab0
PASS | Read RS1 | addr=2 -> data=0x3ab0
PASS | Read RS2 | addr=3 -> data=0x4f7c
PASS | Read RS1 | addr=6 -> data=0x6dba
PASS | Read RS2 | addr=1 -> data=0xfdf6
PASS | Read RS1 | addr=0 -> data=0x0
PASS | Read RS2 | addr=2 -> data=0x3ab0
PASS | Read RS1 | addr=3 -> data=0x4f7c
PASS | Read RS2 | addr=4 -> data=0x1fb4
PASS | Read RS1 | addr=1 -> data=0xfdf6
PASS | Read RS2 | addr=1 -> data=0xfdf6
PASS | Read RS1 | addr=3 -> data=0x4f7c
PASS | Read RS2 | addr=7 -> data=0xa682
PASS | Read RS1 | addr=0 -> data=0x0
PASS | Read RS2 | addr=5 -> data=0xf178
PASS | Read RS1 | addr=0 -> data=0x0
PASS | Read RS2 | addr=2 -> data=0x3ab0
PASS | Read RS1 | addr=5 -> data=0xf178
PASS | Read RS2 | addr=0 -> data=0x0
PASS | Read RS1 | addr=1 -> data=0x2cca
PASS | Read RS2 | addr=6 -> data=0x6dba
PASS | Read RS1 | addr=4 -> data=0x1fb4
PASS | Read RS2 | addr=6 -> data=0x6dba
PASS | Read RS1 | addr=0 -> data=0x0
PASS | Read RS2 | addr=6 -> data=0x6dba
PASS | Read RS1 | addr=2 -> data=0x3ab0
PASS | Read RS2 | addr=4 -> data=0x1fb4
PASS | Read RS1 | addr=5 -> data=0xf178
PASS | Read RS2 | addr=5 -> data=0xf178
PASS | Read RS1 | addr=7 -> data=0x93f3
PASS | Read RS2 | addr=3 -> data=0xa904
PASS | Read RS1 | addr=1 -> data=0x2cca
PASS | Read RS2 | addr=1 -> data=0x2cca
PASS | Read RS1 | addr=3 -> data=0xa904
PASS | Read RS2 | addr=0 -> data=0x0
PASS | Read RS1 | addr=6 -> data=0x6dba
PASS | Read RS2 | addr=3 -> data=0xa904
PASS | Read RS1 | addr=7 -> data=0xe336
PASS | Read RS2 | addr=1 -> data=0x2cca
PASS | Read RS1 | addr=3 -> data=0xa904
PASS | Read RS2 | addr=2 -> data=0x3ab0
PASS | Read RS1 | addr=4 -> data=0xe103
PASS | Read RS2 | addr=1 -> data=0x2cca
PASS | Read RS1 | addr=2 -> data=0xfa8
PASS | Read RS2 | addr=1 -> data=0x2cca
PASS | Read RS1 | addr=4 -> data=0xe103
PASS | Read RS2 | addr=5 -> data=0xf178
PASS | Read RS1 | addr=6 -> data=0x6dba
PASS | Read RS2 | addr=0 -> data=0x0
PASS | Read RS1 | addr=0 -> data=0x0
PASS | Read RS2 | addr=0 -> data=0x0
PASS | Read RS1 | addr=7 -> data=0xba1b
PASS | Read RS2 | addr=3 -> data=0xa904
PASS | Read RS1 | addr=2 -> data=0xfa8
PASS | Read RS2 | addr=4 -> data=0xa557
PASS | Read RS1 | addr=4 -> data=0xa557
PASS | Read RS2 | addr=6 -> data=0x6dba
PASS | Read RS1 | addr=4 -> data=0xa557
PASS | Read RS2 | addr=0 -> data=0x0
PASS | Read RS1 | addr=3 -> data=0xa904
PASS | Read RS2 | addr=1 -> data=0x2cca
PASS | Read RS1 | addr=3 -> data=0xa904
PASS | Read RS2 | addr=0 -> data=0x0
PASS | Read RS1 | addr=0 -> data=0x0
PASS | Read RS2 | addr=7 -> data=0xffc3
PASS | Read RS1 | addr=4 -> data=0xa557
PASS | Read RS2 | addr=0 -> data=0x0
PASS | Read RS1 | addr=6 -> data=0x6dba
PASS | Read RS2 | addr=0 -> data=0x0
PASS | Read RS1 | addr=0 -> data=0x0
PASS | Read RS2 | addr=3 -> data=0xa904
PASS | Read RS1 | addr=1 -> data=0x8f03
PASS | Read RS2 | addr=4 -> data=0xa557
PASS | Read RS1 | addr=2 -> data=0xfa8
PASS | Read RS2 | addr=0 -> data=0x0
PASS | Read RS1 | addr=2 -> data=0xfa8
PASS | Read RS2 | addr=4 -> data=0xa557
PASS | Read RS1 | addr=5 -> data=0xf178
PASS | Read RS2 | addr=6 -> data=0x6dba
PASS | Read RS1 | addr=1 -> data=0x8f03
PASS | Read RS2 | addr=6 -> data=0x6dba
PASS | Read RS1 | addr=0 -> data=0x0
PASS | Read RS2 | addr=4 -> data=0xa557
PASS | Read RS1 | addr=6 -> data=0x6dba
PASS | Read RS2 | addr=6 -> data=0x6dba
PASS | Read RS1 | addr=4 -> data=0xa557
PASS | Read RS2 | addr=5 -> data=0xf178
PASS | Read RS1 | addr=2 -> data=0xfa8
PASS | Read RS2 | addr=1 -> data=0x8f03
PASS | Read RS1 | addr=0 -> data=0x0
PASS | Read RS2 | addr=1 -> data=0x8f03
PASS | Read RS1 | addr=1 -> data=0x8f03
PASS | Read RS2 | addr=1 -> data=0x8f03
PASS | Read RS1 | addr=3 -> data=0xa904
PASS | Read RS2 | addr=5 -> data=0xf178
PASS | Read RS1 | addr=3 -> data=0x5793
PASS | Read RS2 | addr=3 -> data=0x5793
PASS | Read RS1 | addr=6 -> data=0x6dba
PASS | Read RS2 | addr=4 -> data=0xa557
PASS | Read RS1 | addr=6 -> data=0x6dba
PASS | Read RS2 | addr=6 -> data=0x6dba
PASS | Read RS1 | addr=4 -> data=0xa557
PASS | Read RS2 | addr=6 -> data=0x6dba
PASS | Read RS1 | addr=2 -> data=0x7239
PASS | Read RS2 | addr=5 -> data=0xf178
PASS | Read RS1 | addr=1 -> data=0x8f03
PASS | Read RS2 | addr=3 -> data=0xa2fe
PASS | Read RS1 | addr=4 -> data=0xa557
PASS | Read RS2 | addr=5 -> data=0xf178
PASS | Read RS1 | addr=6 -> data=0x6dba
PASS | Read RS2 | addr=5 -> data=0xf178
PASS | Read RS1 | addr=4 -> data=0xa557
PASS | Read RS2 | addr=6 -> data=0x6dba
PASS | Read RS1 | addr=2 -> data=0x7239
PASS | Read RS2 | addr=1 -> data=0x8f03
PASS | Read RS1 | addr=5 -> data=0xf178
PASS | Read RS2 | addr=2 -> data=0x7239
PASS | Read RS1 | addr=0 -> data=0x0
PASS | Read RS2 | addr=4 -> data=0xa557
PASS | Read RS1 | addr=4 -> data=0xa557
PASS | Read RS2 | addr=7 -> data=0xf797
PASS | Read RS1 | addr=0 -> data=0x0
PASS | Read RS2 | addr=3 -> data=0xa2fe
PASS | Read RS1 | addr=2 -> data=0x7239
PASS | Read RS2 | addr=4 -> data=0xa557
PASS | Read RS1 | addr=2 -> data=0x7239
PASS | Read RS2 | addr=3 -> data=0xa2fe
PASS | Read RS1 | addr=1 -> data=0x8f03
PASS | Read RS2 | addr=3 -> data=0xa11a
PASS | Read RS1 | addr=0 -> data=0x0
PASS | Read RS2 | addr=3 -> data=0xa11a
PASS | Read RS1 | addr=3 -> data=0xa11a
PASS | Read RS2 | addr=3 -> data=0xa11a
PASS | Read RS1 | addr=7 -> data=0x377c
PASS | Read RS2 | addr=2 -> data=0x7239
PASS | Read RS1 | addr=3 -> data=0xa11a
PASS | Read RS2 | addr=3 -> data=0xa11a
PASS | Read RS1 | addr=5 -> data=0x6acc
PASS | Read RS2 | addr=0 -> data=0x0
PASS | Read RS1 | addr=1 -> data=0x8f03
PASS | Read RS2 | addr=5 -> data=0x6acc
PASS | Read RS1 | addr=4 -> data=0xa557
PASS | Read RS2 | addr=7 -> data=0x9f22
PASS | Read RS1 | addr=3 -> data=0xa11a
PASS | Read RS2 | addr=1 -> data=0x8f03
PASS | Read RS1 | addr=0 -> data=0x0
PASS | Read RS2 | addr=2 -> data=0x7239
PASS | Read RS1 | addr=2 -> data=0x7239
PASS | Read RS2 | addr=0 -> data=0x0
PASS | Read RS1 | addr=4 -> data=0xa557
PASS | Read RS2 | addr=4 -> data=0xa557
PASS | Read RS1 | addr=1 -> data=0x8f03
PASS | Read RS2 | addr=7 -> data=0xc749
PASS | Read RS1 | addr=5 -> data=0x6acc
PASS | Read RS2 | addr=7 -> data=0x3067
PASS | Read RS1 | addr=3 -> data=0xa11a
PASS | Read RS2 | addr=2 -> data=0x7239
PASS | Read RS1 | addr=4 -> data=0xb574
PASS | Read RS2 | addr=4 -> data=0xb574
PASS | Read RS1 | addr=2 -> data=0x7239
PASS | Read RS2 | addr=5 -> data=0x6acc
PASS | Read RS1 | addr=1 -> data=0x8f03
PASS | Read RS2 | addr=5 -> data=0x6acc
PASS | Read RS1 | addr=7 -> data=0x30a1
PASS | Read RS2 | addr=2 -> data=0x7239
PASS | Read RS1 | addr=3 -> data=0xa11a
PASS | Read RS2 | addr=4 -> data=0xb574
PASS | Read RS1 | addr=3 -> data=0xa11a
PASS | Read RS2 | addr=1 -> data=0x8f03
PASS | Read RS1 | addr=2 -> data=0x7239
PASS | Read RS2 | addr=5 -> data=0x6acc
PASS | Read RS1 | addr=0 -> data=0x0
PASS | Read RS2 | addr=1 -> data=0x8f03
PASS | Read RS1 | addr=2 -> data=0x7239
PASS | Read RS2 | addr=0 -> data=0x0
PASS | Read RS1 | addr=2 -> data=0x7239
PASS | Read RS2 | addr=3 -> data=0xa11a
PASS | Read RS1 | addr=5 -> data=0x6acc
PASS | Read RS2 | addr=3 -> data=0x7826
PASS | Read RS1 | addr=5 -> data=0x6acc
PASS | Read RS2 | addr=1 -> data=0x8f03
PASS | Read RS1 | addr=7 -> data=0x8fa6
PASS | Read RS2 | addr=7 -> data=0x8fa6
PASS | Read RS1 | addr=5 -> data=0x6acc
PASS | Read RS2 | addr=4 -> data=0xb574
PASS | Read RS1 | addr=7 -> data=0x68
PASS | Read RS2 | addr=6 -> data=0xde2c
PASS | Read RS1 | addr=0 -> data=0x0
PASS | Read RS2 | addr=3 -> data=0x7826
PASS | Read RS1 | addr=6 -> data=0xde2c
PASS | Read RS2 | addr=7 -> data=0x68
PASS | Read RS1 | addr=5 -> data=0x6acc
PASS | Read RS2 | addr=7 -> data=0x68
PASS | Read RS1 | addr=7 -> data=0x68
PASS | Read RS2 | addr=2 -> data=0x61d7
PASS | Read RS1 | addr=4 -> data=0xb574
PASS | Read RS2 | addr=2 -> data=0x61d7
PASS | Read RS1 | addr=0 -> data=0x0
PASS | Read RS2 | addr=5 -> data=0x6acc
PASS | Read RS1 | addr=7 -> data=0x68
PASS | Read RS2 | addr=4 -> data=0xb574
PASS | Read RS1 | addr=7 -> data=0x68
PASS | Read RS2 | addr=0 -> data=0x0
PASS | Read RS1 | addr=4 -> data=0xb574
PASS | Read RS2 | addr=3 -> data=0x7826
PASS | Read RS1 | addr=5 -> data=0x6acc
PASS | Read RS2 | addr=6 -> data=0xf1b7
PASS | Read RS1 | addr=3 -> data=0x7826
PASS | Read RS2 | addr=5 -> data=0x6acc
PASS | Read RS1 | addr=4 -> data=0xb574
PASS | Read RS2 | addr=0 -> data=0x0
PASS | Read RS1 | addr=3 -> data=0x7826
PASS | Read RS2 | addr=5 -> data=0xce32
PASS | Read RS1 | addr=6 -> data=0xf1b7
PASS | Read RS2 | addr=1 -> data=0x84b6
PASS | Read RS1 | addr=0 -> data=0x0
PASS | Read RS2 | addr=4 -> data=0xb574
PASS | Read RS1 | addr=0 -> data=0x0
PASS | Read RS2 | addr=3 -> data=0x7826
PASS | Read RS1 | addr=6 -> data=0x1107
PASS | Read RS2 | addr=4 -> data=0xb574
PASS | Read RS1 | addr=4 -> data=0xb574
PASS | Read RS2 | addr=6 -> data=0x1107
PASS | Read RS1 | addr=2 -> data=0x61d7
PASS | Read RS2 | addr=0 -> data=0x0
PASS | Read RS1 | addr=2 -> data=0x61d7
PASS | Read RS2 | addr=1 -> data=0x1a3c
PASS | Read RS1 | addr=5 -> data=0xce32
PASS | Read RS2 | addr=0 -> data=0x0
PASS | Read RS1 | addr=2 -> data=0x61d7
PASS | Read RS2 | addr=2 -> data=0x61d7
PASS | Read RS1 | addr=4 -> data=0xb574
PASS | Read RS2 | addr=0 -> data=0x0
PASS | Read RS1 | addr=1 -> data=0x1a3c
PASS | Read RS2 | addr=6 -> data=0x1107
PASS | Read RS1 | addr=4 -> data=0xb574
PASS | Read RS2 | addr=7 -> data=0xe940
PASS | Read RS1 | addr=0 -> data=0x0
PASS | Read RS2 | addr=4 -> data=0xb574
PASS | Read RS1 | addr=3 -> data=0x7826
PASS | Read RS2 | addr=2 -> data=0x61d7
PASS | Read RS1 | addr=0 -> data=0x0
PASS | Read RS2 | addr=4 -> data=0x31ae
PASS | Read RS1 | addr=3 -> data=0x7826
PASS | Read RS2 | addr=0 -> data=0x0
PASS | Read RS1 | addr=0 -> data=0x0
PASS | Read RS2 | addr=3 -> data=0x7826
PASS | Read RS1 | addr=5 -> data=0xce32
PASS | Read RS2 | addr=1 -> data=0xb111
PASS | Read RS1 | addr=1 -> data=0xb111
PASS | Read RS2 | addr=7 -> data=0x8b1b
PASS | Read RS1 | addr=2 -> data=0x61d7
PASS | Read RS2 | addr=6 -> data=0xe2f
PASS | Read RS1 | addr=1 -> data=0xb111
PASS | Read RS2 | addr=1 -> data=0xb111
PASS | Read RS1 | addr=0 -> data=0x0
PASS | Read RS2 | addr=6 -> data=0xe2f
PASS | Read RS1 | addr=1 -> data=0xb111
PASS | Read RS2 | addr=4 -> data=0x8ae3
PASS | Read RS1 | addr=5 -> data=0xce32
PASS | Read RS2 | addr=2 -> data=0x61d7
PASS | Read RS1 | addr=3 -> data=0x7826
PASS | Read RS2 | addr=2 -> data=0x61d7
PASS | Read RS1 | addr=0 -> data=0x0
PASS | Read RS2 | addr=1 -> data=0xb111
PASS | Read RS1 | addr=3 -> data=0x7826
PASS | Read RS2 | addr=5 -> data=0xce32
PASS | Read RS1 | addr=1 -> data=0xb111
PASS | Read RS2 | addr=1 -> data=0xb111
PASS | Read RS1 | addr=1 -> data=0xb111
PASS | Read RS2 | addr=1 -> data=0xb111
PASS | Read RS1 | addr=5 -> data=0x41eb
PASS | Read RS2 | addr=4 -> data=0x8ae3
PASS | Read RS1 | addr=5 -> data=0x41eb
PASS | Read RS2 | addr=4 -> data=0x8ae3
PASS | Read RS1 | addr=5 -> data=0x41eb
PASS | Read RS2 | addr=1 -> data=0xb111
PASS | Read RS1 | addr=1 -> data=0xb111
PASS | Read RS2 | addr=1 -> data=0xb111
PASS | Read RS1 | addr=4 -> data=0x8ae3
PASS | Read RS2 | addr=2 -> data=0x61d7
PASS | Read RS1 | addr=3 -> data=0x7826
PASS | Read RS2 | addr=5 -> data=0x41eb
PASS | Read RS1 | addr=0 -> data=0x0
PASS | Read RS2 | addr=1 -> data=0xb111
PASS | Read RS1 | addr=2 -> data=0x61d7
PASS | Read RS2 | addr=2 -> data=0x61d7
PASS | Read RS1 | addr=7 -> data=0x1bb5
PASS | Read RS2 | addr=7 -> data=0x1bb5
PASS | Read RS1 | addr=3 -> data=0x7826
PASS | Read RS2 | addr=0 -> data=0x0
PASS | Read RS1 | addr=5 -> data=0x41eb
PASS | Read RS2 | addr=4 -> data=0x8ae3
PASS | Read RS1 | addr=3 -> data=0x7826
PASS | Read RS2 | addr=5 -> data=0x41eb
PASS | Read RS1 | addr=1 -> data=0xb111
PASS | Read RS2 | addr=4 -> data=0x8ae3
PASS | Read RS1 | addr=5 -> data=0x41eb
PASS | Read RS2 | addr=3 -> data=0x7826
PASS | Read RS1 | addr=3 -> data=0xe5f8
PASS | Read RS2 | addr=4 -> data=0x8ae3
PASS | Read RS1 | addr=1 -> data=0xb111
PASS | Read RS2 | addr=0 -> data=0x0
PASS | Read RS1 | addr=5 -> data=0x41eb
PASS | Read RS2 | addr=6 -> data=0x7fe
PASS | Read RS1 | addr=6 -> data=0x7fe
PASS | Read RS2 | addr=4 -> data=0x8ae3
PASS | Read RS1 | addr=5 -> data=0x41eb
PASS | Read RS2 | addr=3 -> data=0xeacb
PASS | Read RS1 | addr=2 -> data=0x61d7
PASS | Read RS2 | addr=6 -> data=0x7fe
PASS | Read RS1 | addr=7 -> data=0x5baa
PASS | Read RS2 | addr=0 -> data=0x0
PASS | Read RS1 | addr=7 -> data=0x5baa
PASS | Read RS2 | addr=5 -> data=0x41eb
PASS | Read RS1 | addr=4 -> data=0x8ae3
PASS | Read RS2 | addr=2 -> data=0x736b
PASS | Read RS1 | addr=3 -> data=0x9e32
PASS | Read RS2 | addr=1 -> data=0xb111
PASS | Read RS1 | addr=6 -> data=0x7fe
PASS | Read RS2 | addr=2 -> data=0x736b
PASS | Read RS1 | addr=6 -> data=0x7fe
PASS | Read RS2 | addr=7 -> data=0xad13
PASS | Read RS1 | addr=1 -> data=0xb111
PASS | Read RS2 | addr=3 -> data=0x9e32
PASS | Read RS1 | addr=7 -> data=0x5425
PASS | Read RS2 | addr=1 -> data=0xb111
PASS | Read RS1 | addr=4 -> data=0x8ae3
PASS | Read RS2 | addr=5 -> data=0x41eb
PASS | Read RS1 | addr=1 -> data=0xb111
PASS | Read RS2 | addr=6 -> data=0x7fe
PASS | Read RS1 | addr=3 -> data=0x9e32
PASS | Read RS2 | addr=2 -> data=0x6405
PASS | Read RS1 | addr=0 -> data=0x0
PASS | Read RS2 | addr=7 -> data=0x7114
PASS | Read RS1 | addr=6 -> data=0x7fe
PASS | Read RS2 | addr=2 -> data=0x6405
PASS | Read RS1 | addr=5 -> data=0x41eb
PASS | Read RS2 | addr=6 -> data=0x7fe
PASS | Read RS1 | addr=3 -> data=0x137e
PASS | Read RS2 | addr=6 -> data=0x7fe
PASS | Read RS1 | addr=7 -> data=0x8aa8
PASS | Read RS2 | addr=5 -> data=0x41eb
PASS | Read RS1 | addr=1 -> data=0xb111
PASS | Read RS2 | addr=3 -> data=0x137e
PASS | Read RS1 | addr=6 -> data=0x7fe
PASS | Read RS2 | addr=3 -> data=0x9f46
PASS | Read RS1 | addr=4 -> data=0x8ae3
PASS | Read RS2 | addr=2 -> data=0x6405
PASS | Read RS1 | addr=7 -> data=0x8aa8
PASS | Read RS2 | addr=7 -> data=0x8aa8
PASS | Read RS1 | addr=6 -> data=0x7fe
PASS | Read RS2 | addr=5 -> data=0x41eb
PASS | Read RS1 | addr=3 -> data=0x9f46
PASS | Read RS2 | addr=0 -> data=0x0
PASS | Read RS1 | addr=3 -> data=0x9f46
PASS | Read RS2 | addr=6 -> data=0x7fe
PASS | Read RS1 | addr=7 -> data=0x476b
PASS | Read RS2 | addr=5 -> data=0x41eb
PASS | Read RS1 | addr=6 -> data=0x7fe
PASS | Read RS2 | addr=0 -> data=0x0
PASS | Read RS1 | addr=7 -> data=0x2974
PASS | Read RS2 | addr=4 -> data=0xd9c7
PASS | Read RS1 | addr=2 -> data=0x6405
PASS | Read RS2 | addr=0 -> data=0x0
PASS | Read RS1 | addr=5 -> data=0xe727
PASS | Read RS2 | addr=2 -> data=0x6405
PASS | Read RS1 | addr=4 -> data=0xd9c7
PASS | Read RS2 | addr=2 -> data=0x6405
PASS | Read RS1 | addr=5 -> data=0xe727
PASS | Read RS2 | addr=7 -> data=0x2974
PASS | Read RS1 | addr=6 -> data=0x7fe
PASS | Read RS2 | addr=5 -> data=0x693b
PASS | Read RS1 | addr=6 -> data=0x7fe
PASS | Read RS2 | addr=7 -> data=0x44de
PASS | Read RS1 | addr=2 -> data=0x6405
PASS | Read RS2 | addr=3 -> data=0x9f46
PASS | Read RS1 | addr=1 -> data=0xb111
PASS | Read RS2 | addr=6 -> data=0x7fe
PASS | Read RS1 | addr=4 -> data=0xd9c7
PASS | Read RS2 | addr=0 -> data=0x0
PASS | Read RS1 | addr=4 -> data=0xd9c7
PASS | Read RS2 | addr=4 -> data=0xd9c7
PASS | Read RS1 | addr=5 -> data=0x693b
PASS | Read RS2 | addr=6 -> data=0x7fe
PASS | Read RS1 | addr=0 -> data=0x0
PASS | Read RS2 | addr=2 -> data=0x6405
PASS | Read RS1 | addr=6 -> data=0x7fe
PASS | Read RS2 | addr=2 -> data=0x6405
PASS | Read RS1 | addr=6 -> data=0x7fe
PASS | Read RS2 | addr=7 -> data=0x782e
PASS | Read RS1 | addr=6 -> data=0x7fe
PASS | Read RS2 | addr=2 -> data=0x9d87
PASS | Read RS1 | addr=1 -> data=0xb111
PASS | Read RS2 | addr=2 -> data=0x9d87
PASS | Read RS1 | addr=0 -> data=0x0
PASS | Read RS2 | addr=0 -> data=0x0
PASS | Read RS1 | addr=2 -> data=0x9d87
PASS | Read RS2 | addr=6 -> data=0x7fe
PASS | Read RS1 | addr=2 -> data=0x9d87
PASS | Read RS2 | addr=0 -> data=0x0
PASS | Read RS1 | addr=2 -> data=0xa27c
PASS | Read RS2 | addr=3 -> data=0x9f46
PASS | Read RS1 | addr=4 -> data=0x4f3a
PASS | Read RS2 | addr=7 -> data=0x8dc6
PASS | Read RS1 | addr=7 -> data=0x8dc6
PASS | Read RS2 | addr=1 -> data=0xb111
PASS | Read RS1 | addr=4 -> data=0x4f3a
PASS | Read RS2 | addr=2 -> data=0xa27c
PASS | Read RS1 | addr=1 -> data=0xb111
PASS | Read RS2 | addr=3 -> data=0x9f46
PASS | Read RS1 | addr=0 -> data=0x0
PASS | Read RS2 | addr=4 -> data=0x4f3a
PASS | Read RS1 | addr=5 -> data=0xfe24
PASS | Read RS2 | addr=2 -> data=0xa27c
PASS | Read RS1 | addr=3 -> data=0x9f46
PASS | Read RS2 | addr=4 -> data=0x4f3a
PASS | Read RS1 | addr=4 -> data=0x4f3a
PASS | Read RS2 | addr=6 -> data=0xa37d
PASS | Read RS1 | addr=5 -> data=0xfe24
PASS | Read RS2 | addr=3 -> data=0x9f46
PASS | Read RS1 | addr=5 -> data=0xfe24
PASS | Read RS2 | addr=7 -> data=0x3342
PASS | Read RS1 | addr=1 -> data=0xb111
PASS | Read RS2 | addr=7 -> data=0x3342
PASS | Read RS1 | addr=7 -> data=0xe79b
PASS | Read RS2 | addr=7 -> data=0xe79b
PASS | Read RS1 | addr=5 -> data=0xfe24
PASS | Read RS2 | addr=6 -> data=0xa37d
PASS | Read RS1 | addr=5 -> data=0xfe24
PASS | Read RS2 | addr=0 -> data=0x0
PASS | Read RS1 | addr=4 -> data=0x4f3a
PASS | Read RS2 | addr=7 -> data=0xe79b
PASS | Read RS1 | addr=7 -> data=0xe79b
PASS | Read RS2 | addr=5 -> data=0xfe24
PASS | Read RS1 | addr=3 -> data=0x51f2
PASS | Read RS2 | addr=7 -> data=0xe79b
PASS | Read RS1 | addr=6 -> data=0xb958
PASS | Read RS2 | addr=5 -> data=0xfe24
PASS | Read RS1 | addr=0 -> data=0x0
PASS | Read RS2 | addr=6 -> data=0xb958
PASS | Read RS1 | addr=7 -> data=0xe79b
PASS | Read RS2 | addr=1 -> data=0xb111
PASS | Read RS1 | addr=5 -> data=0xfe24
PASS | Read RS2 | addr=4 -> data=0x4f3a
PASS | Read RS1 | addr=5 -> data=0xfe24
PASS | Read RS2 | addr=2 -> data=0x1b66
PASS | Read RS1 | addr=0 -> data=0x0
PASS | Read RS2 | addr=5 -> data=0xfe24
PASS | Read RS1 | addr=6 -> data=0xb958
PASS | Read RS2 | addr=4 -> data=0x4f3a
PASS | Read RS1 | addr=1 -> data=0xb111
PASS | Read RS2 | addr=0 -> data=0x0
PASS | Read RS1 | addr=7 -> data=0x1fd0
PASS | Read RS2 | addr=3 -> data=0x51f2
PASS | Read RS1 | addr=4 -> data=0x4f3a
PASS | Read RS2 | addr=3 -> data=0x51f2
PASS | Read RS1 | addr=4 -> data=0x4f3a
PASS | Read RS2 | addr=7 -> data=0x1fd0
PASS | Read RS1 | addr=3 -> data=0x51f2
PASS | Read RS2 | addr=6 -> data=0xb958
PASS | Read RS1 | addr=0 -> data=0x0
PASS | Read RS2 | addr=5 -> data=0xee47
PASS | Read RS1 | addr=6 -> data=0xb958
PASS | Read RS2 | addr=1 -> data=0xb111
PASS | Read RS1 | addr=7 -> data=0x7b5a
PASS | Read RS2 | addr=2 -> data=0x1b66
PASS | Read RS1 | addr=3 -> data=0x51f2
PASS | Read RS2 | addr=5 -> data=0xee47
PASS | Read RS1 | addr=2 -> data=0x1b66
PASS | Read RS2 | addr=6 -> data=0xb958
PASS | Read RS1 | addr=1 -> data=0x498
PASS | Read RS2 | addr=1 -> data=0x498
PASS | Read RS1 | addr=4 -> data=0x1ab7
PASS | Read RS2 | addr=3 -> data=0x51f2
PASS | Read RS1 | addr=0 -> data=0x0
PASS | Read RS2 | addr=7 -> data=0x259e
PASS | Read RS1 | addr=2 -> data=0x1b66
PASS | Read RS2 | addr=4 -> data=0x1ab7
PASS | Read RS1 | addr=3 -> data=0x51f2
PASS | Read RS2 | addr=7 -> data=0xd5d9
PASS | Read RS1 | addr=6 -> data=0xb958
PASS | Read RS2 | addr=3 -> data=0x51f2
PASS | Read RS1 | addr=5 -> data=0x9fc0
PASS | Read RS2 | addr=5 -> data=0x9fc0
PASS | Read RS1 | addr=6 -> data=0xb958
PASS | Read RS2 | addr=3 -> data=0x51f2
PASS | Read RS1 | addr=4 -> data=0x1ab7
PASS | Read RS2 | addr=2 -> data=0x1b66
PASS | Read RS1 | addr=6 -> data=0xb958
PASS | Read RS2 | addr=2 -> data=0x1b66
PASS | Read RS1 | addr=2 -> data=0x1b66
PASS | Read RS2 | addr=2 -> data=0x1b66
PASS | Read RS1 | addr=1 -> data=0x498
PASS | Read RS2 | addr=2 -> data=0x1b66
PASS | Read RS1 | addr=3 -> data=0x51f2
PASS | Read RS2 | addr=1 -> data=0x498
PASS | Read RS1 | addr=4 -> data=0x1ab7
PASS | Read RS2 | addr=5 -> data=0xe5ce
PASS | Read RS1 | addr=1 -> data=0x498
PASS | Read RS2 | addr=4 -> data=0x1ab7
PASS | Read RS1 | addr=0 -> data=0x0
PASS | Read RS2 | addr=6 -> data=0xb958
PASS | Read RS1 | addr=7 -> data=0xaf60
PASS | Read RS2 | addr=2 -> data=0x1b66
PASS | Read RS1 | addr=2 -> data=0x1b66
PASS | Read RS2 | addr=4 -> data=0x1ab7
PASS | Read RS1 | addr=5 -> data=0xe5ce
PASS | Read RS2 | addr=6 -> data=0xb958
PASS | Read RS1 | addr=7 -> data=0xaf60
PASS | Read RS2 | addr=0 -> data=0x0
PASS | Read RS1 | addr=4 -> data=0x1ab7
PASS | Read RS2 | addr=0 -> data=0x0
PASS | Read RS1 | addr=2 -> data=0x1b66
PASS | Read RS2 | addr=3 -> data=0x51f2
PASS | Read RS1 | addr=5 -> data=0xe5ce
PASS | Read RS2 | addr=0 -> data=0x0
PASS | Read RS1 | addr=4 -> data=0x1ab7
PASS | Read RS2 | addr=4 -> data=0x1ab7
PASS | Read RS1 | addr=1 -> data=0x498
PASS | Read RS2 | addr=2 -> data=0x1b66
PASS | Read RS1 | addr=2 -> data=0x1b66
PASS | Read RS2 | addr=4 -> data=0x1ab7
PASS | Read RS1 | addr=2 -> data=0x1b66
PASS | Read RS2 | addr=6 -> data=0xb958
PASS | Read RS1 | addr=2 -> data=0x1b66
PASS | Read RS2 | addr=3 -> data=0x51f2
PASS | Read RS1 | addr=6 -> data=0xb958
PASS | Read RS2 | addr=0 -> data=0x0
PASS | Read RS1 | addr=2 -> data=0x1b66
PASS | Read RS2 | addr=2 -> data=0x1b66
PASS | Read RS1 | addr=5 -> data=0xfefd
PASS | Read RS2 | addr=4 -> data=0x1ab7
PASS | Read RS1 | addr=0 -> data=0x0
PASS | Read RS2 | addr=0 -> data=0x0
PASS | Read RS1 | addr=5 -> data=0xfefd
PASS | Read RS2 | addr=3 -> data=0x51f2
PASS | Read RS1 | addr=2 -> data=0x1b66
PASS | Read RS2 | addr=4 -> data=0x1ab7
PASS | Read RS1 | addr=0 -> data=0x0
PASS | Read RS2 | addr=0 -> data=0x0
PASS | Read RS1 | addr=0 -> data=0x0
PASS | Read RS2 | addr=1 -> data=0x498
PASS | Read RS1 | addr=3 -> data=0x51f2
PASS | Read RS2 | addr=0 -> data=0x0
PASS | Read RS1 | addr=1 -> data=0x498
PASS | Read RS2 | addr=3 -> data=0x51f2
PASS | Read RS1 | addr=2 -> data=0x9ebc
PASS | Read RS2 | addr=5 -> data=0xfefd
PASS | Read RS1 | addr=3 -> data=0x51f2
PASS | Read RS2 | addr=6 -> data=0x42fc
PASS | Read RS1 | addr=6 -> data=0x42fc
PASS | Read RS2 | addr=6 -> data=0x42fc
PASS | Read RS1 | addr=5 -> data=0xfefd
PASS | Read RS2 | addr=4 -> data=0x1ab7
PASS | Read RS1 | addr=4 -> data=0x1ab7
PASS | Read RS2 | addr=5 -> data=0xfefd
PASS | Read RS1 | addr=2 -> data=0x9ebc
PASS | Read RS2 | addr=5 -> data=0xfefd
PASS | Read RS1 | addr=4 -> data=0xf655
PASS | Read RS2 | addr=1 -> data=0x498
PASS | Read RS1 | addr=5 -> data=0xfefd
PASS | Read RS2 | addr=4 -> data=0xf655
PASS | Read RS1 | addr=4 -> data=0xf655
PASS | Read RS2 | addr=7 -> data=0x488
PASS | Read RS1 | addr=7 -> data=0xdf0b
PASS | Read RS2 | addr=0 -> data=0x0
PASS | Read RS1 | addr=3 -> data=0x85e9
PASS | Read RS2 | addr=3 -> data=0x85e9
PASS | Read RS1 | addr=3 -> data=0x85e9
PASS | Read RS2 | addr=5 -> data=0xfefd
PASS | Read RS1 | addr=7 -> data=0xe46a
PASS | Read RS2 | addr=3 -> data=0x85e9
PASS | Read RS1 | addr=1 -> data=0x498
PASS | Read RS2 | addr=6 -> data=0x42fc
PASS | Read RS1 | addr=6 -> data=0x42fc
PASS | Read RS2 | addr=3 -> data=0x85e9
PASS | Read RS1 | addr=3 -> data=0x85e9
PASS | Read RS2 | addr=5 -> data=0xfefd
PASS | Read RS1 | addr=7 -> data=0xd91a
PASS | Read RS2 | addr=4 -> data=0xf655
PASS | Read RS1 | addr=6 -> data=0x42fc
PASS | Read RS2 | addr=0 -> data=0x0
PASS | Read RS1 | addr=2 -> data=0x9ebc
PASS | Read RS2 | addr=2 -> data=0x9ebc
PASS | Read RS1 | addr=4 -> data=0xf655
PASS | Read RS2 | addr=0 -> data=0x0
PASS | Read RS1 | addr=0 -> data=0x0
PASS | Read RS2 | addr=2 -> data=0x9ebc
PASS | Read RS1 | addr=2 -> data=0x9ebc
PASS | Read RS2 | addr=5 -> data=0xfefd
PASS | Read RS1 | addr=7 -> data=0xd6df
PASS | Read RS2 | addr=7 -> data=0xd6df
PASS | Read RS1 | addr=6 -> data=0x42fc
PASS | Read RS2 | addr=0 -> data=0x0
PASS | Read RS1 | addr=5 -> data=0xfefd
PASS | Read RS2 | addr=6 -> data=0x42fc
PASS | Read RS1 | addr=3 -> data=0x85e9
PASS | Read RS2 | addr=7 -> data=0x9f3f
PASS | Read RS1 | addr=4 -> data=0xf655
PASS | Read RS2 | addr=2 -> data=0x9ebc
PASS | Read RS1 | addr=1 -> data=0x498
PASS | Read RS2 | addr=2 -> data=0x9ebc
PASS | Read RS1 | addr=5 -> data=0xfefd
PASS | Read RS2 | addr=0 -> data=0x0
PASS | Read RS1 | addr=6 -> data=0x42fc
PASS | Read RS2 | addr=1 -> data=0x498
PASS | Read RS1 | addr=6 -> data=0x42fc
PASS | Read RS2 | addr=1 -> data=0x498
PASS | Read RS1 | addr=7 -> data=0x9f3f
PASS | Read RS2 | addr=7 -> data=0x9f3f
PASS | Read RS1 | addr=7 -> data=0x9f3f
PASS | Read RS2 | addr=0 -> data=0x0
PASS | Read RS1 | addr=5 -> data=0xfefd
PASS | Read RS2 | addr=0 -> data=0x0
PASS | Read RS1 | addr=2 -> data=0x6004
PASS | Read RS2 | addr=3 -> data=0x85e9
PASS | Read RS1 | addr=4 -> data=0x5f61
PASS | Read RS2 | addr=4 -> data=0x5f61
PASS | Read RS1 | addr=7 -> data=0x3d83
PASS | Read RS2 | addr=1 -> data=0x498
PASS | Read RS1 | addr=1 -> data=0x498
PASS | Read RS2 | addr=1 -> data=0x498
PASS | Read RS1 | addr=3 -> data=0x4f0a
PASS | Read RS2 | addr=3 -> data=0x4f0a
PASS | Read RS1 | addr=1 -> data=0x498
PASS | Read RS2 | addr=2 -> data=0x6004
PASS | Read RS1 | addr=0 -> data=0x0
PASS | Read RS2 | addr=2 -> data=0x6004
PASS | Read RS1 | addr=2 -> data=0x6004
PASS | Read RS2 | addr=2 -> data=0x6004
PASS | Read RS1 | addr=1 -> data=0x498
PASS | Read RS2 | addr=2 -> data=0x6004
PASS | Read RS1 | addr=3 -> data=0x4f0a
PASS | Read RS2 | addr=4 -> data=0x5f61
PASS | Read RS1 | addr=7 -> data=0x6a02
PASS | Read RS2 | addr=5 -> data=0xfefd
PASS | Read RS1 | addr=5 -> data=0xfefd
PASS | Read RS2 | addr=1 -> data=0x498
PASS | Read RS1 | addr=2 -> data=0x6004
PASS | Read RS2 | addr=0 -> data=0x0
PASS | Read RS1 | addr=3 -> data=0x4f0a
PASS | Read RS2 | addr=1 -> data=0x498
PASS | Read RS1 | addr=4 -> data=0x5f61
PASS | Read RS2 | addr=7 -> data=0xd693
PASS | Read RS1 | addr=3 -> data=0x4f0a
PASS | Read RS2 | addr=6 -> data=0x5336
PASS | Read RS1 | addr=4 -> data=0x5f61
PASS | Read RS2 | addr=5 -> data=0xfefd
PASS | Read RS1 | addr=2 -> data=0x6004
PASS | Read RS2 | addr=0 -> data=0x0
PASS | Read RS1 | addr=2 -> data=0x6004
PASS | Read RS2 | addr=6 -> data=0x5336
PASS | Read RS1 | addr=7 -> data=0xd693
PASS | Read RS2 | addr=3 -> data=0x4f0a
PASS | Read RS1 | addr=5 -> data=0xfefd
PASS | Read RS2 | addr=0 -> data=0x0
PASS | Read RS1 | addr=2 -> data=0x6004
PASS | Read RS2 | addr=5 -> data=0xfefd
PASS | Read RS1 | addr=2 -> data=0x6004
PASS | Read RS2 | addr=5 -> data=0xfefd
PASS | Read RS1 | addr=2 -> data=0x6004
PASS | Read RS2 | addr=2 -> data=0x6004
PASS | Read RS1 | addr=3 -> data=0x4f0a
PASS | Read RS2 | addr=1 -> data=0x498
PASS | Read RS1 | addr=2 -> data=0x6004
PASS | Read RS2 | addr=4 -> data=0x787b
PASS | Read RS1 | addr=3 -> data=0x4f0a
PASS | Read RS2 | addr=1 -> data=0x498
PASS | Read RS1 | addr=7 -> data=0x15c8
PASS | Read RS2 | addr=1 -> data=0x498
PASS | Read RS1 | addr=2 -> data=0x6004
PASS | Read RS2 | addr=6 -> data=0xfe4d
PASS | Read RS1 | addr=6 -> data=0xfe4d
PASS | Read RS2 | addr=3 -> data=0x4f0a
PASS | Read RS1 | addr=1 -> data=0x498
PASS | Read RS2 | addr=6 -> data=0xfe4d
PASS | Read RS1 | addr=3 -> data=0x4f0a
PASS | Read RS2 | addr=7 -> data=0x3d2a
PASS | Read RS1 | addr=5 -> data=0x7739
PASS | Read RS2 | addr=4 -> data=0xe375
PASS | Read RS1 | addr=3 -> data=0x4f0a
PASS | Read RS2 | addr=0 -> data=0x0
PASS | Read RS1 | addr=2 -> data=0xb739
PASS | Read RS2 | addr=3 -> data=0x4f0a
PASS | Read RS1 | addr=5 -> data=0x7739
PASS | Read RS2 | addr=3 -> data=0x4f0a
PASS | Read RS1 | addr=7 -> data=0x1946
PASS | Read RS2 | addr=0 -> data=0x0
PASS | Read RS1 | addr=2 -> data=0xb739
PASS | Read RS2 | addr=4 -> data=0xe375
PASS | Read RS1 | addr=2 -> data=0xb739
PASS | Read RS2 | addr=0 -> data=0x0
PASS | Read RS1 | addr=2 -> data=0xb739
PASS | Read RS2 | addr=2 -> data=0xb739
PASS | Read RS1 | addr=4 -> data=0xe375
PASS | Read RS2 | addr=2 -> data=0xb739
PASS | Read RS1 | addr=0 -> data=0x0
PASS | Read RS2 | addr=6 -> data=0xfe4d
PASS | Read RS1 | addr=4 -> data=0xe375
PASS | Read RS2 | addr=5 -> data=0x7739
PASS | Read RS1 | addr=2 -> data=0xb739
PASS | Read RS2 | addr=1 -> data=0xea8a
PASS | Read RS1 | addr=5 -> data=0x7739
PASS | Read RS2 | addr=2 -> data=0xb739
PASS | Read RS1 | addr=1 -> data=0xea8a
PASS | Read RS2 | addr=5 -> data=0x7739
PASS | Read RS1 | addr=0 -> data=0x0
PASS | Read RS2 | addr=3 -> data=0x4f0a
PASS | Read RS1 | addr=6 -> data=0xfe4d
PASS | Read RS2 | addr=3 -> data=0x4f0a
PASS | Read RS1 | addr=3 -> data=0x4f0a
PASS | Read RS2 | addr=6 -> data=0xfe4d
PASS | Read RS1 | addr=5 -> data=0x7739
PASS | Read RS2 | addr=3 -> data=0x4f0a
PASS | Read RS1 | addr=6 -> data=0xfe4d
PASS | Read RS2 | addr=3 -> data=0x4f0a
PASS | Read RS1 | addr=2 -> data=0xdba0
PASS | Read RS2 | addr=3 -> data=0x4f0a
PASS | Read RS1 | addr=4 -> data=0xa27
PASS | Read RS2 | addr=6 -> data=0xfe4d
PASS | Read RS1 | addr=6 -> data=0xfe4d
PASS | Read RS2 | addr=5 -> data=0x7739
PASS | Read RS1 | addr=7 -> data=0x3977
PASS | Read RS2 | addr=4 -> data=0xa27
PASS | Read RS1 | addr=7 -> data=0x3977
PASS | Read RS2 | addr=6 -> data=0xfe4d
PASS | Read RS1 | addr=6 -> data=0xfe4d
PASS | Read RS2 | addr=3 -> data=0x4f0a
PASS | Read RS1 | addr=6 -> data=0xfe4d
PASS | Read RS2 | addr=2 -> data=0xdba0
PASS | Read RS1 | addr=7 -> data=0x3977
PASS | Read RS2 | addr=7 -> data=0x3977
PASS | Read RS1 | addr=2 -> data=0xdba0
PASS | Read RS2 | addr=2 -> data=0xdba0
PASS | Read RS1 | addr=3 -> data=0x4f0a
PASS | Read RS2 | addr=1 -> data=0xea8a
PASS | Read RS1 | addr=1 -> data=0xea8a
PASS | Read RS2 | addr=7 -> data=0xb384
PASS | Read RS1 | addr=4 -> data=0xdb06
PASS | Read RS2 | addr=3 -> data=0x4f0a
PASS | Read RS1 | addr=6 -> data=0xfe4d
PASS | Read RS2 | addr=1 -> data=0xea8a
PASS | Read RS1 | addr=3 -> data=0x4f0a
PASS | Read RS2 | addr=5 -> data=0x7739
PASS | Read RS1 | addr=4 -> data=0xdb06
PASS | Read RS2 | addr=7 -> data=0xe2c7
PASS | Read RS1 | addr=7 -> data=0xe2c7
PASS | Read RS2 | addr=3 -> data=0x4f0a
PASS | Read RS1 | addr=7 -> data=0x8bd6
PASS | Read RS2 | addr=2 -> data=0xdba0
PASS | Read RS1 | addr=2 -> data=0xdba0
PASS | Read RS2 | addr=4 -> data=0xdb06
PASS | Read RS1 | addr=0 -> data=0x0
PASS | Read RS2 | addr=2 -> data=0xdba0
PASS | Read RS1 | addr=7 -> data=0x8bd6
PASS | Read RS2 | addr=3 -> data=0x4f0a
PASS | Read RS1 | addr=7 -> data=0x8bd6
PASS | Read RS2 | addr=0 -> data=0x0
PASS | Read RS1 | addr=2 -> data=0xdba0
PASS | Read RS2 | addr=6 -> data=0xfe4d
PASS | Read RS1 | addr=5 -> data=0x76ff
PASS | Read RS2 | addr=2 -> data=0xdba0
PASS | Read RS1 | addr=1 -> data=0xea8a
PASS | Read RS2 | addr=7 -> data=0x686c
PASS | Read RS1 | addr=2 -> data=0xdba0
PASS | Read RS2 | addr=4 -> data=0xdb06
PASS | Read RS1 | addr=3 -> data=0x4f0a
PASS | Read RS2 | addr=2 -> data=0xdba0
PASS | Read RS1 | addr=6 -> data=0xfe4d
PASS | Read RS2 | addr=1 -> data=0xffba
PASS | Read RS1 | addr=7 -> data=0x686c
PASS | Read RS2 | addr=3 -> data=0x4f0a
PASS | Read RS1 | addr=6 -> data=0xfe4d
PASS | Read RS2 | addr=0 -> data=0x0
PASS | Read RS1 | addr=3 -> data=0x4f0a
PASS | Read RS2 | addr=7 -> data=0x686c
PASS | Read RS1 | addr=5 -> data=0x76ff
PASS | Read RS2 | addr=0 -> data=0x0
PASS | Read RS1 | addr=6 -> data=0xfe4d
PASS | Read RS2 | addr=4 -> data=0xdb06
PASS | Read RS1 | addr=4 -> data=0xdb06
PASS | Read RS2 | addr=3 -> data=0x4f0a
PASS | Read RS1 | addr=2 -> data=0xdba0
PASS | Read RS2 | addr=4 -> data=0xdb06
PASS | Read RS1 | addr=4 -> data=0xdb06
PASS | Read RS2 | addr=0 -> data=0x0
PASS | Read RS1 | addr=1 -> data=0xffba
PASS | Read RS2 | addr=6 -> data=0xfe4d
PASS | Read RS1 | addr=0 -> data=0x0
PASS | Read RS2 | addr=2 -> data=0xdba0
PASS | Read RS1 | addr=2 -> data=0xdba0
PASS | Read RS2 | addr=2 -> data=0xdba0
PASS | Read RS1 | addr=6 -> data=0xfe4d
PASS | Read RS2 | addr=0 -> data=0x0
PASS | Read RS1 | addr=5 -> data=0x76ff
PASS | Read RS2 | addr=4 -> data=0xdb06
PASS | Read RS1 | addr=7 -> data=0x4d9e
PASS | Read RS2 | addr=0 -> data=0x0
PASS | Read RS1 | addr=5 -> data=0x76ff
PASS | Read RS2 | addr=3 -> data=0xa61e
PASS | Read RS1 | addr=7 -> data=0x2407
PASS | Read RS2 | addr=1 -> data=0xffba
PASS | Read RS1 | addr=5 -> data=0x76ff
PASS | Read RS2 | addr=1 -> data=0xffba
PASS | Read RS1 | addr=7 -> data=0x518
PASS | Read RS2 | addr=5 -> data=0x76ff
PASS | Read RS1 | addr=1 -> data=0xffba
PASS | Read RS2 | addr=7 -> data=0x518
PASS | Read RS1 | addr=5 -> data=0xe917
PASS | Read RS2 | addr=6 -> data=0xfe4d
PASS | Read RS1 | addr=3 -> data=0xa61e
PASS | Read RS2 | addr=4 -> data=0xdb06
PASS | Read RS1 | addr=0 -> data=0x0
PASS | Read RS2 | addr=5 -> data=0xe917
PASS | Read RS1 | addr=2 -> data=0xdba0
PASS | Read RS2 | addr=0 -> data=0x0
PASS | Read RS1 | addr=4 -> data=0xdb06
PASS | Read RS2 | addr=2 -> data=0xdba0
PASS | Read RS1 | addr=3 -> data=0xa61e
PASS | Read RS2 | addr=6 -> data=0xfe4d
PASS | Read RS1 | addr=2 -> data=0xc58c
PASS | Read RS2 | addr=1 -> data=0xffba
PASS | Read RS1 | addr=0 -> data=0x0
PASS | Read RS2 | addr=7 -> data=0xbd90
PASS | Read RS1 | addr=2 -> data=0xc58c
PASS | Read RS2 | addr=7 -> data=0xbd90
PASS | Read RS1 | addr=2 -> data=0xc58c
PASS | Read RS2 | addr=5 -> data=0xe917
PASS | Read RS1 | addr=5 -> data=0xe917
PASS | Read RS2 | addr=0 -> data=0x0
PASS | Read RS1 | addr=0 -> data=0x0
PASS | Read RS2 | addr=3 -> data=0xa61e
PASS | Read RS1 | addr=3 -> data=0xa61e
PASS | Read RS2 | addr=1 -> data=0xffba
PASS | Read RS1 | addr=7 -> data=0xf3a
PASS | Read RS2 | addr=1 -> data=0xffba
PASS | Read RS1 | addr=4 -> data=0xdb06
PASS | Read RS2 | addr=1 -> data=0xffba
PASS | Read RS1 | addr=2 -> data=0xc58c
PASS | Read RS2 | addr=2 -> data=0xc58c
PASS | Read RS1 | addr=3 -> data=0x6f32
PASS | Read RS2 | addr=5 -> data=0x4ffd
PASS | Read RS1 | addr=0 -> data=0x0
PASS | Read RS2 | addr=4 -> data=0xdb06
PASS | Read RS1 | addr=5 -> data=0x4ffd
PASS | Read RS2 | addr=3 -> data=0x6f32
PASS | Read RS1 | addr=3 -> data=0x6f32
PASS | Read RS2 | addr=4 -> data=0xdb06
PASS | Read RS1 | addr=4 -> data=0xdb06
PASS | Read RS2 | addr=4 -> data=0xdb06
PASS | Read RS1 | addr=3 -> data=0x6f32
PASS | Read RS2 | addr=5 -> data=0x4ffd
PASS | Read RS1 | addr=0 -> data=0x0
PASS | Read RS2 | addr=6 -> data=0xfe4d
PASS | Read RS1 | addr=4 -> data=0xdb06
PASS | Read RS2 | addr=7 -> data=0xe02c
PASS | Read RS1 | addr=2 -> data=0x188f
PASS | Read RS2 | addr=7 -> data=0xe02c
PASS | Read RS1 | addr=2 -> data=0x188f
PASS | Read RS2 | addr=1 -> data=0xffba
PASS | Read RS1 | addr=0 -> data=0x0
PASS | Read RS2 | addr=3 -> data=0x6f32
PASS | Read RS1 | addr=4 -> data=0xdb06
PASS | Read RS2 | addr=1 -> data=0xffba
PASS | Read RS1 | addr=1 -> data=0xffba
PASS | Read RS2 | addr=0 -> data=0x0
PASS | Read RS1 | addr=0 -> data=0x0
PASS | Read RS2 | addr=2 -> data=0xe614
PASS | Read RS1 | addr=6 -> data=0xfe4d
PASS | Read RS2 | addr=2 -> data=0xe614
PASS | Read RS1 | addr=4 -> data=0xdb06
PASS | Read RS2 | addr=5 -> data=0x496a
PASS | Read RS1 | addr=1 -> data=0xffba
PASS | Read RS2 | addr=5 -> data=0x496a
PASS | Read RS1 | addr=4 -> data=0xdb06
PASS | Read RS2 | addr=1 -> data=0xffba
PASS | Read RS1 | addr=1 -> data=0xffba
PASS | Read RS2 | addr=2 -> data=0xe614
PASS | Read RS1 | addr=2 -> data=0xe614
PASS | Read RS2 | addr=0 -> data=0x0
PASS | Read RS1 | addr=6 -> data=0xfe4d
PASS | Read RS2 | addr=2 -> data=0xe614
PASS | Read RS1 | addr=2 -> data=0xe614
PASS | Read RS2 | addr=3 -> data=0x6f32
PASS | Read RS1 | addr=3 -> data=0x6f32
PASS | Read RS2 | addr=4 -> data=0xdb06
PASS | Read RS1 | addr=0 -> data=0x0
PASS | Read RS2 | addr=2 -> data=0xe614
PASS | Read RS1 | addr=6 -> data=0xfe4d
PASS | Read RS2 | addr=3 -> data=0x6f32
PASS | Read RS1 | addr=4 -> data=0x87ce
PASS | Read RS2 | addr=1 -> data=0xffba
PASS | Read RS1 | addr=3 -> data=0x6f32
PASS | Read RS2 | addr=3 -> data=0x6f32
PASS | Read RS1 | addr=1 -> data=0xffba
PASS | Read RS2 | addr=1 -> data=0xffba
PASS | Read RS1 | addr=0 -> data=0x0
PASS | Read RS2 | addr=6 -> data=0xfe4d
PASS | Read RS1 | addr=3 -> data=0x6f32
PASS | Read RS2 | addr=0 -> data=0x0
PASS | Read RS1 | addr=0 -> data=0x0
PASS | Read RS2 | addr=6 -> data=0xfe4d
PASS | Read RS1 | addr=4 -> data=0x87ce
PASS | Read RS2 | addr=3 -> data=0x67e4
PASS | Read RS1 | addr=7 -> data=0xd2c1
PASS | Read RS2 | addr=2 -> data=0xe614
PASS | Read RS1 | addr=0 -> data=0x0
PASS | Read RS2 | addr=6 -> data=0xfe4d
PASS | Read RS1 | addr=5 -> data=0x496a
PASS | Read RS2 | addr=7 -> data=0xd2c1
PASS | Read RS1 | addr=3 -> data=0x67e4
PASS | Read RS2 | addr=0 -> data=0x0
PASS | Read RS1 | addr=6 -> data=0x67e2
PASS | Read RS2 | addr=7 -> data=0x5d49
PASS | Read RS1 | addr=4 -> data=0x87ce
PASS | Read RS2 | addr=3 -> data=0x67e4
PASS | Read RS1 | addr=7 -> data=0x5d49
PASS | Read RS2 | addr=6 -> data=0x67e2
PASS | Read RS1 | addr=7 -> data=0x5d49
PASS | Read RS2 | addr=7 -> data=0x5d49
PASS | Read RS1 | addr=1 -> data=0xa372
PASS | Read RS2 | addr=4 -> data=0x87ce
PASS | Read RS1 | addr=3 -> data=0x67e4
PASS | Read RS2 | addr=3 -> data=0x67e4
PASS | Read RS1 | addr=4 -> data=0x87ce
PASS | Read RS2 | addr=1 -> data=0xa372
PASS | Read RS1 | addr=6 -> data=0x67e2
PASS | Read RS2 | addr=3 -> data=0x233d
PASS | Read RS1 | addr=7 -> data=0x2929
PASS | Read RS2 | addr=3 -> data=0x233d
PASS | Read RS1 | addr=2 -> data=0xe614
PASS | Read RS2 | addr=2 -> data=0xe614
PASS | Read RS1 | addr=4 -> data=0x87ce
PASS | Read RS2 | addr=5 -> data=0x496a
PASS | Read RS1 | addr=7 -> data=0x1ab5
PASS | Read RS2 | addr=2 -> data=0xe614
PASS | Read RS1 | addr=0 -> data=0x0
PASS | Read RS2 | addr=2 -> data=0xe614
PASS | Read RS1 | addr=5 -> data=0x496a
PASS | Read RS2 | addr=5 -> data=0x496a
PASS | Read RS1 | addr=1 -> data=0xa372
PASS | Read RS2 | addr=0 -> data=0x0
PASS | Read RS1 | addr=0 -> data=0x0
PASS | Read RS2 | addr=6 -> data=0x67e2
PASS | Read RS1 | addr=6 -> data=0x67e2
PASS | Read RS2 | addr=1 -> data=0xa372
PASS | Read RS1 | addr=1 -> data=0xa372
PASS | Read RS2 | addr=5 -> data=0x7d42
PASS | Read RS1 | addr=3 -> data=0x233d
PASS | Read RS2 | addr=7 -> data=0x1ab5
PASS | Read RS1 | addr=1 -> data=0xa372
PASS | Read RS2 | addr=7 -> data=0xd012
PASS | Read RS1 | addr=4 -> data=0x87ce
PASS | Read RS2 | addr=5 -> data=0x7d42
PASS | Read RS1 | addr=4 -> data=0x87ce
PASS | Read RS2 | addr=7 -> data=0xd012
PASS | Read RS1 | addr=6 -> data=0x9eab
PASS | Read RS2 | addr=5 -> data=0x7d42
PASS | Read RS1 | addr=3 -> data=0x233d
PASS | Read RS2 | addr=5 -> data=0x7d42
PASS | Read RS1 | addr=6 -> data=0x9eab
PASS | Read RS2 | addr=5 -> data=0x7d42
PASS | Read RS1 | addr=1 -> data=0xa372
PASS | Read RS2 | addr=3 -> data=0xf5ff
PASS | Read RS1 | addr=3 -> data=0xf5ff
PASS | Read RS2 | addr=5 -> data=0x7586
PASS | Read RS1 | addr=4 -> data=0x87ce
PASS | Read RS2 | addr=4 -> data=0x87ce
PASS | Read RS1 | addr=1 -> data=0xa372
PASS | Read RS2 | addr=3 -> data=0xc0d0
PASS | Read RS1 | addr=3 -> data=0xc0d0
PASS | Read RS2 | addr=2 -> data=0xe614
PASS | Read RS1 | addr=5 -> data=0xe907
PASS | Read RS2 | addr=0 -> data=0x0
PASS | Read RS1 | addr=6 -> data=0x8bc6
PASS | Read RS2 | addr=4 -> data=0x87ce
PASS | Read RS1 | addr=3 -> data=0xc0d0
PASS | Read RS2 | addr=1 -> data=0xa372
PASS | Read RS1 | addr=7 -> data=0x6e6e
PASS | Read RS2 | addr=3 -> data=0xc0d0
PASS | Read RS1 | addr=5 -> data=0xe907
PASS | Read RS2 | addr=2 -> data=0x7e13
PASS | Read RS1 | addr=0 -> data=0x0
PASS | Read RS2 | addr=3 -> data=0xc0d0
PASS | Read RS1 | addr=6 -> data=0x8bc6
PASS | Read RS2 | addr=6 -> data=0x8bc6
PASS | Read RS1 | addr=3 -> data=0xc0d0
PASS | Read RS2 | addr=3 -> data=0xc0d0
PASS | Read RS1 | addr=4 -> data=0x87ce
PASS | Read RS2 | addr=1 -> data=0xa372
PASS | Read RS1 | addr=7 -> data=0xa947
PASS | Read RS2 | addr=5 -> data=0xe907
PASS | Read RS1 | addr=3 -> data=0xc0d0
PASS | Read RS2 | addr=6 -> data=0x8bc6
PASS | Read RS1 | addr=0 -> data=0x0
PASS | Read RS2 | addr=2 -> data=0x7e13
PASS | Read RS1 | addr=1 -> data=0xa372
PASS | Read RS2 | addr=5 -> data=0xe907
PASS | Read RS1 | addr=0 -> data=0x0
PASS | Read RS2 | addr=7 -> data=0xecf
PASS | Read RS1 | addr=1 -> data=0xa372
PASS | Read RS2 | addr=3 -> data=0xc0d0
PASS | Read RS1 | addr=3 -> data=0xc0d0
PASS | Read RS2 | addr=2 -> data=0x7e13
PASS | Read RS1 | addr=2 -> data=0x7e13
PASS | Read RS2 | addr=4 -> data=0x87ce
PASS | Read RS1 | addr=1 -> data=0xa372
PASS | Read RS2 | addr=4 -> data=0x87ce
PASS | Read RS1 | addr=6 -> data=0x8bc6
PASS | Read RS2 | addr=5 -> data=0xe907
PASS | Read RS1 | addr=5 -> data=0xe907
PASS | Read RS2 | addr=6 -> data=0x8bc6
PASS | Read RS1 | addr=2 -> data=0x7e13
PASS | Read RS2 | addr=1 -> data=0xa372
PASS | Read RS1 | addr=6 -> data=0x8bc6
PASS | Read RS2 | addr=3 -> data=0xc0d0
PASS | Read RS1 | addr=2 -> data=0x7e13
PASS | Read RS2 | addr=2 -> data=0x7e13
PASS | Read RS1 | addr=6 -> data=0x8bc6
PASS | Read RS2 | addr=7 -> data=0x8e3c
PASS | Read RS1 | addr=4 -> data=0x8749
PASS | Read RS2 | addr=4 -> data=0x8749
PASS | Read RS1 | addr=2 -> data=0x7e13
PASS | Read RS2 | addr=2 -> data=0x7e13
PASS | Read RS1 | addr=5 -> data=0xe907
PASS | Read RS2 | addr=6 -> data=0x8bc6
PASS | Read RS1 | addr=4 -> data=0x8749
PASS | Read RS2 | addr=3 -> data=0xc0d0
PASS | Read RS1 | addr=6 -> data=0x8bc6
PASS | Read RS2 | addr=5 -> data=0xe907
PASS | Read RS1 | addr=1 -> data=0x5cc5
PASS | Read RS2 | addr=7 -> data=0x8e3c
PASS | Read RS1 | addr=3 -> data=0xc0d0
PASS | Read RS2 | addr=0 -> data=0x0
PASS | Read RS1 | addr=5 -> data=0x49bf
PASS | Read RS2 | addr=5 -> data=0x49bf
PASS | Read RS1 | addr=6 -> data=0x8bc6
PASS | Read RS2 | addr=3 -> data=0xc0d0
PASS | Read RS1 | addr=2 -> data=0xd93d
PASS | Read RS2 | addr=1 -> data=0x5cc5
PASS | Read RS1 | addr=3 -> data=0xc0d0
PASS | Read RS2 | addr=7 -> data=0x8e3c
PASS | Read RS1 | addr=1 -> data=0x5cc5
PASS | Read RS2 | addr=7 -> data=0x8e3c
PASS | Read RS1 | addr=2 -> data=0xd93d
PASS | Read RS2 | addr=0 -> data=0x0
PASS | Read RS1 | addr=5 -> data=0x49bf
PASS | Read RS2 | addr=6 -> data=0x8bc6
PASS | Read RS1 | addr=0 -> data=0x0
PASS | Read RS2 | addr=3 -> data=0xc0d0
PASS | Read RS1 | addr=0 -> data=0x0
PASS | Read RS2 | addr=4 -> data=0x8749
PASS | Read RS1 | addr=1 -> data=0x5cc5
PASS | Read RS2 | addr=0 -> data=0x0
PASS | Read RS1 | addr=4 -> data=0x8749
PASS | Read RS2 | addr=2 -> data=0xd93d
PASS | Read RS1 | addr=3 -> data=0xc0d0
PASS | Read RS2 | addr=3 -> data=0xc0d0
PASS | Read RS1 | addr=6 -> data=0x8bc6
PASS | Read RS2 | addr=5 -> data=0x49bf
PASS | Read RS1 | addr=5 -> data=0x49bf
PASS | Read RS2 | addr=2 -> data=0xd93d
PASS | Read RS1 | addr=3 -> data=0xc0d0
PASS | Read RS2 | addr=0 -> data=0x0
PASS | Read RS1 | addr=6 -> data=0x8bc6
PASS | Read RS2 | addr=7 -> data=0x9ebf
PASS | Read RS1 | addr=2 -> data=0xd93d
PASS | Read RS2 | addr=1 -> data=0x5cc5
PASS | Read RS1 | addr=3 -> data=0xc0d0
PASS | Read RS2 | addr=7 -> data=0x336c
PASS | Read RS1 | addr=7 -> data=0x336c
PASS | Read RS2 | addr=5 -> data=0x4f49
PASS | Read RS1 | addr=5 -> data=0x4f49
PASS | Read RS2 | addr=4 -> data=0xbe59
PASS | Read RS1 | addr=1 -> data=0x5cc5
PASS | Read RS2 | addr=0 -> data=0x0
PASS | Read RS1 | addr=2 -> data=0xd93d
PASS | Read RS2 | addr=1 -> data=0x5cc5
PASS | Read RS1 | addr=5 -> data=0x4f49
PASS | Read RS2 | addr=6 -> data=0x8bc6
PASS | Read RS1 | addr=2 -> data=0xd93d
PASS | Read RS2 | addr=3 -> data=0xc0d0
PASS | Read RS1 | addr=6 -> data=0x8bc6
PASS | Read RS2 | addr=6 -> data=0x8bc6
PASS | Read RS1 | addr=0 -> data=0x0
PASS | Read RS2 | addr=6 -> data=0x8bc6
PASS | Read RS1 | addr=3 -> data=0xc0d0
PASS | Read RS2 | addr=2 -> data=0xd93d
PASS | Read RS1 | addr=5 -> data=0x4f49
PASS | Read RS2 | addr=5 -> data=0x4f49
PASS | Read RS1 | addr=1 -> data=0x2a6
PASS | Read RS2 | addr=4 -> data=0xbe59
PASS | Read RS1 | addr=1 -> data=0x7def
PASS | Read RS2 | addr=3 -> data=0xc0d0
PASS | Read RS1 | addr=5 -> data=0x4f49
PASS | Read RS2 | addr=7 -> data=0x6ba
PASS | Read RS1 | addr=5 -> data=0x4f49
PASS | Read RS2 | addr=7 -> data=0x6618
PASS | Read RS1 | addr=3 -> data=0xc0d0
PASS | Read RS2 | addr=1 -> data=0x7def
PASS | Read RS1 | addr=0 -> data=0x0
PASS | Read RS2 | addr=6 -> data=0x8bc6
PASS | Read RS1 | addr=3 -> data=0xc0d0
PASS | Read RS2 | addr=2 -> data=0xd93d
PASS | Read RS1 | addr=7 -> data=0x22b8
PASS | Read RS2 | addr=0 -> data=0x0
PASS | Read RS1 | addr=6 -> data=0x8bc6
PASS | Read RS2 | addr=2 -> data=0xd93d
PASS | Read RS1 | addr=7 -> data=0x9abe
PASS | Read RS2 | addr=7 -> data=0x9abe
PASS | Read RS1 | addr=0 -> data=0x0
PASS | Read RS2 | addr=2 -> data=0xd93d
PASS | Read RS1 | addr=0 -> data=0x0
PASS | Read RS2 | addr=2 -> data=0xd93d
PASS | Read RS1 | addr=5 -> data=0x4f49
PASS | Read RS2 | addr=7 -> data=0xd8db
PASS | Read RS1 | addr=4 -> data=0xbe59
PASS | Read RS2 | addr=6 -> data=0x8bc6
PASS | Read RS1 | addr=0 -> data=0x0
PASS | Read RS2 | addr=3 -> data=0xc0d0
PASS | Read RS1 | addr=2 -> data=0xd93d
PASS | Read RS2 | addr=5 -> data=0x1eba
PASS | Read RS1 | addr=0 -> data=0x0
PASS | Read RS2 | addr=6 -> data=0x8bc6
PASS | Read RS1 | addr=2 -> data=0xd93d
PASS | Read RS2 | addr=0 -> data=0x0
PASS | Read RS1 | addr=5 -> data=0x1eba
PASS | Read RS2 | addr=7 -> data=0x48df
PASS | Read RS1 | addr=6 -> data=0x8bc6
PASS | Read RS2 | addr=5 -> data=0x1eba
PASS | Read RS1 | addr=7 -> data=0x9f50
PASS | Read RS2 | addr=7 -> data=0x9f50
PASS | Read RS1 | addr=5 -> data=0x1eba
PASS | Read RS2 | addr=6 -> data=0x8bc6
PASS | Read RS1 | addr=1 -> data=0xd5db
PASS | Read RS2 | addr=3 -> data=0xc0d0
PASS | Read RS1 | addr=4 -> data=0xbe59
PASS | Read RS2 | addr=7 -> data=0xf612
PASS | Read RS1 | addr=4 -> data=0xbe59
PASS | Read RS2 | addr=7 -> data=0x87be
PASS | Read RS1 | addr=1 -> data=0xd5db
PASS | Read RS2 | addr=5 -> data=0x1eba
PASS | Read RS1 | addr=0 -> data=0x0
PASS | Read RS2 | addr=4 -> data=0xbe59
PASS | Read RS1 | addr=4 -> data=0xbe59
PASS | Read RS2 | addr=4 -> data=0xbe59
PASS | Read RS1 | addr=1 -> data=0xd5db
PASS | Read RS2 | addr=6 -> data=0x8bc6
PASS | Read RS1 | addr=1 -> data=0xd5db
PASS | Read RS2 | addr=2 -> data=0xd93d
PASS | Read RS1 | addr=2 -> data=0xd93d
PASS | Read RS2 | addr=1 -> data=0xd5db
PASS | Read RS1 | addr=0 -> data=0x0
PASS | Read RS2 | addr=3 -> data=0xc0d0
PASS | Read RS1 | addr=5 -> data=0x1eba
PASS | Read RS2 | addr=7 -> data=0xaaf9
PASS | Read RS1 | addr=4 -> data=0xbe59
PASS | Read RS2 | addr=0 -> data=0x0
PASS | Read RS1 | addr=7 -> data=0x9f5d
PASS | Read RS2 | addr=6 -> data=0x8bc6
PASS | Read RS1 | addr=7 -> data=0x9f5d
PASS | Read RS2 | addr=7 -> data=0x9f5d
PASS | Read RS1 | addr=1 -> data=0xd5db
PASS | Read RS2 | addr=0 -> data=0x0
PASS | Read RS1 | addr=3 -> data=0xc0d0
PASS | Read RS2 | addr=2 -> data=0xd93d
PASS | Read RS1 | addr=5 -> data=0x1eba
PASS | Read RS2 | addr=2 -> data=0xd93d
PASS | Read RS1 | addr=7 -> data=0x3a23
PASS | Read RS2 | addr=3 -> data=0xc0d0
PASS | Read RS1 | addr=2 -> data=0xd93d
PASS | Read RS2 | addr=7 -> data=0x3a23
PASS | Read RS1 | addr=5 -> data=0x1eba
PASS | Read RS2 | addr=5 -> data=0x1eba
PASS | Read RS1 | addr=7 -> data=0x4890
PASS | Read RS2 | addr=2 -> data=0xd93d
PASS | Read RS1 | addr=7 -> data=0x4890
PASS | Read RS2 | addr=2 -> data=0xd93d
PASS | Read RS1 | addr=0 -> data=0x0
PASS | Read RS2 | addr=1 -> data=0xd5db
PASS | Read RS1 | addr=3 -> data=0xc0d0
PASS | Read RS2 | addr=1 -> data=0xd5db
PASS | Read RS1 | addr=0 -> data=0x0
PASS | Read RS2 | addr=3 -> data=0xc0d0
PASS | Read RS1 | addr=7 -> data=0xd17d
PASS | Read RS2 | addr=5 -> data=0x1eba
PASS | Read RS1 | addr=2 -> data=0xd93d
PASS | Read RS2 | addr=7 -> data=0xd17d
PASS | Read RS1 | addr=0 -> data=0x0
PASS | Read RS2 | addr=0 -> data=0x0
PASS | Read RS1 | addr=1 -> data=0xd5db
PASS | Read RS2 | addr=7 -> data=0xd17d
PASS | Read RS1 | addr=4 -> data=0x25d2
PASS | Read RS2 | addr=3 -> data=0xc0d0
PASS | Read RS1 | addr=7 -> data=0x5fcd
PASS | Read RS2 | addr=6 -> data=0x8bc6
PASS | Read RS1 | addr=2 -> data=0xd93d
PASS | Read RS2 | addr=7 -> data=0x5fcd
PASS | Read RS1 | addr=2 -> data=0xd93d
PASS | Read RS2 | addr=1 -> data=0xd5db
PASS | Read RS1 | addr=3 -> data=0xc0d0
PASS | Read RS2 | addr=2 -> data=0xd93d
PASS | Read RS1 | addr=0 -> data=0x0
PASS | Read RS2 | addr=5 -> data=0xec20
PASS | Read RS1 | addr=2 -> data=0xd93d
PASS | Read RS2 | addr=3 -> data=0xc0d0
PASS | Read RS1 | addr=6 -> data=0xe993
PASS | Read RS2 | addr=7 -> data=0xa051
PASS | Read RS1 | addr=1 -> data=0xd5db
PASS | Read RS2 | addr=5 -> data=0xec20
PASS | Read RS1 | addr=5 -> data=0xec20
PASS | Read RS2 | addr=0 -> data=0x0
PASS | Read RS1 | addr=7 -> data=0xa051
PASS | Read RS2 | addr=6 -> data=0xe993
PASS | Read RS1 | addr=3 -> data=0xc0d0
PASS | Read RS2 | addr=7 -> data=0x144b
PASS | Read RS1 | addr=6 -> data=0xe993
PASS | Read RS2 | addr=5 -> data=0xec20
PASS | Read RS1 | addr=4 -> data=0x25d2
PASS | Read RS2 | addr=0 -> data=0x0
PASS | Read RS1 | addr=0 -> data=0x0
PASS | Read RS2 | addr=0 -> data=0x0
PASS | Read RS1 | addr=1 -> data=0x114f
PASS | Read RS2 | addr=6 -> data=0xe993
PASS | Read RS1 | addr=2 -> data=0x9d29
PASS | Read RS2 | addr=6 -> data=0xe993
PASS | Read RS1 | addr=3 -> data=0xc0d0
PASS | Read RS2 | addr=4 -> data=0x25d2
PASS | Read RS1 | addr=0 -> data=0x0
PASS | Read RS2 | addr=3 -> data=0xc0d0
PASS | Read RS1 | addr=4 -> data=0x25d2
PASS | Read RS2 | addr=2 -> data=0x9d29
PASS | Read RS1 | addr=4 -> data=0x25d2
PASS | Read RS2 | addr=6 -> data=0xe993
PASS | Read RS1 | addr=3 -> data=0xc0d0
PASS | Read RS2 | addr=0 -> data=0x0
PASS | Read RS1 | addr=4 -> data=0x25d2
PASS | Read RS2 | addr=1 -> data=0x114f
PASS | Read RS1 | addr=7 -> data=0x9118
PASS | Read RS2 | addr=1 -> data=0x114f
PASS | Read RS1 | addr=4 -> data=0x25d2
PASS | Read RS2 | addr=0 -> data=0x0
PASS | Read RS1 | addr=4 -> data=0x25d2
PASS | Read RS2 | addr=3 -> data=0xc0d0
PASS | Read RS1 | addr=1 -> data=0x114f
PASS | Read RS2 | addr=0 -> data=0x0
PASS | Read RS1 | addr=2 -> data=0x3330
PASS | Read RS2 | addr=5 -> data=0xec20
PASS | Read RS1 | addr=3 -> data=0xc0d0
PASS | Read RS2 | addr=1 -> data=0x114f
PASS | Read RS1 | addr=3 -> data=0xc0d0
PASS | Read RS2 | addr=2 -> data=0x3330
PASS | Read RS1 | addr=7 -> data=0x2e8a
PASS | Read RS2 | addr=7 -> data=0x2e8a
PASS | Read RS1 | addr=4 -> data=0x25d2
PASS | Read RS2 | addr=1 -> data=0x114f
PASS | Read RS1 | addr=6 -> data=0xedbf
PASS | Read RS2 | addr=7 -> data=0xddca
PASS | Read RS1 | addr=6 -> data=0xedbf
PASS | Read RS2 | addr=7 -> data=0x63a2
PASS | Read RS1 | addr=0 -> data=0x0
PASS | Read RS2 | addr=2 -> data=0x3330
PASS | Read RS1 | addr=7 -> data=0x63a2
PASS | Read RS2 | addr=1 -> data=0x114f
PASS | Read RS1 | addr=4 -> data=0xd41d
PASS | Read RS2 | addr=4 -> data=0xd41d
PASS | Read RS1 | addr=3 -> data=0xc0d0
PASS | Read RS2 | addr=3 -> data=0xc0d0
PASS | Read RS1 | addr=3 -> data=0xc0d0
PASS | Read RS2 | addr=3 -> data=0xc0d0
PASS | Read RS1 | addr=3 -> data=0xc0d0
PASS | Read RS2 | addr=1 -> data=0xd304
PASS | Read RS1 | addr=1 -> data=0xd304
PASS | Read RS2 | addr=4 -> data=0xd41d
PASS | Read RS1 | addr=4 -> data=0xd41d
PASS | Read RS2 | addr=0 -> data=0x0
PASS | Read RS1 | addr=5 -> data=0xdf2d
PASS | Read RS2 | addr=0 -> data=0x0
PASS | Read RS1 | addr=4 -> data=0xd41d
PASS | Read RS2 | addr=1 -> data=0xd304
PASS | Read RS1 | addr=6 -> data=0xedbf
PASS | Read RS2 | addr=2 -> data=0x3330
PASS | Read RS1 | addr=2 -> data=0x3330
PASS | Read RS2 | addr=1 -> data=0xd304
PASS | Read RS1 | addr=6 -> data=0xedbf
PASS | Read RS2 | addr=3 -> data=0x3755
PASS | Read RS1 | addr=1 -> data=0xd304
PASS | Read RS2 | addr=3 -> data=0x3755
PASS | Read RS1 | addr=6 -> data=0xedbf
PASS | Read RS2 | addr=3 -> data=0x3755
PASS | Read RS1 | addr=7 -> data=0xd781
PASS | Read RS2 | addr=1 -> data=0xd304
PASS | Read RS1 | addr=0 -> data=0x0
PASS | Read RS2 | addr=0 -> data=0x0
PASS | Read RS1 | addr=6 -> data=0xedbf
PASS | Read RS2 | addr=6 -> data=0xedbf
PASS | Read RS1 | addr=6 -> data=0xedbf
PASS | Read RS2 | addr=7 -> data=0xa9b3
PASS | Read RS1 | addr=5 -> data=0xdf2d
PASS | Read RS2 | addr=7 -> data=0xa9b3
PASS | Read RS1 | addr=5 -> data=0xdf2d
PASS | Read RS2 | addr=2 -> data=0x45a3
PASS | Read RS1 | addr=3 -> data=0x9aa0
PASS | Read RS2 | addr=0 -> data=0x0
PASS | Read RS1 | addr=0 -> data=0x0
PASS | Read RS2 | addr=4 -> data=0xd41d
PASS | Read RS1 | addr=7 -> data=0x48ea
PASS | Read RS2 | addr=0 -> data=0x0
PASS | Read RS1 | addr=6 -> data=0xedbf
PASS | Read RS2 | addr=0 -> data=0x0
PASS | Read RS1 | addr=0 -> data=0x0
PASS | Read RS2 | addr=2 -> data=0x45a3
PASS | Read RS1 | addr=7 -> data=0x48ea
PASS | Read RS2 | addr=7 -> data=0x48ea
PASS | Read RS1 | addr=5 -> data=0xdf2d
PASS | Read RS2 | addr=2 -> data=0x45a3
PASS | Read RS1 | addr=0 -> data=0x0
PASS | Read RS2 | addr=3 -> data=0x9aa0
PASS | Read RS1 | addr=4 -> data=0xb21f
PASS | Read RS2 | addr=1 -> data=0xd304
PASS | Read RS1 | addr=6 -> data=0x2ef7
PASS | Read RS2 | addr=1 -> data=0xd304
PASS | Read RS1 | addr=0 -> data=0x0
PASS | Read RS2 | addr=5 -> data=0xdf2d
PASS | Read RS1 | addr=1 -> data=0xd304
PASS | Read RS2 | addr=4 -> data=0xb21f
PASS | Read RS1 | addr=4 -> data=0xb21f
PASS | Read RS2 | addr=6 -> data=0x2ef7
PASS | Read RS1 | addr=6 -> data=0x1ccb
PASS | Read RS2 | addr=4 -> data=0xb21f
PASS | Read RS1 | addr=0 -> data=0x0
PASS | Read RS2 | addr=6 -> data=0x1ccb
PASS | Read RS1 | addr=7 -> data=0x1ee7
PASS | Read RS2 | addr=1 -> data=0xd304
PASS | Read RS1 | addr=2 -> data=0x45a3
PASS | Read RS2 | addr=6 -> data=0x1ccb
PASS | Read RS1 | addr=4 -> data=0xb21f
PASS | Read RS2 | addr=0 -> data=0x0
PASS | Read RS1 | addr=3 -> data=0x9aa0
PASS | Read RS2 | addr=0 -> data=0x0
PASS | Read RS1 | addr=1 -> data=0xd304
PASS | Read RS2 | addr=1 -> data=0xd304
PASS | Read RS1 | addr=0 -> data=0x0
PASS | Read RS2 | addr=0 -> data=0x0
PASS | Read RS1 | addr=3 -> data=0x9aa0
PASS | Read RS2 | addr=0 -> data=0x0
PASS | Read RS1 | addr=5 -> data=0xc787
PASS | Read RS2 | addr=4 -> data=0xb21f
PASS | Read RS1 | addr=6 -> data=0x39ad
PASS | Read RS2 | addr=7 -> data=0x884f
PASS | Read RS1 | addr=3 -> data=0x9aa0
PASS | Read RS2 | addr=7 -> data=0x884f
PASS | Read RS1 | addr=3 -> data=0x9aa0
PASS | Read RS2 | addr=5 -> data=0xc787
PASS | Read RS1 | addr=1 -> data=0xd304
PASS | Read RS2 | addr=0 -> data=0x0
PASS | Read RS1 | addr=3 -> data=0x9aa0
PASS | Read RS2 | addr=1 -> data=0xd304
PASS | Read RS1 | addr=6 -> data=0x39ad
PASS | Read RS2 | addr=1 -> data=0xd304
PASS | Read RS1 | addr=6 -> data=0x39ad
PASS | Read RS2 | addr=6 -> data=0x39ad
PASS | Read RS1 | addr=4 -> data=0xb21f
PASS | Read RS2 | addr=0 -> data=0x0
PASS | Read RS1 | addr=0 -> data=0x0
PASS | Read RS2 | addr=4 -> data=0x69dd
PASS | Read RS1 | addr=1 -> data=0xd304
PASS | Read RS2 | addr=3 -> data=0x9aa0
PASS | Read RS1 | addr=5 -> data=0xc787
PASS | Read RS2 | addr=4 -> data=0x69dd
PASS | Read RS1 | addr=5 -> data=0xc787
PASS | Read RS2 | addr=2 -> data=0x45a3
PASS | Read RS1 | addr=2 -> data=0x45a3
PASS | Read RS2 | addr=2 -> data=0x45a3
PASS | Read RS1 | addr=1 -> data=0xd304
PASS | Read RS2 | addr=7 -> data=0x3397
PASS | Read RS1 | addr=2 -> data=0x45a3
PASS | Read RS2 | addr=5 -> data=0xc787
PASS | Read RS1 | addr=5 -> data=0xc787
PASS | Read RS2 | addr=3 -> data=0x9aa0
PASS | Read RS1 | addr=2 -> data=0x3e11
PASS | Read RS2 | addr=5 -> data=0xc787
PASS | Read RS1 | addr=4 -> data=0xefe0
PASS | Read RS2 | addr=1 -> data=0xd304
PASS | Read RS1 | addr=3 -> data=0x9aa0
PASS | Read RS2 | addr=6 -> data=0x39ad
PASS | Read RS1 | addr=2 -> data=0x3e11
PASS | Read RS2 | addr=4 -> data=0xefe0
PASS | Read RS1 | addr=6 -> data=0x39ad
PASS | Read RS2 | addr=4 -> data=0xefe0
PASS | Read RS1 | addr=7 -> data=0x6dff
PASS | Read RS2 | addr=2 -> data=0x3e11
PASS | Read RS1 | addr=2 -> data=0x3e11
PASS | Read RS2 | addr=0 -> data=0x0
PASS | Read RS1 | addr=6 -> data=0x39ad
PASS | Read RS2 | addr=6 -> data=0x39ad
PASS | Read RS1 | addr=5 -> data=0x9a11
PASS | Read RS2 | addr=6 -> data=0x39ad
PASS | Read RS1 | addr=1 -> data=0xd304
PASS | Read RS2 | addr=7 -> data=0x52ec
PASS | Read RS1 | addr=4 -> data=0xefe0
PASS | Read RS2 | addr=7 -> data=0x12e
PASS | Read RS1 | addr=0 -> data=0x0
PASS | Read RS2 | addr=3 -> data=0x9aa0
PASS | Read RS1 | addr=4 -> data=0xefe0
PASS | Read RS2 | addr=4 -> data=0xefe0
PASS | Read RS1 | addr=4 -> data=0xefe0
PASS | Read RS2 | addr=7 -> data=0xb818
PASS | Read RS1 | addr=3 -> data=0xc7ba
PASS | Read RS2 | addr=6 -> data=0x39ad
PASS | Read RS1 | addr=0 -> data=0x0
PASS | Read RS2 | addr=4 -> data=0xefe0
PASS | Read RS1 | addr=0 -> data=0x0
PASS | Read RS2 | addr=3 -> data=0xc7ba
PASS | Read RS1 | addr=4 -> data=0xefe0
PASS | Read RS2 | addr=4 -> data=0xefe0
PASS | Read RS1 | addr=3 -> data=0xc7ba
PASS | Read RS2 | addr=1 -> data=0xd304
PASS | Read RS1 | addr=4 -> data=0xefe0
PASS | Read RS2 | addr=4 -> data=0xefe0
PASS | Read RS1 | addr=2 -> data=0x3e11
PASS | Read RS2 | addr=2 -> data=0x3e11
PASS | Read RS1 | addr=2 -> data=0x3e11
PASS | Read RS2 | addr=3 -> data=0xc7ba
PASS | Read RS1 | addr=5 -> data=0x9a11
PASS | Read RS2 | addr=0 -> data=0x0
PASS | Read RS1 | addr=5 -> data=0x9a11
PASS | Read RS2 | addr=3 -> data=0xc7ba
PASS | Read RS1 | addr=5 -> data=0x9a11
PASS | Read RS2 | addr=1 -> data=0xd304
PASS | Read RS1 | addr=4 -> data=0xefe0
PASS | Read RS2 | addr=3 -> data=0xc7ba
PASS | Read RS1 | addr=2 -> data=0x3e11
PASS | Read RS2 | addr=5 -> data=0xed4a
PASS | Read RS1 | addr=2 -> data=0x3e11
PASS | Read RS2 | addr=3 -> data=0xc7ba
PASS | Read RS1 | addr=5 -> data=0xed4a
PASS | Read RS2 | addr=2 -> data=0x3e11
PASS | Read RS1 | addr=0 -> data=0x0
PASS | Read RS2 | addr=5 -> data=0xed4a
PASS | Read RS1 | addr=6 -> data=0x30c2
PASS | Read RS2 | addr=3 -> data=0xc7ba
PASS | Read RS1 | addr=0 -> data=0x0
PASS | Read RS2 | addr=5 -> data=0xed4a
PASS | Read RS1 | addr=0 -> data=0x0
PASS | Read RS2 | addr=0 -> data=0x0
PASS | Read RS1 | addr=1 -> data=0xd304
PASS | Read RS2 | addr=3 -> data=0xc7ba
PASS | Read RS1 | addr=0 -> data=0x0
PASS | Read RS2 | addr=4 -> data=0xefe0
PASS | Read RS1 | addr=1 -> data=0xd304
PASS | Read RS2 | addr=4 -> data=0xefe0
PASS | Read RS1 | addr=6 -> data=0x30c2
PASS | Read RS2 | addr=1 -> data=0xd304
PASS | Read RS1 | addr=3 -> data=0xdaf6
PASS | Read RS2 | addr=0 -> data=0x0
PASS | Read RS1 | addr=1 -> data=0xd304
PASS | Read RS2 | addr=0 -> data=0x0
PASS | Read RS1 | addr=7 -> data=0x959
PASS | Read RS2 | addr=0 -> data=0x0
PASS | Read RS1 | addr=6 -> data=0x30c2
PASS | Read RS2 | addr=7 -> data=0x959
PASS | Read RS1 | addr=4 -> data=0xefe0
PASS | Read RS2 | addr=0 -> data=0x0
PASS | Read RS1 | addr=0 -> data=0x0
PASS | Read RS2 | addr=0 -> data=0x0
PASS | Read RS1 | addr=6 -> data=0x30c2
PASS | Read RS2 | addr=2 -> data=0x238c
PASS | Read RS1 | addr=0 -> data=0x0
PASS | Read RS2 | addr=2 -> data=0x238c
PASS | Read RS1 | addr=5 -> data=0xec63
PASS | Read RS2 | addr=0 -> data=0x0
PASS | Read RS1 | addr=1 -> data=0xd304
PASS | Read RS2 | addr=3 -> data=0xdaf6
PASS | Read RS1 | addr=1 -> data=0xd304
PASS | Read RS2 | addr=3 -> data=0xdaf6
PASS | Read RS1 | addr=5 -> data=0xec63
PASS | Read RS2 | addr=4 -> data=0xefe0
PASS | Read RS1 | addr=0 -> data=0x0
PASS | Read RS2 | addr=4 -> data=0xefe0
PASS | Read RS1 | addr=6 -> data=0x30c2
PASS | Read RS2 | addr=6 -> data=0x30c2
PASS | Read RS1 | addr=7 -> data=0x3552
PASS | Read RS2 | addr=0 -> data=0x0
PASS | Read RS1 | addr=4 -> data=0xefe0
PASS | Read RS2 | addr=4 -> data=0xefe0
PASS | Read RS1 | addr=5 -> data=0x8ae9
PASS | Read RS2 | addr=1 -> data=0xd304
PASS | Read RS1 | addr=2 -> data=0x238c
PASS | Read RS2 | addr=4 -> data=0xefe0
PASS | Read RS1 | addr=3 -> data=0xdaf6
PASS | Read RS2 | addr=5 -> data=0x8ae9
PASS | Read RS1 | addr=5 -> data=0x8ae9
PASS | Read RS2 | addr=4 -> data=0xefe0
PASS | Read RS1 | addr=2 -> data=0x4e8c
PASS | Read RS2 | addr=4 -> data=0xefe0
PASS | Read RS1 | addr=7 -> data=0xf11f
PASS | Read RS2 | addr=0 -> data=0x0
PASS | Read RS1 | addr=3 -> data=0xdaf6
PASS | Read RS2 | addr=7 -> data=0x786c
PASS | Read RS1 | addr=0 -> data=0x0
PASS | Read RS2 | addr=7 -> data=0x786c
PASS | Read RS1 | addr=2 -> data=0x892f
PASS | Read RS2 | addr=6 -> data=0x30c2
PASS | Read RS1 | addr=3 -> data=0xdaf6
PASS | Read RS2 | addr=6 -> data=0x30c2
PASS | Read RS1 | addr=3 -> data=0xdaf6
PASS | Read RS2 | addr=3 -> data=0xdaf6
PASS | Read RS1 | addr=1 -> data=0xd304
PASS | Read RS2 | addr=6 -> data=0x30c2
PASS | Read RS1 | addr=7 -> data=0x786c
PASS | Read RS2 | addr=3 -> data=0xdaf6
PASS | Read RS1 | addr=3 -> data=0xdaf6
PASS | Read RS2 | addr=4 -> data=0xefe0
PASS | Read RS1 | addr=0 -> data=0x0
PASS | Read RS2 | addr=2 -> data=0x892f
PASS | Read RS1 | addr=3 -> data=0xdaf6
PASS | Read RS2 | addr=1 -> data=0x1e27
PASS | Read RS1 | addr=5 -> data=0x8ae9
PASS | Read RS2 | addr=2 -> data=0x892f
PASS | Read RS1 | addr=3 -> data=0xdaf6
PASS | Read RS2 | addr=0 -> data=0x0
PASS | Read RS1 | addr=1 -> data=0x1e27
PASS | Read RS2 | addr=4 -> data=0xefe0
PASS | Read RS1 | addr=2 -> data=0x892f
PASS | Read RS2 | addr=3 -> data=0xdaf6
PASS | Read RS1 | addr=0 -> data=0x0
PASS | Read RS2 | addr=2 -> data=0x892f
PASS | Read RS1 | addr=1 -> data=0x1e27
PASS | Read RS2 | addr=1 -> data=0x1e27
PASS | Read RS1 | addr=3 -> data=0xdaf6
PASS | Read RS2 | addr=1 -> data=0x1e27
PASS | Read RS1 | addr=3 -> data=0xdaf6
PASS | Read RS2 | addr=1 -> data=0x1e27
PASS | Read RS1 | addr=7 -> data=0x5aa9
PASS | Read RS2 | addr=6 -> data=0x30c2
PASS | Read RS1 | addr=3 -> data=0xdaf6
PASS | Read RS2 | addr=4 -> data=0xefe0
PASS | Read RS1 | addr=3 -> data=0xdaf6
PASS | Read RS2 | addr=4 -> data=0xefe0
PASS | Read RS1 | addr=5 -> data=0x8ae9
PASS | Read RS2 | addr=3 -> data=0xdaf6
PASS | Read RS1 | addr=3 -> data=0xdaf6
PASS | Read RS2 | addr=3 -> data=0xdaf6
PASS | Read RS1 | addr=4 -> data=0x4239
PASS | Read RS2 | addr=3 -> data=0xdaf6
PASS | Read RS1 | addr=4 -> data=0x4239
PASS | Read RS2 | addr=6 -> data=0x30c2
PASS | Read RS1 | addr=3 -> data=0xdaf6
PASS | Read RS2 | addr=4 -> data=0x4239
PASS | Read RS1 | addr=5 -> data=0x8ae9
PASS | Read RS2 | addr=5 -> data=0x8ae9
PASS | Read RS1 | addr=6 -> data=0x30c2
PASS | Read RS2 | addr=1 -> data=0x7104
PASS | Read RS1 | addr=5 -> data=0x8ae9
PASS | Read RS2 | addr=7 -> data=0x1bd1
PASS | Read RS1 | addr=1 -> data=0x7104
PASS | Read RS2 | addr=6 -> data=0x30c2
PASS | Read RS1 | addr=7 -> data=0x1bd1
PASS | Read RS2 | addr=0 -> data=0x0
PASS | Read RS1 | addr=6 -> data=0x30c2
PASS | Read RS2 | addr=3 -> data=0xdaf6
PASS | Read RS1 | addr=4 -> data=0x60c8
PASS | Read RS2 | addr=0 -> data=0x0
PASS | Read RS1 | addr=5 -> data=0x8ae9
PASS | Read RS2 | addr=1 -> data=0x7104
PASS | Read RS1 | addr=3 -> data=0xdaf6
PASS | Read RS2 | addr=6 -> data=0x30c2
PASS | Read RS1 | addr=1 -> data=0x7104
PASS | Read RS2 | addr=6 -> data=0x30c2
PASS | Read RS1 | addr=2 -> data=0x5248
PASS | Read RS2 | addr=1 -> data=0x7104
PASS | Read RS1 | addr=5 -> data=0x8ae9
PASS | Read RS2 | addr=3 -> data=0x9169
PASS | Read RS1 | addr=3 -> data=0x9169
PASS | Read RS2 | addr=2 -> data=0x5248
PASS | Read RS1 | addr=6 -> data=0x30c2
PASS | Read RS2 | addr=2 -> data=0x5248
PASS | Read RS1 | addr=5 -> data=0xc70
PASS | Read RS2 | addr=7 -> data=0xac27
PASS | Read RS1 | addr=4 -> data=0x9838
PASS | Read RS2 | addr=3 -> data=0x9169
PASS | Read RS1 | addr=1 -> data=0x7104
PASS | Read RS2 | addr=3 -> data=0x9169
PASS | Read RS1 | addr=0 -> data=0x0
PASS | Read RS2 | addr=1 -> data=0x7104
PASS | Read RS1 | addr=7 -> data=0x7919
PASS | Read RS2 | addr=6 -> data=0x30c2
PASS | Read RS1 | addr=2 -> data=0x5248
PASS | Read RS2 | addr=1 -> data=0x7104
PASS | Read RS1 | addr=0 -> data=0x0
PASS | Read RS2 | addr=0 -> data=0x0
PASS | Read RS1 | addr=0 -> data=0x0
PASS | Read RS2 | addr=0 -> data=0x0
PASS | Read RS1 | addr=2 -> data=0x5248
PASS | Read RS2 | addr=2 -> data=0x5248
PASS | Read RS1 | addr=0 -> data=0x0
PASS | Read RS2 | addr=0 -> data=0x0
PASS | Read RS1 | addr=6 -> data=0x30c2
PASS | Read RS2 | addr=4 -> data=0x9838
PASS | Read RS1 | addr=3 -> data=0x2c9c
PASS | Read RS2 | addr=2 -> data=0x5248
PASS | Read RS1 | addr=3 -> data=0x2c9c
PASS | Read RS2 | addr=1 -> data=0x7104
PASS | Read RS1 | addr=2 -> data=0x5248
PASS | Read RS2 | addr=4 -> data=0x9838
PASS | Read RS1 | addr=3 -> data=0x2c9c
PASS | Read RS2 | addr=3 -> data=0x2c9c
PASS | Read RS1 | addr=5 -> data=0xc70
PASS | Read RS2 | addr=6 -> data=0x30c2
PASS | Read RS1 | addr=2 -> data=0x5248
PASS | Read RS2 | addr=1 -> data=0x7104
PASS | Read RS1 | addr=7 -> data=0xadba
PASS | Read RS2 | addr=1 -> data=0x7104
PASS | Read RS1 | addr=5 -> data=0xc70
PASS | Read RS2 | addr=0 -> data=0x0
PASS | Read RS1 | addr=3 -> data=0x2c9c
PASS | Read RS2 | addr=4 -> data=0x9838
PASS | Read RS1 | addr=6 -> data=0xebfa
PASS | Read RS2 | addr=4 -> data=0x9838
PASS | Read RS1 | addr=1 -> data=0x7104
PASS | Read RS2 | addr=5 -> data=0xc70
PASS | Read RS1 | addr=6 -> data=0xebfa
PASS | Read RS2 | addr=1 -> data=0x7104
PASS | Read RS1 | addr=7 -> data=0xadba
PASS | Read RS2 | addr=3 -> data=0x730a
PASS | Read RS1 | addr=2 -> data=0x399
PASS | Read RS2 | addr=0 -> data=0x0
PASS | Read RS1 | addr=2 -> data=0x399
PASS | Read RS2 | addr=5 -> data=0xc70
PASS | Read RS1 | addr=0 -> data=0x0
PASS | Read RS2 | addr=6 -> data=0xebfa
PASS | Read RS1 | addr=1 -> data=0x7104
PASS | Read RS2 | addr=0 -> data=0x0
PASS | Read RS1 | addr=1 -> data=0x7104
PASS | Read RS2 | addr=1 -> data=0x7104
PASS | Read RS1 | addr=6 -> data=0xebfa
PASS | Read RS2 | addr=6 -> data=0xebfa
PASS | Read RS1 | addr=2 -> data=0x399
PASS | Read RS2 | addr=2 -> data=0x399
PASS | Read RS1 | addr=0 -> data=0x0
PASS | Read RS2 | addr=6 -> data=0xebfa
PASS | Read RS1 | addr=4 -> data=0x9838
PASS | Read RS2 | addr=6 -> data=0xebfa
PASS | Read RS1 | addr=3 -> data=0x730a
PASS | Read RS2 | addr=5 -> data=0xc70
PASS | Read RS1 | addr=5 -> data=0xc70
PASS | Read RS2 | addr=6 -> data=0xebfa
PASS | Read RS1 | addr=1 -> data=0x7104
PASS | Read RS2 | addr=7 -> data=0xbc5f
PASS | Read RS1 | addr=0 -> data=0x0
PASS | Read RS2 | addr=1 -> data=0x7104
PASS | Read RS1 | addr=6 -> data=0xebfa
PASS | Read RS2 | addr=6 -> data=0xebfa
PASS | Read RS1 | addr=2 -> data=0x399
PASS | Read RS2 | addr=5 -> data=0xc70
PASS | Read RS1 | addr=5 -> data=0xc70
PASS | Read RS2 | addr=4 -> data=0x9838
PASS | Read RS1 | addr=0 -> data=0x0
PASS | Read RS2 | addr=0 -> data=0x0
PASS | Read RS1 | addr=6 -> data=0xebfa
PASS | Read RS2 | addr=4 -> data=0x9838
PASS | Read RS1 | addr=0 -> data=0x0
PASS | Read RS2 | addr=4 -> data=0x9838
PASS | Read RS1 | addr=1 -> data=0x7104
PASS | Read RS2 | addr=1 -> data=0x7104
PASS | Read RS1 | addr=6 -> data=0xebfa
PASS | Read RS2 | addr=5 -> data=0xc70
PASS | Read RS1 | addr=3 -> data=0xabb6
PASS | Read RS2 | addr=7 -> data=0xb8ef
PASS | Read RS1 | addr=4 -> data=0x9838
PASS | Read RS2 | addr=5 -> data=0xc70
PASS | Read RS1 | addr=3 -> data=0xabb6
PASS | Read RS2 | addr=6 -> data=0xebfa
PASS | Read RS1 | addr=3 -> data=0xabb6
PASS | Read RS2 | addr=2 -> data=0x399
PASS | Read RS1 | addr=1 -> data=0x7104
PASS | Read RS2 | addr=2 -> data=0x399
PASS | Read RS1 | addr=3 -> data=0xabb6
PASS | Read RS2 | addr=6 -> data=0xebfa
PASS | Read RS1 | addr=7 -> data=0x2c7d
PASS | Read RS2 | addr=5 -> data=0xc70
PASS | Read RS1 | addr=3 -> data=0xabb6
PASS | Read RS2 | addr=6 -> data=0xebfa
PASS | Read RS1 | addr=6 -> data=0xebfa
PASS | Read RS2 | addr=7 -> data=0xc86e
PASS | Read RS1 | addr=6 -> data=0xebfa
PASS | Read RS2 | addr=2 -> data=0x399
PASS | Read RS1 | addr=2 -> data=0x399
PASS | Read RS2 | addr=7 -> data=0x933e
PASS | Read RS1 | addr=1 -> data=0x7104
PASS | Read RS2 | addr=2 -> data=0x399
PASS | Read RS1 | addr=1 -> data=0x7104
PASS | Read RS2 | addr=3 -> data=0xabb6
PASS | Read RS1 | addr=5 -> data=0xc70
PASS | Read RS2 | addr=2 -> data=0x399
PASS | Read RS1 | addr=3 -> data=0xabb6
PASS | Read RS2 | addr=3 -> data=0xabb6
PASS | Read RS1 | addr=5 -> data=0xc70
PASS | Read RS2 | addr=4 -> data=0x1124
PASS | Read RS1 | addr=3 -> data=0xabb6
PASS | Read RS2 | addr=6 -> data=0xebfa
PASS | Read RS1 | addr=7 -> data=0xdf41
PASS | Read RS2 | addr=0 -> data=0x0
PASS | Read RS1 | addr=3 -> data=0xabb6
PASS | Read RS2 | addr=6 -> data=0xebfa
PASS | Read RS1 | addr=1 -> data=0x7104
PASS | Read RS2 | addr=1 -> data=0x7104
PASS | Read RS1 | addr=0 -> data=0x0
PASS | Read RS2 | addr=5 -> data=0xc70
PASS | Read RS1 | addr=3 -> data=0xabb6
PASS | Read RS2 | addr=4 -> data=0x1124
PASS | Read RS1 | addr=7 -> data=0xdf41
PASS | Read RS2 | addr=3 -> data=0xabb6
PASS | Read RS1 | addr=6 -> data=0xa6e4
PASS | Read RS2 | addr=6 -> data=0xa6e4
PASS | Read RS1 | addr=7 -> data=0xdf41
PASS | Read RS2 | addr=2 -> data=0x399
PASS | Read RS1 | addr=3 -> data=0xabb6
PASS | Read RS2 | addr=2 -> data=0x399
PASS | Read RS1 | addr=1 -> data=0x7104
PASS | Read RS2 | addr=5 -> data=0xc70
PASS | Read RS1 | addr=1 -> data=0x7104
PASS | Read RS2 | addr=5 -> data=0xc70
PASS | Read RS1 | addr=6 -> data=0xa6e4
PASS | Read RS2 | addr=4 -> data=0x1124
PASS | Read RS1 | addr=0 -> data=0x0
PASS | Read RS2 | addr=0 -> data=0x0
PASS | Read RS1 | addr=6 -> data=0xa6e4
PASS | Read RS2 | addr=0 -> data=0x0
PASS | Read RS1 | addr=0 -> data=0x0
PASS | Read RS2 | addr=3 -> data=0xabb6
PASS | Read RS1 | addr=0 -> data=0x0
PASS | Read RS2 | addr=2 -> data=0x399
PASS | Read RS1 | addr=1 -> data=0x7104
PASS | Read RS2 | addr=6 -> data=0xa6e4
PASS | Read RS1 | addr=6 -> data=0xa6e4
PASS | Read RS2 | addr=2 -> data=0x399
PASS | Read RS1 | addr=5 -> data=0xc70
PASS | Read RS2 | addr=6 -> data=0xa6e4
PASS | Read RS1 | addr=0 -> data=0x0
PASS | Read RS2 | addr=4 -> data=0x1124
PASS | Read RS1 | addr=2 -> data=0x399
PASS | Read RS2 | addr=1 -> data=0x7104
PASS | Read RS1 | addr=5 -> data=0xc70
PASS | Read RS2 | addr=3 -> data=0xabb6
PASS | Read RS1 | addr=0 -> data=0x0
PASS | Read RS2 | addr=1 -> data=0x7104
PASS | Read RS1 | addr=7 -> data=0xcb07
PASS | Read RS2 | addr=3 -> data=0xabb6
PASS | Read RS1 | addr=2 -> data=0x399
PASS | Read RS2 | addr=5 -> data=0xc70
PASS | Read RS1 | addr=1 -> data=0x7104
PASS | Read RS2 | addr=6 -> data=0xad43
PASS | Read RS1 | addr=6 -> data=0xad43
PASS | Read RS2 | addr=0 -> data=0x0
PASS | Read RS1 | addr=2 -> data=0x344c
PASS | Read RS2 | addr=0 -> data=0x0
PASS | Read RS1 | addr=7 -> data=0xcb07
PASS | Read RS2 | addr=3 -> data=0xabb6
PASS | Read RS1 | addr=1 -> data=0x7104
PASS | Read RS2 | addr=6 -> data=0xad43
PASS | Read RS1 | addr=2 -> data=0x344c
PASS | Read RS2 | addr=6 -> data=0xad43
PASS | Read RS1 | addr=5 -> data=0xc70
PASS | Read RS2 | addr=2 -> data=0x344c
PASS | Read RS1 | addr=0 -> data=0x0
PASS | Read RS2 | addr=4 -> data=0x1124
PASS | Read RS1 | addr=0 -> data=0x0
PASS | Read RS2 | addr=0 -> data=0x0
PASS | Read RS1 | addr=1 -> data=0x7104
PASS | Read RS2 | addr=4 -> data=0x1124
PASS | Read RS1 | addr=2 -> data=0x84c6
PASS | Read RS2 | addr=3 -> data=0xaede
PASS | Read RS1 | addr=2 -> data=0x84c6
PASS | Read RS2 | addr=0 -> data=0x0
PASS | Read RS1 | addr=2 -> data=0x84c6
PASS | Read RS2 | addr=2 -> data=0x84c6
PASS | Read RS1 | addr=7 -> data=0xd747
PASS | Read RS2 | addr=0 -> data=0x0
PASS | Read RS1 | addr=5 -> data=0xc70
PASS | Read RS2 | addr=3 -> data=0xaede
PASS | Read RS1 | addr=5 -> data=0xc70
PASS | Read RS2 | addr=4 -> data=0x1124
PASS | Read RS1 | addr=3 -> data=0xaede
PASS | Read RS2 | addr=7 -> data=0xd747
PASS | Read RS1 | addr=3 -> data=0xaede
PASS | Read RS2 | addr=3 -> data=0xaede
PASS | Read RS1 | addr=1 -> data=0x5fec
PASS | Read RS2 | addr=7 -> data=0xd747
PASS | Read RS1 | addr=3 -> data=0xaede
PASS | Read RS2 | addr=3 -> data=0xaede
PASS | Read RS1 | addr=2 -> data=0x84c6
PASS | Read RS2 | addr=6 -> data=0x6848
PASS | Read RS1 | addr=5 -> data=0xc70
PASS | Read RS2 | addr=4 -> data=0xe203
PASS | Read RS1 | addr=4 -> data=0xe203
PASS | Read RS2 | addr=4 -> data=0xe203
PASS | Read RS1 | addr=1 -> data=0x5fec
PASS | Read RS2 | addr=7 -> data=0x7251
PASS | Read RS1 | addr=6 -> data=0x6848
PASS | Read RS2 | addr=7 -> data=0x7251
PASS | Read RS1 | addr=5 -> data=0xc70
PASS | Read RS2 | addr=6 -> data=0x6848
PASS | Read RS1 | addr=6 -> data=0x6848
PASS | Read RS2 | addr=7 -> data=0x7251
PASS | Read RS1 | addr=0 -> data=0x0
PASS | Read RS2 | addr=4 -> data=0xe203
PASS | Read RS1 | addr=3 -> data=0xde61
PASS | Read RS2 | addr=3 -> data=0xde61
PASS | Read RS1 | addr=2 -> data=0x62ae
PASS | Read RS2 | addr=6 -> data=0x6848
PASS | Read RS1 | addr=7 -> data=0x2f01
PASS | Read RS2 | addr=7 -> data=0x2f01
PASS | Read RS1 | addr=7 -> data=0xe4f0
PASS | Read RS2 | addr=6 -> data=0x6848
PASS | Read RS1 | addr=2 -> data=0x62ae
PASS | Read RS2 | addr=7 -> data=0xe4f0
PASS | Read RS1 | addr=5 -> data=0xc70
PASS | Read RS2 | addr=4 -> data=0xe203
PASS | Read RS1 | addr=6 -> data=0x6848
PASS | Read RS2 | addr=2 -> data=0x62ae
PASS | Read RS1 | addr=3 -> data=0xde61
PASS | Read RS2 | addr=5 -> data=0xc70
PASS | Read RS1 | addr=2 -> data=0x62ae
PASS | Read RS2 | addr=0 -> data=0x0
PASS | Read RS1 | addr=5 -> data=0xc70
PASS | Read RS2 | addr=1 -> data=0x25e3
PASS | Read RS1 | addr=6 -> data=0x6848
PASS | Read RS2 | addr=7 -> data=0x2ffa
PASS | Read RS1 | addr=1 -> data=0x25e3
PASS | Read RS2 | addr=2 -> data=0x3877
PASS | Read RS1 | addr=5 -> data=0xc70
PASS | Read RS2 | addr=3 -> data=0xbc1
PASS | Read RS1 | addr=1 -> data=0x25e3
PASS | Read RS2 | addr=7 -> data=0x2ffa
PASS | Read RS1 | addr=4 -> data=0x98
PASS | Read RS2 | addr=4 -> data=0x98
PASS | Read RS1 | addr=6 -> data=0x79ab
PASS | Read RS2 | addr=6 -> data=0x79ab
PASS | Read RS1 | addr=3 -> data=0xbc1
PASS | Read RS2 | addr=2 -> data=0xd7e2
PASS | Read RS1 | addr=7 -> data=0x2ffa
PASS | Read RS2 | addr=2 -> data=0xd7e2
PASS | Read RS1 | addr=2 -> data=0xd7e2
PASS | Read RS2 | addr=0 -> data=0x0
PASS | Read RS1 | addr=7 -> data=0x5148
PASS | Read RS2 | addr=3 -> data=0xbc1
PASS | Read RS1 | addr=6 -> data=0x79ab
PASS | Read RS2 | addr=2 -> data=0xd7e2
PASS | Read RS1 | addr=1 -> data=0x25e3
PASS | Read RS2 | addr=5 -> data=0xc70
PASS | Read RS1 | addr=6 -> data=0x79ab
PASS | Read RS2 | addr=3 -> data=0xbc1
PASS | Read RS1 | addr=6 -> data=0x79ab
PASS | Read RS2 | addr=7 -> data=0xdea
PASS | Read RS1 | addr=6 -> data=0x79ab
PASS | Read RS2 | addr=2 -> data=0xd7e2
PASS | Read RS1 | addr=3 -> data=0xbc1
PASS | Read RS2 | addr=4 -> data=0x98
PASS | Read RS1 | addr=5 -> data=0xc70
PASS | Read RS2 | addr=3 -> data=0xbc1
PASS | Read RS1 | addr=6 -> data=0x79ab
PASS | Read RS2 | addr=2 -> data=0xd7e2
PASS | Read RS1 | addr=3 -> data=0xbc1
PASS | Read RS2 | addr=4 -> data=0x98
PASS | Read RS1 | addr=6 -> data=0x79ab
PASS | Read RS2 | addr=4 -> data=0x98
PASS | Read RS1 | addr=3 -> data=0xbc1
PASS | Read RS2 | addr=1 -> data=0xa27e
PASS | Read RS1 | addr=0 -> data=0x0
PASS | Read RS2 | addr=0 -> data=0x0
PASS | Read RS1 | addr=4 -> data=0x98
PASS | Read RS2 | addr=4 -> data=0x98
PASS | Read RS1 | addr=5 -> data=0xc70
PASS | Read RS2 | addr=7 -> data=0xb995
PASS | Read RS1 | addr=4 -> data=0x98
PASS | Read RS2 | addr=1 -> data=0xa27e
PASS | Read RS1 | addr=0 -> data=0x0
PASS | Read RS2 | addr=5 -> data=0xc70
PASS | Read RS1 | addr=7 -> data=0xb995
PASS | Read RS2 | addr=0 -> data=0x0
PASS | Read RS1 | addr=4 -> data=0x98
PASS | Read RS2 | addr=3 -> data=0xbc1
PASS | Read RS1 | addr=5 -> data=0xc70
PASS | Read RS2 | addr=2 -> data=0xd7e2
PASS | Read RS1 | addr=4 -> data=0x98
PASS | Read RS2 | addr=1 -> data=0xa27e
PASS | Read RS1 | addr=7 -> data=0xf4f1
PASS | Read RS2 | addr=6 -> data=0xaf5d
PASS | Read RS1 | addr=2 -> data=0xd7e2
PASS | Read RS2 | addr=0 -> data=0x0
PASS | Read RS1 | addr=4 -> data=0x98
PASS | Read RS2 | addr=5 -> data=0xc70
PASS | Read RS1 | addr=6 -> data=0xaf5d
PASS | Read RS2 | addr=4 -> data=0x98
PASS | Read RS1 | addr=5 -> data=0xc70
PASS | Read RS2 | addr=6 -> data=0xaf5d
PASS | Read RS1 | addr=5 -> data=0xc70
PASS | Read RS2 | addr=7 -> data=0x1670
PASS | Read RS1 | addr=5 -> data=0xc70
PASS | Read RS2 | addr=0 -> data=0x0
PASS | Read RS1 | addr=2 -> data=0xd7e2
PASS | Read RS2 | addr=6 -> data=0xaf5d
PASS | Read RS1 | addr=2 -> data=0xd7e2
PASS | Read RS2 | addr=3 -> data=0x7c0c
PASS | Read RS1 | addr=2 -> data=0xd7e2
PASS | Read RS2 | addr=6 -> data=0xaf5d
PASS | Read RS1 | addr=4 -> data=0x98
PASS | Read RS2 | addr=6 -> data=0xaf5d
PASS | Read RS1 | addr=4 -> data=0x98
PASS | Read RS2 | addr=4 -> data=0x98
PASS | Read RS1 | addr=0 -> data=0x0
PASS | Read RS2 | addr=4 -> data=0x98
PASS | Read RS1 | addr=1 -> data=0xa27e
PASS | Read RS2 | addr=5 -> data=0xc70
PASS | Read RS1 | addr=6 -> data=0xaf5d
PASS | Read RS2 | addr=7 -> data=0xf942
PASS | Read RS1 | addr=5 -> data=0xc70
PASS | Read RS2 | addr=7 -> data=0xf942
PASS | Read RS1 | addr=2 -> data=0xd7e2
PASS | Read RS2 | addr=2 -> data=0xd7e2
PASS | Read RS1 | addr=6 -> data=0xaf5d
PASS | Read RS2 | addr=4 -> data=0x98
PASS | Read RS1 | addr=5 -> data=0xc70
PASS | Read RS2 | addr=5 -> data=0xc70
PASS | Read RS1 | addr=6 -> data=0xaf5d
PASS | Read RS2 | addr=3 -> data=0x7c0c
PASS | Read RS1 | addr=7 -> data=0x3d08
PASS | Read RS2 | addr=0 -> data=0x0
PASS | Read RS1 | addr=5 -> data=0xc70
PASS | Read RS2 | addr=3 -> data=0x7c0c
PASS | Read RS1 | addr=0 -> data=0x0
PASS | Read RS2 | addr=0 -> data=0x0
PASS | Read RS1 | addr=7 -> data=0x40b4
PASS | Read RS2 | addr=1 -> data=0xa27e
PASS | Read RS1 | addr=7 -> data=0xd1ff
PASS | Read RS2 | addr=4 -> data=0x98
PASS | Read RS1 | addr=5 -> data=0xc70
PASS | Read RS2 | addr=1 -> data=0xa27e
PASS | Read RS1 | addr=0 -> data=0x0
PASS | Read RS2 | addr=1 -> data=0xa27e
PASS | Read RS1 | addr=4 -> data=0x98
PASS | Read RS2 | addr=7 -> data=0xd1ff
PASS | Read RS1 | addr=1 -> data=0xa27e
PASS | Read RS2 | addr=7 -> data=0x5ba8
PASS | Read RS1 | addr=5 -> data=0xc70
PASS | Read RS2 | addr=4 -> data=0x98
PASS | Read RS1 | addr=7 -> data=0x7c8d
PASS | Read RS2 | addr=4 -> data=0x98
PASS | Read RS1 | addr=0 -> data=0x0
PASS | Read RS2 | addr=2 -> data=0x360c
PASS | Read RS1 | addr=0 -> data=0x0
PASS | Read RS2 | addr=7 -> data=0x7c8d
PASS | Read RS1 | addr=7 -> data=0x7c8d
PASS | Read RS2 | addr=5 -> data=0xc70
PASS | Read RS1 | addr=1 -> data=0xa27e
PASS | Read RS2 | addr=2 -> data=0x360c
PASS | Read RS1 | addr=4 -> data=0xaf31
PASS | Read RS2 | addr=4 -> data=0xaf31
PASS | Read RS1 | addr=7 -> data=0xd5ab
PASS | Read RS2 | addr=7 -> data=0xd5ab
PASS | Read RS1 | addr=1 -> data=0xa27e
PASS | Read RS2 | addr=5 -> data=0xc70
PASS | Read RS1 | addr=5 -> data=0xc70
PASS | Read RS2 | addr=4 -> data=0xaf31
PASS | Read RS1 | addr=4 -> data=0xaf31
PASS | Read RS2 | addr=5 -> data=0xc70
PASS | Read RS1 | addr=7 -> data=0xd5ab
PASS | Read RS2 | addr=3 -> data=0xd7de
PASS | Read RS1 | addr=5 -> data=0xc70
PASS | Read RS2 | addr=7 -> data=0xd5ab
PASS | Read RS1 | addr=6 -> data=0xaf5d
PASS | Read RS2 | addr=5 -> data=0xc70
PASS | Read RS1 | addr=2 -> data=0x360c
PASS | Read RS2 | addr=7 -> data=0x65d7
PASS | Read RS1 | addr=3 -> data=0xd7de
PASS | Read RS2 | addr=3 -> data=0xd7de
PASS | Read RS1 | addr=6 -> data=0xaf5d
PASS | Read RS2 | addr=7 -> data=0x65d7
PASS | Read RS1 | addr=3 -> data=0xd7de
PASS | Read RS2 | addr=2 -> data=0x360c
PASS | Read RS1 | addr=5 -> data=0xc70
PASS | Read RS2 | addr=6 -> data=0xaf5d
PASS | Read RS1 | addr=7 -> data=0x2576
PASS | Read RS2 | addr=4 -> data=0x2509
PASS | Read RS1 | addr=1 -> data=0x7217
PASS | Read RS2 | addr=0 -> data=0x0
PASS | Read RS1 | addr=4 -> data=0x2509
PASS | Read RS2 | addr=2 -> data=0x360c
PASS | Read RS1 | addr=6 -> data=0xaf5d
PASS | Read RS2 | addr=3 -> data=0xd7de
PASS | Read RS1 | addr=2 -> data=0x360c
PASS | Read RS2 | addr=1 -> data=0x7217
PASS | Read RS1 | addr=7 -> data=0xde0a
PASS | Read RS2 | addr=6 -> data=0xaf5d
PASS | Read RS1 | addr=4 -> data=0x2509
PASS | Read RS2 | addr=3 -> data=0xd7de
PASS | Read RS1 | addr=2 -> data=0x360c
PASS | Read RS2 | addr=2 -> data=0x360c
PASS | Read RS1 | addr=4 -> data=0x2509
PASS | Read RS2 | addr=3 -> data=0xd7de
PASS | Read RS1 | addr=0 -> data=0x0
PASS | Read RS2 | addr=4 -> data=0x2509
PASS | Read RS1 | addr=3 -> data=0xd7de
PASS | Read RS2 | addr=4 -> data=0x2509
PASS | Read RS1 | addr=6 -> data=0xaf5d
PASS | Read RS2 | addr=4 -> data=0x2509
PASS | Read RS1 | addr=0 -> data=0x0
PASS | Read RS2 | addr=3 -> data=0xd7de
PASS | Read RS1 | addr=6 -> data=0xaf5d
PASS | Read RS2 | addr=4 -> data=0x2509
PASS | Read RS1 | addr=6 -> data=0xaf5d
PASS | Read RS2 | addr=0 -> data=0x0
PASS | Read RS1 | addr=2 -> data=0xbdcf
PASS | Read RS2 | addr=3 -> data=0xd7de
PASS | Read RS1 | addr=6 -> data=0xaf5d
PASS | Read RS2 | addr=2 -> data=0xbdcf
PASS | Read RS1 | addr=7 -> data=0xa271
PASS | Read RS2 | addr=2 -> data=0xbdcf
PASS | Read RS1 | addr=6 -> data=0x42f2
PASS | Read RS2 | addr=4 -> data=0x2509
PASS | Read RS1 | addr=0 -> data=0x0
PASS | Read RS2 | addr=5 -> data=0xc70
PASS | Read RS1 | addr=4 -> data=0x2509
PASS | Read RS2 | addr=4 -> data=0x2509
PASS | Read RS1 | addr=2 -> data=0xe882
PASS | Read RS2 | addr=3 -> data=0xd7de
PASS | Read RS1 | addr=6 -> data=0x42f2
PASS | Read RS2 | addr=0 -> data=0x0
PASS | Read RS1 | addr=7 -> data=0xa2d7
PASS | Read RS2 | addr=3 -> data=0xd7de
PASS | Read RS1 | addr=3 -> data=0xd7de
PASS | Read RS2 | addr=0 -> data=0x0
PASS | Read RS1 | addr=5 -> data=0xc70
PASS | Read RS2 | addr=0 -> data=0x0
PASS | Read RS1 | addr=6 -> data=0x42f2
PASS | Read RS2 | addr=3 -> data=0xd7de
PASS | Read RS1 | addr=4 -> data=0x2509
PASS | Read RS2 | addr=0 -> data=0x0
PASS | Read RS1 | addr=0 -> data=0x0
PASS | Read RS2 | addr=7 -> data=0x9be3
PASS | Read RS1 | addr=4 -> data=0x2509
PASS | Read RS2 | addr=4 -> data=0x2509
PASS | Read RS1 | addr=4 -> data=0x2509
PASS | Read RS2 | addr=1 -> data=0x3d
PASS | Read RS1 | addr=1 -> data=0x3d
PASS | Read RS2 | addr=6 -> data=0x42f2
PASS | Read RS1 | addr=5 -> data=0xc70
PASS | Read RS2 | addr=7 -> data=0x9d1a
PASS | Read RS1 | addr=2 -> data=0xe882
PASS | Read RS2 | addr=1 -> data=0x5b6b
PASS | Read RS1 | addr=2 -> data=0xe882
PASS | Read RS2 | addr=7 -> data=0x9d1a
PASS | Read RS1 | addr=0 -> data=0x0
PASS | Read RS2 | addr=6 -> data=0x42f2
PASS | Read RS1 | addr=4 -> data=0x8e40
PASS | Read RS2 | addr=6 -> data=0x42f2
PASS | Read RS1 | addr=0 -> data=0x0
PASS | Read RS2 | addr=7 -> data=0xd4a0
PASS | Read RS1 | addr=2 -> data=0xe882
PASS | Read RS2 | addr=0 -> data=0x0
PASS | Read RS1 | addr=6 -> data=0x42f2
PASS | Read RS2 | addr=3 -> data=0xd7de
PASS | Read RS1 | addr=5 -> data=0xc70
PASS | Read RS2 | addr=6 -> data=0x42f2
PASS | Read RS1 | addr=2 -> data=0xe882
PASS | Read RS2 | addr=4 -> data=0x8e40
PASS | Read RS1 | addr=6 -> data=0x42f2
PASS | Read RS2 | addr=2 -> data=0xe882
PASS | Read RS1 | addr=3 -> data=0xd7de
PASS | Read RS2 | addr=1 -> data=0x5b6b
PASS | Read RS1 | addr=4 -> data=0x8e40
PASS | Read RS2 | addr=2 -> data=0xe882
PASS | Read RS1 | addr=4 -> data=0x8e40
PASS | Read RS2 | addr=5 -> data=0xc70
PASS | Read RS1 | addr=1 -> data=0x5b6b
PASS | Read RS2 | addr=4 -> data=0x8e40
PASS | Read RS1 | addr=0 -> data=0x0
PASS | Read RS2 | addr=6 -> data=0x42f2
PASS | Read RS1 | addr=2 -> data=0xe882
PASS | Read RS2 | addr=5 -> data=0xc70
PASS | Read RS1 | addr=6 -> data=0x42f2
PASS | Read RS2 | addr=2 -> data=0xe882
PASS | Read RS1 | addr=2 -> data=0xe882
PASS | Read RS2 | addr=2 -> data=0xe882
PASS | Read RS1 | addr=5 -> data=0xc70
PASS | Read RS2 | addr=2 -> data=0xe882
PASS | Read RS1 | addr=5 -> data=0xc70
PASS | Read RS2 | addr=5 -> data=0xc70
PASS | Read RS1 | addr=4 -> data=0x8e40
PASS | Read RS2 | addr=5 -> data=0xc70
PASS | Read RS1 | addr=7 -> data=0x934d
PASS | Read RS2 | addr=1 -> data=0x5b6b
PASS | Read RS1 | addr=1 -> data=0x5b6b
PASS | Read RS2 | addr=5 -> data=0xc70
PASS | Read RS1 | addr=7 -> data=0x9519
PASS | Read RS2 | addr=1 -> data=0x5b6b
PASS | Read RS1 | addr=6 -> data=0x42f2
PASS | Read RS2 | addr=1 -> data=0x5b6b
PASS | Read RS1 | addr=7 -> data=0x9519
PASS | Read RS2 | addr=6 -> data=0x42f2
PASS | Read RS1 | addr=6 -> data=0x42f2
PASS | Read RS2 | addr=1 -> data=0x5b6b
PASS | Read RS1 | addr=5 -> data=0xc70
PASS | Read RS2 | addr=5 -> data=0xc70
PASS | Read RS1 | addr=2 -> data=0x4933
PASS | Read RS2 | addr=7 -> data=0x6357
PASS | Read RS1 | addr=2 -> data=0x4933
PASS | Read RS2 | addr=3 -> data=0xd7de
PASS | Read RS1 | addr=7 -> data=0x2724
PASS | Read RS2 | addr=1 -> data=0x5b6b
PASS | Read RS1 | addr=4 -> data=0x8e40
PASS | Read RS2 | addr=2 -> data=0x4933
PASS | Read RS1 | addr=5 -> data=0xc70
PASS | Read RS2 | addr=3 -> data=0x76a5
PASS | Read RS1 | addr=0 -> data=0x0
PASS | Read RS2 | addr=3 -> data=0x76a5
PASS | Read RS1 | addr=4 -> data=0xb18b
PASS | Read RS2 | addr=5 -> data=0xc70
PASS | Read RS1 | addr=5 -> data=0xc70
PASS | Read RS2 | addr=5 -> data=0xc70
PASS | Read RS1 | addr=5 -> data=0xc70
PASS | Read RS2 | addr=1 -> data=0x5b6b
PASS | Read RS1 | addr=0 -> data=0x0
PASS | Read RS2 | addr=6 -> data=0x2da6
PASS | Read RS1 | addr=6 -> data=0x2da6
PASS | Read RS2 | addr=1 -> data=0x5b6b
PASS | Read RS1 | addr=2 -> data=0x4933
PASS | Read RS2 | addr=4 -> data=0x8acd
PASS | Read RS1 | addr=7 -> data=0xdd1f
PASS | Read RS2 | addr=2 -> data=0x4933
PASS | Read RS1 | addr=0 -> data=0x0
PASS | Read RS2 | addr=1 -> data=0x5b6b
PASS | Read RS1 | addr=7 -> data=0xdd1f
PASS | Read RS2 | addr=7 -> data=0xdd1f
PASS | Read RS1 | addr=6 -> data=0x2da6
PASS | Read RS2 | addr=3 -> data=0x76a5
PASS | Read RS1 | addr=3 -> data=0x76a5
PASS | Read RS2 | addr=1 -> data=0x5b6b
PASS | Read RS1 | addr=2 -> data=0x2dab
PASS | Read RS2 | addr=7 -> data=0x38b8
PASS | Read RS1 | addr=6 -> data=0x2da6
PASS | Read RS2 | addr=5 -> data=0xc70
PASS | Read RS1 | addr=3 -> data=0x76a5
PASS | Read RS2 | addr=6 -> data=0x2da6
PASS | Read RS1 | addr=2 -> data=0x9221
PASS | Read RS2 | addr=0 -> data=0x0
PASS | Read RS1 | addr=6 -> data=0x2da6
PASS | Read RS2 | addr=2 -> data=0x9221
PASS | Read RS1 | addr=1 -> data=0x5b6b
PASS | Read RS2 | addr=5 -> data=0xc70
PASS | Read RS1 | addr=1 -> data=0x5b6b
PASS | Read RS2 | addr=6 -> data=0x2da6
PASS | Read RS1 | addr=4 -> data=0x8acd
PASS | Read RS2 | addr=6 -> data=0x2da6
PASS | Read RS1 | addr=2 -> data=0x9221
PASS | Read RS2 | addr=6 -> data=0x2da6
PASS | Read RS1 | addr=7 -> data=0x38b8
PASS | Read RS2 | addr=3 -> data=0x76a5
PASS | Read RS1 | addr=3 -> data=0x76a5
PASS | Read RS2 | addr=4 -> data=0x8acd
PASS | Read RS1 | addr=4 -> data=0x8acd
PASS | Read RS2 | addr=7 -> data=0x38b8
PASS | Read RS1 | addr=0 -> data=0x0
PASS | Read RS2 | addr=5 -> data=0xc70
PASS | Read RS1 | addr=7 -> data=0x38b8
PASS | Read RS2 | addr=4 -> data=0x1ef8
PASS | Read RS1 | addr=5 -> data=0xc70
PASS | Read RS2 | addr=5 -> data=0xc70
PASS | Read RS1 | addr=3 -> data=0x76a5
PASS | Read RS2 | addr=3 -> data=0x76a5
PASS | Read RS1 | addr=5 -> data=0xc70
PASS | Read RS2 | addr=7 -> data=0xb857
PASS | Read RS1 | addr=4 -> data=0x1ef8
PASS | Read RS2 | addr=2 -> data=0x9221
PASS | Read RS1 | addr=6 -> data=0x2da6
PASS | Read RS2 | addr=2 -> data=0x9221
PASS | Read RS1 | addr=7 -> data=0x1f52
PASS | Read RS2 | addr=0 -> data=0x0
PASS | Read RS1 | addr=6 -> data=0x2da6
PASS | Read RS2 | addr=5 -> data=0xc70
PASS | Read RS1 | addr=3 -> data=0x76a5
PASS | Read RS2 | addr=4 -> data=0x1ef8
PASS | Read RS1 | addr=7 -> data=0x1f52
PASS | Read RS2 | addr=5 -> data=0xc70
PASS | Read RS1 | addr=2 -> data=0x9221
PASS | Read RS2 | addr=6 -> data=0x2da6
PASS | Read RS1 | addr=7 -> data=0x725
PASS | Read RS2 | addr=4 -> data=0x3b99
PASS | Read RS1 | addr=7 -> data=0x725
PASS | Read RS2 | addr=6 -> data=0x2da6
PASS | Read RS1 | addr=3 -> data=0x76a5
PASS | Read RS2 | addr=4 -> data=0x3b99
PASS | Read RS1 | addr=4 -> data=0x3b99
PASS | Read RS2 | addr=2 -> data=0x9221
PASS | Read RS1 | addr=4 -> data=0x3b99
PASS | Read RS2 | addr=6 -> data=0x2da6
PASS | Read RS1 | addr=7 -> data=0x725
PASS | Read RS2 | addr=1 -> data=0x5b6b
PASS | Read RS1 | addr=6 -> data=0x2da6
PASS | Read RS2 | addr=4 -> data=0x3b99
PASS | Read RS1 | addr=6 -> data=0x2da6
PASS | Read RS2 | addr=3 -> data=0x76a5
PASS | Read RS1 | addr=0 -> data=0x0
PASS | Read RS2 | addr=6 -> data=0x2da6
PASS | Read RS1 | addr=0 -> data=0x0
PASS | Read RS2 | addr=4 -> data=0x3b99
PASS | Read RS1 | addr=3 -> data=0x76a5
PASS | Read RS2 | addr=5 -> data=0xfe6f
PASS | Read RS1 | addr=7 -> data=0xfa9d
PASS | Read RS2 | addr=7 -> data=0xfa9d
PASS | Read RS1 | addr=3 -> data=0x76a5
PASS | Read RS2 | addr=3 -> data=0x76a5
PASS | Read RS1 | addr=0 -> data=0x0
PASS | Read RS2 | addr=0 -> data=0x0
PASS | Read RS1 | addr=3 -> data=0x76a5
PASS | Read RS2 | addr=0 -> data=0x0
PASS | Read RS1 | addr=7 -> data=0x5278
PASS | Read RS2 | addr=6 -> data=0x2da6
PASS | Read RS1 | addr=7 -> data=0x9dcc
PASS | Read RS2 | addr=6 -> data=0x2da6
PASS | Read RS1 | addr=3 -> data=0x76a5
PASS | Read RS2 | addr=2 -> data=0x9221
PASS | Read RS1 | addr=7 -> data=0xb6c6
PASS | Read RS2 | addr=0 -> data=0x0
PASS | Read RS1 | addr=5 -> data=0xfe6f
PASS | Read RS2 | addr=4 -> data=0x3b99
PASS | Read RS1 | addr=2 -> data=0x9221
PASS | Read RS2 | addr=7 -> data=0xb6c6
PASS | Read RS1 | addr=1 -> data=0x182f
PASS | Read RS2 | addr=5 -> data=0xfe6f
PASS | Read RS1 | addr=0 -> data=0x0
PASS | Read RS2 | addr=4 -> data=0xd496
PASS | Read RS1 | addr=3 -> data=0x76a5
PASS | Read RS2 | addr=2 -> data=0x9221
PASS | Read RS1 | addr=6 -> data=0x2da6
PASS | Read RS2 | addr=4 -> data=0x50d9
PASS | Read RS1 | addr=3 -> data=0x76a5
PASS | Read RS2 | addr=3 -> data=0x76a5
PASS | Read RS1 | addr=2 -> data=0x9221
PASS | Read RS2 | addr=7 -> data=0x8429
PASS | Read RS1 | addr=4 -> data=0x50d9
PASS | Read RS2 | addr=2 -> data=0x9221
PASS | Read RS1 | addr=6 -> data=0x2da6
PASS | Read RS2 | addr=3 -> data=0x76a5
PASS | Read RS1 | addr=4 -> data=0x50d9
PASS | Read RS2 | addr=4 -> data=0x50d9
PASS | Read RS1 | addr=1 -> data=0x182f
PASS | Read RS2 | addr=5 -> data=0xfe6f
PASS | Read RS1 | addr=4 -> data=0x50d9
PASS | Read RS2 | addr=1 -> data=0x182f
PASS | Read RS1 | addr=1 -> data=0x182f
PASS | Read RS2 | addr=7 -> data=0x515e
PASS | Read RS1 | addr=6 -> data=0xd9e3
PASS | Read RS2 | addr=3 -> data=0x76a5
PASS | Read RS1 | addr=1 -> data=0x182f
PASS | Read RS2 | addr=4 -> data=0x50d9
PASS | Read RS1 | addr=5 -> data=0xfe6f
PASS | Read RS2 | addr=6 -> data=0xd9e3
PASS | Read RS1 | addr=0 -> data=0x0
PASS | Read RS2 | addr=2 -> data=0x84d7
PASS | Read RS1 | addr=7 -> data=0xb589
PASS | Read RS2 | addr=1 -> data=0x182f
PASS | Read RS1 | addr=5 -> data=0xfe6f
PASS | Read RS2 | addr=5 -> data=0xfe6f
PASS | Read RS1 | addr=4 -> data=0x50d9
PASS | Read RS2 | addr=5 -> data=0xfe6f
PASS | Read RS1 | addr=4 -> data=0x50d9
PASS | Read RS2 | addr=1 -> data=0x182f
PASS | Read RS1 | addr=3 -> data=0x42d0
PASS | Read RS2 | addr=5 -> data=0xfe6f
PASS | Read RS1 | addr=2 -> data=0xb94a
PASS | Read RS2 | addr=0 -> data=0x0
PASS | Read RS1 | addr=1 -> data=0x182f
PASS | Read RS2 | addr=7 -> data=0x98b6
PASS | Read RS1 | addr=1 -> data=0x182f
PASS | Read RS2 | addr=3 -> data=0x42d0
PASS | Read RS1 | addr=6 -> data=0xd9e3
PASS | Read RS2 | addr=6 -> data=0xd9e3
PASS | Read RS1 | addr=1 -> data=0x182f
PASS | Read RS2 | addr=1 -> data=0x182f
PASS | Read RS1 | addr=1 -> data=0x182f
PASS | Read RS2 | addr=1 -> data=0x182f
PASS | Read RS1 | addr=6 -> data=0xd9e3
PASS | Read RS2 | addr=6 -> data=0xd9e3
PASS | Read RS1 | addr=4 -> data=0xd03f
PASS | Read RS2 | addr=3 -> data=0x42d0
PASS | Read RS1 | addr=4 -> data=0xd03f
PASS | Read RS2 | addr=3 -> data=0x42d0
PASS | Read RS1 | addr=3 -> data=0x42d0
PASS | Read RS2 | addr=2 -> data=0xb94a
PASS | Read RS1 | addr=5 -> data=0xfe6f
PASS | Read RS2 | addr=2 -> data=0xb94a
PASS | Read RS1 | addr=2 -> data=0xb94a
PASS | Read RS2 | addr=5 -> data=0xfe6f
PASS | Read RS1 | addr=6 -> data=0xd9e3
PASS | Read RS2 | addr=1 -> data=0x182f
PASS | Read RS1 | addr=7 -> data=0xb3b6
PASS | Read RS2 | addr=6 -> data=0xd9e3
PASS | Read RS1 | addr=6 -> data=0xd9e3
PASS | Read RS2 | addr=7 -> data=0xb3b6
PASS | Read RS1 | addr=1 -> data=0x182f
PASS | Read RS2 | addr=7 -> data=0xb3b6
PASS | Read RS1 | addr=2 -> data=0xb94a
PASS | Read RS2 | addr=7 -> data=0xb3b6
PASS | Read RS1 | addr=1 -> data=0x182f
PASS | Read RS2 | addr=4 -> data=0xd03f
PASS | Read RS1 | addr=7 -> data=0xb3b6
PASS | Read RS2 | addr=3 -> data=0x42d0
PASS | Read RS1 | addr=3 -> data=0x42d0
PASS | Read RS2 | addr=1 -> data=0x182f
PASS | Read RS1 | addr=5 -> data=0x3deb
PASS | Read RS2 | addr=2 -> data=0xb94a
PASS | Read RS1 | addr=7 -> data=0x524a
PASS | Read RS2 | addr=3 -> data=0x42d0
PASS | Read RS1 | addr=5 -> data=0x3deb
PASS | Read RS2 | addr=7 -> data=0x524a
PASS | Read RS1 | addr=0 -> data=0x0
PASS | Read RS2 | addr=4 -> data=0xd03f
PASS | Read RS1 | addr=4 -> data=0xd03f
PASS | Read RS2 | addr=2 -> data=0xb94a
PASS | Read RS1 | addr=7 -> data=0x524a
PASS | Read RS2 | addr=1 -> data=0x182f
PASS | Read RS1 | addr=6 -> data=0x5b70
PASS | Read RS2 | addr=1 -> data=0x182f
PASS | Read RS1 | addr=4 -> data=0xd03f
PASS | Read RS2 | addr=2 -> data=0xb94a
PASS | Read RS1 | addr=3 -> data=0xff04
PASS | Read RS2 | addr=2 -> data=0xb94a
PASS | Read RS1 | addr=0 -> data=0x0
PASS | Read RS2 | addr=2 -> data=0xb94a
PASS | Read RS1 | addr=7 -> data=0xc926
PASS | Read RS2 | addr=6 -> data=0x5b70
PASS | Read RS1 | addr=3 -> data=0xff04
PASS | Read RS2 | addr=1 -> data=0xf708
PASS | Read RS1 | addr=0 -> data=0x0
PASS | Read RS2 | addr=5 -> data=0x3deb
PASS | Read RS1 | addr=6 -> data=0x5b70
PASS | Read RS2 | addr=5 -> data=0x3deb
PASS | Read RS1 | addr=1 -> data=0x52c8
PASS | Read RS2 | addr=1 -> data=0x52c8
PASS | Read RS1 | addr=0 -> data=0x0
PASS | Read RS2 | addr=2 -> data=0xb94a
PASS | Read RS1 | addr=4 -> data=0xd03f
PASS | Read RS2 | addr=6 -> data=0x5b70
PASS | Read RS1 | addr=6 -> data=0x5b70
PASS | Read RS2 | addr=2 -> data=0xb94a
PASS | Read RS1 | addr=7 -> data=0x11c1
PASS | Read RS2 | addr=7 -> data=0x11c1
PASS | Read RS1 | addr=5 -> data=0x8df2
PASS | Read RS2 | addr=0 -> data=0x0
PASS | Read RS1 | addr=3 -> data=0xff04
PASS | Read RS2 | addr=4 -> data=0xd03f
PASS | Read RS1 | addr=5 -> data=0x8df2
PASS | Read RS2 | addr=4 -> data=0xd03f
PASS | Read RS1 | addr=2 -> data=0xb94a
PASS | Read RS2 | addr=4 -> data=0xd03f
PASS | Read RS1 | addr=6 -> data=0x5b70
PASS | Read RS2 | addr=0 -> data=0x0
PASS | Read RS1 | addr=7 -> data=0x9ada
PASS | Read RS2 | addr=3 -> data=0xff04
PASS | Read RS1 | addr=4 -> data=0xd03f
PASS | Read RS2 | addr=2 -> data=0xb94a
PASS | Read RS1 | addr=4 -> data=0xd03f
PASS | Read RS2 | addr=0 -> data=0x0
PASS | Read RS1 | addr=3 -> data=0xff04
PASS | Read RS2 | addr=1 -> data=0x52c8
PASS | Read RS1 | addr=5 -> data=0x8df2
PASS | Read RS2 | addr=0 -> data=0x0
PASS | Read RS1 | addr=2 -> data=0xe8c2
PASS | Read RS2 | addr=0 -> data=0x0
PASS | Read RS1 | addr=2 -> data=0xe8c2
PASS | Read RS2 | addr=5 -> data=0x8df2
PASS | Read RS1 | addr=4 -> data=0x2a40
PASS | Read RS2 | addr=4 -> data=0x2a40
PASS | Read RS1 | addr=3 -> data=0xbcbd
PASS | Read RS2 | addr=3 -> data=0xbcbd
PASS | Read RS1 | addr=0 -> data=0x0
PASS | Read RS2 | addr=1 -> data=0x52c8
PASS | Read RS1 | addr=4 -> data=0x2a40
PASS | Read RS2 | addr=2 -> data=0xe8c2
PASS | Read RS1 | addr=0 -> data=0x0
PASS | Read RS2 | addr=3 -> data=0xbcbd
PASS | Read RS1 | addr=5 -> data=0x8df2
PASS | Read RS2 | addr=5 -> data=0x8df2
PASS | Read RS1 | addr=6 -> data=0x1166
PASS | Read RS2 | addr=4 -> data=0x2a40
PASS | Read RS1 | addr=6 -> data=0x1166
PASS | Read RS2 | addr=4 -> data=0x2a40
PASS | Read RS1 | addr=2 -> data=0xe8c2
PASS | Read RS2 | addr=6 -> data=0x1166
PASS | Read RS1 | addr=1 -> data=0x52c8
PASS | Read RS2 | addr=4 -> data=0x2a40
PASS | Read RS1 | addr=7 -> data=0x4343
PASS | Read RS2 | addr=4 -> data=0x2a40
PASS | Read RS1 | addr=1 -> data=0x52c8
PASS | Read RS2 | addr=4 -> data=0x2a40
PASS | Read RS1 | addr=6 -> data=0x1166
PASS | Read RS2 | addr=5 -> data=0x87dc
PASS | Read RS1 | addr=7 -> data=0x4343
PASS | Read RS2 | addr=2 -> data=0xe8c2
PASS | Read RS1 | addr=0 -> data=0x0
PASS | Read RS2 | addr=2 -> data=0xe8c2
PASS | Read RS1 | addr=3 -> data=0xbcbd
PASS | Read RS2 | addr=4 -> data=0x2a40
PASS | Read RS1 | addr=3 -> data=0xbcbd
PASS | Read RS2 | addr=5 -> data=0x87dc
PASS | Read RS1 | addr=6 -> data=0x1166
PASS | Read RS2 | addr=7 -> data=0x126d
PASS | Read RS1 | addr=3 -> data=0xbcbd
PASS | Read RS2 | addr=3 -> data=0xbcbd
PASS | Read RS1 | addr=4 -> data=0x2a40
PASS | Read RS2 | addr=6 -> data=0x1166
PASS | Read RS1 | addr=3 -> data=0xbcbd
PASS | Read RS2 | addr=5 -> data=0x87dc
PASS | Read RS1 | addr=5 -> data=0x87dc
PASS | Read RS2 | addr=1 -> data=0x97ef
PASS | Read RS1 | addr=7 -> data=0x8a81
PASS | Read RS2 | addr=4 -> data=0xc6b9
PASS | Read RS1 | addr=1 -> data=0x97ef
PASS | Read RS2 | addr=4 -> data=0xad6b
PASS | Read RS1 | addr=2 -> data=0xe8c2
PASS | Read RS2 | addr=7 -> data=0x4561
PASS | Read RS1 | addr=4 -> data=0xad6b
PASS | Read RS2 | addr=0 -> data=0x0
PASS | Read RS1 | addr=6 -> data=0x1166
PASS | Read RS2 | addr=1 -> data=0x97ef
PASS | Read RS1 | addr=2 -> data=0xe8c2
PASS | Read RS2 | addr=4 -> data=0xad6b
PASS | Read RS1 | addr=4 -> data=0xad6b
PASS | Read RS2 | addr=3 -> data=0xbcbd
PASS | Read RS1 | addr=4 -> data=0xad6b
PASS | Read RS2 | addr=2 -> data=0xe8c2
PASS | Read RS1 | addr=3 -> data=0xbcbd
PASS | Read RS2 | addr=1 -> data=0x97ef
PASS | Read RS1 | addr=7 -> data=0xe0f6
PASS | Read RS2 | addr=6 -> data=0x1166
PASS | Read RS1 | addr=3 -> data=0xbcbd
PASS | Read RS2 | addr=1 -> data=0x97ef
PASS | Read RS1 | addr=3 -> data=0xbcbd
PASS | Read RS2 | addr=7 -> data=0x370d
PASS | Read RS1 | addr=2 -> data=0xe8c2
PASS | Read RS2 | addr=3 -> data=0xbcbd
PASS | Read RS1 | addr=7 -> data=0x370d
PASS | Read RS2 | addr=7 -> data=0x370d
PASS | Read RS1 | addr=3 -> data=0xbcbd
PASS | Read RS2 | addr=2 -> data=0xe8c2
PASS | Read RS1 | addr=4 -> data=0x8be9
PASS | Read RS2 | addr=4 -> data=0x8be9
PASS | Read RS1 | addr=6 -> data=0x1166
PASS | Read RS2 | addr=3 -> data=0xbcbd
PASS | Read RS1 | addr=1 -> data=0x97ef
PASS | Read RS2 | addr=7 -> data=0xcab1
PASS | Read RS1 | addr=6 -> data=0x2fca
PASS | Read RS2 | addr=1 -> data=0x97ef
PASS | Read RS1 | addr=0 -> data=0x0
PASS | Read RS2 | addr=0 -> data=0x0
PASS | Read RS1 | addr=5 -> data=0x87dc
PASS | Read RS2 | addr=6 -> data=0xa6ed
PASS | Read RS1 | addr=3 -> data=0xbcbd
PASS | Read RS2 | addr=1 -> data=0x97ef
PASS | Read RS1 | addr=6 -> data=0xa6ed
PASS | Read RS2 | addr=1 -> data=0x97ef
PASS | Read RS1 | addr=5 -> data=0x87dc
PASS | Read RS2 | addr=7 -> data=0xd556
PASS | Read RS1 | addr=6 -> data=0xa6ed
PASS | Read RS2 | addr=2 -> data=0xe8c2
PASS | Read RS1 | addr=0 -> data=0x0
PASS | Read RS2 | addr=1 -> data=0x97ef
PASS | Read RS1 | addr=2 -> data=0xe8c2
PASS | Read RS2 | addr=3 -> data=0xb678
PASS | Read RS1 | addr=6 -> data=0xa6ed
PASS | Read RS2 | addr=1 -> data=0x97ef
PASS | Read RS1 | addr=5 -> data=0x87dc
PASS | Read RS2 | addr=6 -> data=0xa6ed
PASS | Read RS1 | addr=5 -> data=0x87dc
PASS | Read RS2 | addr=1 -> data=0x97ef
PASS | Read RS1 | addr=3 -> data=0xb678
PASS | Read RS2 | addr=4 -> data=0x8be9
PASS | Read RS1 | addr=0 -> data=0x0
PASS | Read RS2 | addr=2 -> data=0xe8c2
PASS | Read RS1 | addr=4 -> data=0x8be9
PASS | Read RS2 | addr=4 -> data=0x8be9
PASS | Read RS1 | addr=3 -> data=0xb678
PASS | Read RS2 | addr=0 -> data=0x0
PASS | Read RS1 | addr=2 -> data=0xae50
PASS | Read RS2 | addr=5 -> data=0x2011
PASS | Read RS1 | addr=6 -> data=0xa6ed
PASS | Read RS2 | addr=6 -> data=0xa6ed
PASS | Read RS1 | addr=1 -> data=0x97ef
PASS | Read RS2 | addr=4 -> data=0x8be9
PASS | Read RS1 | addr=0 -> data=0x0
PASS | Read RS2 | addr=3 -> data=0xb678
PASS | Read RS1 | addr=3 -> data=0xb678
PASS | Read RS2 | addr=7 -> data=0x7feb
PASS | Read RS1 | addr=0 -> data=0x0
PASS | Read RS2 | addr=1 -> data=0x97ef
PASS | Read RS1 | addr=2 -> data=0xae50
PASS | Read RS2 | addr=1 -> data=0x97ef
PASS | Read RS1 | addr=0 -> data=0x0
PASS | Read RS2 | addr=5 -> data=0x2011
PASS | Read RS1 | addr=6 -> data=0xa6ed
PASS | Read RS2 | addr=1 -> data=0x97ef
PASS | Read RS1 | addr=5 -> data=0x2011
PASS | Read RS2 | addr=4 -> data=0xc2b5
PASS | Read RS1 | addr=4 -> data=0xc2b5
PASS | Read RS2 | addr=5 -> data=0x2011
PASS | Read RS1 | addr=6 -> data=0xa6ed
PASS | Read RS2 | addr=3 -> data=0x8f1f
PASS | Read RS1 | addr=6 -> data=0xa6ed
PASS | Read RS2 | addr=5 -> data=0x2011
PASS | Read RS1 | addr=3 -> data=0x8f1f
PASS | Read RS2 | addr=5 -> data=0x2011
PASS | Read RS1 | addr=5 -> data=0xad2e
PASS | Read RS2 | addr=0 -> data=0x0
PASS | Read RS1 | addr=6 -> data=0xa6ed
PASS | Read RS2 | addr=2 -> data=0x1d15
PASS | Read RS1 | addr=5 -> data=0xad2e
PASS | Read RS2 | addr=3 -> data=0x8f1f
PASS | Read RS1 | addr=0 -> data=0x0
PASS | Read RS2 | addr=5 -> data=0xad2e
PASS | Read RS1 | addr=7 -> data=0xcd89
PASS | Read RS2 | addr=2 -> data=0x1d15
PASS | Read RS1 | addr=5 -> data=0xad2e
PASS | Read RS2 | addr=3 -> data=0x8f1f
PASS | Read RS1 | addr=2 -> data=0x1d15
PASS | Read RS2 | addr=2 -> data=0x1d15
PASS | Read RS1 | addr=5 -> data=0xad2e
PASS | Read RS2 | addr=1 -> data=0xe529
PASS | Read RS1 | addr=2 -> data=0x1d15
PASS | Read RS2 | addr=6 -> data=0xa6ed
PASS | Read RS1 | addr=0 -> data=0x0
PASS | Read RS2 | addr=0 -> data=0x0
PASS | Read RS1 | addr=3 -> data=0xb3cf
PASS | Read RS2 | addr=6 -> data=0xa6ed
PASS | Read RS1 | addr=5 -> data=0x5c75
PASS | Read RS2 | addr=5 -> data=0x5c75
PASS | Read RS1 | addr=0 -> data=0x0
PASS | Read RS2 | addr=6 -> data=0xa6ed
PASS | Read RS1 | addr=2 -> data=0x1d15
PASS | Read RS2 | addr=0 -> data=0x0
PASS | Read RS1 | addr=0 -> data=0x0
PASS | Read RS2 | addr=7 -> data=0x8d8d
PASS | Read RS1 | addr=7 -> data=0x7775
PASS | Read RS2 | addr=3 -> data=0x2d7e
PASS | Read RS1 | addr=2 -> data=0x1d15
PASS | Read RS2 | addr=0 -> data=0x0
PASS | Read RS1 | addr=0 -> data=0x0
PASS | Read RS2 | addr=0 -> data=0x0
PASS | Read RS1 | addr=2 -> data=0x1d15
PASS | Read RS2 | addr=5 -> data=0x5c75
PASS | Read RS1 | addr=5 -> data=0x5c75
PASS | Read RS2 | addr=5 -> data=0x5c75
PASS | Read RS1 | addr=2 -> data=0x1d15
PASS | Read RS2 | addr=0 -> data=0x0
PASS | Read RS1 | addr=6 -> data=0xa6ed
PASS | Read RS2 | addr=2 -> data=0x1d15
PASS | Read RS1 | addr=2 -> data=0x1d15
PASS | Read RS2 | addr=0 -> data=0x0
PASS | Read RS1 | addr=2 -> data=0x1d15
PASS | Read RS2 | addr=6 -> data=0xa6ed
PASS | Read RS1 | addr=2 -> data=0x1d15
PASS | Read RS2 | addr=4 -> data=0x631f
PASS | Read RS1 | addr=4 -> data=0x631f
PASS | Read RS2 | addr=1 -> data=0xe529
PASS | Read RS1 | addr=0 -> data=0x0
PASS | Read RS2 | addr=0 -> data=0x0
PASS | Read RS1 | addr=3 -> data=0x6b12
PASS | Read RS2 | addr=1 -> data=0xe529
PASS | Read RS1 | addr=1 -> data=0xe529
PASS | Read RS2 | addr=2 -> data=0x1d15
PASS | Read RS1 | addr=1 -> data=0xe529
PASS | Read RS2 | addr=5 -> data=0xebe7
PASS | Read RS1 | addr=5 -> data=0xebe7
PASS | Read RS2 | addr=5 -> data=0xebe7
PASS | Read RS1 | addr=0 -> data=0x0
PASS | Read RS2 | addr=7 -> data=0xf8f0
PASS | Read RS1 | addr=7 -> data=0xf8f0
PASS | Read RS2 | addr=5 -> data=0xebe7
PASS | Read RS1 | addr=0 -> data=0x0
PASS | Read RS2 | addr=4 -> data=0x631f
PASS | Read RS1 | addr=2 -> data=0x1d15
PASS | Read RS2 | addr=1 -> data=0xe529
PASS | Read RS1 | addr=1 -> data=0xe529
PASS | Read RS2 | addr=1 -> data=0xe529
PASS | Read RS1 | addr=1 -> data=0xe529
PASS | Read RS2 | addr=3 -> data=0x6b12
PASS | Read RS1 | addr=7 -> data=0xb2d5
PASS | Read RS2 | addr=1 -> data=0xe529
PASS | Read RS1 | addr=4 -> data=0x631f
PASS | Read RS2 | addr=0 -> data=0x0
PASS | Read RS1 | addr=6 -> data=0xa6ed
PASS | Read RS2 | addr=0 -> data=0x0
PASS | Read RS1 | addr=3 -> data=0x6b12
PASS | Read RS2 | addr=1 -> data=0xe529
PASS | Read RS1 | addr=4 -> data=0x631f
PASS | Read RS2 | addr=7 -> data=0xe008
PASS | Read RS1 | addr=2 -> data=0x1d15
PASS | Read RS2 | addr=1 -> data=0xe529
PASS | Read RS1 | addr=4 -> data=0x631f
PASS | Read RS2 | addr=7 -> data=0xe008
PASS | Read RS1 | addr=0 -> data=0x0
PASS | Read RS2 | addr=5 -> data=0xebe7
PASS | Read RS1 | addr=4 -> data=0x631f
PASS | Read RS2 | addr=0 -> data=0x0
PASS | Read RS1 | addr=0 -> data=0x0
PASS | Read RS2 | addr=1 -> data=0xe529
PASS | Read RS1 | addr=1 -> data=0xe529
PASS | Read RS2 | addr=4 -> data=0x631f
PASS | Read RS1 | addr=5 -> data=0xebe7
PASS | Read RS2 | addr=1 -> data=0xe529
PASS | Read RS1 | addr=2 -> data=0x1d15
PASS | Read RS2 | addr=1 -> data=0xe529
PASS | Read RS1 | addr=7 -> data=0xe008
PASS | Read RS2 | addr=0 -> data=0x0
PASS | Read RS1 | addr=2 -> data=0x1d15
PASS | Read RS2 | addr=2 -> data=0x1d15
PASS | Read RS1 | addr=7 -> data=0xe008
PASS | Read RS2 | addr=5 -> data=0xebe7
PASS | Read RS1 | addr=5 -> data=0xebe7
PASS | Read RS2 | addr=1 -> data=0xe529
PASS | Read RS1 | addr=7 -> data=0x15a8
PASS | Read RS2 | addr=0 -> data=0x0
PASS | Read RS1 | addr=1 -> data=0xe529
PASS | Read RS2 | addr=6 -> data=0xa6ed
PASS | Read RS1 | addr=0 -> data=0x0
PASS | Read RS2 | addr=2 -> data=0x1d15
PASS | Read RS1 | addr=3 -> data=0xb147
PASS | Read RS2 | addr=0 -> data=0x0
PASS | Read RS1 | addr=6 -> data=0xa6ed
PASS | Read RS2 | addr=7 -> data=0x813a
PASS | Read RS1 | addr=4 -> data=0x631f
PASS | Read RS2 | addr=4 -> data=0x631f
PASS | Read RS1 | addr=5 -> data=0xebe7
PASS | Read RS2 | addr=2 -> data=0x1d15
PASS | Read RS1 | addr=2 -> data=0x1d15
PASS | Read RS2 | addr=5 -> data=0xebe7
PASS | Read RS1 | addr=5 -> data=0xebe7
PASS | Read RS2 | addr=5 -> data=0xebe7
PASS | Read RS1 | addr=5 -> data=0xebe7
PASS | Read RS2 | addr=0 -> data=0x0
PASS | Read RS1 | addr=0 -> data=0x0
PASS | Read RS2 | addr=5 -> data=0xebe7
PASS | Read RS1 | addr=5 -> data=0xebe7
PASS | Read RS2 | addr=2 -> data=0x1d15
PASS | Read RS1 | addr=2 -> data=0x1d15
PASS | Read RS2 | addr=4 -> data=0xfe6c
PASS | Read RS1 | addr=3 -> data=0xb147
PASS | Read RS2 | addr=3 -> data=0xb147
PASS | Read RS1 | addr=0 -> data=0x0
PASS | Read RS2 | addr=4 -> data=0x5610
PASS | Read RS1 | addr=3 -> data=0xb147
PASS | Read RS2 | addr=2 -> data=0x1d15
PASS | Read RS1 | addr=3 -> data=0xb147
PASS | Read RS2 | addr=7 -> data=0x8932
PASS | Read RS1 | addr=1 -> data=0x10b3
PASS | Read RS2 | addr=1 -> data=0x10b3
PASS | Read RS1 | addr=4 -> data=0x5610
PASS | Read RS2 | addr=5 -> data=0xebe7
PASS | Read RS1 | addr=4 -> data=0x5610
PASS | Read RS2 | addr=3 -> data=0xb147
PASS | Read RS1 | addr=3 -> data=0xb147
PASS | Read RS2 | addr=6 -> data=0x93ef
PASS | Read RS1 | addr=2 -> data=0x1d15
PASS | Read RS2 | addr=7 -> data=0x2475
PASS | Read RS1 | addr=2 -> data=0x1d15
PASS | Read RS2 | addr=6 -> data=0x93ef
PASS | Read RS1 | addr=3 -> data=0xb147
PASS | Read RS2 | addr=1 -> data=0x8db4
PASS | Read RS1 | addr=7 -> data=0x2475
PASS | Read RS2 | addr=4 -> data=0x5610
PASS | Read RS1 | addr=7 -> data=0x2475
PASS | Read RS2 | addr=4 -> data=0x5610
PASS | Read RS1 | addr=1 -> data=0x8db4
PASS | Read RS2 | addr=3 -> data=0xb147
PASS | Read RS1 | addr=7 -> data=0xfa56
PASS | Read RS2 | addr=2 -> data=0x1d15
PASS | Read RS1 | addr=6 -> data=0x93ef
PASS | Read RS2 | addr=3 -> data=0xb147
PASS | Read RS1 | addr=5 -> data=0xebe7
PASS | Read RS2 | addr=5 -> data=0xebe7
PASS | Read RS1 | addr=2 -> data=0x1d15
PASS | Read RS2 | addr=7 -> data=0x12f0
PASS | Read RS1 | addr=5 -> data=0xebe7
PASS | Read RS2 | addr=5 -> data=0xebe7
PASS | Read RS1 | addr=6 -> data=0x93ef
PASS | Read RS2 | addr=3 -> data=0xb147
PASS | Read RS1 | addr=6 -> data=0x93ef
PASS | Read RS2 | addr=0 -> data=0x0
PASS | Read RS1 | addr=1 -> data=0xd36d
PASS | Read RS2 | addr=7 -> data=0x5810
PASS | Read RS1 | addr=0 -> data=0x0
PASS | Read RS2 | addr=0 -> data=0x0
PASS | Read RS1 | addr=5 -> data=0xebe7
PASS | Read RS2 | addr=1 -> data=0xabb7
PASS | Read RS1 | addr=2 -> data=0x1d15
PASS | Read RS2 | addr=4 -> data=0x5610
PASS | Read RS1 | addr=6 -> data=0x93ef
PASS | Read RS2 | addr=3 -> data=0xb147
PASS | Read RS1 | addr=0 -> data=0x0
PASS | Read RS2 | addr=0 -> data=0x0
PASS | Read RS1 | addr=2 -> data=0x1d15
PASS | Read RS2 | addr=0 -> data=0x0
PASS | Read RS1 | addr=3 -> data=0xb147
PASS | Read RS2 | addr=6 -> data=0x93ef
PASS | Read RS1 | addr=5 -> data=0x3404
PASS | Read RS2 | addr=3 -> data=0x337f
PASS | Read RS1 | addr=7 -> data=0xfc95
PASS | Read RS2 | addr=4 -> data=0x5610
PASS | Read RS1 | addr=2 -> data=0x1d15
PASS | Read RS2 | addr=6 -> data=0x93ef
PASS | Read RS1 | addr=0 -> data=0x0
PASS | Read RS2 | addr=1 -> data=0xabb7
PASS | Read RS1 | addr=0 -> data=0x0
PASS | Read RS2 | addr=6 -> data=0x93ef
PASS | Read RS1 | addr=0 -> data=0x0
PASS | Read RS2 | addr=4 -> data=0x5610
PASS | Read RS1 | addr=2 -> data=0x1d15
PASS | Read RS2 | addr=1 -> data=0xabb7
PASS | Read RS1 | addr=6 -> data=0x93ef
PASS | Read RS2 | addr=3 -> data=0x27d6
PASS | Read RS1 | addr=2 -> data=0x1d15
PASS | Read RS2 | addr=6 -> data=0x93ef
PASS | Read RS1 | addr=1 -> data=0xabb7
PASS | Read RS2 | addr=5 -> data=0x3404
PASS | Read RS1 | addr=3 -> data=0x27d6
PASS | Read RS2 | addr=7 -> data=0xdf56
PASS | Read RS1 | addr=1 -> data=0xabb7
PASS | Read RS2 | addr=3 -> data=0x27d6
PASS | Read RS1 | addr=2 -> data=0x1d15
PASS | Read RS2 | addr=4 -> data=0x5610
PASS | Read RS1 | addr=0 -> data=0x0
PASS | Read RS2 | addr=0 -> data=0x0
PASS | Read RS1 | addr=2 -> data=0x1d15
PASS | Read RS2 | addr=3 -> data=0x27d6
PASS | Read RS1 | addr=2 -> data=0x1d15
PASS | Read RS2 | addr=1 -> data=0xabb7
PASS | Read RS1 | addr=3 -> data=0x27d6
PASS | Read RS2 | addr=7 -> data=0x1af8
PASS | Read RS1 | addr=2 -> data=0x1d15
PASS | Read RS2 | addr=2 -> data=0x1d15
PASS | Read RS1 | addr=2 -> data=0x1d15
PASS | Read RS2 | addr=6 -> data=0x93ef
PASS | Read RS1 | addr=6 -> data=0x93ef
PASS | Read RS2 | addr=3 -> data=0x27d6
PASS | Read RS1 | addr=0 -> data=0x0
PASS | Read RS2 | addr=0 -> data=0x0
PASS | Read RS1 | addr=0 -> data=0x0
PASS | Read RS2 | addr=6 -> data=0x93ef
PASS | Read RS1 | addr=4 -> data=0x5610
PASS | Read RS2 | addr=1 -> data=0x6ff6
PASS | Read RS1 | addr=1 -> data=0x6ff6
PASS | Read RS2 | addr=2 -> data=0x1d15
PASS | Read RS1 | addr=1 -> data=0x6ff6
PASS | Read RS2 | addr=6 -> data=0x93ef
PASS | Read RS1 | addr=1 -> data=0x6ff6
PASS | Read RS2 | addr=1 -> data=0x6ff6
PASS | Read RS1 | addr=2 -> data=0x1d15
PASS | Read RS2 | addr=2 -> data=0x1d15
PASS | Read RS1 | addr=4 -> data=0x5610
PASS | Read RS2 | addr=0 -> data=0x0
PASS | Read RS1 | addr=7 -> data=0x568e
PASS | Read RS2 | addr=4 -> data=0x5610
PASS | Read RS1 | addr=3 -> data=0x27d6
PASS | Read RS2 | addr=5 -> data=0xdfc0
PASS | Read RS1 | addr=1 -> data=0x6ff6
PASS | Read RS2 | addr=0 -> data=0x0
PASS | Read RS1 | addr=1 -> data=0x6ff6
PASS | Read RS2 | addr=0 -> data=0x0
PASS | Read RS1 | addr=2 -> data=0x1d15
PASS | Read RS2 | addr=1 -> data=0x6ff6
PASS | Read RS1 | addr=6 -> data=0xe04c
PASS | Read RS2 | addr=7 -> data=0x7c0c
PASS | Read RS1 | addr=7 -> data=0x7c0c
PASS | Read RS2 | addr=3 -> data=0x27d6
PASS | Read RS1 | addr=0 -> data=0x0
PASS | Read RS2 | addr=3 -> data=0x27d6
PASS | Read RS1 | addr=6 -> data=0xe04c
PASS | Read RS2 | addr=4 -> data=0x4e3e
PASS | Read RS1 | addr=0 -> data=0x0
PASS | Read RS2 | addr=5 -> data=0x3f26
PASS | Read RS1 | addr=5 -> data=0x3f26
PASS | Read RS2 | addr=1 -> data=0x6ff6
PASS | Read RS1 | addr=6 -> data=0xe04c
PASS | Read RS2 | addr=5 -> data=0x3f26
PASS | Read RS1 | addr=2 -> data=0x1d15
PASS | Read RS2 | addr=5 -> data=0x3f26
PASS | Read RS1 | addr=2 -> data=0x1d15
PASS | Read RS2 | addr=2 -> data=0x1d15
PASS | Read RS1 | addr=6 -> data=0xe04c
PASS | Read RS2 | addr=7 -> data=0xeac3
PASS | Read RS1 | addr=1 -> data=0x6ff6
PASS | Read RS2 | addr=1 -> data=0x6ff6
PASS | Read RS1 | addr=5 -> data=0x18a0
PASS | Read RS2 | addr=0 -> data=0x0
PASS | Read RS1 | addr=3 -> data=0x27d6
PASS | Read RS2 | addr=4 -> data=0x4e3e
PASS | Read RS1 | addr=4 -> data=0x4e3e
PASS | Read RS2 | addr=0 -> data=0x0
PASS | Read RS1 | addr=2 -> data=0x1d15
PASS | Read RS2 | addr=0 -> data=0x0
PASS | Read RS1 | addr=0 -> data=0x0
PASS | Read RS2 | addr=1 -> data=0x6ff6
PASS | Read RS1 | addr=1 -> data=0x6ff6
PASS | Read RS2 | addr=6 -> data=0xcbb3
PASS | Read RS1 | addr=2 -> data=0x1fa6
PASS | Read RS2 | addr=6 -> data=0xcbb3
PASS | Read RS1 | addr=7 -> data=0xd21f
PASS | Read RS2 | addr=3 -> data=0x27d6
PASS | Read RS1 | addr=7 -> data=0xd21f
PASS | Read RS2 | addr=2 -> data=0x1fa6
PASS | Read RS1 | addr=4 -> data=0x4e3e
PASS | Read RS2 | addr=1 -> data=0x6ff6
PASS | Read RS1 | addr=5 -> data=0x18a0
PASS | Read RS2 | addr=7 -> data=0xd21f
PASS | Read RS1 | addr=4 -> data=0x4e3e
PASS | Read RS2 | addr=4 -> data=0x4e3e
PASS | Read RS1 | addr=5 -> data=0x18a0
PASS | Read RS2 | addr=0 -> data=0x0
PASS | Read RS1 | addr=7 -> data=0xb9f2
PASS | Read RS2 | addr=0 -> data=0x0
PASS | Read RS1 | addr=7 -> data=0xb9f2
PASS | Read RS2 | addr=2 -> data=0x1fa6
PASS | Read RS1 | addr=4 -> data=0x4e3e
PASS | Read RS2 | addr=5 -> data=0x18a0
PASS | Read RS1 | addr=5 -> data=0x18a0
PASS | Read RS2 | addr=2 -> data=0x1fa6
PASS | Read RS1 | addr=6 -> data=0x50f9
PASS | Read RS2 | addr=2 -> data=0x1fa6
PASS | Read RS1 | addr=6 -> data=0x50f9
PASS | Read RS2 | addr=7 -> data=0xb9f2
PASS | Read RS1 | addr=0 -> data=0x0
PASS | Read RS2 | addr=5 -> data=0x18a0
PASS | Read RS1 | addr=4 -> data=0x4e3e
PASS | Read RS2 | addr=1 -> data=0x6ff6
PASS | Read RS1 | addr=2 -> data=0x1fa6
PASS | Read RS2 | addr=2 -> data=0x1fa6
PASS | Read RS1 | addr=4 -> data=0x4e3e
PASS | Read RS2 | addr=5 -> data=0x18a0
PASS | Read RS1 | addr=4 -> data=0x4e3e
PASS | Read RS2 | addr=5 -> data=0x18a0
PASS | Read RS1 | addr=7 -> data=0xb9f2
PASS | Read RS2 | addr=1 -> data=0x6ff6
PASS | Read RS1 | addr=2 -> data=0xc64b
PASS | Read RS2 | addr=4 -> data=0x4e3e
PASS | Read RS1 | addr=3 -> data=0x27d6
PASS | Read RS2 | addr=1 -> data=0x6ff6
PASS | Read RS1 | addr=2 -> data=0xc64b
PASS | Read RS2 | addr=5 -> data=0x18a0
PASS | Read RS1 | addr=7 -> data=0x4d79
PASS | Read RS2 | addr=5 -> data=0x18a0
PASS | Read RS1 | addr=2 -> data=0xc64b
PASS | Read RS2 | addr=1 -> data=0x6ff6
PASS | Read RS1 | addr=2 -> data=0xc64b
PASS | Read RS2 | addr=0 -> data=0x0
PASS | Read RS1 | addr=3 -> data=0xb9d
PASS | Read RS2 | addr=0 -> data=0x0
PASS | Read RS1 | addr=0 -> data=0x0
PASS | Read RS2 | addr=6 -> data=0x6265
PASS | Read RS1 | addr=5 -> data=0x18a0
PASS | Read RS2 | addr=4 -> data=0x4e3e
PASS | Read RS1 | addr=3 -> data=0xb9d
PASS | Read RS2 | addr=6 -> data=0x6265
PASS | Read RS1 | addr=7 -> data=0x36b6
PASS | Read RS2 | addr=2 -> data=0xc64b
PASS | Read RS1 | addr=4 -> data=0x4e3e
PASS | Read RS2 | addr=2 -> data=0xc64b
PASS | Read RS1 | addr=7 -> data=0x36b6
PASS | Read RS2 | addr=6 -> data=0x6265
PASS | Read RS1 | addr=0 -> data=0x0
PASS | Read RS2 | addr=3 -> data=0xb9d
PASS | Read RS1 | addr=7 -> data=0xe4e7
PASS | Read RS2 | addr=4 -> data=0x4e3e
PASS | Read RS1 | addr=2 -> data=0xc64b
PASS | Read RS2 | addr=0 -> data=0x0
PASS | Read RS1 | addr=4 -> data=0x4e3e
PASS | Read RS2 | addr=6 -> data=0x6265
PASS | Read RS1 | addr=6 -> data=0x6265
PASS | Read RS2 | addr=6 -> data=0x6265
PASS | Read RS1 | addr=7 -> data=0xe4e7
PASS | Read RS2 | addr=2 -> data=0xc64b
PASS | Read RS1 | addr=1 -> data=0x6ff6
PASS | Read RS2 | addr=1 -> data=0x6ff6
PASS | Read RS1 | addr=4 -> data=0x4e3e
PASS | Read RS2 | addr=4 -> data=0x4e3e
PASS | Read RS1 | addr=3 -> data=0xb9d
PASS | Read RS2 | addr=5 -> data=0xb3
PASS | Read RS1 | addr=2 -> data=0xc64b
PASS | Read RS2 | addr=2 -> data=0xc64b
PASS | Read RS1 | addr=6 -> data=0x6265
PASS | Read RS2 | addr=7 -> data=0x5353
PASS | Read RS1 | addr=7 -> data=0x5353
PASS | Read RS2 | addr=6 -> data=0x6265
PASS | Read RS1 | addr=6 -> data=0x6265
PASS | Read RS2 | addr=0 -> data=0x0
PASS | Read RS1 | addr=2 -> data=0xc64b
PASS | Read RS2 | addr=3 -> data=0xb9d
PASS | Read RS1 | addr=7 -> data=0xc54e
PASS | Read RS2 | addr=6 -> data=0x6265
PASS | Read RS1 | addr=5 -> data=0xb3
PASS | Read RS2 | addr=4 -> data=0x4e3e
PASS | Read RS1 | addr=7 -> data=0xc54e
PASS | Read RS2 | addr=7 -> data=0xc54e
PASS | Read RS1 | addr=3 -> data=0x3684
PASS | Read RS2 | addr=0 -> data=0x0
PASS | Read RS1 | addr=6 -> data=0x6265
PASS | Read RS2 | addr=7 -> data=0x170
PASS | Read RS1 | addr=7 -> data=0x170
PASS | Read RS2 | addr=0 -> data=0x0
PASS | Read RS1 | addr=6 -> data=0x4027
PASS | Read RS2 | addr=4 -> data=0x4e3e
PASS | Read RS1 | addr=2 -> data=0xc64b
PASS | Read RS2 | addr=2 -> data=0xc64b
PASS | Read RS1 | addr=6 -> data=0x4027
PASS | Read RS2 | addr=1 -> data=0x6ff6
PASS | Read RS1 | addr=0 -> data=0x0
PASS | Read RS2 | addr=0 -> data=0x0
PASS | Read RS1 | addr=2 -> data=0xc64b
PASS | Read RS2 | addr=6 -> data=0x4027
PASS | Read RS1 | addr=6 -> data=0x4027
PASS | Read RS2 | addr=7 -> data=0xb033
PASS | Read RS1 | addr=7 -> data=0xb033
PASS | Read RS2 | addr=0 -> data=0x0
PASS | Read RS1 | addr=6 -> data=0x4027
PASS | Read RS2 | addr=6 -> data=0x4027
PASS | Read RS1 | addr=3 -> data=0x3684
PASS | Read RS2 | addr=0 -> data=0x0
PASS | Read RS1 | addr=3 -> data=0x3684
PASS | Read RS2 | addr=4 -> data=0x4e3e
PASS | Read RS1 | addr=4 -> data=0x4e3e
PASS | Read RS2 | addr=5 -> data=0x4219
PASS | Read RS1 | addr=3 -> data=0x3684
PASS | Read RS2 | addr=0 -> data=0x0
PASS | Read RS1 | addr=2 -> data=0xc64b
PASS | Read RS2 | addr=1 -> data=0x6ff6
PASS | Read RS1 | addr=0 -> data=0x0
PASS | Read RS2 | addr=4 -> data=0x4e3e
PASS | Read RS1 | addr=7 -> data=0xa706
PASS | Read RS2 | addr=5 -> data=0x4219
PASS | Read RS1 | addr=7 -> data=0xa706
PASS | Read RS2 | addr=3 -> data=0x3684
PASS | Read RS1 | addr=2 -> data=0xc64b
PASS | Read RS2 | addr=1 -> data=0x6ff6
PASS | Read RS1 | addr=2 -> data=0xc64b
PASS | Read RS2 | addr=5 -> data=0xd79b
PASS | Read RS1 | addr=1 -> data=0x6ff6
PASS | Read RS2 | addr=3 -> data=0x3684
PASS | Read RS1 | addr=7 -> data=0x7504
PASS | Read RS2 | addr=4 -> data=0x4e3e
PASS | Read RS1 | addr=2 -> data=0xc64b
PASS | Read RS2 | addr=6 -> data=0x4027
PASS | Read RS1 | addr=5 -> data=0xd79b
PASS | Read RS2 | addr=6 -> data=0x4027
PASS | Read RS1 | addr=4 -> data=0x4e3e
PASS | Read RS2 | addr=4 -> data=0x4e3e
PASS | Read RS1 | addr=0 -> data=0x0
PASS | Read RS2 | addr=7 -> data=0x8e69
PASS | Read RS1 | addr=5 -> data=0xd79b
PASS | Read RS2 | addr=6 -> data=0x4027
PASS | Read RS1 | addr=5 -> data=0xd79b
PASS | Read RS2 | addr=0 -> data=0x0
PASS | Read RS1 | addr=0 -> data=0x0
PASS | Read RS2 | addr=2 -> data=0xc64b
PASS | Read RS1 | addr=6 -> data=0x4027
PASS | Read RS2 | addr=3 -> data=0xffc9
PASS | Read RS1 | addr=3 -> data=0xffc9
PASS | Read RS2 | addr=2 -> data=0xc64b
PASS | Read RS1 | addr=6 -> data=0x4027
PASS | Read RS2 | addr=1 -> data=0x6ff6
PASS | Read RS1 | addr=1 -> data=0x6ff6
PASS | Read RS2 | addr=1 -> data=0x6ff6
PASS | Read RS1 | addr=0 -> data=0x0
PASS | Read RS2 | addr=7 -> data=0x4f37
PASS | Read RS1 | addr=3 -> data=0xffc9
PASS | Read RS2 | addr=4 -> data=0xcf03
PASS | Read RS1 | addr=6 -> data=0x4027
PASS | Read RS2 | addr=2 -> data=0xc64b
PASS | Read RS1 | addr=5 -> data=0xd79b
PASS | Read RS2 | addr=3 -> data=0xffc9
PASS | Read RS1 | addr=4 -> data=0xcf03
PASS | Read RS2 | addr=6 -> data=0x4027
PASS | Read RS1 | addr=2 -> data=0xc64b
PASS | Read RS2 | addr=2 -> data=0xc64b
PASS | Read RS1 | addr=4 -> data=0xcf03
PASS | Read RS2 | addr=4 -> data=0xcf03
PASS | Read RS1 | addr=6 -> data=0x42f5
PASS | Read RS2 | addr=0 -> data=0x0
PASS | Read RS1 | addr=7 -> data=0xb5aa
PASS | Read RS2 | addr=0 -> data=0x0
PASS | Read RS1 | addr=0 -> data=0x0
PASS | Read RS2 | addr=7 -> data=0xb5aa
PASS | Read RS1 | addr=5 -> data=0xd79b
PASS | Read RS2 | addr=4 -> data=0xcf03
PASS | Read RS1 | addr=3 -> data=0xc827
PASS | Read RS2 | addr=6 -> data=0x42f5
PASS | Read RS1 | addr=6 -> data=0x42f5
PASS | Read RS2 | addr=2 -> data=0xc64b
PASS | Read RS1 | addr=4 -> data=0xcf03
PASS | Read RS2 | addr=2 -> data=0xc64b
PASS | Read RS1 | addr=1 -> data=0x6ff6
PASS | Read RS2 | addr=1 -> data=0x6ff6
PASS | Read RS1 | addr=1 -> data=0x6ff6
PASS | Read RS2 | addr=3 -> data=0xc827
PASS | Read RS1 | addr=6 -> data=0x42f5
PASS | Read RS2 | addr=6 -> data=0x42f5
PASS | Read RS1 | addr=7 -> data=0x47c2
PASS | Read RS2 | addr=3 -> data=0xc827
PASS | Read RS1 | addr=5 -> data=0xf883
PASS | Read RS2 | addr=2 -> data=0xc64b
PASS | Read RS1 | addr=3 -> data=0xc827
PASS | Read RS2 | addr=0 -> data=0x0
PASS | Read RS1 | addr=1 -> data=0x6ff6
PASS | Read RS2 | addr=6 -> data=0x42f5
PASS | Read RS1 | addr=0 -> data=0x0
PASS | Read RS2 | addr=6 -> data=0x42f5
PASS | Read RS1 | addr=0 -> data=0x0
PASS | Read RS2 | addr=7 -> data=0xe9ff
PASS | Read RS1 | addr=5 -> data=0xf883
PASS | Read RS2 | addr=5 -> data=0xf883
PASS | Read RS1 | addr=1 -> data=0x6ff6
PASS | Read RS2 | addr=5 -> data=0xf883
PASS | Read RS1 | addr=0 -> data=0x0
PASS | Read RS2 | addr=3 -> data=0xc827
PASS | Read RS1 | addr=4 -> data=0xd0b4
PASS | Read RS2 | addr=4 -> data=0xd0b4
PASS | Read RS1 | addr=3 -> data=0xc827
PASS | Read RS2 | addr=1 -> data=0x6ff6
PASS | Read RS1 | addr=7 -> data=0x1c15
PASS | Read RS2 | addr=6 -> data=0x32fd
PASS | Read RS1 | addr=6 -> data=0x32fd
PASS | Read RS2 | addr=1 -> data=0x6ff6
PASS | Read RS1 | addr=7 -> data=0x5eeb
PASS | Read RS2 | addr=7 -> data=0x5eeb
PASS | Read RS1 | addr=3 -> data=0xc827
PASS | Read RS2 | addr=1 -> data=0x6ff6
PASS | Read RS1 | addr=5 -> data=0xf883
PASS | Read RS2 | addr=7 -> data=0x97d0
PASS | Read RS1 | addr=7 -> data=0x97d0
PASS | Read RS2 | addr=3 -> data=0xc827
PASS | Read RS1 | addr=7 -> data=0x385e
PASS | Read RS2 | addr=4 -> data=0xf6b6
PASS | Read RS1 | addr=7 -> data=0x385e
PASS | Read RS2 | addr=6 -> data=0xd04f
PASS | Read RS1 | addr=0 -> data=0x0
PASS | Read RS2 | addr=2 -> data=0xb0e5
PASS | Read RS1 | addr=1 -> data=0x6ff6
PASS | Read RS2 | addr=7 -> data=0x7799
PASS | Read RS1 | addr=5 -> data=0xf883
PASS | Read RS2 | addr=5 -> data=0xf883
PASS | Read RS1 | addr=2 -> data=0xb0e5
PASS | Read RS2 | addr=1 -> data=0x6ff6
PASS | Read RS1 | addr=0 -> data=0x0
PASS | Read RS2 | addr=2 -> data=0xb0e5
PASS | Read RS1 | addr=7 -> data=0x5ffb
PASS | Read RS2 | addr=6 -> data=0xd04f
PASS | Read RS1 | addr=6 -> data=0xd04f
PASS | Read RS2 | addr=2 -> data=0xb0e5
PASS | Read RS1 | addr=7 -> data=0x5ffb
PASS | Read RS2 | addr=5 -> data=0xf883
PASS | Read RS1 | addr=0 -> data=0x0
PASS | Read RS2 | addr=3 -> data=0xc827
PASS | Read RS1 | addr=2 -> data=0xb0e5
PASS | Read RS2 | addr=0 -> data=0x0
PASS | Read RS1 | addr=3 -> data=0xc827
PASS | Read RS2 | addr=3 -> data=0xc827
PASS | Read RS1 | addr=5 -> data=0xf883
PASS | Read RS2 | addr=4 -> data=0xf15e
PASS | Read RS1 | addr=1 -> data=0x6ff6
PASS | Read RS2 | addr=5 -> data=0xf883
PASS | Read RS1 | addr=2 -> data=0x5ac2
PASS | Read RS2 | addr=5 -> data=0xf883
PASS | Read RS1 | addr=2 -> data=0x5ac2
PASS | Read RS2 | addr=0 -> data=0x0
PASS | Read RS1 | addr=2 -> data=0x5ac2
PASS | Read RS2 | addr=3 -> data=0xc827
PASS | Read RS1 | addr=3 -> data=0xc827
PASS | Read RS2 | addr=1 -> data=0x6ff6
PASS | Read RS1 | addr=2 -> data=0x5ac2
PASS | Read RS2 | addr=0 -> data=0x0
PASS | Read RS1 | addr=1 -> data=0x6ff6
PASS | Read RS2 | addr=4 -> data=0xf15e
PASS | Read RS1 | addr=5 -> data=0xf883
PASS | Read RS2 | addr=5 -> data=0xf883
PASS | Read RS1 | addr=3 -> data=0xc56f
PASS | Read RS2 | addr=5 -> data=0xf883
PASS | Read RS1 | addr=3 -> data=0xc56f
PASS | Read RS2 | addr=2 -> data=0x5ac2
PASS | Read RS1 | addr=6 -> data=0xd04f
PASS | Read RS2 | addr=4 -> data=0xf15e
PASS | Read RS1 | addr=5 -> data=0xf883
PASS | Read RS2 | addr=4 -> data=0xf15e
PASS | Read RS1 | addr=7 -> data=0x2ffd
PASS | Read RS2 | addr=4 -> data=0xf15e
PASS | Read RS1 | addr=3 -> data=0xc56f
PASS | Read RS2 | addr=0 -> data=0x0
PASS | Read RS1 | addr=5 -> data=0xf883
PASS | Read RS2 | addr=0 -> data=0x0
PASS | Read RS1 | addr=2 -> data=0x5ac2
PASS | Read RS2 | addr=2 -> data=0x5ac2
PASS | Read RS1 | addr=7 -> data=0x61ec
PASS | Read RS2 | addr=0 -> data=0x0
PASS | Read RS1 | addr=6 -> data=0xdc4e
PASS | Read RS2 | addr=5 -> data=0xf883
PASS | Read RS1 | addr=5 -> data=0xf883
PASS | Read RS2 | addr=6 -> data=0xdc4e
PASS | Read RS1 | addr=0 -> data=0x0
PASS | Read RS2 | addr=4 -> data=0xf15e
PASS | Read RS1 | addr=3 -> data=0xc56f
PASS | Read RS2 | addr=1 -> data=0x6ff6
PASS | Read RS1 | addr=1 -> data=0x6ff6
PASS | Read RS2 | addr=7 -> data=0xfbda
PASS | Read RS1 | addr=2 -> data=0x5ac2
PASS | Read RS2 | addr=1 -> data=0x6ff6
PASS | Read RS1 | addr=0 -> data=0x0
PASS | Read RS2 | addr=5 -> data=0x767b
PASS | Read RS1 | addr=2 -> data=0x5ac2
PASS | Read RS2 | addr=2 -> data=0x5ac2
PASS | Read RS1 | addr=5 -> data=0x767b
PASS | Read RS2 | addr=0 -> data=0x0
PASS | Read RS1 | addr=7 -> data=0xfbda
PASS | Read RS2 | addr=4 -> data=0xf15e
PASS | Read RS1 | addr=4 -> data=0xf15e
PASS | Read RS2 | addr=6 -> data=0xdc4e
PASS | Read RS1 | addr=2 -> data=0x5ac2
PASS | Read RS2 | addr=2 -> data=0x5ac2
PASS | Read RS1 | addr=2 -> data=0x5ac2
PASS | Read RS2 | addr=7 -> data=0xe193
PASS | Read RS1 | addr=6 -> data=0xdc4e
PASS | Read RS2 | addr=7 -> data=0xe193
PASS | Read RS1 | addr=7 -> data=0xe193
PASS | Read RS2 | addr=4 -> data=0xf15e
PASS | Read RS1 | addr=1 -> data=0x6ff6
PASS | Read RS2 | addr=0 -> data=0x0
PASS | Read RS1 | addr=5 -> data=0x767b
PASS | Read RS2 | addr=3 -> data=0xc56f
PASS | Read RS1 | addr=0 -> data=0x0
PASS | Read RS2 | addr=6 -> data=0x6ef0
PASS | Read RS1 | addr=4 -> data=0x6b4e
PASS | Read RS2 | addr=6 -> data=0x6ef0
PASS | Read RS1 | addr=4 -> data=0x6b4e
PASS | Read RS2 | addr=2 -> data=0x5ac2
PASS | Read RS1 | addr=3 -> data=0xc56f
PASS | Read RS2 | addr=7 -> data=0xe56b
PASS | Read RS1 | addr=3 -> data=0xc56f
PASS | Read RS2 | addr=3 -> data=0xc56f
PASS | Read RS1 | addr=1 -> data=0x6ff6
PASS | Read RS2 | addr=5 -> data=0x767b
PASS | Read RS1 | addr=5 -> data=0x767b
PASS | Read RS2 | addr=5 -> data=0x767b
PASS | Read RS1 | addr=3 -> data=0xc56f
PASS | Read RS2 | addr=4 -> data=0x6b4e
PASS | Read RS1 | addr=3 -> data=0xc56f
PASS | Read RS2 | addr=7 -> data=0x8926
PASS | Read RS1 | addr=2 -> data=0x5ac2
PASS | Read RS2 | addr=5 -> data=0x767b
PASS | Read RS1 | addr=7 -> data=0xb0a9
PASS | Read RS2 | addr=2 -> data=0x5ac2
PASS | Read RS1 | addr=0 -> data=0x0
PASS | Read RS2 | addr=7 -> data=0xb0a9
PASS | Read RS1 | addr=0 -> data=0x0
PASS | Read RS2 | addr=3 -> data=0xc56f
PASS | Read RS1 | addr=2 -> data=0x5ac2
PASS | Read RS2 | addr=7 -> data=0xb0a9
PASS | Read RS1 | addr=5 -> data=0x767b
PASS | Read RS2 | addr=7 -> data=0xb0a9
PASS | Read RS1 | addr=6 -> data=0x6ef0
PASS | Read RS2 | addr=4 -> data=0x6b4e
PASS | Read RS1 | addr=2 -> data=0x5ac2
PASS | Read RS2 | addr=7 -> data=0x723
PASS | Read RS1 | addr=7 -> data=0xf127
PASS | Read RS2 | addr=7 -> data=0xf127
PASS | Read RS1 | addr=7 -> data=0x3fc9
PASS | Read RS2 | addr=3 -> data=0xc56f
PASS | Read RS1 | addr=7 -> data=0x3fc9
PASS | Read RS2 | addr=5 -> data=0x2fe2
PASS | Read RS1 | addr=2 -> data=0x5ac2
PASS | Read RS2 | addr=7 -> data=0x3fc9
PASS | Read RS1 | addr=3 -> data=0xc56f
PASS | Read RS2 | addr=7 -> data=0x3fc9
PASS | Read RS1 | addr=5 -> data=0x2fe2
PASS | Read RS2 | addr=5 -> data=0x2fe2
PASS | Read RS1 | addr=6 -> data=0x6ef0
PASS | Read RS2 | addr=0 -> data=0x0
PASS | Read RS1 | addr=7 -> data=0x3fc9
PASS | Read RS2 | addr=0 -> data=0x0
PASS | Read RS1 | addr=6 -> data=0x6ef0
PASS | Read RS2 | addr=3 -> data=0xc56f
PASS | Read RS1 | addr=4 -> data=0x6b4e
PASS | Read RS2 | addr=5 -> data=0xde4a
PASS | Read RS1 | addr=7 -> data=0x94f4
PASS | Read RS2 | addr=0 -> data=0x0
PASS | Read RS1 | addr=4 -> data=0x6b4e
PASS | Read RS2 | addr=5 -> data=0xde4a
PASS | Read RS1 | addr=5 -> data=0xde4a
PASS | Read RS2 | addr=3 -> data=0xc56f
PASS | Read RS1 | addr=7 -> data=0x3c85
PASS | Read RS2 | addr=5 -> data=0xde4a
PASS | Read RS1 | addr=7 -> data=0xdd8d
PASS | Read RS2 | addr=6 -> data=0x6ef0
PASS | Read RS1 | addr=1 -> data=0x95ee
PASS | Read RS2 | addr=1 -> data=0x95ee
PASS | Read RS1 | addr=4 -> data=0x6b4e
PASS | Read RS2 | addr=4 -> data=0x6b4e
PASS | Read RS1 | addr=6 -> data=0x6ef0
PASS | Read RS2 | addr=2 -> data=0x5ac2
PASS | Read RS1 | addr=2 -> data=0x5ac2
PASS | Read RS2 | addr=6 -> data=0x6ef0
PASS | Read RS1 | addr=4 -> data=0x6b4e
PASS | Read RS2 | addr=3 -> data=0xc56f
PASS | Read RS1 | addr=5 -> data=0xde4a
PASS | Read RS2 | addr=0 -> data=0x0
PASS | Read RS1 | addr=1 -> data=0x95ee
PASS | Read RS2 | addr=6 -> data=0x6ef0
PASS | Read RS1 | addr=3 -> data=0xc56f
PASS | Read RS2 | addr=5 -> data=0xbac4
PASS | Read RS1 | addr=5 -> data=0xbac4
PASS | Read RS2 | addr=4 -> data=0x6b4e
PASS | Read RS1 | addr=7 -> data=0x9286
PASS | Read RS2 | addr=1 -> data=0x95ee
PASS | Read RS1 | addr=7 -> data=0x9286
PASS | Read RS2 | addr=7 -> data=0x9286
PASS | Read RS1 | addr=0 -> data=0x0
PASS | Read RS2 | addr=3 -> data=0xc56f
PASS | Read RS1 | addr=2 -> data=0x5ac2
PASS | Read RS2 | addr=6 -> data=0x6ef0
PASS | Read RS1 | addr=7 -> data=0x9286
PASS | Read RS2 | addr=1 -> data=0x95ee
PASS | Read RS1 | addr=2 -> data=0x5ac2
PASS | Read RS2 | addr=3 -> data=0x38ca
PASS | Read RS1 | addr=2 -> data=0x5ac2
PASS | Read RS2 | addr=1 -> data=0x95ee
PASS | Read RS1 | addr=5 -> data=0xbac4
PASS | Read RS2 | addr=5 -> data=0xbac4
PASS | Read RS1 | addr=6 -> data=0x6ef0
PASS | Read RS2 | addr=2 -> data=0x5ac2
PASS | Read RS1 | addr=3 -> data=0x38ca
PASS | Read RS2 | addr=5 -> data=0xbac4
PASS | Read RS1 | addr=0 -> data=0x0
PASS | Read RS2 | addr=4 -> data=0x6b4e
PASS | Read RS1 | addr=7 -> data=0x468e
PASS | Read RS2 | addr=5 -> data=0xbac4
PASS | Read RS1 | addr=1 -> data=0x95ee
PASS | Read RS2 | addr=2 -> data=0x5ac2
PASS | Read RS1 | addr=2 -> data=0x5ac2
PASS | Read RS2 | addr=3 -> data=0x38ca
PASS | Read RS1 | addr=6 -> data=0x6ef0
PASS | Read RS2 | addr=7 -> data=0x468e
PASS | Read RS1 | addr=0 -> data=0x0
PASS | Read RS2 | addr=5 -> data=0x5059
PASS | Read RS1 | addr=3 -> data=0x38ca
PASS | Read RS2 | addr=7 -> data=0x468e
PASS | Read RS1 | addr=7 -> data=0x468e
PASS | Read RS2 | addr=2 -> data=0x97f
PASS | Read RS1 | addr=6 -> data=0xd448
PASS | Read RS2 | addr=7 -> data=0x1c12
PASS | Read RS1 | addr=4 -> data=0x6b4e
PASS | Read RS2 | addr=2 -> data=0x97f
PASS | Read RS1 | addr=2 -> data=0x97f
PASS | Read RS2 | addr=6 -> data=0xd448
PASS | Read RS1 | addr=2 -> data=0x97f
PASS | Read RS2 | addr=2 -> data=0x97f
PASS | Read RS1 | addr=4 -> data=0x6b4e
PASS | Read RS2 | addr=2 -> data=0x97f
PASS | Read RS1 | addr=4 -> data=0x6b4e
PASS | Read RS2 | addr=1 -> data=0x95ee
PASS | Read RS1 | addr=7 -> data=0x25b9
PASS | Read RS2 | addr=7 -> data=0x25b9
PASS | Read RS1 | addr=1 -> data=0x95ee
PASS | Read RS2 | addr=5 -> data=0x5059
PASS | Read RS1 | addr=1 -> data=0x95ee
PASS | Read RS2 | addr=6 -> data=0x3ca9
PASS | Read RS1 | addr=7 -> data=0x25b9
PASS | Read RS2 | addr=2 -> data=0x97f
PASS | Read RS1 | addr=6 -> data=0x8845
PASS | Read RS2 | addr=1 -> data=0x95ee
PASS | Read RS1 | addr=7 -> data=0x25b9
PASS | Read RS2 | addr=4 -> data=0x6b4e
PASS | Read RS1 | addr=2 -> data=0x97f
PASS | Read RS2 | addr=7 -> data=0x6cb0
PASS | Read RS1 | addr=4 -> data=0x6b4e
PASS | Read RS2 | addr=1 -> data=0x95ee
PASS | Read RS1 | addr=0 -> data=0x0
PASS | Read RS2 | addr=0 -> data=0x0
PASS | Read RS1 | addr=1 -> data=0x95ee
PASS | Read RS2 | addr=2 -> data=0x4b71
PASS | Read RS1 | addr=1 -> data=0x95ee
PASS | Read RS2 | addr=5 -> data=0x5059
PASS | Read RS1 | addr=3 -> data=0x38ca
PASS | Read RS2 | addr=1 -> data=0x95ee
PASS | Read RS1 | addr=5 -> data=0x5059
PASS | Read RS2 | addr=3 -> data=0x38ca
PASS | Read RS1 | addr=5 -> data=0x5059
PASS | Read RS2 | addr=2 -> data=0x4b71
PASS | Read RS1 | addr=6 -> data=0x8845
PASS | Read RS2 | addr=0 -> data=0x0
PASS | Read RS1 | addr=6 -> data=0x8845
PASS | Read RS2 | addr=6 -> data=0x8845
PASS | Read RS1 | addr=2 -> data=0x4b71
PASS | Read RS2 | addr=0 -> data=0x0
PASS | Read RS1 | addr=1 -> data=0x95ee
PASS | Read RS2 | addr=7 -> data=0xd52e
PASS | Read RS1 | addr=1 -> data=0x95ee
PASS | Read RS2 | addr=6 -> data=0x8845
PASS | Read RS1 | addr=1 -> data=0x95ee
PASS | Read RS2 | addr=1 -> data=0x95ee
PASS | Read RS1 | addr=6 -> data=0x8845
PASS | Read RS2 | addr=7 -> data=0xd52e
PASS | Read RS1 | addr=1 -> data=0x95ee
PASS | Read RS2 | addr=3 -> data=0x597
PASS | Read RS1 | addr=3 -> data=0x597
PASS | Read RS2 | addr=0 -> data=0x0
PASS | Read RS1 | addr=3 -> data=0x597
PASS | Read RS2 | addr=1 -> data=0x95ee
PASS | Read RS1 | addr=6 -> data=0x8947
PASS | Read RS2 | addr=4 -> data=0x6b4e
PASS | Read RS1 | addr=4 -> data=0x6b4e
PASS | Read RS2 | addr=0 -> data=0x0
PASS | Read RS1 | addr=3 -> data=0x597
PASS | Read RS2 | addr=5 -> data=0xe2b8
PASS | Read RS1 | addr=0 -> data=0x0
PASS | Read RS2 | addr=5 -> data=0xe2b8
PASS | Read RS1 | addr=4 -> data=0x6b4e
PASS | Read RS2 | addr=7 -> data=0x866e
PASS | Read RS1 | addr=4 -> data=0x6b4e
PASS | Read RS2 | addr=6 -> data=0x8947
PASS | Read RS1 | addr=0 -> data=0x0
PASS | Read RS2 | addr=1 -> data=0x95ee
PASS | Read RS1 | addr=2 -> data=0x4b71
PASS | Read RS2 | addr=4 -> data=0x6b4e
PASS | Read RS1 | addr=2 -> data=0x4b71
PASS | Read RS2 | addr=2 -> data=0x4b71
PASS | Read RS1 | addr=5 -> data=0x8ef1
PASS | Read RS2 | addr=3 -> data=0x597
PASS | Read RS1 | addr=6 -> data=0xe724
PASS | Read RS2 | addr=2 -> data=0x4b71
PASS | Read RS1 | addr=2 -> data=0x4b71
PASS | Read RS2 | addr=7 -> data=0x2c62
PASS | Read RS1 | addr=0 -> data=0x0
PASS | Read RS2 | addr=2 -> data=0x4b71
PASS | Read RS1 | addr=0 -> data=0x0
PASS | Read RS2 | addr=6 -> data=0x7fcd
PASS | Read RS1 | addr=3 -> data=0x597
PASS | Read RS2 | addr=5 -> data=0x8ef1
PASS | Read RS1 | addr=0 -> data=0x0
PASS | Read RS2 | addr=4 -> data=0x6b4e
PASS | Read RS1 | addr=2 -> data=0x4b71
PASS | Read RS2 | addr=6 -> data=0x7fcd
PASS | Read RS1 | addr=4 -> data=0x6b4e
PASS | Read RS2 | addr=1 -> data=0x95ee
PASS | Read RS1 | addr=7 -> data=0xb356
PASS | Read RS2 | addr=7 -> data=0xb356
PASS | Read RS1 | addr=4 -> data=0x6b4e
PASS | Read RS2 | addr=0 -> data=0x0
PASS | Read RS1 | addr=2 -> data=0x4b71
PASS | Read RS2 | addr=0 -> data=0x0
PASS | Read RS1 | addr=6 -> data=0x7fcd
PASS | Read RS2 | addr=4 -> data=0x6b4e
PASS | Read RS1 | addr=0 -> data=0x0
PASS | Read RS2 | addr=4 -> data=0x6b4e
PASS | Read RS1 | addr=7 -> data=0xdd75
PASS | Read RS2 | addr=2 -> data=0x4b71
PASS | Read RS1 | addr=0 -> data=0x0
PASS | Read RS2 | addr=3 -> data=0xf07e
PASS | Read RS1 | addr=0 -> data=0x0
PASS | Read RS2 | addr=7 -> data=0x87ab
PASS | Read RS1 | addr=6 -> data=0x7fcd
PASS | Read RS2 | addr=6 -> data=0x7fcd
PASS | Read RS1 | addr=0 -> data=0x0
PASS | Read RS2 | addr=3 -> data=0xf07e
PASS | Read RS1 | addr=6 -> data=0x7fcd
PASS | Read RS2 | addr=2 -> data=0xc879
PASS | Read RS1 | addr=3 -> data=0xf07e
PASS | Read RS2 | addr=2 -> data=0xc879
PASS | Read RS1 | addr=7 -> data=0xeda5
PASS | Read RS2 | addr=7 -> data=0xeda5
PASS | Read RS1 | addr=7 -> data=0xeda5
PASS | Read RS2 | addr=4 -> data=0x6b4e
PASS | Read RS1 | addr=3 -> data=0xf07e
PASS | Read RS2 | addr=5 -> data=0x8ef1
PASS | Read RS1 | addr=2 -> data=0xc879
PASS | Read RS2 | addr=6 -> data=0x7fcd
PASS | Read RS1 | addr=4 -> data=0x6b4e
PASS | Read RS2 | addr=5 -> data=0x8ef1
PASS | Read RS1 | addr=7 -> data=0x7bfc
PASS | Read RS2 | addr=5 -> data=0x8ef1
PASS | Read RS1 | addr=6 -> data=0x7fcd
PASS | Read RS2 | addr=7 -> data=0x4cd8
PASS | Read RS1 | addr=5 -> data=0x8ef1
PASS | Read RS2 | addr=7 -> data=0x4cd8
PASS | Read RS1 | addr=7 -> data=0x4cd8
PASS | Read RS2 | addr=6 -> data=0x7fcd
PASS | Read RS1 | addr=4 -> data=0x6b4e
PASS | Read RS2 | addr=0 -> data=0x0
PASS | Read RS1 | addr=0 -> data=0x0
PASS | Read RS2 | addr=0 -> data=0x0
PASS | Read RS1 | addr=4 -> data=0x6b4e
PASS | Read RS2 | addr=2 -> data=0xc879
PASS | Read RS1 | addr=6 -> data=0x7fcd
PASS | Read RS2 | addr=5 -> data=0xbe1e
PASS | Read RS1 | addr=0 -> data=0x0
PASS | Read RS2 | addr=1 -> data=0x95ee
PASS | Read RS1 | addr=0 -> data=0x0
PASS | Read RS2 | addr=5 -> data=0xbe1e
PASS | Read RS1 | addr=3 -> data=0xf16e
PASS | Read RS2 | addr=3 -> data=0xf16e
PASS | Read RS1 | addr=3 -> data=0xf16e
PASS | Read RS2 | addr=1 -> data=0x95ee
PASS | Read RS1 | addr=2 -> data=0xc879
PASS | Read RS2 | addr=4 -> data=0x6b4e
PASS | Read RS1 | addr=1 -> data=0x95ee
PASS | Read RS2 | addr=4 -> data=0x6b4e
PASS | Read RS1 | addr=2 -> data=0xc879
PASS | Read RS2 | addr=2 -> data=0xc879
PASS | Read RS1 | addr=5 -> data=0xbe1e
PASS | Read RS2 | addr=6 -> data=0xd0d8
PASS | Read RS1 | addr=4 -> data=0x7b98
PASS | Read RS2 | addr=4 -> data=0x7b98
PASS | Read RS1 | addr=2 -> data=0xc879
PASS | Read RS2 | addr=3 -> data=0xf16e
PASS | Read RS1 | addr=6 -> data=0xd0d8
PASS | Read RS2 | addr=6 -> data=0xd0d8
PASS | Read RS1 | addr=4 -> data=0x7b98
PASS | Read RS2 | addr=6 -> data=0xd0d8
PASS | Read RS1 | addr=1 -> data=0x95ee
PASS | Read RS2 | addr=7 -> data=0xa394
PASS | Read RS1 | addr=5 -> data=0xbe1e
PASS | Read RS2 | addr=5 -> data=0xbe1e
PASS | Read RS1 | addr=2 -> data=0xc879
PASS | Read RS2 | addr=3 -> data=0xf16e
PASS | Read RS1 | addr=3 -> data=0xf16e
PASS | Read RS2 | addr=5 -> data=0xbe1e
PASS | Read RS1 | addr=6 -> data=0xd0d8
PASS | Read RS2 | addr=7 -> data=0xa394
PASS | Read RS1 | addr=6 -> data=0xd0d8
PASS | Read RS2 | addr=5 -> data=0x5fd
PASS | Read RS1 | addr=0 -> data=0x0
PASS | Read RS2 | addr=7 -> data=0xa394
PASS | Read RS1 | addr=1 -> data=0x35e
PASS | Read RS2 | addr=5 -> data=0x5fd
PASS | Read RS1 | addr=4 -> data=0x7b98
PASS | Read RS2 | addr=2 -> data=0xc879
PASS | Read RS1 | addr=1 -> data=0x35e
PASS | Read RS2 | addr=4 -> data=0x7b98
PASS | Read RS1 | addr=2 -> data=0xc879
PASS | Read RS2 | addr=1 -> data=0x35e
PASS | Read RS1 | addr=4 -> data=0x7b98
PASS | Read RS2 | addr=2 -> data=0xc879
PASS | Read RS1 | addr=2 -> data=0xc879
PASS | Read RS2 | addr=0 -> data=0x0
PASS | Read RS1 | addr=5 -> data=0x3ac2
PASS | Read RS2 | addr=2 -> data=0xc879
PASS | Read RS1 | addr=5 -> data=0x3ac2
PASS | Read RS2 | addr=3 -> data=0x7750
PASS | Read RS1 | addr=6 -> data=0xd0d8
PASS | Read RS2 | addr=2 -> data=0xc879
PASS | Read RS1 | addr=3 -> data=0x7750
PASS | Read RS2 | addr=5 -> data=0x3ac2
PASS | Read RS1 | addr=0 -> data=0x0
PASS | Read RS2 | addr=2 -> data=0xc879
PASS | Read RS1 | addr=4 -> data=0x7b98
PASS | Read RS2 | addr=0 -> data=0x0
PASS | Read RS1 | addr=4 -> data=0x7b98
PASS | Read RS2 | addr=1 -> data=0x35e
PASS | Read RS1 | addr=7 -> data=0x147f
PASS | Read RS2 | addr=5 -> data=0xdc5f
PASS | Read RS1 | addr=2 -> data=0xc879
PASS | Read RS2 | addr=6 -> data=0xaf35
PASS | Read RS1 | addr=2 -> data=0xc879
PASS | Read RS2 | addr=2 -> data=0xc879
PASS | Read RS1 | addr=6 -> data=0xaf35
PASS | Read RS2 | addr=5 -> data=0xa977
PASS | Read RS1 | addr=2 -> data=0xc879
PASS | Read RS2 | addr=0 -> data=0x0
PASS | Read RS1 | addr=2 -> data=0xc879
PASS | Read RS2 | addr=6 -> data=0xaf35
PASS | Read RS1 | addr=2 -> data=0xc879
PASS | Read RS2 | addr=5 -> data=0xa977
PASS | Read RS1 | addr=2 -> data=0xc879
PASS | Read RS2 | addr=2 -> data=0xc879
PASS | Read RS1 | addr=4 -> data=0x7b98
PASS | Read RS2 | addr=2 -> data=0xc879
PASS | Read RS1 | addr=1 -> data=0x35e
PASS | Read RS2 | addr=5 -> data=0xa977
PASS | Read RS1 | addr=6 -> data=0xaf35
PASS | Read RS2 | addr=7 -> data=0xffd9
PASS | Read RS1 | addr=6 -> data=0xaf35
PASS | Read RS2 | addr=1 -> data=0x35e
PASS | Read RS1 | addr=2 -> data=0xe53f
PASS | Read RS2 | addr=2 -> data=0xe53f
PASS | Read RS1 | addr=4 -> data=0x7b98
PASS | Read RS2 | addr=2 -> data=0xe53f
PASS | Read RS1 | addr=6 -> data=0xaf35
PASS | Read RS2 | addr=2 -> data=0xe53f
PASS | Read RS1 | addr=5 -> data=0xcef4
PASS | Read RS2 | addr=7 -> data=0xc52
PASS | Read RS1 | addr=2 -> data=0xe53f
PASS | Read RS2 | addr=6 -> data=0xaf35
PASS | Read RS1 | addr=3 -> data=0x15ce
PASS | Read RS2 | addr=2 -> data=0xe53f
PASS | Read RS1 | addr=1 -> data=0x35e
PASS | Read RS2 | addr=1 -> data=0x35e
PASS | Read RS1 | addr=4 -> data=0x7b98
PASS | Read RS2 | addr=4 -> data=0x7b98
PASS | Read RS1 | addr=5 -> data=0xcef4
PASS | Read RS2 | addr=3 -> data=0x15ce
PASS | Read RS1 | addr=2 -> data=0xe53f
PASS | Read RS2 | addr=4 -> data=0x7b98
PASS | Read RS1 | addr=6 -> data=0xaf35
PASS | Read RS2 | addr=1 -> data=0x35e
PASS | Read RS1 | addr=0 -> data=0x0
PASS | Read RS2 | addr=6 -> data=0xaf35
PASS | Read RS1 | addr=2 -> data=0xe53f
PASS | Read RS2 | addr=4 -> data=0x7b98
PASS | Read RS1 | addr=5 -> data=0xcef4
PASS | Read RS2 | addr=2 -> data=0xe53f
PASS | Read RS1 | addr=5 -> data=0xcef4
PASS | Read RS2 | addr=2 -> data=0xe53f
PASS | Read RS1 | addr=2 -> data=0xe53f
PASS | Read RS2 | addr=1 -> data=0x35e
PASS | Read RS1 | addr=6 -> data=0xaf35
PASS | Read RS2 | addr=7 -> data=0x1733
PASS | Read RS1 | addr=5 -> data=0xcef4
PASS | Read RS2 | addr=3 -> data=0x15ce
PASS | Read RS1 | addr=0 -> data=0x0
PASS | Read RS2 | addr=5 -> data=0xcef4
PASS | Read RS1 | addr=5 -> data=0xcef4
PASS | Read RS2 | addr=1 -> data=0x35e
PASS | Read RS1 | addr=2 -> data=0xe53f
PASS | Read RS2 | addr=2 -> data=0xe53f
PASS | Read RS1 | addr=2 -> data=0xe53f
PASS | Read RS2 | addr=6 -> data=0xaf35
PASS | Read RS1 | addr=5 -> data=0xcef4
PASS | Read RS2 | addr=1 -> data=0x35e
PASS | Read RS1 | addr=0 -> data=0x0
PASS | Read RS2 | addr=4 -> data=0x7b98
PASS | Read RS1 | addr=1 -> data=0x35e
PASS | Read RS2 | addr=6 -> data=0xd7fa
PASS | Read RS1 | addr=1 -> data=0x35e
PASS | Read RS2 | addr=6 -> data=0xd7fa
PASS | Read RS1 | addr=5 -> data=0xcef4
PASS | Read RS2 | addr=0 -> data=0x0
PASS | Read RS1 | addr=1 -> data=0x35e
PASS | Read RS2 | addr=6 -> data=0xd7fa
PASS | Read RS1 | addr=6 -> data=0xd7fa
PASS | Read RS2 | addr=1 -> data=0x35e
PASS | Read RS1 | addr=4 -> data=0x7b98
PASS | Read RS2 | addr=1 -> data=0x35e
PASS | Read RS1 | addr=6 -> data=0xd7fa
PASS | Read RS2 | addr=6 -> data=0xd7fa
PASS | Read RS1 | addr=3 -> data=0x15ce
PASS | Read RS2 | addr=0 -> data=0x0
PASS | Read RS1 | addr=4 -> data=0x7b98
PASS | Read RS2 | addr=3 -> data=0x15ce
PASS | Read RS1 | addr=3 -> data=0x15ce
PASS | Read RS2 | addr=3 -> data=0x15ce
PASS | Read RS1 | addr=5 -> data=0xcef4
PASS | Read RS2 | addr=2 -> data=0xe53f
PASS | Read RS1 | addr=1 -> data=0x7368
PASS | Read RS2 | addr=6 -> data=0xd7fa
PASS | Read RS1 | addr=5 -> data=0xcef4
PASS | Read RS2 | addr=5 -> data=0xcef4
PASS | Read RS1 | addr=1 -> data=0x7368
PASS | Read RS2 | addr=5 -> data=0xcef4
PASS | Read RS1 | addr=7 -> data=0x3983
PASS | Read RS2 | addr=6 -> data=0xd7fa
PASS | Read RS1 | addr=5 -> data=0xcef4
PASS | Read RS2 | addr=0 -> data=0x0
PASS | Read RS1 | addr=0 -> data=0x0
PASS | Read RS2 | addr=6 -> data=0xd7fa
PASS | Read RS1 | addr=4 -> data=0x7b98
PASS | Read RS2 | addr=7 -> data=0x3983
PASS | Read RS1 | addr=5 -> data=0xcef4
PASS | Read RS2 | addr=4 -> data=0x7b98
PASS | Read RS1 | addr=5 -> data=0xcef4
PASS | Read RS2 | addr=3 -> data=0x15ce
PASS | Read RS1 | addr=7 -> data=0x3983
PASS | Read RS2 | addr=1 -> data=0x6bb0
PASS | Read RS1 | addr=4 -> data=0x7b98
PASS | Read RS2 | addr=2 -> data=0xe53f
PASS | Read RS1 | addr=6 -> data=0xd7fa
PASS | Read RS2 | addr=2 -> data=0xe53f
PASS | Read RS1 | addr=7 -> data=0x1a57
PASS | Read RS2 | addr=5 -> data=0xcef4
PASS | Read RS1 | addr=6 -> data=0xd7fa
PASS | Read RS2 | addr=7 -> data=0x1a57
PASS | Read RS1 | addr=3 -> data=0x15ce
PASS | Read RS2 | addr=7 -> data=0x182f
PASS | Read RS1 | addr=7 -> data=0x182f
PASS | Read RS2 | addr=6 -> data=0xd7fa
PASS | Read RS1 | addr=6 -> data=0xd7fa
PASS | Read RS2 | addr=0 -> data=0x0
PASS | Read RS1 | addr=7 -> data=0x2b0e
PASS | Read RS2 | addr=7 -> data=0x2b0e
PASS | Read RS1 | addr=6 -> data=0xd7fa
PASS | Read RS2 | addr=1 -> data=0x6bb0
PASS | Read RS1 | addr=5 -> data=0xcef4
PASS | Read RS2 | addr=6 -> data=0xd7fa
PASS | Read RS1 | addr=7 -> data=0xd3dc
PASS | Read RS2 | addr=1 -> data=0x6bb0
PASS | Read RS1 | addr=7 -> data=0xd3dc
PASS | Read RS2 | addr=5 -> data=0xcef4
PASS | Read RS1 | addr=3 -> data=0x15ce
PASS | Read RS2 | addr=7 -> data=0xd3dc
PASS | Read RS1 | addr=3 -> data=0x15ce
PASS | Read RS2 | addr=1 -> data=0x6bb0
PASS | Read RS1 | addr=7 -> data=0xd3dc
PASS | Read RS2 | addr=5 -> data=0xcef4
PASS | Read RS1 | addr=0 -> data=0x0
PASS | Read RS2 | addr=7 -> data=0xd3dc
PASS | Read RS1 | addr=0 -> data=0x0
PASS | Read RS2 | addr=2 -> data=0xe53f
PASS | Read RS1 | addr=7 -> data=0xd3dc
PASS | Read RS2 | addr=1 -> data=0x6bb0
PASS | Read RS1 | addr=7 -> data=0xdd20
PASS | Read RS2 | addr=5 -> data=0xcef4
PASS | Read RS1 | addr=0 -> data=0x0
PASS | Read RS2 | addr=1 -> data=0x6bb0
PASS | Read RS1 | addr=6 -> data=0xd7fa
PASS | Read RS2 | addr=3 -> data=0x15ce
PASS | Read RS1 | addr=0 -> data=0x0
PASS | Read RS2 | addr=2 -> data=0xe53f
PASS | Read RS1 | addr=2 -> data=0xe53f
PASS | Read RS2 | addr=4 -> data=0x7b98
PASS | Read RS1 | addr=7 -> data=0x802a
PASS | Read RS2 | addr=4 -> data=0x7b98
PASS | Read RS1 | addr=4 -> data=0x7b98
PASS | Read RS2 | addr=6 -> data=0xd7fa
PASS | Read RS1 | addr=1 -> data=0x6bb0
PASS | Read RS2 | addr=5 -> data=0x74e5
PASS | Read RS1 | addr=1 -> data=0x6bb0
PASS | Read RS2 | addr=2 -> data=0xe53f
PASS | Read RS1 | addr=7 -> data=0x616d
PASS | Read RS2 | addr=0 -> data=0x0
PASS | Read RS1 | addr=3 -> data=0x15ce
PASS | Read RS2 | addr=0 -> data=0x0
PASS | Read RS1 | addr=7 -> data=0x8adb
PASS | Read RS2 | addr=1 -> data=0x7b02
PASS | Read RS1 | addr=7 -> data=0x8adb
PASS | Read RS2 | addr=5 -> data=0x74e5
PASS | Read RS1 | addr=2 -> data=0xe53f
PASS | Read RS2 | addr=4 -> data=0x7b98
PASS | Read RS1 | addr=5 -> data=0x74e5
PASS | Read RS2 | addr=3 -> data=0x15ce
PASS | Read RS1 | addr=7 -> data=0xe0e7
PASS | Read RS2 | addr=1 -> data=0x7b02
PASS | Read RS1 | addr=2 -> data=0xe53f
PASS | Read RS2 | addr=0 -> data=0x0
PASS | Read RS1 | addr=3 -> data=0x15ce
PASS | Read RS2 | addr=2 -> data=0xe53f
PASS | Read RS1 | addr=7 -> data=0xe0e7
PASS | Read RS2 | addr=6 -> data=0x3392
PASS | Read RS1 | addr=2 -> data=0xe53f
PASS | Read RS2 | addr=3 -> data=0x15ce
PASS | Read RS1 | addr=3 -> data=0x15ce
PASS | Read RS2 | addr=7 -> data=0xe0e7
PASS | Read RS1 | addr=1 -> data=0x7b02
PASS | Read RS2 | addr=2 -> data=0xe53f
PASS | Read RS1 | addr=2 -> data=0xe53f
PASS | Read RS2 | addr=0 -> data=0x0
PASS | Read RS1 | addr=2 -> data=0xe53f
PASS | Read RS2 | addr=0 -> data=0x0
PASS | Read RS1 | addr=6 -> data=0x3392
PASS | Read RS2 | addr=6 -> data=0x3392
PASS | Read RS1 | addr=5 -> data=0x74e5
PASS | Read RS2 | addr=2 -> data=0xe53f
PASS | Read RS1 | addr=4 -> data=0x7b98
PASS | Read RS2 | addr=2 -> data=0xe53f
PASS | Read RS1 | addr=6 -> data=0x3392
PASS | Read RS2 | addr=7 -> data=0x48d8
PASS | Read RS1 | addr=0 -> data=0x0
PASS | Read RS2 | addr=2 -> data=0x9d57
PASS | Read RS1 | addr=5 -> data=0x74e5
PASS | Read RS2 | addr=3 -> data=0x15ce
PASS | Read RS1 | addr=0 -> data=0x0
PASS | Read RS2 | addr=3 -> data=0xabd7
PASS | Read RS1 | addr=1 -> data=0x7b02
PASS | Read RS2 | addr=6 -> data=0x3392
PASS | Read RS1 | addr=7 -> data=0x3077
PASS | Read RS2 | addr=3 -> data=0xabd7
PASS | Read RS1 | addr=6 -> data=0x3392
PASS | Read RS2 | addr=1 -> data=0x7b02
PASS | Read RS1 | addr=1 -> data=0x7b02
PASS | Read RS2 | addr=5 -> data=0x74e5
PASS | Read RS1 | addr=0 -> data=0x0
PASS | Read RS2 | addr=0 -> data=0x0
PASS | Read RS1 | addr=6 -> data=0x3392
PASS | Read RS2 | addr=4 -> data=0x7b98
PASS | Read RS1 | addr=1 -> data=0x58fe
PASS | Read RS2 | addr=7 -> data=0xf957
PASS | Read RS1 | addr=1 -> data=0x4bcd
PASS | Read RS2 | addr=1 -> data=0x4bcd
PASS | Read RS1 | addr=0 -> data=0x0
PASS | Read RS2 | addr=4 -> data=0x7b98
PASS | Read RS1 | addr=3 -> data=0xabd7
PASS | Read RS2 | addr=6 -> data=0x3392
PASS | Read RS1 | addr=3 -> data=0xabd7
PASS | Read RS2 | addr=0 -> data=0x0
PASS | Read RS1 | addr=4 -> data=0x7b98
PASS | Read RS2 | addr=0 -> data=0x0
PASS | Read RS1 | addr=6 -> data=0x3392
PASS | Read RS2 | addr=5 -> data=0x74e5
PASS | Read RS1 | addr=2 -> data=0x9d57
PASS | Read RS2 | addr=5 -> data=0x74e5
PASS | Read RS1 | addr=2 -> data=0x9d57
PASS | Read RS2 | addr=4 -> data=0x7b98
PASS | Read RS1 | addr=5 -> data=0x74e5
PASS | Read RS2 | addr=1 -> data=0x4bcd
PASS | Read RS1 | addr=2 -> data=0x9d57
PASS | Read RS2 | addr=6 -> data=0xfdd0
PASS | Read RS1 | addr=7 -> data=0x983d
PASS | Read RS2 | addr=5 -> data=0x74e5
PASS | Read RS1 | addr=7 -> data=0xcdb2
PASS | Read RS2 | addr=7 -> data=0xcdb2
PASS | Read RS1 | addr=6 -> data=0xfdd0
PASS | Read RS2 | addr=5 -> data=0x74e5
PASS | Read RS1 | addr=2 -> data=0x9d57
PASS | Read RS2 | addr=1 -> data=0x4bcd
PASS | Read RS1 | addr=0 -> data=0x0
PASS | Read RS2 | addr=1 -> data=0x4bcd
PASS | Read RS1 | addr=6 -> data=0xfdd0
PASS | Read RS2 | addr=2 -> data=0x9d57
PASS | Read RS1 | addr=1 -> data=0x4bcd
PASS | Read RS2 | addr=6 -> data=0xfdd0
PASS | Read RS1 | addr=4 -> data=0x7b98
PASS | Read RS2 | addr=5 -> data=0x74e5
PASS | Read RS1 | addr=3 -> data=0xabd7
PASS | Read RS2 | addr=5 -> data=0x74e5
PASS | Read RS1 | addr=3 -> data=0xabd7
PASS | Read RS2 | addr=6 -> data=0xfdd0
PASS | Read RS1 | addr=1 -> data=0x4bcd
PASS | Read RS2 | addr=3 -> data=0xabd7
PASS | Read RS1 | addr=5 -> data=0x74e5
PASS | Read RS2 | addr=0 -> data=0x0
PASS | Read RS1 | addr=0 -> data=0x0
PASS | Read RS2 | addr=6 -> data=0xfdd0
PASS | Read RS1 | addr=4 -> data=0x7b98
PASS | Read RS2 | addr=3 -> data=0xabd7
PASS | Read RS1 | addr=1 -> data=0x4bcd
PASS | Read RS2 | addr=5 -> data=0x74e5
PASS | Read RS1 | addr=5 -> data=0x74e5
PASS | Read RS2 | addr=4 -> data=0x7b98
PASS | Read RS1 | addr=0 -> data=0x0
PASS | Read RS2 | addr=4 -> data=0x7b98
PASS | Read RS1 | addr=6 -> data=0xfdd0
PASS | Read RS2 | addr=2 -> data=0x95bb
PASS | Read RS1 | addr=1 -> data=0x922e
PASS | Read RS2 | addr=3 -> data=0x1f58
PASS | Read RS1 | addr=4 -> data=0x7b98
PASS | Read RS2 | addr=3 -> data=0x5a6a
PASS | Read RS1 | addr=0 -> data=0x0
PASS | Read RS2 | addr=1 -> data=0x922e
PASS | Read RS1 | addr=4 -> data=0x7b98
PASS | Read RS2 | addr=7 -> data=0xb8f7
PASS | Read RS1 | addr=4 -> data=0x7b98
PASS | Read RS2 | addr=1 -> data=0x922e
PASS | Read RS1 | addr=5 -> data=0x74e5
PASS | Read RS2 | addr=1 -> data=0x922e
PASS | Read RS1 | addr=1 -> data=0x922e
PASS | Read RS2 | addr=6 -> data=0xfdd0
PASS | Read RS1 | addr=2 -> data=0xa12b
PASS | Read RS2 | addr=6 -> data=0xfdd0
PASS | Read RS1 | addr=2 -> data=0xa12b
PASS | Read RS2 | addr=4 -> data=0x7b98
PASS | Read RS1 | addr=2 -> data=0xa12b
PASS | Read RS2 | addr=0 -> data=0x0
PASS | Read RS1 | addr=4 -> data=0x7b98
PASS | Read RS2 | addr=6 -> data=0xfdd0
PASS | Read RS1 | addr=2 -> data=0xa12b
PASS | Read RS2 | addr=1 -> data=0x922e
PASS | Read RS1 | addr=1 -> data=0x922e
PASS | Read RS2 | addr=6 -> data=0xfdd0
PASS | Read RS1 | addr=7 -> data=0x5e69
PASS | Read RS2 | addr=7 -> data=0x5e69
PASS | Read RS1 | addr=2 -> data=0xa12b
PASS | Read RS2 | addr=6 -> data=0xfdd0
PASS | Read RS1 | addr=2 -> data=0xa12b
PASS | Read RS2 | addr=4 -> data=0x7b98
PASS | Read RS1 | addr=5 -> data=0x74e5
PASS | Read RS2 | addr=5 -> data=0x74e5
PASS | Read RS1 | addr=7 -> data=0x423
PASS | Read RS2 | addr=7 -> data=0x423
PASS | Read RS1 | addr=3 -> data=0x5a6a
PASS | Read RS2 | addr=1 -> data=0x33fc
PASS | Read RS1 | addr=0 -> data=0x0
PASS | Read RS2 | addr=5 -> data=0x74e5
PASS | Read RS1 | addr=2 -> data=0xa12b
PASS | Read RS2 | addr=6 -> data=0xfdd0
PASS | Read RS1 | addr=4 -> data=0x7b98
PASS | Read RS2 | addr=5 -> data=0x74e5
PASS | Read RS1 | addr=2 -> data=0xa12b
PASS | Read RS2 | addr=2 -> data=0xa12b
PASS | Read RS1 | addr=2 -> data=0xa12b
PASS | Read RS2 | addr=5 -> data=0x74e5
PASS | Read RS1 | addr=6 -> data=0xfdd0
PASS | Read RS2 | addr=4 -> data=0x7b98
PASS | Read RS1 | addr=2 -> data=0xa12b
PASS | Read RS2 | addr=2 -> data=0xa12b
PASS | Read RS1 | addr=5 -> data=0x371
PASS | Read RS2 | addr=5 -> data=0x371
PASS | Read RS1 | addr=6 -> data=0xfdd0
PASS | Read RS2 | addr=6 -> data=0xfdd0
PASS | Read RS1 | addr=0 -> data=0x0
PASS | Read RS2 | addr=3 -> data=0x5a6a
PASS | Read RS1 | addr=3 -> data=0x5a6a
PASS | Read RS2 | addr=2 -> data=0xa12b
PASS | Read RS1 | addr=5 -> data=0x371
PASS | Read RS2 | addr=3 -> data=0x5a6a
PASS | Read RS1 | addr=2 -> data=0xa12b
PASS | Read RS2 | addr=3 -> data=0x5a6a
PASS | Read RS1 | addr=3 -> data=0x5a6a
PASS | Read RS2 | addr=0 -> data=0x0
PASS | Read RS1 | addr=5 -> data=0x371
PASS | Read RS2 | addr=2 -> data=0xa12b
PASS | Read RS1 | addr=6 -> data=0xac42
PASS | Read RS2 | addr=5 -> data=0x371
PASS | Read RS1 | addr=0 -> data=0x0
PASS | Read RS2 | addr=1 -> data=0x33fc
PASS | Read RS1 | addr=3 -> data=0x5a6a
PASS | Read RS2 | addr=0 -> data=0x0
PASS | Read RS1 | addr=1 -> data=0x33fc
PASS | Read RS2 | addr=4 -> data=0x7b98
PASS | Read RS1 | addr=7 -> data=0xbe09
PASS | Read RS2 | addr=4 -> data=0x7b98
PASS | Read RS1 | addr=7 -> data=0xbe09
PASS | Read RS2 | addr=7 -> data=0xbe09
PASS | Read RS1 | addr=3 -> data=0x5a6a
PASS | Read RS2 | addr=5 -> data=0x371
PASS | Read RS1 | addr=3 -> data=0x5a6a
PASS | Read RS2 | addr=0 -> data=0x0
PASS | Read RS1 | addr=7 -> data=0xf219
PASS | Read RS2 | addr=3 -> data=0x5a6a
PASS | Read RS1 | addr=0 -> data=0x0
PASS | Read RS2 | addr=7 -> data=0x4411
PASS | Read RS1 | addr=5 -> data=0xd57f
PASS | Read RS2 | addr=5 -> data=0xd57f
PASS | Read RS1 | addr=6 -> data=0xac42
PASS | Read RS2 | addr=3 -> data=0x5a6a
PASS | Read RS1 | addr=1 -> data=0x478e
PASS | Read RS2 | addr=7 -> data=0x4411
PASS | Read RS1 | addr=4 -> data=0x7b98
PASS | Read RS2 | addr=0 -> data=0x0
PASS | Read RS1 | addr=6 -> data=0xac42
PASS | Read RS2 | addr=1 -> data=0x5b10
PASS | Read RS1 | addr=1 -> data=0x5b10
PASS | Read RS2 | addr=3 -> data=0x5a6a
PASS | Read RS1 | addr=0 -> data=0x0
PASS | Read RS2 | addr=1 -> data=0x5b10
PASS | Read RS1 | addr=0 -> data=0x0
PASS | Read RS2 | addr=2 -> data=0xa12b
PASS | Read RS1 | addr=7 -> data=0x4411
PASS | Read RS2 | addr=2 -> data=0xa12b
PASS | Read RS1 | addr=3 -> data=0x5a6a
PASS | Read RS2 | addr=4 -> data=0x260d
PASS | Read RS1 | addr=6 -> data=0xac42
PASS | Read RS2 | addr=6 -> data=0xac42
PASS | Read RS1 | addr=3 -> data=0x5a6a
PASS | Read RS2 | addr=7 -> data=0x745
PASS | Read RS1 | addr=0 -> data=0x0
PASS | Read RS2 | addr=7 -> data=0x745
PASS | Read RS1 | addr=4 -> data=0x260d
PASS | Read RS2 | addr=5 -> data=0xb073
PASS | Read RS1 | addr=3 -> data=0x5a6a
PASS | Read RS2 | addr=0 -> data=0x0
PASS | Read RS1 | addr=3 -> data=0x5a6a
PASS | Read RS2 | addr=3 -> data=0x5a6a
PASS | Read RS1 | addr=2 -> data=0xa12b
PASS | Read RS2 | addr=1 -> data=0x5b10
PASS | Read RS1 | addr=3 -> data=0x5a6a
PASS | Read RS2 | addr=6 -> data=0x962b
PASS | Read RS1 | addr=4 -> data=0x260d
PASS | Read RS2 | addr=1 -> data=0x5b10
PASS | Read RS1 | addr=0 -> data=0x0
PASS | Read RS2 | addr=3 -> data=0x5a6a
PASS | Read RS1 | addr=2 -> data=0xa12b
PASS | Read RS2 | addr=5 -> data=0xb3dc
PASS | Read RS1 | addr=4 -> data=0x260d
PASS | Read RS2 | addr=2 -> data=0xa12b
PASS | Read RS1 | addr=4 -> data=0x260d
PASS | Read RS2 | addr=2 -> data=0xa12b
PASS | Read RS1 | addr=5 -> data=0xa557
PASS | Read RS2 | addr=5 -> data=0xa557
PASS | Read RS1 | addr=1 -> data=0x5b10
PASS | Read RS2 | addr=0 -> data=0x0
PASS | Read RS1 | addr=3 -> data=0x5a6a
PASS | Read RS2 | addr=2 -> data=0xa12b
PASS | Read RS1 | addr=2 -> data=0xa12b
PASS | Read RS2 | addr=2 -> data=0xa12b
PASS | Read RS1 | addr=1 -> data=0x5b10
PASS | Read RS2 | addr=1 -> data=0x5b10
PASS | Read RS1 | addr=3 -> data=0x5a6a
PASS | Read RS2 | addr=5 -> data=0xa557
PASS | Read RS1 | addr=2 -> data=0xa12b
PASS | Read RS2 | addr=4 -> data=0x260d
PASS | Read RS1 | addr=2 -> data=0xa12b
PASS | Read RS2 | addr=6 -> data=0x962b
PASS | Read RS1 | addr=6 -> data=0x962b
PASS | Read RS2 | addr=5 -> data=0xa557
PASS | Read RS1 | addr=5 -> data=0xa557
PASS | Read RS2 | addr=7 -> data=0x786e
PASS | Read RS1 | addr=0 -> data=0x0
PASS | Read RS2 | addr=1 -> data=0x5b10
PASS | Read RS1 | addr=7 -> data=0x4bfb
PASS | Read RS2 | addr=1 -> data=0x5b10
PASS | Read RS1 | addr=5 -> data=0xa557
PASS | Read RS2 | addr=2 -> data=0xf488
PASS | Read RS1 | addr=0 -> data=0x0
PASS | Read RS2 | addr=3 -> data=0x7758
PASS | Read RS1 | addr=1 -> data=0x5b10
PASS | Read RS2 | addr=5 -> data=0xa557
PASS | Read RS1 | addr=2 -> data=0xbdf
PASS | Read RS2 | addr=4 -> data=0x260d
PASS | Read RS1 | addr=5 -> data=0xa557
PASS | Read RS2 | addr=7 -> data=0x885f
PASS | Read RS1 | addr=7 -> data=0x885f
PASS | Read RS2 | addr=5 -> data=0xa557
PASS | Read RS1 | addr=1 -> data=0x5b10
PASS | Read RS2 | addr=3 -> data=0x7758
PASS | Read RS1 | addr=6 -> data=0x962b
PASS | Read RS2 | addr=4 -> data=0x260d
PASS | Read RS1 | addr=5 -> data=0xa76a
PASS | Read RS2 | addr=2 -> data=0xbdf
PASS | Read RS1 | addr=3 -> data=0x7758
PASS | Read RS2 | addr=0 -> data=0x0
PASS | Read RS1 | addr=4 -> data=0x260d
PASS | Read RS2 | addr=7 -> data=0x6ae5
PASS | Read RS1 | addr=6 -> data=0x962b
PASS | Read RS2 | addr=3 -> data=0x7758
PASS | Read RS1 | addr=4 -> data=0x260d
PASS | Read RS2 | addr=0 -> data=0x0
PASS | Read RS1 | addr=2 -> data=0xbdf
PASS | Read RS2 | addr=7 -> data=0xc10d
PASS | Read RS1 | addr=7 -> data=0xc10d
PASS | Read RS2 | addr=6 -> data=0x962b
PASS | Read RS1 | addr=0 -> data=0x0
PASS | Read RS2 | addr=3 -> data=0x7758
PASS | Read RS1 | addr=3 -> data=0x7758
PASS | Read RS2 | addr=7 -> data=0xc10d
PASS | Read RS1 | addr=4 -> data=0x260d
PASS | Read RS2 | addr=6 -> data=0x962b
PASS | Read RS1 | addr=1 -> data=0x5b10
PASS | Read RS2 | addr=3 -> data=0x7758
PASS | Read RS1 | addr=7 -> data=0xe5dc
PASS | Read RS2 | addr=3 -> data=0x7758
PASS | Read RS1 | addr=5 -> data=0x2246
PASS | Read RS2 | addr=7 -> data=0xe5dc
PASS | Read RS1 | addr=2 -> data=0xbdf
PASS | Read RS2 | addr=4 -> data=0x260d
PASS | Read RS1 | addr=4 -> data=0x260d
PASS | Read RS2 | addr=3 -> data=0x7758
PASS | Read RS1 | addr=5 -> data=0x28c3
PASS | Read RS2 | addr=4 -> data=0x260d
PASS | Read RS1 | addr=2 -> data=0xbdf
PASS | Read RS2 | addr=4 -> data=0x260d
PASS | Read RS1 | addr=7 -> data=0x4f12
PASS | Read RS2 | addr=0 -> data=0x0
PASS | Read RS1 | addr=7 -> data=0x4f12
PASS | Read RS2 | addr=1 -> data=0x5b10
PASS | Read RS1 | addr=1 -> data=0x5b10
PASS | Read RS2 | addr=2 -> data=0xbdf
PASS | Read RS1 | addr=4 -> data=0x260d
PASS | Read RS2 | addr=3 -> data=0x23c0
PASS | Read RS1 | addr=7 -> data=0x4f12
PASS | Read RS2 | addr=0 -> data=0x0
PASS | Read RS1 | addr=5 -> data=0x28c3
PASS | Read RS2 | addr=6 -> data=0x962b
PASS | Read RS1 | addr=1 -> data=0x5b10
PASS | Read RS2 | addr=6 -> data=0x962b
PASS | Read RS1 | addr=7 -> data=0x4f12
PASS | Read RS2 | addr=0 -> data=0x0
PASS | Read RS1 | addr=7 -> data=0x4f12
PASS | Read RS2 | addr=5 -> data=0x28c3
PASS | Read RS1 | addr=7 -> data=0x2f4d
PASS | Read RS2 | addr=3 -> data=0x23c0
PASS | Read RS1 | addr=0 -> data=0x0
PASS | Read RS2 | addr=4 -> data=0xc607
PASS | Read RS1 | addr=1 -> data=0x5b10
PASS | Read RS2 | addr=3 -> data=0x23c0
PASS | Read RS1 | addr=4 -> data=0xc607
PASS | Read RS2 | addr=1 -> data=0x5314
PASS | Read RS1 | addr=6 -> data=0x8231
PASS | Read RS2 | addr=7 -> data=0x2f4d
PASS | Read RS1 | addr=4 -> data=0xc607
PASS | Read RS2 | addr=6 -> data=0x8231
PASS | Read RS1 | addr=2 -> data=0xbdf
PASS | Read RS2 | addr=4 -> data=0xc607
PASS | Read RS1 | addr=4 -> data=0xc607
PASS | Read RS2 | addr=7 -> data=0x3dde
PASS | Read RS1 | addr=2 -> data=0xbdf
PASS | Read RS2 | addr=5 -> data=0x28c3
PASS | Read RS1 | addr=3 -> data=0x23c0
PASS | Read RS2 | addr=0 -> data=0x0
PASS | Read RS1 | addr=1 -> data=0x5314
PASS | Read RS2 | addr=3 -> data=0x23c0
PASS | Read RS1 | addr=6 -> data=0x8231
PASS | Read RS2 | addr=1 -> data=0x5314
PASS | Read RS1 | addr=6 -> data=0x8231
PASS | Read RS2 | addr=1 -> data=0x5314
PASS | Read RS1 | addr=7 -> data=0xa47e
PASS | Read RS2 | addr=1 -> data=0x5314
PASS | Read RS1 | addr=2 -> data=0xbdf
PASS | Read RS2 | addr=6 -> data=0x8231
PASS | Read RS1 | addr=4 -> data=0x24c5
PASS | Read RS2 | addr=5 -> data=0x5e37
PASS | Read RS1 | addr=5 -> data=0x5e37
PASS | Read RS2 | addr=3 -> data=0x23c0
PASS | Read RS1 | addr=2 -> data=0xe940
PASS | Read RS2 | addr=3 -> data=0x23c0
PASS | Read RS1 | addr=7 -> data=0xbc0e
PASS | Read RS2 | addr=0 -> data=0x0
PASS | Read RS1 | addr=5 -> data=0x5e37
PASS | Read RS2 | addr=6 -> data=0xaede
PASS | Read RS1 | addr=6 -> data=0xaede
PASS | Read RS2 | addr=4 -> data=0x24c5
PASS | Read RS1 | addr=6 -> data=0xaede
PASS | Read RS2 | addr=4 -> data=0x24c5
PASS | Read RS1 | addr=0 -> data=0x0
PASS | Read RS2 | addr=6 -> data=0xaede
PASS | Read RS1 | addr=2 -> data=0xe940
PASS | Read RS2 | addr=7 -> data=0xede8
PASS | Read RS1 | addr=3 -> data=0x23c0
PASS | Read RS2 | addr=7 -> data=0xede8
PASS | Read RS1 | addr=7 -> data=0xede8
PASS | Read RS2 | addr=0 -> data=0x0
PASS | Read RS1 | addr=3 -> data=0x23c0
PASS | Read RS2 | addr=7 -> data=0x9373
PASS | Read RS1 | addr=6 -> data=0xaede
PASS | Read RS2 | addr=2 -> data=0xe940
PASS | Read RS1 | addr=6 -> data=0xaede
PASS | Read RS2 | addr=1 -> data=0x8c17
PASS | Read RS1 | addr=4 -> data=0x24c5
PASS | Read RS2 | addr=3 -> data=0x23c0
PASS | Read RS1 | addr=1 -> data=0x8c17
PASS | Read RS2 | addr=0 -> data=0x0
PASS | Read RS1 | addr=7 -> data=0x4057
PASS | Read RS2 | addr=4 -> data=0x24c5
PASS | Read RS1 | addr=4 -> data=0x24c5
PASS | Read RS2 | addr=2 -> data=0x8cb6
PASS | Read RS1 | addr=4 -> data=0x24c5
PASS | Read RS2 | addr=4 -> data=0x24c5
PASS | Read RS1 | addr=3 -> data=0x23c0
PASS | Read RS2 | addr=4 -> data=0x24c5
PASS | Read RS1 | addr=4 -> data=0x24c5
PASS | Read RS2 | addr=0 -> data=0x0
PASS | Read RS1 | addr=3 -> data=0x23c0
PASS | Read RS2 | addr=7 -> data=0x1c64
PASS | Read RS1 | addr=7 -> data=0x1c64
PASS | Read RS2 | addr=0 -> data=0x0
PASS | Read RS1 | addr=1 -> data=0xc58b
PASS | Read RS2 | addr=5 -> data=0x5e37
PASS | Read RS1 | addr=7 -> data=0x1c64
PASS | Read RS2 | addr=1 -> data=0xc58b
PASS | Read RS1 | addr=0 -> data=0x0
PASS | Read RS2 | addr=0 -> data=0x0
PASS | Read RS1 | addr=7 -> data=0x1c64
PASS | Read RS2 | addr=2 -> data=0x8cb6
PASS | Read RS1 | addr=4 -> data=0x24c5
PASS | Read RS2 | addr=2 -> data=0x8cb6
PASS | Read RS1 | addr=2 -> data=0x8cb6
PASS | Read RS2 | addr=2 -> data=0x8cb6
PASS | Read RS1 | addr=1 -> data=0xc58b
PASS | Read RS2 | addr=6 -> data=0xaede
PASS | Read RS1 | addr=5 -> data=0x5e37
PASS | Read RS2 | addr=0 -> data=0x0
PASS | Read RS1 | addr=5 -> data=0x5e37
PASS | Read RS2 | addr=6 -> data=0xaede
PASS | Read RS1 | addr=0 -> data=0x0
PASS | Read RS2 | addr=5 -> data=0x5e37
PASS | Read RS1 | addr=0 -> data=0x0
PASS | Read RS2 | addr=7 -> data=0x1c64
PASS | Read RS1 | addr=3 -> data=0x23c0
PASS | Read RS2 | addr=4 -> data=0x24c5
PASS | Read RS1 | addr=3 -> data=0x23c0
PASS | Read RS2 | addr=6 -> data=0xaede
PASS | Read RS1 | addr=4 -> data=0x24c5
PASS | Read RS2 | addr=1 -> data=0xc58b
PASS | Read RS1 | addr=7 -> data=0x133f
PASS | Read RS2 | addr=4 -> data=0x24c5
PASS | Read RS1 | addr=1 -> data=0xc58b
PASS | Read RS2 | addr=4 -> data=0x24c5
PASS | Read RS1 | addr=6 -> data=0xaede
PASS | Read RS2 | addr=5 -> data=0x5e37
PASS | Read RS1 | addr=2 -> data=0x8cb6
PASS | Read RS2 | addr=6 -> data=0xaede
PASS | Read RS1 | addr=7 -> data=0x2203
PASS | Read RS2 | addr=3 -> data=0x23c0
PASS | Read RS1 | addr=2 -> data=0x8cb6
PASS | Read RS2 | addr=5 -> data=0x5e37
PASS | Read RS1 | addr=3 -> data=0x23c0
PASS | Read RS2 | addr=7 -> data=0xb5f8
PASS | Read RS1 | addr=7 -> data=0x4532
PASS | Read RS2 | addr=0 -> data=0x0
PASS | Read RS1 | addr=4 -> data=0x24c5
PASS | Read RS2 | addr=1 -> data=0xc58b
PASS | Read RS1 | addr=3 -> data=0x23c0
PASS | Read RS2 | addr=0 -> data=0x0
PASS | Read RS1 | addr=5 -> data=0x5e37
PASS | Read RS2 | addr=1 -> data=0xc58b
PASS | Read RS1 | addr=4 -> data=0x24c5
PASS | Read RS2 | addr=0 -> data=0x0
PASS | Read RS1 | addr=1 -> data=0xc58b
PASS | Read RS2 | addr=2 -> data=0x8cb6
PASS | Read RS1 | addr=4 -> data=0x24c5
PASS | Read RS2 | addr=6 -> data=0xaede
PASS | Read RS1 | addr=5 -> data=0x5e37
PASS | Read RS2 | addr=1 -> data=0xc58b
PASS | Read RS1 | addr=4 -> data=0x7d33
PASS | Read RS2 | addr=6 -> data=0xaede
PASS | Read RS1 | addr=1 -> data=0x7910
PASS | Read RS2 | addr=1 -> data=0x7910
PASS | Read RS1 | addr=1 -> data=0x7910
PASS | Read RS2 | addr=3 -> data=0x23c0
PASS | Read RS1 | addr=4 -> data=0x7d33
PASS | Read RS2 | addr=2 -> data=0x8cb6
PASS | Read RS1 | addr=1 -> data=0x7910
PASS | Read RS2 | addr=7 -> data=0xcdce
PASS | Read RS1 | addr=5 -> data=0x5e37
PASS | Read RS2 | addr=5 -> data=0x5e37
PASS | Read RS1 | addr=5 -> data=0x5e37
PASS | Read RS2 | addr=2 -> data=0x8cb6
PASS | Read RS1 | addr=3 -> data=0x23c0
PASS | Read RS2 | addr=5 -> data=0x5e37
PASS | Read RS1 | addr=2 -> data=0x8cb6
PASS | Read RS2 | addr=3 -> data=0x23c0
PASS | Read RS1 | addr=1 -> data=0x621d
PASS | Read RS2 | addr=3 -> data=0x23c0
PASS | Read RS1 | addr=6 -> data=0xaede
PASS | Read RS2 | addr=0 -> data=0x0
PASS | Read RS1 | addr=7 -> data=0x305c
PASS | Read RS2 | addr=7 -> data=0x305c
PASS | Read RS1 | addr=4 -> data=0x7d33
PASS | Read RS2 | addr=0 -> data=0x0
PASS | Read RS1 | addr=3 -> data=0xe6d4
PASS | Read RS2 | addr=0 -> data=0x0
PASS | Read RS1 | addr=6 -> data=0xaede
PASS | Read RS2 | addr=0 -> data=0x0
PASS | Read RS1 | addr=4 -> data=0x7d33
PASS | Read RS2 | addr=6 -> data=0xaede
PASS | Read RS1 | addr=4 -> data=0x7d33
PASS | Read RS2 | addr=0 -> data=0x0
PASS | Read RS1 | addr=1 -> data=0xb3f1
PASS | Read RS2 | addr=2 -> data=0x8cb6
PASS | Read RS1 | addr=3 -> data=0xe6d4
PASS | Read RS2 | addr=7 -> data=0xbd71
PASS | Read RS1 | addr=4 -> data=0x7d33
PASS | Read RS2 | addr=7 -> data=0xbd71
PASS | Read RS1 | addr=3 -> data=0xe6d4
PASS | Read RS2 | addr=6 -> data=0x5feb
PASS | Read RS1 | addr=2 -> data=0x8cb6
PASS | Read RS2 | addr=6 -> data=0x5feb
PASS | Read RS1 | addr=7 -> data=0xf4e5
PASS | Read RS2 | addr=1 -> data=0xb3f1
PASS | Read RS1 | addr=5 -> data=0x5e37
PASS | Read RS2 | addr=1 -> data=0xb3f1
PASS | Read RS1 | addr=6 -> data=0x5feb
PASS | Read RS2 | addr=3 -> data=0xe6d4
PASS | Read RS1 | addr=6 -> data=0x5feb
PASS | Read RS2 | addr=5 -> data=0x5e37
PASS | Read RS1 | addr=5 -> data=0x5e37
PASS | Read RS2 | addr=0 -> data=0x0
PASS | Read RS1 | addr=2 -> data=0xbca
PASS | Read RS2 | addr=2 -> data=0xbca
PASS | Read RS1 | addr=3 -> data=0xe6d4
PASS | Read RS2 | addr=4 -> data=0x7d33
PASS | Read RS1 | addr=6 -> data=0x5feb
PASS | Read RS2 | addr=1 -> data=0x3f1d
PASS | Read RS1 | addr=4 -> data=0x7d33
PASS | Read RS2 | addr=5 -> data=0x198f
PASS | Read RS1 | addr=6 -> data=0x5feb
PASS | Read RS2 | addr=1 -> data=0x3f1d
PASS | Read RS1 | addr=7 -> data=0x438c
PASS | Read RS2 | addr=4 -> data=0x7d33
PASS | Read RS1 | addr=0 -> data=0x0
PASS | Read RS2 | addr=4 -> data=0x7d33
PASS | Read RS1 | addr=1 -> data=0x3f1d
PASS | Read RS2 | addr=2 -> data=0xbca
PASS | Read RS1 | addr=2 -> data=0xbca
PASS | Read RS2 | addr=2 -> data=0xbca
PASS | Read RS1 | addr=6 -> data=0x5feb
PASS | Read RS2 | addr=4 -> data=0x84b3
PASS | Read RS1 | addr=3 -> data=0xe6d4
PASS | Read RS2 | addr=2 -> data=0xbca
PASS | Read RS1 | addr=2 -> data=0xbca
PASS | Read RS2 | addr=3 -> data=0xe6d4
PASS | Read RS1 | addr=1 -> data=0x3f1d
PASS | Read RS2 | addr=2 -> data=0xbca
PASS | Read RS1 | addr=2 -> data=0xbca
PASS | Read RS2 | addr=0 -> data=0x0
PASS | Read RS1 | addr=7 -> data=0x9c9b
PASS | Read RS2 | addr=6 -> data=0x5feb
PASS | Read RS1 | addr=7 -> data=0x9c9b
PASS | Read RS2 | addr=5 -> data=0x198f
PASS | Read RS1 | addr=6 -> data=0x5feb
PASS | Read RS2 | addr=7 -> data=0x9c9b
PASS | Read RS1 | addr=4 -> data=0x84b3
PASS | Read RS2 | addr=1 -> data=0x3f1d
PASS | Read RS1 | addr=6 -> data=0x5feb
PASS | Read RS2 | addr=3 -> data=0xe6d4
PASS | Read RS1 | addr=7 -> data=0x9c9b
PASS | Read RS2 | addr=2 -> data=0xbca
PASS | Read RS1 | addr=0 -> data=0x0
PASS | Read RS2 | addr=0 -> data=0x0
PASS | Read RS1 | addr=3 -> data=0xe6d4
PASS | Read RS2 | addr=5 -> data=0x198f
PASS | Read RS1 | addr=5 -> data=0x198f
PASS | Read RS2 | addr=4 -> data=0x84b3
PASS | Read RS1 | addr=7 -> data=0x9c9b
PASS | Read RS2 | addr=7 -> data=0x9c9b
PASS | Read RS1 | addr=1 -> data=0x3f1d
PASS | Read RS2 | addr=4 -> data=0x84b3
PASS | Read RS1 | addr=2 -> data=0xbca
PASS | Read RS2 | addr=3 -> data=0x6f64
PASS | Read RS1 | addr=6 -> data=0x5feb
PASS | Read RS2 | addr=4 -> data=0x84b3
PASS | Read RS1 | addr=0 -> data=0x0
PASS | Read RS2 | addr=0 -> data=0x0
PASS | Read RS1 | addr=0 -> data=0x0
PASS | Read RS2 | addr=4 -> data=0x84b3
PASS | Read RS1 | addr=1 -> data=0x3f1d
PASS | Read RS2 | addr=7 -> data=0x47f6
PASS | Read RS1 | addr=6 -> data=0x5feb
PASS | Read RS2 | addr=2 -> data=0xbca
PASS | Read RS1 | addr=4 -> data=0x84b3
PASS | Read RS2 | addr=6 -> data=0x5feb
PASS | Read RS1 | addr=1 -> data=0x3f1d
PASS | Read RS2 | addr=0 -> data=0x0
PASS | Read RS1 | addr=1 -> data=0x3f1d
PASS | Read RS2 | addr=3 -> data=0x6f64
PASS | Read RS1 | addr=3 -> data=0x6f64
PASS | Read RS2 | addr=6 -> data=0x3ba6
PASS | Read RS1 | addr=1 -> data=0x3f1d
PASS | Read RS2 | addr=3 -> data=0x6f64
PASS | Read RS1 | addr=7 -> data=0x8f66
PASS | Read RS2 | addr=0 -> data=0x0
PASS | Read RS1 | addr=2 -> data=0xbca
PASS | Read RS2 | addr=5 -> data=0x695
PASS | Read RS1 | addr=0 -> data=0x0
PASS | Read RS2 | addr=7 -> data=0xa66f
PASS | Read RS1 | addr=1 -> data=0x3f1d
PASS | Read RS2 | addr=0 -> data=0x0
PASS | Read RS1 | addr=5 -> data=0x2f1a
PASS | Read RS2 | addr=3 -> data=0x6f64
PASS | Read RS1 | addr=3 -> data=0x6f64
PASS | Read RS2 | addr=3 -> data=0x6f64
PASS | Read RS1 | addr=1 -> data=0x3f1d
PASS | Read RS2 | addr=7 -> data=0xa66f
PASS | Read RS1 | addr=3 -> data=0x6f64
PASS | Read RS2 | addr=0 -> data=0x0
PASS | Read RS1 | addr=5 -> data=0x2f1a
PASS | Read RS2 | addr=0 -> data=0x0
PASS | Read RS1 | addr=0 -> data=0x0
PASS | Read RS2 | addr=2 -> data=0xbca
PASS | Read RS1 | addr=1 -> data=0x3f1d
PASS | Read RS2 | addr=7 -> data=0xedff
PASS | Read RS1 | addr=4 -> data=0x84b3
PASS | Read RS2 | addr=2 -> data=0xbca
PASS | Read RS1 | addr=4 -> data=0x84b3
PASS | Read RS2 | addr=4 -> data=0x84b3
PASS | Read RS1 | addr=5 -> data=0x2f1a
PASS | Read RS2 | addr=1 -> data=0x3f1d
PASS | Read RS1 | addr=1 -> data=0x3f1d
PASS | Read RS2 | addr=7 -> data=0xedff
PASS | Read RS1 | addr=3 -> data=0x6f64
PASS | Read RS2 | addr=5 -> data=0x3c07
PASS | Read RS1 | addr=1 -> data=0x3f1d
PASS | Read RS2 | addr=1 -> data=0x3f1d
PASS | Read RS1 | addr=4 -> data=0x84b3
PASS | Read RS2 | addr=1 -> data=0x3f1d
PASS | Read RS1 | addr=2 -> data=0xbca
PASS | Read RS2 | addr=1 -> data=0x3f1d
PASS | Read RS1 | addr=3 -> data=0x6f64
PASS | Read RS2 | addr=7 -> data=0x4bc4
PASS | Read RS1 | addr=7 -> data=0x4bc4
PASS | Read RS2 | addr=2 -> data=0xbca
PASS | Read RS1 | addr=2 -> data=0xbca
PASS | Read RS2 | addr=6 -> data=0x3ba6
PASS | Read RS1 | addr=2 -> data=0xbca
PASS | Read RS2 | addr=5 -> data=0x4875
PASS | Read RS1 | addr=4 -> data=0x84b3
PASS | Read RS2 | addr=4 -> data=0x84b3
PASS | Read RS1 | addr=7 -> data=0xb0a0
PASS | Read RS2 | addr=7 -> data=0xb0a0
PASS | Read RS1 | addr=4 -> data=0xd046
PASS | Read RS2 | addr=7 -> data=0xb0a0
PASS | Read RS1 | addr=4 -> data=0xd046
PASS | Read RS2 | addr=7 -> data=0xb0a0
PASS | Read RS1 | addr=7 -> data=0x50eb
PASS | Read RS2 | addr=5 -> data=0x4875
PASS | Read RS1 | addr=3 -> data=0x6f64
PASS | Read RS2 | addr=3 -> data=0x6f64
PASS | Read RS1 | addr=3 -> data=0x6f64
PASS | Read RS2 | addr=0 -> data=0x0
PASS | Read RS1 | addr=2 -> data=0xbca
PASS | Read RS2 | addr=7 -> data=0x50eb
PASS | Read RS1 | addr=0 -> data=0x0
PASS | Read RS2 | addr=3 -> data=0x6f64
PASS | Read RS1 | addr=2 -> data=0x60bf
PASS | Read RS2 | addr=0 -> data=0x0
PASS | Read RS1 | addr=2 -> data=0x60bf
PASS | Read RS2 | addr=4 -> data=0xd046
PASS | Read RS1 | addr=3 -> data=0x6f64
PASS | Read RS2 | addr=7 -> data=0xdc53
PASS | Read RS1 | addr=7 -> data=0x80a0
PASS | Read RS2 | addr=7 -> data=0x80a0
PASS | Read RS1 | addr=4 -> data=0xd046
PASS | Read RS2 | addr=5 -> data=0xc0bc
PASS | Read RS1 | addr=5 -> data=0xc0bc
PASS | Read RS2 | addr=5 -> data=0xc0bc
PASS | Read RS1 | addr=0 -> data=0x0
PASS | Read RS2 | addr=1 -> data=0xde44
PASS | Read RS1 | addr=4 -> data=0xd046
PASS | Read RS2 | addr=4 -> data=0xd046
PASS | Read RS1 | addr=7 -> data=0x6d0b
PASS | Read RS2 | addr=4 -> data=0xd046
PASS | Read RS1 | addr=0 -> data=0x0
PASS | Read RS2 | addr=5 -> data=0xc0bc
PASS | Read RS1 | addr=2 -> data=0x60bf
PASS | Read RS2 | addr=3 -> data=0x6f64
PASS | Read RS1 | addr=3 -> data=0x6f64
PASS | Read RS2 | addr=0 -> data=0x0
PASS | Read RS1 | addr=0 -> data=0x0
PASS | Read RS2 | addr=4 -> data=0xd046
PASS | Read RS1 | addr=4 -> data=0xd046
PASS | Read RS2 | addr=4 -> data=0xd046
PASS | Read RS1 | addr=6 -> data=0x1edb
PASS | Read RS2 | addr=3 -> data=0x6f64
PASS | Read RS1 | addr=6 -> data=0x1edb
PASS | Read RS2 | addr=2 -> data=0x39a2
PASS | Read RS1 | addr=7 -> data=0x40e4
PASS | Read RS2 | addr=2 -> data=0x39a2
PASS | Read RS1 | addr=4 -> data=0xd046
PASS | Read RS2 | addr=1 -> data=0xde44
PASS | Read RS1 | addr=2 -> data=0x39a2
PASS | Read RS2 | addr=7 -> data=0x8102
PASS | Read RS1 | addr=3 -> data=0x6f64
PASS | Read RS2 | addr=2 -> data=0x39a2
PASS | Read RS1 | addr=7 -> data=0x8102
PASS | Read RS2 | addr=0 -> data=0x0
PASS | Read RS1 | addr=1 -> data=0x7c
PASS | Read RS2 | addr=2 -> data=0x39a2
PASS | Read RS1 | addr=0 -> data=0x0
PASS | Read RS2 | addr=6 -> data=0x1edb
PASS | Read RS1 | addr=6 -> data=0x1edb
PASS | Read RS2 | addr=0 -> data=0x0
PASS | Read RS1 | addr=0 -> data=0x0
PASS | Read RS2 | addr=0 -> data=0x0
PASS | Read RS1 | addr=2 -> data=0x39a2
PASS | Read RS2 | addr=3 -> data=0x6f64
PASS | Read RS1 | addr=0 -> data=0x0
PASS | Read RS2 | addr=3 -> data=0x6f64
PASS | Read RS1 | addr=0 -> data=0x0
PASS | Read RS2 | addr=7 -> data=0x73b3
PASS | Read RS1 | addr=1 -> data=0x7c
PASS | Read RS2 | addr=1 -> data=0x7c
PASS | Read RS1 | addr=3 -> data=0x6f64
PASS | Read RS2 | addr=4 -> data=0xd046
PASS | Read RS1 | addr=1 -> data=0x7c
PASS | Read RS2 | addr=2 -> data=0x39a2
PASS | Read RS1 | addr=3 -> data=0x6f64
PASS | Read RS2 | addr=7 -> data=0x7601
PASS | Read RS1 | addr=5 -> data=0x7b04
PASS | Read RS2 | addr=5 -> data=0x7b04
PASS | Read RS1 | addr=3 -> data=0x6f64
PASS | Read RS2 | addr=3 -> data=0x6f64
PASS | Read RS1 | addr=0 -> data=0x0
PASS | Read RS2 | addr=4 -> data=0xd046
PASS | Read RS1 | addr=0 -> data=0x0
PASS | Read RS2 | addr=1 -> data=0x7c
PASS | Read RS1 | addr=1 -> data=0x7c
PASS | Read RS2 | addr=5 -> data=0x7b04
PASS | Read RS1 | addr=7 -> data=0x564
PASS | Read RS2 | addr=6 -> data=0xc235
PASS | Read RS1 | addr=0 -> data=0x0
PASS | Read RS2 | addr=7 -> data=0x564
PASS | Read RS1 | addr=2 -> data=0x39a2
PASS | Read RS2 | addr=0 -> data=0x0
PASS | Read RS1 | addr=1 -> data=0x7c
PASS | Read RS2 | addr=6 -> data=0xc235
PASS | Read RS1 | addr=6 -> data=0xc235
PASS | Read RS2 | addr=2 -> data=0x39a2
PASS | Read RS1 | addr=2 -> data=0x39a2
PASS | Read RS2 | addr=1 -> data=0x7c
PASS | Read RS1 | addr=6 -> data=0xc235
PASS | Read RS2 | addr=2 -> data=0x39a2
PASS | Read RS1 | addr=4 -> data=0x30b4
PASS | Read RS2 | addr=7 -> data=0xc2da
PASS | Read RS1 | addr=4 -> data=0x30b4
PASS | Read RS2 | addr=4 -> data=0x30b4
PASS | Read RS1 | addr=5 -> data=0x7b04
PASS | Read RS2 | addr=4 -> data=0x30b4
PASS | Read RS1 | addr=5 -> data=0x6fcb
PASS | Read RS2 | addr=5 -> data=0x6fcb
PASS | Read RS1 | addr=2 -> data=0x39a2
PASS | Read RS2 | addr=7 -> data=0xc2da
PASS | Read RS1 | addr=7 -> data=0xc2da
PASS | Read RS2 | addr=6 -> data=0xc235
PASS | Read RS1 | addr=4 -> data=0x30b4
PASS | Read RS2 | addr=4 -> data=0x30b4
PASS | Read RS1 | addr=3 -> data=0xbbc1
PASS | Read RS2 | addr=1 -> data=0x7c
PASS | Read RS1 | addr=7 -> data=0x79d6
PASS | Read RS2 | addr=3 -> data=0xbbc1
PASS | Read RS1 | addr=3 -> data=0xab77
PASS | Read RS2 | addr=2 -> data=0x39a2
PASS | Read RS1 | addr=7 -> data=0x79d6
PASS | Read RS2 | addr=7 -> data=0x79d6
PASS | Read RS1 | addr=3 -> data=0xab77
PASS | Read RS2 | addr=6 -> data=0xc235
PASS | Read RS1 | addr=5 -> data=0x6fcb
PASS | Read RS2 | addr=6 -> data=0xc235
PASS | Read RS1 | addr=1 -> data=0x7c
PASS | Read RS2 | addr=0 -> data=0x0
PASS | Read RS1 | addr=3 -> data=0xab77
PASS | Read RS2 | addr=5 -> data=0x6fcb
PASS | Read RS1 | addr=5 -> data=0x6fcb
PASS | Read RS2 | addr=6 -> data=0xc235
PASS | Read RS1 | addr=2 -> data=0x5059
PASS | Read RS2 | addr=0 -> data=0x0
PASS | Read RS1 | addr=0 -> data=0x0
PASS | Read RS2 | addr=3 -> data=0xb5e3
PASS | Read RS1 | addr=3 -> data=0xb5e3
PASS | Read RS2 | addr=6 -> data=0xc235
PASS | Read RS1 | addr=1 -> data=0x7c
PASS | Read RS2 | addr=2 -> data=0x5059
PASS | Read RS1 | addr=2 -> data=0x5059
PASS | Read RS2 | addr=6 -> data=0xc235
PASS | Read RS1 | addr=2 -> data=0x5059
PASS | Read RS2 | addr=5 -> data=0x2462
PASS | Read RS1 | addr=7 -> data=0x80d9
PASS | Read RS2 | addr=4 -> data=0x30b4
PASS | Read RS1 | addr=7 -> data=0x80d9
PASS | Read RS2 | addr=2 -> data=0x5059
PASS | Read RS1 | addr=4 -> data=0x30b4
PASS | Read RS2 | addr=3 -> data=0xb5e3
PASS | Read RS1 | addr=6 -> data=0xc235
PASS | Read RS2 | addr=0 -> data=0x0
PASS | Read RS1 | addr=3 -> data=0xb5e3
PASS | Read RS2 | addr=1 -> data=0x7c
PASS | Read RS1 | addr=2 -> data=0x5059
PASS | Read RS2 | addr=0 -> data=0x0
PASS | Read RS1 | addr=3 -> data=0xb5e3
PASS | Read RS2 | addr=3 -> data=0xb5e3
PASS | Read RS1 | addr=7 -> data=0xebf8
PASS | Read RS2 | addr=4 -> data=0x30b4
PASS | Read RS1 | addr=1 -> data=0x21dc
PASS | Read RS2 | addr=0 -> data=0x0
PASS | Read RS1 | addr=3 -> data=0xb5e3
PASS | Read RS2 | addr=3 -> data=0xb5e3
PASS | Read RS1 | addr=0 -> data=0x0
PASS | Read RS2 | addr=3 -> data=0xb5e3
PASS | Read RS1 | addr=3 -> data=0xb5e3
PASS | Read RS2 | addr=4 -> data=0x30b4
PASS | Read RS1 | addr=6 -> data=0xc235
PASS | Read RS2 | addr=1 -> data=0x21dc
PASS | Read RS1 | addr=5 -> data=0x2462
PASS | Read RS2 | addr=0 -> data=0x0
PASS | Read RS1 | addr=3 -> data=0xb5e3
PASS | Read RS2 | addr=0 -> data=0x0
PASS | Read RS1 | addr=3 -> data=0xb5e3
PASS | Read RS2 | addr=3 -> data=0xb5e3
PASS | Read RS1 | addr=2 -> data=0x5059
PASS | Read RS2 | addr=0 -> data=0x0
PASS | Read RS1 | addr=0 -> data=0x0
PASS | Read RS2 | addr=7 -> data=0xb2cf
PASS | Read RS1 | addr=2 -> data=0x5059
PASS | Read RS2 | addr=2 -> data=0x5059
PASS | Read RS1 | addr=5 -> data=0x2462
PASS | Read RS2 | addr=0 -> data=0x0
PASS | Read RS1 | addr=1 -> data=0x21dc
PASS | Read RS2 | addr=6 -> data=0xc235
PASS | Read RS1 | addr=0 -> data=0x0
PASS | Read RS2 | addr=0 -> data=0x0
PASS | Read RS1 | addr=6 -> data=0xc235
PASS | Read RS2 | addr=7 -> data=0xb2cf
PASS | Read RS1 | addr=5 -> data=0x2462
PASS | Read RS2 | addr=7 -> data=0xb2cf
PASS | Read RS1 | addr=6 -> data=0xc235
PASS | Read RS2 | addr=2 -> data=0x1485
PASS | Read RS1 | addr=2 -> data=0x1485
PASS | Read RS2 | addr=5 -> data=0x2462
PASS | Read RS1 | addr=7 -> data=0x223b
PASS | Read RS2 | addr=7 -> data=0x223b
PASS | Read RS1 | addr=6 -> data=0xc235
PASS | Read RS2 | addr=6 -> data=0xc235
PASS | Read RS1 | addr=7 -> data=0x48cb
PASS | Read RS2 | addr=3 -> data=0xb108
PASS | Read RS1 | addr=6 -> data=0xc235
PASS | Read RS2 | addr=6 -> data=0xc235
PASS | Read RS1 | addr=2 -> data=0x1485
PASS | Read RS2 | addr=2 -> data=0x1485
PASS | Read RS1 | addr=3 -> data=0xb108
PASS | Read RS2 | addr=4 -> data=0x30b4
PASS | Read RS1 | addr=3 -> data=0xb108
PASS | Read RS2 | addr=5 -> data=0x2462
PASS | Read RS1 | addr=2 -> data=0x1485
PASS | Read RS2 | addr=3 -> data=0xb108
PASS | Read RS1 | addr=5 -> data=0x2462
PASS | Read RS2 | addr=4 -> data=0x30b4
PASS | Read RS1 | addr=7 -> data=0x48cb
PASS | Read RS2 | addr=5 -> data=0x2462
PASS | Read RS1 | addr=0 -> data=0x0
PASS | Read RS2 | addr=3 -> data=0xb108
PASS | Read RS1 | addr=7 -> data=0xa88b
PASS | Read RS2 | addr=6 -> data=0x1f8e
PASS | Read RS1 | addr=6 -> data=0x1f8e
PASS | Read RS2 | addr=3 -> data=0xb108
PASS | Read RS1 | addr=7 -> data=0x4ef4
PASS | Read RS2 | addr=7 -> data=0x4ef4
PASS | Read RS1 | addr=7 -> data=0x4ef4
PASS | Read RS2 | addr=5 -> data=0x2462
PASS | Read RS1 | addr=7 -> data=0x4ef4
PASS | Read RS2 | addr=5 -> data=0x2462
PASS | Read RS1 | addr=4 -> data=0x30b4
PASS | Read RS2 | addr=5 -> data=0x2462
PASS | Read RS1 | addr=5 -> data=0x2462
PASS | Read RS2 | addr=6 -> data=0x9820
PASS | Read RS1 | addr=1 -> data=0x21dc
PASS | Read RS2 | addr=1 -> data=0x21dc
PASS | Read RS1 | addr=2 -> data=0x1485
PASS | Read RS2 | addr=6 -> data=0x9820
PASS | Read RS1 | addr=3 -> data=0x992b
PASS | Read RS2 | addr=2 -> data=0x1485
PASS | Read RS1 | addr=3 -> data=0x992b
PASS | Read RS2 | addr=3 -> data=0x992b
PASS | Read RS1 | addr=3 -> data=0x992b
PASS | Read RS2 | addr=0 -> data=0x0
PASS | Read RS1 | addr=7 -> data=0x38c
PASS | Read RS2 | addr=7 -> data=0x38c
PASS | Read RS1 | addr=7 -> data=0x38c
PASS | Read RS2 | addr=4 -> data=0x30b4
PASS | Read RS1 | addr=2 -> data=0x1485
PASS | Read RS2 | addr=7 -> data=0x38c
PASS | Read RS1 | addr=6 -> data=0x9820
PASS | Read RS2 | addr=2 -> data=0x1485
PASS | Read RS1 | addr=1 -> data=0x2542
PASS | Read RS2 | addr=2 -> data=0x1485
PASS | Read RS1 | addr=4 -> data=0x30b4
PASS | Read RS2 | addr=2 -> data=0x1485
PASS | Read RS1 | addr=3 -> data=0x992b
PASS | Read RS2 | addr=3 -> data=0x992b
PASS | Read RS1 | addr=0 -> data=0x0
PASS | Read RS2 | addr=2 -> data=0x1485
PASS | Read RS1 | addr=3 -> data=0x992b
PASS | Read RS2 | addr=7 -> data=0xd9a
PASS | Read RS1 | addr=0 -> data=0x0
PASS | Read RS2 | addr=5 -> data=0x2462
PASS | Read RS1 | addr=1 -> data=0x2542
PASS | Read RS2 | addr=1 -> data=0x2542
PASS | Read RS1 | addr=6 -> data=0x9820
PASS | Read RS2 | addr=5 -> data=0x2462
PASS | Read RS1 | addr=6 -> data=0x9820
PASS | Read RS2 | addr=5 -> data=0x2462
PASS | Read RS1 | addr=4 -> data=0x30b4
PASS | Read RS2 | addr=7 -> data=0xbef7
PASS | Read RS1 | addr=3 -> data=0x992b
PASS | Read RS2 | addr=3 -> data=0x992b
PASS | Read RS1 | addr=2 -> data=0xf745
PASS | Read RS2 | addr=6 -> data=0x9820
PASS | Read RS1 | addr=4 -> data=0x30b4
PASS | Read RS2 | addr=7 -> data=0xbef7
PASS | Read RS1 | addr=4 -> data=0x30b4
PASS | Read RS2 | addr=7 -> data=0xbef7
PASS | Read RS1 | addr=6 -> data=0x9820
PASS | Read RS2 | addr=0 -> data=0x0
PASS | Read RS1 | addr=1 -> data=0x2542
PASS | Read RS2 | addr=5 -> data=0x2462
PASS | Read RS1 | addr=7 -> data=0xf346
PASS | Read RS2 | addr=4 -> data=0x30b4
PASS | Read RS1 | addr=1 -> data=0x2542
PASS | Read RS2 | addr=4 -> data=0x30b4
PASS | Read RS1 | addr=3 -> data=0x992b
PASS | Read RS2 | addr=3 -> data=0x992b
PASS | Read RS1 | addr=6 -> data=0x9820
PASS | Read RS2 | addr=0 -> data=0x0
PASS | Read RS1 | addr=6 -> data=0x9820
PASS | Read RS2 | addr=2 -> data=0x4ad1
PASS | Read RS1 | addr=2 -> data=0x4ad1
PASS | Read RS2 | addr=5 -> data=0xe6f0
PASS | Read RS1 | addr=6 -> data=0x9820
PASS | Read RS2 | addr=4 -> data=0x30b4
PASS | Read RS1 | addr=0 -> data=0x0
PASS | Read RS2 | addr=3 -> data=0x992b
PASS | Read RS1 | addr=0 -> data=0x0
PASS | Read RS2 | addr=0 -> data=0x0
PASS | Read RS1 | addr=2 -> data=0x4ad1
PASS | Read RS2 | addr=5 -> data=0xe6f0
PASS | Read RS1 | addr=3 -> data=0x992b
PASS | Read RS2 | addr=7 -> data=0x3423
PASS | Read RS1 | addr=1 -> data=0x2542
PASS | Read RS2 | addr=4 -> data=0x30b4
PASS | Read RS1 | addr=4 -> data=0x30b4
PASS | Read RS2 | addr=4 -> data=0x30b4
PASS | Read RS1 | addr=0 -> data=0x0
PASS | Read RS2 | addr=7 -> data=0x3423
PASS | Read RS1 | addr=0 -> data=0x0
PASS | Read RS2 | addr=2 -> data=0x4ad1
PASS | Read RS1 | addr=6 -> data=0x9820
PASS | Read RS2 | addr=0 -> data=0x0
PASS | Read RS1 | addr=2 -> data=0x4ad1
PASS | Read RS2 | addr=5 -> data=0xe6f0
PASS | Read RS1 | addr=7 -> data=0x3423
PASS | Read RS2 | addr=4 -> data=0xfe9a
PASS | Read RS1 | addr=6 -> data=0x9820
PASS | Read RS2 | addr=7 -> data=0x3423
PASS | Read RS1 | addr=3 -> data=0x992b
PASS | Read RS2 | addr=2 -> data=0x4ad1
PASS | Read RS1 | addr=6 -> data=0x9820
PASS | Read RS2 | addr=5 -> data=0xe6f0
PASS | Read RS1 | addr=7 -> data=0x3423
PASS | Read RS2 | addr=7 -> data=0x3423
PASS | Read RS1 | addr=5 -> data=0xe6f0
PASS | Read RS2 | addr=5 -> data=0xe6f0
PASS | Read RS1 | addr=1 -> data=0x2542
PASS | Read RS2 | addr=3 -> data=0x992b
PASS | Read RS1 | addr=5 -> data=0xe6f0
PASS | Read RS2 | addr=3 -> data=0x992b
PASS | Read RS1 | addr=1 -> data=0x5fd6
PASS | Read RS2 | addr=4 -> data=0xb0e2
PASS | Read RS1 | addr=5 -> data=0xe6f0
PASS | Read RS2 | addr=3 -> data=0x992b
PASS | Read RS1 | addr=6 -> data=0x9820
PASS | Read RS2 | addr=6 -> data=0x9820
PASS | Read RS1 | addr=2 -> data=0x4ad1
PASS | Read RS2 | addr=0 -> data=0x0
PASS | Read RS1 | addr=4 -> data=0xb0e2
PASS | Read RS2 | addr=2 -> data=0x4ad1
PASS | Read RS1 | addr=0 -> data=0x0
PASS | Read RS2 | addr=4 -> data=0xb0e2
PASS | Read RS1 | addr=5 -> data=0xe6f0
PASS | Read RS2 | addr=6 -> data=0x9820
PASS | Read RS1 | addr=5 -> data=0xe6f0
PASS | Read RS2 | addr=5 -> data=0xe6f0
PASS | Read RS1 | addr=5 -> data=0xe6f0
PASS | Read RS2 | addr=4 -> data=0xb0e2
PASS | Read RS1 | addr=0 -> data=0x0
PASS | Read RS2 | addr=5 -> data=0xe6f0
PASS | Read RS1 | addr=5 -> data=0xe6f0
PASS | Read RS2 | addr=7 -> data=0x5af0
PASS | Read RS1 | addr=4 -> data=0xb0e2
PASS | Read RS2 | addr=6 -> data=0x9820
PASS | Read RS1 | addr=0 -> data=0x0
PASS | Read RS2 | addr=2 -> data=0x6f24
PASS | Read RS1 | addr=2 -> data=0x6f24
PASS | Read RS2 | addr=2 -> data=0x6f24
PASS | Read RS1 | addr=2 -> data=0x48d5
PASS | Read RS2 | addr=5 -> data=0x9292
PASS | Read RS1 | addr=4 -> data=0xb0e2
PASS | Read RS2 | addr=2 -> data=0x48d5
PASS | Read RS1 | addr=0 -> data=0x0
PASS | Read RS2 | addr=0 -> data=0x0
PASS | Read RS1 | addr=2 -> data=0x48d5
PASS | Read RS2 | addr=3 -> data=0x992b
PASS | Read RS1 | addr=3 -> data=0x992b
PASS | Read RS2 | addr=1 -> data=0x5fd6
PASS | Read RS1 | addr=3 -> data=0x992b
PASS | Read RS2 | addr=7 -> data=0xf1a6
PASS | Read RS1 | addr=3 -> data=0x992b
PASS | Read RS2 | addr=3 -> data=0x992b
PASS | Read RS1 | addr=3 -> data=0x992b
PASS | Read RS2 | addr=1 -> data=0xd531
PASS | Read RS1 | addr=2 -> data=0x48d5
PASS | Read RS2 | addr=0 -> data=0x0
PASS | Read RS1 | addr=0 -> data=0x0
PASS | Read RS2 | addr=4 -> data=0xb0e2
PASS | Read RS1 | addr=7 -> data=0xaaa7
PASS | Read RS2 | addr=5 -> data=0x9292
PASS | Read RS1 | addr=5 -> data=0x9292
PASS | Read RS2 | addr=5 -> data=0x9292
PASS | Read RS1 | addr=7 -> data=0x3530
PASS | Read RS2 | addr=2 -> data=0x48d5
PASS | Read RS1 | addr=6 -> data=0x46d6
PASS | Read RS2 | addr=3 -> data=0xaf9c
PASS | Read RS1 | addr=4 -> data=0xb0e2
PASS | Read RS2 | addr=5 -> data=0x9292
PASS | Read RS1 | addr=0 -> data=0x0
PASS | Read RS2 | addr=6 -> data=0x46d6
PASS | Read RS1 | addr=7 -> data=0x5946
PASS | Read RS2 | addr=5 -> data=0x9292
PASS | Read RS1 | addr=1 -> data=0xd531
PASS | Read RS2 | addr=2 -> data=0x32fa
PASS | Read RS1 | addr=2 -> data=0x32fa
PASS | Read RS2 | addr=7 -> data=0x5946
PASS | Read RS1 | addr=0 -> data=0x0
PASS | Read RS2 | addr=1 -> data=0xd531
PASS | Read RS1 | addr=7 -> data=0xdcd4
PASS | Read RS2 | addr=2 -> data=0x32fa
PASS | Read RS1 | addr=1 -> data=0xd531
PASS | Read RS2 | addr=2 -> data=0x2757
PASS | Read RS1 | addr=2 -> data=0x2757
PASS | Read RS2 | addr=5 -> data=0x3971
PASS | Read RS1 | addr=1 -> data=0xd531
PASS | Read RS2 | addr=3 -> data=0xaf9c
PASS | Read RS1 | addr=5 -> data=0xef67
PASS | Read RS2 | addr=3 -> data=0xaf9c
PASS | Read RS1 | addr=6 -> data=0x46d6
PASS | Read RS2 | addr=3 -> data=0xaf9c
PASS | Read RS1 | addr=4 -> data=0xb0e2
PASS | Read RS2 | addr=2 -> data=0x2757
PASS | Read RS1 | addr=1 -> data=0xd531
PASS | Read RS2 | addr=5 -> data=0xef67
PASS | Read RS1 | addr=5 -> data=0xef67
PASS | Read RS2 | addr=1 -> data=0xd531
PASS | Read RS1 | addr=5 -> data=0xef67
PASS | Read RS2 | addr=3 -> data=0xaf9c
PASS | Read RS1 | addr=1 -> data=0xd531
PASS | Read RS2 | addr=1 -> data=0xd531
PASS | Read RS1 | addr=0 -> data=0x0
PASS | Read RS2 | addr=1 -> data=0xd531
PASS | Read RS1 | addr=1 -> data=0xd531
PASS | Read RS2 | addr=4 -> data=0xb0e2
PASS | Read RS1 | addr=2 -> data=0x2757
PASS | Read RS2 | addr=6 -> data=0x46d6
PASS | Read RS1 | addr=6 -> data=0x46d6
PASS | Read RS2 | addr=7 -> data=0x7573
PASS | Read RS1 | addr=2 -> data=0x2757
PASS | Read RS2 | addr=0 -> data=0x0
PASS | Read RS1 | addr=3 -> data=0xaf9c
PASS | Read RS2 | addr=6 -> data=0x46d6
PASS | Read RS1 | addr=1 -> data=0xd531
PASS | Read RS2 | addr=4 -> data=0xb0e2
PASS | Read RS1 | addr=3 -> data=0xaf9c
PASS | Read RS2 | addr=4 -> data=0xb0e2
PASS | Read RS1 | addr=0 -> data=0x0
PASS | Read RS2 | addr=2 -> data=0x2757
PASS | Read RS1 | addr=3 -> data=0xaf9c
PASS | Read RS2 | addr=0 -> data=0x0
PASS | Read RS1 | addr=0 -> data=0x0
PASS | Read RS2 | addr=2 -> data=0x2757
PASS | Read RS1 | addr=5 -> data=0x6202
PASS | Read RS2 | addr=4 -> data=0xb0e2
PASS | Read RS1 | addr=2 -> data=0x2757
PASS | Read RS2 | addr=7 -> data=0x1b86
PASS | Read RS1 | addr=4 -> data=0xb0e2
PASS | Read RS2 | addr=7 -> data=0x1b86
PASS | Read RS1 | addr=1 -> data=0xd531
PASS | Read RS2 | addr=3 -> data=0xaf9c
PASS | Read RS1 | addr=7 -> data=0x1b86
PASS | Read RS2 | addr=5 -> data=0x6202
PASS | Read RS1 | addr=5 -> data=0x6202
PASS | Read RS2 | addr=6 -> data=0xba1c
PASS | Read RS1 | addr=2 -> data=0x2757
PASS | Read RS2 | addr=1 -> data=0xd531
PASS | Read RS1 | addr=5 -> data=0x6202
PASS | Read RS2 | addr=4 -> data=0xb0e2
PASS | Read RS1 | addr=0 -> data=0x0
PASS | Read RS2 | addr=7 -> data=0x2759
PASS | Read RS1 | addr=7 -> data=0x2759
PASS | Read RS2 | addr=5 -> data=0x6202
PASS | Read RS1 | addr=6 -> data=0xba1c
PASS | Read RS2 | addr=2 -> data=0x2757
PASS | Read RS1 | addr=6 -> data=0xba1c
PASS | Read RS2 | addr=6 -> data=0xba1c
PASS | Read RS1 | addr=2 -> data=0x2757
PASS | Read RS2 | addr=5 -> data=0xb98a
PASS | Read RS1 | addr=6 -> data=0xba1c
PASS | Read RS2 | addr=7 -> data=0x518a
PASS | Read RS1 | addr=1 -> data=0xd531
PASS | Read RS2 | addr=3 -> data=0x650d
PASS | Read RS1 | addr=0 -> data=0x0
PASS | Read RS2 | addr=1 -> data=0xd531
PASS | Read RS1 | addr=5 -> data=0xb98a
PASS | Read RS2 | addr=4 -> data=0xb0e2
PASS | Read RS1 | addr=4 -> data=0xb0e2
PASS | Read RS2 | addr=0 -> data=0x0
PASS | Read RS1 | addr=7 -> data=0x518a
PASS | Read RS2 | addr=4 -> data=0xb0e2
PASS | Read RS1 | addr=7 -> data=0x323d
PASS | Read RS2 | addr=2 -> data=0x2757
PASS | Read RS1 | addr=4 -> data=0xb0e2
PASS | Read RS2 | addr=1 -> data=0xd531
PASS | Read RS1 | addr=2 -> data=0x2757
PASS | Read RS2 | addr=4 -> data=0xb0e2
PASS | Read RS1 | addr=4 -> data=0xb0e2
PASS | Read RS2 | addr=1 -> data=0xd531
PASS | Read RS1 | addr=7 -> data=0x8e42
PASS | Read RS2 | addr=7 -> data=0x8e42
PASS | Read RS1 | addr=5 -> data=0xb98a
PASS | Read RS2 | addr=3 -> data=0x650d
PASS | Read RS1 | addr=0 -> data=0x0
PASS | Read RS2 | addr=2 -> data=0x2757
PASS | Read RS1 | addr=0 -> data=0x0
PASS | Read RS2 | addr=2 -> data=0x2757
PASS | Read RS1 | addr=3 -> data=0x650d
PASS | Read RS2 | addr=4 -> data=0xb0e2
PASS | Read RS1 | addr=0 -> data=0x0
PASS | Read RS2 | addr=3 -> data=0x650d
PASS | Read RS1 | addr=3 -> data=0x650d
PASS | Read RS2 | addr=4 -> data=0xb0e2
PASS | Read RS1 | addr=0 -> data=0x0
PASS | Read RS2 | addr=7 -> data=0x352
PASS | Read RS1 | addr=6 -> data=0xba1c
PASS | Read RS2 | addr=1 -> data=0xd531
PASS | Read RS1 | addr=3 -> data=0x650d
PASS | Read RS2 | addr=6 -> data=0xba1c
PASS | Read RS1 | addr=3 -> data=0x650d
PASS | Read RS2 | addr=0 -> data=0x0
PASS | Read RS1 | addr=3 -> data=0x650d
PASS | Read RS2 | addr=1 -> data=0xd531
PASS | Read RS1 | addr=1 -> data=0xd531
PASS | Read RS2 | addr=7 -> data=0xfe34
PASS | Read RS1 | addr=0 -> data=0x0
PASS | Read RS2 | addr=5 -> data=0xfa3d
PASS | Read RS1 | addr=1 -> data=0xd531
PASS | Read RS2 | addr=7 -> data=0xa73b
PASS | Read RS1 | addr=2 -> data=0x3801
PASS | Read RS2 | addr=4 -> data=0xb0e2
PASS | Read RS1 | addr=6 -> data=0xba1c
PASS | Read RS2 | addr=4 -> data=0xb0e2
PASS | Read RS1 | addr=2 -> data=0x3801
PASS | Read RS2 | addr=2 -> data=0x3801
PASS | Read RS1 | addr=6 -> data=0xba1c
PASS | Read RS2 | addr=3 -> data=0x650d
PASS | Read RS1 | addr=2 -> data=0x3801
PASS | Read RS2 | addr=4 -> data=0xbadd
PASS | Read RS1 | addr=4 -> data=0xbadd
PASS | Read RS2 | addr=7 -> data=0xa73b
PASS | Read RS1 | addr=2 -> data=0x3801
PASS | Read RS2 | addr=1 -> data=0xd531
PASS | Read RS1 | addr=4 -> data=0xbadd
PASS | Read RS2 | addr=3 -> data=0x650d
PASS | Read RS1 | addr=3 -> data=0x650d
PASS | Read RS2 | addr=5 -> data=0xfa3d
PASS | Read RS1 | addr=6 -> data=0xba1c
PASS | Read RS2 | addr=2 -> data=0x3801
PASS | Read RS1 | addr=0 -> data=0x0
PASS | Read RS2 | addr=2 -> data=0x3801
PASS | Read RS1 | addr=4 -> data=0xbadd
PASS | Read RS2 | addr=7 -> data=0xa73b
PASS | Read RS1 | addr=3 -> data=0x650d
PASS | Read RS2 | addr=6 -> data=0x51e9
PASS | Read RS1 | addr=6 -> data=0x51e9
PASS | Read RS2 | addr=0 -> data=0x0
PASS | Read RS1 | addr=2 -> data=0x3801
PASS | Read RS2 | addr=1 -> data=0xd531
PASS | Read RS1 | addr=5 -> data=0xfa3d
PASS | Read RS2 | addr=6 -> data=0x51e9
PASS | Read RS1 | addr=5 -> data=0xfa3d
PASS | Read RS2 | addr=1 -> data=0xd531
PASS | Read RS1 | addr=0 -> data=0x0
PASS | Read RS2 | addr=6 -> data=0x51e9
PASS | Read RS1 | addr=5 -> data=0xfa3d
PASS | Read RS2 | addr=1 -> data=0xd531
PASS | Read RS1 | addr=2 -> data=0x3801
PASS | Read RS2 | addr=3 -> data=0x650d
PASS | Read RS1 | addr=4 -> data=0xbadd
PASS | Read RS2 | addr=4 -> data=0xbadd
PASS | Read RS1 | addr=4 -> data=0xbadd
PASS | Read RS2 | addr=3 -> data=0x650d
PASS | Read RS1 | addr=1 -> data=0xd531
PASS | Read RS2 | addr=4 -> data=0xbadd
PASS | Read RS1 | addr=0 -> data=0x0
PASS | Read RS2 | addr=4 -> data=0xbadd
PASS | Read RS1 | addr=2 -> data=0x3801
PASS | Read RS2 | addr=2 -> data=0x3801
PASS | Read RS1 | addr=7 -> data=0xba39
PASS | Read RS2 | addr=4 -> data=0xbadd
PASS | Read RS1 | addr=7 -> data=0x39b4
PASS | Read RS2 | addr=2 -> data=0x3801
PASS | Read RS1 | addr=4 -> data=0xbadd
PASS | Read RS2 | addr=3 -> data=0x650d
PASS | Read RS1 | addr=4 -> data=0xbadd
PASS | Read RS2 | addr=5 -> data=0xfa3d
PASS | Read RS1 | addr=6 -> data=0x51e9
PASS | Read RS2 | addr=2 -> data=0x3801
PASS | Read RS1 | addr=1 -> data=0xd531
PASS | Read RS2 | addr=5 -> data=0xfa3d
PASS | Read RS1 | addr=1 -> data=0xd531
PASS | Read RS2 | addr=4 -> data=0xcf38
PASS | Read RS1 | addr=7 -> data=0x7c69
PASS | Read RS2 | addr=6 -> data=0x51e9
PASS | Read RS1 | addr=1 -> data=0xd531
PASS | Read RS2 | addr=4 -> data=0xcf38
PASS | Read RS1 | addr=1 -> data=0xd531
PASS | Read RS2 | addr=7 -> data=0x45d8
PASS | Read RS1 | addr=3 -> data=0x650d
PASS | Read RS2 | addr=6 -> data=0x51e9
PASS | Read RS1 | addr=6 -> data=0x51e9
PASS | Read RS2 | addr=6 -> data=0x51e9
PASS | Read RS1 | addr=0 -> data=0x0
PASS | Read RS2 | addr=0 -> data=0x0
PASS | Read RS1 | addr=3 -> data=0x650d
PASS | Read RS2 | addr=0 -> data=0x0
PASS | Read RS1 | addr=6 -> data=0x51e9
PASS | Read RS2 | addr=2 -> data=0x3801
PASS | Read RS1 | addr=2 -> data=0x3801
PASS | Read RS2 | addr=0 -> data=0x0
PASS | Read RS1 | addr=4 -> data=0xcf38
PASS | Read RS2 | addr=7 -> data=0xa1bd
PASS | Read RS1 | addr=7 -> data=0x58d2
PASS | Read RS2 | addr=0 -> data=0x0
PASS | Read RS1 | addr=7 -> data=0x58d2
PASS | Read RS2 | addr=4 -> data=0xcf38
PASS | Read RS1 | addr=2 -> data=0x3801
PASS | Read RS2 | addr=6 -> data=0x51e9
PASS | Read RS1 | addr=7 -> data=0x58d2
PASS | Read RS2 | addr=5 -> data=0xfa3d
PASS | Read RS1 | addr=3 -> data=0x650d
PASS | Read RS2 | addr=7 -> data=0x58d2
PASS | Read RS1 | addr=7 -> data=0x8758
PASS | Read RS2 | addr=0 -> data=0x0
PASS | Read RS1 | addr=3 -> data=0x650d
PASS | Read RS2 | addr=3 -> data=0x650d
PASS | Read RS1 | addr=0 -> data=0x0
PASS | Read RS2 | addr=7 -> data=0x8758
PASS | Read RS1 | addr=6 -> data=0x51e9
PASS | Read RS2 | addr=1 -> data=0xd531
PASS | Read RS1 | addr=3 -> data=0x650d
PASS | Read RS2 | addr=6 -> data=0x51e9
PASS | Read RS1 | addr=7 -> data=0x8758
PASS | Read RS2 | addr=0 -> data=0x0
PASS | Read RS1 | addr=2 -> data=0x8b6d
PASS | Read RS2 | addr=2 -> data=0x8b6d
PASS | Read RS1 | addr=1 -> data=0xd531
PASS | Read RS2 | addr=0 -> data=0x0
PASS | Read RS1 | addr=4 -> data=0xcf38
PASS | Read RS2 | addr=4 -> data=0xcf38
PASS | Read RS1 | addr=2 -> data=0x8b6d
PASS | Read RS2 | addr=1 -> data=0xd531
PASS | Read RS1 | addr=6 -> data=0x51e9
PASS | Read RS2 | addr=4 -> data=0xcf38
PASS | Read RS1 | addr=3 -> data=0x650d
PASS | Read RS2 | addr=7 -> data=0xddc
PASS | Read RS1 | addr=1 -> data=0xd531
PASS | Read RS2 | addr=2 -> data=0x8b6d
PASS | Read RS1 | addr=1 -> data=0xd531
PASS | Read RS2 | addr=3 -> data=0x650d
PASS | Read RS1 | addr=1 -> data=0xd531
PASS | Read RS2 | addr=7 -> data=0xddc
PASS | Read RS1 | addr=1 -> data=0xd531
PASS | Read RS2 | addr=1 -> data=0xd531
PASS | Read RS1 | addr=1 -> data=0xd531
PASS | Read RS2 | addr=7 -> data=0x9f9a
PASS | Read RS1 | addr=3 -> data=0x650d
PASS | Read RS2 | addr=6 -> data=0x51e9
PASS | Read RS1 | addr=3 -> data=0x1c89
PASS | Read RS2 | addr=6 -> data=0x51e9
PASS | Read RS1 | addr=7 -> data=0x9f9a
PASS | Read RS2 | addr=4 -> data=0x5f00
PASS | Read RS1 | addr=1 -> data=0xd531
PASS | Read RS2 | addr=7 -> data=0x303f
PASS | Read RS1 | addr=0 -> data=0x0
PASS | Read RS2 | addr=7 -> data=0x303f
PASS | Read RS1 | addr=7 -> data=0x303f
PASS | Read RS2 | addr=3 -> data=0x1c89
PASS | Read RS1 | addr=6 -> data=0x5bee
PASS | Read RS2 | addr=0 -> data=0x0
PASS | Read RS1 | addr=1 -> data=0xd531
PASS | Read RS2 | addr=5 -> data=0xed65
PASS | Read RS1 | addr=0 -> data=0x0
PASS | Read RS2 | addr=1 -> data=0xd531
PASS | Read RS1 | addr=0 -> data=0x0
PASS | Read RS2 | addr=4 -> data=0x5f00
PASS | Read RS1 | addr=2 -> data=0x9e29
PASS | Read RS2 | addr=7 -> data=0xe980
PASS | Read RS1 | addr=0 -> data=0x0
PASS | Read RS2 | addr=3 -> data=0x1c89
PASS | Read RS1 | addr=4 -> data=0x5f00
PASS | Read RS2 | addr=3 -> data=0x1c89
PASS | Read RS1 | addr=5 -> data=0xa91a
PASS | Read RS2 | addr=5 -> data=0xa91a
PASS | Read RS1 | addr=1 -> data=0xd531
PASS | Read RS2 | addr=2 -> data=0x9e29
PASS | Read RS1 | addr=3 -> data=0x1c89
PASS | Read RS2 | addr=7 -> data=0x15b7
PASS | Read RS1 | addr=0 -> data=0x0
PASS | Read RS2 | addr=5 -> data=0xa91a
PASS | Read RS1 | addr=5 -> data=0xa91a
PASS | Read RS2 | addr=4 -> data=0x5f00
PASS | Read RS1 | addr=1 -> data=0xd531
PASS | Read RS2 | addr=7 -> data=0x15b7
PASS | Read RS1 | addr=0 -> data=0x0
PASS | Read RS2 | addr=4 -> data=0x5f00
PASS | Read RS1 | addr=1 -> data=0xd531
PASS | Read RS2 | addr=7 -> data=0x15b7
PASS | Read RS1 | addr=1 -> data=0xd531
PASS | Read RS2 | addr=5 -> data=0xa91a
PASS | Read RS1 | addr=6 -> data=0x5bee
PASS | Read RS2 | addr=4 -> data=0x5f00
PASS | Read RS1 | addr=3 -> data=0x1c89
PASS | Read RS2 | addr=6 -> data=0x5bee
PASS | Read RS1 | addr=1 -> data=0xd531
PASS | Read RS2 | addr=2 -> data=0x9e29
PASS | Read RS1 | addr=1 -> data=0xd531
PASS | Read RS2 | addr=6 -> data=0x5bee
PASS | Read RS1 | addr=7 -> data=0x15b7
PASS | Read RS2 | addr=3 -> data=0xafe1
PASS | Read RS1 | addr=0 -> data=0x0
PASS | Read RS2 | addr=7 -> data=0x15b7
PASS | Read RS1 | addr=0 -> data=0x0
PASS | Read RS2 | addr=0 -> data=0x0
PASS | Read RS1 | addr=1 -> data=0xd531
PASS | Read RS2 | addr=7 -> data=0x15b7
PASS | Read RS1 | addr=2 -> data=0x9e29
PASS | Read RS2 | addr=2 -> data=0x9e29
PASS | Read RS1 | addr=6 -> data=0x141e
PASS | Read RS2 | addr=3 -> data=0xafe1
PASS | Read RS1 | addr=4 -> data=0x5f00
PASS | Read RS2 | addr=0 -> data=0x0
PASS | Read RS1 | addr=7 -> data=0x63fb
PASS | Read RS2 | addr=6 -> data=0xb70d
PASS | Read RS1 | addr=2 -> data=0x9e29
PASS | Read RS2 | addr=0 -> data=0x0
PASS | Read RS1 | addr=6 -> data=0xb70d
PASS | Read RS2 | addr=1 -> data=0xd531
PASS | Read RS1 | addr=1 -> data=0xd531
PASS | Read RS2 | addr=6 -> data=0xb70d
PASS | Read RS1 | addr=5 -> data=0xa91a
PASS | Read RS2 | addr=2 -> data=0x9e29
PASS | Read RS1 | addr=3 -> data=0xa68f
PASS | Read RS2 | addr=7 -> data=0x2d08
PASS | Read RS1 | addr=2 -> data=0x9e29
PASS | Read RS2 | addr=0 -> data=0x0
PASS | Read RS1 | addr=4 -> data=0x5f00
PASS | Read RS2 | addr=7 -> data=0x2d08
PASS | Read RS1 | addr=5 -> data=0xa91a
PASS | Read RS2 | addr=2 -> data=0x9e29
PASS | Read RS1 | addr=2 -> data=0x9e29
PASS | Read RS2 | addr=4 -> data=0x5f00
PASS | Read RS1 | addr=5 -> data=0xa91a
PASS | Read RS2 | addr=5 -> data=0xa91a
PASS | Read RS1 | addr=2 -> data=0x9e29
PASS | Read RS2 | addr=3 -> data=0xa68f
PASS | Read RS1 | addr=5 -> data=0xf3f3
PASS | Read RS2 | addr=3 -> data=0xa68f
PASS | Read RS1 | addr=3 -> data=0xa68f
PASS | Read RS2 | addr=0 -> data=0x0
PASS | Read RS1 | addr=5 -> data=0xf3f3
PASS | Read RS2 | addr=3 -> data=0xa68f
PASS | Read RS1 | addr=3 -> data=0xa68f
PASS | Read RS2 | addr=6 -> data=0xb70d
PASS | Read RS1 | addr=3 -> data=0x6a53
PASS | Read RS2 | addr=0 -> data=0x0
PASS | Read RS1 | addr=7 -> data=0x1cd9
PASS | Read RS2 | addr=4 -> data=0x5f00
PASS | Read RS1 | addr=5 -> data=0xf3f3
PASS | Read RS2 | addr=0 -> data=0x0
PASS | Read RS1 | addr=2 -> data=0x9e29
PASS | Read RS2 | addr=7 -> data=0xc955
PASS | Read RS1 | addr=6 -> data=0xb70d
PASS | Read RS2 | addr=5 -> data=0xf3f3
PASS | Read RS1 | addr=1 -> data=0xd531
PASS | Read RS2 | addr=6 -> data=0xb70d
PASS | Read RS1 | addr=3 -> data=0x6a53
PASS | Read RS2 | addr=4 -> data=0x5f00
PASS | Read RS1 | addr=6 -> data=0xb70d
PASS | Read RS2 | addr=3 -> data=0x6a53
PASS | Read RS1 | addr=5 -> data=0xf3f3
PASS | Read RS2 | addr=2 -> data=0x9e29
PASS | Read RS1 | addr=3 -> data=0x6a53
PASS | Read RS2 | addr=4 -> data=0x5f00
PASS | Read RS1 | addr=4 -> data=0x5f00
PASS | Read RS2 | addr=5 -> data=0xf3f3
PASS | Read RS1 | addr=4 -> data=0x5f00
PASS | Read RS2 | addr=4 -> data=0x5f00
PASS | Read RS1 | addr=1 -> data=0xd531
PASS | Read RS2 | addr=6 -> data=0xb70d
PASS | Read RS1 | addr=3 -> data=0x6105
PASS | Read RS2 | addr=5 -> data=0xf3f3
PASS | Read RS1 | addr=4 -> data=0x5f00
PASS | Read RS2 | addr=3 -> data=0x6105
PASS | Read RS1 | addr=5 -> data=0xf3f3
PASS | Read RS2 | addr=5 -> data=0xf3f3
PASS | Read RS1 | addr=2 -> data=0x9e29
PASS | Read RS2 | addr=6 -> data=0xb70d
PASS | Read RS1 | addr=4 -> data=0x5f00
PASS | Read RS2 | addr=1 -> data=0xd531
PASS | Read RS1 | addr=5 -> data=0xf3f3
PASS | Read RS2 | addr=6 -> data=0xb70d
PASS | Read RS1 | addr=3 -> data=0x6105
PASS | Read RS2 | addr=0 -> data=0x0
PASS | Read RS1 | addr=7 -> data=0xcfce
PASS | Read RS2 | addr=0 -> data=0x0
PASS | Read RS1 | addr=3 -> data=0x53a
PASS | Read RS2 | addr=5 -> data=0xf3f3
PASS | Read RS1 | addr=5 -> data=0xf3f3
PASS | Read RS2 | addr=5 -> data=0xf3f3
PASS | Read RS1 | addr=7 -> data=0x8514
PASS | Read RS2 | addr=1 -> data=0xd531
PASS | Read RS1 | addr=1 -> data=0xd531
PASS | Read RS2 | addr=5 -> data=0xf3f3
PASS | Read RS1 | addr=6 -> data=0xb70d
PASS | Read RS2 | addr=5 -> data=0xf3f3
PASS | Read RS1 | addr=2 -> data=0x9e29
PASS | Read RS2 | addr=6 -> data=0xb70d
PASS | Read RS1 | addr=3 -> data=0x53a
PASS | Read RS2 | addr=4 -> data=0xdaf1
PASS | Read RS1 | addr=5 -> data=0xf3f3
PASS | Read RS2 | addr=0 -> data=0x0
PASS | Read RS1 | addr=1 -> data=0xd531
PASS | Read RS2 | addr=0 -> data=0x0
PASS | Read RS1 | addr=3 -> data=0x53a
PASS | Read RS2 | addr=0 -> data=0x0
PASS | Read RS1 | addr=5 -> data=0xf3f3
PASS | Read RS2 | addr=5 -> data=0xf3f3
PASS | Read RS1 | addr=7 -> data=0xde71
PASS | Read RS2 | addr=4 -> data=0xdaf1
PASS | Read RS1 | addr=7 -> data=0xde71
PASS | Read RS2 | addr=5 -> data=0xf3f3
PASS | Read RS1 | addr=7 -> data=0xde71
PASS | Read RS2 | addr=6 -> data=0x216e
PASS | Read RS1 | addr=4 -> data=0xdaf1
PASS | Read RS2 | addr=6 -> data=0x216e
PASS | Read RS1 | addr=4 -> data=0xdaf1
PASS | Read RS2 | addr=6 -> data=0x216e
PASS | Read RS1 | addr=4 -> data=0xdaf1
PASS | Read RS2 | addr=6 -> data=0x216e
PASS | Read RS1 | addr=7 -> data=0xde36
PASS | Read RS2 | addr=2 -> data=0x9e29
PASS | Read RS1 | addr=3 -> data=0x7ce5
PASS | Read RS2 | addr=3 -> data=0x7ce5
PASS | Read RS1 | addr=4 -> data=0xdaf1
PASS | Read RS2 | addr=4 -> data=0xdaf1
PASS | Read RS1 | addr=1 -> data=0xd531
PASS | Read RS2 | addr=2 -> data=0x9e29
PASS | Read RS1 | addr=2 -> data=0x9e29
PASS | Read RS2 | addr=7 -> data=0x5688
PASS | Read RS1 | addr=4 -> data=0xdaf1
PASS | Read RS2 | addr=5 -> data=0xf3f3
PASS | Read RS1 | addr=7 -> data=0x2cd2
PASS | Read RS2 | addr=6 -> data=0x216e
PASS | Read RS1 | addr=5 -> data=0xf3f3
PASS | Read RS2 | addr=1 -> data=0x82e1
PASS | Read RS1 | addr=7 -> data=0x2cd2
PASS | Read RS2 | addr=0 -> data=0x0
PASS | Read RS1 | addr=5 -> data=0xf3f3
PASS | Read RS2 | addr=3 -> data=0x7ce5
PASS | Read RS1 | addr=0 -> data=0x0
PASS | Read RS2 | addr=7 -> data=0x2cd2
PASS | Read RS1 | addr=5 -> data=0xf3f3
PASS | Read RS2 | addr=6 -> data=0x216e
PASS | Read RS1 | addr=4 -> data=0xdaf1
PASS | Read RS2 | addr=2 -> data=0x9e29
PASS | Read RS1 | addr=5 -> data=0xf3f3
PASS | Read RS2 | addr=5 -> data=0xf3f3
PASS | Read RS1 | addr=1 -> data=0x82e1
PASS | Read RS2 | addr=0 -> data=0x0
PASS | Read RS1 | addr=7 -> data=0xe0fa
PASS | Read RS2 | addr=7 -> data=0xe0fa
PASS | Read RS1 | addr=7 -> data=0xe0fa
PASS | Read RS2 | addr=6 -> data=0x216e
PASS | Read RS1 | addr=2 -> data=0x9a6d
PASS | Read RS2 | addr=5 -> data=0xf3f3
PASS | Read RS1 | addr=0 -> data=0x0
PASS | Read RS2 | addr=7 -> data=0x96a0
PASS | Read RS1 | addr=7 -> data=0x96a0
PASS | Read RS2 | addr=3 -> data=0x7ce5
PASS | Read RS1 | addr=2 -> data=0x4652
PASS | Read RS2 | addr=7 -> data=0x96a0
PASS | Read RS1 | addr=2 -> data=0x4652
PASS | Read RS2 | addr=6 -> data=0x216e
PASS | Read RS1 | addr=7 -> data=0x96a0
PASS | Read RS2 | addr=7 -> data=0x96a0
PASS | Read RS1 | addr=5 -> data=0xf3f3
PASS | Read RS2 | addr=0 -> data=0x0
PASS | Read RS1 | addr=1 -> data=0x82e1
PASS | Read RS2 | addr=0 -> data=0x0
PASS | Read RS1 | addr=7 -> data=0x63aa
PASS | Read RS2 | addr=7 -> data=0x63aa
PASS | Read RS1 | addr=4 -> data=0xdaf1
PASS | Read RS2 | addr=4 -> data=0xdaf1
PASS | Read RS1 | addr=3 -> data=0x7ce5
PASS | Read RS2 | addr=2 -> data=0x4652
PASS | Read RS1 | addr=3 -> data=0xb392
PASS | Read RS2 | addr=7 -> data=0x63aa
PASS | Read RS1 | addr=7 -> data=0x35c
PASS | Read RS2 | addr=2 -> data=0x4652
PASS | Read RS1 | addr=1 -> data=0x82e1
PASS | Read RS2 | addr=2 -> data=0x4652
PASS | Read RS1 | addr=7 -> data=0xd0c0
PASS | Read RS2 | addr=2 -> data=0x4652
PASS | Read RS1 | addr=4 -> data=0xdaf1
PASS | Read RS2 | addr=2 -> data=0x4652
PASS | Read RS1 | addr=0 -> data=0x0
PASS | Read RS2 | addr=1 -> data=0x82e1
PASS | Read RS1 | addr=5 -> data=0xf3f3
PASS | Read RS2 | addr=6 -> data=0x216e
PASS | Read RS1 | addr=1 -> data=0x82e1
PASS | Read RS2 | addr=2 -> data=0x48c6
PASS | Read RS1 | addr=7 -> data=0x5e1a
PASS | Read RS2 | addr=7 -> data=0x5e1a
PASS | Read RS1 | addr=1 -> data=0x82e1
PASS | Read RS2 | addr=0 -> data=0x0
PASS | Read RS1 | addr=6 -> data=0x216e
PASS | Read RS2 | addr=1 -> data=0x82e1
PASS | Read RS1 | addr=1 -> data=0x82e1
PASS | Read RS2 | addr=5 -> data=0xf3f3
PASS | Read RS1 | addr=5 -> data=0xf3f3
PASS | Read RS2 | addr=6 -> data=0x216e
PASS | Read RS1 | addr=5 -> data=0xf3f3
PASS | Read RS2 | addr=7 -> data=0x5e1a
PASS | Read RS1 | addr=7 -> data=0x210
PASS | Read RS2 | addr=6 -> data=0x216e
PASS | Read RS1 | addr=6 -> data=0x216e
PASS | Read RS2 | addr=5 -> data=0xf3f3
PASS | Read RS1 | addr=6 -> data=0x216e
PASS | Read RS2 | addr=7 -> data=0x36b4
PASS | Read RS1 | addr=0 -> data=0x0
PASS | Read RS2 | addr=2 -> data=0x6216
PASS | Read RS1 | addr=0 -> data=0x0
PASS | Read RS2 | addr=4 -> data=0xdaf1
PASS | Read RS1 | addr=6 -> data=0x216e
PASS | Read RS2 | addr=4 -> data=0xdaf1
PASS | Read RS1 | addr=4 -> data=0xdaf1
PASS | Read RS2 | addr=6 -> data=0x593c
PASS | Read RS1 | addr=4 -> data=0xdaf1
PASS | Read RS2 | addr=2 -> data=0x6216
PASS | Read RS1 | addr=5 -> data=0xf3f3
PASS | Read RS2 | addr=2 -> data=0x6216
PASS | Read RS1 | addr=7 -> data=0xa417
PASS | Read RS2 | addr=1 -> data=0xe27
PASS | Read RS1 | addr=4 -> data=0xdaf1
PASS | Read RS2 | addr=4 -> data=0xdaf1
PASS | Read RS1 | addr=5 -> data=0xf3f3
PASS | Read RS2 | addr=6 -> data=0x593c
PASS | Read RS1 | addr=2 -> data=0x6216
PASS | Read RS2 | addr=3 -> data=0xb392
PASS | Read RS1 | addr=7 -> data=0x29f6
PASS | Read RS2 | addr=7 -> data=0x29f6
PASS | Read RS1 | addr=4 -> data=0xdaf1
PASS | Read RS2 | addr=6 -> data=0x593c
PASS | Read RS1 | addr=2 -> data=0x6216
PASS | Read RS2 | addr=3 -> data=0xb392
PASS | Read RS1 | addr=0 -> data=0x0
PASS | Read RS2 | addr=2 -> data=0x6216
PASS | Read RS1 | addr=4 -> data=0xdaf1
PASS | Read RS2 | addr=7 -> data=0x29f6
PASS | Read RS1 | addr=5 -> data=0xf3f3
PASS | Read RS2 | addr=5 -> data=0xf3f3
PASS | Read RS1 | addr=2 -> data=0xfd1f
PASS | Read RS2 | addr=3 -> data=0xb392
PASS | Read RS1 | addr=1 -> data=0xe27
PASS | Read RS2 | addr=3 -> data=0xb392
PASS | Read RS1 | addr=1 -> data=0xe27
PASS | Read RS2 | addr=0 -> data=0x0
PASS | Read RS1 | addr=7 -> data=0xd669
PASS | Read RS2 | addr=5 -> data=0xf3f3
PASS | Read RS1 | addr=5 -> data=0xf3f3
PASS | Read RS2 | addr=3 -> data=0xfcc3
PASS | Read RS1 | addr=3 -> data=0xfcc3
PASS | Read RS2 | addr=3 -> data=0xfcc3
PASS | Read RS1 | addr=2 -> data=0xfd1f
PASS | Read RS2 | addr=3 -> data=0xfcc3
PASS | Read RS1 | addr=7 -> data=0xe440
PASS | Read RS2 | addr=7 -> data=0xe440
PASS | Read RS1 | addr=3 -> data=0xfcc3
PASS | Read RS2 | addr=6 -> data=0x593c
PASS | Read RS1 | addr=3 -> data=0xfcc3
PASS | Read RS2 | addr=2 -> data=0xfd1f
PASS | Read RS1 | addr=7 -> data=0xe440
PASS | Read RS2 | addr=6 -> data=0x59a
PASS | Read RS1 | addr=1 -> data=0xe27
PASS | Read RS2 | addr=6 -> data=0x59a
PASS | Read RS1 | addr=6 -> data=0x59a
PASS | Read RS2 | addr=2 -> data=0xfd1f
PASS | Read RS1 | addr=3 -> data=0xfcc3
PASS | Read RS2 | addr=4 -> data=0xdaf1
PASS | Read RS1 | addr=0 -> data=0x0
PASS | Read RS2 | addr=5 -> data=0x11bd
PASS | Read RS1 | addr=0 -> data=0x0
PASS | Read RS2 | addr=6 -> data=0x59a
PASS | Read RS1 | addr=5 -> data=0x11bd
PASS | Read RS2 | addr=0 -> data=0x0
PASS | Read RS1 | addr=0 -> data=0x0
PASS | Read RS2 | addr=7 -> data=0xfab5
PASS | Read RS1 | addr=2 -> data=0xfd1f
PASS | Read RS2 | addr=2 -> data=0xfd1f
PASS | Read RS1 | addr=2 -> data=0xfd1f
PASS | Read RS2 | addr=0 -> data=0x0
PASS | Read RS1 | addr=0 -> data=0x0
PASS | Read RS2 | addr=6 -> data=0x59a
PASS | Read RS1 | addr=7 -> data=0x998f
PASS | Read RS2 | addr=1 -> data=0xe27
PASS | Read RS1 | addr=4 -> data=0xdaf1
PASS | Read RS2 | addr=1 -> data=0xe27
PASS | Read RS1 | addr=3 -> data=0x233d
PASS | Read RS2 | addr=7 -> data=0x998f
PASS | Read RS1 | addr=7 -> data=0x998f
PASS | Read RS2 | addr=3 -> data=0x233d
PASS | Read RS1 | addr=1 -> data=0xe27
PASS | Read RS2 | addr=6 -> data=0x59a
PASS | Read RS1 | addr=0 -> data=0x0
PASS | Read RS2 | addr=2 -> data=0xfd1f
PASS | Read RS1 | addr=7 -> data=0x3d3d
PASS | Read RS2 | addr=4 -> data=0xa0e6
PASS | Read RS1 | addr=5 -> data=0x11bd
PASS | Read RS2 | addr=1 -> data=0xe27
PASS | Read RS1 | addr=6 -> data=0x7451
PASS | Read RS2 | addr=0 -> data=0x0
PASS | Read RS1 | addr=0 -> data=0x0
PASS | Read RS2 | addr=5 -> data=0x11bd
PASS | Read RS1 | addr=1 -> data=0xe27
PASS | Read RS2 | addr=4 -> data=0xd1eb
PASS | Read RS1 | addr=0 -> data=0x0
PASS | Read RS2 | addr=6 -> data=0x7451
PASS | Read RS1 | addr=1 -> data=0xe27
PASS | Read RS2 | addr=3 -> data=0x233d
PASS | Read RS1 | addr=4 -> data=0xf3a6
PASS | Read RS2 | addr=7 -> data=0x3d3d
PASS | Read RS1 | addr=3 -> data=0x233d
PASS | Read RS2 | addr=0 -> data=0x0
PASS | Read RS1 | addr=3 -> data=0x233d
PASS | Read RS2 | addr=7 -> data=0x713b
PASS | Read RS1 | addr=3 -> data=0x233d
PASS | Read RS2 | addr=5 -> data=0xbd5e
PASS | Read RS1 | addr=6 -> data=0x7451
PASS | Read RS2 | addr=4 -> data=0xf3a6
PASS | Read RS1 | addr=6 -> data=0x2987
PASS | Read RS2 | addr=2 -> data=0xb86d
PASS | Read RS1 | addr=3 -> data=0x233d
PASS | Read RS2 | addr=4 -> data=0xf3a6
PASS | Read RS1 | addr=3 -> data=0x233d
PASS | Read RS2 | addr=4 -> data=0xf3a6
PASS | Read RS1 | addr=0 -> data=0x0
PASS | Read RS2 | addr=4 -> data=0xf3a6
PASS | Read RS1 | addr=0 -> data=0x0
PASS | Read RS2 | addr=4 -> data=0xf3a6
PASS | Read RS1 | addr=0 -> data=0x0
PASS | Read RS2 | addr=0 -> data=0x0
PASS | Read RS1 | addr=7 -> data=0xf40b
PASS | Read RS2 | addr=3 -> data=0x233d
PASS | Read RS1 | addr=2 -> data=0xb86d
PASS | Read RS2 | addr=4 -> data=0xf3a6
PASS | Read RS1 | addr=7 -> data=0xb429
PASS | Read RS2 | addr=3 -> data=0x233d
PASS | Read RS1 | addr=4 -> data=0xf3a6
PASS | Read RS2 | addr=3 -> data=0x233d
PASS | Read RS1 | addr=6 -> data=0x2987
PASS | Read RS2 | addr=2 -> data=0xb86d
PASS | Read RS1 | addr=2 -> data=0xb86d
PASS | Read RS2 | addr=1 -> data=0xe27
PASS | Read RS1 | addr=3 -> data=0x94e8
PASS | Read RS2 | addr=6 -> data=0x2987
PASS | Read RS1 | addr=4 -> data=0xf3a6
PASS | Read RS2 | addr=0 -> data=0x0
PASS | Read RS1 | addr=1 -> data=0xe27
PASS | Read RS2 | addr=7 -> data=0xf3c4
PASS | Read RS1 | addr=1 -> data=0xe27
PASS | Read RS2 | addr=7 -> data=0xf3c4
PASS | Read RS1 | addr=4 -> data=0xf3a6
PASS | Read RS2 | addr=1 -> data=0xe27
PASS | Read RS1 | addr=6 -> data=0x2987
PASS | Read RS2 | addr=3 -> data=0x94e8
PASS | Read RS1 | addr=0 -> data=0x0
PASS | Read RS2 | addr=2 -> data=0xb86d
PASS | Read RS1 | addr=7 -> data=0x7f6f
PASS | Read RS2 | addr=2 -> data=0xb86d
PASS | Read RS1 | addr=7 -> data=0x7f6f
PASS | Read RS2 | addr=4 -> data=0xf3a6
PASS | Read RS1 | addr=1 -> data=0xe27
PASS | Read RS2 | addr=5 -> data=0xe11f
PASS | Read RS1 | addr=4 -> data=0xf3a6
PASS | Read RS2 | addr=2 -> data=0xb86d
PASS | Read RS1 | addr=2 -> data=0xb86d
PASS | Read RS2 | addr=1 -> data=0xe27
PASS | Read RS1 | addr=4 -> data=0xf3a6
PASS | Read RS2 | addr=6 -> data=0xb2c6
PASS | Read RS1 | addr=0 -> data=0x0
PASS | Read RS2 | addr=2 -> data=0xb86d
PASS | Read RS1 | addr=4 -> data=0xf3a6
PASS | Read RS2 | addr=6 -> data=0xb2c6
PASS | Read RS1 | addr=0 -> data=0x0
PASS | Read RS2 | addr=5 -> data=0xe11f
PASS | Read RS1 | addr=6 -> data=0x31ac
PASS | Read RS2 | addr=3 -> data=0x6c30
PASS | Read RS1 | addr=2 -> data=0x24ae
PASS | Read RS2 | addr=4 -> data=0xf3a6
PASS | Read RS1 | addr=2 -> data=0x24ae
PASS | Read RS2 | addr=6 -> data=0x31ac
PASS | Read RS1 | addr=5 -> data=0xa267
PASS | Read RS2 | addr=3 -> data=0x6c30
PASS | Read RS1 | addr=2 -> data=0x24ae
PASS | Read RS2 | addr=3 -> data=0x6c30
PASS | Read RS1 | addr=2 -> data=0x24ae
PASS | Read RS2 | addr=1 -> data=0xe27
PASS | Read RS1 | addr=2 -> data=0x24ae
PASS | Read RS2 | addr=0 -> data=0x0
PASS | Read RS1 | addr=4 -> data=0xf3a6
PASS | Read RS2 | addr=5 -> data=0x2fed
PASS | Read RS1 | addr=7 -> data=0x4b2e
PASS | Read RS2 | addr=1 -> data=0x83f
PASS | Read RS1 | addr=3 -> data=0x6c30
PASS | Read RS2 | addr=1 -> data=0x83f
PASS | Read RS1 | addr=2 -> data=0x24ae
PASS | Read RS2 | addr=7 -> data=0xf73d
PASS | Read RS1 | addr=5 -> data=0x2fed
PASS | Read RS2 | addr=1 -> data=0x83f
PASS | Read RS1 | addr=7 -> data=0xf73d
PASS | Read RS2 | addr=1 -> data=0x83f
PASS | Read RS1 | addr=5 -> data=0x2fed
PASS | Read RS2 | addr=2 -> data=0x24ae
PASS | Read RS1 | addr=6 -> data=0x31ac
PASS | Read RS2 | addr=1 -> data=0x83f
PASS | Read RS1 | addr=0 -> data=0x0
PASS | Read RS2 | addr=6 -> data=0x31ac
PASS | Read RS1 | addr=5 -> data=0x2fed
PASS | Read RS2 | addr=2 -> data=0x24ae
PASS | Read RS1 | addr=2 -> data=0x24ae
PASS | Read RS2 | addr=6 -> data=0x6410
PASS | Read RS1 | addr=0 -> data=0x0
PASS | Read RS2 | addr=5 -> data=0x2fed
PASS | Read RS1 | addr=5 -> data=0x2fed
PASS | Read RS2 | addr=3 -> data=0x78eb
PASS | Read RS1 | addr=3 -> data=0x78eb
PASS | Read RS2 | addr=7 -> data=0x1a33
PASS | Read RS1 | addr=4 -> data=0x7648
PASS | Read RS2 | addr=6 -> data=0x6410
PASS | Read RS1 | addr=6 -> data=0x6410
PASS | Read RS2 | addr=3 -> data=0x78eb
PASS | Read RS1 | addr=6 -> data=0x6410
PASS | Read RS2 | addr=4 -> data=0x7648
PASS | Read RS1 | addr=2 -> data=0x7ea9
PASS | Read RS2 | addr=1 -> data=0x83f
PASS | Read RS1 | addr=7 -> data=0x1a33
PASS | Read RS2 | addr=0 -> data=0x0
PASS | Read RS1 | addr=6 -> data=0x6410
PASS | Read RS2 | addr=0 -> data=0x0
PASS | Read RS1 | addr=1 -> data=0x83f
PASS | Read RS2 | addr=2 -> data=0x7ea9
PASS | Read RS1 | addr=2 -> data=0x7ea9
PASS | Read RS2 | addr=6 -> data=0x6410
PASS | Read RS1 | addr=3 -> data=0x78eb
PASS | Read RS2 | addr=6 -> data=0x6410
PASS | Read RS1 | addr=0 -> data=0x0
PASS | Read RS2 | addr=6 -> data=0x6410
PASS | Read RS1 | addr=5 -> data=0x2fed
PASS | Read RS2 | addr=1 -> data=0x83f
PASS | Read RS1 | addr=5 -> data=0x2fed
PASS | Read RS2 | addr=3 -> data=0x78eb
PASS | Read RS1 | addr=3 -> data=0x78eb
PASS | Read RS2 | addr=0 -> data=0x0
PASS | Read RS1 | addr=4 -> data=0x7172
PASS | Read RS2 | addr=2 -> data=0x7ea9
PASS | Read RS1 | addr=0 -> data=0x0
PASS | Read RS2 | addr=7 -> data=0x63bc
PASS | Read RS1 | addr=6 -> data=0x7e09
PASS | Read RS2 | addr=4 -> data=0x7172
PASS | Read RS1 | addr=7 -> data=0x63bc
PASS | Read RS2 | addr=3 -> data=0x78eb
PASS | Read RS1 | addr=4 -> data=0x7172
PASS | Read RS2 | addr=2 -> data=0x7ea9
PASS | Read RS1 | addr=4 -> data=0x7172
PASS | Read RS2 | addr=7 -> data=0xf089
PASS | Read RS1 | addr=2 -> data=0x7ea9
PASS | Read RS2 | addr=1 -> data=0x6827
PASS | Read RS1 | addr=0 -> data=0x0
PASS | Read RS2 | addr=3 -> data=0x78eb
PASS | Read RS1 | addr=6 -> data=0x7e09
PASS | Read RS2 | addr=2 -> data=0x7ea9
PASS | Read RS1 | addr=2 -> data=0x7ea9
PASS | Read RS2 | addr=2 -> data=0x7ea9
PASS | Read RS1 | addr=5 -> data=0x2fed
PASS | Read RS2 | addr=1 -> data=0x6827
PASS | Read RS1 | addr=1 -> data=0x6827
PASS | Read RS2 | addr=4 -> data=0x7172
PASS | Read RS1 | addr=5 -> data=0x2fed
PASS | Read RS2 | addr=7 -> data=0x3401
PASS | Read RS1 | addr=3 -> data=0x78eb
PASS | Read RS2 | addr=1 -> data=0x6827
PASS | Read RS1 | addr=4 -> data=0x7172
PASS | Read RS2 | addr=7 -> data=0x3401
PASS | Read RS1 | addr=2 -> data=0x7ea9
PASS | Read RS2 | addr=6 -> data=0x7e09
PASS | Read RS1 | addr=0 -> data=0x0
PASS | Read RS2 | addr=6 -> data=0x7e09
PASS | Read RS1 | addr=1 -> data=0x6827
PASS | Read RS2 | addr=2 -> data=0x7ea9
PASS | Read RS1 | addr=5 -> data=0x2fed
PASS | Read RS2 | addr=2 -> data=0x7ea9
PASS | Read RS1 | addr=1 -> data=0x6827
PASS | Read RS2 | addr=1 -> data=0x6827
PASS | Read RS1 | addr=5 -> data=0x2fed
PASS | Read RS2 | addr=3 -> data=0x78eb
PASS | Read RS1 | addr=5 -> data=0x2fed
PASS | Read RS2 | addr=6 -> data=0x7e09
PASS | Read RS1 | addr=3 -> data=0x78eb
PASS | Read RS2 | addr=6 -> data=0x7e09
PASS | Read RS1 | addr=7 -> data=0x4022
PASS | Read RS2 | addr=7 -> data=0x4022
PASS | Read RS1 | addr=0 -> data=0x0
PASS | Read RS2 | addr=7 -> data=0x4022
PASS | Read RS1 | addr=6 -> data=0x7e09
PASS | Read RS2 | addr=7 -> data=0x4022
PASS | Read RS1 | addr=1 -> data=0x6827
PASS | Read RS2 | addr=5 -> data=0xed9d
PASS | Read RS1 | addr=1 -> data=0x6827
PASS | Read RS2 | addr=0 -> data=0x0
PASS | Read RS1 | addr=1 -> data=0x6827
PASS | Read RS2 | addr=5 -> data=0xed9d
PASS | Read RS1 | addr=5 -> data=0xed9d
PASS | Read RS2 | addr=1 -> data=0x6827
PASS | Read RS1 | addr=2 -> data=0x7ea9
PASS | Read RS2 | addr=0 -> data=0x0
PASS | Read RS1 | addr=6 -> data=0x7e09
PASS | Read RS2 | addr=3 -> data=0x78eb
PASS | Read RS1 | addr=5 -> data=0xed9d
PASS | Read RS2 | addr=2 -> data=0x7ea9
PASS | Read RS1 | addr=7 -> data=0x8
PASS | Read RS2 | addr=6 -> data=0x7e09
PASS | Read RS1 | addr=7 -> data=0x8
PASS | Read RS2 | addr=7 -> data=0x8
PASS | Read RS1 | addr=4 -> data=0x8bb9
PASS | Read RS2 | addr=0 -> data=0x0
PASS | Read RS1 | addr=7 -> data=0x6f12
PASS | Read RS2 | addr=4 -> data=0x8bb9
PASS | Read RS1 | addr=0 -> data=0x0
PASS | Read RS2 | addr=1 -> data=0x6827
PASS | Read RS1 | addr=6 -> data=0x88c
PASS | Read RS2 | addr=6 -> data=0x88c
PASS | Read RS1 | addr=7 -> data=0x961d
PASS | Read RS2 | addr=4 -> data=0x8bb9
PASS | Read RS1 | addr=2 -> data=0x7ea9
PASS | Read RS2 | addr=5 -> data=0xed9d
PASS | Read RS1 | addr=2 -> data=0x7ea9
PASS | Read RS2 | addr=6 -> data=0x88c
PASS | Read RS1 | addr=5 -> data=0xed9d
PASS | Read RS2 | addr=6 -> data=0x88c
PASS | Read RS1 | addr=1 -> data=0x6827
PASS | Read RS2 | addr=0 -> data=0x0
PASS | Read RS1 | addr=7 -> data=0x961d
PASS | Read RS2 | addr=4 -> data=0x74f
PASS | Read RS1 | addr=5 -> data=0xed9d
PASS | Read RS2 | addr=7 -> data=0xe62a
PASS | Read RS1 | addr=5 -> data=0xed9d
PASS | Read RS2 | addr=0 -> data=0x0
PASS | Read RS1 | addr=5 -> data=0xed9d
PASS | Read RS2 | addr=0 -> data=0x0
PASS | Read RS1 | addr=6 -> data=0x88c
PASS | Read RS2 | addr=6 -> data=0x88c
PASS | Read RS1 | addr=5 -> data=0xed9d
PASS | Read RS2 | addr=4 -> data=0x74f
PASS | Read RS1 | addr=7 -> data=0x3cf0
PASS | Read RS2 | addr=4 -> data=0x74f
PASS | Read RS1 | addr=6 -> data=0x88c
PASS | Read RS2 | addr=3 -> data=0x81fa
PASS | Read RS1 | addr=2 -> data=0x7ea9
PASS | Read RS2 | addr=3 -> data=0x81fa
PASS | Read RS1 | addr=4 -> data=0x74f
PASS | Read RS2 | addr=0 -> data=0x0
PASS | Read RS1 | addr=6 -> data=0x88c
PASS | Read RS2 | addr=5 -> data=0xed9d
PASS | Read RS1 | addr=2 -> data=0x7ea9
PASS | Read RS2 | addr=1 -> data=0x6827
PASS | Read RS1 | addr=0 -> data=0x0
PASS | Read RS2 | addr=0 -> data=0x0
PASS | Read RS1 | addr=2 -> data=0x7ea9
PASS | Read RS2 | addr=6 -> data=0x88c
PASS | Read RS1 | addr=4 -> data=0x3627
PASS | Read RS2 | addr=7 -> data=0x34f8
PASS | Read RS1 | addr=2 -> data=0x7ea9
PASS | Read RS2 | addr=7 -> data=0x2757
PASS | Read RS1 | addr=3 -> data=0x6d3b
PASS | Read RS2 | addr=6 -> data=0x88c
PASS | Read RS1 | addr=7 -> data=0x1b65
PASS | Read RS2 | addr=4 -> data=0x3627
PASS | Read RS1 | addr=4 -> data=0x3627
PASS | Read RS2 | addr=6 -> data=0x88c
PASS | Read RS1 | addr=4 -> data=0x3627
PASS | Read RS2 | addr=2 -> data=0x7ea9
PASS | Read RS1 | addr=3 -> data=0x6d3b
PASS | Read RS2 | addr=1 -> data=0x6827
PASS | Read RS1 | addr=3 -> data=0x6d3b
PASS | Read RS2 | addr=6 -> data=0x88c
PASS | Read RS1 | addr=2 -> data=0x72
PASS | Read RS2 | addr=0 -> data=0x0
PASS | Read RS1 | addr=1 -> data=0x6827
PASS | Read RS2 | addr=0 -> data=0x0
PASS | Read RS1 | addr=6 -> data=0x88c
PASS | Read RS2 | addr=0 -> data=0x0
PASS | Read RS1 | addr=1 -> data=0x6827
PASS | Read RS2 | addr=2 -> data=0x72
PASS | Read RS1 | addr=7 -> data=0x5904
PASS | Read RS2 | addr=2 -> data=0x72
PASS | Read RS1 | addr=2 -> data=0x72
PASS | Read RS2 | addr=4 -> data=0x3627
PASS | Read RS1 | addr=0 -> data=0x0
PASS | Read RS2 | addr=5 -> data=0xed9d
PASS | Read RS1 | addr=4 -> data=0x3627
PASS | Read RS2 | addr=4 -> data=0x3627
PASS | Read RS1 | addr=4 -> data=0x3627
PASS | Read RS2 | addr=3 -> data=0x6d3b
PASS | Read RS1 | addr=5 -> data=0xed9d
PASS | Read RS2 | addr=3 -> data=0x6d3b
PASS | Read RS1 | addr=1 -> data=0x6827
PASS | Read RS2 | addr=5 -> data=0xed9d
PASS | Read RS1 | addr=6 -> data=0x88c
PASS | Read RS2 | addr=7 -> data=0x5904
PASS | Read RS1 | addr=5 -> data=0xed9d
PASS | Read RS2 | addr=6 -> data=0x88c
PASS | Read RS1 | addr=2 -> data=0x72
PASS | Read RS2 | addr=2 -> data=0x72
PASS | Read RS1 | addr=6 -> data=0x87d9
PASS | Read RS2 | addr=6 -> data=0x87d9
PASS | Read RS1 | addr=2 -> data=0x72
PASS | Read RS2 | addr=7 -> data=0x5904
PASS | Read RS1 | addr=4 -> data=0x3627
PASS | Read RS2 | addr=1 -> data=0xc10d
PASS | Read RS1 | addr=3 -> data=0x6d3b
PASS | Read RS2 | addr=2 -> data=0x72
PASS | Read RS1 | addr=2 -> data=0x72
PASS | Read RS2 | addr=0 -> data=0x0
PASS | Read RS1 | addr=4 -> data=0x3627
PASS | Read RS2 | addr=7 -> data=0x5904
PASS | Read RS1 | addr=1 -> data=0xc10d
PASS | Read RS2 | addr=1 -> data=0xc10d
PASS | Read RS1 | addr=0 -> data=0x0
PASS | Read RS2 | addr=4 -> data=0x3627
PASS | Read RS1 | addr=0 -> data=0x0
PASS | Read RS2 | addr=7 -> data=0xf8b9
PASS | Read RS1 | addr=4 -> data=0x3627
PASS | Read RS2 | addr=5 -> data=0x229
PASS | Read RS1 | addr=7 -> data=0x2af0
PASS | Read RS2 | addr=5 -> data=0x229
PASS | Read RS1 | addr=0 -> data=0x0
PASS | Read RS2 | addr=1 -> data=0xc10d
PASS | Read RS1 | addr=4 -> data=0x3627
PASS | Read RS2 | addr=3 -> data=0x6d3b
PASS | Read RS1 | addr=4 -> data=0x3627
PASS | Read RS2 | addr=1 -> data=0xc10d
PASS | Read RS1 | addr=6 -> data=0xd2c8
PASS | Read RS2 | addr=0 -> data=0x0
PASS | Read RS1 | addr=6 -> data=0xd2c8
PASS | Read RS2 | addr=4 -> data=0x3627
PASS | Read RS1 | addr=1 -> data=0xc10d
PASS | Read RS2 | addr=2 -> data=0x72
PASS | Read RS1 | addr=3 -> data=0x6d3b
PASS | Read RS2 | addr=7 -> data=0x92ec
PASS | Read RS1 | addr=2 -> data=0x72
PASS | Read RS2 | addr=0 -> data=0x0
PASS | Read RS1 | addr=6 -> data=0xd2c8
PASS | Read RS2 | addr=1 -> data=0xc10d
PASS | Read RS1 | addr=6 -> data=0xd2c8
PASS | Read RS2 | addr=1 -> data=0xc10d
PASS | Read RS1 | addr=6 -> data=0xd2c8
PASS | Read RS2 | addr=7 -> data=0x8c2b
PASS | Read RS1 | addr=1 -> data=0xc10d
PASS | Read RS2 | addr=0 -> data=0x0
PASS | Read RS1 | addr=7 -> data=0x8c2b
PASS | Read RS2 | addr=0 -> data=0x0
PASS | Read RS1 | addr=6 -> data=0xd2c8
PASS | Read RS2 | addr=2 -> data=0x72
PASS | Read RS1 | addr=1 -> data=0xc10d
PASS | Read RS2 | addr=0 -> data=0x0
PASS | Read RS1 | addr=6 -> data=0xd2c8
PASS | Read RS2 | addr=2 -> data=0x7bfe
PASS | Read RS1 | addr=5 -> data=0x229
PASS | Read RS2 | addr=5 -> data=0x229
PASS | Read RS1 | addr=7 -> data=0x6b20
PASS | Read RS2 | addr=3 -> data=0x6d3b
PASS | Read RS1 | addr=6 -> data=0xd2c8
PASS | Read RS2 | addr=7 -> data=0x5430
PASS | Read RS1 | addr=7 -> data=0x5430
PASS | Read RS2 | addr=5 -> data=0x229
PASS | Read RS1 | addr=4 -> data=0x3627
PASS | Read RS2 | addr=2 -> data=0x7bfe
PASS | Read RS1 | addr=5 -> data=0x229
PASS | Read RS2 | addr=0 -> data=0x0
PASS | Read RS1 | addr=0 -> data=0x0
PASS | Read RS2 | addr=1 -> data=0xc10d
PASS | Read RS1 | addr=1 -> data=0xc10d
PASS | Read RS2 | addr=3 -> data=0x6d3b
PASS | Read RS1 | addr=0 -> data=0x0
PASS | Read RS2 | addr=6 -> data=0xd2c8
PASS | Read RS1 | addr=1 -> data=0xc10d
PASS | Read RS2 | addr=2 -> data=0x7bfe
PASS | Read RS1 | addr=6 -> data=0xd2c8
PASS | Read RS2 | addr=2 -> data=0x7bfe
PASS | Read RS1 | addr=0 -> data=0x0
PASS | Read RS2 | addr=4 -> data=0x3627
PASS | Read RS1 | addr=2 -> data=0x7bfe
PASS | Read RS2 | addr=7 -> data=0x4a4
PASS | Read RS1 | addr=7 -> data=0x694b
PASS | Read RS2 | addr=4 -> data=0x3627
PASS | Read RS1 | addr=6 -> data=0xd2c8
PASS | Read RS2 | addr=3 -> data=0x6d3b
PASS | Read RS1 | addr=1 -> data=0xc10d
PASS | Read RS2 | addr=3 -> data=0x5d50
PASS | Read RS1 | addr=3 -> data=0x5d50
PASS | Read RS2 | addr=5 -> data=0x229
PASS | Read RS1 | addr=6 -> data=0xd2c8
PASS | Read RS2 | addr=7 -> data=0x5a30
PASS | Read RS1 | addr=5 -> data=0x229
PASS | Read RS2 | addr=5 -> data=0x229
PASS | Read RS1 | addr=5 -> data=0x229
PASS | Read RS2 | addr=7 -> data=0x48af
PASS | Read RS1 | addr=3 -> data=0x5d50
PASS | Read RS2 | addr=7 -> data=0x48af
PASS | Read RS1 | addr=4 -> data=0x3627
PASS | Read RS2 | addr=7 -> data=0x7d9e
PASS | Read RS1 | addr=2 -> data=0x32e0
PASS | Read RS2 | addr=6 -> data=0xd2c8
PASS | Read RS1 | addr=6 -> data=0xd2c8
PASS | Read RS2 | addr=2 -> data=0x32e0
PASS | Read RS1 | addr=4 -> data=0x3627
PASS | Read RS2 | addr=1 -> data=0xc10d
PASS | Read RS1 | addr=4 -> data=0x3627
PASS | Read RS2 | addr=2 -> data=0x6cd4
PASS | Read RS1 | addr=2 -> data=0x6cd4
PASS | Read RS2 | addr=0 -> data=0x0
PASS | Read RS1 | addr=2 -> data=0x6cd4
PASS | Read RS2 | addr=2 -> data=0x6cd4
PASS | Read RS1 | addr=1 -> data=0xc10d
PASS | Read RS2 | addr=7 -> data=0x31ae
PASS | Read RS1 | addr=0 -> data=0x0
PASS | Read RS2 | addr=1 -> data=0xc10d
PASS | Read RS1 | addr=2 -> data=0x3129
PASS | Read RS2 | addr=4 -> data=0x3627
PASS | Read RS1 | addr=0 -> data=0x0
PASS | Read RS2 | addr=5 -> data=0xe3d9
PASS | Read RS1 | addr=3 -> data=0x5d50
PASS | Read RS2 | addr=4 -> data=0x3627
PASS | Read RS1 | addr=6 -> data=0xd2c8
PASS | Read RS2 | addr=2 -> data=0x3129
PASS | Read RS1 | addr=5 -> data=0xe3d9
PASS | Read RS2 | addr=7 -> data=0xac93
PASS | Read RS1 | addr=0 -> data=0x0
PASS | Read RS2 | addr=7 -> data=0xc330
PASS | Read RS1 | addr=1 -> data=0xc10d
PASS | Read RS2 | addr=7 -> data=0xc330
PASS | Read RS1 | addr=7 -> data=0xc330
PASS | Read RS2 | addr=0 -> data=0x0
PASS | Read RS1 | addr=0 -> data=0x0
PASS | Read RS2 | addr=1 -> data=0xc10d
PASS | Read RS1 | addr=4 -> data=0x3627
PASS | Read RS2 | addr=4 -> data=0x3627
PASS | Read RS1 | addr=7 -> data=0xc330
PASS | Read RS2 | addr=4 -> data=0x3627
PASS | Read RS1 | addr=5 -> data=0x59a0
PASS | Read RS2 | addr=6 -> data=0x1fb3
PASS | Read RS1 | addr=1 -> data=0xc10d
PASS | Read RS2 | addr=0 -> data=0x0
PASS | Read RS1 | addr=0 -> data=0x0
PASS | Read RS2 | addr=0 -> data=0x0
PASS | Read RS1 | addr=0 -> data=0x0
PASS | Read RS2 | addr=0 -> data=0x0
PASS | Read RS1 | addr=0 -> data=0x0
PASS | Read RS2 | addr=4 -> data=0x3627
PASS | Read RS1 | addr=0 -> data=0x0
PASS | Read RS2 | addr=7 -> data=0x69b3
PASS | Read RS1 | addr=4 -> data=0x3627
PASS | Read RS2 | addr=3 -> data=0x83b1
PASS | Read RS1 | addr=3 -> data=0x83b1
PASS | Read RS2 | addr=1 -> data=0xf252
PASS | Read RS1 | addr=0 -> data=0x0
PASS | Read RS2 | addr=4 -> data=0x3627
PASS | Read RS1 | addr=2 -> data=0x3129
PASS | Read RS2 | addr=0 -> data=0x0
PASS | Read RS1 | addr=6 -> data=0x1fb3
PASS | Read RS2 | addr=6 -> data=0x1fb3
PASS | Read RS1 | addr=4 -> data=0x3627
PASS | Read RS2 | addr=3 -> data=0x83b1
PASS | Read RS1 | addr=0 -> data=0x0
PASS | Read RS2 | addr=3 -> data=0x83b1
PASS | Read RS1 | addr=6 -> data=0x1fb3
PASS | Read RS2 | addr=3 -> data=0x83b1
PASS | Read RS1 | addr=0 -> data=0x0
PASS | Read RS2 | addr=0 -> data=0x0
PASS | Read RS1 | addr=4 -> data=0x3627
PASS | Read RS2 | addr=7 -> data=0x69b3
PASS | Read RS1 | addr=4 -> data=0x3627
PASS | Read RS2 | addr=4 -> data=0x3627
PASS | Read RS1 | addr=3 -> data=0x83b1
PASS | Read RS2 | addr=3 -> data=0x83b1
PASS | Read RS1 | addr=5 -> data=0xd610
PASS | Read RS2 | addr=3 -> data=0x83b1
PASS | Read RS1 | addr=7 -> data=0xfbf9
PASS | Read RS2 | addr=0 -> data=0x0
PASS | Read RS1 | addr=3 -> data=0x83b1
PASS | Read RS2 | addr=3 -> data=0x83b1
PASS | Read RS1 | addr=7 -> data=0xfbf9
PASS | Read RS2 | addr=3 -> data=0x83b1
PASS | Read RS1 | addr=6 -> data=0x1fb3
PASS | Read RS2 | addr=0 -> data=0x0
PASS | Read RS1 | addr=5 -> data=0xd610
PASS | Read RS2 | addr=7 -> data=0xa4eb
PASS | Read RS1 | addr=2 -> data=0x10e8
PASS | Read RS2 | addr=2 -> data=0x10e8
PASS | Read RS1 | addr=5 -> data=0xd610
PASS | Read RS2 | addr=4 -> data=0x3627
PASS | Read RS1 | addr=5 -> data=0xd610
PASS | Read RS2 | addr=6 -> data=0x1fb3
PASS | Read RS1 | addr=3 -> data=0x83b1
PASS | Read RS2 | addr=6 -> data=0x1fb3
PASS | Read RS1 | addr=1 -> data=0xfd47
PASS | Read RS2 | addr=0 -> data=0x0
PASS | Read RS1 | addr=3 -> data=0x83b1
PASS | Read RS2 | addr=5 -> data=0xd610
PASS | Read RS1 | addr=7 -> data=0xc50f
PASS | Read RS2 | addr=6 -> data=0x1fb3
PASS | Read RS1 | addr=7 -> data=0xfbfd
PASS | Read RS2 | addr=3 -> data=0x83b1
PASS | Read RS1 | addr=0 -> data=0x0
PASS | Read RS2 | addr=4 -> data=0x3627
PASS | Read RS1 | addr=7 -> data=0x469a
PASS | Read RS2 | addr=0 -> data=0x0
PASS | Read RS1 | addr=4 -> data=0x3627
PASS | Read RS2 | addr=0 -> data=0x0
PASS | Read RS1 | addr=2 -> data=0x10e8
PASS | Read RS2 | addr=6 -> data=0x1fb3
PASS | Read RS1 | addr=0 -> data=0x0
PASS | Read RS2 | addr=0 -> data=0x0
PASS | Read RS1 | addr=3 -> data=0x83b1
PASS | Read RS2 | addr=7 -> data=0x28bd
PASS | Read RS1 | addr=6 -> data=0x1fb3
PASS | Read RS2 | addr=7 -> data=0x48b5
PASS | Read RS1 | addr=1 -> data=0xaf6f
PASS | Read RS2 | addr=3 -> data=0x83b1
PASS | Read RS1 | addr=5 -> data=0xd610
PASS | Read RS2 | addr=6 -> data=0x1fb3
PASS | Read RS1 | addr=3 -> data=0x83b1
PASS | Read RS2 | addr=7 -> data=0x7dff
PASS | Read RS1 | addr=4 -> data=0x3627
PASS | Read RS2 | addr=0 -> data=0x0
PASS | Read RS1 | addr=3 -> data=0x83b1
PASS | Read RS2 | addr=5 -> data=0xd610
PASS | Read RS1 | addr=3 -> data=0x83b1
PASS | Read RS2 | addr=0 -> data=0x0
PASS | Read RS1 | addr=1 -> data=0xaf6f
PASS | Read RS2 | addr=3 -> data=0x83b1
PASS | Read RS1 | addr=6 -> data=0x1fb3
PASS | Read RS2 | addr=6 -> data=0x1fb3
PASS | Read RS1 | addr=5 -> data=0xd610
PASS | Read RS2 | addr=1 -> data=0xaf6f
PASS | Read RS1 | addr=2 -> data=0x10e8
PASS | Read RS2 | addr=3 -> data=0x83b1
PASS | Read RS1 | addr=4 -> data=0x3627
PASS | Read RS2 | addr=6 -> data=0x1fb3
PASS | Read RS1 | addr=7 -> data=0x8f26
PASS | Read RS2 | addr=5 -> data=0xd610
PASS | Read RS1 | addr=3 -> data=0x83b1
PASS | Read RS2 | addr=1 -> data=0xaf6f
PASS | Read RS1 | addr=3 -> data=0x83b1
PASS | Read RS2 | addr=2 -> data=0x10e8
PASS | Read RS1 | addr=1 -> data=0xaf6f
PASS | Read RS2 | addr=7 -> data=0x8f26
PASS | Read RS1 | addr=4 -> data=0x3627
PASS | Read RS2 | addr=4 -> data=0x3627
PASS | Read RS1 | addr=6 -> data=0x1fb3
PASS | Read RS2 | addr=3 -> data=0x83b1
PASS | Read RS1 | addr=7 -> data=0x9910
PASS | Read RS2 | addr=0 -> data=0x0
PASS | Read RS1 | addr=6 -> data=0x1fb3
PASS | Read RS2 | addr=5 -> data=0x1fed
PASS | Read RS1 | addr=2 -> data=0x10e8
PASS | Read RS2 | addr=5 -> data=0x1fed
PASS | Read RS1 | addr=2 -> data=0x10e8
PASS | Read RS2 | addr=0 -> data=0x0
PASS | Read RS1 | addr=7 -> data=0x5dc8
PASS | Read RS2 | addr=2 -> data=0x10e8
PASS | Read RS1 | addr=1 -> data=0xaf6f
PASS | Read RS2 | addr=4 -> data=0x7d7b
PASS | Read RS1 | addr=1 -> data=0xaf6f
PASS | Read RS2 | addr=5 -> data=0x1fed
PASS | Read RS1 | addr=2 -> data=0x10e8
PASS | Read RS2 | addr=2 -> data=0x10e8
PASS | Read RS1 | addr=1 -> data=0xaf6f
PASS | Read RS2 | addr=0 -> data=0x0
PASS | Read RS1 | addr=0 -> data=0x0
PASS | Read RS2 | addr=7 -> data=0x8902
PASS | Read RS1 | addr=2 -> data=0x10e8
PASS | Read RS2 | addr=7 -> data=0x8902
PASS | Read RS1 | addr=2 -> data=0x10e8
PASS | Read RS2 | addr=0 -> data=0x0
PASS | Read RS1 | addr=3 -> data=0x83b1
PASS | Read RS2 | addr=4 -> data=0x7d7b
PASS | Read RS1 | addr=7 -> data=0xa67a
PASS | Read RS2 | addr=1 -> data=0xaf6f
PASS | Read RS1 | addr=2 -> data=0x10e8
PASS | Read RS2 | addr=2 -> data=0x10e8
PASS | Read RS1 | addr=5 -> data=0xff79
PASS | Read RS2 | addr=3 -> data=0x83b1
PASS | Read RS1 | addr=3 -> data=0x83b1
PASS | Read RS2 | addr=5 -> data=0xff79
PASS | Read RS1 | addr=1 -> data=0xaf6f
PASS | Read RS2 | addr=2 -> data=0x10e8
PASS | Read RS1 | addr=6 -> data=0x1fb3
PASS | Read RS2 | addr=7 -> data=0x2e1f
PASS | Read RS1 | addr=7 -> data=0x2e1f
PASS | Read RS2 | addr=3 -> data=0x83b1
PASS | Read RS1 | addr=0 -> data=0x0
PASS | Read RS2 | addr=0 -> data=0x0
PASS | Read RS1 | addr=3 -> data=0x83b1
PASS | Read RS2 | addr=5 -> data=0xff79
PASS | Read RS1 | addr=4 -> data=0x7d7b
PASS | Read RS2 | addr=5 -> data=0xff79
PASS | Read RS1 | addr=1 -> data=0xaf6f
PASS | Read RS2 | addr=6 -> data=0x59c7
PASS | Read RS1 | addr=4 -> data=0x7d7b
PASS | Read RS2 | addr=1 -> data=0xaf6f
PASS | Read RS1 | addr=3 -> data=0x83b1
PASS | Read RS2 | addr=0 -> data=0x0
PASS | Read RS1 | addr=5 -> data=0xff79
PASS | Read RS2 | addr=3 -> data=0x83b1
PASS | Read RS1 | addr=3 -> data=0x83b1
PASS | Read RS2 | addr=1 -> data=0xaf6f
PASS | Read RS1 | addr=5 -> data=0xff79
PASS | Read RS2 | addr=2 -> data=0x10e8
PASS | Read RS1 | addr=0 -> data=0x0
PASS | Read RS2 | addr=3 -> data=0x83b1
PASS | Read RS1 | addr=0 -> data=0x0
PASS | Read RS2 | addr=5 -> data=0xff79
PASS | Read RS1 | addr=6 -> data=0x59c7
PASS | Read RS2 | addr=0 -> data=0x0
PASS | Read RS1 | addr=3 -> data=0xd158
PASS | Read RS2 | addr=6 -> data=0x59c7
PASS | Read RS1 | addr=0 -> data=0x0
PASS | Read RS2 | addr=1 -> data=0xaf6f
PASS | Read RS1 | addr=5 -> data=0xff79
PASS | Read RS2 | addr=7 -> data=0xd844
PASS | Read RS1 | addr=7 -> data=0xd844
PASS | Read RS2 | addr=2 -> data=0x10e8
PASS | Read RS1 | addr=6 -> data=0x3550
PASS | Read RS2 | addr=1 -> data=0xfee3
PASS | Read RS1 | addr=2 -> data=0x10e8
PASS | Read RS2 | addr=5 -> data=0xff79
PASS | Read RS1 | addr=5 -> data=0xff79
PASS | Read RS2 | addr=3 -> data=0xca6b
PASS | Read RS1 | addr=7 -> data=0xd844
PASS | Read RS2 | addr=7 -> data=0xd844
PASS | Read RS1 | addr=3 -> data=0xca6b
PASS | Read RS2 | addr=4 -> data=0x11ea
PASS | Read RS1 | addr=4 -> data=0x11ea
PASS | Read RS2 | addr=4 -> data=0x11ea
PASS | Read RS1 | addr=5 -> data=0x5a74
PASS | Read RS2 | addr=7 -> data=0xd844
PASS | Read RS1 | addr=0 -> data=0x0
PASS | Read RS2 | addr=3 -> data=0xca6b
PASS | Read RS1 | addr=6 -> data=0x3550
PASS | Read RS2 | addr=0 -> data=0x0
PASS | Read RS1 | addr=4 -> data=0x11ea
PASS | Read RS2 | addr=4 -> data=0x11ea
PASS | Read RS1 | addr=6 -> data=0x3550
PASS | Read RS2 | addr=7 -> data=0xe7fd
PASS | Read RS1 | addr=0 -> data=0x0
PASS | Read RS2 | addr=6 -> data=0x3550
PASS | Read RS1 | addr=4 -> data=0x11ea
PASS | Read RS2 | addr=5 -> data=0x5a74
PASS | Read RS1 | addr=5 -> data=0x5a74
PASS | Read RS2 | addr=6 -> data=0x3550
PASS | Read RS1 | addr=6 -> data=0x3550
PASS | Read RS2 | addr=6 -> data=0x3550
PASS | Read RS1 | addr=0 -> data=0x0
PASS | Read RS2 | addr=6 -> data=0x3550
PASS | Read RS1 | addr=4 -> data=0x11ea
PASS | Read RS2 | addr=6 -> data=0x3550
PASS | Read RS1 | addr=5 -> data=0x5a74
PASS | Read RS2 | addr=7 -> data=0xa634
PASS | Read RS1 | addr=7 -> data=0xa634
PASS | Read RS2 | addr=0 -> data=0x0
PASS | Read RS1 | addr=7 -> data=0x5e69
PASS | Read RS2 | addr=4 -> data=0x11ea
PASS | Read RS1 | addr=5 -> data=0x5a74
PASS | Read RS2 | addr=0 -> data=0x0
PASS | Read RS1 | addr=2 -> data=0x1f81
PASS | Read RS2 | addr=0 -> data=0x0
PASS | Read RS1 | addr=3 -> data=0xca6b
PASS | Read RS2 | addr=0 -> data=0x0
PASS | Read RS1 | addr=2 -> data=0x1f81
PASS | Read RS2 | addr=5 -> data=0x5a74
PASS | Read RS1 | addr=4 -> data=0x11ea
PASS | Read RS2 | addr=4 -> data=0x11ea
PASS | Read RS1 | addr=5 -> data=0x5a74
PASS | Read RS2 | addr=1 -> data=0x4cfa
PASS | Read RS1 | addr=6 -> data=0x3550
PASS | Read RS2 | addr=4 -> data=0x11ea
PASS | Read RS1 | addr=4 -> data=0x11ea
PASS | Read RS2 | addr=3 -> data=0xca6b
PASS | Read RS1 | addr=2 -> data=0x1f81
PASS | Read RS2 | addr=5 -> data=0x5a74
PASS | Read RS1 | addr=4 -> data=0x11ea
PASS | Read RS2 | addr=6 -> data=0x3550
PASS | Read RS1 | addr=0 -> data=0x0
PASS | Read RS2 | addr=6 -> data=0x3550
PASS | Read RS1 | addr=1 -> data=0x4cfa
PASS | Read RS2 | addr=2 -> data=0x1f81
PASS | Read RS1 | addr=2 -> data=0x1f81
PASS | Read RS2 | addr=0 -> data=0x0
PASS | Read RS1 | addr=6 -> data=0xddf9
PASS | Read RS2 | addr=5 -> data=0x5a74
PASS | Read RS1 | addr=7 -> data=0xd251
PASS | Read RS2 | addr=2 -> data=0x1f81
PASS | Read RS1 | addr=7 -> data=0x5c61
PASS | Read RS2 | addr=0 -> data=0x0
PASS | Read RS1 | addr=3 -> data=0xca6b
PASS | Read RS2 | addr=3 -> data=0xca6b
PASS | Read RS1 | addr=5 -> data=0x5a74
PASS | Read RS2 | addr=6 -> data=0xddf9
PASS | Read RS1 | addr=3 -> data=0xca6b
PASS | Read RS2 | addr=3 -> data=0xca6b
PASS | Read RS1 | addr=4 -> data=0x11ea
PASS | Read RS2 | addr=7 -> data=0x79e6
PASS | Read RS1 | addr=6 -> data=0xddf9
PASS | Read RS2 | addr=1 -> data=0x4dba
PASS | Read RS1 | addr=3 -> data=0xca6b
PASS | Read RS2 | addr=7 -> data=0x79e6
PASS | Read RS1 | addr=6 -> data=0xddf9
PASS | Read RS2 | addr=7 -> data=0x79e6
PASS | Read RS1 | addr=2 -> data=0x4b3c
PASS | Read RS2 | addr=3 -> data=0xca6b
PASS | Read RS1 | addr=7 -> data=0x4404
PASS | Read RS2 | addr=1 -> data=0x4dba
PASS | Read RS1 | addr=7 -> data=0x4404
PASS | Read RS2 | addr=3 -> data=0xca6b
PASS | Read RS1 | addr=1 -> data=0x4dba
PASS | Read RS2 | addr=7 -> data=0x4404
PASS | Read RS1 | addr=0 -> data=0x0
PASS | Read RS2 | addr=2 -> data=0x4b3c
PASS | Read RS1 | addr=3 -> data=0xca6b
PASS | Read RS2 | addr=5 -> data=0x87e1
PASS | Read RS1 | addr=7 -> data=0x4ba9
PASS | Read RS2 | addr=1 -> data=0x4dba
PASS | Read RS1 | addr=2 -> data=0x4b3c
PASS | Read RS2 | addr=1 -> data=0x4dba
PASS | Read RS1 | addr=1 -> data=0x4dba
PASS | Read RS2 | addr=2 -> data=0x4b3c
PASS | Read RS1 | addr=3 -> data=0xca6b
PASS | Read RS2 | addr=3 -> data=0xca6b
PASS | Read RS1 | addr=2 -> data=0x4b3c
PASS | Read RS2 | addr=4 -> data=0x1218
PASS | Read RS1 | addr=6 -> data=0xdc5c
PASS | Read RS2 | addr=5 -> data=0x87e1
PASS | Read RS1 | addr=7 -> data=0xd061
PASS | Read RS2 | addr=6 -> data=0xdc5c
PASS | Read RS1 | addr=7 -> data=0xd061
PASS | Read RS2 | addr=3 -> data=0xca6b
PASS | Read RS1 | addr=1 -> data=0x4dba
PASS | Read RS2 | addr=5 -> data=0x87e1
PASS | Read RS1 | addr=1 -> data=0x4dba
PASS | Read RS2 | addr=4 -> data=0xfa3a
PASS | Read RS1 | addr=2 -> data=0x4a6a
PASS | Read RS2 | addr=4 -> data=0xfa3a
PASS | Read RS1 | addr=7 -> data=0xebc6
PASS | Read RS2 | addr=1 -> data=0x4dba
PASS | Read RS1 | addr=2 -> data=0x4a6a
PASS | Read RS2 | addr=2 -> data=0x4a6a
PASS | Read RS1 | addr=1 -> data=0x4dba
PASS | Read RS2 | addr=4 -> data=0xfa3a
PASS | Read RS1 | addr=3 -> data=0xca6b
PASS | Read RS2 | addr=0 -> data=0x0
PASS | Read RS1 | addr=1 -> data=0x4dba
PASS | Read RS2 | addr=0 -> data=0x0
PASS | Read RS1 | addr=7 -> data=0x65aa
PASS | Read RS2 | addr=4 -> data=0xfa3a
PASS | Read RS1 | addr=5 -> data=0x9186
PASS | Read RS2 | addr=4 -> data=0xfa3a
PASS | Read RS1 | addr=3 -> data=0xca6b
PASS | Read RS2 | addr=4 -> data=0xfa3a
PASS | Read RS1 | addr=5 -> data=0x9186
PASS | Read RS2 | addr=7 -> data=0xa762
PASS | Read RS1 | addr=1 -> data=0x4dba
PASS | Read RS2 | addr=3 -> data=0xca6b
PASS | Read RS1 | addr=0 -> data=0x0
PASS | Read RS2 | addr=4 -> data=0xfa3a
PASS | Read RS1 | addr=6 -> data=0x56ff
PASS | Read RS2 | addr=1 -> data=0x4dba
PASS | Read RS1 | addr=6 -> data=0x56ff
PASS | Read RS2 | addr=0 -> data=0x0
PASS | Read RS1 | addr=4 -> data=0xfa3a
PASS | Read RS2 | addr=0 -> data=0x0
PASS | Read RS1 | addr=7 -> data=0x4df0
PASS | Read RS2 | addr=6 -> data=0xa41e
PASS | Read RS1 | addr=4 -> data=0xfa3a
PASS | Read RS2 | addr=2 -> data=0x5076
PASS | Read RS1 | addr=7 -> data=0x17a
PASS | Read RS2 | addr=2 -> data=0x5076
PASS | Read RS1 | addr=0 -> data=0x0
PASS | Read RS2 | addr=6 -> data=0xa41e
PASS | Read RS1 | addr=5 -> data=0xffee
PASS | Read RS2 | addr=5 -> data=0xffee
PASS | Read RS1 | addr=7 -> data=0xd497
PASS | Read RS2 | addr=7 -> data=0xd497
PASS | Read RS1 | addr=3 -> data=0xca6b
PASS | Read RS2 | addr=0 -> data=0x0
PASS | Read RS1 | addr=1 -> data=0x4dba
PASS | Read RS2 | addr=1 -> data=0x4dba
PASS | Read RS1 | addr=4 -> data=0xfa3a
PASS | Read RS2 | addr=3 -> data=0xca6b
PASS | Read RS1 | addr=7 -> data=0xd497
PASS | Read RS2 | addr=6 -> data=0xa41e
PASS | Read RS1 | addr=1 -> data=0x4dba
PASS | Read RS2 | addr=5 -> data=0xffee
PASS | Read RS1 | addr=2 -> data=0x5076
PASS | Read RS2 | addr=2 -> data=0x5076
PASS | Read RS1 | addr=2 -> data=0x5076
PASS | Read RS2 | addr=6 -> data=0xa41e
PASS | Read RS1 | addr=3 -> data=0xca6b
PASS | Read RS2 | addr=0 -> data=0x0
PASS | Read RS1 | addr=1 -> data=0x4dba
PASS | Read RS2 | addr=3 -> data=0xca6b
PASS | Read RS1 | addr=2 -> data=0xa4bd
PASS | Read RS2 | addr=6 -> data=0xa41e
PASS | Read RS1 | addr=0 -> data=0x0
PASS | Read RS2 | addr=0 -> data=0x0
PASS | Read RS1 | addr=0 -> data=0x0
PASS | Read RS2 | addr=1 -> data=0x4dba
PASS | Read RS1 | addr=1 -> data=0x4dba
PASS | Read RS2 | addr=4 -> data=0x8545
PASS | Read RS1 | addr=3 -> data=0xca6b
PASS | Read RS2 | addr=4 -> data=0x8545
PASS | Read RS1 | addr=4 -> data=0x8545
PASS | Read RS2 | addr=4 -> data=0x8545
PASS | Read RS1 | addr=3 -> data=0xca6b
PASS | Read RS2 | addr=1 -> data=0x4dba
PASS | Read RS1 | addr=5 -> data=0xb968
PASS | Read RS2 | addr=5 -> data=0xb968
PASS | Read RS1 | addr=5 -> data=0xb968
PASS | Read RS2 | addr=0 -> data=0x0
PASS | Read RS1 | addr=3 -> data=0xca6b
PASS | Read RS2 | addr=5 -> data=0xb968
PASS | Read RS1 | addr=3 -> data=0xca6b
PASS | Read RS2 | addr=2 -> data=0xa4bd
PASS | Read RS1 | addr=6 -> data=0xa41e
PASS | Read RS2 | addr=3 -> data=0xca6b
PASS | Read RS1 | addr=3 -> data=0xca6b
PASS | Read RS2 | addr=1 -> data=0x4dba
PASS | Read RS1 | addr=0 -> data=0x0
PASS | Read RS2 | addr=6 -> data=0xa41e
PASS | Read RS1 | addr=0 -> data=0x0
PASS | Read RS2 | addr=1 -> data=0x4dba
PASS | Read RS1 | addr=4 -> data=0x8545
PASS | Read RS2 | addr=0 -> data=0x0
PASS | Read RS1 | addr=1 -> data=0x4dba
PASS | Read RS2 | addr=5 -> data=0x12a2
PASS | Read RS1 | addr=4 -> data=0x8545
PASS | Read RS2 | addr=6 -> data=0xa41e
PASS | Read RS1 | addr=6 -> data=0xa41e
PASS | Read RS2 | addr=7 -> data=0x3300
PASS | Read RS1 | addr=1 -> data=0x4dba
PASS | Read RS2 | addr=3 -> data=0xca6b
PASS | Read RS1 | addr=0 -> data=0x0
PASS | Read RS2 | addr=7 -> data=0x3300
PASS | Read RS1 | addr=5 -> data=0x12a2
PASS | Read RS2 | addr=2 -> data=0xa4bd
PASS | Read RS1 | addr=5 -> data=0x12a2
PASS | Read RS2 | addr=2 -> data=0xa4bd
PASS | Read RS1 | addr=7 -> data=0x8a31
PASS | Read RS2 | addr=7 -> data=0x8a31
PASS | Read RS1 | addr=5 -> data=0x12a2
PASS | Read RS2 | addr=4 -> data=0x5147
PASS | Read RS1 | addr=7 -> data=0xed89
PASS | Read RS2 | addr=2 -> data=0xa4bd
PASS | Read RS1 | addr=2 -> data=0xa4bd
PASS | Read RS2 | addr=7 -> data=0xe0f7
PASS | Read RS1 | addr=4 -> data=0x5147
PASS | Read RS2 | addr=7 -> data=0xe0f7
PASS | Read RS1 | addr=3 -> data=0xca6b
PASS | Read RS2 | addr=1 -> data=0x4dba
PASS | Read RS1 | addr=4 -> data=0x5147
PASS | Read RS2 | addr=4 -> data=0x5147
PASS | Read RS1 | addr=7 -> data=0x5e08
PASS | Read RS2 | addr=3 -> data=0xca6b
PASS | Read RS1 | addr=6 -> data=0xa41e
PASS | Read RS2 | addr=4 -> data=0x5147
PASS | Read RS1 | addr=4 -> data=0x5147
PASS | Read RS2 | addr=3 -> data=0xca6b
PASS | Read RS1 | addr=5 -> data=0x12a2
PASS | Read RS2 | addr=2 -> data=0xa4bd
PASS | Read RS1 | addr=7 -> data=0xe08a
PASS | Read RS2 | addr=0 -> data=0x0
PASS | Read RS1 | addr=3 -> data=0x2484
PASS | Read RS2 | addr=1 -> data=0xabfe
PASS | Read RS1 | addr=0 -> data=0x0
PASS | Read RS2 | addr=3 -> data=0x2484
PASS | Read RS1 | addr=7 -> data=0xf91
PASS | Read RS2 | addr=1 -> data=0xabfe
PASS | Read RS1 | addr=3 -> data=0x2484
PASS | Read RS2 | addr=5 -> data=0x12a2
PASS | Read RS1 | addr=4 -> data=0x5147
PASS | Read RS2 | addr=0 -> data=0x0
PASS | Read RS1 | addr=1 -> data=0xabfe
PASS | Read RS2 | addr=7 -> data=0xcb86
PASS | Read RS1 | addr=5 -> data=0xb6c
PASS | Read RS2 | addr=7 -> data=0xcb86
PASS | Read RS1 | addr=0 -> data=0x0
PASS | Read RS2 | addr=0 -> data=0x0
PASS | Read RS1 | addr=2 -> data=0xa4bd
PASS | Read RS2 | addr=1 -> data=0xabfe
PASS | Read RS1 | addr=2 -> data=0xa4bd
PASS | Read RS2 | addr=0 -> data=0x0
PASS | Read RS1 | addr=0 -> data=0x0
PASS | Read RS2 | addr=4 -> data=0x9bf4
PASS | Read RS1 | addr=2 -> data=0xa4bd
PASS | Read RS2 | addr=5 -> data=0xb6c
PASS | Read RS1 | addr=4 -> data=0x9bf4
PASS | Read RS2 | addr=4 -> data=0x9bf4
PASS | Read RS1 | addr=1 -> data=0xabfe
PASS | Read RS2 | addr=5 -> data=0x63b6
PASS | Read RS1 | addr=3 -> data=0x335e
PASS | Read RS2 | addr=1 -> data=0xabfe
PASS | Read RS1 | addr=1 -> data=0xabfe
PASS | Read RS2 | addr=2 -> data=0xa4bd
PASS | Read RS1 | addr=2 -> data=0xa4bd
PASS | Read RS2 | addr=0 -> data=0x0
PASS | Read RS1 | addr=7 -> data=0x2d5
PASS | Read RS2 | addr=4 -> data=0x9bf4
PASS | Read RS1 | addr=7 -> data=0x2d5
PASS | Read RS2 | addr=1 -> data=0xabfe
PASS | Read RS1 | addr=3 -> data=0x335e
PASS | Read RS2 | addr=3 -> data=0x335e
PASS | Read RS1 | addr=5 -> data=0x63b6
PASS | Read RS2 | addr=7 -> data=0x2d5
PASS | Read RS1 | addr=2 -> data=0xa4bd
PASS | Read RS2 | addr=2 -> data=0xa4bd
PASS | Read RS1 | addr=1 -> data=0xabfe
PASS | Read RS2 | addr=6 -> data=0xa41e
PASS | Read RS1 | addr=1 -> data=0xabfe
PASS | Read RS2 | addr=4 -> data=0x9bf4
PASS | Read RS1 | addr=0 -> data=0x0
PASS | Read RS2 | addr=5 -> data=0x63b6
PASS | Read RS1 | addr=6 -> data=0xa41e
PASS | Read RS2 | addr=7 -> data=0x2d5
PASS | Read RS1 | addr=7 -> data=0x2d5
PASS | Read RS2 | addr=3 -> data=0x335e
PASS | Read RS1 | addr=2 -> data=0xa4bd
PASS | Read RS2 | addr=5 -> data=0x63b6
PASS | Read RS1 | addr=3 -> data=0x335e
PASS | Read RS2 | addr=3 -> data=0x335e
PASS | Read RS1 | addr=5 -> data=0x63b6
PASS | Read RS2 | addr=2 -> data=0xa4bd
PASS | Read RS1 | addr=6 -> data=0xa41e
PASS | Read RS2 | addr=5 -> data=0x63b6
PASS | Read RS1 | addr=6 -> data=0xa41e
PASS | Read RS2 | addr=0 -> data=0x0
PASS | Read RS1 | addr=1 -> data=0xabfe
PASS | Read RS2 | addr=2 -> data=0xa4bd
PASS | Read RS1 | addr=0 -> data=0x0
PASS | Read RS2 | addr=5 -> data=0x63b6
PASS | Read RS1 | addr=4 -> data=0xe759
PASS | Read RS2 | addr=4 -> data=0xe759
PASS | Read RS1 | addr=3 -> data=0x335e
PASS | Read RS2 | addr=1 -> data=0xabfe
PASS | Read RS1 | addr=3 -> data=0x335e
PASS | Read RS2 | addr=5 -> data=0x63b6
PASS | Read RS1 | addr=2 -> data=0xa4bd
PASS | Read RS2 | addr=0 -> data=0x0
PASS | Read RS1 | addr=0 -> data=0x0
PASS | Read RS2 | addr=4 -> data=0xe759
PASS | Read RS1 | addr=2 -> data=0xa4bd
PASS | Read RS2 | addr=4 -> data=0xe759
PASS | Read RS1 | addr=6 -> data=0xa41e
PASS | Read RS2 | addr=3 -> data=0x335e
PASS | Read RS1 | addr=7 -> data=0xcfd1
PASS | Read RS2 | addr=6 -> data=0xa41e
PASS | Read RS1 | addr=4 -> data=0xe759
PASS | Read RS2 | addr=7 -> data=0xcfd1
PASS | Read RS1 | addr=3 -> data=0x335e
PASS | Read RS2 | addr=3 -> data=0x335e
PASS | Read RS1 | addr=2 -> data=0xa4bd
PASS | Read RS2 | addr=5 -> data=0x63cf
PASS | Read RS1 | addr=5 -> data=0x63cf
PASS | Read RS2 | addr=7 -> data=0xcfd1
PASS | Read RS1 | addr=0 -> data=0x0
PASS | Read RS2 | addr=2 -> data=0xa4bd
PASS | Read RS1 | addr=5 -> data=0x63cf
PASS | Read RS2 | addr=1 -> data=0xea8e
PASS | Read RS1 | addr=5 -> data=0x63cf
PASS | Read RS2 | addr=1 -> data=0xea8e
PASS | Read RS1 | addr=6 -> data=0xa41e
PASS | Read RS2 | addr=3 -> data=0x335e
PASS | Read RS1 | addr=5 -> data=0x63cf
PASS | Read RS2 | addr=4 -> data=0xe759
PASS | Read RS1 | addr=1 -> data=0xea8e
PASS | Read RS2 | addr=1 -> data=0xea8e
PASS | Read RS1 | addr=7 -> data=0x9745
PASS | Read RS2 | addr=2 -> data=0x3a5d
PASS | Read RS1 | addr=1 -> data=0x6e93
PASS | Read RS2 | addr=2 -> data=0x3a5d
PASS | Read RS1 | addr=6 -> data=0xa41e
PASS | Read RS2 | addr=2 -> data=0x3a5d
PASS | Read RS1 | addr=6 -> data=0xa41e
PASS | Read RS2 | addr=2 -> data=0x3a5d
PASS | Read RS1 | addr=3 -> data=0x88df
PASS | Read RS2 | addr=1 -> data=0x6e93
PASS | Read RS1 | addr=3 -> data=0x88df
PASS | Read RS2 | addr=4 -> data=0xe759
PASS | Read RS1 | addr=1 -> data=0x6e93
PASS | Read RS2 | addr=4 -> data=0xe759
PASS | Read RS1 | addr=6 -> data=0xa41e
PASS | Read RS2 | addr=5 -> data=0x63cf
PASS | Read RS1 | addr=6 -> data=0xa41e
PASS | Read RS2 | addr=0 -> data=0x0
PASS | Read RS1 | addr=6 -> data=0xa41e
PASS | Read RS2 | addr=2 -> data=0x3a5d
PASS | Read RS1 | addr=0 -> data=0x0
PASS | Read RS2 | addr=2 -> data=0x3a5d
PASS | Read RS1 | addr=7 -> data=0x4f2c
PASS | Read RS2 | addr=0 -> data=0x0
PASS | Read RS1 | addr=1 -> data=0x6e93
PASS | Read RS2 | addr=1 -> data=0x6e93
PASS | Read RS1 | addr=4 -> data=0x7ea0
PASS | Read RS2 | addr=1 -> data=0x6e93
PASS | Read RS1 | addr=1 -> data=0x6e93
PASS | Read RS2 | addr=1 -> data=0x6e93
PASS | Read RS1 | addr=4 -> data=0x7ea0
PASS | Read RS2 | addr=5 -> data=0x63cf
PASS | Read RS1 | addr=5 -> data=0x63cf
PASS | Read RS2 | addr=6 -> data=0xa41e
PASS | Read RS1 | addr=1 -> data=0x6e93
PASS | Read RS2 | addr=1 -> data=0x6e93
PASS | Read RS1 | addr=0 -> data=0x0
PASS | Read RS2 | addr=7 -> data=0x4f2c
PASS | Read RS1 | addr=1 -> data=0x6e93
PASS | Read RS2 | addr=6 -> data=0xa41e
PASS | Read RS1 | addr=7 -> data=0x4f2c
PASS | Read RS2 | addr=5 -> data=0x63cf
PASS | Read RS1 | addr=2 -> data=0x3a5d
PASS | Read RS2 | addr=1 -> data=0x6e93
PASS | Read RS1 | addr=2 -> data=0x3a5d
PASS | Read RS2 | addr=2 -> data=0x3a5d
PASS | Read RS1 | addr=6 -> data=0x4a00
PASS | Read RS2 | addr=2 -> data=0x3a5d
PASS | Read RS1 | addr=3 -> data=0x88df
PASS | Read RS2 | addr=7 -> data=0x6517
PASS | Read RS1 | addr=5 -> data=0x63cf
PASS | Read RS2 | addr=0 -> data=0x0
PASS | Read RS1 | addr=7 -> data=0x6517
PASS | Read RS2 | addr=3 -> data=0x88df
PASS | Read RS1 | addr=3 -> data=0x88df
PASS | Read RS2 | addr=2 -> data=0x3a5d
PASS | Read RS1 | addr=0 -> data=0x0
PASS | Read RS2 | addr=3 -> data=0x61f
PASS | Read RS1 | addr=6 -> data=0x4a00
PASS | Read RS2 | addr=3 -> data=0x61f
PASS | Read RS1 | addr=6 -> data=0x4a00
PASS | Read RS2 | addr=5 -> data=0x63cf
PASS | Read RS1 | addr=1 -> data=0x6e93
PASS | Read RS2 | addr=0 -> data=0x0
PASS | Read RS1 | addr=4 -> data=0x7ea0
PASS | Read RS2 | addr=1 -> data=0x6e93
PASS | Read RS1 | addr=3 -> data=0x61f
PASS | Read RS2 | addr=1 -> data=0x6e93
PASS | Read RS1 | addr=2 -> data=0xa40e
PASS | Read RS2 | addr=2 -> data=0xa40e
PASS | Read RS1 | addr=0 -> data=0x0
PASS | Read RS2 | addr=0 -> data=0x0
PASS | Read RS1 | addr=0 -> data=0x0
PASS | Read RS2 | addr=6 -> data=0x4a00
PASS | Read RS1 | addr=3 -> data=0x61f
PASS | Read RS2 | addr=4 -> data=0x7ea0
PASS | Read RS1 | addr=7 -> data=0x211b
PASS | Read RS2 | addr=3 -> data=0x61f
PASS | Read RS1 | addr=3 -> data=0x876c
PASS | Read RS2 | addr=0 -> data=0x0
PASS | Read RS1 | addr=1 -> data=0x6e93
PASS | Read RS2 | addr=7 -> data=0x89de
PASS | Read RS1 | addr=0 -> data=0x0
PASS | Read RS2 | addr=1 -> data=0xa843
PASS | Read RS1 | addr=6 -> data=0x4a00
PASS | Read RS2 | addr=6 -> data=0x4a00
PASS | Read RS1 | addr=2 -> data=0x73f2
PASS | Read RS2 | addr=5 -> data=0x63cf
PASS | Read RS1 | addr=7 -> data=0x89de
PASS | Read RS2 | addr=1 -> data=0xa843
PASS | Read RS1 | addr=5 -> data=0x63cf
PASS | Read RS2 | addr=5 -> data=0x63cf
PASS | Read RS1 | addr=2 -> data=0x73f2
PASS | Read RS2 | addr=2 -> data=0x73f2
PASS | Read RS1 | addr=6 -> data=0x4a00
PASS | Read RS2 | addr=6 -> data=0x4a00
PASS | Read RS1 | addr=7 -> data=0xc62d
PASS | Read RS2 | addr=5 -> data=0x75c1
PASS | Read RS1 | addr=0 -> data=0x0
PASS | Read RS2 | addr=2 -> data=0x73f2
PASS | Read RS1 | addr=2 -> data=0x73f2
PASS | Read RS2 | addr=2 -> data=0x73f2
PASS | Read RS1 | addr=7 -> data=0xf778
PASS | Read RS2 | addr=3 -> data=0x876c
PASS | Read RS1 | addr=0 -> data=0x0
PASS | Read RS2 | addr=1 -> data=0xa843
PASS | Read RS1 | addr=4 -> data=0x7ea0
PASS | Read RS2 | addr=7 -> data=0x31e4
PASS | Read RS1 | addr=4 -> data=0x7ea0
PASS | Read RS2 | addr=7 -> data=0xe990
PASS | Read RS1 | addr=1 -> data=0xa843
PASS | Read RS2 | addr=0 -> data=0x0
PASS | Read RS1 | addr=4 -> data=0x7ea0
PASS | Read RS2 | addr=4 -> data=0x7ea0
PASS | Read RS1 | addr=3 -> data=0x876c
PASS | Read RS2 | addr=0 -> data=0x0
PASS | Read RS1 | addr=5 -> data=0x7e6
PASS | Read RS2 | addr=7 -> data=0xa149
PASS | Read RS1 | addr=4 -> data=0x7ea0
PASS | Read RS2 | addr=5 -> data=0x7e6
PASS | Read RS1 | addr=7 -> data=0xa149
PASS | Read RS2 | addr=6 -> data=0x4a00
PASS | Read RS1 | addr=7 -> data=0xa149
PASS | Read RS2 | addr=2 -> data=0x73f2
PASS | Read RS1 | addr=5 -> data=0x7e6
PASS | Read RS2 | addr=0 -> data=0x0
PASS | Read RS1 | addr=1 -> data=0xe848
PASS | Read RS2 | addr=1 -> data=0xe848
PASS | Read RS1 | addr=0 -> data=0x0
PASS | Read RS2 | addr=0 -> data=0x0
PASS | Read RS1 | addr=0 -> data=0x0
PASS | Read RS2 | addr=6 -> data=0x4a00
PASS | Read RS1 | addr=3 -> data=0x876c
PASS | Read RS2 | addr=7 -> data=0xa7ef
PASS | Read RS1 | addr=1 -> data=0xe848
PASS | Read RS2 | addr=5 -> data=0x7e6
PASS | Read RS1 | addr=5 -> data=0x7e6
PASS | Read RS2 | addr=5 -> data=0x7e6
PASS | Read RS1 | addr=6 -> data=0x4a00
PASS | Read RS2 | addr=0 -> data=0x0
PASS | Read RS1 | addr=4 -> data=0x7ea0
PASS | Read RS2 | addr=2 -> data=0x73f2
PASS | Read RS1 | addr=2 -> data=0x73f2
PASS | Read RS2 | addr=7 -> data=0x7d31
PASS | Read RS1 | addr=2 -> data=0x73f2
PASS | Read RS2 | addr=3 -> data=0x1eba
PASS | Read RS1 | addr=3 -> data=0x1eba
PASS | Read RS2 | addr=6 -> data=0x4a00
PASS | Read RS1 | addr=5 -> data=0x7e6
PASS | Read RS2 | addr=2 -> data=0x73f2
PASS | Read RS1 | addr=0 -> data=0x0
PASS | Read RS2 | addr=7 -> data=0xa3dd
PASS | Read RS1 | addr=6 -> data=0xcebf
PASS | Read RS2 | addr=5 -> data=0x7e6
PASS | Read RS1 | addr=4 -> data=0x7ea0
PASS | Read RS2 | addr=7 -> data=0xeced
PASS | Read RS1 | addr=5 -> data=0x7e6
PASS | Read RS2 | addr=1 -> data=0xe848
PASS | Read RS1 | addr=1 -> data=0xe848
PASS | Read RS2 | addr=3 -> data=0x1eba
PASS | Read RS1 | addr=7 -> data=0x7f99
PASS | Read RS2 | addr=5 -> data=0x7e6
PASS | Read RS1 | addr=6 -> data=0xcebf
PASS | Read RS2 | addr=7 -> data=0x7f99
PASS | Read RS1 | addr=2 -> data=0x73f2
PASS | Read RS2 | addr=0 -> data=0x0
PASS | Read RS1 | addr=3 -> data=0x1eba
PASS | Read RS2 | addr=2 -> data=0x73f2
PASS | Read RS1 | addr=7 -> data=0x7f99
PASS | Read RS2 | addr=0 -> data=0x0
PASS | Read RS1 | addr=6 -> data=0xcebf
PASS | Read RS2 | addr=0 -> data=0x0
PASS | Read RS1 | addr=1 -> data=0xe848
PASS | Read RS2 | addr=2 -> data=0x73f2
PASS | Read RS1 | addr=6 -> data=0xcebf
PASS | Read RS2 | addr=4 -> data=0x7ea0
PASS | Read RS1 | addr=0 -> data=0x0
PASS | Read RS2 | addr=7 -> data=0x455e
PASS | Read RS1 | addr=6 -> data=0xcebf
PASS | Read RS2 | addr=6 -> data=0xcebf
PASS | Read RS1 | addr=7 -> data=0xdd20
PASS | Read RS2 | addr=1 -> data=0xe848
PASS | Read RS1 | addr=7 -> data=0xdd20
PASS | Read RS2 | addr=0 -> data=0x0
PASS | Read RS1 | addr=7 -> data=0xdd20
PASS | Read RS2 | addr=7 -> data=0xdd20
PASS | Read RS1 | addr=1 -> data=0xe848
PASS | Read RS2 | addr=7 -> data=0xdd20
PASS | Read RS1 | addr=7 -> data=0xdd20
PASS | Read RS2 | addr=7 -> data=0xdd20
PASS | Read RS1 | addr=3 -> data=0x38e4
PASS | Read RS2 | addr=1 -> data=0xe848
PASS | Read RS1 | addr=6 -> data=0xcebf
PASS | Read RS2 | addr=2 -> data=0x73f2
PASS | Read RS1 | addr=1 -> data=0xe848
PASS | Read RS2 | addr=7 -> data=0xdd20
PASS | Read RS1 | addr=4 -> data=0x7ea0
PASS | Read RS2 | addr=4 -> data=0x7ea0
PASS | Read RS1 | addr=1 -> data=0xe848
PASS | Read RS2 | addr=0 -> data=0x0
PASS | Read RS1 | addr=5 -> data=0x7e6
PASS | Read RS2 | addr=1 -> data=0xe848
PASS | Read RS1 | addr=4 -> data=0x7ea0
PASS | Read RS2 | addr=5 -> data=0x7e6
PASS | Read RS1 | addr=5 -> data=0x7e6
PASS | Read RS2 | addr=3 -> data=0x38e4
PASS | Read RS1 | addr=2 -> data=0x4815
PASS | Read RS2 | addr=6 -> data=0xcebf
PASS | Read RS1 | addr=5 -> data=0x7e6
PASS | Read RS2 | addr=5 -> data=0x7e6
PASS | Read RS1 | addr=0 -> data=0x0
PASS | Read RS2 | addr=7 -> data=0xdd20
PASS | Read RS1 | addr=2 -> data=0x2800
PASS | Read RS2 | addr=0 -> data=0x0
PASS | Read RS1 | addr=0 -> data=0x0
PASS | Read RS2 | addr=4 -> data=0x7ea0
PASS | Read RS1 | addr=5 -> data=0x7e6
PASS | Read RS2 | addr=7 -> data=0x2f7b
PASS | Read RS1 | addr=0 -> data=0x0
PASS | Read RS2 | addr=6 -> data=0x7ae4
PASS | Read RS1 | addr=4 -> data=0x7ea0
PASS | Read RS2 | addr=2 -> data=0x2800
PASS | Read RS1 | addr=6 -> data=0x7ae4
PASS | Read RS2 | addr=4 -> data=0x7ea0
PASS | Read RS1 | addr=7 -> data=0x2f7b
PASS | Read RS2 | addr=0 -> data=0x0
PASS | Read RS1 | addr=3 -> data=0x8bbb
PASS | Read RS2 | addr=1 -> data=0xe848
PASS | Read RS1 | addr=5 -> data=0x7e6
PASS | Read RS2 | addr=3 -> data=0x8bbb
PASS | Read RS1 | addr=6 -> data=0x7ae4
PASS | Read RS2 | addr=1 -> data=0xe848
PASS | Read RS1 | addr=7 -> data=0x5495
PASS | Read RS2 | addr=6 -> data=0x7ae4
PASS | Read RS1 | addr=7 -> data=0xfe34
PASS | Read RS2 | addr=1 -> data=0xe848
PASS | Read RS1 | addr=4 -> data=0x7ea0
PASS | Read RS2 | addr=4 -> data=0x7ea0
PASS | Read RS1 | addr=6 -> data=0x7ae4
PASS | Read RS2 | addr=4 -> data=0x7ea0
PASS | Read RS1 | addr=5 -> data=0x7e6
PASS | Read RS2 | addr=1 -> data=0x66a4
PASS | Read RS1 | addr=6 -> data=0xe0ce
PASS | Read RS2 | addr=6 -> data=0xe0ce
PASS | Read RS1 | addr=0 -> data=0x0
PASS | Read RS2 | addr=2 -> data=0x2800
PASS | Read RS1 | addr=5 -> data=0x7e6
PASS | Read RS2 | addr=0 -> data=0x0
PASS | Read RS1 | addr=3 -> data=0x8bbb
PASS | Read RS2 | addr=7 -> data=0xdb7b
PASS | Read RS1 | addr=5 -> data=0x7e6
PASS | Read RS2 | addr=0 -> data=0x0
PASS | Read RS1 | addr=1 -> data=0x66a4
PASS | Read RS2 | addr=3 -> data=0x8bbb
PASS | Read RS1 | addr=0 -> data=0x0
PASS | Read RS2 | addr=7 -> data=0x605b
PASS | Read RS1 | addr=4 -> data=0x7ea0
PASS | Read RS2 | addr=0 -> data=0x0
PASS | Read RS1 | addr=6 -> data=0x7c2d
PASS | Read RS2 | addr=4 -> data=0x7ea0
PASS | Read RS1 | addr=2 -> data=0x9641
PASS | Read RS2 | addr=3 -> data=0xcda9
PASS | Read RS1 | addr=0 -> data=0x0
PASS | Read RS2 | addr=6 -> data=0x7c2d
PASS | Read RS1 | addr=5 -> data=0x7e6
PASS | Read RS2 | addr=6 -> data=0x7c2d
PASS | Read RS1 | addr=7 -> data=0x23d2
PASS | Read RS2 | addr=2 -> data=0x9641
PASS | Read RS1 | addr=7 -> data=0x5878
PASS | Read RS2 | addr=1 -> data=0x66a4
PASS | Read RS1 | addr=5 -> data=0xb1af
PASS | Read RS2 | addr=5 -> data=0xb1af
PASS | Read RS1 | addr=7 -> data=0x5878
PASS | Read RS2 | addr=0 -> data=0x0
PASS | Read RS1 | addr=7 -> data=0x6be
PASS | Read RS2 | addr=3 -> data=0xcda9
PASS | Read RS1 | addr=1 -> data=0x66a4
PASS | Read RS2 | addr=3 -> data=0xcda9
PASS | Read RS1 | addr=5 -> data=0xb1af
PASS | Read RS2 | addr=2 -> data=0x9641
PASS | Read RS1 | addr=6 -> data=0x7c2d
PASS | Read RS2 | addr=1 -> data=0x66a4
PASS | Read RS1 | addr=3 -> data=0xcda9
PASS | Read RS2 | addr=1 -> data=0x66a4
PASS | Read RS1 | addr=5 -> data=0xb1af
PASS | Read RS2 | addr=5 -> data=0xb1af
PASS | Read RS1 | addr=6 -> data=0x7c2d
PASS | Read RS2 | addr=5 -> data=0xb1af
PASS | Read RS1 | addr=6 -> data=0x7c2d
PASS | Read RS2 | addr=1 -> data=0x66a4
PASS | Read RS1 | addr=1 -> data=0x66a4
PASS | Read RS2 | addr=4 -> data=0x7ea0
PASS | Read RS1 | addr=0 -> data=0x0
PASS | Read RS2 | addr=5 -> data=0xb1af
PASS | Read RS1 | addr=2 -> data=0x9641
PASS | Read RS2 | addr=0 -> data=0x0
PASS | Read RS1 | addr=6 -> data=0x7c2d
PASS | Read RS2 | addr=6 -> data=0x7c2d
PASS | Read RS1 | addr=2 -> data=0x9641
PASS | Read RS2 | addr=1 -> data=0x87f8
PASS | Read RS1 | addr=1 -> data=0x87f8
PASS | Read RS2 | addr=0 -> data=0x0
PASS | Read RS1 | addr=0 -> data=0x0
PASS | Read RS2 | addr=0 -> data=0x0
PASS | Read RS1 | addr=7 -> data=0xc836
PASS | Read RS2 | addr=6 -> data=0x7c2d
PASS | Read RS1 | addr=6 -> data=0x7c2d
PASS | Read RS2 | addr=1 -> data=0x9f06
PASS | Read RS1 | addr=6 -> data=0x7c2d
PASS | Read RS2 | addr=6 -> data=0x7c2d
PASS | Read RS1 | addr=7 -> data=0xc836
PASS | Read RS2 | addr=6 -> data=0x7c2d
PASS | Read RS1 | addr=1 -> data=0x9f06
PASS | Read RS2 | addr=0 -> data=0x0
PASS | Read RS1 | addr=4 -> data=0xda33
PASS | Read RS2 | addr=4 -> data=0xda33
PASS | Read RS1 | addr=7 -> data=0xc836
PASS | Read RS2 | addr=1 -> data=0x9f06
PASS | Read RS1 | addr=7 -> data=0xc836
PASS | Read RS2 | addr=1 -> data=0x9f06
PASS | Read RS1 | addr=6 -> data=0x4d29
PASS | Read RS2 | addr=5 -> data=0xfe3d
PASS | Read RS1 | addr=7 -> data=0xc836
PASS | Read RS2 | addr=3 -> data=0xffe4
PASS | Read RS1 | addr=2 -> data=0x9641
PASS | Read RS2 | addr=0 -> data=0x0
PASS | Read RS1 | addr=7 -> data=0x1340
PASS | Read RS2 | addr=6 -> data=0xf554
PASS | Read RS1 | addr=2 -> data=0x9641
PASS | Read RS2 | addr=5 -> data=0xfe3d
PASS | Read RS1 | addr=6 -> data=0xf554
PASS | Read RS2 | addr=6 -> data=0xf554
PASS | Read RS1 | addr=6 -> data=0xf554
PASS | Read RS2 | addr=6 -> data=0xf554
PASS | Read RS1 | addr=2 -> data=0x9641
PASS | Read RS2 | addr=2 -> data=0x9641
PASS | Read RS1 | addr=4 -> data=0xda33
PASS | Read RS2 | addr=0 -> data=0x0
PASS | Read RS1 | addr=1 -> data=0x9f06
PASS | Read RS2 | addr=0 -> data=0x0
PASS | Read RS1 | addr=7 -> data=0xa754
PASS | Read RS2 | addr=6 -> data=0xf554
PASS | Read RS1 | addr=5 -> data=0xfe3d
PASS | Read RS2 | addr=0 -> data=0x0
PASS | Read RS1 | addr=0 -> data=0x0
PASS | Read RS2 | addr=7 -> data=0x5fb9
PASS | Read RS1 | addr=4 -> data=0xda33
PASS | Read RS2 | addr=6 -> data=0xf554
PASS | Read RS1 | addr=5 -> data=0xfe3d
PASS | Read RS2 | addr=7 -> data=0x3271
PASS | Read RS1 | addr=1 -> data=0x9f06
PASS | Read RS2 | addr=6 -> data=0xf554
PASS | Read RS1 | addr=6 -> data=0xf554
PASS | Read RS2 | addr=3 -> data=0x72be
PASS | Read RS1 | addr=0 -> data=0x0
PASS | Read RS2 | addr=1 -> data=0x9f06
PASS | Read RS1 | addr=6 -> data=0xf554
PASS | Read RS2 | addr=2 -> data=0xd835
PASS | Read RS1 | addr=5 -> data=0xfe3d
PASS | Read RS2 | addr=4 -> data=0xb445
PASS | Read RS1 | addr=0 -> data=0x0
PASS | Read RS2 | addr=1 -> data=0x9f06
PASS | Read RS1 | addr=5 -> data=0xfe3d
PASS | Read RS2 | addr=0 -> data=0x0
PASS | Read RS1 | addr=7 -> data=0xcfd3
PASS | Read RS2 | addr=1 -> data=0x9f06
PASS | Read RS1 | addr=6 -> data=0xf554
PASS | Read RS2 | addr=4 -> data=0xb445
PASS | Read RS1 | addr=2 -> data=0xd835
PASS | Read RS2 | addr=0 -> data=0x0
PASS | Read RS1 | addr=4 -> data=0xb445
PASS | Read RS2 | addr=4 -> data=0xb445
PASS | Read RS1 | addr=5 -> data=0xfe3d
PASS | Read RS2 | addr=7 -> data=0xcfd3
PASS | Read RS1 | addr=5 -> data=0xfe3d
PASS | Read RS2 | addr=6 -> data=0x5408
PASS | Read RS1 | addr=5 -> data=0xfe3d
PASS | Read RS2 | addr=6 -> data=0x5408
PASS | Read RS1 | addr=6 -> data=0x5408
PASS | Read RS2 | addr=2 -> data=0xd835
PASS | Read RS1 | addr=5 -> data=0xfe3d
PASS | Read RS2 | addr=1 -> data=0x9f06
PASS | Read RS1 | addr=2 -> data=0xd835
PASS | Read RS2 | addr=7 -> data=0xba00
PASS | Read RS1 | addr=1 -> data=0x9f06
PASS | Read RS2 | addr=3 -> data=0x72be
PASS | Read RS1 | addr=6 -> data=0x5408
PASS | Read RS2 | addr=1 -> data=0x9f06
PASS | Read RS1 | addr=0 -> data=0x0
PASS | Read RS2 | addr=4 -> data=0xb445
PASS | Read RS1 | addr=7 -> data=0x16d8
PASS | Read RS2 | addr=0 -> data=0x0
PASS | Read RS1 | addr=0 -> data=0x0
PASS | Read RS2 | addr=1 -> data=0x9f06
PASS | Read RS1 | addr=3 -> data=0x72be
PASS | Read RS2 | addr=6 -> data=0x5408
PASS | Read RS1 | addr=6 -> data=0x5408
PASS | Read RS2 | addr=5 -> data=0xfe3d
PASS | Read RS1 | addr=4 -> data=0xb445
PASS | Read RS2 | addr=4 -> data=0xb445
PASS | Read RS1 | addr=0 -> data=0x0
PASS | Read RS2 | addr=5 -> data=0xfe3d
PASS | Read RS1 | addr=6 -> data=0x5408
PASS | Read RS2 | addr=5 -> data=0xfe3d
PASS | Read RS1 | addr=0 -> data=0x0
PASS | Read RS2 | addr=3 -> data=0x72be
PASS | Read RS1 | addr=1 -> data=0x9f06
PASS | Read RS2 | addr=5 -> data=0xfe3d
PASS | Read RS1 | addr=5 -> data=0xfe3d
PASS | Read RS2 | addr=2 -> data=0xd835
PASS | Read RS1 | addr=5 -> data=0xfe3d
PASS | Read RS2 | addr=3 -> data=0x7f8f
PASS | Read RS1 | addr=7 -> data=0xc991
PASS | Read RS2 | addr=1 -> data=0x9f06
PASS | Read RS1 | addr=0 -> data=0x0
PASS | Read RS2 | addr=6 -> data=0x5408
PASS | Read RS1 | addr=6 -> data=0x5408
PASS | Read RS2 | addr=7 -> data=0xc991
PASS | Read RS1 | addr=0 -> data=0x0
PASS | Read RS2 | addr=5 -> data=0xfe3d
PASS | Read RS1 | addr=5 -> data=0xfe3d
PASS | Read RS2 | addr=4 -> data=0xb445
PASS | Read RS1 | addr=1 -> data=0x9f06
PASS | Read RS2 | addr=4 -> data=0xb445
PASS | Read RS1 | addr=1 -> data=0x9f06
PASS | Read RS2 | addr=2 -> data=0xd835
PASS | Read RS1 | addr=1 -> data=0x9f06
PASS | Read RS2 | addr=2 -> data=0xd835
PASS | Read RS1 | addr=0 -> data=0x0
PASS | Read RS2 | addr=1 -> data=0x9f06
PASS | Read RS1 | addr=7 -> data=0x3b1a
PASS | Read RS2 | addr=1 -> data=0x9f06
PASS | Read RS1 | addr=3 -> data=0x7f8f
PASS | Read RS2 | addr=2 -> data=0xd835
PASS | Read RS1 | addr=2 -> data=0xd835
PASS | Read RS2 | addr=6 -> data=0x5408
PASS | Read RS1 | addr=1 -> data=0x9f06
PASS | Read RS2 | addr=7 -> data=0x5c3c
PASS | Read RS1 | addr=1 -> data=0x9f06
PASS | Read RS2 | addr=0 -> data=0x0
PASS | Read RS1 | addr=3 -> data=0x7f8f
PASS | Read RS2 | addr=3 -> data=0x7f8f
PASS | Read RS1 | addr=4 -> data=0xfc02
PASS | Read RS2 | addr=7 -> data=0xbdea
PASS | Read RS1 | addr=0 -> data=0x0
PASS | Read RS2 | addr=0 -> data=0x0
PASS | Read RS1 | addr=1 -> data=0x9f06
PASS | Read RS2 | addr=6 -> data=0x5408
PASS | Read RS1 | addr=0 -> data=0x0
PASS | Read RS2 | addr=6 -> data=0x5408
PASS | Read RS1 | addr=2 -> data=0xd835
PASS | Read RS2 | addr=7 -> data=0x9384
PASS | Read RS1 | addr=0 -> data=0x0
PASS | Read RS2 | addr=2 -> data=0xd835
PASS | Read RS1 | addr=7 -> data=0x9384
PASS | Read RS2 | addr=0 -> data=0x0
PASS | Read RS1 | addr=3 -> data=0x7f8f
PASS | Read RS2 | addr=4 -> data=0xfc02
PASS | Read RS1 | addr=5 -> data=0xfe3d
PASS | Read RS2 | addr=2 -> data=0x801a
PASS | Read RS1 | addr=5 -> data=0xfe3d
PASS | Read RS2 | addr=1 -> data=0xddf0
PASS | Read RS1 | addr=1 -> data=0xddf0
PASS | Read RS2 | addr=1 -> data=0xddf0
PASS | Read RS1 | addr=1 -> data=0x61de
PASS | Read RS2 | addr=3 -> data=0x7f8f
PASS | Read RS1 | addr=7 -> data=0x818c
PASS | Read RS2 | addr=0 -> data=0x0
PASS | Read RS1 | addr=1 -> data=0x61de
PASS | Read RS2 | addr=5 -> data=0xfe3d
PASS | Read RS1 | addr=3 -> data=0x7f8f
PASS | Read RS2 | addr=6 -> data=0x5408
PASS | Read RS1 | addr=3 -> data=0x7f8f
PASS | Read RS2 | addr=5 -> data=0xfe3d
PASS | Read RS1 | addr=6 -> data=0x5408
PASS | Read RS2 | addr=0 -> data=0x0
PASS | Read RS1 | addr=0 -> data=0x0
PASS | Read RS2 | addr=6 -> data=0x5408
PASS | Read RS1 | addr=3 -> data=0x7f8f
PASS | Read RS2 | addr=2 -> data=0x801a
PASS | Read RS1 | addr=1 -> data=0x61de
PASS | Read RS2 | addr=1 -> data=0x61de
PASS | Read RS1 | addr=3 -> data=0x7f8f
PASS | Read RS2 | addr=7 -> data=0xecef
PASS | Read RS1 | addr=0 -> data=0x0
PASS | Read RS2 | addr=5 -> data=0xfe3d
PASS | Read RS1 | addr=6 -> data=0x5408
PASS | Read RS2 | addr=6 -> data=0x5408
PASS | Read RS1 | addr=6 -> data=0x5408
PASS | Read RS2 | addr=4 -> data=0xfc02
PASS | Read RS1 | addr=7 -> data=0x9dd3
PASS | Read RS2 | addr=7 -> data=0x9dd3
PASS | Read RS1 | addr=1 -> data=0x61de
PASS | Read RS2 | addr=2 -> data=0x5753
PASS | Read RS1 | addr=4 -> data=0xfc02
PASS | Read RS2 | addr=3 -> data=0x7f8f
PASS | Read RS1 | addr=7 -> data=0x9dd3
PASS | Read RS2 | addr=5 -> data=0xfe3d
PASS | Read RS1 | addr=0 -> data=0x0
PASS | Read RS2 | addr=6 -> data=0x5408
PASS | Read RS1 | addr=0 -> data=0x0
PASS | Read RS2 | addr=1 -> data=0x46fc
PASS | Read RS1 | addr=1 -> data=0x46fc
PASS | Read RS2 | addr=2 -> data=0x5753
PASS | Read RS1 | addr=1 -> data=0x46fc
PASS | Read RS2 | addr=1 -> data=0x46fc
PASS | Read RS1 | addr=6 -> data=0x5408
PASS | Read RS2 | addr=2 -> data=0x5753
PASS | Read RS1 | addr=5 -> data=0xfe3d
PASS | Read RS2 | addr=6 -> data=0x5408
PASS | Read RS1 | addr=4 -> data=0xfc02
PASS | Read RS2 | addr=4 -> data=0xfc02
PASS | Read RS1 | addr=1 -> data=0x46fc
PASS | Read RS2 | addr=7 -> data=0x211b
PASS | Read RS1 | addr=4 -> data=0xfc02
PASS | Read RS2 | addr=1 -> data=0x46fc
PASS | Read RS1 | addr=0 -> data=0x0
PASS | Read RS2 | addr=5 -> data=0xfe3d
PASS | Read RS1 | addr=1 -> data=0x46fc
PASS | Read RS2 | addr=7 -> data=0x5194
PASS | Read RS1 | addr=1 -> data=0x46fc
PASS | Read RS2 | addr=1 -> data=0x46fc
PASS | Read RS1 | addr=6 -> data=0x5408
PASS | Read RS2 | addr=0 -> data=0x0
PASS | Read RS1 | addr=6 -> data=0x5408
PASS | Read RS2 | addr=3 -> data=0x7f8f
PASS | Read RS1 | addr=2 -> data=0x5753
PASS | Read RS2 | addr=7 -> data=0x5194
PASS | Read RS1 | addr=3 -> data=0x7f8f
PASS | Read RS2 | addr=5 -> data=0xfe3d
PASS | Read RS1 | addr=4 -> data=0xfc02
PASS | Read RS2 | addr=7 -> data=0x4e0
PASS | Read RS1 | addr=6 -> data=0x5408
PASS | Read RS2 | addr=6 -> data=0x5408
PASS | Read RS1 | addr=2 -> data=0x5753
PASS | Read RS2 | addr=3 -> data=0x7f8f
PASS | Read RS1 | addr=7 -> data=0xe0e6
PASS | Read RS2 | addr=2 -> data=0x5753
PASS | Read RS1 | addr=7 -> data=0x3810
PASS | Read RS2 | addr=2 -> data=0x5753
PASS | Read RS1 | addr=5 -> data=0xfe3d
PASS | Read RS2 | addr=1 -> data=0x46fc
PASS | Read RS1 | addr=2 -> data=0x5753
PASS | Read RS2 | addr=1 -> data=0x46fc
PASS | Read RS1 | addr=3 -> data=0x7f8f
PASS | Read RS2 | addr=2 -> data=0x5753
PASS | Read RS1 | addr=7 -> data=0x3810
PASS | Read RS2 | addr=5 -> data=0xfe3d
PASS | Read RS1 | addr=5 -> data=0xfe3d
PASS | Read RS2 | addr=0 -> data=0x0
PASS | Read RS1 | addr=4 -> data=0x8293
PASS | Read RS2 | addr=2 -> data=0xae72
PASS | Read RS1 | addr=3 -> data=0x5a6e
PASS | Read RS2 | addr=1 -> data=0xc14
PASS | Read RS1 | addr=0 -> data=0x0
PASS | Read RS2 | addr=5 -> data=0x22bf
PASS | Read RS1 | addr=0 -> data=0x0
PASS | Read RS2 | addr=0 -> data=0x0
PASS | Read RS1 | addr=6 -> data=0xcd13
PASS | Read RS2 | addr=3 -> data=0x5a6e
PASS | Read RS1 | addr=1 -> data=0xc14
PASS | Read RS2 | addr=5 -> data=0x22bf
PASS | Read RS1 | addr=7 -> data=0x1dcb
PASS | Read RS2 | addr=2 -> data=0xae72
PASS | Read RS1 | addr=5 -> data=0x22bf
PASS | Read RS2 | addr=7 -> data=0x1dcb
PASS | Read RS1 | addr=7 -> data=0x46d7
PASS | Read RS2 | addr=3 -> data=0x5a6e
PASS | Read RS1 | addr=2 -> data=0xae72
PASS | Read RS2 | addr=3 -> data=0x5a6e
PASS | Read RS1 | addr=4 -> data=0x8293
PASS | Read RS2 | addr=3 -> data=0x5a6e
PASS | Read RS1 | addr=0 -> data=0x0
PASS | Read RS2 | addr=7 -> data=0xe3ea
PASS | Read RS1 | addr=4 -> data=0x8293
PASS | Read RS2 | addr=2 -> data=0xae72
PASS | Read RS1 | addr=0 -> data=0x0
PASS | Read RS2 | addr=2 -> data=0xae72
PASS | Read RS1 | addr=5 -> data=0x22bf
PASS | Read RS2 | addr=7 -> data=0xe3ea
PASS | Read RS1 | addr=3 -> data=0x5a6e
PASS | Read RS2 | addr=7 -> data=0xe3ea
PASS | Read RS1 | addr=5 -> data=0x22bf
PASS | Read RS2 | addr=1 -> data=0xc14
PASS | Read RS1 | addr=5 -> data=0x22bf
PASS | Read RS2 | addr=3 -> data=0x5a6e
PASS | Read RS1 | addr=5 -> data=0x22bf
PASS | Read RS2 | addr=7 -> data=0xe3ea
PASS | Read RS1 | addr=7 -> data=0x8ab9
PASS | Read RS2 | addr=6 -> data=0x9da2
PASS | Read RS1 | addr=1 -> data=0xc14
PASS | Read RS2 | addr=6 -> data=0x9da2
PASS | Read RS1 | addr=1 -> data=0xc14
PASS | Read RS2 | addr=4 -> data=0x8293
PASS | Read RS1 | addr=6 -> data=0x9da2
PASS | Read RS2 | addr=3 -> data=0x5a6e
PASS | Read RS1 | addr=4 -> data=0x8293
PASS | Read RS2 | addr=1 -> data=0xc14
PASS | Read RS1 | addr=0 -> data=0x0
PASS | Read RS2 | addr=1 -> data=0xc14
PASS | Read RS1 | addr=4 -> data=0x8293
PASS | Read RS2 | addr=5 -> data=0x22bf
PASS | Read RS1 | addr=0 -> data=0x0
PASS | Read RS2 | addr=0 -> data=0x0
PASS | Read RS1 | addr=3 -> data=0x5a6e
PASS | Read RS2 | addr=3 -> data=0x5a6e
PASS | Read RS1 | addr=6 -> data=0x9da2
PASS | Read RS2 | addr=2 -> data=0xa310
PASS | Read RS1 | addr=2 -> data=0xa310
PASS | Read RS2 | addr=6 -> data=0x9da2
PASS | Read RS1 | addr=6 -> data=0x9da2
PASS | Read RS2 | addr=7 -> data=0x71c6
PASS | Read RS1 | addr=7 -> data=0x71c6
PASS | Read RS2 | addr=7 -> data=0x71c6
PASS | Read RS1 | addr=5 -> data=0x22bf
PASS | Read RS2 | addr=5 -> data=0x22bf
PASS | Read RS1 | addr=5 -> data=0x22bf
PASS | Read RS2 | addr=4 -> data=0xb9fe
PASS | Read RS1 | addr=4 -> data=0xb9fe
PASS | Read RS2 | addr=3 -> data=0x5a6e
PASS | Read RS1 | addr=7 -> data=0x9c21
PASS | Read RS2 | addr=4 -> data=0xb9fe
PASS | Read RS1 | addr=5 -> data=0x6b4b
PASS | Read RS2 | addr=6 -> data=0x9da2
PASS | Read RS1 | addr=7 -> data=0x9c21
PASS | Read RS2 | addr=4 -> data=0xb9fe
PASS | Read RS1 | addr=6 -> data=0x9da2
PASS | Read RS2 | addr=0 -> data=0x0
PASS | Read RS1 | addr=4 -> data=0xb9fe
PASS | Read RS2 | addr=5 -> data=0x6b4b
PASS | Read RS1 | addr=4 -> data=0xb9fe
PASS | Read RS2 | addr=1 -> data=0xc14
PASS | Read RS1 | addr=2 -> data=0xa310
PASS | Read RS2 | addr=3 -> data=0x9a93
PASS | Read RS1 | addr=7 -> data=0xb0b0
PASS | Read RS2 | addr=6 -> data=0x9da2
PASS | Read RS1 | addr=5 -> data=0x6b4b
PASS | Read RS2 | addr=6 -> data=0x9da2
PASS | Read RS1 | addr=1 -> data=0xc14
PASS | Read RS2 | addr=4 -> data=0xb9fe
PASS | Read RS1 | addr=2 -> data=0xa310
PASS | Read RS2 | addr=0 -> data=0x0
PASS | Read RS1 | addr=5 -> data=0x6b4b
PASS | Read RS2 | addr=7 -> data=0xb0b0
PASS | Read RS1 | addr=6 -> data=0x209d
PASS | Read RS2 | addr=2 -> data=0xa310
PASS | Read RS1 | addr=3 -> data=0x9a93
PASS | Read RS2 | addr=7 -> data=0xb0b0
PASS | Read RS1 | addr=4 -> data=0xb9fe
PASS | Read RS2 | addr=3 -> data=0x9a93
PASS | Read RS1 | addr=3 -> data=0x9a93
PASS | Read RS2 | addr=4 -> data=0xb9fe
PASS | Read RS1 | addr=3 -> data=0x9a93
PASS | Read RS2 | addr=6 -> data=0x209d
PASS | Read RS1 | addr=5 -> data=0x6b4b
PASS | Read RS2 | addr=3 -> data=0x9a93
PASS | Read RS1 | addr=1 -> data=0xc14
PASS | Read RS2 | addr=3 -> data=0x9a93
PASS | Read RS1 | addr=5 -> data=0x6b4b
PASS | Read RS2 | addr=7 -> data=0x8a3
PASS | Read RS1 | addr=7 -> data=0x8a3
PASS | Read RS2 | addr=7 -> data=0x8a3
PASS | Read RS1 | addr=3 -> data=0x253c
PASS | Read RS2 | addr=0 -> data=0x0
PASS | Read RS1 | addr=0 -> data=0x0
PASS | Read RS2 | addr=7 -> data=0xa90d
PASS | Read RS1 | addr=3 -> data=0x253c
PASS | Read RS2 | addr=1 -> data=0x43ec
PASS | Read RS1 | addr=5 -> data=0xa61d
PASS | Read RS2 | addr=0 -> data=0x0
PASS | Read RS1 | addr=0 -> data=0x0
PASS | Read RS2 | addr=3 -> data=0x253c
PASS | Read RS1 | addr=2 -> data=0xa310
PASS | Read RS2 | addr=7 -> data=0xc98b
PASS | Read RS1 | addr=1 -> data=0x43ec
PASS | Read RS2 | addr=1 -> data=0x43ec
PASS | Read RS1 | addr=4 -> data=0x6db7
PASS | Read RS2 | addr=5 -> data=0x33d5
PASS | Read RS1 | addr=1 -> data=0x178f
PASS | Read RS2 | addr=6 -> data=0x209d
PASS | Read RS1 | addr=1 -> data=0x178f
PASS | Read RS2 | addr=7 -> data=0xc98b
PASS | Read RS1 | addr=3 -> data=0x253c
PASS | Read RS2 | addr=7 -> data=0xc98b
PASS | Read RS1 | addr=5 -> data=0x33d5
PASS | Read RS2 | addr=1 -> data=0x178f
PASS | Read RS1 | addr=2 -> data=0xa310
PASS | Read RS2 | addr=3 -> data=0x253c
PASS | Read RS1 | addr=5 -> data=0x33d5
PASS | Read RS2 | addr=5 -> data=0x33d5
PASS | Read RS1 | addr=7 -> data=0xc98b
PASS | Read RS2 | addr=7 -> data=0xc98b
PASS | Read RS1 | addr=3 -> data=0x253c
PASS | Read RS2 | addr=3 -> data=0x253c
PASS | Read RS1 | addr=7 -> data=0xfc21
PASS | Read RS2 | addr=3 -> data=0x253c
PASS | Read RS1 | addr=0 -> data=0x0
PASS | Read RS2 | addr=4 -> data=0x6db7
PASS | Read RS1 | addr=0 -> data=0x0
PASS | Read RS2 | addr=4 -> data=0x6db7
PASS | Read RS1 | addr=1 -> data=0x178f
PASS | Read RS2 | addr=4 -> data=0x6db7
PASS | Read RS1 | addr=4 -> data=0x6db7
PASS | Read RS2 | addr=2 -> data=0xa310
PASS | Read RS1 | addr=3 -> data=0x253c
PASS | Read RS2 | addr=4 -> data=0x6db7
PASS | Read RS1 | addr=4 -> data=0x6db7
PASS | Read RS2 | addr=0 -> data=0x0
PASS | Read RS1 | addr=6 -> data=0x209d
PASS | Read RS2 | addr=1 -> data=0x178f
PASS | Read RS1 | addr=4 -> data=0x6db7
PASS | Read RS2 | addr=5 -> data=0x33d5
PASS | Read RS1 | addr=3 -> data=0x253c
PASS | Read RS2 | addr=5 -> data=0x33d5
PASS | Read RS1 | addr=1 -> data=0x178f
PASS | Read RS2 | addr=6 -> data=0x209d
PASS | Read RS1 | addr=7 -> data=0x8630
PASS | Read RS2 | addr=3 -> data=0x253c
PASS | Read RS1 | addr=7 -> data=0xa6ec
PASS | Read RS2 | addr=5 -> data=0x33d5
PASS | Read RS1 | addr=0 -> data=0x0
PASS | Read RS2 | addr=5 -> data=0x33d5
PASS | Read RS1 | addr=2 -> data=0xa310
PASS | Read RS2 | addr=5 -> data=0x33d5
PASS | Read RS1 | addr=3 -> data=0x253c
PASS | Read RS2 | addr=5 -> data=0x33d5
PASS | Read RS1 | addr=6 -> data=0x209d
PASS | Read RS2 | addr=6 -> data=0x209d
PASS | Read RS1 | addr=6 -> data=0x209d
PASS | Read RS2 | addr=3 -> data=0x253c
PASS | Read RS1 | addr=0 -> data=0x0
PASS | Read RS2 | addr=3 -> data=0x253c
PASS | Read RS1 | addr=1 -> data=0x22a0
PASS | Read RS2 | addr=2 -> data=0xa310
PASS | Read RS1 | addr=1 -> data=0x22a0
PASS | Read RS2 | addr=3 -> data=0x253c
PASS | Read RS1 | addr=7 -> data=0xd866
PASS | Read RS2 | addr=7 -> data=0xd866
PASS | Read RS1 | addr=0 -> data=0x0
PASS | Read RS2 | addr=4 -> data=0xc2b0
PASS | Read RS1 | addr=0 -> data=0x0
PASS | Read RS2 | addr=4 -> data=0xc2b0
PASS | Read RS1 | addr=7 -> data=0xd866
PASS | Read RS2 | addr=4 -> data=0xc2b0
PASS | Read RS1 | addr=2 -> data=0xa310
PASS | Read RS2 | addr=5 -> data=0x9291
PASS | Read RS1 | addr=6 -> data=0xd0bd
PASS | Read RS2 | addr=0 -> data=0x0
PASS | Read RS1 | addr=5 -> data=0x9291
PASS | Read RS2 | addr=2 -> data=0xa310
PASS | Read RS1 | addr=6 -> data=0xd0bd
PASS | Read RS2 | addr=0 -> data=0x0
PASS | Read RS1 | addr=7 -> data=0x81ef
PASS | Read RS2 | addr=1 -> data=0xbcfa
PASS | Read RS1 | addr=2 -> data=0xa310
PASS | Read RS2 | addr=6 -> data=0xd0bd
PASS | Read RS1 | addr=6 -> data=0xd0bd
PASS | Read RS2 | addr=6 -> data=0xd0bd
PASS | Read RS1 | addr=1 -> data=0xbcfa
PASS | Read RS2 | addr=7 -> data=0x81ef
PASS | Read RS1 | addr=6 -> data=0xd0bd
PASS | Read RS2 | addr=0 -> data=0x0
PASS | Read RS1 | addr=7 -> data=0x5035
PASS | Read RS2 | addr=2 -> data=0x65c5
PASS | Read RS1 | addr=1 -> data=0xbcfa
PASS | Read RS2 | addr=4 -> data=0xc2b0
PASS | Read RS1 | addr=5 -> data=0x9291
PASS | Read RS2 | addr=2 -> data=0x65c5
PASS | Read RS1 | addr=7 -> data=0xdf38
PASS | Read RS2 | addr=1 -> data=0xbcfa
PASS | Read RS1 | addr=4 -> data=0xc2b0
PASS | Read RS2 | addr=7 -> data=0xdf38
PASS | Read RS1 | addr=7 -> data=0xf72b
PASS | Read RS2 | addr=7 -> data=0xf72b
PASS | Read RS1 | addr=0 -> data=0x0
PASS | Read RS2 | addr=4 -> data=0xc2b0
PASS | Read RS1 | addr=6 -> data=0x275c
PASS | Read RS2 | addr=3 -> data=0x10dc
PASS | Read RS1 | addr=7 -> data=0x448c
PASS | Read RS2 | addr=5 -> data=0x3ec8
PASS | Read RS1 | addr=0 -> data=0x0
PASS | Read RS2 | addr=2 -> data=0x65c5
PASS | Read RS1 | addr=0 -> data=0x0
PASS | Read RS2 | addr=3 -> data=0x10dc
PASS | Read RS1 | addr=1 -> data=0xbcfa
PASS | Read RS2 | addr=4 -> data=0x432f
PASS | Read RS1 | addr=5 -> data=0x3ec8
PASS | Read RS2 | addr=0 -> data=0x0
PASS | Read RS1 | addr=6 -> data=0x275c
PASS | Read RS2 | addr=3 -> data=0x125
PASS | Read RS1 | addr=0 -> data=0x0
PASS | Read RS2 | addr=2 -> data=0x65c5
PASS | Read RS1 | addr=3 -> data=0x125
PASS | Read RS2 | addr=4 -> data=0x432f
PASS | Read RS1 | addr=7 -> data=0xcba2
PASS | Read RS2 | addr=4 -> data=0x432f
PASS | Read RS1 | addr=2 -> data=0x65c5
PASS | Read RS2 | addr=4 -> data=0x432f
PASS | Read RS1 | addr=7 -> data=0x9878
PASS | Read RS2 | addr=0 -> data=0x0
PASS | Read RS1 | addr=5 -> data=0x3ec8
PASS | Read RS2 | addr=1 -> data=0xbcfa
PASS | Read RS1 | addr=3 -> data=0x125
PASS | Read RS2 | addr=4 -> data=0x432f
PASS | Read RS1 | addr=7 -> data=0x9878
PASS | Read RS2 | addr=7 -> data=0x9878
PASS | Read RS1 | addr=2 -> data=0x65c5
PASS | Read RS2 | addr=5 -> data=0x3ec8
PASS | Read RS1 | addr=6 -> data=0x275c
PASS | Read RS2 | addr=7 -> data=0x5a83
PASS | Read RS1 | addr=5 -> data=0x3ec8
PASS | Read RS2 | addr=4 -> data=0x432f
PASS | Read RS1 | addr=4 -> data=0x432f
PASS | Read RS2 | addr=1 -> data=0xbcfa
PASS | Read RS1 | addr=7 -> data=0x8417
PASS | Read RS2 | addr=4 -> data=0x432f
PASS | Read RS1 | addr=2 -> data=0x2afe
PASS | Read RS2 | addr=4 -> data=0x432f
PASS | Read RS1 | addr=7 -> data=0x8417
PASS | Read RS2 | addr=2 -> data=0x9848
PASS | Read RS1 | addr=2 -> data=0x9848
PASS | Read RS2 | addr=7 -> data=0x8417
PASS | Read RS1 | addr=4 -> data=0x432f
PASS | Read RS2 | addr=4 -> data=0x432f
PASS | Read RS1 | addr=2 -> data=0x9848
PASS | Read RS2 | addr=2 -> data=0x9848
PASS | Read RS1 | addr=4 -> data=0x432f
PASS | Read RS2 | addr=6 -> data=0x275c
PASS | Read RS1 | addr=1 -> data=0xbcfa
PASS | Read RS2 | addr=1 -> data=0xbcfa
PASS | Read RS1 | addr=5 -> data=0x92cf
PASS | Read RS2 | addr=2 -> data=0x8b48
PASS | Read RS1 | addr=3 -> data=0x20ac
PASS | Read RS2 | addr=1 -> data=0xbcfa
PASS | Read RS1 | addr=4 -> data=0x432f
PASS | Read RS2 | addr=5 -> data=0x92cf
PASS | Read RS1 | addr=5 -> data=0x92cf
PASS | Read RS2 | addr=5 -> data=0x92cf
PASS | Read RS1 | addr=0 -> data=0x0
PASS | Read RS2 | addr=0 -> data=0x0
PASS | Read RS1 | addr=1 -> data=0xbcfa
PASS | Read RS2 | addr=7 -> data=0x6e0a
PASS | Read RS1 | addr=6 -> data=0x275c
PASS | Read RS2 | addr=6 -> data=0x275c
PASS | Read RS1 | addr=2 -> data=0x8b48
PASS | Read RS2 | addr=4 -> data=0x432f
PASS | Read RS1 | addr=7 -> data=0x2e
PASS | Read RS2 | addr=2 -> data=0x8b48
PASS | Read RS1 | addr=1 -> data=0xbcfa
PASS | Read RS2 | addr=3 -> data=0x20ac
PASS | Read RS1 | addr=6 -> data=0x275c
PASS | Read RS2 | addr=2 -> data=0x8b48
PASS | Read RS1 | addr=3 -> data=0x20ac
PASS | Read RS2 | addr=5 -> data=0x92cf
PASS | Read RS1 | addr=3 -> data=0x20ac
PASS | Read RS2 | addr=1 -> data=0xbcfa
PASS | Read RS1 | addr=4 -> data=0x432f
PASS | Read RS2 | addr=4 -> data=0x432f
PASS | Read RS1 | addr=1 -> data=0xbcfa
PASS | Read RS2 | addr=4 -> data=0x432f
PASS | Read RS1 | addr=5 -> data=0x92cf
PASS | Read RS2 | addr=7 -> data=0xecd6
PASS | Read RS1 | addr=5 -> data=0x92cf
PASS | Read RS2 | addr=1 -> data=0xbcfa
PASS | Read RS1 | addr=2 -> data=0x8b48
PASS | Read RS2 | addr=7 -> data=0x643f
PASS | Read RS1 | addr=2 -> data=0x8b48
PASS | Read RS2 | addr=2 -> data=0x8b48
PASS | Read RS1 | addr=6 -> data=0x275c
PASS | Read RS2 | addr=0 -> data=0x0
PASS | Read RS1 | addr=0 -> data=0x0
PASS | Read RS2 | addr=7 -> data=0x643f
PASS | Read RS1 | addr=0 -> data=0x0
PASS | Read RS2 | addr=2 -> data=0x8b48
PASS | Read RS1 | addr=2 -> data=0x8b48
PASS | Read RS2 | addr=2 -> data=0x8b48
PASS | Read RS1 | addr=6 -> data=0x275c
PASS | Read RS2 | addr=0 -> data=0x0
PASS | Read RS1 | addr=0 -> data=0x0
PASS | Read RS2 | addr=5 -> data=0x665f
PASS | Read RS1 | addr=3 -> data=0x20ac
PASS | Read RS2 | addr=0 -> data=0x0
PASS | Read RS1 | addr=7 -> data=0xcd0a
PASS | Read RS2 | addr=4 -> data=0x432f
PASS | Read RS1 | addr=2 -> data=0x8b48
PASS | Read RS2 | addr=1 -> data=0xc669
PASS | Read RS1 | addr=6 -> data=0x275c
PASS | Read RS2 | addr=7 -> data=0x2e02
PASS | Read RS1 | addr=7 -> data=0x2e02
PASS | Read RS2 | addr=4 -> data=0x432f
PASS | Read RS1 | addr=0 -> data=0x0
PASS | Read RS2 | addr=0 -> data=0x0
PASS | Read RS1 | addr=5 -> data=0x665f
PASS | Read RS2 | addr=6 -> data=0x275c
PASS | Read RS1 | addr=5 -> data=0x665f
PASS | Read RS2 | addr=1 -> data=0xc669
PASS | Read RS1 | addr=4 -> data=0x432f
PASS | Read RS2 | addr=6 -> data=0x275c
PASS | Read RS1 | addr=6 -> data=0x275c
PASS | Read RS2 | addr=6 -> data=0x275c
PASS | Read RS1 | addr=5 -> data=0x665f
PASS | Read RS2 | addr=0 -> data=0x0
PASS | Read RS1 | addr=5 -> data=0x665f
PASS | Read RS2 | addr=2 -> data=0x8b48
PASS | Read RS1 | addr=2 -> data=0x8b48
PASS | Read RS2 | addr=5 -> data=0x665f
PASS | Read RS1 | addr=6 -> data=0x275c
PASS | Read RS2 | addr=0 -> data=0x0
PASS | Read RS1 | addr=2 -> data=0x8b48
PASS | Read RS2 | addr=3 -> data=0x20ac
PASS | Read RS1 | addr=6 -> data=0x5019
PASS | Read RS2 | addr=3 -> data=0x20ac
PASS | Read RS1 | addr=5 -> data=0x665f
PASS | Read RS2 | addr=5 -> data=0x665f
PASS | Read RS1 | addr=7 -> data=0x948e
PASS | Read RS2 | addr=6 -> data=0x5019
PASS | Read RS1 | addr=0 -> data=0x0
PASS | Read RS2 | addr=5 -> data=0x665f
PASS | Read RS1 | addr=6 -> data=0x5019
PASS | Read RS2 | addr=3 -> data=0x20ac
PASS | Read RS1 | addr=6 -> data=0x5019
PASS | Read RS2 | addr=5 -> data=0x665f
PASS | Read RS1 | addr=6 -> data=0x5019
PASS | Read RS2 | addr=7 -> data=0x79f4
PASS | Read RS1 | addr=7 -> data=0xd2ed
PASS | Read RS2 | addr=7 -> data=0xd2ed
PASS | Read RS1 | addr=2 -> data=0x8b48
PASS | Read RS2 | addr=4 -> data=0x8330
PASS | Read RS1 | addr=2 -> data=0x8b48
PASS | Read RS2 | addr=5 -> data=0x665f
PASS | Read RS1 | addr=0 -> data=0x0
PASS | Read RS2 | addr=3 -> data=0x20ac
PASS | Read RS1 | addr=1 -> data=0xc669
PASS | Read RS2 | addr=2 -> data=0x8b48
PASS | Read RS1 | addr=3 -> data=0x20ac
PASS | Read RS2 | addr=1 -> data=0xc669
PASS | Read RS1 | addr=6 -> data=0xfed0
PASS | Read RS2 | addr=6 -> data=0xfed0
PASS | Read RS1 | addr=3 -> data=0x2380
PASS | Read RS2 | addr=0 -> data=0x0
PASS | Read RS1 | addr=0 -> data=0x0
PASS | Read RS2 | addr=3 -> data=0x2380
PASS | Read RS1 | addr=1 -> data=0xc669
PASS | Read RS2 | addr=2 -> data=0x8b48
PASS | Read RS1 | addr=5 -> data=0x665f
PASS | Read RS2 | addr=7 -> data=0xcb89
PASS | Read RS1 | addr=3 -> data=0x2380
PASS | Read RS2 | addr=0 -> data=0x0
PASS | Read RS1 | addr=4 -> data=0x253f
PASS | Read RS2 | addr=6 -> data=0xfed0
PASS | Read RS1 | addr=1 -> data=0xc669
PASS | Read RS2 | addr=1 -> data=0xc669
PASS | Read RS1 | addr=4 -> data=0x253f
PASS | Read RS2 | addr=1 -> data=0xc669
PASS | Read RS1 | addr=4 -> data=0x253f
PASS | Read RS2 | addr=6 -> data=0xfed0
PASS | Read RS1 | addr=2 -> data=0x8b48
PASS | Read RS2 | addr=3 -> data=0x2380
PASS | Read RS1 | addr=4 -> data=0x253f
PASS | Read RS2 | addr=6 -> data=0xfed0
PASS | Read RS1 | addr=6 -> data=0xfed0
PASS | Read RS2 | addr=4 -> data=0x253f
PASS | Read RS1 | addr=1 -> data=0xc669
PASS | Read RS2 | addr=2 -> data=0x8b48
PASS | Read RS1 | addr=4 -> data=0xc22
PASS | Read RS2 | addr=0 -> data=0x0
PASS | Read RS1 | addr=6 -> data=0xfed0
PASS | Read RS2 | addr=7 -> data=0x6ea
PASS | Read RS1 | addr=4 -> data=0xc22
PASS | Read RS2 | addr=5 -> data=0x665f
PASS | Read RS1 | addr=0 -> data=0x0
PASS | Read RS2 | addr=1 -> data=0xc669
PASS | Read RS1 | addr=3 -> data=0x2380
PASS | Read RS2 | addr=3 -> data=0x2380
PASS | Read RS1 | addr=5 -> data=0x665f
PASS | Read RS2 | addr=2 -> data=0x8b48
PASS | Read RS1 | addr=1 -> data=0xbbc6
PASS | Read RS2 | addr=3 -> data=0x2380
PASS | Read RS1 | addr=0 -> data=0x0
PASS | Read RS2 | addr=5 -> data=0x665f
PASS | Read RS1 | addr=0 -> data=0x0
PASS | Read RS2 | addr=6 -> data=0xfed0
PASS | Read RS1 | addr=2 -> data=0x8b48
PASS | Read RS2 | addr=5 -> data=0x665f
PASS | Read RS1 | addr=4 -> data=0xc22
PASS | Read RS2 | addr=3 -> data=0x2380
PASS | Read RS1 | addr=7 -> data=0xd908
PASS | Read RS2 | addr=7 -> data=0xd908
PASS | Read RS1 | addr=5 -> data=0x665f
PASS | Read RS2 | addr=5 -> data=0x665f
PASS | Read RS1 | addr=0 -> data=0x0
PASS | Read RS2 | addr=0 -> data=0x0
PASS | Read RS1 | addr=1 -> data=0xbbc6
PASS | Read RS2 | addr=3 -> data=0x2380
PASS | Read RS1 | addr=3 -> data=0x2380
PASS | Read RS2 | addr=6 -> data=0xfed0
PASS | Read RS1 | addr=5 -> data=0x665f
PASS | Read RS2 | addr=0 -> data=0x0
PASS | Read RS1 | addr=3 -> data=0x2380
PASS | Read RS2 | addr=2 -> data=0x8b48
PASS | Read RS1 | addr=4 -> data=0xc22
PASS | Read RS2 | addr=0 -> data=0x0
PASS | Read RS1 | addr=3 -> data=0x2380
PASS | Read RS2 | addr=4 -> data=0xc22
PASS | Read RS1 | addr=6 -> data=0xfed0
PASS | Read RS2 | addr=3 -> data=0x2380
PASS | Read RS1 | addr=2 -> data=0x8b48
PASS | Read RS2 | addr=2 -> data=0x8b48
PASS | Read RS1 | addr=6 -> data=0xfed0
PASS | Read RS2 | addr=4 -> data=0xc22
PASS | Read RS1 | addr=3 -> data=0x2380
PASS | Read RS2 | addr=5 -> data=0x665f
PASS | Read RS1 | addr=4 -> data=0xc22
PASS | Read RS2 | addr=1 -> data=0xd73f
PASS | Read RS1 | addr=6 -> data=0xfed0
PASS | Read RS2 | addr=6 -> data=0xfed0
PASS | Read RS1 | addr=3 -> data=0x2380
PASS | Read RS2 | addr=4 -> data=0xc22
PASS | Read RS1 | addr=1 -> data=0xd73f
PASS | Read RS2 | addr=6 -> data=0xfed0
PASS | Read RS1 | addr=5 -> data=0x665f
PASS | Read RS2 | addr=6 -> data=0xfed0
PASS | Read RS1 | addr=4 -> data=0xc22
PASS | Read RS2 | addr=6 -> data=0xfed0
PASS | Read RS1 | addr=5 -> data=0x665f
PASS | Read RS2 | addr=4 -> data=0xc22
PASS | Read RS1 | addr=6 -> data=0xfed0
PASS | Read RS2 | addr=0 -> data=0x0
PASS | Read RS1 | addr=6 -> data=0xfed0
PASS | Read RS2 | addr=1 -> data=0xd73f
PASS | Read RS1 | addr=5 -> data=0x665f
PASS | Read RS2 | addr=5 -> data=0x665f
PASS | Read RS1 | addr=5 -> data=0x665f
PASS | Read RS2 | addr=4 -> data=0xc22
PASS | Read RS1 | addr=4 -> data=0xc22
PASS | Read RS2 | addr=1 -> data=0xd73f
PASS | Read RS1 | addr=4 -> data=0xc22
PASS | Read RS2 | addr=6 -> data=0xfed0
PASS | Read RS1 | addr=4 -> data=0xc22
PASS | Read RS2 | addr=7 -> data=0xb9bc
PASS | Read RS1 | addr=2 -> data=0x8b48
PASS | Read RS2 | addr=0 -> data=0x0
PASS | Read RS1 | addr=1 -> data=0xd73f
PASS | Read RS2 | addr=5 -> data=0x665f
PASS | Read RS1 | addr=1 -> data=0xd73f
PASS | Read RS2 | addr=2 -> data=0x8b48
PASS | Read RS1 | addr=7 -> data=0xa3d2
PASS | Read RS2 | addr=7 -> data=0xa3d2
PASS | Read RS1 | addr=3 -> data=0x2380
PASS | Read RS2 | addr=6 -> data=0xfed0
PASS | Read RS1 | addr=4 -> data=0xc22
PASS | Read RS2 | addr=7 -> data=0xa3d2
PASS | Read RS1 | addr=2 -> data=0x8b48
PASS | Read RS2 | addr=5 -> data=0x665f
PASS | Read RS1 | addr=6 -> data=0xfed0
PASS | Read RS2 | addr=3 -> data=0x2380
PASS | Read RS1 | addr=4 -> data=0xc22
PASS | Read RS2 | addr=6 -> data=0xfed0
PASS | Read RS1 | addr=4 -> data=0xc22
PASS | Read RS2 | addr=1 -> data=0x6a23
PASS | Read RS1 | addr=6 -> data=0xfed0
PASS | Read RS2 | addr=2 -> data=0x8b48
PASS | Read RS1 | addr=1 -> data=0x6a23
PASS | Read RS2 | addr=0 -> data=0x0
PASS | Read RS1 | addr=6 -> data=0xfed0
PASS | Read RS2 | addr=0 -> data=0x0
PASS | Read RS1 | addr=1 -> data=0x6a23
PASS | Read RS2 | addr=6 -> data=0xfed0
PASS | Read RS1 | addr=6 -> data=0xfed0
PASS | Read RS2 | addr=3 -> data=0x2380
PASS | Read RS1 | addr=4 -> data=0xc22
PASS | Read RS2 | addr=2 -> data=0x8b48
PASS | Read RS1 | addr=2 -> data=0x8b48
PASS | Read RS2 | addr=2 -> data=0x8b48
PASS | Read RS1 | addr=7 -> data=0x11af
PASS | Read RS2 | addr=3 -> data=0x2380
PASS | Read RS1 | addr=7 -> data=0x11af
PASS | Read RS2 | addr=5 -> data=0x665f
PASS | Read RS1 | addr=4 -> data=0xc22
PASS | Read RS2 | addr=6 -> data=0xfed0
PASS | Read RS1 | addr=1 -> data=0x6a23
PASS | Read RS2 | addr=6 -> data=0xfed0
PASS | Read RS1 | addr=5 -> data=0x665f
PASS | Read RS2 | addr=7 -> data=0x11af
PASS | Read RS1 | addr=2 -> data=0x8b48
PASS | Read RS2 | addr=6 -> data=0xfed0
PASS | Read RS1 | addr=4 -> data=0xc22
PASS | Read RS2 | addr=1 -> data=0x6a23
PASS | Read RS1 | addr=7 -> data=0x11af
PASS | Read RS2 | addr=1 -> data=0x6a23
PASS | Read RS1 | addr=6 -> data=0xfed0
PASS | Read RS2 | addr=5 -> data=0xd985
PASS | Read RS1 | addr=0 -> data=0x0
PASS | Read RS2 | addr=4 -> data=0xc22
PASS | Read RS1 | addr=2 -> data=0x8b48
PASS | Read RS2 | addr=4 -> data=0xc22
PASS | Read RS1 | addr=7 -> data=0x8dff
PASS | Read RS2 | addr=3 -> data=0xa562
PASS | Read RS1 | addr=3 -> data=0xa562
PASS | Read RS2 | addr=4 -> data=0xc22
PASS | Read RS1 | addr=7 -> data=0x8dff
PASS | Read RS2 | addr=6 -> data=0xfed0
PASS | Read RS1 | addr=4 -> data=0xc22
PASS | Read RS2 | addr=1 -> data=0x6a23
PASS | Read RS1 | addr=4 -> data=0xc22
PASS | Read RS2 | addr=7 -> data=0x8dff
PASS | Read RS1 | addr=3 -> data=0xa562
PASS | Read RS2 | addr=4 -> data=0xc22
PASS | Read RS1 | addr=6 -> data=0x1c39
PASS | Read RS2 | addr=4 -> data=0xc22
PASS | Read RS1 | addr=6 -> data=0x1c39
PASS | Read RS2 | addr=7 -> data=0xd89c
PASS | Read RS1 | addr=0 -> data=0x0
PASS | Read RS2 | addr=3 -> data=0x27e5
PASS | Read RS1 | addr=6 -> data=0x1c39
PASS | Read RS2 | addr=0 -> data=0x0
PASS | Read RS1 | addr=4 -> data=0x9a15
PASS | Read RS2 | addr=2 -> data=0x8b48
PASS | Read RS1 | addr=5 -> data=0xd985
PASS | Read RS2 | addr=4 -> data=0x9a15
PASS | Read RS1 | addr=7 -> data=0x859
PASS | Read RS2 | addr=6 -> data=0x1c39
PASS | Read RS1 | addr=4 -> data=0x9a15
PASS | Read RS2 | addr=4 -> data=0x9a15
PASS | Read RS1 | addr=1 -> data=0x6a23
PASS | Read RS2 | addr=6 -> data=0x1c39
PASS | Read RS1 | addr=5 -> data=0xd985
PASS | Read RS2 | addr=2 -> data=0x8b48
PASS | Read RS1 | addr=1 -> data=0x6a23
PASS | Read RS2 | addr=2 -> data=0x8b48
PASS | Read RS1 | addr=6 -> data=0x1c39
PASS | Read RS2 | addr=4 -> data=0x9a15
PASS | Read RS1 | addr=3 -> data=0x5c62
PASS | Read RS2 | addr=6 -> data=0x1c39
PASS | Read RS1 | addr=7 -> data=0x12a3
PASS | Read RS2 | addr=2 -> data=0x8b48
PASS | Read RS1 | addr=5 -> data=0xd985
PASS | Read RS2 | addr=3 -> data=0x337c
PASS | Read RS1 | addr=1 -> data=0x6a23
PASS | Read RS2 | addr=7 -> data=0x12a3
PASS | Read RS1 | addr=0 -> data=0x0
PASS | Read RS2 | addr=3 -> data=0x337c
PASS | Read RS1 | addr=5 -> data=0xd985
PASS | Read RS2 | addr=0 -> data=0x0
PASS | Read RS1 | addr=4 -> data=0x9a15
PASS | Read RS2 | addr=2 -> data=0x5af5
PASS | Read RS1 | addr=3 -> data=0x337c
PASS | Read RS2 | addr=7 -> data=0x12a3
PASS | Read RS1 | addr=5 -> data=0xd985
PASS | Read RS2 | addr=0 -> data=0x0
PASS | Read RS1 | addr=6 -> data=0x1c39
PASS | Read RS2 | addr=5 -> data=0xd985
PASS | Read RS1 | addr=7 -> data=0x97cb
PASS | Read RS2 | addr=6 -> data=0x1c39
PASS | Read RS1 | addr=1 -> data=0x6a23
PASS | Read RS2 | addr=0 -> data=0x0
PASS | Read RS1 | addr=6 -> data=0x1c39
PASS | Read RS2 | addr=6 -> data=0x1c39
PASS | Read RS1 | addr=6 -> data=0x1c39
PASS | Read RS2 | addr=2 -> data=0x5af5
PASS | Read RS1 | addr=2 -> data=0x5af5
PASS | Read RS2 | addr=5 -> data=0xd985
PASS | Read RS1 | addr=4 -> data=0xc0ee
PASS | Read RS2 | addr=3 -> data=0x337c
PASS | Read RS1 | addr=2 -> data=0x5af5
PASS | Read RS2 | addr=6 -> data=0x1c39
PASS | Read RS1 | addr=6 -> data=0x1c39
PASS | Read RS2 | addr=4 -> data=0xc0ee
PASS | Read RS1 | addr=3 -> data=0x337c
PASS | Read RS2 | addr=2 -> data=0x5af5
PASS | Read RS1 | addr=6 -> data=0x1c39
PASS | Read RS2 | addr=1 -> data=0x6a23
PASS | Read RS1 | addr=4 -> data=0xc0ee
PASS | Read RS2 | addr=6 -> data=0x1c39
PASS | Read RS1 | addr=0 -> data=0x0
PASS | Read RS2 | addr=4 -> data=0xc0ee
PASS | Read RS1 | addr=0 -> data=0x0
PASS | Read RS2 | addr=4 -> data=0xc0ee
PASS | Read RS1 | addr=6 -> data=0x1c39
PASS | Read RS2 | addr=7 -> data=0xf1ff
PASS | Read RS1 | addr=6 -> data=0x1c39
PASS | Read RS2 | addr=4 -> data=0xc0ee
PASS | Read RS1 | addr=5 -> data=0x36d4
PASS | Read RS2 | addr=1 -> data=0x6a23
PASS | Read RS1 | addr=7 -> data=0x89a
PASS | Read RS2 | addr=0 -> data=0x0
PASS | Read RS1 | addr=4 -> data=0xc0ee
PASS | Read RS2 | addr=3 -> data=0x337c
PASS | Read RS1 | addr=3 -> data=0x337c
PASS | Read RS2 | addr=4 -> data=0xc0ee
PASS | Read RS1 | addr=0 -> data=0x0
PASS | Read RS2 | addr=5 -> data=0x36d4
PASS | Read RS1 | addr=1 -> data=0x6a23
PASS | Read RS2 | addr=1 -> data=0x6a23
PASS | Read RS1 | addr=3 -> data=0x337c
PASS | Read RS2 | addr=3 -> data=0x337c
PASS | Read RS1 | addr=1 -> data=0x6a23
PASS | Read RS2 | addr=6 -> data=0xcdf2
PASS | Read RS1 | addr=4 -> data=0xc0ee
PASS | Read RS2 | addr=7 -> data=0x18e9
PASS | Read RS1 | addr=4 -> data=0xc0ee
PASS | Read RS2 | addr=1 -> data=0x6a23
PASS | Read RS1 | addr=0 -> data=0x0
PASS | Read RS2 | addr=0 -> data=0x0
PASS | Read RS1 | addr=4 -> data=0xc0ee
PASS | Read RS2 | addr=7 -> data=0x3183
PASS | Read RS1 | addr=0 -> data=0x0
PASS | Read RS2 | addr=1 -> data=0x6a23
PASS | Read RS1 | addr=7 -> data=0xd766
PASS | Read RS2 | addr=3 -> data=0x337c
PASS | Read RS1 | addr=2 -> data=0x1228
PASS | Read RS2 | addr=5 -> data=0x36d4
PASS | Read RS1 | addr=4 -> data=0xc0ee
PASS | Read RS2 | addr=6 -> data=0xcdf2

=== SUMMARY ===
Passed: 20000
Failed: 0
